t_bridge,mission_state,x_m,y_m,yaw_rad,raw_x_m,raw_y_m,raw_yaw_rad,encoder_yaw_rad,pixhawk_yaw_rad,pixhawk_yaw_ros_rad,pixhawk_gyro_yaw_rad,pixhawk_age_s,yaw_source,pixhawk_weight,encoder_weight,pixhawk_yaw_mode,pixhawk_yaw_sign,linear_x_mps,angular_z_radps,event_type,event_message
8092.570681042,done,0.0,-0.0,0.011205623861105796,1.4812659343880854,-3.263795630566896,1.6890949264997914,1.4020092334568934,0.32628992199897766,2.9102984556211404,-2.9102984556211404,0.05205574499996146,pixhawk_fused,0.8,0.2,gyro,-1.0,0.0,0.0,odom,
,navigating,0.0,-0.0,0.011205623861105796,,,,,,,,,True,0.8,0.2,gyro,-1.0,,,mission_status,going to waypoint 1/4
8092.671517342,navigating,0.0,-0.0,0.01141728288109145,1.4812659343880854,-3.263795630566896,1.689306585519777,1.4020092334568934,0.32614755630493164,2.910563026222425,-2.910563026222425,0.048739314999693306,pixhawk_fused,0.8,0.2,gyro,-1.0,0.0,0.0,odom,
8092.789322143,navigating,0.0,-0.0,0.01141728288109145,1.4812659343880854,-3.263795630566896,1.689306585519777,1.4020092334568934,0.32614755630493164,2.910563026222425,-2.910563026222425,0.16760735899970314,pixhawk_fused,0.8,0.2,gyro,-1.0,0.0,0.0,odom,
8092.910190638,navigating,0.0,-0.0,0.011709792714666989,1.4812659343880854,-3.263795630566896,1.6895990953533526,1.4020092334568934,0.32592958211898804,2.9109286589306094,-2.9109286589306094,0.005652451000059955,pixhawk_fused,0.8,0.2,gyro,-1.0,0.0,0.0,odom,
8093.01040941,navigating,0.0,-0.0,0.011709792714666989,1.4812659343880854,-3.263795630566896,1.6895990953533526,1.4020092334568934,0.32592958211898804,2.9109286589306094,-2.9109286589306094,0.10573611399922811,pixhawk_fused,0.8,0.2,gyro,-1.0,0.0,0.0,odom,
8093.130234199,navigating,0.0,-0.0,0.011873097920566567,1.4812659343880854,-3.263795630566896,1.6897624005592522,1.4020092334568934,0.3257918059825897,2.9111327877771354,-2.9111327877771354,0.02954034699996555,pixhawk_fused,0.8,0.2,gyro,-1.0,0.0,0.0,odom,
8093.230410788,navigating,0.0,-0.0,0.012053761350985237,1.4812659343880854,-3.263795630566896,1.6899430639896709,1.4020092334568934,0.3256722688674927,2.911358614034975,-2.911358614034975,0.015214971999739646,pixhawk_fused,0.8,0.2,gyro,-1.0,0.0,0.0,odom,
8093.330574433,navigating,0.0,-0.0,0.012053761350985237,1.4812659343880854,-3.263795630566896,1.6899430639896709,1.4020092334568934,0.3256722688674927,2.911358614034975,-2.911358614034975,0.11519321299965668,pixhawk_fused,0.8,0.2,gyro,-1.0,0.0,0.0,odom,
8093.448789489,navigating,8.708940175055198e-05,-2.4525976212539496e-05,0.012405332340584385,1.481281011009965,-3.2637064185560503,1.69029463497927,1.4033730045198607,0.3256279230117798,2.9114571508337055,-2.9114571508337055,0.055779670999982045,pixhawk_fused,0.8,0.2,gyro,-1.0,0.0,0.0,odom,
8093.549616828,navigating,0.00013053627855364375,-3.672615990540356e-05,0.012834753279055366,1.4812884973325535,-3.2636619165273304,1.690724055917741,1.4040520739941045,0.32522353529930115,2.911824163124921,-2.911824163124921,0.04957084000034229,pixhawk_fused,0.8,0.2,gyro,-1.0,0.0,0.0,odom,
8093.669997795,navigating,0.0024362946805546446,-0.0006469602454163797,0.024871717677688476,1.4816487766071225,-3.2613041408187793,1.702761020316374,1.4454643122684017,0.31355372071266174,2.916517608837249,-2.916517608837249,0.04330586099968059,pixhawk_fused,0.8,0.2,gyro,-1.0,0.03138444572687149,0.5500253438949585,odom,
8093.772170428,navigating,0.005632005132261338,-0.0013212860855451383,0.036868687519598264,1.4819776549175012,-3.258054660908582,1.714757990158284,1.5054943459519865,0.31355372071266174,2.916517608837249,-2.916517608837249,0.14524812699983158,pixhawk_fused,0.8,0.2,gyro,-1.0,0.04121038317680359,0.6053978204727173,odom,
8093.88936574,navigating,0.010305844948576129,-0.001993156670504667,0.08925593219427053,1.4821460971757412,-3.253335782236997,1.7671452348329562,1.5766670382629988,0.26278194785118103,2.964221272037389,-2.964221272037389,0.08499874599965551,pixhawk_fused,0.8,0.2,gyro,-1.0,0.048891838639974594,0.6426371932029724,odom,
8094.010644564,navigating,0.015719063857881597,-0.002357374003220866,0.19955343476834808,1.481929617680892,-3.2479146449159337,1.8774427374070337,1.6584503036230553,0.14695365726947784,3.081630197570684,-3.081630197570684,0.09471422800015716,pixhawk_fused,0.8,0.2,gyro,-1.0,0.05117080360651016,0.672592043876648,odom,
8094.111385348,navigating,0.02038280532567312,-0.0023157885223940747,0.32035484842490103,1.4813897706409027,-3.243282066907521,1.9982441510635867,1.73007891930349,0.013415171764791012,-3.068467669416203,3.068467669416203,0.002105763999679766,pixhawk_fused,0.8,0.2,gyro,-1.0,0.054797444492578506,0.7202607989311218,odom,
8094.230152286,navigating,0.026327452477987325,-0.0017814182924732651,0.3964096710408884,1.4802230480608336,-3.237428594456975,2.074298973679574,1.8200561768797825,-0.05933031067252159,-2.995893077779545,2.995893077779545,0.007537181999396125,pixhawk_fused,0.8,0.2,gyro,-1.0,0.054214585572481155,0.7125996947288513,odom,
8094.330355784,navigating,0.031014031739763852,-0.0009729237029669829,0.41073136619260486,1.4789182444196884,-3.232855283169054,2.0886206688312905,1.8917400951866803,-0.05933031067252159,-2.995893077779545,2.995893077779545,0.10760349599968322,pixhawk_fused,0.8,0.2,gyro,-1.0,0.0516277514398098,0.678598165512085,odom,
8094.449520865,navigating,0.036406306550384016,0.00040577498114956895,0.4845380951380829,1.4769710727097736,-3.227641267439605,2.1624273977767685,1.9783241499196613,-0.12911243736743927,-2.925269745517506,2.925269745517506,0.04946958300024562,pixhawk_fused,0.8,0.2,gyro,-1.0,0.05506552755832672,0.7237845063209534,odom,
8094.550262725,navigating,0.04080637223297453,0.0019051535482779783,0.5532156537522281,1.475009968121708,-3.2234266757757135,2.2311049563909138,2.0483867565882474,-0.19737768173217773,-2.8569370614774363,2.8569370614774363,0.021417490000203543,pixhawk_fused,0.8,0.2,gyro,-1.0,0.051508884876966476,0.6770358085632324,odom,
8094.670144646,navigating,0.04629900196482344,0.004279605866315327,0.6582683479325184,1.472062020649101,-3.218219314555232,2.336157650571204,2.138591053166008,-0.3049195408821106,-2.7481850873716014,2.7481850873716014,0.07639885900061927,pixhawk_fused,0.8,0.2,gyro,-1.0,0.05753522366285324,0.7562463283538818,odom,
8094.771264056,navigating,0.05085017157744654,0.006717621879429995,0.6968058305674605,1.4691515047894366,-3.2139548140740843,2.374695133206146,2.2164166466109445,-0.33345523476600647,-2.7194248777516026,2.7194248777516026,0.07139826900038315,pixhawk_fused,0.8,0.2,gyro,-1.0,0.06278165429830551,0.8252057433128357,odom,
8094.889236339,navigating,0.05624089776129612,0.010241441584075377,0.8331587549011394,1.4650716669321373,-3.2089716266244457,2.511048057539825,2.313504415995865,-0.479695588350296,-2.573300402868523,2.573300402868523,0.07469731099990895,pixhawk_fused,0.8,0.2,gyro,-1.0,0.06324025243520737,0.831233561038971,odom,
8094.989449467,navigating,0.060618831653281906,0.013704205091694328,0.8499041316276386,1.4611607912165911,-3.204988903007391,2.527793434266324,2.397639511857757,-0.479695588350296,-2.573300402868523,2.573300402868523,0.17444968600011634,pixhawk_fused,0.8,0.2,gyro,-1.0,0.07202591747045517,0.946712851524353,odom,
8095.090843169,navigating,0.06521326734000649,0.01805245756090102,1.0086550353141739,1.4563463579553004,-3.2008855664153004,2.6865443379528595,2.493003137238164,-0.6544028520584106,-2.3988017055280344,2.3988017055280344,0.050949874999787426,pixhawk_fused,0.8,0.2,gyro,-1.0,0.07719764858484268,1.0146903991699219,odom,
8095.209932344,navigating,0.07166061922547402,0.02581743156282269,1.0961957218107434,1.44793672224761,-3.1953051367858274,2.774085024449429,2.6438725061170776,-0.7275806069374084,-2.326994309354557,2.326994309354557,0.0929038499998569,pixhawk_fused,0.8,0.2,gyro,-1.0,0.1102859303355217,1.4496047496795654,odom,
8095.33003356,navigating,0.0790145336586258,0.038960745026941905,1.234837139493934,1.4340826584374702,-3.1893982203101365,2.9127264421326196,2.8712913885595692,-0.8475198745727539,-2.2101651877648965,2.2101651877648965,0.035057246000178566,pixhawk_fused,0.8,0.2,gyro,-1.0,0.15239360928535461,2.003070592880249,odom,
8095.430608369,navigating,0.08270157532456607,0.05076335022579999,1.406816854700597,1.4219535681237523,-3.186993863038813,3.0847061573392827,3.057896871458881,-1.0205341577529907,-2.041741925884022,2.041741925884022,0.022958689000006416,pixhawk_fused,0.8,0.2,gyro,-1.0,0.13409088551998138,1.7624984979629517,odom,
8095.530765072,navigating,0.08390864900740885,0.05942924727136755,1.4322892412710906,1.413208295620013,-3.186719988404119,3.110178543909776,-3.093334242669421,-1.0205341577529907,-2.041741925884022,2.041741925884022,0.12310618900028203,pixhawk_fused,0.8,0.2,gyro,-1.0,0.07613909989595413,1.000776767730713,odom,
8095.631205642,navigating,0.0840520387620571,0.06333113770469576,1.739344331299808,1.4093134323166698,-3.1869944868990285,-2.865951673241092,-3.037195256116289,-1.407530665397644,-1.6736638757474558,1.6736638757474558,0.03235095400032151,pixhawk_fused,0.8,0.2,gyro,-1.0,0.033518459647893906,0.3727700114250183,odom,
8095.749284982,navigating,0.08405223685621152,0.06342052873034637,1.773681123378295,1.409224532235932,-3.1870038448022644,-2.8316148811626056,-3.0385437468476066,-1.4368549585342407,-1.63043770007415,1.63043770007415,0.04413542400016013,pixhawk_fused,0.8,0.2,gyro,-1.0,0.0,0.0,odom,
8095.870844843,navigating,0.08405223685621152,0.06342052873034637,1.7704749423688302,1.409224532235932,-3.1870038448022644,-2.83482106217207,-3.0385437468476066,-1.4355556964874268,-1.6344435560330588,1.6344435560330588,0.05095504299970344,pixhawk_fused,0.8,0.2,gyro,-1.0,0.0,0.0,odom,
8095.97095551,navigating,0.08405223685621152,0.06342052873034637,1.7704749423688302,1.409224532235932,-3.1870038448022644,-2.83482106217207,-3.0385437468476066,-1.4355556964874268,-1.6344435560330588,1.6344435560330588,0.15143864899982873,pixhawk_fused,0.8,0.2,gyro,-1.0,0.0,0.0,odom,
8096.089657322,navigating,0.08405223685621152,0.06342052873034637,1.7706354153182735,1.409224532235932,-3.1870038448022644,-2.834660589222627,-3.0385437468476066,-1.4340368509292603,-1.634243062524109,1.634243062524109,0.048143826000341505,pixhawk_fused,0.8,0.2,gyro,-1.0,0.0,0.0,odom,
8096.189707028,navigating,0.08405343237609504,0.06364565651183855,1.7699588133313977,1.4090005664184944,-3.1870267196768403,-2.8353371912095033,-3.0419331018119777,-1.4340368509292603,-1.634243062524109,1.634243062524109,0.14802010899984452,pixhawk_fused,0.8,0.2,gyro,-1.0,0.0051447078585624695,-0.0676223412156105,odom,
8096.311328982,navigating,0.08409720678318966,0.06579019272083583,1.7432801299106941,1.4068636372263028,-3.1872124220677147,-2.862015874630207,-3.0742569389404877,-1.4054981470108032,-1.6595133809242235,1.6595133809242235,0.010597006000352849,pixhawk_fused,0.8,0.2,gyro,-1.0,0.03373769298195839,-0.4434502124786377,odom,
8096.430628009,navigating,0.08441441385767368,0.0703984211727857,1.6875614765219495,1.4022479034437136,-3.1873895983689744,-2.9177345280189515,3.1393063227453557,-1.3518786430358887,-1.7117614475879657,1.7117614475879657,0.013764180999714881,pixhawk_fused,0.8,0.2,gyro,-1.0,0.050734370946884155,-0.66685551404953,odom,
8096.549093752,navigating,0.08515167706532027,0.07555213599606984,1.6718702003146255,1.3970449092447421,-3.187207431185989,-2.9334258042262746,3.060830372511602,-1.3518786430358887,-1.7117614475879657,1.7117614475879657,0.13288145099977555,pixhawk_fused,0.8,0.2,gyro,-1.0,0.054095156490802765,-0.7110298871994019,odom,
8096.650092944,navigating,0.08619549257108311,0.08028502343958237,1.5758925642509265,1.392227564635778,-3.1866754863753988,-3.0294034402899745,2.987778922358479,-1.250415563583374,-1.8134705056939113,1.8134705056939113,0.04448788099944068,pixhawk_fused,0.8,0.2,gyro,-1.0,0.05925004184246063,-0.7787860035896301,odom,
8096.770702766,navigating,0.08788087410511033,0.08579119340386654,1.481857838493279,1.3865727916639339,-3.1855883059728316,-3.1234381660476216,2.9009735504126604,-1.1532790660858154,-1.9093124120030391,1.9093124120030391,0.05335419200036995,pixhawk_fused,0.8,0.2,gyro,-1.0,0.054255411028862,-0.7131363153457642,odom,
8096.88941219,navigating,0.09010466753846337,0.09128037093035726,1.4640071720855925,1.3808773638013665,-3.1839639819245438,-3.1412888324553077,2.8116943912925074,-1.1532790660858154,-1.9093124120030391,1.9093124120030391,0.17284058600034768,pixhawk_fused,0.8,0.2,gyro,-1.0,0.05918781831860542,-0.777968168258667,odom,
8096.989605192,navigating,0.09233884268249681,0.09571242580111905,1.3919749431388815,1.3762318926818289,-3.1822163415069515,3.069864245777567,2.736882452926267,-1.0820579528808594,-1.9806507247481335,1.9806507247481335,0.09789985099996557,pixhawk_fused,0.8,0.2,gyro,-1.0,0.055618613958358765,-0.7310543060302734,odom,
8097.089663769,navigating,0.094761566441182,0.09975244386812414,1.2530502978088127,1.371956058740096,-3.180239328483385,2.9309396004474983,2.6658776135082554,-0.925081193447113,-2.136547999719142,2.136547999719142,0.03582354999980453,pixhawk_fused,0.8,0.2,gyro,-1.0,0.054035648703575134,-0.7102477550506592,odom,
8097.189734976,navigating,0.09749176788778977,0.10364677861644316,1.2387163124991276,1.3677922077070819,-3.1779410274487314,2.9166056151378132,2.594191745504971,-0.925081193447113,-2.136547999719142,2.136547999719142,0.1358076100004837,pixhawk_fused,0.8,0.2,gyro,-1.0,0.055640481412410736,-0.7313417196273804,odom,
8097.289763963,navigating,0.10049414549372042,0.1073355384401569,1.1803198032208142,1.3638036613946807,-3.175350135972913,2.8582091058595,2.5225060495583023,-0.8706350922584534,-2.191626638809203,2.191626638809203,0.08850512399931176,pixhawk_fused,0.8,0.2,gyro,-1.0,0.05564321577548981,-0.7313776612281799,odom,
8097.38982069,navigating,0.10407125142538151,0.11111749386885647,1.053878258446098,1.3596610216090006,-3.1721977703029602,2.7317675610847836,2.4440376619631583,-0.7310788035392761,-2.3300531754884712,2.3300531754884712,0.08145158299976174,pixhawk_fused,0.8,0.2,gyro,-1.0,0.05934809893369675,-0.7800748944282532,odom,
8097.490182283,navigating,0.10818850916591126,0.11482276617344916,0.9764920226539706,1.3555368896763864,-3.168500150804482,2.6543813252926562,2.3605434971734605,-0.6558115482330322,-2.4059125902447693,2.4059125902447693,0.06651180800054135,pixhawk_fused,0.8,0.2,gyro,-1.0,0.06433458626270294,-0.8456175923347473,odom,
8097.610533592,navigating,0.11447615579385238,0.11944264111092788,0.9530071998023835,1.3502714054791418,-3.1627423369203442,2.630896502441069,2.2429001439722636,-0.6558115482330322,-2.4059125902447693,2.4059125902447693,0.18679672899997968,pixhawk_fused,0.8,0.2,gyro,-1.0,0.08206098526716232,-1.078614354133606,odom,
8097.711160106,navigating,0.12061880899023658,0.12297838419426503,0.7894833431979982,1.3460993402866208,-3.1570128046993187,2.467372645836684,2.136042862323563,-0.47941920161247253,-2.5835547139439576,2.5835547139439576,0.0955450910005311,pixhawk_fused,0.8,0.2,gyro,-1.0,0.08608843386173248,-1.1315513849258423,odom,
8097.811294425,navigating,0.13291416459760202,0.1283515245538561,0.6890680185509539,1.3394427517850587,-3.1453622151710454,2.3669573211896395,2.040757474855205,-0.3763486444950104,-2.685250840404987,2.685250840404987,0.01683567099917127,pixhawk_fused,0.8,0.2,gyro,-1.0,0.18000918626785278,-0.7887371182441711,odom,
8097.929849372,navigating,0.15470762876646602,0.1359669705056585,0.6014912088310429,1.3295414663016198,-3.1245076079270855,2.2793805114697285,2.0031044465093575,-0.2793351113796234,-2.785303618649005,2.785303618649005,0.029909287999544176,pixhawk_fused,0.8,0.2,gyro,-1.0,0.23751148581504822,0.06786653399467468,odom,
8098.030947398,navigating,0.17210203516614692,0.14194844503755102,0.5605706710442449,1.3217349994458125,-3.107852203795029,2.2384599736829305,2.022078834993764,-0.22960403561592102,-2.841189660767078,2.841189660767078,0.016168182000001252,pixhawk_fused,0.8,0.2,gyro,-1.0,0.19682306051254272,0.17247022688388824,odom,
8098.149565918,navigating,0.1877072095320173,0.14772425411265228,0.5841186930371003,1.3143242679201668,-3.092953797983801,2.262007995675786,2.046319180595752,-0.24999454617500305,-2.817814429143428,2.817814429143428,0.05523401600021316,pixhawk_fused,0.8,0.2,gyro,-1.0,0.12621571123600006,0.16928435862064362,odom,
8098.271427392,navigating,0.19738982345798572,0.1515271788777179,0.6169831366620779,1.309508171031634,-3.083733143995695,2.2948724393007636,2.063298541738038,-0.2820461392402649,-2.7809838353637453,2.7809838353637453,0.05620842799999082,pixhawk_fused,0.8,0.2,gyro,-1.0,0.07194319367408752,0.13508933782577515,odom,
8098.389533681,navigating,0.20314440850092846,0.15392199305777043,0.6333045065926686,1.306511978369013,-3.078267504645912,2.311193809231354,2.089701956027239,-0.2956387400627136,-2.7671800896767373,2.7671800896767373,0.0722687040006349,pixhawk_fused,0.8,0.2,gyro,-1.0,0.05401943251490593,0.30430054664611816,odom,
8098.510516371,navigating,0.20770932092675573,0.1560189739891794,0.6427526626151008,1.3039390748627468,-3.073952887394103,2.3206419652537864,2.137040354772563,-0.2956387400627136,-2.7671800896767373,2.7671800896767373,0.1932082650000666,pixhawk_fused,0.8,0.2,gyro,-1.0,0.04358186572790146,0.3706628680229187,odom,
8098.611344125,navigating,0.21165322280098706,0.15806695078331526,0.7266907588847853,1.3014812735662782,-3.0702504849673047,2.404580061523471,2.1877758493022257,-0.38357123732566833,-2.674963978791594,2.674963978791594,0.03492556399942259,pixhawk_fused,0.8,0.2,gyro,-1.0,0.0521986298263073,0.5488815307617188,odom,
8098.72949545,navigating,0.2170547985697512,0.1612850793386117,0.7547009864118865,1.2977042158670005,-3.065223835255972,2.432590289050572,2.2540791440640384,-0.4021078944206238,-2.656499018931746,2.656499018931746,0.11021531599999435,pixhawk_fused,0.8,0.2,gyro,-1.0,0.06456760317087173,0.5770911574363708,odom,
8098.830056671,navigating,0.22108267608178134,0.1640597192494461,0.808784182759346,1.294514938467619,-3.061515610133827,2.4866734853980317,2.323739276906013,-0.45350247621536255,-2.606289842391371,2.606289842391371,0.03449758899932931,pixhawk_fused,0.8,0.2,gyro,-1.0,0.05678482726216316,0.7463830709457397,odom,
8098.949127557,navigating,0.22574802340321354,0.16785163911466955,0.9304052722220142,1.2902460709649612,-3.057282302663465,2.6082945748607,2.41303750554737,-0.585741400718689,-2.476623836183905,2.476623836183905,0.04556983000020409,pixhawk_fused,0.8,0.2,gyro,-1.0,0.06030985713005066,0.7927162647247314,odom,
8099.04988509,navigating,0.22966071250429673,0.17162094290024765,0.9461653963940235,1.286080140397895,-3.053794924057679,2.624054699032709,2.4922230726125587,-0.585741400718689,-2.476623836183905,2.476623836183905,0.14592542399986996,pixhawk_fused,0.8,0.2,gyro,-1.0,0.0682215616106987,0.8967081904411316,odom,
8099.171172072,navigating,0.2346204192338575,0.1774077925846722,1.038270061479547,1.279796308375216,-3.049482178386517,2.7161593641182327,2.6071370058021825,-0.672142744064331,-2.3901568362954846,2.3901568362954846,0.07107376000021759,pixhawk_fused,0.8,0.2,gyro,-1.0,0.07062577456235886,0.9283093214035034,odom,
8099.290910709,navigating,0.24016388628861418,0.18582126176621314,1.192604477572028,1.2708385074913269,-3.0448697718584117,2.8704937802107136,2.7428085822074797,-0.8343147039413452,-2.231210994625448,2.231210994625448,0.07539732399982313,pixhawk_fused,0.8,0.2,gyro,-1.0,0.11877727508544922,1.3063231706619263,odom,
8099.410372942,navigating,0.2480073824455302,0.20208090401628584,1.2983111541487529,1.2538336376617738,-3.038809177816252,2.9762004567874385,2.848448988360141,-0.9436576962471008,-2.125487920785307,2.125487920785307,0.016320698000527045,pixhawk_fused,0.8,0.2,gyro,-1.0,0.2087986171245575,0.6174377799034119,odom,
8099.51173282,navigating,0.2554146458035073,0.2203974948930146,1.3779680770837026,1.234830231631213,-3.0334021813267453,3.0558573797223882,2.8808167104008713,-1.028989553451538,-2.0340955537799585,2.0340955537799585,0.011434734999966167,pixhawk_fused,0.8,0.2,gyro,-1.0,0.22931519150733948,0.2318563461303711,odom,
8099.630453546,navigating,0.26314946323836524,0.24053530216950364,1.3964214863697282,1.213981031175789,-3.0278641741919405,3.074310789008414,2.8788044762214686,-1.0650131702423096,-2.0105455003920785,2.0105455003920785,0.004399100000227918,pixhawk_fused,0.8,0.2,gyro,-1.0,0.1857619434595108,-0.06776286661624908,odom,
8099.731702091,navigating,0.26791385111159727,0.2525052793508394,1.3913070973194528,1.201570371951383,-3.0244065329231034,3.0691963999581384,2.853184942069371,-1.0650131702423096,-2.0105455003920785,2.0105455003920785,0.10516567200011195,pixhawk_fused,0.8,0.2,gyro,-1.0,0.12680906057357788,-0.3191717267036438,odom,
8099.849703143,navigating,0.2712871985948951,0.2601895298664461,1.3637828857991328,1.193569572638384,-3.0218738684007502,3.0416721884378184,2.786298050387105,-1.0464235544204712,-2.028237086588501,2.028237086588501,0.04603147200032254,pixhawk_fused,0.8,0.2,gyro,-1.0,0.05822969973087311,-0.7653746008872986,odom,
8099.971234531,navigating,0.27358621577224174,0.2644698810137426,1.268569668899961,1.189068005275269,-3.020045542061927,2.9464589715386467,2.713063494573951,-0.9442580938339233,-2.128942310297846,2.128942310297846,0.05548323599941796,pixhawk_fused,0.8,0.2,gyro,-1.0,0.03923654183745384,-0.5157274007797241,odom,
8100.089737112,navigating,0.27620210427546166,0.26858492449107996,1.2538726480193616,1.1846969286739384,-3.017884490274728,2.9317619506580472,2.639565730367265,-0.9442580938339233,-2.128942310297846,2.128942310297846,0.1743783120000444,pixhawk_fused,0.8,0.2,gyro,-1.0,0.04888695105910301,-0.6425729393959045,odom,
8100.210763471,navigating,0.2794386196704145,0.27290493589057235,1.1456487075483728,1.1800557205992082,-3.0151282758417475,2.8235380101870584,2.558202043524332,-0.8289791345596313,-2.243881098711847,2.243881098711847,0.10262006300035864,pixhawk_fused,0.8,0.2,gyro,-1.0,0.05481134355068207,-0.7204434871673584,odom,
8100.32955355,navigating,0.2835981823591284,0.2775562543885068,1.0767689492427137,1.1749864404398023,-3.0114897151103563,2.7546582518813993,2.464137389683079,-0.7666237950325012,-2.306464801514505,2.306464801514505,0.10794968699974561,pixhawk_fused,0.8,0.2,gyro,-1.0,0.056804776191711426,-0.7466453313827515,odom,
8100.430617785,navigating,0.28804811189088475,0.28169844573578895,0.999411862759207,1.1703923338113578,-3.0075080312603277,2.6773011653978926,2.372493101107711,-0.6917942762374878,-2.380250910485147,2.380250910485147,0.03090947800046706,pixhawk_fused,0.8,0.2,gyro,-1.0,0.07101412117481232,-0.9334137439727783,odom,
8100.549987078,navigating,0.2944412604770925,0.28650786890179275,0.9081040657741335,1.1649271103683851,-3.0016655803402594,2.585993368412819,2.25980502077393,-0.6055965423583984,-2.4662176644448026,2.4662176644448026,0.022099723000792437,pixhawk_fused,0.8,0.2,gyro,-1.0,0.08440911024808884,-0.8484245538711548,odom,
8100.671280174,navigating,0.30600100056306473,0.2932815110706393,0.7680700407396022,1.1569566722525502,-2.990896089389966,2.445959343378288,2.151213951344848,-0.45975354313850403,-2.6141077172402127,2.6141077172402127,0.08445533699978114,pixhawk_fused,0.8,0.2,gyro,-1.0,0.16917875409126282,-0.8296902179718018,odom,
8100.790069049,navigating,0.326696986775903,0.30303063942488917,0.7285959860092888,1.1450512358261622,-2.9713607385488148,2.4064852886479744,2.099681180152055,-0.42432376742362976,-2.6505679857376796,2.6505679857376796,0.09196003899978678,pixhawk_fused,0.8,0.2,gyro,-1.0,0.24184966087341309,0.0,odom,
8100.911342017,navigating,0.3493628183700645,0.31351179770602033,0.63777764578473,1.1322074096586525,-2.949945073017531,2.3156669484234156,2.134242323172537,-0.3080064058303833,-2.772697129482387,2.772697129482387,0.09524830400005158,pixhawk_fused,0.8,0.2,gyro,-1.0,0.22556652128696442,0.4042989909648895,odom,
8101.031454131,navigating,0.3662510768372132,0.3220846945709518,0.6683546506895413,1.1218784679973484,-2.9340699100619156,2.346243953328227,2.1653435346295833,-0.3384424149990082,-2.7422506252769216,2.7422506252769216,0.11110889800056611,pixhawk_fused,0.8,0.2,gyro,-1.0,0.14974702894687653,0.1357928365468979,odom,
8101.150457985,navigating,0.37689645037156316,0.32787626231154393,0.715728117025392,1.1149822131962532,-2.9241045749296646,2.3936174196640776,2.192923849897684,-0.38658276200294495,-2.6899457335714088,2.6899457335714088,0.032710100000258535,pixhawk_fused,0.8,0.2,gyro,-1.0,0.09014686197042465,0.23695063591003418,odom,
8101.270712247,navigating,0.38342536333081206,0.3316975939673383,0.7235708833691317,1.1104849088779454,-2.91802152191974,2.4014601860078173,2.232260936684952,-0.38658276200294495,-2.6899457335714088,2.6899457335714088,0.15302960200006055,pixhawk_fused,0.8,0.2,gyro,-1.0,0.05651550740003586,0.3376559615135193,odom,
8101.390873881,navigating,0.3887867142228845,0.33520302902361454,0.7543929286161561,1.1064264902213854,-2.913065576366187,2.4322822312548418,2.2950813790316804,-0.40993231534957886,-2.667066563690065,2.667066563690065,0.09557978300017567,pixhawk_fused,0.8,0.2,gyro,-1.0,0.05320575088262558,0.5086105465888977,odom,
8101.510855611,navigating,0.3943690612729484,0.339441207491922,0.836444513617622,1.1016159040980915,-2.9079682224970744,2.5143338162563076,2.3709347381350985,-0.494964599609375,-2.583478767359613,2.583478767359613,0.10251904800043121,pixhawk_fused,0.8,0.2,gyro,-1.0,0.07946093380451202,0.7075233459472656,odom,
8101.630412939,navigating,0.40035248134423174,0.34477007987912783,0.9376497905622783,1.0956780025650203,-2.902588675857058,2.615539093200964,2.460704055177315,-0.5951255559921265,-2.4794360370281923,2.4794360370281923,0.02927320700018754,pixhawk_fused,0.8,0.2,gyro,-1.0,0.0722462385892868,0.8817796111106873,odom,
8101.749694809,navigating,0.4054868417580889,0.3503488713209771,1.0419921087997621,1.0895823683740788,-2.8980800380781653,2.7198814114384477,2.568198424438744,-0.7021239399909973,-2.375876180315374,2.375876180315374,0.04354067699932784,pixhawk_fused,0.8,0.2,gyro,-1.0,0.07597421109676361,0.9986094832420349,odom,
8101.870204049,navigating,0.41529007791940964,0.36419013311557114,1.143028910961311,1.0747725507134804,-2.8898124345462497,2.8209182135999966,2.7059433411688074,-0.7945282459259033,-2.2839285763148056,2.2839285763148056,0.0500078390005001,pixhawk_fused,0.8,0.2,gyro,-1.0,0.20399890840053558,1.237557053565979,odom,
8101.970305837,navigating,0.4246671453196651,0.3814076358468688,1.162078038454021,1.0566513870046277,-2.882329439212285,2.8399673410927067,2.802657375667995,-0.7945282459259033,-2.2839285763148056,2.2839285763148056,0.15019707000010385,pixhawk_fused,0.8,0.2,gyro,-1.0,0.2235824465751648,0.6418027877807617,odom,
8102.071051579,navigating,0.4331146523332332,0.3997410243348147,1.3123719800258251,1.0375200896298475,-2.875889954065788,2.9902612826645107,2.824248553013979,-0.9801157116889954,-2.1019368906859146,2.1019368906859146,0.028225241999280115,pixhawk_fused,0.8,0.2,gyro,-1.0,0.2209463268518448,-0.13507592678070068,odom,
8102.189452166,navigating,0.4414944475618115,0.41800681584580696,1.3080464270834935,1.0184632395741413,-2.8695105674534034,2.985935729722179,2.8025371932638006,-0.9801157116889954,-2.1019368906859146,2.1019368906859146,0.1469320839996726,pixhawk_fused,0.8,0.2,gyro,-1.0,0.16204211115837097,-0.3042701184749603,odom,
8102.28951979,navigating,0.44660930921453196,0.428402269423559,1.3061515664676535,1.0075806219713999,-2.8655361619725586,2.984040869106339,2.764151828787311,-0.980471134185791,-2.0947331609371886,2.0947331609371886,0.0948050550005064,pixhawk_fused,0.8,0.2,gyro,-1.0,0.11127002537250519,-0.46535351872444153,odom,
8102.389742448,navigating,0.45018428919693926,0.4348940127613086,1.249119540662964,1.0007439458209044,-2.86267555493015,2.9270088433016497,2.7093804371871726,-0.9239108562469482,-2.152329480895756,2.152329480895756,0.08743390700055897,pixhawk_fused,0.8,0.2,gyro,-1.0,0.06431207060813904,-0.6424444317817688,odom,
8102.489924496,navigating,0.45264808803291684,0.4388044378316056,1.19048943812651,0.9965925719922045,-2.8606438501610074,2.8683787407651957,2.6464684427782696,-0.8656818270683289,-2.209890690872429,2.209890690872429,0.07313949199942726,pixhawk_fused,0.8,0.2,gyro,-1.0,0.04805786907672882,-0.6316754221916199,odom,
8102.609977467,navigating,0.4557419517731378,0.4430037317589417,1.0766105826184345,0.9920866376075794,-2.858016566839272,2.75449988525712,2.5678493946827405,-0.7430395483970642,-2.332562891790627,2.332562891790627,0.003631557000517205,pixhawk_fused,0.8,0.2,gyro,-1.0,0.05384983494877815,-0.7078053951263428,odom,
8102.710853449,navigating,0.4591749005933746,0.4469778132446469,1.0608008686079278,0.9877683811711787,-2.855028068452645,2.7386901712466134,2.488692547098204,-0.7430395483970642,-2.332562891790627,2.332562891790627,0.10419456199997512,pixhawk_fused,0.8,0.2,gyro,-1.0,0.061493635177612305,-0.8082759380340576,odom,
8102.830785996,navigating,0.4646854647517258,0.45225838179197786,0.9797536065334085,0.9819290495521888,-2.8501135056267333,2.657642909172094,2.3763363027313593,-0.6679693460464478,-2.4057835918161854,2.4057835918161854,0.1140672640003686,pixhawk_fused,0.8,0.2,gyro,-1.0,0.085173100233078,-1.051667332649231,odom,
8102.950285401,navigating,0.4725851485356217,0.45818857292629916,0.8865834262602497,0.9751884478749119,-2.8428929474901747,2.5644727288989353,2.2573330515833696,-0.5801023244857788,-2.4924966912958606,2.4924966912958606,0.056423910000376054,pixhawk_fused,0.8,0.2,gyro,-1.0,0.09964653104543686,-0.8272367119789124,odom,
8103.070716403,navigating,0.4899333865042013,0.46857326037909486,0.7174123164713424,0.9630089288604244,-2.8267540996167217,2.395301619110028,2.1737377181847477,-0.38804468512535095,-2.683054292807339,2.683054292807339,0.017291221000050427,pixhawk_fused,0.8,0.2,gyro,-1.0,0.22725588083267212,-0.6637225151062012,odom,
8103.189792279,navigating,0.5122000889047553,0.47992148875128726,0.7102222918173302,0.9493456622995875,-2.805827956401361,2.388111594456016,2.1377651591518667,-0.38804468512535095,-2.683054292807339,2.683054292807339,0.13655872300023475,pixhawk_fused,0.8,0.2,gyro,-1.0,0.2477312833070755,0.13290585577487946,odom,
8103.290787538,navigating,0.5300072415179943,0.48893102873799726,0.6764621485029116,0.9384843599208827,-2.789085835699322,2.3543514511415973,2.161408730449726,-0.33998143672943115,-2.731143733510731,2.731143733510731,0.08873659200071415,pixhawk_fused,0.8,0.2,gyro,-1.0,0.20852716267108917,0.2834775745868683,odom,
8103.410880714,navigating,0.5452038193107275,0.49710256918994544,0.6815215331257511,0.9287352963300756,-2.774849761483766,2.3594108357644368,2.1878501830536745,-0.3430681824684143,-2.7314078118894085,2.7314078118894085,0.09755564399983996,pixhawk_fused,0.8,0.2,gyro,-1.0,0.13333861529827118,0.26958978176116943,odom,
8103.529404969,navigating,0.5548583925450503,0.5026485454310424,0.7066824724023446,0.9221891310866931,-2.765843299503052,2.3845717750410302,2.221749607227991,-0.36300453543663025,-2.7084193953368647,2.7084193953368647,0.10540845200011972,pixhawk_fused,0.8,0.2,gyro,-1.0,0.08782005310058594,0.33950352668762207,odom,
8103.630943517,navigating,0.5602766741662007,0.5060473628325299,0.765575667271726,0.9182306340413483,-2.7608193531859873,2.4434649699104116,2.268231659575214,-0.4242999851703644,-2.6464400323722344,2.6464400323722344,0.01431835899984435,pixhawk_fused,0.8,0.2,gyro,-1.0,0.07101412117481232,0.5333792567253113,odom,
8103.748885392,navigating,0.5659678266373349,0.5100894770914124,0.7797370093289495,0.9136033588447687,-2.755592860252224,2.457626311967635,2.3394920979159317,-0.4242999851703644,-2.6464400323722344,2.6464400323722344,0.13276117099940166,pixhawk_fused,0.8,0.2,gyro,-1.0,0.05925868824124336,0.6434451341629028,odom,
8103.849777097,navigating,0.5706277095880032,0.5139648084451472,0.8354430649950904,0.9092521417936382,-2.751373901566823,2.513332367633776,2.4200318229252935,-0.4747714698314667,-2.596858069429157,2.596858069429157,0.055611682999369805,pixhawk_fused,0.8,0.2,gyro,-1.0,0.07605836540460587,0.8618238568305969,odom,
8103.97143012,navigating,0.5762528324480338,0.5195678086252526,0.9685527475300746,0.9030799807495703,-2.746379900540112,2.64644205016876,2.516728707347631,-0.618786633014679,-2.45476083297467,2.45476083297467,0.07055369899990183,pixhawk_fused,0.8,0.2,gyro,-1.0,0.08223774284124374,0.8106913566589355,odom,
8104.089913006,navigating,0.5834377131146441,0.5283625216451374,0.9901031116373447,0.8935676721106228,-2.740176234555151,2.6679924142760303,2.6259892582704216,-0.618786633014679,-2.45476083297467,2.45476083297467,0.1894702440004039,pixhawk_fused,0.8,0.2,gyro,-1.0,0.12866917252540588,1.082390546798706,odom,
8104.210805041,navigating,0.5933235508162078,0.543931280249225,1.0869522351356466,0.8770314252797662,-2.7320111520520163,2.7648415377743323,2.7439091309911063,-0.7099350690841675,-2.3630321281645275,2.3630321281645275,0.1142524320002849,pixhawk_fused,0.8,0.2,gyro,-1.0,0.20621980726718903,0.7204661965370178,odom,
8104.330310265,navigating,0.6040992306769357,0.5650496932244949,1.2830036840370642,0.8548822041115177,-2.7235545188747428,2.96089298667575,2.808816200355632,-0.9388853311538696,-2.1347668644282796,2.1347668644282796,0.01058465599999181,pixhawk_fused,0.8,0.2,gyro,-1.0,0.22202162444591522,0.20359982550144196,odom,
8104.449501956,navigating,0.6130712057925126,0.5844931900746435,1.2842064704579546,0.8345910986073923,-2.716712227982306,2.96209577309664,2.8148663190745693,-0.9388853311538696,-2.1347668644282796,2.1347668644282796,0.13033963499947276,pixhawk_fused,0.8,0.2,gyro,-1.0,0.1880871057510376,-0.16926907002925873,odom,
8104.550098316,navigating,0.6185817068292863,0.5961797660925279,1.2961106000801839,0.8223824661161719,-2.7124824557198326,2.9739999027188695,2.7872345988242526,-0.9595521092414856,-2.113034277955053,2.113034277955053,0.02979416299967852,pixhawk_fused,0.8,0.2,gyro,-1.0,0.12656138837337494,-0.4657885432243347,odom,
8104.670667653,navigating,0.6230739868273977,0.6048520733510938,1.244548257706422,0.8132796697204829,-2.708942880809333,2.9224375603451076,2.7323219894840722,-0.9139898419380188,-2.1637620548847893,2.1637620548847893,0.05197083100028976,pixhawk_fused,0.8,0.2,gyro,-1.0,0.056523971259593964,-0.7429543733596802,odom,
8104.771821634,navigating,0.625241503259089,0.6084539557696791,1.231894573346565,0.8094667400588025,-2.7071727814239757,2.9097838759852506,2.668961746402611,-0.9139898419380188,-2.1637620548847893,2.1637620548847893,0.15334188300039386,pixhawk_fused,0.8,0.2,gyro,-1.0,0.045791156589984894,-0.6018816232681274,odom,
8104.889638328,navigating,0.6279723546516209,0.612364063881968,1.1794234609486103,0.8052871365553419,-2.704875520156348,2.857312763587296,2.5970757575746015,-0.8639962077140808,-2.211380981737731,2.211380981737731,0.0948530200003006,pixhawk_fused,0.8,0.2,gyro,-1.0,0.046320900321006775,-0.6088446378707886,odom,
8104.989892526,navigating,0.6306051274228016,0.6156400582553408,1.068986433645596,0.801748497435166,-2.702607996225669,2.7468757362842817,2.5337346084005494,-0.7422309517860413,-2.3335824823919515,2.3335824823919515,0.08666449500015005,pixhawk_fused,0.8,0.2,gyro,-1.0,0.05307745188474655,-0.6976531147956848,odom,
8105.110269348,navigating,0.6344689290678618,0.6197834042622276,0.9925368844448648,0.7972158930263195,-2.6992092057705133,2.6704261870835504,2.4483349389841034,-0.6677070260047913,-2.407798068577407,2.407798068577407,0.011065018999943277,pixhawk_fused,0.8,0.2,gyro,-1.0,0.06150894984602928,-0.8084772229194641,odom,
8105.211567883,navigating,0.6383826632551717,0.6233464767656769,0.9765860525482815,0.7932549005401119,-2.6956987443367466,2.654475355186967,2.368556306734926,-0.6677070260047913,-2.407798068577407,2.407798068577407,0.11175760100013576,pixhawk_fused,0.8,0.2,gyro,-1.0,0.06000712141394615,-0.7887371182441711,odom,
8105.329376634,navigating,0.6447829822642462,0.6281350505241289,0.8516194780628652,0.7878096406240418,-2.689846935513443,2.529508780701551,2.265706300265913,-0.5355929136276245,-2.5382936767283657,2.5382936767283657,0.11175167500005045,pixhawk_fused,0.8,0.2,gyro,-1.0,0.10068539530038834,-0.712584376335144,odom,
8105.431481695,navigating,0.6550581572172945,0.6345647467192826,0.7721906846474735,0.7803184831189215,-2.680317886625374,2.450079987286159,2.205699160982386,-0.4495111405849457,-2.6225767316762187,2.6225767316762187,0.07837760199981858,pixhawk_fused,0.8,0.2,gyro,-1.0,0.1669386476278305,-0.42469385266304016,odom,
8105.549512979,navigating,0.6698547140243672,0.6428693832020477,0.7097941674975212,0.7704798435988096,-2.666493768105588,2.387683470136207,2.17376638015447,-0.3828713893890381,-2.6925811114851217,2.6925811114851217,0.05332166300013341,pixhawk_fused,0.8,0.2,gyro,-1.0,0.1751605123281479,-0.20308874547481537,odom,
8105.649752087,navigating,0.6818791647137722,0.6493140064322912,0.6759851290498742,0.7627868673139091,-2.6552270605633783,2.35387443168856,2.168366672939225,-0.3305698335170746,-2.733472948709486,2.733472948709486,0.02580620499975339,pixhawk_fused,0.8,0.2,gyro,-1.0,0.14948050677776337,0.0,odom,
8105.770339722,navigating,0.693193777236684,0.6553697347886613,0.6759851290498742,0.7555564313906018,-2.644624556197488,2.35387443168856,2.168366672939225,-0.3305698335170746,-2.733472948709486,2.733472948709486,0.14647663499999908,pixhawk_fused,0.8,0.2,gyro,-1.0,0.09508203715085983,-0.10133221745491028,odom,
8105.870646828,navigating,0.6998325156499754,0.6589149966546485,0.6773972098896865,0.751321876199808,-2.6384027982662714,2.355286512528372,2.16965788480443,-0.3310611844062805,-2.7320307661192325,2.7320307661192325,0.06873989399991842,pixhawk_fused,0.8,0.2,gyro,-1.0,0.0680030956864357,0.06875666975975037,odom,
8105.989510397,navigating,0.7050363362237999,0.6617352448734234,0.6838954342555099,0.7479615571246208,-2.633530242028218,2.3617847368941955,2.181790588175057,-0.3363627791404724,-2.726935442280939,2.726935442280939,0.08059338400016713,pixhawk_fused,0.8,0.2,gyro,-1.0,0.04887717217206955,0.10143856704235077,odom,
8106.089715005,navigating,0.7080856943067682,0.6634330070847851,0.6871168176660309,0.7459475803832741,-2.630679824702666,2.3650061203047166,2.1979611642814807,-0.3363627791404724,-2.726935442280939,2.726935442280939,0.1809537110002566,pixhawk_fused,0.8,0.2,gyro,-1.0,0.041174136102199554,0.2705976366996765,odom,
8106.189741357,navigating,0.711155438396932,0.665230905147947,0.7102087823604508,0.7438318624384165,-2.6278198415204734,2.3880980849991365,2.221719064974137,-0.36159852147102356,-2.7040090319411667,2.7040090319411667,0.08517131500047981,pixhawk_fused,0.8,0.2,gyro,-1.0,0.03859109804034233,0.2367137223482132,odom,
8106.310322642,navigating,0.715183812881268,0.6677533593427487,0.7369777445499888,0.7408932728690453,-2.6240841665488377,2.4148670471886744,2.2595875150693545,-0.3856663107872009,-2.67999771951603,2.67999771951603,0.09175530999982584,pixhawk_fused,0.8,0.2,gyro,-1.0,0.044335104525089264,0.3770691454410553,odom,
8106.4109848,navigating,0.7179712965355929,0.6696416281273481,0.7674723017631839,0.7387178722968852,-2.6215144863203528,2.4453616044018696,2.296786589820845,-0.41481050848960876,-2.651167224039307,2.651167224039307,0.014453431000220007,pixhawk_fused,0.8,0.2,gyro,-1.0,0.03333408012986183,0.3707350790500641,odom,
8106.53034803,navigating,0.7212328165156205,0.6720813972488386,0.805640968251442,0.7359434619409467,-2.6185324344892873,2.4835302708901277,2.348752242815549,-0.45000556111335754,-2.6164186777071863,2.6164186777071863,0.005723561999730009,pixhawk_fused,0.8,0.2,gyro,-1.0,0.043154001235961914,0.433755487203598,odom,
8106.630762451,navigating,0.7242062905536478,0.6745402108978629,0.8701676394403197,0.7331809049291066,-2.6158388140312825,2.5480569420790053,2.3987859052981184,-0.5182102918624878,-2.5482991947131066,2.5482991947131066,0.04684577900025033,pixhawk_fused,0.8,0.2,gyro,-1.0,0.04566306248307228,0.5335124135017395,odom,
8106.73094369,navigating,0.727402313257173,0.6774524359202228,0.8935826867503787,0.7299437462581696,-2.6129723842935277,2.5714719893890643,2.4435665842058967,-0.536700427532196,-2.530178299088946,2.530178299088946,0.03582194499995239,pixhawk_fused,0.8,0.2,gyro,-1.0,0.054239071905612946,0.5092297196388245,odom,
8106.849405341,navigating,0.7313804103053986,0.6814138204231082,0.9665016840360612,0.7255798440493199,-2.609440503659022,2.644390986674747,2.483470182737762,-0.6165384650230408,-2.449072629828921,2.449072629828921,0.03320624299976771,pixhawk_fused,0.8,0.2,gyro,-1.0,0.05769945681095123,0.2757837176322937,odom,
8106.971567973,navigating,0.735678738546114,0.6860310313688487,0.997937085828144,0.7205296436148443,-2.6056603266586658,2.6758263884668296,2.5232345886946868,-0.6468082666397095,-2.419705629964343,2.419705629964343,0.05402437600059784,pixhawk_fused,0.8,0.2,gyro,-1.0,0.05556674301624298,0.3319874703884125,odom,
8107.089822682,navigating,0.7390459441142149,0.6899441539677681,1.005327126046042,0.7162790240234961,-2.6027306790857194,2.6832164286847275,2.5604526876680453,-0.6468082666397095,-2.419705629964343,2.419705629964343,0.1729469820002123,pixhawk_fused,0.8,0.2,gyro,-1.0,0.04631395265460014,0.3381962776184082,odom,
8107.189831517,navigating,0.7416185425675272,0.6931720810502133,1.0619932237237601,0.712794608753735,-2.600517846900617,2.739882526362446,2.6023209083319028,-0.7080152034759521,-2.3593768875198275,2.3593768875198275,0.0732499400000961,pixhawk_fused,0.8,0.2,gyro,-1.0,0.041163839399814606,0.4734274446964264,odom,
8107.289842149,navigating,0.7437479927558359,0.6961222085304658,1.0725793362831144,0.7096337689825192,-2.598715930644259,2.7504686389218,2.6557667485126224,-0.7080152034759521,-2.3593768875198275,2.3593768875198275,0.1734142929999507,pixhawk_fused,0.8,0.2,gyro,-1.0,0.03794601932168007,0.49876469373703003,odom,
8107.39017161,navigating,0.7458048927548707,0.6993313265733332,1.114826129111711,0.7062231771716165,-2.5970138320224128,2.7927154317503966,2.7105572453667737,-0.7486919164657593,-2.320214417477122,2.320214417477122,0.09492504199988616,pixhawk_fused,0.8,0.2,gyro,-1.0,0.04802370071411133,0.49830737709999084,odom,
8107.51061927,navigating,0.7482828010172619,0.7037562641778906,1.1684959688368486,0.7015587303038513,-2.5950230940741013,2.846385271475534,2.777476599698015,-0.8001613616943359,-2.2697947035627277,2.2697947035627277,0.10616541000035795,pixhawk_fused,0.8,0.2,gyro,-1.0,0.04286849498748779,0.5634660124778748,odom,
8107.611679998,navigating,0.7499136275100653,0.7070740370091891,1.2819699236260047,0.6980856484946756,-2.5937562419294116,2.9598592262646903,2.8046600825082226,-0.932179868221283,-2.135025500495902,2.135025500495902,0.014000420000229497,pixhawk_fused,0.8,0.2,gyro,-1.0,0.03674030676484108,0.06898809224367142,odom,
,reached,0.7499136275100653,0.7070740370091891,1.2819699236260047,,,,,,,,,True,0.8,0.2,gyro,-1.0,,,mission_status,reached waypoint 1/4
,turning,0.7499136275100653,0.7070740370091891,1.2819699236260047,,,,,,,,,True,0.8,0.2,gyro,-1.0,,,mission_status,aligning for waypoint 2/4
8107.730278611,turning,0.7513149291904465,0.7099707826167402,1.2835430304168525,0.6950557153920549,-2.5926725967347335,2.961432333055538,2.776482811177074,-0.9285160899162292,-2.126054069132528,2.126054069132528,0.0274856070000169,pixhawk_fused,0.8,0.2,gyro,-1.0,0.04302029311656952,-0.565461277961731,odom,
8107.831345431,turning,0.7538469829688047,0.7145647501090887,1.2187307182248737,0.6902174194775135,-2.5906460908007216,2.8966200208635593,2.6974156212809506,-0.863602876663208,-2.1873144189426514,2.1873144189426514,0.012683699000263005,pixhawk_fused,0.8,0.2,gyro,-1.0,0.0667077973484993,-0.8768112063407898,odom,
8107.950299724,turning,0.7582272522609155,0.7209675161589822,1.1953517056002054,0.6833831347911783,-2.586975297291519,2.873241008238891,2.580449375806138,-0.863602876663208,-2.1873144189426514,2.1873144189426514,0.13164477000009356,pixhawk_fused,0.8,0.2,gyro,-1.0,0.07456844300031662,-0.980131983757019,odom,
8108.050849663,turning,0.7627018181379434,0.7261773924578676,1.009418139424715,0.6777248266114453,-2.5830832413591467,2.6873074420634007,2.47690896102817,-0.6571435332298279,-2.393835117311201,2.393835117311201,0.010190865999902599,pixhawk_fused,0.8,0.2,gyro,-1.0,0.08070945739746094,-1.0608497858047485,odom,
8108.171838945,turning,0.7690684020044085,0.7320451551431976,0.9833152437419854,0.6712101663089558,-2.577380327173991,2.661204546380671,2.3463413594679383,-0.6571435332298279,-2.393835117311201,2.393835117311201,0.131384421999428,pixhawk_fused,0.8,0.2,gyro,-1.0,0.07960657775402069,-1.0463535785675049,odom,
8108.290375302,turning,0.7760695199709847,0.7369865535636564,0.8937160392710899,0.6655487388281441,-2.570947496536461,2.5716053419097755,2.217118585467983,-0.5766673684120178,-2.4735450858780954,2.4735450858780954,0.09555447799993999,pixhawk_fused,0.8,0.2,gyro,-1.0,0.07865766435861588,-1.0338809490203857,odom,
8108.411467287,turning,0.7837540306645723,0.7410222177220912,0.7852627411729003,0.6607148099351127,-2.5637383758371906,2.463152043811586,2.083495372940644,-0.4752584993839264,-2.575730581969938,2.575730581969938,0.11204493500008539,pixhawk_fused,0.8,0.2,gyro,-1.0,0.08146988600492477,-1.1399317979812622,odom,
8108.530226048,turning,0.791645361957125,0.7439077976196168,0.5937675827945599,0.6570022697798092,-2.556200688757649,2.2716568854332455,1.9540951856892579,-0.26813632249832153,-2.7827086646267984,2.7827086646267984,0.11640716700003395,pixhawk_fused,0.8,0.2,gyro,-1.0,0.0807252824306488,-1.0610578060150146,odom,
8108.650777782,turning,0.8002212910467346,0.7458346506305751,0.43543322909655924,0.6541697884354589,-2.547879849153994,2.113322531735245,1.8201915742685268,-0.10280659049749374,-2.9471480757901287,2.9471480757901287,0.04636160299924086,pixhawk_fused,0.8,0.2,gyro,-1.0,0.07956001907587051,-1.1132087707519531,odom,
8108.77065773,turning,0.8086900653950302,0.7465682575604706,0.2910935503905634,0.6525351706936118,-2.5395380062564095,1.968982853029249,1.6879303778850485,0.047421228140592575,-3.0945071799466226,3.0945071799466226,0.05305220700029167,pixhawk_fused,0.8,0.2,gyro,-1.0,0.08716373145580292,-1.1456851959228516,odom,
8108.890434494,turning,0.8170261818183666,0.7461748899180604,0.1779979191972585,0.6520352507074275,-2.5312076007961135,1.8558872218359441,1.5539581635530602,0.15410269796848297,3.0808009567894286,-3.0808009567894286,0.06429939000008744,pixhawk_fused,0.8,0.2,gyro,-1.0,0.07714349776506424,-1.0815807580947876,odom,
8109.011493998,turning,0.8253341957312106,0.7446699220940783,0.06493953955508291,0.6526435664060903,-2.52278631969773,1.7428288421937685,1.4185192413638432,0.2630132734775543,2.9733339664377514,-2.9733339664377514,0.0070599320006294874,pixhawk_fused,0.8,0.2,gyro,-1.0,0.07325917482376099,-1.1555074453353882,odom,
8109.13066616,turning,0.8301710012896458,0.7430100684340514,-0.07848649796038165,0.6537769124646193,-2.5177998049936074,1.599402804678304,1.226224166502911,0.3948152959346771,2.8420936510004347,-2.8420936510004347,0.08171875900006853,pixhawk_fused,0.8,0.2,gyro,-1.0,0.03869945555925369,-1.865115761756897,odom,
8109.250923586,turning,0.8329002816972635,0.7413608336817918,-0.21004476542673367,0.6551249704140532,-2.514909876521061,1.467844537211952,1.0071041251167139,0.5120227336883545,2.7322152174152676,-2.7322152174152676,0.05042739500004245,pixhawk_fused,0.8,0.2,gyro,-1.0,0.03874998167157173,-1.7996394634246826,odom,
8109.371088476,turning,0.8345009788698591,0.7398010831173935,-0.5333422084539494,0.656504689269434,-2.513151630479802,1.1445470941847362,0.7941219857050817,0.8638815879821777,2.3815693526901547,-2.3815693526901547,0.06336457199995493,pixhawk_fused,0.8,0.2,gyro,-1.0,0.023103835061192513,-1.7883269786834717,odom,
8109.472088726,turning,0.8359199828266618,0.737885856478865,-0.6914946675946082,0.6582572685804006,-2.5115360404745335,0.9863946350440774,0.6631176726319488,1.0243557691574097,2.21664187747615,-2.21664187747615,0.05009362199962197,pixhawk_fused,0.8,0.2,gyro,-1.0,0.028408093377947807,-0.9844118356704712,odom,
8109.591445221,turning,0.8372263757590355,0.7356429691848212,-0.7070868020211838,0.6603476681981708,-2.5099973932292023,0.9708025006175018,0.5849659696443587,1.0243557691574097,2.21664187747615,-2.21664187747615,0.16883166299976438,pixhawk_fused,0.8,0.2,gyro,-1.0,0.01795979030430317,-0.4384056031703949,odom,
8109.691512429,turning,0.8378738515338912,0.7343603356071918,-0.8256018305563608,0.6615537459601807,-2.509216528192546,0.8522874720823248,0.5606033625661386,1.190239429473877,2.074640506092483,-2.074640506092483,0.07418192899967835,pixhawk_fused,0.8,0.2,gyro,-1.0,0.012697991915047169,-0.16690315306186676,odom,
8109.810788703,turning,0.8379918488849853,0.7341174790191209,-0.8454440725319475,0.6617825986826414,-2.5090732482963394,0.8324452301067381,0.5565350056296496,1.2116308212280273,2.050854947049195,-2.050854947049195,0.015162717999373854,pixhawk_fused,0.8,0.2,gyro,-1.0,0.0,0.0,odom,
8109.930452767,turning,0.8379918488849853,0.7341174790191209,-0.847588741823731,0.6617825986826414,-2.5090732482963394,0.8303005608149546,0.5565350056296496,1.2144968509674072,2.048174110803777,-2.048174110803777,0.03133025399984035,pixhawk_fused,0.8,0.2,gyro,-1.0,0.0,0.0,odom,
8110.030893044,turning,0.8379918488849853,0.7341174790191209,-0.8468844302510319,0.6617825986826414,-2.5090732482963394,0.8310048723876537,0.5565350056296496,1.2142854928970337,2.0490545000098885,-2.0490545000098885,0.016102388999570394,pixhawk_fused,0.8,0.2,gyro,-1.0,0.0,0.0,odom,
8110.131399857,turning,0.8379918488849853,0.7341174790191209,-0.8467875581428902,0.6617825986826414,-2.5090732482963394,0.8311017444957954,0.5565350056296496,1.2140792608261108,2.049175590124005,-2.049175590124005,0.03416680400005134,pixhawk_fused,0.8,0.2,gyro,-1.0,0.0,0.0,odom,
8110.250101141,turning,0.8379918488849853,0.7341174790191209,-0.8466743024472476,0.6617825986826414,-2.5090732482963394,0.831215000191438,0.5565350056296496,1.2139232158660889,2.0493171597225834,-2.0493171597225834,0.041760709999834944,pixhawk_fused,0.8,0.2,gyro,-1.0,0.0,0.0,odom,
8110.351554145,turning,0.8379918488849853,0.7341174790191209,-0.8465882349290245,0.6617825986826414,-2.5090732482963394,0.8313010677096612,0.5565350056296496,1.2138293981552124,2.0494247441068536,-2.0494247441068536,0.034210896999866236,pixhawk_fused,0.8,0.2,gyro,-1.0,0.0,0.0,odom,
8110.470977511,turning,0.8379918488849853,0.7341174790191209,-0.8465882349290245,0.6617825986826414,-2.5090732482963394,0.8313010677096612,0.5565350056296496,1.2138293981552124,2.0494247441068536,-2.0494247441068536,0.15379966699947545,pixhawk_fused,0.8,0.2,gyro,-1.0,0.0,0.0,odom,
8110.590076808,turning,0.8379918488849853,0.7341174790191209,-0.8463267109282595,0.6617825986826414,-2.5090732482963394,0.8315625917104261,0.5565350056296496,1.213564395904541,2.049751649078006,-2.049751649078006,0.0156770809999216,pixhawk_fused,0.8,0.2,gyro,-1.0,0.0,0.0,odom,
8110.691700069,turning,0.8379918488849853,0.7341174790191209,-0.8462927110061429,0.6617825986826414,-2.5090732482963394,0.8315965916325427,0.5565350056296496,1.2135392427444458,2.0497941489778704,-2.0497941489778704,0.07225536599980842,pixhawk_fused,0.8,0.2,gyro,-1.0,0.0,0.0,odom,
8110.809937008,turning,0.8379918488849853,0.7341174790191209,-0.8462157663227285,0.6617825986826414,-2.5090732482963394,0.8316735363159571,0.5565350056296496,1.2134332656860352,2.0498903298266478,-2.0498903298266478,0.01457087499966292,pixhawk_fused,0.8,0.2,gyro,-1.0,0.0,0.0,odom,
8110.910438637,turning,0.8379918488849853,0.7341174790191209,-0.8460453087716285,0.6617825986826414,-2.5090732482963394,0.8318439938670571,0.5565350056296496,1.213224172592163,2.05010340175687,-2.05010340175687,0.007709810999585898,pixhawk_fused,0.8,0.2,gyro,-1.0,0.0,0.0,odom,
8111.011231448,turning,0.8379918488849853,0.7341174790191209,-0.8460453087716285,0.6617825986826414,-2.5090732482963394,0.8318439938670571,0.5565350056296496,1.213224172592163,2.05010340175687,-2.05010340175687,0.10812799699942843,pixhawk_fused,0.8,0.2,gyro,-1.0,0.0,0.0,odom,
8111.13015471,turning,0.8379918488849853,0.7341174790191209,-0.8459298439480514,0.6617825986826414,-2.5090732482963394,0.8319594586906343,0.5565350056296496,1.213071346282959,2.050247732782761,-2.050247732782761,0.031958114999724785,pixhawk_fused,0.8,0.2,gyro,-1.0,0.0,0.0,odom,
8111.230462011,turning,0.8379918488849853,0.7341174790191209,-0.8457813737901064,0.6617825986826414,-2.5090732482963394,0.8321079288485792,0.5565350056296496,1.21286940574646,2.0504333204776293,-2.0504333204776293,0.016302609000376833,pixhawk_fused,0.8,0.2,gyro,-1.0,0.0,0.0,odom,
8111.351567409,turning,0.8379918488849853,0.7341174790191209,-0.8457813737901064,0.6617825986826414,-2.5090732482963394,0.8321079288485792,0.5565350056296496,1.21286940574646,2.0504333204776293,-2.0504333204776293,0.13721262099988962,pixhawk_fused,0.8,0.2,gyro,-1.0,0.0,0.0,odom,
8111.471469936,turning,0.8379918488849853,0.7341174790191209,-0.8456819391380467,0.6617825986826414,-2.5090732482963394,0.832207363500639,0.5565350056296496,1.212733507156372,2.050557613791922,-2.050557613791922,0.07519515700005286,pixhawk_fused,0.8,0.2,gyro,-1.0,0.0,0.0,odom,
8111.589494954,turning,0.8379918488849853,0.7341174790191209,-0.8454719364554085,0.6617825986826414,-2.5090732482963394,0.8324173661832771,0.5565350056296496,1.2124757766723633,2.0508201171448697,-2.0508201171448697,0.015675098999963666,pixhawk_fused,0.8,0.2,gyro,-1.0,0.0,0.0,odom,
8111.691375713,turning,0.8379918488849853,0.7341174790191209,-0.8454460785866175,0.6617825986826414,-2.5090732482963394,0.8324432240520682,0.5565350056296496,1.2124438285827637,2.050852439480858,-2.050852439480858,0.06621578999966005,pixhawk_fused,0.8,0.2,gyro,-1.0,0.0,0.0,odom,
8111.811951248,turning,0.8379918488849853,0.7341174790191209,-0.8453773388065509,0.6617825986826414,-2.5090732482963394,0.8325119638321348,0.5565350056296496,1.2123526334762573,2.0509383642059063,-2.0509383642059063,0.009172177999971609,pixhawk_fused,0.8,0.2,gyro,-1.0,0.0,0.0,odom,
8111.93054748,turning,0.8379918488849853,0.7341174790191209,-0.8452114266680866,0.6617825986826414,-2.5090732482963394,0.8326778759705991,0.5565350056296496,1.2121360301971436,2.051145754378313,-2.051145754378313,0.013368355999773485,pixhawk_fused,0.8,0.2,gyro,-1.0,0.0,0.0,odom,
8112.050982944,turning,0.8379918488849853,0.7341174790191209,-0.8452114266680866,0.6617825986826414,-2.5090732482963394,0.8326778759705991,0.5565350056296496,1.2121360301971436,2.051145754378313,-2.051145754378313,0.13343169600011606,pixhawk_fused,0.8,0.2,gyro,-1.0,0.0,0.0,odom,
8112.170641086,turning,0.8379918488849853,0.7341174790191209,-0.8450485206751652,0.6617825986826414,-2.5090732482963394,0.8328407819635204,0.5565350056296496,1.2119340896606445,2.05134938686716,-2.05134938686716,0.06353290600054606,pixhawk_fused,0.8,0.2,gyro,-1.0,0.0,0.0,odom,
8112.270869982,turning,0.8379918488849853,0.7341174790191209,-0.8449808609083413,0.6617825986826414,-2.5090732482963394,0.8329084417303443,0.5565350056296496,1.2118388414382935,2.0514339615740127,-2.0514339615740127,0.050179603999822575,pixhawk_fused,0.8,0.2,gyro,-1.0,0.0,0.0,odom,
8112.390558125,turning,0.8379918488849853,0.7341174790191209,-0.8449808609083413,0.6617825986826414,-2.5090732482963394,0.8329084417303443,0.5565350056296496,1.2118388414382935,2.0514339615740127,-2.0514339615740127,0.1695539379998081,pixhawk_fused,0.8,0.2,gyro,-1.0,0.0,0.0,odom,
8112.491314032,turning,0.8379918488849853,0.7341174790191209,-0.8449073586467001,0.6617825986826414,-2.5090732482963394,0.8329819439919856,0.5565350056296496,1.2117422819137573,2.0515258393986398,-2.0515258393986398,0.09273558199947729,pixhawk_fused,0.8,0.2,gyro,-1.0,0.0,0.0,odom,
8112.610570311,turning,0.8379918488849853,0.7341174790191209,-0.8447464643507344,0.6617825986826414,-2.5090732482963394,0.8331428382879512,0.5565350056296496,1.2115087509155273,2.0517269572606556,-2.0517269572606556,0.016737658000238298,pixhawk_fused,0.8,0.2,gyro,-1.0,0.0,0.0,odom,
8112.712063485,turning,0.8379918488849853,0.7341174790191209,-0.8447188420370029,0.6617825986826414,-2.5090732482963394,0.8331704606016828,0.5565350056296496,1.2114739418029785,2.0517614851510397,-2.0517614851510397,0.014788391000365664,pixhawk_fused,0.8,0.2,gyro,-1.0,0.0,0.0,odom,
8112.830086894,turning,0.8379918488849853,0.7341174790191209,-0.8445778766414871,0.6617825986826414,-2.5090732482963394,0.8333114259971985,0.5565350056296496,1.2112973928451538,2.05193769188414,-2.05193769188414,0.015286142999684671,pixhawk_fused,0.8,0.2,gyro,-1.0,0.0,0.0,odom,
8112.930417474,turning,0.8379918488849853,0.7341174790191209,-0.8445778766414871,0.6617825986826414,-2.5090732482963394,0.8333114259971985,0.5565350056296496,1.2112973928451538,2.05193769188414,-2.05193769188414,0.11539331800031505,pixhawk_fused,0.8,0.2,gyro,-1.0,0.0,0.0,odom,
8113.050178579,turning,0.8379918488849853,0.7341174790191209,-0.8444144824818776,0.6617825986826414,-2.5090732482963394,0.8334748201568081,0.5565350056296496,1.2110888957977295,2.052141934565293,-2.052141934565293,0.014919555999767908,pixhawk_fused,0.8,0.2,gyro,-1.0,0.0,0.0,odom,
8113.171212295,turning,0.8379918488849853,0.7341174790191209,-0.8443512151246139,0.6617825986826414,-2.5090732482963394,0.8335380875140718,0.5565350056296496,1.2110120058059692,2.052221018753039,-2.052221018753039,0.05595427800017205,pixhawk_fused,0.8,0.2,gyro,-1.0,0.0,0.0,odom,
8113.290974717,turning,0.8379918488849853,0.7341174790191209,-0.8443512151246139,0.6617825986826414,-2.5090732482963394,0.8335380875140718,0.5565350056296496,1.2110120058059692,2.052221018753039,-2.052221018753039,0.17559455300033733,pixhawk_fused,0.8,0.2,gyro,-1.0,0.0,0.0,odom,
8113.410858841,turning,0.8379918488849853,0.7341174790191209,-0.8440822064853587,0.6617825986826414,-2.5090732482963394,0.8338070961533269,0.5565350056296496,1.2106575965881348,2.0525572795020666,-2.0525572795020666,0.0038932559991735616,pixhawk_fused,0.8,0.2,gyro,-1.0,0.0,0.0,odom,
8113.511614156,turning,0.8379918488849853,0.7341174790191209,-0.8440822064853587,0.6617825986826414,-2.5090732482963394,0.8338070961533269,0.5565350056296496,1.2106575965881348,2.0525572795020666,-2.0525572795020666,0.10438276099921495,pixhawk_fused,0.8,0.2,gyro,-1.0,0.0,0.0,odom,
8113.630176559,turning,0.8379918488849853,0.7341174790191209,-0.8439518784598055,0.6617825986826414,-2.5090732482963394,0.8339374241788802,0.5565350056296496,1.2104766368865967,2.0527201895015565,-2.0527201895015565,0.030491287000586453,pixhawk_fused,0.8,0.2,gyro,-1.0,0.0,0.0,odom,
8113.730402808,turning,0.8379918488849853,0.7341174790191209,-0.8438287643240309,0.6617825986826414,-2.5090732482963394,0.8340605383146548,0.5565350056296496,1.210300087928772,2.0528740821350615,-2.0528740821350615,0.02532449399950565,pixhawk_fused,0.8,0.2,gyro,-1.0,0.0,0.0,odom,
8113.849751847,turning,0.8379918488849853,0.7341174790191209,-0.843736098579174,0.6617825986826414,-2.5090732482963394,0.8341532040595117,0.5565350056296496,1.2101850509643555,2.052989914285044,-2.052989914285044,0.02947419100019033,pixhawk_fused,0.8,0.2,gyro,-1.0,0.0,0.0,odom,
8113.950949657,turning,0.8379918488849853,0.7341174790191209,-0.843736098579174,0.6617825986826414,-2.5090732482963394,0.8341532040595117,0.5565350056296496,1.2101850509643555,2.052989914285044,-2.052989914285044,0.13029848699989088,pixhawk_fused,0.8,0.2,gyro,-1.0,0.0,0.0,odom,
8114.070544099,turning,0.8379918488849853,0.7341174790191209,-0.8435242689617499,0.6617825986826414,-2.5090732482963394,0.8343650336769357,0.5565350056296496,1.2099153995513916,2.053254701222318,-2.053254701222318,0.027894326000023284,pixhawk_fused,0.8,0.2,gyro,-1.0,0.0,0.0,odom,
8114.171573078,turning,0.8379918488849853,0.7341174790191209,-0.8435242689617499,0.6617825986826414,-2.5090732482963394,0.8343650336769357,0.5565350056296496,1.2099153995513916,2.053254701222318,-2.053254701222318,0.1289464149995183,pixhawk_fused,0.8,0.2,gyro,-1.0,0.0,0.0,odom,
8114.290775084,turning,0.8379918488849853,0.7341174790191209,-0.8434504002424865,0.6617825986826414,-2.5090732482963394,0.8344389023961991,0.5565350056296496,1.2098278999328613,2.0533470370872196,-2.0533470370872196,0.09472487000039109,pixhawk_fused,0.8,0.2,gyro,-1.0,0.0,0.0,odom,
8114.391435755,turning,0.8379918488849853,0.7341174790191209,-0.8432853541152066,0.6617825986826414,-2.5090732482963394,0.8346039485234791,0.5565350056296496,1.209611415863037,2.0535533446604637,-2.0535533446604637,0.08983236899985059,pixhawk_fused,0.8,0.2,gyro,-1.0,0.0,0.0,odom,
8114.511615857,turning,0.8379918488849853,0.7341174790191209,-0.8432129215881646,0.6617825986826414,-2.5090732482963394,0.834676381050521,0.5565350056296496,1.2095118761062622,2.053643885277237,-2.053643885277237,0.09432956099954026,pixhawk_fused,0.8,0.2,gyro,-1.0,0.0,0.0,odom,
8114.629656566,turning,0.8379918488849853,0.7341174790191209,-0.8430203374455044,0.6617825986826414,-2.5090732482963394,0.8348689651931812,0.5565350056296496,1.2092463970184326,2.053884615330051,-2.053884615330051,0.022657793000689708,pixhawk_fused,0.8,0.2,gyro,-1.0,0.0,0.0,odom,
8114.730755693,turning,0.8379918488849853,0.7341174790191209,-0.842927033322954,0.6617825986826414,-2.5090732482963394,0.8349622693157316,0.5565350056296496,1.20912504196167,2.0540012454148635,-2.0540012454148635,0.013815627999974822,pixhawk_fused,0.8,0.2,gyro,-1.0,0.0,0.0,odom,
,navigating,0.8379918488849853,0.7341174790191209,-0.842927033322954,,,,,,,,,True,0.8,0.2,gyro,-1.0,,,mission_status,going to waypoint 2/4
8114.853050134,navigating,0.8379918488849853,0.7341174790191209,-0.842927033322954,0.6617825986826414,-2.5090732482963394,0.8349622693157316,0.5565350056296496,1.20912504196167,2.0540012454148635,-2.0540012454148635,0.1364533610003491,pixhawk_fused,0.8,0.2,gyro,-1.0,0.0,0.0,odom,
8114.971049251,navigating,0.8379918488849853,0.7341174790191209,-0.8428366475093595,0.6617825986826414,-2.5090732482963394,0.8350526551293261,0.5565350056296496,1.208996295928955,2.0541142276106656,-2.0541142276106656,0.07596638999984862,pixhawk_fused,0.8,0.2,gyro,-1.0,0.0,0.0,odom,
8115.090550771,navigating,0.8379918488849853,0.7341174790191209,-0.8426771727340073,0.6617825986826414,-2.5090732482963394,0.8352121299046783,0.5565350056296496,1.2088031768798828,2.054313570941824,-2.054313570941824,0.03628425700026128,pixhawk_fused,0.8,0.2,gyro,-1.0,0.0,0.0,odom,
8115.211165702,navigating,0.8390127321418291,0.7320631424283818,-0.8367495283477099,0.6637160454678109,-2.507838628929461,0.8411397742909758,0.5856468714239764,1.208606481552124,2.0544454918299127,-2.0544454918299127,0.008937181999499444,pixhawk_fused,0.8,0.2,gyro,-1.0,0.04646705463528633,0.47504597902297974,odom,
8115.330600595,navigating,0.8424839714991157,0.7258564689680439,-0.7661753074930715,0.6695161258815627,-2.503723854900082,0.9117139951456141,0.6591389409116895,1.1335599422454834,2.124290413955252,-2.124290413955252,0.015929151999444002,pixhawk_fused,0.8,0.2,gyro,-1.0,0.08321531862020493,0.6960461735725403,odom,
8115.450610035,navigating,0.8490704873803574,0.7159568559730829,-0.6989744294984909,0.67865500219306,-2.4961169193365977,0.9789148731401948,0.7275841730203145,1.068055272102356,2.191180286923449,-2.191180286923449,0.028502502999799617,pixhawk_fused,0.8,0.2,gyro,-1.0,0.12942756712436676,0.36696621775627136,odom,
8115.550887009,navigating,0.8570492345946563,0.705052508007419,-0.6942341195633752,0.6886440440135079,-2.487018333997365,0.9836551830753104,0.7512962906210805,1.068055272102356,2.191180286923449,-2.191180286923449,0.12908308299938653,pixhawk_fused,0.8,0.2,gyro,-1.0,0.15994973480701447,0.1356380134820938,odom,
8115.671763566,navigating,0.8685902523967066,0.6896073186147925,-0.6644804329625218,0.70276714754167,-2.4738925230123567,1.0134088696761638,0.743211026107752,1.0266823768615723,2.2303904985580854,-2.2303904985580854,0.05754183099998045,pixhawk_fused,0.8,0.2,gyro,-1.0,0.1975841075181961,-0.09618721902370453,odom,
8115.791054814,navigating,0.881001588365553,0.672475719775349,-0.6693551473446091,0.7184739722157482,-2.459721122305829,1.0085341552940765,0.7188370133703067,1.0266823768615723,2.2303904985580854,-2.2303904985580854,0.17626567899969814,pixhawk_fused,0.8,0.2,gyro,-1.0,0.20351269841194153,-0.20576797425746918,odom,
8115.910571169,navigating,0.894123059100754,0.6533544593052315,-0.6996537966285675,0.7360831546409131,-2.4446309834549744,0.9782355060101181,0.6972534720092598,1.0589468479156494,2.1979131701458505,-2.1979131701458505,0.012605941999936476,pixhawk_fused,0.8,0.2,gyro,-1.0,0.22444559633731842,-0.10172846168279648,odom,
8116.030944067,navigating,0.9078317049363188,0.6327865369718662,-0.7160442574292454,0.7550679488417056,-2.4288024020621313,0.9618450452094403,0.6979496754022909,1.0782777070999146,2.177251115726333,-2.177251115726333,0.01629799800048204,pixhawk_fused,0.8,0.2,gyro,-1.0,0.23859675228595734,0.10116547346115112,odom,
8116.150132075,navigating,0.9218181750644319,0.6125111022881032,-0.7113883146508927,0.77373223485668,-2.412728851557922,0.9665009879877929,0.7352421216652563,1.0813778638839722,2.1737513356749227,-2.1737513356749227,0.05303226900014124,pixhawk_fused,0.8,0.2,gyro,-1.0,0.24016545712947845,0.44126591086387634,odom,
8116.270104332,navigating,0.9369259628199985,0.5929443550878996,-0.6535796919241585,0.7915720376082502,-2.3956161578877544,1.024309610714527,0.8103535457358481,1.0226109027862549,2.227240062499445,-2.227240062499445,0.0621620410001924,pixhawk_fused,0.8,0.2,gyro,-1.0,0.24697071313858032,0.608661949634552,odom,
8116.370735803,navigating,0.95055673554239,0.5777804458975929,-0.5877759159751053,0.8051921018491497,-2.3804426297214007,1.0901133866635804,0.8804676596975068,0.957415759563446,2.2919683285001926,-2.2919683285001926,0.05413151199991262,pixhawk_fused,0.8,0.2,gyro,-1.0,0.22649171948432922,0.7442551255226135,odom,
8116.470896725,navigating,0.9656806811393042,0.5630196255922871,-0.5765793206172107,0.8182517836512929,-2.36382756854996,1.101309982021475,0.9366199730748354,0.957415759563446,2.2919683285001926,-2.2919683285001926,0.15420184300000983,pixhawk_fused,0.8,0.2,gyro,-1.0,0.24184966087341309,0.40581533312797546,odom,
8116.591060701,navigating,0.9844430359717451,0.546387285503014,-0.47936298934375143,0.8327833596556872,-2.3433948987652213,1.1985263132949342,0.965739474318338,0.8345792293548584,2.4061583097223456,-2.4061583097223456,0.01564928600055282,pixhawk_fused,0.8,0.2,gyro,-1.0,0.24111421406269073,0.06743019819259644,odom,
8116.691833133,navigating,0.9997873298214953,0.5329485106905755,-0.4795072794641557,0.8445050172601992,-2.326702063020223,1.19838202317453,0.9364845908482805,0.832475483417511,2.413288648868006,-2.413288648868006,0.07348576200001844,pixhawk_fused,0.8,0.2,gyro,-1.0,0.22967398166656494,-0.5488815307617188,odom,
8116.810068194,navigating,1.0157436212462896,0.5173679044473868,-0.5169606052708493,0.8582908203650707,-2.3091717989123444,1.1609286973678363,0.85465739519663,0.8627407550811768,2.386927587265175,-2.386927587265175,0.015486289000364195,pixhawk_fused,0.8,0.2,gyro,-1.0,0.18645897507667542,-0.6558552980422974,odom,
8116.910910291,navigating,1.0263782872830378,0.5051688772394817,-0.6431534820539679,0.869283237365776,-2.297294124265555,1.0347358205847177,0.7764828021599199,1.0009727478027344,2.248731449956101,-2.248731449956101,0.008904200999495515,pixhawk_fused,0.8,0.2,gyro,-1.0,0.17794613540172577,-0.779644787311554,odom,
8117.030537516,navigating,1.0395035470354317,0.4872637921748175,-0.6600504143087389,0.8856828068210421,-2.282330213131678,1.0178388883299467,0.6919777771426835,1.0009727478027344,2.248731449956101,-2.248731449956101,0.12836468899968168,pixhawk_fused,0.8,0.2,gyro,-1.0,0.23343072831630707,-0.7080523371696472,odom,
8117.150209852,navigating,1.0530453699455797,0.4660857216758052,-0.7301715945981258,0.9052920850977543,-2.2666022811869686,0.9477177080405599,0.6715977492543083,1.0839447975158691,2.166179858559769,-2.166179858559769,0.052269001999775355,pixhawk_fused,0.8,0.2,gyro,-1.0,0.24507199227809906,0.16953888535499573,odom,
8117.250495681,navigating,1.064549126398396,0.4482939351612931,-0.7521186419184522,0.9217523249589976,-2.2532626941013794,0.9257706607202334,0.7013905047954134,1.1088416576385498,2.131303195768994,-2.131303195768994,0.03508857300039381,pixhawk_fused,0.8,0.2,gyro,-1.0,0.22703684866428375,0.4069344103336334,odom,
8117.351537073,navigating,1.0748837628962307,0.4334421783677664,-0.7452290514001209,0.9354143437994031,-2.241399784146362,0.9326602512385648,0.7358944779994486,1.1088416576385498,2.131303195768994,-2.131303195768994,0.13618779700027517,pixhawk_fused,0.8,0.2,gyro,-1.0,0.19090776145458221,0.33909499645233154,odom,
8117.470397904,navigating,1.08429812854959,0.4208627537831354,-0.71051108467827,0.9469154148293124,-2.230694758751691,0.9673782179604157,0.7704861435198479,1.0754733085632324,2.1660526453200992,-2.1660526453200992,0.07424056699983339,pixhawk_fused,0.8,0.2,gyro,-1.0,0.13378916680812836,0.2705434560775757,odom,
8117.571671496,navigating,1.0906693453557315,0.413014900301951,-0.6766343170260112,0.9540372990750872,-2.223521198084715,1.0012549856126745,0.8203919299683168,1.0473334789276123,2.1959364129249273,-2.1959364129249273,0.07390686800044932,pixhawk_fused,0.8,0.2,gyro,-1.0,0.11324585974216461,0.5412764549255371,odom,
8117.689721654,navigating,1.098912672754796,0.40415532436271495,-0.5902777434680384,0.9619650027661463,-2.214378110716762,1.0876115591706472,0.9065182607919217,0.9627752900123596,2.2823503042403877,-2.2823503042403877,0.0657199520001086,pixhawk_fused,0.8,0.2,gyro,-1.0,0.12527669966220856,0.7547120451927185,odom,
8117.790214647,navigating,1.1096410328789854,0.39454378330259254,-0.5710706927877229,0.9703747424505395,-2.2026838509733895,1.1068186098509627,1.0032189181947284,0.9627752900123596,2.2823503042403877,-2.2823503042403877,0.16576308099956805,pixhawk_fused,0.8,0.2,gyro,-1.0,0.19829748570919037,1.0287996530532837,odom,
8117.911205891,navigating,1.1285690885783435,0.3808788508697287,-0.35106335274894507,0.9819381995020191,-2.1824036110346876,1.3268259498897406,1.111451409013919,0.7133990526199341,2.530110397810143,-2.530110397810143,0.0006149350001578568,pixhawk_fused,0.8,0.2,gyro,-1.0,0.23743277788162231,0.6783666610717773,odom,
8118.030166054,navigating,1.1489759337977006,0.36851628467578,-0.3437864336796177,0.9920486861111242,-2.1607922613490786,1.334102868959068,1.1479141152045347,0.7133990526199341,2.530110397810143,-2.530110397810143,0.11950641400017048,pixhawk_fused,0.8,0.2,gyro,-1.0,0.22167553007602692,0.0342789925634861,odom,
8118.130559215,navigating,1.1623708802555792,0.36057698834484525,-0.31950138818354845,0.9985107342020892,-2.146625435617466,1.3583879144551372,1.1276505637948637,0.6801857948303223,2.565508006328743,-2.565508006328743,0.023641131000658788,pixhawk_fused,0.8,0.2,gyro,-1.0,0.14628483355045319,-0.3711082339286804,odom,
8118.230701047,navigating,1.1704956105762792,0.35541771447868514,-0.3630683846229359,1.0027720114054557,-2.1379957852070373,1.3148209180157497,1.0682384870354917,0.7187720537185669,2.525899668896597,-2.525899668896597,0.010827803000211134,pixhawk_fused,0.8,0.2,gyro,-1.0,0.07565028220415115,-0.7954813838005066,odom,
8118.349872598,navigating,1.1762685467052345,0.3511272200930686,-0.38036678030143034,1.0064208658304061,-2.131797318057207,1.2975225223372553,0.9817326472319563,0.7187720537185669,2.525899668896597,-2.525899668896597,0.13031632999991416,pixhawk_fused,0.8,0.2,gyro,-1.0,0.0541602298617363,-0.7118852138519287,odom,
8118.45086664,navigating,1.1805136196864146,0.3473249534029278,-0.4527181217035372,1.0097476004306478,-2.1271701468373303,1.2251711809351484,0.897187465193713,0.7896639108657837,2.456593745613497,-2.456593745613497,0.05512581399943883,pixhawk_fused,0.8,0.2,gyro,-1.0,0.07739891111850739,-0.9495134949684143,odom,
8118.570332724,navigating,1.1851634944601628,0.3423076059364513,-0.5347623131810684,1.0142391860303117,-2.1220106149000526,1.1431269894576173,0.7954190162395556,0.8655942678451538,2.3794716695193463,-2.3794716695193463,0.04858150299969566,pixhawk_fused,0.8,0.2,gyro,-1.0,0.06948482245206833,-0.913312554359436,odom,
8118.672111977,navigating,1.1893064025270927,0.3368254360625935,-0.6576537584333231,1.0192471199351734,-2.1173054611532125,1.0202355442053626,0.6958477821782394,0.9973242282867432,2.250760187232893,-2.250760187232893,0.09093917200061696,pixhawk_fused,0.8,0.2,gyro,-1.0,0.09704333543777466,-1.084211826324463,odom,
8118.790123785,navigating,1.1984947968992516,0.32170045828502214,-0.7007281470643043,1.0333033144552013,-2.106553022382148,0.9771611555743813,0.616353279955029,1.0330135822296143,2.2167713608984165,-2.2167713608984165,0.09515442500014615,pixhawk_fused,0.8,0.2,gyro,-1.0,0.20924784243106842,-0.4970540404319763,odom,
8118.891213993,navigating,1.2082807246022027,0.3035306232471365,-0.842963400778153,1.0503230529532286,-2.094881013653136,0.8349259018605326,0.5864766051774697,1.199657678604126,2.0464711930994204,-2.0464711930994204,0.08333670999945753,pixhawk_fused,0.8,0.2,gyro,-1.0,0.24707582592964172,-0.132554292678833,odom,
8119.010264786,navigating,1.219647274162602,0.2819353149117463,-0.8622061212778946,1.0705796901804363,-2.081271295094147,0.815683181360791,0.6067498093421932,1.2279293537139893,2.0173604045752693,-2.0173604045752693,0.09411593999993784,pixhawk_fused,0.8,0.2,gyro,-1.0,0.20746281743049622,0.1725194752216339,odom,
8119.13051558,navigating,1.228764643661381,0.26576834515901787,-0.8176074157739026,1.0856794988646343,-2.0704780974556565,0.860281886864783,0.6418793205002457,1.1867648363113403,2.0643221061770127,-2.0643221061770127,0.01647188599963556,pixhawk_fused,0.8,0.2,gyro,-1.0,0.1486867219209671,0.33690908551216125,odom,
8119.250897522,navigating,1.2354863975267159,0.25480765103630076,-0.7849377622185263,1.0958589220275745,-2.0626232814331322,0.8929515404201593,0.6844971433528626,1.1579546928405762,2.094509273225467,-2.094509273225467,0.026005949000136752,pixhawk_fused,0.8,0.2,gyro,-1.0,0.11094401776790619,0.44086766242980957,odom,
8119.370071482,navigating,1.2406343795293446,0.24726416434870072,-0.772350553578287,1.102808932783923,-2.0566984809645907,0.9055387490603987,0.7476418311283528,1.1579546928405762,2.094509273225467,-2.094509273225467,0.1454799049997746,pixhawk_fused,0.8,0.2,gyro,-1.0,0.07598038762807846,0.7232018113136292,odom,
8119.47042785,navigating,1.2445355842348205,0.2423391191828576,-0.7280249884018627,1.107288769016191,-2.0522931960280992,0.9498643142368229,0.8275215627068461,1.1212644577026367,2.1300234742108985,-2.1300234742108985,0.06736300400007167,pixhawk_fused,0.8,0.2,gyro,-1.0,0.07203299552202225,0.8791801333427429,odom,
8119.571526985,navigating,1.248951468720901,0.2376510331421409,-0.6656224167590705,1.1114779903646437,-2.047401508076764,1.012266885879615,0.9097549891853566,1.0622053146362305,2.1875304348413156,-2.1875304348413156,0.010762099999737984,pixhawk_fused,0.8,0.2,gyro,-1.0,0.08236062526702881,0.8119146823883057,odom,
8119.69177367,navigating,1.2568345132775995,0.23066967773060393,-0.541704245598791,1.1175767438566637,-2.0388173994620815,1.1361850570398946,1.0090859272248245,0.934671938419342,2.317520585412185,-2.317520585412185,0.09553999400031898,pixhawk_fused,0.8,0.2,gyro,-1.0,0.11034093797206879,0.8432137370109558,odom,
8119.8101844,navigating,1.2734073754304347,0.21886913825252224,-0.4318024986428073,1.1275382318509182,-2.0210781421819424,1.2460868039958783,1.116305575484165,0.823262631893158,2.428086029702823,-2.428086029702823,0.1085763949995453,pixhawk_fused,0.8,0.2,gyro,-1.0,0.22059935331344604,0.7594114542007446,odom,
8119.910669136,navigating,1.290362737130277,0.20857990640771645,-0.3608790211182644,1.1359561856948182,-2.003120117919496,1.3170102815204212,1.1419841606311834,0.7425534129142761,2.510239035422008,-2.510239035422008,0.09479239499978576,pixhawk_fused,0.8,0.2,gyro,-1.0,0.2218991369009018,-0.0678292065858841,odom,
8120.030494476,navigating,1.3074783274321462,0.19831224693034968,-0.3331585082881632,1.144335564182047,-1.9850050888360977,1.3447307943505225,1.1217014320709997,0.7085519433021545,2.5499260618929074,-2.5499260618929074,0.034771116000229085,pixhawk_fused,0.8,0.2,gyro,-1.0,0.15379641950130463,-0.29830387234687805,odom,
8120.130634532,navigating,1.3173416417203072,0.19198284604333715,-0.3606589081162239,1.1495744303434217,-1.974521741771407,1.3172303945224617,1.0751507573424444,0.7271320819854736,2.5271839730385945,-2.5271839730385945,0.0926158160000341,pixhawk_fused,0.8,0.2,gyro,-1.0,0.12106826901435852,-0.5967815518379211,odom,
8120.231094548,navigating,1.3236976499415456,0.1873903994504824,-0.3986006977108345,1.1534611834639605,-1.967711267749971,1.2792886049278511,0.9965603933604896,0.757098913192749,2.499402806097667,-2.499402806097667,0.03365692899933492,pixhawk_fused,0.8,0.2,gyro,-1.0,0.07689768075942993,-1.0107476711273193,odom,
8120.350469285,navigating,1.3288252465354145,0.18285377659115565,-0.4670824606080015,1.1574237356007073,-1.9621281347262303,1.2108068420306841,0.8933422292449955,0.8169418573379517,2.4396023471299815,-2.4396023471299815,0.052179747999616666,pixhawk_fused,0.8,0.2,gyro,-1.0,0.06706225126981735,-0.8814701437950134,odom,
8120.450508677,navigating,1.3330432856407277,0.17832144427261568,-0.6258889522375706,1.1614792429095941,-1.9574498069686657,1.052000350401115,0.8027069835491777,0.9902774691581726,2.263756587022941,-2.263756587022941,0.03491642900007719,pixhawk_fused,0.8,0.2,gyro,-1.0,0.0722426101565361,-0.9495611190795898,odom,
8120.550663809,navigating,1.3393571884079252,0.17002411547077925,-0.6420068134665211,1.1690541536486727,-1.9502851882981151,1.0358824891721645,0.7221062376587986,0.9902774691581726,2.263756587022941,-2.263756587022941,0.13551096199989843,pixhawk_fused,0.8,0.2,gyro,-1.0,0.17246611416339874,-0.5333365201950073,odom,
8120.670254079,navigating,1.35221807222708,0.1507337437975548,-0.7622147964893573,1.1868593321582712,-1.9354360674439275,0.9156745061493283,0.6671745611499517,1.1256976127624512,2.12723245500962,-2.12723245500962,0.0686105229997338,pixhawk_fused,0.8,0.2,gyro,-1.0,0.2409079521894455,-0.3441856801509857,odom,
8120.770868704,navigating,1.3636478372382497,0.13213306999031305,-0.8166100043422586,1.2041317340436588,-1.922083587247214,0.861279298296427,0.6618359467251821,1.185471534729004,2.0605897395853208,-2.0605897395853208,0.05683067900008609,pixhawk_fused,0.8,0.2,gyro,-1.0,0.2548031806945801,0.23680846393108368,odom,
8120.890268644,navigating,1.3772226835996764,0.11118047036340686,-0.8018589588976196,1.223513303341639,-1.9063469212594846,0.876030343741066,0.7126839443415445,1.1747150421142578,2.0663547571916387,-2.0663547571916387,0.06616841200047929,pixhawk_fused,0.8,0.2,gyro,-1.0,0.21542081236839294,0.4045005738735199,odom,
8121.010999972,navigating,1.3886560996619601,0.09524410038844222,-0.7603719520717012,1.238136274867634,-1.8932755940666481,0.9175173505669845,0.752604761602483,1.1355715990066528,2.108231020363073,-2.108231020363073,0.009116940000239993,pixhawk_fused,0.8,0.2,gyro,-1.0,0.1759144365787506,0.3106559216976166,odom,
8121.130087342,navigating,1.397259339637705,0.08416239387190816,-0.7210990963051946,1.2482349081326405,-1.8835371360995081,0.956790206333491,0.7924396974839473,1.0982000827789307,2.147364170940618,-2.147364170940618,0.08389283500036981,pixhawk_fused,0.8,0.2,gyro,-1.0,0.11282260715961456,0.4044400751590729,odom,
8121.230671932,navigating,1.4031610992961883,0.07708773249724293,-0.6974090325794144,1.2546382093866268,-1.8769129883291624,0.9804802700592712,0.8207371415629272,1.0747737884521484,2.169909383596878,-2.169909383596878,0.033317766999971354,pixhawk_fused,0.8,0.2,gyro,-1.0,0.10262227058410645,0.3372182846069336,odom,
8121.349959579,navigating,1.4095296842035707,0.07001695110846129,-0.6388089632727616,1.2609877546853598,-1.8698251044651437,1.039080339365924,0.8707802512029217,1.0133322477340698,2.230636145504217,-2.230636145504217,0.04293990400037728,pixhawk_fused,0.8,0.2,gyro,-1.0,0.09285542368888855,0.4746377766132355,odom,
8121.450900275,navigating,1.415382832667676,0.06413601977978739,-0.5960040766789427,1.2662093607141003,-1.8633768852756265,1.081885225959743,0.9187939500998384,0.9718825221061707,2.272146237822275,-2.272146237822275,0.031068466999386146,pixhawk_fused,0.8,0.2,gyro,-1.0,0.10912368446588516,0.5003159642219543,odom,
8121.570494417,navigating,1.4241352367866895,0.05623170913534997,-0.5846889980411689,1.273132857411281,-1.8538297444413023,1.0932003045975167,0.9757664064611704,0.9718825221061707,2.272146237822275,-2.272146237822275,0.15107732599972223,pixhawk_fused,0.8,0.2,gyro,-1.0,0.10294383019208908,0.40596070885658264,odom,
8121.691592371,navigating,1.4332276248561207,0.04876813278107245,-0.5046141211331117,1.2795818044377163,-1.8439916767930549,1.173275181505574,1.0087425675884836,0.8826407790184021,2.363894407482843,-2.363894407482843,0.07660264700007247,pixhawk_fused,0.8,0.2,gyro,-1.0,0.1109265610575676,0.2650955319404602,odom,
8121.80995955,navigating,1.4411657801289628,0.04253871366146386,-0.48309154168121227,1.2849270387658687,-1.8354331464472162,1.1947977609574734,1.0128357752730386,0.8565695881843567,2.389752771886091,-2.389752771886091,0.02104878199952509,pixhawk_fused,0.8,0.2,gyro,-1.0,0.09453775733709335,0.0,odom,
8121.911156761,navigating,1.4470810747370064,0.03785842913798387,-0.4800585920419356,1.2889482337628917,-1.8290514723473743,1.19783071059675,1.0020497165389304,0.8521471619606018,2.396228191511731,-2.396228191511731,0.014865890999317344,pixhawk_fused,0.8,0.2,gyro,-1.0,0.09084630757570267,-0.03618454188108444,odom,
8122.030438519,navigating,1.4535519360512958,0.03255224535693663,-0.4931859387921429,1.293532358627885,-1.8220505130067435,1.1847033638465427,0.9798691394112278,0.8630766868591309,2.385358087228637,-2.385358087228637,0.016404534999310272,pixhawk_fused,0.8,0.2,gyro,-1.0,0.07058963179588318,-0.1325477659702301,odom,
8122.150953389,navigating,1.4590812546417102,0.027822473946899823,-0.516211294766519,1.297644013356185,-1.8160473141044289,1.1616780078721667,0.958203527630277,0.8845912218093872,2.361993614839416,-2.361993614839416,0.056311188000108814,pixhawk_fused,0.8,0.2,gyro,-1.0,0.06706561148166656,-0.13561758399009705,odom,
8122.270299556,navigating,1.4639024334720474,0.02355617940686322,-0.5412659749881805,1.3013705383779905,-1.8107977383426845,1.136623327650505,0.9480259601277927,0.9127791523933411,2.3332308003623297,-2.3332308003623297,0.06356926700027543,pixhawk_fused,0.8,0.2,gyro,-1.0,0.061740998178720474,-0.06760713458061218,odom,
8122.371325159,navigating,1.4676952567755002,0.020148259134439378,-0.5488602604002,1.3043535259993795,-1.8066623769261876,1.1290290422384857,0.9412758478208413,0.9199936389923096,2.3254262324217967,-2.3254262324217967,0.05627193000054831,pixhawk_fused,0.8,0.2,gyro,-1.0,0.05662164092063904,-0.06767647713422775,odom,
8122.489562435,navigating,1.4719387673159339,0.016323676613186094,-0.5476474988770579,1.3077026155906841,-1.8020343738926898,1.1302418037616278,0.9473583757620511,0.9199936389923096,2.3254262324217967,-2.3254262324217967,0.17460033299994393,pixhawk_fused,0.8,0.2,gyro,-1.0,0.05384447053074837,0.03370167687535286,odom,
8122.590679388,navigating,1.4754117412577097,0.013230404698336362,-0.5439308191716818,1.3104069456490586,-1.7982506616844447,1.1339584834670038,0.9594566591561653,0.9161293506622314,2.327056791191947,-2.327056791191947,0.014830189000349492,pixhawk_fused,0.8,0.2,gyro,-1.0,0.05386325716972351,0.16856707632541656,odom,
,reached,1.4754117412577097,0.013230404698336362,-0.5439308191716818,,,,,,,,,True,0.8,0.2,gyro,-1.0,,,mission_status,reached waypoint 2/4
,turning,1.4754117412577097,0.013230404698336362,-0.5439308191716818,,,,,,,,,True,0.8,0.2,gyro,-1.0,,,mission_status,aligning for waypoint 3/4
8122.691215166,turning,1.4791147252440875,0.01003543792053288,-0.5383648954495199,1.3131878025605592,-1.7942273871533694,1.1395244071891657,0.96969152681229,0.9094591736793518,2.3314613628443595,-2.3314613628443595,0.07345651000014186,pixhawk_fused,0.8,0.2,gyro,-1.0,0.05801708623766899,-0.0331743024289608,odom,
8122.810500852,turning,1.4829683776481097,0.006673893621967825,-0.5387170281554867,1.3161181779704239,-1.7900365021776747,1.139172274483199,0.9251988041207554,0.9004338383674622,2.342107069795978,-2.342107069795978,0.015364292000413116,pixhawk_fused,0.8,0.2,gyro,-1.0,0.06160099804401398,-0.8096871376037598,odom,
8122.93066271,turning,1.4881715893927498,0.0013211890657807701,-0.649994407623216,1.3208840541115923,-1.7842909575444457,1.0278948950154696,0.8126480382376855,1.0200029611587524,2.23114747679795,-2.23114747679795,0.02920658800030651,pixhawk_fused,0.8,0.2,gyro,-1.0,0.07693216949701309,-1.0112009048461914,odom,
8123.050217614,turning,1.4930135586279798,-0.004973496942641514,-0.6742046897442062,1.3266251277466086,-1.7788038989939234,1.0036846128944794,0.6915543577406694,1.0200029611587524,2.23114747679795,-2.23114747679795,0.14859331000025122,pixhawk_fused,0.8,0.2,gyro,-1.0,0.07200779020786285,-1.0140833854675293,odom,
8123.15187056,turning,1.4965926869735486,-0.010908107033005904,-0.7894685767565136,1.3321431713545109,-1.7746109344841765,0.888420725882172,0.5870698083032366,1.134938359260559,2.1131899706181403,-2.1131899706181403,0.05452160400000139,pixhawk_fused,0.8,0.2,gyro,-1.0,0.0806896835565567,-1.0605899095535278,odom,
8123.270724773,turning,1.5001337973164734,-0.018708027290163715,-0.9606367557927471,1.3395199024984008,-1.7702563901785624,0.7172525468459385,0.4578964932986498,1.3174810409545898,1.9315238972958442,-1.9315238972958442,0.05512133600041125,pixhawk_fused,0.8,0.2,gyro,-1.0,0.0822947695851326,-1.0816872119903564,odom,
8123.37228674,turning,1.5023074254223407,-0.02555120682596096,-0.9822769353910333,1.3460915420339246,-1.7673637583117479,0.6956123672476523,0.3496410926249545,1.3174810409545898,1.9315238972958442,-1.9315238972958442,0.15663608200065937,pixhawk_fused,0.8,0.2,gyro,-1.0,0.07820621877908707,-1.0279470682144165,odom,
8123.491612946,turning,1.5038460602697201,-0.033703803654953235,-1.0927347409248873,1.3540329706497292,-1.7649625203415031,0.5851545617137983,0.2123367926517742,1.422214388847351,1.8277555894907829,-1.8277555894907829,0.10229917899960128,pixhawk_fused,0.8,0.2,gyro,-1.0,0.08745566755533218,-1.2171412706375122,odom,
8123.610619879,turning,1.504245277553472,-0.04179571253036145,-1.343516332736218,1.3620358494967808,-1.763700659078539,0.33437296990246757,0.08069731704713451,1.7027862071990967,1.5472244715746757,-1.5472244715746757,0.03590647100008937,pixhawk_fused,0.8,0.2,gyro,-1.0,0.07749216258525848,-1.086465835571289,odom,
8123.711177768,turning,1.503715020153223,-0.04922424441299038,-1.4020531289650582,1.36947850187013,-1.763433854859623,0.27583617367362745,-0.031590206522364606,1.747992753982544,1.5021237032469628,-1.5021237032469628,0.08731193699986761,pixhawk_fused,0.8,0.2,gyro,-1.0,0.08926743268966675,-1.173336386680603,odom,
8123.830520122,turning,1.5020322352092508,-0.05780741856784295,-1.5132341276016081,1.3781923734096788,-1.7641895575342457,0.1646551750370775,-0.1634890859494621,1.854055643081665,1.3961178247984765,-1.3961178247984765,0.02891316699970048,pixhawk_fused,0.8,0.2,gyro,-1.0,0.08262927830219269,-1.0860841274261475,odom,
8123.931081752,turning,1.49978929977247,-0.06469449467929977,-1.7054164677660324,1.3852797373901846,-1.7656834947974518,-0.027527165127346764,-0.2740523642034712,2.0667901039123535,1.1835372835453866,-1.1835372835453866,0.013829888999680406,pixhawk_fused,0.8,0.2,gyro,-1.0,0.08380674570798874,-1.1015608310699463,odom,
8124.049826355,turning,1.4961550329617295,-0.07249647393732028,-1.7324492289580244,1.3934254802266324,-1.7684630000118184,-0.054559926319338814,-0.4092967310376629,2.0667901039123535,1.1835372835453866,-1.1835372835453866,0.1329799119994277,pixhawk_fused,0.8,0.2,gyro,-1.0,0.08255884051322937,-1.2886254787445068,odom,
8124.150390171,turning,1.4933390139055336,-0.07686806961592278,-1.9357396832599878,1.3980730308802223,-1.7707956133583358,-0.25785038062130217,-0.555439693925503,2.288037061691284,0.9659787088688728,-0.9659787088688728,0.04445612400013488,pixhawk_fused,0.8,0.2,gyro,-1.0,0.05165625736117363,-1.5616376399993896,odom,
8124.250865637,turning,1.4909657107109076,-0.07961958862467819,-2.083761352768964,1.4010624650571735,-1.772861214532532,-0.40587205013027816,-0.7075011972248968,2.435884475708008,0.8189667306002495,-0.8189667306002495,0.0312706699996852,pixhawk_fused,0.8,0.2,gyro,-1.0,0.023153504356741905,-1.5216549634933472,odom,
8124.371410604,turning,1.4878690088845004,-0.08217213581804252,-2.115973207485112,1.403931390235791,-1.7756673377827688,-0.43808390484642645,-0.8691413495968735,2.435884475708008,0.8189667306002495,-0.8189667306002495,0.15172384200013767,pixhawk_fused,0.8,0.2,gyro,-1.0,0.03344201669096947,-1.1833723783493042,odom,
8124.489999323,turning,1.4855799654007413,-0.0835776196983491,-2.2630712318044592,1.4055734943002267,-1.7777930374910778,-0.5851819291657736,-1.0086143353189696,2.5830078125,0.6699829063471672,-0.6699829063471672,0.09223603200007346,pixhawk_fused,0.8,0.2,gyro,-1.0,0.025367185473442078,-1.0669687986373901,odom,
8124.610998172,turning,1.4840960272670625,-0.08420219946289742,-2.5188999308434665,1.4063531116164516,-1.7792017138581373,-0.8410106282047809,-1.1168982759060855,2.8760905265808105,0.3773934445437309,-0.3773934445437309,0.0164900720001242,pixhawk_fused,0.8,0.2,gyro,-1.0,0.02792455442249775,-0.567246675491333,odom,
8124.730431471,turning,1.4826081203026111,-0.08471194661982069,-2.558571240691188,1.4070189784200131,-1.7806266105908055,-0.8806819380525024,-1.1622379050156095,2.9078257083892822,0.33913920736874315,-0.33913920736874315,0.033075790999646415,pixhawk_fused,0.8,0.2,gyro,-1.0,0.007708968594670296,-0.23642998933792114,odom,
8124.831553557,turning,1.482308104688164,-0.08480424345381396,-2.6072814409574994,1.4071428146728302,-1.780915041963866,-0.9293921383188137,-1.169670809270296,2.9638099670410156,0.28011145282353134,-0.28011145282353134,0.015588363000460959,pixhawk_fused,0.8,0.2,gyro,-1.0,0.0,0.0,odom,
,navigating,1.482308104688164,-0.08480424345381396,-2.6072814409574994,,,,,,,,,True,0.8,0.2,gyro,-1.0,,,mission_status,going to waypoint 3/4
8124.950360143,navigating,1.4822194534976945,-0.08483121003112734,-2.6067354444554356,1.4071791025420437,-1.781000302860012,-0.92884614181675,-1.1669394471243069,2.9638099670410156,0.28011145282353134,-0.28011145282353134,0.13433250500020222,pixhawk_fused,0.8,0.2,gyro,-1.0,0.007846909575164318,0.10314024239778519,odom,
8125.051971778,navigating,1.4819192533490053,-0.08492327787527135,-2.603509689052874,1.4073027308414559,-1.781288942186478,-0.9256203864141885,-1.1622073701550506,2.9619500637054443,0.2829608900463474,-0.2829608900463474,0.015666157999476127,pixhawk_fused,0.8,0.2,gyro,-1.0,0.0,0.0,odom,
8125.170579274,navigating,1.4817487229481512,-0.08497647498530672,-2.60251206761215,1.407373850906046,-1.7814528094698028,-0.9246227649734644,-1.1595160625043837,2.961580991744995,0.2835354097551,-0.2835354097551,0.05187077400023554,pixhawk_fused,0.8,0.2,gyro,-1.0,0.005146767012774944,0.06764940917491913,odom,
8125.272814605,navigating,1.4796604353870668,-0.08565655594088373,-2.5972473964112943,1.408273249383686,-1.783456440529239,-0.9193580937726087,-1.1331660989914898,2.961580991744995,0.2835354097551,-0.2835354097551,0.15394268199997896,pixhawk_fused,0.8,0.2,gyro,-1.0,0.046654317528009415,0.41957637667655945,odom,
8125.391117737,navigating,1.4720558818157798,-0.08846791926374788,-2.584587325613718,1.4118813449412104,-1.7907169257196027,-0.9066980229750325,-1.083847726610217,2.9569146633148193,0.2870591491824281,-0.2870591491824281,0.09385354699952586,pixhawk_fused,0.8,0.2,gyro,-1.0,0.10084232687950134,0.4639171361923218,odom,
8125.511210787,navigating,1.4597576958324232,-0.09373314683243,-2.5495783936551013,1.4184309414157792,-1.8023818640328368,-0.8716890910164157,-1.032421803022208,2.9235105514526367,0.31798586831151365,-0.31798586831151365,0.105585782000162,pixhawk_fused,0.8,0.2,gyro,-1.0,0.14706972241401672,0.37309977412223816,odom,
8125.630367443,navigating,1.4435841257737667,-0.10143039923637073,-2.469002319955857,1.4278128632696445,-1.8176400292351211,-0.7911130173171714,-1.004715624096705,2.827221155166626,0.41172922963558556,-0.41172922963558556,0.035029245000259834,pixhawk_fused,0.8,0.2,gyro,-1.0,0.17721210420131683,0.19965314865112305,odom,
8125.730959464,navigating,1.4285111494057248,-0.10891718380645982,-2.453053302317049,1.436867882370481,-1.831826402586826,-0.7751639996783632,-1.0067508521717212,2.810093879699707,0.43216826859026075,-0.43216826859026075,0.028422342000339995,pixhawk_fused,0.8,0.2,gyro,-1.0,0.20865274965763092,-0.16929277777671814,odom,
8125.850587725,navigating,1.4096248472265727,-0.11788129927547869,-2.4747683125957503,1.4477993690234525,-1.8496463457881962,-0.7968790099570646,-1.0432937078482165,2.8297863006591797,0.41415782461969974,-0.41415782461969974,0.03369670899974153,pixhawk_fused,0.8,0.2,gyro,-1.0,0.2030637264251709,-0.37164419889450073,odom,
8125.970811532,navigating,1.3886998255444714,-0.12686791838851186,-2.4809980734403423,1.4589711458361727,-1.8694909233429315,-0.8031087708016567,-1.0744464945503185,2.8297863006591797,0.41415782461969974,-0.41415782461969974,0.1539293119994909,pixhawk_fused,0.8,0.2,gyro,-1.0,0.22527684271335602,-0.20658499002456665,odom,
8126.090997044,navigating,1.3661578271939407,-0.13599485134322162,-2.526299593764405,1.4704552686635552,-1.8909282160283591,-0.8484102911257194,-1.0825640681743478,2.8835010528564453,0.35956315170138003,-0.35956315170138003,0.051669407000190404,pixhawk_fused,0.8,0.2,gyro,-1.0,0.24719087779521942,7.958361675264314e-05,odom,
8126.210967226,navigating,1.3426025659071064,-0.14561134158755218,-2.5262306899491933,1.482534450160017,-1.9133206387040296,-0.8483413873105077,-1.0560271802136254,2.888275384902954,0.3530246085515511,-0.3530246085515511,0.013581486000475707,pixhawk_fused,0.8,0.2,gyro,-1.0,0.2494746297597885,0.4487202763557434,odom,
8126.311973002,navigating,1.3224157158406438,-0.15477624602636492,-2.4714247544598593,1.4938045889334133,-1.9324122169784101,-0.7935354518211737,-1.0059135185454304,2.827932834625244,0.40900122761635904,-0.40900122761635904,0.012864663000073051,pixhawk_fused,0.8,0.2,gyro,-1.0,0.25729262828826904,0.5520579814910889,odom,
8126.429685922,navigating,1.300159449147277,-0.16651378170608838,-2.4152885223394525,1.5078538170143656,-1.9532863718424622,-0.7373992197007668,-0.9384467506379499,2.7752861976623535,0.4623111912003053,-0.4623111912003053,0.01273757199942338,pixhawk_fused,0.8,0.2,gyro,-1.0,0.22273708879947662,0.532303512096405,odom,
8126.532108678,navigating,1.2825899893204333,-0.1772811730551714,-2.403287980119521,1.5204374934719267,-1.9696042675978225,-0.7253986774808352,-0.878218417154046,2.7752861976623535,0.4623111912003053,-0.4623111912003053,0.11449787499986996,pixhawk_fused,0.8,0.2,gyro,-1.0,0.23215967416763306,0.5085866451263428,odom,
8126.650299017,navigating,1.263034777256344,-0.19088964252121074,-2.3211554817909072,1.5360582254362376,-1.987592861010838,-0.6432661791522216,-0.8315455389711593,2.685065984725952,0.5532620764961732,-0.5532620764961732,0.047959221999917645,pixhawk_fused,0.8,0.2,gyro,-1.0,0.22870482504367828,0.16880770027637482,odom,
8126.770580973,navigating,1.2436490497407255,-0.20539822014677261,-2.279798159865733,1.5525557929337206,-2.00531672973899,-0.6019088572270475,-0.8192679642769894,2.641611099243164,0.601870908557464,-0.601870908557464,0.05103186199994525,pixhawk_fused,0.8,0.2,gyro,-1.0,0.2162182629108429,-0.1353326141834259,odom,
8126.891373866,navigating,1.2243544510568423,-0.21942487903040403,-2.2936143860708844,1.568564461975497,-2.0230015032269577,-0.6157250834321988,-0.8679454134732358,2.651465892791748,0.5967626772513879,-0.5967626772513879,0.002255596999930276,pixhawk_fused,0.8,0.2,gyro,-1.0,0.22052137553691864,-0.5391947031021118,odom,
8127.01086376,navigating,1.207697528957224,-0.22994704968721386,-2.3470211209934737,1.5808067829183652,-2.0384383004043385,-0.6691318183547881,-0.9539420747747639,2.6981360912323,0.5515028787544263,-0.5515028787544263,0.008284618999823579,pixhawk_fused,0.8,0.2,gyro,-1.0,0.16013440489768982,-0.8147675395011902,odom,
8127.130725075,navigating,1.1910688666111535,-0.238385343429028,-2.433089636681462,1.590974144783802,-2.0540697419690193,-0.7552003340427764,-1.0504272506631944,2.7793490886688232,0.4680382730653775,-0.4680382730653775,0.08384826900055486,pixhawk_fused,0.8,0.2,gyro,-1.0,0.18481601774692535,-0.7653746008872986,odom,
8127.25013612,navigating,1.1700636197081806,-0.24699564942308988,-2.4909868048375436,1.6017803395101196,-2.074034308638575,-0.813097502198858,-1.0950590903108341,2.843827724456787,0.4068250468662274,-0.4068250468662274,0.051886776000173995,pixhawk_fused,0.8,0.2,gyro,-1.0,0.22877338528633118,-0.16885825991630554,odom,
8127.350834291,navigating,1.1502009626455167,-0.2545593173741124,-2.559378441896172,1.6114237627710675,-2.0929747047873497,-0.8814891392574862,-1.1004988733692396,2.923460006713867,0.32270263942985655,-0.32270263942985655,0.04349201000059111,pixhawk_fused,0.8,0.2,gyro,-1.0,0.24920085072517395,0.101386159658432,odom,
8127.471537261,navigating,1.1261457886936912,-0.2641294897522358,-2.544130254642114,1.623510326613415,-2.115869126983257,-0.8662409520034284,-1.064591115617662,2.9111745357513428,0.33279695136754633,-0.33279695136754633,0.05126395200022671,pixhawk_fused,0.8,0.2,gyro,-1.0,0.2443736493587494,0.23667819797992706,odom,
8127.592486525,navigating,1.1055886025330577,-0.273118632918224,-2.537541863935639,1.6346452956734088,-2.135347706544779,-0.8596525612969534,-1.0315463197064427,2.9111745357513428,0.33279695136754633,-0.33279695136754633,0.17151130000002013,pixhawk_fused,0.8,0.2,gyro,-1.0,0.1983403116464615,0.31792646646499634,odom,
8127.710572459,navigating,1.0899975071087724,-0.2805475213822398,-2.4905251277774134,1.64369813126349,-2.150055419083407,-0.8126358251387278,-1.000406943143592,2.86152720451355,0.3837658296367419,-0.3837658296367419,0.09132547500030341,pixhawk_fused,0.8,0.2,gyro,-1.0,0.14971724152565002,0.27148184180259705,odom,
8127.812386762,navigating,1.0792354485331328,-0.28612293587062526,-2.4638583338187323,1.6503919434245893,-2.1601598750437603,-0.7859690311800467,-0.9579836963010241,2.838252544403076,0.40651055519192336,-0.40651055519192336,0.016469813999719918,pixhawk_fused,0.8,0.2,gyro,-1.0,0.1369963139295578,0.5335370898246765,odom,
8127.929956131,navigating,1.067074706503482,-0.2933178269960838,-2.4208566873952146,1.6588454573007843,-2.1714818981917623,-0.742967384756529,-0.8842875940974027,2.800769567489624,0.4418899620017302,-0.4418899620017302,0.03333325200037507,pixhawk_fused,0.8,0.2,gyro,-1.0,0.1417766660451889,0.7320973873138428,odom,
8128.030553452,navigating,1.0565836151916304,-0.3007151148163704,-2.3592062309191935,1.6673217420748525,-2.1811222021516317,-0.6813169282805078,-0.7936560694442405,2.7450222969055176,0.4963707769355071,-0.4963707769355071,0.013420469999800844,pixhawk_fused,0.8,0.2,gyro,-1.0,0.15921089053153992,1.0286040306091309,odom,
8128.150293807,navigating,1.0415983407132847,-0.3140456124200293,-2.256276347792382,1.6821776214147104,-2.194596750997218,-0.5783870451536965,-0.6675040553689124,2.6491918563842773,0.5935786405643714,-0.5935786405643714,0.05302698200011946,pixhawk_fused,0.8,0.2,gyro,-1.0,0.2065722793340683,0.9279789924621582,odom,
8128.250352322,navigating,1.0287686413446242,-0.32793976720101403,-2.1089732319725467,1.6973635228086756,-2.205867825560938,-0.4310839293338611,-0.6088836149403493,2.4803943634033203,0.7628350009760154,-0.7628350009760154,0.04405396600031963,pixhawk_fused,0.8,0.2,gyro,-1.0,0.2193959355354309,0.3053385019302368,odom,
8128.350611187,navigating,1.0165423202539003,-0.34199562493131935,-2.0879697514906317,1.7126457066292644,-2.216521694417921,-0.41008044885194606,-0.6135623535064341,2.4577112197875977,0.7902370096585049,-0.7902370096585049,0.032288360000165994,pixhawk_fused,0.8,0.2,gyro,-1.0,0.19524511694908142,-0.13506917655467987,odom,
8128.47073589,navigating,1.0061142324076098,-0.3536259082954191,-2.094605715942157,1.7253240018862073,-2.225646897793024,-0.41671641330347153,-0.6467864414370238,2.4577112197875977,0.7902370096585049,-0.7902370096585049,0.15301244300007966,pixhawk_fused,0.8,0.2,gyro,-1.0,0.12045397609472275,-0.27534857392311096,odom,
8128.57091644,navigating,1.0006207448794249,-0.35930015823141404,-2.1193040017670612,1.7315529342099043,-2.2305024018518487,-0.4414146991283756,-0.6968295422908016,2.4746079444885254,0.7718715073010219,-0.7718715073010219,0.05266933999973844,pixhawk_fused,0.8,0.2,gyro,-1.0,0.05918189510703087,-0.7102477550506592,odom,
8128.691973463,navigating,0.9967358315117979,-0.36280525682039444,-2.2051245606463477,1.7354532043017834,-2.2339904043178502,-0.527235258007662,-0.7757022536732349,2.5547432899475098,0.684314456417252,-0.684314456417252,0.07415452500026731,pixhawk_fused,0.8,0.2,gyro,-1.0,0.046177711337804794,-0.6069625616073608,odom,
8128.810745908,navigating,0.9922084600456421,-0.3662631447619915,-2.2733012467126996,1.7393752055245095,-2.238122230526458,-0.595411944074014,-0.8615786408279589,2.6211671829223633,0.620561926736523,-0.620561926736523,0.015162073999817949,pixhawk_fused,0.8,0.2,gyro,-1.0,0.05933619290590286,-0.779918372631073,odom,
8128.911882093,navigating,0.9878130949395355,-0.36908455323230516,-2.403890860325514,1.7426502637035506,-2.2421908388998744,-0.7260015576868284,-0.9403083313944228,2.767794132232666,0.47701641459672584,-0.47701641459672584,0.010612084999593208,pixhawk_fused,0.8,0.2,gyro,-1.0,0.06196262687444687,-0.8144403696060181,odom,
8129.030359413,navigating,0.9810970415158075,-0.3725513330323766,-2.4258644276190506,1.746815050526888,-2.248497857727237,-0.747975124980365,-1.050215501964522,2.767794132232666,0.47701641459672584,-0.47701641459672584,0.1293650309999066,pixhawk_fused,0.8,0.2,gyro,-1.0,0.08100315928459167,-0.9981690645217896,odom,
8129.130537556,navigating,0.972106606839875,-0.376028458383415,-2.52708803357945,1.751233228574504,-2.257065122116096,-0.8491987309407643,-1.1492678234544704,2.8709452152252197,0.3752501501580967,-0.3752501501580967,0.03376233799917827,pixhawk_fused,0.8,0.2,gyro,-1.0,0.1262473165988922,-0.9143644571304321,odom,
8129.250406913,navigating,0.9548952243661214,-0.3808132874684676,-2.6744958865163837,1.757830342402169,-2.273666458362791,-0.9966065838776981,-1.2303396787068324,3.032796859741211,0.21126177509038585,-0.21126177509038585,0.03211923399976513,pixhawk_fused,0.8,0.2,gyro,-1.0,0.21842078864574432,-0.3039815127849579,odom,
8129.351607431,navigating,0.9351872564411194,-0.3853096443859682,-2.676099814497329,1.7644074927029316,-2.292780911511747,-0.9982105118586433,-1.238363891339672,3.032796859741211,0.21126177509038585,-0.21126177509038585,0.13301999800023623,pixhawk_fused,0.8,0.2,gyro,-1.0,0.2517760396003723,0.13507580757141113,odom,
8129.47205065,navigating,0.9115829698499514,-0.3911195333339539,-2.707143651335271,1.772707121059253,-2.3156289600982864,-1.0292543486965853,-1.1976515659181155,3.077802896499634,0.16232560814826624,-0.16232560814826624,0.08309689500038075,pixhawk_fused,0.8,0.2,gyro,-1.0,0.22125564515590668,0.4057949483394623,odom,
8129.590968465,navigating,0.8926629593052962,-0.3965217283365463,-2.651929332348412,1.780100696428967,-2.3338631464828845,-0.9740400297097263,-1.1652438398906748,3.015249252319336,0.2232167961290373,-0.2232167961290373,0.014912410999386339,pixhawk_fused,0.8,0.2,gyro,-1.0,0.166732519865036,0.23606622219085693,odom,
8129.713207917,navigating,0.8780726192863965,-0.4011921975064602,-2.6378807625357994,1.7863039465071175,-2.3478706799060873,-0.9599914598971138,-1.140122120450796,3.0045430660247803,0.23450764924197331,-0.23450764924197331,0.09016660599991155,pixhawk_fused,0.8,0.2,gyro,-1.0,0.11793424189090729,0.19380328059196472,odom,
8129.830987804,navigating,0.8691783390993244,-0.40423793163465294,-2.6202980394278814,1.790282926962878,-2.3563884513845,-0.9424087367891958,-1.1245468036310504,2.987326145172119,0.25259011281936306,-0.25259011281936306,0.030137077000290446,pixhawk_fused,0.8,0.2,gyro,-1.0,0.06818491965532303,0.06891778856515884,odom,
8129.950329094,navigating,0.8644688403598905,-0.4059386083775762,-2.5938296268570817,1.7924772512949143,-2.3608891869339943,-0.9159403242183961,-1.1029918648186237,2.960869550704956,0.28028209601252213,-0.28028209601252213,0.03150774299956538,pixhawk_fused,0.8,0.2,gyro,-1.0,0.038703855127096176,0.23739536106586456,odom,
8130.051187599,navigating,0.8610011549301368,-0.40729612879746613,-2.5877659121071606,1.7941976498164207,-2.3641919029159313,-0.9098766094684749,-1.0725561970370965,2.960869550704956,0.28028209601252213,-0.28028209601252213,0.13205999299952964,pixhawk_fused,0.8,0.2,gyro,-1.0,0.041112449020147324,0.3377402722835541,odom,
8130.170496817,navigating,0.8570759628623252,-0.40900080763545765,-2.5337007583801623,1.796312120040847,-2.367912397288985,-0.8558114557414767,-1.021641504797829,2.9063174724578857,0.3351302666655077,-0.3351302666655077,0.06588849899981142,pixhawk_fused,0.8,0.2,gyro,-1.0,0.03929246962070465,0.516462504863739,odom,
8130.27086959,navigating,0.8537042400197142,-0.4106913654081379,-2.487015252232237,1.7983533906666307,-2.371084102625624,-0.8091259495935512,-0.9647967171090728,2.8613221645355225,0.37929173540978567,-0.37929173540978567,0.05210416399950191,pixhawk_fused,0.8,0.2,gyro,-1.0,0.04884786903858185,0.6420592665672302,odom,
8130.391961153,navigating,0.8488546653285729,-0.4135607816103799,-2.4704472893588107,1.8017247312722953,-2.3755991869600797,-0.7925579867201251,-0.8812034227147568,2.8613221645355225,0.37929173540978567,-0.37929173540978567,0.17269312299958983,pixhawk_fused,0.8,0.2,gyro,-1.0,0.05640631914138794,0.6739912033081055,odom,
8130.511816104,navigating,0.8434857227978728,-0.4173975333207185,-2.405437909394514,1.806113379936368,-2.380527266757331,-0.7275486067558283,-0.7911975186095466,2.8015389442443848,0.43816882204918994,-0.43816882204918994,0.11287542300033238,pixhawk_fused,0.8,0.2,gyro,-1.0,0.06705217063426971,0.8135424256324768,odom,
8130.630072134,navigating,0.8377335148407886,-0.4223986323514682,-2.2341214681956045,1.8117006720282134,-2.3857119610566424,-0.5562321655569189,-0.6898124313574091,2.6147406101226807,0.6267075687637819,-0.6267075687637819,0.0422139940001216,pixhawk_fused,0.8,0.2,gyro,-1.0,0.07847578823566437,0.8983948826789856,odom,
8130.730591924,navigating,0.831333875102315,-0.4291302977726432,-2.192519721735104,1.8190778190789139,-2.391355400567901,-0.5146304190964184,-0.6093451546493015,2.581958770751953,0.6587125235786928,-0.6587125235786928,0.03273742900000798,pixhawk_fused,0.8,0.2,gyro,-1.0,0.1107773706316948,0.5756533741950989,odom,
8130.850830684,navigating,0.8229176183251666,-0.4392216611041103,-2.0735419410474503,1.830010969359127,-2.3986447912815922,-0.39565263840876463,-0.5686995501474749,2.4470887184143066,0.7970837180605425,-0.7970837180605425,0.03157274199929816,pixhawk_fused,0.8,0.2,gyro,-1.0,0.12848564982414246,0.20261713862419128,odom,
8130.972338944,navigating,0.815598257274652,-0.4483743113840608,-2.0743467889634286,1.8398935390360949,-2.4049439078795563,-0.396457486324743,-0.5727393198536057,2.4470887184143066,0.7970837180605425,-0.7970837180605425,0.1535231809994002,pixhawk_fused,0.8,0.2,gyro,-1.0,0.10501756519079208,-0.1605389565229416,odom,
8131.09184203,navigating,0.8112863114446615,-0.4536279185628517,-2.0810708623145318,1.8455779453681849,-2.4086696010877406,-0.4031815596758461,-0.5990759946792928,2.4478845596313477,0.7952441963246358,-0.7952441963246358,0.05753276999985246,pixhawk_fused,0.8,0.2,gyro,-1.0,0.02774251438677311,-0.36464923620224,odom,
8131.211056048,navigating,0.8094744347601147,-0.45568235069573315,-2.1031308011584864,1.8478142762880787,-2.410251502641361,-0.42524149851980075,-0.6390082708842654,2.4670000076293945,0.777641715421368,-0.777641715421368,0.0926339799998459,pixhawk_fused,0.8,0.2,gyro,-1.0,0.0228439811617136,-0.3002626299858093,odom,
8131.311540913,navigating,0.8076111811994487,-0.45763881457450295,-2.1397700116743557,1.8499586918028588,-2.4118949584029306,-0.46188070903567,-0.6769988785094391,2.50199031829834,0.7413397564729941,-0.7413397564729941,0.013361304999307322,pixhawk_fused,0.8,0.2,gyro,-1.0,0.028383873403072357,-0.3730792999267578,odom,
8131.412124259,navigating,0.8048532622042806,-0.4603221097557344,-2.2015304561297686,1.8529214039672373,-2.4143502642585366,-0.523641153491083,-0.7093532211070263,2.5706772804260254,0.6722476554652941,-0.6722476554652941,0.007178302999818698,pixhawk_fused,0.8,0.2,gyro,-1.0,0.05159669369459152,-0.27127599716186523,odom,
8131.530224182,navigating,0.8012940644119444,-0.46350363369297065,-2.211538010023446,1.8564651379458414,-2.4175490035378564,-0.5336487073847604,-0.7594859350675724,2.5706772804260254,0.6722476554652941,-0.6722476554652941,0.12574470100025792,pixhawk_fused,0.8,0.2,gyro,-1.0,0.05668647214770317,-0.13545292615890503,odom,
8131.630932952,navigating,0.7984118220820244,-0.4659056403467109,-2.2666205025170627,1.8591614617981145,-2.420157986959931,-0.5887311998783771,-0.7944820095139992,2.627256155014038,0.6121521347007047,-0.6121521347007047,0.03322895899964351,pixhawk_fused,0.8,0.2,gyro,-1.0,0.03589810058474541,-0.47184672951698303,odom,
8131.750277764,navigating,0.7954634988042082,-0.4681305027411988,-2.323210477228365,1.8616887195319314,-2.4228516074179356,-0.6453211745896792,-0.8487898834229803,2.6874136924743652,0.5549929930707704,-0.5549929930707704,0.04687357499915379,pixhawk_fused,0.8,0.2,gyro,-1.0,0.03339052572846413,-0.4388870298862457,odom,
8131.851076958,navigating,0.7922826852066122,-0.4702923058356367,-2.3634011022444343,1.8641781297459958,-2.425783126571529,-0.6855117996057487,-0.8825346839133121,2.727820634841919,0.5131952347597372,-0.5131952347597372,0.03226930700020603,pixhawk_fused,0.8,0.2,gyro,-1.0,0.059469692409038544,-0.21318358182907104,odom,
8131.971057354,navigating,0.7855340959545517,-0.47461425991003214,-2.368552094534217,1.8691966692745243,-2.432031086631805,-0.6906627918955315,-0.9083354430158295,2.727820634841919,0.5131952347597372,-0.5131952347597372,0.1524913840003137,pixhawk_fused,0.8,0.2,gyro,-1.0,0.07462064921855927,-0.23674921691417694,odom,
8132.091111675,navigating,0.7791220587669104,-0.4785312939837554,-2.408031057099632,1.8737766350714131,-2.437987703971347,-0.7301417544609463,-0.9218204130496865,2.773731231689453,0.4672333868285905,-0.4672333868285905,0.05007265699987329,pixhawk_fused,0.8,0.2,gyro,-1.0,0.06413571536540985,-0.03372012823820114,odom,
8132.21064917,navigating,0.7737510212822252,-0.48174162049880354,-2.4160168640965964,1.877542671240213,-2.4429848242991365,-0.7381275614579108,-0.9252326291167821,2.781452178955078,0.45810819108693707,-0.45810819108693707,0.013605820000520907,pixhawk_fused,0.8,0.2,gyro,-1.0,0.06565122306346893,0.03451693058013916,odom,
8132.311163741,navigating,0.769197843394525,-0.48444734385117405,-2.422211397361195,1.8807195754119834,-2.447222706744414,-0.7443220947225093,-0.929278104929476,2.7880043983459473,0.4513784260666262,-0.4513784260666262,0.010919526000179758,pixhawk_fused,0.8,0.2,gyro,-1.0,0.05679195001721382,-1.8722017557593063e-05,odom,
8132.429966155,navigating,0.7641057877187875,-0.48747892877731835,-2.418104648396635,1.8842780740823593,-2.451961548942902,-0.7402153457579494,-0.9198043372409727,2.784205436706543,0.45414893116711486,-0.45414893116711486,0.013322841999979573,pixhawk_fused,0.8,0.2,gyro,-1.0,0.054091423749923706,0.1692979335784912,odom,
,reached,0.7641057877187875,-0.48747892877731835,-2.418104648396635,,,,,,,,,True,0.8,0.2,gyro,-1.0,,,mission_status,reached waypoint 3/4
,turning,0.7641057877187875,-0.48747892877731835,-2.418104648396635,,,,,,,,,True,0.8,0.2,gyro,-1.0,,,mission_status,aligning for waypoint 4/4
8132.530752925,turning,0.7608172698457881,-0.4894733352376278,-2.42050453334736,1.8866125590095237,-2.4550180480930415,-0.7426152307086742,-0.9318415842728653,2.784205436706543,0.45414893116711486,-0.45414893116711486,0.11389580099967134,pixhawk_fused,0.8,0.2,gyro,-1.0,0.040611524134874344,-0.5338002443313599,odom,
8132.650230256,turning,0.7551233894734306,-0.49252137226780646,-2.470676048469165,1.8902517436011308,-2.4603535086111474,-0.7927867458304796,-1.029200280127382,2.828800678253174,0.4157511997884404,-0.4157511997884404,0.045842664000701916,pixhawk_fused,0.8,0.2,gyro,-1.0,0.07196115702390671,-0.9458616375923157,odom,
8132.750880787,turning,0.7492036481851271,-0.49499526864976107,-2.5624307870624703,1.8933442186903757,-2.4659749050614517,-0.8845414844237847,-1.1259200634508153,2.918292999267578,0.32523692537008636,-0.32523692537008636,0.033124608999969496,pixhawk_fused,0.8,0.2,gyro,-1.0,0.07481145113706589,-0.9833260774612427,odom,
8132.870532967,turning,0.7417490123439073,-0.49721171228399924,-2.5858745921461583,1.8963447783745069,-2.4731499214022636,-0.9079852895074727,-1.2431781067095555,2.918292999267578,0.32523692537008636,-0.32523692537008636,0.15305876599995827,pixhawk_fused,0.8,0.2,gyro,-1.0,0.07177474349737167,-0.9434114098548889,odom,
8132.971649362,turning,0.7349297483116726,-0.4984440101047411,-2.6818348195708155,1.8982989165234971,-2.479798399721022,-1.0039455169321299,-1.3476607170606199,3.0105483531951904,0.23140325177370422,-0.23140325177370422,0.07532912299939198,pixhawk_fused,0.8,0.2,gyro,-1.0,0.07741443812847137,-1.0175398588180542,odom,
8133.090356019,turning,0.7264727837753978,-0.4989763232867373,-2.88080347083868,1.8997321313923745,-2.488150016428652,-1.2029141681999942,-1.4754436060594571,-3.054605484008789,0.014650353557456641,-0.014650353557456641,0.03565322000031301,pixhawk_fused,0.8,0.2,gyro,-1.0,0.08072924613952637,-1.0611099004745483,odom,
8133.191534673,turning,0.7190530739659889,-0.4985566097509497,-2.903192807861822,1.9001079031956336,-2.495572081414883,-1.2253035052231365,-1.587490733098341,-3.054605484008789,0.014650353557456641,-0.014650353557456641,0.13619868000023416,pixhawk_fused,0.8,0.2,gyro,-1.0,0.08261684328317642,-1.0859205722808838,odom,
8133.312062583,turning,0.7104306134458407,-0.4969980204552487,3.119205543192488,1.899479883911825,-2.5043117391766807,-1.4860904613484127,-1.7196299828462152,-2.7601187229156494,-0.27827045523465765,0.27827045523465765,0.0036879090002912562,pixhawk_fused,0.8,0.2,gyro,-1.0,0.07696669548749924,-1.0116547346115112,odom,
8133.430705279,turning,0.7020861576395183,-0.49431647407309254,3.0072104906306882,1.8977056254583626,-2.512895015977742,-1.5980855139102124,-1.8518073323821167,-2.654757022857666,-0.38522247349561345,0.38522247349561345,0.007750165000288689,pixhawk_fused,0.8,0.2,gyro,-1.0,0.07566114515066147,-0.9944944977760315,odom,
8133.530868264,turning,0.6963245974642462,-0.49170031111147416,2.988136962816751,1.8957202942985871,-2.5189032057617826,-1.6171590417241495,-1.9472014961298838,-2.654757022857666,-0.38522247349561345,0.38522247349561345,0.10823981100020319,pixhawk_fused,0.8,0.2,gyro,-1.0,0.06411653757095337,-0.8427515029907227,odom,
8133.631182653,turning,0.692077030397552,-0.4893083994617651,2.8346569472285092,1.8937961014399507,-2.5233821062037274,-1.7706390573123914,-2.0206744204913862,-2.480282783508301,-0.5586973813706745,0.5586973813706745,0.014349586999742314,pixhawk_fused,0.8,0.2,gyro,-1.0,0.04901931434869766,-0.6443127393722534,odom,
8133.750176382,turning,0.6888150544967888,-0.4871648753363689,2.8228913620163962,1.892013524850279,-2.526854512164336,-1.7824046425245044,-2.0795065372051917,-2.480282783508301,-0.5586973813706745,0.5586973813706745,0.13365227400026924,pixhawk_fused,0.8,0.2,gyro,-1.0,0.03083125874400139,-0.40524786710739136,odom,
8133.870944806,turning,0.6863574351520857,-0.485354412751287,2.7681899692590073,1.890476125325379,-2.529491569296117,-1.8371060352818933,-2.1255119101063897,-2.42455792427063,-0.6155724825197567,0.6155724825197567,0.07567530400046962,pixhawk_fused,0.8,0.2,gyro,-1.0,0.025213053449988365,-0.33140185475349426,odom,
8133.972622139,turning,0.6845702652572045,-0.4839222243344401,2.7014009020176037,1.8892431695857426,-2.5314215848501003,-1.9038951025232969,-2.1600233876841815,-2.3496944904327393,-0.6904305694037786,0.6904305694037786,0.07330548699974315,pixhawk_fused,0.8,0.2,gyro,-1.0,0.02322433330118656,-0.3052619993686676,odom,
8134.091045561,turning,0.6829026679810023,-0.4824886681745726,2.6947727155756938,1.8879960730145502,-2.533232859009694,-1.9105232889652068,-2.193165572233659,-2.3496944904327393,-0.6904305694037786,0.6904305694037786,0.19142126499991718,pixhawk_fused,0.8,0.2,gyro,-1.0,0.01796874962747097,-0.236182302236557,odom,
8134.212382812,turning,0.6825016114334735,-0.482127851555603,2.640761570037736,1.8876801917919985,-2.5336701850209025,-1.9645344345031646,-2.2012965979849937,-2.2865376472473145,-0.755909394660007,0.755909394660007,0.0032878780002647545,pixhawk_fused,0.8,0.2,gyro,-1.0,0.0024350385647267103,-0.032006289809942245,odom,
8134.331058361,turning,0.6821361762716904,-0.48179366191553186,2.6374167477595036,1.8873869774906178,-2.534069247605548,-1.967879256781397,-2.2087637645459397,-2.282590389251709,-0.7582242948943486,0.7582242948943486,0.013402064000729297,pixhawk_fused,0.8,0.2,gyro,-1.0,0.010342673398554325,-0.13594470918178558,odom,
8134.450145516,turning,0.6805381268840245,-0.4802793204634036,2.630781258102011,1.8860521245824162,-2.5358200073242188,-1.9745147464388895,-2.241947815151201,-2.282590389251709,-0.7582242948943486,0.7582242948943486,0.13277684400054568,pixhawk_fused,0.8,0.2,gyro,-1.0,0.028416648507118225,-0.37351009249687195,odom,
8134.551215267,turning,0.6789050360448421,-0.47862400843644026,2.6120005097499512,1.884580854240381,-2.537620675860146,-1.9932954947909494,-2.2769896870840034,-2.2660751342773438,-0.7729398045325389,0.7729398045325389,0.03297768599986739,pixhawk_fused,0.8,0.2,gyro,-1.0,0.0227564238011837,-0.2991117537021637,odom,
8134.670647416,turning,0.6776521841659466,-0.47726829428927964,2.5521525408789576,1.8833668222606208,-2.53901126028095,-2.053143463661943,-2.3048083568790085,-2.198841094970703,-0.8407945248866191,0.8407945248866191,0.053940214999784075,pixhawk_fused,0.8,0.2,gyro,-1.0,0.010326587595045567,-0.13573327660560608,odom,
8134.771641464,turning,0.6773556695411177,-0.47693503020111194,2.5508081005785574,1.8830671614036776,-2.539341698241868,-2.054487903962343,-2.311531732734889,-2.198841094970703,-0.8407945248866191,0.8407945248866191,0.15477080199980264,pixhawk_fused,0.8,0.2,gyro,-1.0,0.0,0.0,odom,
8134.890737767,turning,0.677385875277506,-0.47696923188809887,2.5341325745932717,1.8830979385076525,-2.5393080097902203,-2.071163429947629,-2.310843184103276,-2.179046154022217,-0.861809477546226,0.861809477546226,0.09534820400040189,pixhawk_fused,0.8,0.2,gyro,-1.0,0.0,0.0,odom,
,navigating,0.677385875277506,-0.47696923188809887,2.5341325745932717,,,,,,,,,True,0.8,0.2,gyro,-1.0,,,mission_status,going to waypoint 4/4
8135.01084561,navigating,0.677385875277506,-0.47696923188809887,2.5326939521322624,1.8830979385076525,-2.5393080097902203,-2.072602052408638,-2.310843184103276,-2.1772055625915527,-0.8636075258087105,0.8636075258087105,0.11062364800000068,pixhawk_fused,0.8,0.2,gyro,-1.0,0.0,0.0,odom,
8135.111433979,navigating,0.6772665286058845,-0.4768342570589481,2.5332374513267255,1.8829764937189954,-2.5394410999695705,-2.072058553214175,-2.308129102848005,-2.1772544384002686,-0.8636062906132749,0.8636062906132749,0.01542190500003926,pixhawk_fused,0.8,0.2,gyro,-1.0,0.010325032286345959,0.13571283221244812,odom,
8135.230281027,navigating,0.6758441098944246,-0.4752737504987081,2.5514890557347294,1.881576967301766,-2.5410221697095694,-2.053806948806171,-2.277687730199116,-2.1939308643341064,-0.8483991006854659,0.8483991006854659,0.015202464000140026,pixhawk_fused,0.8,0.2,gyro,-1.0,0.02820424549281597,0.37071824073791504,odom,
8135.330843139,navigating,0.6727292034962216,-0.4721260044765267,2.561848046509978,1.8787802019547648,-2.5444556883833993,-2.0434479580309226,-2.225786881145462,-2.1939308643341064,-0.8483991006854659,0.8483991006854659,0.1158429260003686,pixhawk_fused,0.8,0.2,gyro,-1.0,0.07442711293697357,0.5734711289405823,odom,
8135.449727131,navigating,0.6640996801333692,-0.46441717968392565,2.6067553554993688,1.8720379366502458,-2.5538597572749224,-1.9985406490415318,-2.157229140755226,-2.235375165939331,-0.8093735133949405,0.8093735133949405,0.06237977800083172,pixhawk_fused,0.8,0.2,gyro,-1.0,0.11878761649131775,0.47515836358070374,odom,
8135.551155934,navigating,0.6544171676169606,-0.456641376564982,2.661825082661817,1.8653416290482838,-2.5643179419775795,-1.9434709218790838,-2.1222331115376587,-2.2938380241394043,-0.7493124396148807,0.7493124396148807,0.05558907999966323,pixhawk_fused,0.8,0.2,gyro,-1.0,0.14702844619750977,0.23733070492744446,odom,
8135.670240646,navigating,0.6397590214858295,-0.4454192808743243,2.712190507103178,1.855750610045455,-2.5800916236714406,-1.8931054974377224,-2.1181800705906553,-2.359133720397949,-0.6873995709959155,0.6873995709959155,0.04928758000005473,pixhawk_fused,0.8,0.2,gyro,-1.0,0.19117975234985352,-0.1033327728509903,odom,
8135.770925551,navigating,0.6256567621648751,-0.43442322093813546,2.707575482455289,1.846324913999788,-2.595288442619181,-1.8977205220856117,-2.141270403141122,-2.359133720397949,-0.6873995709959155,0.6873995709959155,0.14991343099973164,pixhawk_fused,0.8,0.2,gyro,-1.0,0.23054437339305878,-0.4131455421447754,odom,
8135.890556922,navigating,0.6079664761935434,-0.41964146390559004,2.6940548304380347,1.8335187273986258,-2.6144573795603083,-1.9112411741028659,-2.1913039060310333,-2.353111982345581,-0.6917933331560081,0.6917933331560081,0.09156277900001442,pixhawk_fused,0.8,0.2,gyro,-1.0,0.22310329973697662,-0.5730139017105103,odom,
8135.990723872,navigating,0.5941061882826617,-0.4068712488553581,2.6310763368311805,1.8223031763941038,-2.629603249923766,-1.9742196677097201,-2.2332122445851637,-2.2837085723876953,-0.7600391745399422,0.7600391745399422,0.08466013799989014,pixhawk_fused,0.8,0.2,gyro,-1.0,0.2113187164068222,-0.3772030174732208,odom,
8136.11264808,navigating,0.5768058763276036,-0.3897790873198487,2.5774972787350383,1.8071581378442672,-2.6486314024095496,-2.0277987258058623,-2.2459971880568035,-2.22857928276062,-0.8238094532321877,0.8238094532321877,0.011178763000316394,pixhawk_fused,0.8,0.2,gyro,-1.0,0.23980362713336945,0.09558907896280289,odom,
8136.23043472,navigating,0.5588908396442395,-0.37237006744376183,2.5994259500057013,1.791763763161554,-2.668304626358372,-2.0058700545351993,-2.211569467172344,-2.2490994930267334,-0.8049995395671314,0.8049995395671314,0.013203549000536441,pixhawk_fused,0.8,0.2,gyro,-1.0,0.23697948455810547,0.39764323830604553,odom,
8136.350919117,navigating,0.5414164909683624,-0.3567119634352406,2.6082215526291743,1.7780631689644775,-2.687352534417653,-1.9970744519117263,-2.1674620669052347,-2.2490994930267334,-0.8049995395671314,0.8049995395671314,0.13352031900012662,pixhawk_fused,0.8,0.2,gyro,-1.0,0.21172237396240234,0.4073207676410675,odom,
8136.471038594,navigating,0.52566581593458,-0.3438587858731946,2.6463316400923103,1.7669671911679654,-2.7043868296540463,-1.9589643644485903,-2.1180941915331593,-2.2839608192443848,-0.7696876022349781,0.7696876022349781,0.07471685800010164,pixhawk_fused,0.8,0.2,gyro,-1.0,0.1749550700187683,0.40581533312797546,odom,
8136.591088256,navigating,0.5117103406249343,-0.3336082358812435,2.736238002264073,1.758267044553162,-2.7193580191571067,-1.8690580022768275,-2.061283846529955,-2.3825159072875977,-0.6715465161334461,0.6715465161334461,0.009996539999519882,pixhawk_fused,0.8,0.2,gyro,-1.0,0.15633805096149445,0.5726345181465149,odom,
8136.711221399,navigating,0.4971422159728786,-0.324383385819824,2.7674523379276326,1.7506522067602783,-2.734828712739541,-1.837843666613268,-1.97460813625316,-2.4027814865112305,-0.65411526413073,0.65411526413073,0.01477530400006799,pixhawk_fused,0.8,0.2,gyro,-1.0,0.18324176967144012,0.9159237742424011,odom,
8136.812445762,navigating,0.48191476856311194,-0.31654251447769544,2.9015430180130743,1.7444838928542072,-2.750807020584153,-1.7037529865278263,-1.893063318695685,-2.551050901412964,-0.5069679038058703,0.5069679038058703,0.004317955000260554,pixhawk_fused,0.8,0.2,gyro,-1.0,0.214137002825737,0.7121350765228271,odom,
8136.93033066,navigating,0.4610073492084017,-0.30776234007879716,2.9631433043472932,1.73798878017181,-2.7725331605494516,-1.6421527001936074,-1.8321864209237617,-2.6114501953125,-0.4451874001752322,0.4451874001752322,0.014177312999891,pixhawk_fused,0.8,0.2,gyro,-1.0,0.22309716045856476,0.3032795786857605,odom,
8137.030658665,navigating,0.4436172793810963,-0.300966162005317,2.959892116128158,1.7330903337348043,-2.7905500356255795,-1.6454038884127424,-1.8484809118212784,-2.6114501953125,-0.4451874001752322,0.4451874001752322,0.11415743399993517,pixhawk_fused,0.8,0.2,gyro,-1.0,0.2024972289800644,-0.3032241761684418,odom,
8137.130929004,navigating,0.4298463638638038,-0.29517197734555106,2.9276976797985275,1.728801294751839,-2.80486138897383,-1.6775983247423731,-1.8835380490080185,-2.5834293365478516,-0.47666787007262157,0.47666787007262157,0.014026611000190314,pixhawk_fused,0.8,0.2,gyro,-1.0,0.16168317198753357,-0.3711133897304535,odom,
8137.249631336,navigating,0.4175853572194985,-0.2893968454796056,2.915899231541616,1.724369807686288,-2.817669447155639,-1.6893967729992845,-1.9425819149895789,-2.5834293365478516,-0.47666787007262157,0.47666787007262157,0.13308875300026557,pixhawk_fused,0.8,0.2,gyro,-1.0,0.10843615233898163,-0.6108099222183228,odom,
8137.350412206,navigating,0.4113056444325736,-0.285917653606732,2.8676981443172314,1.7215817763823065,-2.82428506883637,-1.7375978602236692,-2.018345629520407,-2.542369842529297,-0.5179787615816777,0.5179787615816777,0.06217506000029971,pixhawk_fused,0.8,0.2,gyro,-1.0,0.0774150863289833,-0.6783515214920044,odom,
8137.450430569,navigating,0.40571829442426277,-0.2821673752010574,2.807879208796765,1.7184502060528775,-2.830241270269102,-1.7974167957441356,-2.110323650225886,-2.4884188175201416,-0.5697599041741078,0.5697599041741078,0.04779314000006707,pixhawk_fused,0.8,0.2,gyro,-1.0,0.07489781826734543,-0.9165673851966858,odom,
8137.551100533,navigating,0.40001203371720745,-0.2774959678598196,2.7886499662176676,1.7144154940845142,-2.836414159150088,-1.816646038323233,-2.2066943830311776,-2.4884188175201416,-0.5697599041741078,0.5697599041741078,0.1479570559995409,pixhawk_fused,0.8,0.2,gyro,-1.0,0.08878552913665771,-0.9669356942176819,odom,
8137.67103894,navigating,0.39025313055597977,-0.2675299780449665,2.580128758795295,1.7055497125824415,-2.847182402379951,-2.025167245745606,-2.306156932110809,-2.250366687774658,-0.805487668542165,0.805487668542165,0.07582087999981013,pixhawk_fused,0.8,0.2,gyro,-1.0,0.18010081350803375,-0.6087228655815125,odom,
8137.790628352,navigating,0.3748038259678096,-0.24974895904878291,2.4920709987501684,1.6895219118273836,-2.8644437827348606,-2.1132250057907322,-2.315170954285136,-2.1453397274017334,-0.9132905729096119,0.9132905729096119,0.08922738999990543,pixhawk_fused,0.8,0.2,gyro,-1.0,0.2445187121629715,0.29820334911346436,odom,
8137.891824309,navigating,0.36182178728560355,-0.23516726532193588,2.4916935964608258,1.6764113854176605,-2.878910061370011,-2.113602408080075,-2.2941997171555957,-2.1442534923553467,-0.9189871355574314,0.9189871355574314,0.07518357499975536,pixhawk_fused,0.8,0.2,gyro,-1.0,0.21811580657958984,0.23609991371631622,odom,
8138.011155039,navigating,0.3486995308637595,-0.2211797562853109,2.518101521942278,1.663906627277386,-2.8934522429980727,-2.0871944825986226,-2.264349722628373,-2.16666579246521,-0.8934359326641742,0.8934359326641742,0.01590469500024483,pixhawk_fused,0.8,0.2,gyro,-1.0,0.1522865891456604,0.23748551309108734,odom,
8138.111761116,navigating,0.3395459844429238,-0.2118629008339158,2.5424107776057547,1.655621555659431,-2.9035492126358373,-2.062885226935146,-2.246832593700414,-2.1909704208374023,-0.8674358792435113,0.8674358792435113,0.07421929300016927,pixhawk_fused,0.8,0.2,gyro,-1.0,0.1392652988433838,0.20334476232528687,odom,
8138.230937257,navigating,0.3304415110309175,-0.20301563755833207,2.5601256140650777,1.647798140601097,-2.9135471964527104,-2.045170390475823,-2.215021861061693,-2.2039053440093994,-0.8532288117538873,0.8532288117538873,0.04199977999996918,pixhawk_fused,0.8,0.2,gyro,-1.0,0.11599710583686829,0.265160471200943,odom,
8138.35132727,navigating,0.32182363337966435,-0.19522377662282786,2.6077621434069127,1.6409720700742687,-2.922948561949965,-1.997533861133988,-2.1743247787631503,-2.254427433013916,-0.80386597429027,0.80386597429027,0.0536503890007225,pixhawk_fused,0.8,0.2,gyro,-1.0,0.10587070882320404,0.37331587076187134,odom,
8138.452567469,navigating,0.31471520411316545,-0.1893287868823239,2.6464482902845217,1.6358706611137541,-2.930646373151537,-1.958847714256379,-2.1270453502289035,-2.2909154891967773,-0.7673173821400586,0.7673173821400586,0.03641058300036093,pixhawk_fused,0.8,0.2,gyro,-1.0,0.10502884536981583,0.5215242505073547,odom,
8138.571092157,navigating,0.30582462612213,-0.18274672832334166,2.659192651715362,1.6302766105362385,-2.940189562871162,-1.9461033528255385,-2.0628897569594926,-2.2909154891967773,-0.7673173821400586,0.7673173821400586,0.15567077900050208,pixhawk_fused,0.8,0.2,gyro,-1.0,0.11067209392786026,0.5751062035560608,odom,
8138.690506055,navigating,0.2962746053527694,-0.17665482609217278,2.73821548326767,1.625240394968265,-2.9503360254193725,-1.8670805212732304,-1.984238345406945,-2.3680269718170166,-0.6882027936707917,0.6882027936707917,0.08883447099924524,pixhawk_fused,0.8,0.2,gyro,-1.0,0.0965811088681221,0.7205304503440857,odom,
8138.790920506,navigating,0.28653167597071433,-0.17155385179226634,2.826001656733968,1.6212100500214115,-2.960568372723945,-1.7792943478069327,-1.887192521652123,-2.456151247024536,-0.6027025983463709,0.6027025983463709,0.07587723300002835,pixhawk_fused,0.8,0.2,gyro,-1.0,0.13362127542495728,1.027313232421875,odom,
8138.911073467,navigating,0.2692656539403286,-0.16504541632529782,2.927162858319566,1.616584438452074,-2.9784311543267936,-1.6781331462213345,-1.741989876034121,-2.5492396354675293,-0.5123648569714013,0.5123648569714013,0.02385687600053643,pixhawk_fused,0.8,0.2,gyro,-1.0,0.1954500526189804,1.2168980836868286,odom,
8139.011139868,navigating,0.25235267199148986,-0.16093782471114146,3.0370084876290835,1.6143081804783752,-2.9956862960795467,-1.5682875169118171,-1.6541831599026586,-2.666171073913574,-0.39711379457821283,0.39711379457821283,0.009946447999936936,pixhawk_fused,0.8,0.2,gyro,-1.0,0.19957970082759857,0.5522710680961609,odom,
8139.130835687,navigating,0.2312586396095863,-0.15719895347242213,3.1274730561747233,1.6128454362259543,-3.0170591232093518,-1.4778229483661773,-1.6345717333343555,-2.77158522605896,-0.2891375672351304,0.2891375672351304,0.08532609600024443,pixhawk_fused,0.8,0.2,gyro,-1.0,0.18914857506752014,-0.16568467020988464,odom,
8139.250496435,navigating,0.2157984513183832,-0.15439850480567976,3.1401950435776906,1.611713545841262,-3.0327300759210267,-1.46510096096321,-1.6720072957688072,-2.7857210636138916,-0.26392940003981025,0.26392940003981025,0.053102027000022645,pixhawk_fused,0.8,0.2,gyro,-1.0,0.11615869402885437,-0.44103944301605225,odom,
8139.350958146,navigating,0.20835666664354,-0.15267246229323406,3.080549572334022,1.6107928321395855,-3.040313720703125,-1.5247464322068787,-1.729306046497975,-2.724684000015259,-0.32416019832899007,0.32416019832899007,0.04538073200001236,pixhawk_fused,0.8,0.2,gyro,-1.0,0.06448888033628464,-0.5764104723930359,odom,
8139.451246323,navigating,0.20474267315145994,-0.15160106246944094,3.020958302554844,1.6101138642714943,-3.0440215299184596,-1.5843377019860565,-1.7861182188325258,-2.6645474433898926,-0.384444520829219,0.384444520829219,0.03196307399957732,pixhawk_fused,0.8,0.2,gyro,-1.0,0.036119494587183,-0.47475674748420715,odom,
8139.57112303,navigating,0.2013105883861585,-0.15036673381484197,3.0099765770322953,1.6092534570573358,-3.0475658877572793,-1.5953194275086053,-1.8410861442665927,-2.6645474433898926,-0.384444520829219,0.384444520829219,0.15226534900011757,pixhawk_fused,0.8,0.2,gyro,-1.0,0.0392964705824852,-0.5165151357650757,odom,
8139.671379874,navigating,0.1980125905608538,-0.14897657065320452,2.93085526593044,1.6082237757713163,-3.0509935837357625,-1.6744407386104605,-1.8950278720935017,-2.5730338096618652,-0.4698551914375011,0.4698551914375011,0.05621476000032999,pixhawk_fused,0.8,0.2,gyro,-1.0,0.0463116355240345,-0.6087228655815125,odom,
8139.771396906,navigating,0.19399039379597216,-0.14699215763569048,2.9173408878441838,1.6066806575277723,-3.0552048481451703,-1.6879551166967168,-1.9626261741647115,-2.5730338096618652,-0.4698551914375011,0.4698551914375011,0.1561855709996962,pixhawk_fused,0.8,0.2,gyro,-1.0,0.055648691952228546,-0.7314496636390686,odom,
8139.890891267,navigating,0.18878676778324877,-0.14389427226175422,2.8566846738115195,1.604156727048439,-3.0607097906885428,-1.7486113307293811,-2.053923287089428,-2.5178449153900146,-0.522852176694173,0.522852176694173,0.10230433200013067,pixhawk_fused,0.8,0.2,gyro,-1.0,0.055487748235464096,-0.7293342351913452,odom,
8140.010602644,navigating,0.18348073062260886,-0.14001360773859484,2.782518113245566,1.6008654485037896,-3.0664002276693845,-1.8227778912953347,-2.153025452838599,-2.4487571716308594,-0.5907901170532887,0.5907901170532887,0.11517377499967552,pixhawk_fused,0.8,0.2,gyro,-1.0,0.06453792750835419,-0.8482903242111206,odom,
8140.111292611,navigating,0.17899705538282457,-0.1360378200833486,2.6295804397743017,1.5973916908460468,-3.0712831815777,-1.975715564766599,-2.2433593417895676,-2.2812178134918213,-0.759372437862653,0.759372437862653,0.014722046000315459,pixhawk_fused,0.8,0.2,gyro,-1.0,0.07478895783424377,-0.9830304384231567,odom,
8140.230632995,navigating,0.17234934861730294,-0.12864903010747694,2.4730294683676726,1.5907557937083054,-3.0786825796427606,-2.132266536173228,-2.366373759701256,-2.113875150680542,-0.9243047222178166,0.9243047222178166,0.025431372000639385,pixhawk_fused,0.8,0.2,gyro,-1.0,0.1282600462436676,-0.9440513253211975,odom,
8140.331421906,navigating,0.16198610960677812,-0.1146703345975888,2.3980340187047537,1.577964891682428,-3.090480608135345,-2.207261985836147,-2.4205672516450747,-2.037604331970215,-1.0044939383547489,1.0044939383547489,0.01586358599979576,pixhawk_fused,0.8,0.2,gyro,-1.0,0.2155768722295761,-0.1350017488002777,odom,
8140.450150113,navigating,0.14751047318148208,-0.09446262692014125,2.403181890592618,1.559420230863815,-3.107033283285215,-2.2021141139482827,-2.394776139007952,-2.037604331970215,-1.0044939383547489,1.0044939383547489,0.13487654799973825,pixhawk_fused,0.8,0.2,gyro,-1.0,0.22978338599205017,0.23747535049915314,odom,
8140.55131739,navigating,0.13714485307733223,-0.08078234395945974,2.399157674671996,1.5469262863006126,-3.118801782394256,-2.206138329868905,-2.3732288081426556,-2.0338752269744873,-1.0148832678477946,1.0148832678477946,0.033482533999631414,pixhawk_fused,0.8,0.2,gyro,-1.0,0.1728142648935318,0.16951347887516022,odom,
8140.670476406,navigating,0.127993492437089,-0.06919224527595622,2.4400414633287553,1.5363807611677567,-3.1291395620752827,-2.1652545412121453,-2.3569342654925043,-2.076554775238037,-0.9678791343848887,0.9678791343848887,0.05489837200002512,pixhawk_fused,0.8,0.2,gyro,-1.0,0.10997973382472992,0.13767431676387787,odom,
8140.771381223,navigating,0.12284338251093051,-0.06283002738262936,2.44205695568013,1.5306054791975792,-3.134940214360899,-2.1632390488607705,-2.346827254753024,-2.076554775238037,-0.9678791343848887,0.9678791343848887,0.15576213399981498,pixhawk_fused,0.8,0.2,gyro,-1.0,0.08236062526702881,0.2029786854982376,odom,
8140.890694033,navigating,0.11945097012086381,-0.05874807663370024,2.4538860539044856,1.5269095233263432,-3.1387495048379876,-2.151409950636415,-2.3278415354615536,-2.086378574371338,-0.9578314821850243,0.9578314821850243,0.09562765299961029,pixhawk_fused,0.8,0.2,gyro,-1.0,0.04872550070285797,0.30338379740715027,odom,
8141.010908867,navigating,0.11649349751907123,-0.055371293101487196,2.479764892662691,1.5238682047747858,-3.1420509730994937,-2.1255311118782094,-2.296709813982856,-2.11080265045166,-0.9332594513129178,0.9332594513129178,0.11103846700007125,pixhawk_fused,0.8,0.2,gyro,-1.0,0.042016781866550446,0.27613553404808044,odom,
8141.112532489,navigating,0.11434755708298035,-0.053077941958502205,2.511127095428322,1.5218173682923615,-3.1444297521019733,-2.094168909112579,-2.25612906362643,-2.1398167610168457,-0.9041889751683655,0.9041889751683655,0.01672986899939133,pixhawk_fused,0.8,0.2,gyro,-1.0,0.03150293976068497,0.41407647728919983,odom,
8141.23094748,navigating,0.11161865229719746,-0.050429107373911236,2.5789499578808788,1.5194753970426085,-3.147426152718,-2.026346046660022,-2.202872009220415,-2.212489604949951,-0.8327440930139008,0.8327440930139008,0.01654651999979251,pixhawk_fused,0.8,0.2,gyro,-1.0,0.03278660774230957,0.4309490919113159,odom,
8141.332124239,navigating,0.10912650863815605,-0.04823940152661516,2.5880902081962422,1.5175646171786097,-3.150138073075665,-2.0172057963446584,-2.1569297316823093,-2.212489604949951,-0.8327440930139008,0.8327440930139008,0.11735954399955517,pixhawk_fused,0.8,0.2,gyro,-1.0,0.04105363413691521,0.4721442461013794,odom,
8141.452420278,navigating,0.1055513009583754,-0.045437572304074234,2.6342339033977695,1.5151609877442045,-3.153992281488285,-1.971062101143131,-2.0898196145069527,-2.2544472217559814,-0.791789122236866,0.791789122236866,0.06534935099989525,pixhawk_fused,0.8,0.2,gyro,-1.0,0.04451565816998482,0.5235120058059692,odom,
8141.571039044,navigating,0.10176619980184279,-0.04286248737768893,2.686339389962392,1.5130052387688393,-3.1580309445713475,-1.9189566145785086,-2.0221756076499635,-2.3030214309692383,-0.7435187692176285,0.7435187692176285,0.07385658000021067,pixhawk_fused,0.8,0.2,gyro,-1.0,0.05145801603794098,0.6087144017219543,odom,
8141.691067105,navigating,0.09673908096798949,-0.03994180048793625,2.7864518950268438,1.510638625040566,-3.1633414506808255,-1.8188441095140568,-1.9506613806296162,-2.4108002185821533,-0.6363408914934577,0.6363408914934577,0.06908537200069986,pixhawk_fused,0.8,0.2,gyro,-1.0,0.06305784732103348,0.5635975003242493,odom,
8141.810461304,navigating,0.08729427579627407,-0.035371179572714295,2.847706684192921,1.5071037290816842,-3.1732206931033096,-1.7575893203479795,-1.871256529221709,-2.4687693119049072,-0.5795737229715766,0.5795737229715766,0.010685252999792283,pixhawk_fused,0.8,0.2,gyro,-1.0,0.11874797940254211,0.610792875289917,odom,
8141.912266166,navigating,0.0775110341956751,-0.03144674163720668,2.8595724664579723,1.5042474890607858,-3.1833673636049253,-1.7457235380829283,-1.8111389209215374,-2.4687693119049072,-0.5795737229715766,0.5795737229715766,0.11228285800007143,pixhawk_fused,0.8,0.2,gyro,-1.0,0.12649433314800262,0.5089741945266724,odom,
8142.030669009,navigating,0.06672264726456509,-0.027737908427464878,2.966885359220092,1.501713056934488,-3.194490375344118,-1.6384106453208087,-1.7754027239859431,-2.5921201705932617,-0.454625855578083,0.454625855578083,0.11507924399938929,pixhawk_fused,0.8,0.2,gyro,-1.0,0.1033887267112732,0.23201538622379303,odom,
8142.131406478,navigating,0.05923530459091188,-0.02534615366188202,3.0057581252002774,1.5001353144489726,-3.2021904740331477,-1.5995378793406232,-1.773295069437316,-2.6391329765319824,-0.4066248270701351,0.4066248270701351,0.027664692999678664,pixhawk_fused,0.8,0.2,gyro,-1.0,0.08211828023195267,-0.1349209100008011,odom,
8142.250239058,navigating,0.052356637124353296,-0.023068775564993607,2.989228661831046,1.498606233060282,-3.209273159062036,-1.6160673427098544,-1.7998015611260654,-2.6242241859436035,-0.42067107057382486,0.42067107057382486,0.032648102000166546,pixhawk_fused,0.8,0.2,gyro,-1.0,0.03873610123991966,-0.3733823001384735,odom,
8142.351895516,navigating,0.04869911164956484,-0.021758341466045807,2.9847691245862227,1.4976942534016253,-3.213049800854503,-1.620526879954678,-1.8221575232516765,-2.6242241859436035,-0.42067107057382486,0.42067107057382486,0.1337555860000066,pixhawk_fused,0.8,0.2,gyro,-1.0,0.04902099445462227,-0.23740048706531525,odom,
8142.472091205,navigating,0.04462776141154766,-0.0201805683743323,2.961642772838594,1.4965606993896912,-3.2172664720524464,-1.6436532317023067,-1.8500316753840618,-2.6031293869018555,-0.4426133470516386,0.4426133470516386,0.07481767899935221,pixhawk_fused,0.8,0.2,gyro,-1.0,0.04190130531787872,-0.34422075748443604,odom,
8142.591863568,navigating,0.0406190578999071,-0.01851227456584804,2.910065011486061,1.4953304470443227,-3.221430531038866,-1.6952309930548397,-1.878956500981143,-2.546351671218872,-0.4998368898760261,0.4998368898760261,0.004576045000248996,pixhawk_fused,0.8,0.2,gyro,-1.0,0.0327705480158329,-0.36447060108184814,odom,
8142.71105392,navigating,0.036820384274636,-0.016752153926865125,2.8946471853745668,1.493986444186291,-3.2253955786164754,-1.7106488191663338,-1.9135215911987944,-2.529794216156006,-0.5104832665752354,0.5104832665752354,0.015274186999704398,pixhawk_fused,0.8,0.2,gyro,-1.0,0.0498771071434021,-0.17252306640148163,odom,
8142.830580657,navigating,0.032088302730770304,-0.014413881047854118,2.8518197506267033,1.4921673717740005,-3.230350484403002,-1.7534762539141973,-1.9323871553520395,-2.4843950271606445,-0.559280757768053,0.559280757768053,0.014825952000137477,pixhawk_fused,0.8,0.2,gyro,-1.0,0.05644224211573601,-0.13488727807998657,odom,
8142.930816394,navigating,0.0280199889271564,-0.012315646828320837,2.848050756948267,1.490516013783032,-3.2346197678124704,-1.7572452475926337,-1.951288939601503,-2.4843950271606445,-0.559280757768053,0.559280757768053,0.11511874400002853,pixhawk_fused,0.8,0.2,gyro,-1.0,0.05646195262670517,-0.20240159332752228,odom,
8143.050346464,navigating,0.022984437901825295,-0.009619309746921014,2.825665654199294,1.4883733658721965,-3.239914677416556,-1.7796303503416064,-1.9574553049373298,-2.455930471420288,-0.585705131253201,0.585705131253201,0.014435865999985253,pixhawk_fused,0.8,0.2,gyro,-1.0,0.05164588987827301,-0.06788364797830582,odom,
8143.150542942,navigating,0.01855990749634967,-0.007231485036679846,2.823560481229754,1.4864721518648383,-3.244569090532518,-1.7817355233111467,-1.9547106874048557,-2.451448917388916,-0.5890170148145142,0.5890170148145142,0.03527775000020483,pixhawk_fused,0.8,0.2,gyro,-1.0,0.05937360227108002,0.10181187093257904,odom,
,turning,0.01855990749634967,-0.007231485036679846,2.823560481229754,,,,,,,,,True,0.8,0.2,gyro,-1.0,,,mission_status,final alignment at waypoint 4/4
8143.251693797,turning,0.01461641734461661,-0.005120003060691427,2.8208860394755413,1.4847942798147022,-3.248715681432898,-1.7844099650653593,-1.968130842852731,-2.451448917388916,-0.5890170148145142,0.5890170148145142,0.1363498470000195,pixhawk_fused,0.8,0.2,gyro,-1.0,0.05582157149910927,-0.33351004123687744,odom,
8143.37110513,turning,0.008858945431226973,-0.0016953856775428486,2.808897842465894,1.4820046888601817,-3.254806220765411,-1.7963981620750067,-2.056805442652315,-2.459592342376709,-0.5818640364091577,0.5818640364091577,0.07432974299990747,pixhawk_fused,0.8,0.2,gyro,-1.0,0.07438259571790695,-0.9776892066001892,odom,
8143.471805806,turning,0.003554137511615922,0.0021947676719077077,2.696597217845666,1.4787038444588916,-3.2604964497928477,-1.9086987866952345,-2.1559760746345904,-2.336596965789795,-0.6974463898222628,0.6974463898222628,0.06851023399940459,pixhawk_fused,0.8,0.2,gyro,-1.0,0.07998289167881012,-1.051299810409546,odom,
8143.571887084,turning,-0.0015113334052156576,0.00675869889510758,2.676044621414525,1.4747074998937941,-3.2660207320029073,-1.9292513831263758,-2.2587668202334776,-2.336596965789795,-0.6974463898222628,0.6974463898222628,0.16865508499995485,pixhawk_fused,0.8,0.2,gyro,-1.0,0.08516015857458115,-1.1193500757217407,odom,
8143.6929463,turning,-0.006755325095423124,0.01266397389078204,2.525676449826632,1.4693965778775055,-3.2718658863172436,-2.0796195547142684,-2.3791854599913766,-2.181783437728882,-0.8552964366357508,0.8552964366357508,0.09496161100014433,pixhawk_fused,0.8,0.2,gyro,-1.0,0.07106316089630127,-1.0007766485214233,odom,
8143.810910746,turning,-0.011388565665989909,0.019376903158649626,2.3921320762607077,1.4632173464176597,-3.2771901173514673,-2.213163928280193,-2.5021788857858125,-2.0451130867004395,-0.9914781165998163,0.9914781165998163,0.10894589000054111,pixhawk_fused,0.8,0.2,gyro,-1.0,0.085859015583992,-1.1285359859466553,odom,
8143.911245409,turning,-0.014721943963134405,0.02563249492464043,2.2919253270764006,1.4573538922036624,-3.281173048921927,-2.3133706774645,-2.609043804570055,-1.9471174478530884,-1.0900205377619447,1.0900205377619447,0.09374236999974528,pixhawk_fused,0.8,0.2,gyro,-1.0,0.08770118653774261,-1.1527495384216309,odom,
8144.031663468,turning,-0.017858490001857623,0.03369177434876949,2.184211664819845,1.449676044528993,-3.2851530691447137,-2.4210843397210553,-2.7394568768957495,-1.844010829925537,-1.1920620415489855,1.1920620415489855,0.0359844439999506,pixhawk_fused,0.8,0.2,gyro,-1.0,0.08156005293130875,-1.0720300674438477,odom,
8144.151528739,turning,-0.01983298413327184,0.04171219411961118,2.0555898380494586,1.441912624028069,-3.2879735411799116,-2.5497061664914416,-2.8787925186992402,-1.7187234163284302,-1.3180083009283725,1.3180083009283725,0.11132020800050668,pixhawk_fused,0.8,0.2,gyro,-1.0,0.07182790338993073,-1.2138713598251343,odom,
8144.27106183,turning,-0.0206822247816295,0.050260014381079104,1.9606234435490038,1.4335045479709179,-3.2897315792677655,-2.6446725609918973,-3.0124156425390183,-1.6316481828689575,-1.4033349060099307,1.4033349060099307,0.07237404900024558,pixhawk_fused,0.8,0.2,gyro,-1.0,0.07950053364038467,-1.0449596643447876,odom,
8144.371742527,turning,-0.020531651029645753,0.05741354491880647,1.767338987145708,1.4263759052394729,-3.2903464974870444,-2.8379570173951922,-3.120289547814365,-1.4195668697357178,-1.6179417344610874,1.6179417344610874,0.07350305099953403,pixhawk_fused,0.8,0.2,gyro,-1.0,0.079571932554245,-1.045898199081421,odom,
8144.47214332,turning,-0.01961112501168716,0.06451515216106897,1.6641961572713244,1.419216589380756,-3.2901903244797133,-2.941099847269576,3.053564630950404,-1.3163150548934937,-1.7195375581066792,1.7195375581066792,0.05809190300078626,pixhawk_fused,0.8,0.2,gyro,-1.0,0.08095230907201767,-1.1400848627090454,odom,
8144.590975218,turning,-0.01752821556655697,0.07266074667207435,1.637290808917509,1.4108950219401823,-3.2889900174246987,-2.968005195623392,2.91876466203933,-1.3163150548934937,-1.7195375581066792,1.7195375581066792,0.17634192100013024,pixhawk_fused,0.8,0.2,gyro,-1.0,0.07311031967401505,-1.1597977876663208,odom,
8144.712349617,turning,-0.015461109043708626,0.07772744571361538,1.4270907551195715,1.4056364002053103,-3.2874763245879954,3.104980057758257,2.7321230096407567,-1.1027493476867676,-1.9355944451372809,1.9355944451372809,0.1085786570001801,pixhawk_fused,0.8,0.2,gyro,-1.0,0.03591063246130943,-1.8880456686019897,odom,
8144.830434229,turning,-0.013793327134021085,0.08016913567239617,1.2696861854092072,1.403030432107612,-3.2860790856582236,2.947575488047893,2.5077043925104254,-0.9549219012260437,-2.076382056741018,2.076382056741018,0.11320559000068897,pixhawk_fused,0.8,0.2,gyro,-1.0,0.025709407404065132,-2.027555465698242,odom,
8144.931482347,turning,-0.012712460343218322,0.08117859194079384,1.0841273572726107,1.4019112268806388,-3.2851123102772877,2.7620166599112963,2.3041158808510684,-0.7752758860588074,-2.2574966911356635,2.2574966911356635,0.04313213700061169,pixhawk_fused,0.8,0.2,gyro,-1.0,0.01282983273267746,-2.1254775524139404,odom,
8145.049939435,turning,-0.011538665495201529,0.08184623898546003,0.6832709318552133,1.4011219397310706,-3.284016603785106,2.361160234493899,2.0477796392130334,-0.33771026134490967,-2.6942498230021186,2.6942498230021186,0.002441371999339026,pixhawk_fused,0.8,0.2,gyro,-1.0,0.020585009828209877,-2.096921682357788,odom,
8145.151215142,turning,-0.011113175128090475,0.08196562216315333,0.6396202629342738,1.4009577605176378,-3.283606311716578,2.3175095655729594,1.828012982641546,-0.33771026134490967,-2.6942498230021186,2.6942498230021186,0.10289675700005319,pixhawk_fused,0.8,0.2,gyro,-1.0,0.007563914638012648,-2.2203927040100098,odom,
8145.27158989,turning,-0.010216486830770867,0.08200893762557497,0.454626548747596,1.400818847642941,-3.282719390443252,2.1325158513862816,1.5777383079695975,-0.17030662298202515,-2.863388854889173,2.863388854889173,0.07234367999990354,pixhawk_fused,0.8,0.2,gyro,-1.0,0.0025687548331916332,-1.9891421794891357,odom,
8145.390947986,turning,-0.00947244894991252,0.08186965588499472,0.08810468688884732,1.400877802433325,-3.2819647275356556,1.765993989527533,1.3713822839044618,0.23434866964817047,3.0140137147968984,-3.0140137147968984,0.08410851100052241,pixhawk_fused,0.8,0.2,gyro,-1.0,0.012638233602046967,-1.4289098978042603,odom,
8145.511404307,turning,-0.00893083774240514,0.08165090648866546,-0.07289484920921585,1.4010374066718427,-3.2814028374347113,1.6049944534294698,1.240330257845741,0.39824771881103516,2.8455653299158787,-2.8455653299158787,0.08978424400083895,pixhawk_fused,0.8,0.2,gyro,-1.0,0.00787613820284605,-0.7246707677841187,odom,
8145.611594382,turning,-0.007845470263257395,0.08113024847133661,-0.18602534113747593,1.4014390686740534,-3.2802680357023455,1.4918639615012097,1.2168488606675445,0.5446485280990601,2.7100498975580907,-2.7100498975580907,0.002310744999704184,pixhawk_fused,0.8,0.2,gyro,-1.0,0.0025834613479673862,-0.03395716845989227,odom,
8145.730865979,turning,-0.00788558022506087,0.08115014226013512,-0.1858903015314024,1.4014235761453635,-3.280310042290203,1.4919990011072832,1.2175240590302743,0.5446485280990601,2.7100498975580907,-2.7100498975580907,0.12183002399979159,pixhawk_fused,0.8,0.2,gyro,-1.0,0.0,0.0,odom,
8145.831182775,turning,-0.00788558022506087,0.08115014226013512,-0.18452715930449948,1.4014235761453635,-3.280310042290203,1.4933621433341862,1.2175240590302743,0.5444533228874207,2.7117538252333526,-2.7117538252333526,0.0442866960001993,pixhawk_fused,0.8,0.2,gyro,-1.0,0.0,0.0,odom,
8145.949627199,turning,-0.00788558022506087,0.08115014226013512,-0.18359603027399918,1.4014235761453635,-3.280310042290203,1.4942932723646865,1.2175240590302743,0.5443732142448425,2.712917736494017,-2.712917736494017,0.05497452300005534,pixhawk_fused,0.8,0.2,gyro,-1.0,0.0,0.0,odom,
8146.051326068,turning,-0.00788558022506087,0.08115014226013512,-0.1836045555955126,1.4014235761453635,-3.280310042290203,1.494284747043173,1.2175240590302743,0.5442339181900024,2.7129070798429074,-2.7129070798429074,0.04219020700020337,pixhawk_fused,0.8,0.2,gyro,-1.0,0.0,0.0,odom,
8146.171129547,turning,-0.00788558022506087,0.08115014226013512,-0.1835285630648733,1.4014235761453635,-3.280310042290203,1.4943607395738123,1.2175240590302743,0.5441094040870667,2.7130020704986872,-2.7130020704986872,0.07526912000048469,pixhawk_fused,0.8,0.2,gyro,-1.0,0.0,0.0,odom,
8146.291131246,turning,-0.00788558022506087,0.08115014226013512,-0.1833842884313135,1.4014235761453635,-3.280310042290203,1.4945050142073721,1.2175240590302743,0.5438582301139832,2.7131824137727145,-2.7131824137727145,0.08625903699976334,pixhawk_fused,0.8,0.2,gyro,-1.0,0.0,0.0,odom,
8146.41155394,turning,-0.00788558022506087,0.08115014226013512,-0.18331778993733971,1.4014235761453635,-3.280310042290203,1.494571512701346,1.2175240590302743,0.5437260866165161,2.7132655368801553,-2.7132655368801553,0.09599724899999273,pixhawk_fused,0.8,0.2,gyro,-1.0,0.0,0.0,odom,
8146.511613352,turning,-0.00788558022506087,0.08115014226013512,-0.18331778993733971,1.4014235761453635,-3.280310042290203,1.494571512701346,1.2175240590302743,0.5437260866165161,2.7132655368801553,-2.7132655368801553,0.1961868999997023,pixhawk_fused,0.8,0.2,gyro,-1.0,0.0,0.0,odom,
8146.612696435,turning,-0.00788558022506087,0.08115014226013512,-0.18313333085389272,1.4014235761453635,-3.280310042290203,1.494755971784793,1.2175240590302743,0.5434187650680542,2.7134961107001057,-2.7134961107001057,0.036181868000312534,pixhawk_fused,0.8,0.2,gyro,-1.0,0.0,0.0,odom,
8146.730072246,turning,-0.00788558022506087,0.08115014226013512,-0.18309963327264356,1.4014235761453635,-3.280310042290203,1.494789669366042,1.2175240590302743,0.5433514714241028,2.713538232669269,-2.713538232669269,0.11514436199922784,pixhawk_fused,0.8,0.2,gyro,-1.0,0.0,0.0,odom,
8146.831213846,turning,-0.00788558022506087,0.08115014226013512,-0.18299151556690552,1.4014235761453635,-3.280310042290203,1.4948977870717801,1.2175240590302743,0.5431991219520569,2.7136733797751713,-2.7136733797751713,0.035421841999777826,pixhawk_fused,0.8,0.2,gyro,-1.0,0.0,0.0,odom,
8146.950444798,turning,-0.00788558022506087,0.08115014226013512,-0.1828336633499752,1.4014235761453635,-3.280310042290203,1.4950556392887104,1.2175240590302743,0.5429801940917969,2.713870695000549,-2.713870695000549,0.051233559000138484,pixhawk_fused,0.8,0.2,gyro,-1.0,0.0,0.0,odom,
8147.050717133,turning,-0.00788558022506087,0.08115014226013512,-0.1828336633499752,1.4014235761453635,-3.280310042290203,1.4950556392887104,1.2175240590302743,0.5429801940917969,2.713870695000549,-2.713870695000549,0.15166244699958042,pixhawk_fused,0.8,0.2,gyro,-1.0,0.0,0.0,odom,
8147.171282065,turning,-0.00788558022506087,0.08115014226013512,-0.18274475215324681,1.4014235761453635,-3.280310042290203,1.4951445504854388,1.2175240590302743,0.5428661704063416,2.713981833966484,-2.713981833966484,0.07601029600027687,pixhawk_fused,0.8,0.2,gyro,-1.0,0.0,0.0,odom,
8147.292094644,turning,-0.00788558022506087,0.08115014226013512,-0.18261858916555518,1.4014235761453635,-3.280310042290203,1.4952707134731305,1.2175240590302743,0.5426852703094482,2.7141395376529895,-2.7141395376529895,0.08285832700039464,pixhawk_fused,0.8,0.2,gyro,-1.0,0.0,0.0,odom,
8147.410722346,turning,-0.00788558022506087,0.08115014226013512,-0.182562133260187,1.4014235761453635,-3.280310042290203,1.4953271693784986,1.2175240590302743,0.5426132082939148,2.7142101075109446,-2.7142101075109446,0.02437483500034432,pixhawk_fused,0.8,0.2,gyro,-1.0,0.0,0.0,odom,
8147.510810723,turning,-0.00788558022506087,0.08115014226013512,-0.18248952630913107,1.4014235761453635,-3.280310042290203,1.4953997763295546,1.2175240590302743,0.5425133109092712,2.714300866167096,-2.714300866167096,0.015399740999782807,pixhawk_fused,0.8,0.2,gyro,-1.0,0.0,0.0,odom,
8147.611259816,turning,-0.00788558022506087,0.08115014226013512,-0.18239622739784656,1.4014235761453635,-3.280310042290203,1.495493075240839,1.2175240590302743,0.5423855781555176,2.7144174897605904,-2.7144174897605904,0.0408278020004218,pixhawk_fused,0.8,0.2,gyro,-1.0,0.0,0.0,odom,
8147.730346549,turning,-0.00788558022506087,0.08115014226013512,-0.18237399375272156,1.4014235761453635,-3.280310042290203,1.495515308885964,1.2175240590302743,0.5423616170883179,2.7144452818055056,-2.7144452818055056,0.10945124199952261,pixhawk_fused,0.8,0.2,gyro,-1.0,0.0,0.0,odom,
8147.851363828,turning,-0.00788558022506087,0.08115014226013512,-0.18230988759525824,1.4014235761453635,-3.280310042290203,1.4955794150434274,1.2175240590302743,0.5422686338424683,2.714525414467824,-2.714525414467824,0.051785941000161984,pixhawk_fused,0.8,0.2,gyro,-1.0,0.0,0.0,odom,
8147.971902558,turning,-0.00788558022506087,0.08115014226013512,-0.18220787919691217,1.4014235761453635,-3.280310042290203,1.4956814234417735,1.2175240590302743,0.5421354174613953,2.7146529249064972,-2.7146529249064972,0.06448201700004574,pixhawk_fused,0.8,0.2,gyro,-1.0,0.0,0.0,odom,
8148.091208788,turning,-0.00788558022506087,0.08115014226013512,-0.18220787919691217,1.4014235761453635,-3.280310042290203,1.4956814234417735,1.2175240590302743,0.5421354174613953,2.7146529249064972,-2.7146529249064972,0.1833941600007165,pixhawk_fused,0.8,0.2,gyro,-1.0,0.0,0.0,odom,
8148.211818852,turning,-0.00788558022506087,0.08115014226013512,-0.18205106009955552,1.4014235761453635,-3.280310042290203,1.4958382425391301,1.2175240590302743,0.5419448018074036,2.714848948676174,-2.714848948676174,0.10849503400004323,pixhawk_fused,0.8,0.2,gyro,-1.0,0.0,0.0,odom,
8148.33065072,turning,-0.00788558022506087,0.08115014226013512,-0.18197348006504543,1.4014235761453635,-3.280310042290203,1.4959158225736402,1.2175240590302743,0.541854202747345,2.7149459236637106,-2.7149459236637106,0.11259280899957957,pixhawk_fused,0.8,0.2,gyro,-1.0,0.0,0.0,odom,
8148.430677765,turning,-0.00788558022506087,0.08115014226013512,-0.1819023198699461,1.4014235761453635,-3.280310042290203,1.4959869827687395,1.2175240590302743,0.5417682528495789,2.7150348738534724,-2.7150348738534724,0.03395082699989871,pixhawk_fused,0.8,0.2,gyro,-1.0,0.0,0.0,odom,
8148.532036587,turning,-0.00788558022506087,0.08115014226013512,-0.18183849800663143,1.4014235761453635,-3.280310042290203,1.4960508046320542,1.2175240590302743,0.5416696071624756,2.7151146511314783,-2.7151146511314783,0.012627893000171753,pixhawk_fused,0.8,0.2,gyro,-1.0,0.0,0.0,odom,
8148.650530145,turning,-0.00788558022506087,0.08115014226013512,-0.1817461193274903,1.4014235761453635,-3.280310042290203,1.4961431833111953,1.2175240590302743,0.5415509939193726,2.7152301244018946,-2.7152301244018946,0.07471398300003784,pixhawk_fused,0.8,0.2,gyro,-1.0,0.0,0.0,odom,
8148.750987425,turning,-0.00788558022506087,0.08115014226013512,-0.18172163759634485,1.4014235761453635,-3.280310042290203,1.4961676650423408,1.2175240590302743,0.5415134429931641,2.7152607265441095,-2.7152607265441095,0.055056504999811295,pixhawk_fused,0.8,0.2,gyro,-1.0,0.0,0.0,odom,
8148.871470214,turning,-0.00788558022506087,0.08115014226013512,-0.18157588286222803,1.4014235761453635,-3.280310042290203,1.4963134197764576,1.2175240590302743,0.5413148999214172,2.7154429198243073,-2.7154429198243073,0.06706507399940165,pixhawk_fused,0.8,0.2,gyro,-1.0,0.0,0.0,odom,
8148.972352099,turning,-0.00788558022506087,0.08115014226013512,-0.18149289907641708,1.4014235761453635,-3.280310042290203,1.4963964035622686,1.2175240590302743,0.5412029027938843,2.7155466494718916,-2.7155466494718916,0.05503171000054863,pixhawk_fused,0.8,0.2,gyro,-1.0,0.0,0.0,odom,
8149.091579942,turning,-0.00788558022506087,0.08115014226013512,-0.18149289907641708,1.4014235761453635,-3.280310042290203,1.4963964035622686,1.2175240590302743,0.5412029027938843,2.7155466494718916,-2.7155466494718916,0.1738487080001505,pixhawk_fused,0.8,0.2,gyro,-1.0,0.0,0.0,odom,
8149.19198752,turning,-0.00788558022506087,0.08115014226013512,-0.18136660362058943,1.4014235761453635,-3.280310042290203,1.4965226990180962,1.2175240590302743,0.5410150289535522,2.7157045186534874,-2.7157045186534874,0.08461567499944067,pixhawk_fused,0.8,0.2,gyro,-1.0,0.0,0.0,odom,
8149.310761316,turning,-0.00788558022506087,0.08115014226013512,-0.18129344108601764,1.4014235761453635,-3.280310042290203,1.496595861552668,1.2175240590302743,0.5409297943115234,2.715795971736347,-2.715795971736347,0.08890566900026897,pixhawk_fused,0.8,0.2,gyro,-1.0,0.0,0.0,odom,
8149.411381354,turning,-0.00788558022506087,0.08115014226013512,-0.18120663005883952,1.4014235761453635,-3.280310042290203,1.496682672579846,1.2175240590302743,0.5408122539520264,2.7159044854138394,-2.7159044854138394,0.011082656000326097,pixhawk_fused,0.8,0.2,gyro,-1.0,0.0,0.0,odom,
8149.532478229,turning,-0.00788558022506087,0.08115014226013512,-0.18120663005883952,1.4014235761453635,-3.280310042290203,1.496682672579846,1.2175240590302743,0.5408122539520264,2.7159044854138394,-2.7159044854138394,0.1320869760002097,pixhawk_fused,0.8,0.2,gyro,-1.0,0.0,0.0,odom,
8149.651316061,turning,-0.00788558022506087,0.08115014226013512,-0.1809844734713797,1.4014235761453635,-3.280310042290203,1.496904829167306,1.2175240590302743,0.5405235886573792,2.716182180848939,-2.716182180848939,0.05178357199929451,pixhawk_fused,0.8,0.2,gyro,-1.0,0.0,0.0,odom,
8149.771992182,turning,-0.00788558022506087,0.08115014226013512,-0.18087176543294947,1.4014235761453635,-3.280310042290203,1.4970175372057362,1.2175240590302743,0.5403645038604736,2.716323065729847,-2.716323065729847,0.07279430700054945,pixhawk_fused,0.8,0.2,gyro,-1.0,0.0,0.0,odom,
8149.890461742,turning,-0.00788558022506087,0.08115014226013512,-0.18079798758766952,1.4014235761453635,-3.280310042290203,1.4970913150510161,1.2175240590302743,0.5402688980102539,2.71641528792124,-2.71641528792124,0.07397629100069025,pixhawk_fused,0.8,0.2,gyro,-1.0,0.0,0.0,odom,
8149.991961434,turning,-0.00788558022506087,0.08115014226013512,-0.18079798758766952,1.4014235761453635,-3.280310042290203,1.4970913150510161,1.2175240590302743,0.5402688980102539,2.71641528792124,-2.71641528792124,0.1748839179999777,pixhawk_fused,0.8,0.2,gyro,-1.0,0.0,0.0,odom,
8150.110951616,turning,-0.00788558022506087,0.08115014226013512,-0.18063966509867857,1.4014235761453635,-3.280310042290203,1.497249637540007,1.2175240590302743,0.5400497317314148,2.716613190769253,-2.716613190769253,0.0731735250001293,pixhawk_fused,0.8,0.2,gyro,-1.0,0.0,0.0,odom,
8150.211966039,turning,-0.00788558022506087,0.08115014226013512,-0.18056392536947752,1.4014235761453635,-3.280310042290203,1.4973253772692081,1.2175240590302743,0.5399433970451355,2.716707865296898,-2.716707865296898,0.025508208999781345,pixhawk_fused,0.8,0.2,gyro,-1.0,0.0,0.0,odom,
8150.330905945,turning,-0.00788558022506087,0.08115014226013512,-0.18046191913559362,1.4014235761453635,-3.280310042290203,1.497427383503092,1.2175240590302743,0.539813756942749,2.7168353729006256,-2.7168353729006256,0.03501292500004638,pixhawk_fused,0.8,0.2,gyro,-1.0,0.0,0.0,odom,
8150.450987465,turning,-0.00788558022506087,0.08115014226013512,-0.18036900849890092,1.4014235761453635,-3.280310042290203,1.4975202941397847,1.2175240590302743,0.5396779775619507,2.716951511016151,-2.716951511016151,0.042540612000266265,pixhawk_fused,0.8,0.2,gyro,-1.0,0.0,0.0,odom,
,error,-0.00788558022506087,0.08115014226013512,-0.18036900849890092,,,,,,,,,True,0.8,0.2,gyro,-1.0,,,mission_status,final alignment at waypoint 4 timed out
