t_bridge,mission_state,x_m,y_m,yaw_rad,raw_x_m,raw_y_m,raw_yaw_rad,encoder_yaw_rad,pixhawk_yaw_rad,pixhawk_yaw_ros_rad,pixhawk_gyro_yaw_rad,pixhawk_age_s,yaw_source,pixhawk_weight,encoder_weight,pixhawk_yaw_mode,pixhawk_yaw_sign,linear_x_mps,angular_z_radps,event_type,event_message
,turning,0.3250837695103561,-0.18240713985714005,-2.260363347879089,,,,,,,,,True,0.8,0.2,gyro,-1.0,,,mission_status,aligning for waypoint 1/4
1783.794287483,turning,0.3250837695103561,-0.18240713985714005,-2.260363347879089,-7.87356934378982,-5.2429519051087246,1.6690677235162683,1.4416783716035593,1.3112969398498535,-0.9828023338796054,0.9828023338796054,0.1351705250001487,pixhawk_fused,0.8,0.2,gyro,-1.0,0.0,0.0,odom,
1783.913408706,turning,0.3250837695103561,-0.18240713985714005,-2.2604043762419606,-7.87356934378982,-5.2429519051087246,1.6690266951533967,1.4416783716035593,1.311341404914856,-0.982853371250764,0.982853371250764,0.06621494500018343,pixhawk_fused,0.8,0.2,gyro,-1.0,0.0,0.0,odom,
1784.030318994,turning,0.3250837695103561,-0.18240713985714005,-2.2604301242464038,-7.87356934378982,-5.2429519051087246,1.6690009471489535,1.4416783716035593,1.3113747835159302,-0.982885400613858,0.982885400613858,0.0680519299999105,pixhawk_fused,0.8,0.2,gyro,-1.0,0.0,0.0,odom,
1784.130615667,turning,0.3250837695103561,-0.18240713985714005,-2.2604301242464038,-7.87356934378982,-5.2429519051087246,1.6690009471489535,1.4416783716035593,1.3113747835159302,-0.982885400613858,0.982885400613858,0.16837621599984232,pixhawk_fused,0.8,0.2,gyro,-1.0,0.0,0.0,odom,
1784.23253896,turning,0.3250837695103561,-0.18240713985714005,-2.2604826009192447,-7.87356934378982,-5.2429519051087246,1.6689484704761126,1.4416783716035593,1.3114458322525024,-0.9829506793509653,0.9829506793509653,0.09799137999993945,pixhawk_fused,0.8,0.2,gyro,-1.0,0.0,0.0,odom,
1784.332808964,turning,0.3250837695103561,-0.18240713985714005,-2.2605988490324647,-7.87356934378982,-5.2429519051087246,1.6688322223628926,1.4416783716035593,1.311577558517456,-0.9830952875533556,0.9830952875533556,0.03072420300009071,pixhawk_fused,0.8,0.2,gyro,-1.0,0.0,0.0,odom,
1784.432914088,turning,0.3250837695103561,-0.18240713985714005,-2.2605988490324647,-7.87356934378982,-5.2429519051087246,1.6688322223628926,1.4416783716035593,1.311577558517456,-0.9830952875533556,0.9830952875533556,0.1308506060001946,pixhawk_fused,0.8,0.2,gyro,-1.0,0.0,0.0,odom,
1784.552258621,turning,0.3250837695103561,-0.18240713985714005,-2.260734365495284,-7.87356934378982,-5.2429519051087246,1.6686967059000732,1.4416783716035593,1.311743974685669,-0.9832638657496725,0.9832638657496725,0.0018415970000660309,pixhawk_fused,0.8,0.2,gyro,-1.0,0.0,0.0,odom,
1784.671520949,turning,0.3250837695103561,-0.18240713985714005,-2.260780979652951,-7.87356934378982,-5.2429519051087246,1.668650091742406,1.4416783716035593,1.311789631843567,-0.9833218525134442,0.9833218525134442,0.007148515999915617,pixhawk_fused,0.8,0.2,gyro,-1.0,0.0,0.0,odom,
1784.790190699,turning,0.32504455276178357,-0.18243712970849588,-2.260913405554863,-7.873562938824939,-5.242902952877133,1.6685176658404943,1.4410031277432591,1.311789631843567,-0.9833218525134442,0.9833218525134442,0.12594942200007608,pixhawk_fused,0.8,0.2,gyro,-1.0,0.0,0.0,odom,
1784.891883583,turning,0.32496579497660133,-0.18249743212040248,-2.261227101544507,-7.873550128895176,-5.242804590916457,1.6682039698508504,1.4396461076249165,1.3118891716003418,-0.983381063069072,0.983381063069072,0.031910345000142115,pixhawk_fused,0.8,0.2,gyro,-1.0,0.0051619987934827805,-0.06784961372613907,odom,
1784.993432477,turning,0.3248092522703457,-0.1826170688166323,-2.26175665368846,-7.873524509035652,-5.242609239487579,1.6676744177068974,1.4369447643402906,1.3118891716003418,-0.983381063069072,0.983381063069072,0.13344121900013306,pixhawk_fused,0.8,0.2,gyro,-1.0,0.0,0.0,odom,
1785.093712644,turning,0.3248092522703457,-0.1826170688166323,-2.2627421916205703,-7.873524509035652,-5.242609239487579,1.666688879774787,1.4369447643402906,1.313014030456543,-0.9846068753282022,0.9846068753282022,0.05184952200011139,pixhawk_fused,0.8,0.2,gyro,-1.0,0.0,0.0,odom,
1785.194560772,turning,0.32484911759499063,-0.18258643354688603,-2.2631453204769025,-7.873530914000533,-5.242659106714155,1.6662857509184548,1.4362533453694493,1.313105583190918,-0.9849397136018094,0.9849397136018094,0.05177816600007645,pixhawk_fused,0.8,0.2,gyro,-1.0,0.0,0.0,odom,
1785.310874672,turning,0.32484911759499063,-0.18258643354688603,-2.264415943457019,-7.873530914000533,-5.242659106714155,1.6650151279383385,1.430808764414563,1.3134467601776123,-0.9851931495711621,0.9851931495711621,0.05256473399981587,pixhawk_fused,0.8,0.2,gyro,-1.0,0.0,-0.06764263659715652,odom,
1785.413301176,turning,0.32508892969979314,-0.18241362246017614,-2.2751837794564604,-7.873577578744667,-5.242950990113742,1.6542472919388969,1.386124468370767,1.3160440921783447,-0.9877323904455122,0.9877323904455122,0.07435593400009566,pixhawk_fused,0.8,0.2,gyro,-1.0,-0.0026316880248486996,-0.6572306156158447,odom,
1785.533219281,turning,0.325593045073713,-0.18210688011656526,-2.342923437643435,-7.873715742987105,-5.243524691968103,1.5865076337519222,1.2917750729355608,1.3847935199737549,-1.0490660422563967,1.0490660422563967,0.08160077100001217,pixhawk_fused,0.8,0.2,gyro,-1.0,-0.005035701673477888,-0.7942746877670288,odom,
1785.655163527,turning,0.3256383632990112,-0.18209534468527805,-2.4279439839854424,-7.873739532856664,-5.243564951747357,1.5014870874099149,1.180179479878932,1.4628946781158447,-1.12773742671017,1.12773742671017,0.09247547999984818,pixhawk_fused,0.8,0.2,gyro,-1.0,-1.815958626139036e-06,-0.950824499130249,odom,
1785.774520745,turning,0.3258750641928915,-0.18200437164348837,-2.524237066857766,-7.873842012294764,-5.243796902975555,1.4051940045375915,1.0578158910572897,1.5540341138839722,-1.2178531348228867,1.2178531348228867,0.011418142000138687,pixhawk_fused,0.8,0.2,gyro,-1.0,0.002520933048799634,-1.0264160633087158,odom,
1785.89333454,turning,0.3260226648189412,-0.18196979376876443,-2.71314443939504,-7.873921616858287,-5.243925917268163,1.2162866320003172,0.9282334851425943,1.7549089193344116,-1.4208906427145418,1.4208906427145418,0.03207777500006159,pixhawk_fused,0.8,0.2,gyro,-1.0,-0.002625912893563509,-1.1390007734298706,odom,
1786.014194813,turning,0.3260200926184279,-0.18196331748109157,-2.738250326015349,-7.873915211893406,-5.243928662253112,1.1911807453800085,0.7968872071677965,1.7549089193344116,-1.4208906427145418,1.4208906427145418,0.15284278200010704,pixhawk_fused,0.8,0.2,gyro,-1.0,0.010341762565076351,-1.019307017326355,odom,
1786.130091022,turning,0.3263610270034344,-0.18197773647213591,-2.8495265722804914,-7.874165920518758,-5.24416015598382,1.0799044991148659,0.6570284957792812,1.8610517978668213,-1.5255771007061418,1.5255771007061418,0.09382897300019977,pixhawk_fused,0.8,0.2,gyro,-1.0,-0.005137770902365446,-1.1480302810668945,odom,
1786.230375297,turning,0.32650329692522145,-0.18200655169530866,-3.052419017153446,-7.874286699856517,-5.2442406755423265,0.8770120542419111,0.5454776971505017,2.085543155670166,-1.7497829670429643,1.7497829670429643,0.08604273799983275,pixhawk_fused,0.8,0.2,gyro,-1.0,-0.017926082015037537,-1.3125718832015991,odom,
1786.333433797,turning,0.32683401418165214,-0.18209826238340648,-3.0732772697972264,-7.874584988220986,-5.244410407111679,0.8561538015981309,0.4352629699074542,2.085543155670166,-1.7497829670429643,1.7497829670429643,0.18824957399988307,pixhawk_fused,0.8,0.2,gyro,-1.0,0.0,-1.0770576000213623,odom,
1786.433791779,turning,0.32692384101439703,-0.18214183065677014,3.085144922366676,-7.8746792327042385,-5.244443346931068,0.7313906865824471,0.327096758966377,2.2136518955230713,-1.8783663246155198,1.8783663246155198,0.09254004299987173,pixhawk_fused,0.8,0.2,gyro,-1.0,-0.005117717199027538,-1.0767078399658203,odom,
1786.554322791,turning,0.32699166046824624,-0.18218922723292644,2.9104291898914485,-7.874760667257728,-5.244457986850796,0.5566749541072196,0.21799451501472633,2.4028191566467285,-2.068427193951648,2.068427193951648,0.09228384099992581,pixhawk_fused,0.8,0.2,gyro,-1.0,-0.010082749649882317,-0.9275420308113098,odom,
1786.670878898,turning,0.32654145334779794,-0.18188080309610294,2.822471355859582,-7.874224480197672,-5.24435642240768,0.46871712007535304,0.13593704093804182,2.491281032562256,-2.157782509994548,2.157782509994548,0.03559644000006301,pixhawk_fused,0.8,0.2,gyro,-1.0,0.007683644071221352,-0.5049713850021362,odom,
1786.790967548,turning,0.32627022605531075,-0.18167051288009134,2.75041821028637,-7.873884102063983,-5.244312502648494,0.39666397450214097,0.08522445132971163,2.5640907287597656,-2.234912237596553,2.234912237596553,0.05020045400010531,pixhawk_fused,0.8,0.2,gyro,-1.0,-8.976743970379175e-07,-0.47270652651786804,odom,
1786.910729846,turning,0.32623473751691257,-0.18163095921275507,2.681954604492054,-7.873831032354968,-5.244315247633443,0.328200368707825,0.05077201355920346,2.6451416015625,-2.3115338534832413,2.3115338534832413,0.043640316999926654,pixhawk_fused,0.8,0.2,gyro,-1.0,0.005169518757611513,-0.06794846057891846,odom,
1787.016935475,turning,0.3261634014175795,-0.18156640852635497,2.68169840203479,-7.873734957881749,-5.244310215161037,0.3279441662505609,0.04945260658013266,2.6451416015625,-2.3115338534832413,2.3115338534832413,0.1485960550000982,pixhawk_fused,0.8,0.2,gyro,-1.0,0.0,0.0,odom,
1787.13305009,turning,0.3261634014175795,-0.18156640852635497,2.665277819051374,-7.873734957881749,-5.244310215161037,0.311523583267145,0.04945260658013266,2.662702798843384,-2.331919348892611,2.331919348892611,0.0871424780000325,pixhawk_fused,0.8,0.2,gyro,-1.0,0.0,0.0,odom,
1787.252102048,turning,0.3260904533511123,-0.1814995894025453,2.6660860610722135,-7.873636138423581,-5.244305640186122,0.31233182528798453,0.04809981745976181,2.662832498550415,-2.3305883409863752,2.3305883409863752,0.08976426699996409,pixhawk_fused,0.8,0.2,gyro,-1.0,0.0025217996444553137,-0.033146683126688004,odom,
1787.370607067,turning,0.32597973725694934,-0.18139935755914888,2.6586119550370255,-7.873486994241347,-5.244297862728765,0.3048577192527966,0.0352056666135762,2.6694135665893555,-2.3367525777591807,2.3367525777591807,0.021589339999991353,pixhawk_fused,0.8,0.2,gyro,-1.0,-0.0025723539292812347,-0.23667819797992706,odom,
1787.474265412,turning,0.3257286663456013,-0.18114835546166302,2.6334397790402977,-7.87313197618793,-5.244296947733782,0.27968554325606876,0.003477875575040848,2.695621967315674,-2.360342920459662,2.360342920459662,0.010565304000010656,pixhawk_fused,0.8,0.2,gyro,-1.0,0.0184171199798584,-0.24207569658756256,odom,
1787.594224203,turning,0.3259338746590846,-0.18136883659158834,2.6287224827524103,-7.873433009537348,-5.24428688278897,0.27496824696818134,-0.020858940332121753,2.695621967315674,-2.360342920459662,2.360342920459662,0.13039808700000322,pixhawk_fused,0.8,0.2,gyro,-1.0,-0.010070418007671833,-0.13236616551876068,odom,
1787.714939585,turning,0.3260723026941468,-0.1815137791340773,2.6055588088667117,-7.873633393438633,-5.244282765311546,0.2518045730824827,-0.022251780573883228,2.7205655574798584,-2.3887426889313796,2.3887426889313796,0.07364097000004222,pixhawk_fused,0.8,0.2,gyro,-1.0,0.0,0.0,odom,
,navigating,0.3260723026941468,-0.1815137791340773,2.6055588088667117,,,,,,,,,True,0.8,0.2,gyro,-1.0,,,mission_status,going to waypoint 1/4
1787.819071601,navigating,0.3260723026941468,-0.1815137791340773,2.5965347748670893,-7.873633393438633,-5.244282765311546,0.24278053908286035,-0.022251780573883228,2.7304744720458984,-2.399946100026224,2.399946100026224,0.04839104899997437,pixhawk_fused,0.8,0.2,gyro,-1.0,0.0,0.0,odom,
1787.934343744,navigating,0.3256644393216031,-0.18108705712866877,2.598500984819341,-7.8730432216745765,-5.244294660246325,0.2447467490351123,-0.015515979376754066,2.7302863597869873,-2.3991338281928045,2.3991338281928045,0.09361731600006351,pixhawk_fused,0.8,0.2,gyro,-1.0,0.02559494599699974,0.2691221237182617,odom,
1788.055897556,navigating,0.32441138951561443,-0.17981555373779595,2.603626698260191,-7.87125806646268,-5.2443033526986635,0.2498724624759623,0.010323826138468547,2.7302961349487305,-2.399035303419311,2.399035303419311,0.11183497500019257,pixhawk_fused,0.8,0.2,gyro,-1.0,0.03105298802256584,0.40816229581832886,odom,
1788.171478662,navigating,0.3194541291417102,-0.17528286016585842,2.633956268735266,-7.8645484082521016,-5.243986764434535,0.28020203295103707,0.09692460468446994,2.709620237350464,-2.382477564340778,2.382477564340778,0.10831348800002161,pixhawk_fused,0.8,0.2,gyro,-1.0,0.07976485043764114,0.8454653024673462,odom,
1788.272168695,navigating,0.31108957461041187,-0.16883805122419748,2.694301860037142,-7.854079950651226,-5.242603749517681,0.34054762425291285,0.17131835983882715,2.6469192504882812,-2.3255929037987664,2.3255929037987664,0.034940802999926746,pixhawk_fused,0.8,0.2,gyro,-1.0,0.13315002620220184,0.6731275320053101,odom,
1788.373924217,navigating,0.29855603272516584,-0.16041942058370418,2.8177253573578818,-7.839271671845826,-5.2396579231698075,0.46397112157365283,0.2231791578721978,2.511411190032959,-2.184634198909946,2.184634198909946,0.012008863000119163,pixhawk_fused,0.8,0.2,gyro,-1.0,0.16986028850078583,0.33828091621398926,odom,
1788.493116186,navigating,0.27945711517015437,-0.14852622443185248,2.8177349696976566,-7.817369436936975,-5.234509246400283,0.46398073391342765,0.22322829120848692,2.511411190032959,-2.184634198909946,2.184634198909946,0.1309933010002169,pixhawk_fused,0.8,0.2,gyro,-1.0,0.20163148641586304,-0.3397764563560486,odom,
1788.611753269,navigating,0.25924413886480996,-0.13514317769706483,2.8309322214225783,-7.793625317127279,-5.229621800698414,0.47717798563834934,0.16995221871317126,2.486543655395508,-2.155404584056087,2.155404584056087,0.07054571999992731,pixhawk_fused,0.8,0.2,gyro,-1.0,0.22152751684188843,-0.5294129252433777,odom,
1788.733100676,navigating,0.23834458776909975,-0.11941760562115555,2.757631162227473,-7.767736449077354,-5.225900058604929,0.40387692644324424,0.1056044708589916,2.5637354850769043,-2.2308481258809043,2.2308481258809043,0.08272879400010424,pixhawk_fused,0.8,0.2,gyro,-1.0,0.2313685417175293,-0.5125485062599182,odom,
1788.834264383,navigating,0.2217453448934768,-0.10554162799243462,2.7521851298213567,-7.746191977206869,-5.223921839451613,0.3984308940371277,0.07735234370587475,2.5637354850769043,-2.2308481258809043,2.2308481258809043,0.18361859600008756,pixhawk_fused,0.8,0.2,gyro,-1.0,0.21397536993026733,-0.20082391798496246,odom,
1788.954380871,navigating,0.20211554345338834,-0.08835369698040874,2.6728773625443223,-7.7201621999295575,-5.2221316517673095,0.31912312676009336,0.05840236132526403,2.658280372619629,-2.3246465742796136,2.3246465742796136,0.00623679299997093,pixhawk_fused,0.8,0.2,gyro,-1.0,0.2321934700012207,-0.06642186641693115,odom,
1789.070719396,navigating,0.1838153392861101,-0.07195705785031167,2.6724185721203964,-7.695631184434453,-5.22072576197588,0.3186643363361674,0.0651896629854516,2.657607316970825,-2.326860893600009,2.326860893600009,0.005733874000043215,pixhawk_fused,0.8,0.2,gyro,-1.0,0.20487676560878754,0.20196841657161713,odom,
1789.173544737,navigating,0.16945950382628605,-0.05956754019776195,2.6782556293846667,-7.676722813110085,-5.219289219852519,0.3245013936004377,0.09503013637084422,2.657607316970825,-2.326860893600009,2.326860893600009,0.10845774600011282,pixhawk_fused,0.8,0.2,gyro,-1.0,0.17857156693935394,0.3442493677139282,odom,
1789.291691572,navigating,0.1555165403302025,-0.04833619149794626,2.738004015984185,-7.658926618187593,-5.21732838560388,0.38424978019995626,0.1327779922660285,2.5924065113067627,-2.2617612451541644,2.2617612451541644,0.006453639000028488,pixhawk_fused,0.8,0.2,gyro,-1.0,0.13598127663135529,0.30351153016090393,odom,
1789.411574565,navigating,0.14738163633263074,-0.04217080043017575,2.7403839703877964,-7.648818211112539,-5.215911058375163,0.3866297346035674,0.14495641823386093,2.5924065113067627,-2.2617612451541644,2.2617612451541644,0.1262450889998945,pixhawk_fused,0.8,0.2,gyro,-1.0,0.05891966447234154,0.033671457320451736,odom,
1789.530267654,navigating,0.14307918762026325,-0.03894470595417166,2.7567072611687533,-7.643496600291222,-5.215136972619517,0.4029530253845244,0.1442816894903617,2.5748701095581055,-2.2413128761577825,2.2413128761577825,0.09406390100002682,pixhawk_fused,0.8,0.2,gyro,-1.0,0.046235341578722,0.0,odom,
1789.651560544,navigating,0.1369650661995917,-0.03442148236195156,2.758862601197306,-7.635977629018152,-5.213993686388218,0.40510836541307693,0.16729623100618468,2.577190399169922,-2.2442219575367344,2.2442219575367344,0.10856036400014091,pixhawk_fused,0.8,0.2,gyro,-1.0,0.0821031779050827,0.4046652317047119,odom,
1789.752070712,navigating,0.12916706205219586,-0.029128423876832135,2.780882051049236,-7.6267251997497265,-5.212199838723982,0.4271278152650071,0.22882731132553363,2.562580108642578,-2.231860043587483,2.231860043587483,0.09343275599985645,pixhawk_fused,0.8,0.2,gyro,-1.0,0.11768852174282074,0.7397944331169128,odom,
1789.856215312,navigating,0.11912291626399732,-0.02320423417590462,2.899298903451287,-7.615441024121477,-5.209259044848515,0.5455446676670581,0.2883308608278567,2.4484822750091553,-2.0990742798469433,2.0990742798469433,0.004947973000071215,pixhawk_fused,0.8,0.2,gyro,-1.0,0.11112231761217117,0.44157615303993225,odom,
1789.974404912,navigating,0.11070103528850953,-0.01877534071950302,2.9320480212253215,-7.606361071407353,-5.206413410451284,0.5782937854410926,0.32274466743054875,2.4183156490325928,-2.066728542598284,2.066728542598284,0.011987288000000262,pixhawk_fused,0.8,0.2,gyro,-1.0,0.07090331614017487,0.17258469760417938,odom,
1790.090808705,navigating,0.10203572609575366,-0.014542865065113313,2.936275036171462,-7.597248636371331,-5.203256677759821,0.5825208003872331,0.3443759315255282,2.4183156490325928,-2.066728542598284,2.066728542598284,0.12963211600003888,pixhawk_fused,0.8,0.2,gyro,-1.0,0.08723326027393341,0.134893998503685,odom,
1790.19267395,navigating,0.0945206642734227,-0.0110226330007301,2.953152643793596,-7.589452421618402,-5.2004128733525565,0.5993984080093671,0.3566177412200101,2.400055170059204,-2.0487233315728077,2.0487233315728077,0.05729560300005687,pixhawk_fused,0.8,0.2,gyro,-1.0,0.084659144282341,0.16860069334506989,odom,
1790.295237995,navigating,0.08729007976666196,-0.007718222995060663,2.9732638055582923,-7.582009852426414,-5.197618478674375,0.6195095697740634,0.36406688887717253,2.3772757053375244,-2.0255385552964578,2.0255385552964578,0.003392086000076233,pixhawk_fused,0.8,0.2,gyro,-1.0,0.07952828705310822,0.1011604443192482,odom,
1790.414341148,navigating,0.07847235740149888,-0.003769085388196182,2.9747170634788502,-7.572990746878662,-5.194153850171122,0.6209628276946213,0.3715117515933517,2.3772757053375244,-2.0255385552964578,2.0255385552964578,0.12211075400000482,pixhawk_fused,0.8,0.2,gyro,-1.0,0.08665518462657928,0.10354557633399963,odom,
1790.514372916,navigating,0.07117617198102369,-0.0005686824737583668,2.980415496110186,-7.565575627536166,-5.191239591150163,0.6266612603259571,0.37822228029241517,2.3712613582611084,-2.020085813189245,2.020085813189245,0.07156315399993218,pixhawk_fused,0.8,0.2,gyro,-1.0,0.08304844051599503,0.033078551292419434,odom,
1790.630276347,navigating,0.06340022880459996,0.0027616443896283024,2.9964266488237623,-7.557730003054153,-5.1880769109913105,0.6426724130395334,0.3910964009563003,2.3549633026123047,-2.0033133271581898,2.0033133271581898,0.0791412969999783,pixhawk_fused,0.8,0.2,gyro,-1.0,0.07457795739173889,0.10143017023801804,odom,
1790.730587556,navigating,0.05792891687337862,0.005036911597620375,3.0062436041922793,-7.552257875558126,-5.185803605955966,0.6524893684080504,0.40061502922742204,2.3454408645629883,-1.9934240000791321,1.9934240000791321,0.06525962799992158,pixhawk_fused,0.8,0.2,gyro,-1.0,0.05776423215866089,0.13804663717746735,odom,
1790.851635323,navigating,0.05183006594665218,0.007466078918651038,3.010610197216545,-7.546234006087332,-5.1831940402643575,0.6568559614323162,0.42294387560149965,2.3454408645629883,-1.9934240000791321,1.9934240000791321,0.1864584229999764,pixhawk_fused,0.8,0.2,gyro,-1.0,0.05655786022543907,0.2703271806240082,odom,
1790.952136525,navigating,0.047388504548862426,0.009098302195565237,3.0401847932607327,-7.5419440521093835,-5.181197063713888,0.6864305574765037,0.45800765132806687,2.318784713745117,-1.9651873903817902,1.9651873903817902,0.09423482499983038,pixhawk_fused,0.8,0.2,gyro,-1.0,0.05130141228437424,0.4045744836330414,odom,
1791.071851939,navigating,0.040661023647514075,0.011234294543105984,3.074371793271261,-7.5356845714304574,-5.177935106599377,0.7206175574870319,0.5087226392427077,2.2869017124176025,-1.9350386317617665,1.9350386317617665,0.035098491999860926,pixhawk_fused,0.8,0.2,gyro,-1.0,0.06433458626270294,0.3720717430114746,odom,
1791.191433234,navigating,0.034197611691677336,0.012877921670387793,3.1225272198677025,-7.529960362816605,-5.1745130253628355,0.7687729840834736,0.5879710499676627,2.247424364089966,-1.8945158849603903,1.8945158849603903,0.05068805199994131,pixhawk_fused,0.8,0.2,gyro,-1.0,0.06459379941225052,0.7810830473899841,odom,
1791.293246733,navigating,0.028526735000803972,0.01384188117103562,-3.1064330722664177,-7.525276960995953,-5.171173293674767,0.8229979991289396,0.6667979016893307,2.196413040161133,-1.8463594133801233,1.8463594133801233,0.03507074999993165,pixhawk_fused,0.8,0.2,gyro,-1.0,0.06282342225313187,0.8257547616958618,odom,
,turning,0.028526735000803972,0.01384188117103562,-3.1064330722664177,,,,,,,,,True,0.8,0.2,gyro,-1.0,,,mission_status,final alignment at waypoint 1/4
1791.394143828,turning,0.024416712423377816,0.014260815376521106,-3.02711094607604,-7.5220808835202195,-5.16855549302831,0.9023201253193172,0.7180073646717084,2.111919403076172,-1.760104732329346,1.760104732329346,0.054639759000110644,pixhawk_fused,0.8,0.2,gyro,-1.0,0.0528593510389328,0.6947864294052124,odom,
1791.51397873,turning,0.021002907482864326,0.014432837219773623,-2.944347196256471,-7.519550922392135,-5.166257025630932,0.9850838751388862,0.7648408745495379,2.0250403881073,-1.6685308926648867,1.6685308926648867,0.06283637799992903,pixhawk_fused,0.8,0.2,gyro,-1.0,0.033581625670194626,0.44139885902404785,odom,
1791.614124431,turning,0.01745155073452676,0.01444603245852166,-2.9039126712918355,-7.517036516178761,-5.16374902438244,1.0255184001035218,0.8135002489918898,1.9844046831130981,-1.630107628638245,1.630107628638245,0.05184934099997918,pixhawk_fused,0.8,0.2,gyro,-1.0,0.04202321544289589,0.5523555874824524,odom,
1791.717112006,turning,0.013529949575147734,0.014261178356397302,-2.893301317879035,-7.514401330627627,-5.160838882838905,1.036129753516322,0.8672931590956908,1.9844046831130981,-1.630107628638245,1.630107628638245,0.15427857099984976,pixhawk_fused,0.8,0.2,gyro,-1.0,0.03874426335096359,0.5092568397521973,odom,
1791.833606852,turning,0.009087143664085764,0.013792592151642717,-2.7789287576993127,-7.5115996159895815,-5.157359156918432,1.1505023136960446,0.9285085549594287,1.8573864698410034,-1.5026847777910006,1.5026847777910006,0.011043087000189189,pixhawk_fused,0.8,0.2,gyro,-1.0,0.038765545934438705,0.509536623954773,odom,
1791.93404292,turning,0.00531880536212025,0.013178725830496455,-2.7528028424988005,-7.509376635678303,-5.154255036438494,1.1766282288965568,0.9808228637812342,1.8376212120056152,-1.4829720769471897,1.4829720769471897,0.07244118900007379,pixhawk_fused,0.8,0.2,gyro,-1.0,0.04046182706952095,0.5318326354026794,odom,
1792.054908532,turning,0.0005827527450784206,0.012116261227857191,-2.699254079537872,-7.506789029866288,-5.150148538954643,1.2301769918574852,1.0473178715630298,1.7862427234649658,-1.4326055415816081,1.4326055415816081,0.014562804999968648,pixhawk_fused,0.8,0.2,gyro,-1.0,0.04035472869873047,0.5304248929023743,odom,
1792.155139366,turning,-0.0035062830693700846,0.010927670027877352,-2.600243012570428,-7.504747218561651,-5.146411699443938,1.3291880588249292,1.105668852070401,1.6766656637191772,-1.3236265247411503,1.3236265247411503,0.009499389000211522,pixhawk_fused,0.8,0.2,gyro,-1.0,0.044440969824790955,0.5841346979141235,odom,
1792.274390591,turning,-0.008195685603973681,0.009229413022259802,-2.5862400228839038,-7.502643187598167,-5.141889794237791,1.3431910485114535,1.1767061747039618,1.6766656637191772,-1.3236265247411503,1.3236265247411503,0.12890119600001526,pixhawk_fused,0.8,0.2,gyro,-1.0,0.04394311457872391,0.5775908827781677,odom,
1792.391282108,turning,-0.013065136216247487,0.007058961089025249,-2.5148928412175975,-7.500746860495831,-5.136907189057687,1.4145382301777598,1.2497637384855376,1.6066653728485107,-1.2527014455146563,1.2527014455146563,0.05038968199983174,pixhawk_fused,0.8,0.2,gyro,-1.0,0.04749917611479759,0.6243319511413574,odom,
1792.512680269,turning,-0.017830397872511693,0.004499730756995747,-2.4152897219085583,-7.499199603979524,-5.131724199976299,1.514141349486799,1.323877119192462,1.5008461475372314,-1.1468200752086415,1.1468200752086415,0.05524338299983356,pixhawk_fused,0.8,0.2,gyro,-1.0,0.04644167795777321,0.6104321479797363,odom,
1792.630425482,turning,-0.02197177516355575,0.0018797773862190559,-2.4019961198952027,-7.498135464814257,-5.126940606205005,1.5274349515001546,1.391024015468276,1.5008461475372314,-1.1468200752086415,1.1468200752086415,0.17318534799983354,pixhawk_fused,0.8,0.2,gyro,-1.0,0.04624227061867714,0.6078110933303833,odom,
1792.730889402,turning,-0.025609834395374148,-0.0007601672425343545,-2.3436301692516768,-7.4974405261246435,-5.122499678054856,1.5858009021436805,1.45260841959987,1.443127989768982,-1.0892518885679021,1.0892518885679021,0.09872589699989476,pixhawk_fused,0.8,0.2,gyro,-1.0,0.05253169685602188,0.6904796957969666,odom,
1792.831248614,turning,-0.02900337857120095,-0.003553724307698439,-2.21496202700662,-7.497026948392313,-5.118123714548503,1.7144690443887374,1.5128286071077992,1.2968661785125732,-0.9436994597263112,0.9436994597263112,0.01132959500000652,pixhawk_fused,0.8,0.2,gyro,-1.0,0.04354714974761009,0.5723862648010254,odom,
1792.933676053,turning,-0.03240009901800119,-0.00672091674774424,-2.183778184077478,-7.496875974220113,-5.113481944999578,1.7456528873178794,1.576459751100013,1.2737863063812256,-0.9204965516872182,0.9204965516872182,0.0660946509999576,pixhawk_fused,0.8,0.2,gyro,-1.0,0.0498516745865345,0.6552533507347107,odom,
1793.033765731,turning,-0.03541350597175359,-0.009902308094302457,-2.1718655335064865,-7.497005446010212,-5.109101864015801,1.7575655378888708,1.636502152369203,1.2737863063812256,-0.9204965516872182,0.9204965516872182,0.16617407000012463,pixhawk_fused,0.8,0.2,gyro,-1.0,0.04279927909374237,0.5625562071800232,odom,
1793.133963712,turning,-0.03792596086426131,-0.012880146050788419,-2.1142470009020906,-7.497343994153933,-5.1052204552977765,1.8151840704932667,1.6898845292578657,1.214654564857483,-0.8618265092916265,0.8618265092916265,0.08856681299994307,pixhawk_fused,0.8,0.2,gyro,-1.0,0.03592674806714058,0.47222328186035156,odom,
1793.255255462,turning,-0.04042015112518699,-0.01619479264174902,-2.0158677669727227,-7.4979341659179894,-5.101114415311418,1.9135633044226346,1.7467281701143453,1.1067601442337036,-0.753167842621304,0.753167842621304,0.09150745800002369,pixhawk_fused,0.8,0.2,gyro,-1.0,0.03285747021436691,0.43188050389289856,odom,
1793.374701091,turning,-0.04277155014873785,-0.019722327536326023,-1.9337562818390515,-7.498775961302379,-5.096959423093467,1.9956747895563058,1.8048103395904285,1.0177457332611084,-0.6651391311235203,0.6651391311235203,0.024589945999878182,pixhawk_fused,0.8,0.2,gyro,-1.0,0.04538572207093239,0.5965526103973389,odom,
1793.49309255,turning,-0.04551416151823611,-0.02448403284003991,-1.8735237558856133,-7.500216620903164,-5.0916565696693015,2.055907315509744,1.8800952876922574,0.9594985246658325,-0.6086104593224301,0.6086104593224301,0.029993765999961397,pixhawk_fused,0.8,0.2,gyro,-1.0,0.047261640429496765,0.6212097406387329,odom,
1793.612694095,turning,-0.04777686892521134,-0.029183179627098807,-1.859347599815985,-7.501951451390994,-5.086738014138009,2.0700834715793723,1.9515645584696675,0.9594985246658325,-0.6086104593224301,0.6086104593224301,0.14998586999990948,pixhawk_fused,0.8,0.2,gyro,-1.0,0.046196140348911285,0.607204794883728,odom,
1793.730838058,turning,-0.04965957518849987,-0.03392822029077721,-1.7954072697826833,-7.50398685773075,-5.082056442307324,2.134023801612674,2.0269362888463784,0.8987259864807129,-0.5475109267182126,0.5475109267182126,0.09067181899990828,pixhawk_fused,0.8,0.2,gyro,-1.0,0.033586423844099045,0.6452765464782715,odom,
1793.832054817,turning,-0.05072256589924885,-0.037361849073113046,-1.7327814554194427,-7.505670905997022,-5.078880952218709,2.1966496159759146,2.101608546697613,0.8389173746109009,-0.487882292563416,0.487882292563416,0.06302202599999873,pixhawk_fused,0.8,0.2,gyro,-1.0,0.03530346229672432,0.7291913032531738,odom,
1793.951765059,turning,-0.0518017458093496,-0.04212696657975147,-1.6133992058949085,-7.508287334151003,-5.0747547823427235,2.316031865500449,2.1820886214136017,0.7100759744644165,-0.35883480339715623,0.35883480339715623,0.012490114000001995,pixhawk_fused,0.8,0.2,gyro,-1.0,0.04114943742752075,0.6084794998168945,odom,
1794.054393359,turning,-0.05232449699000712,-0.045563207688765955,-1.6001363075714048,-7.510354307817674,-5.071960387664542,2.3292947638239525,2.2486966452160027,0.7100759744644165,-0.35883480339715623,0.35883480339715623,0.11456497600011062,pixhawk_fused,0.8,0.2,gyro,-1.0,0.03946525231003761,0.7262270450592041,odom,
1794.15529975,turning,-0.052566866578140754,-0.0485074416763582,-1.482709969552495,-7.512270307312145,-5.069711787493739,2.4467211018428623,2.324182527587803,0.580950140953064,-0.23097475385139132,0.23097475385139132,0.0961327939999137,pixhawk_fused,0.8,0.2,gyro,-1.0,0.022645391523838043,0.7607073187828064,odom,
1794.274652138,turning,-0.05253468296999749,-0.05215498882176874,-1.4076000552513275,-7.514878500511279,-5.0671616964760275,2.52183101614403,2.417543018852956,0.5092448592185974,-0.16039992784927035,0.16039992784927035,0.03384206800001266,pixhawk_fused,0.8,0.2,gyro,-1.0,0.03531385213136673,0.6630961894989014,odom,
1794.392863242,turning,-0.05210256481068366,-0.0568270676254985,-1.2766377556840567,-7.518495018181715,-5.06417240786646,2.652793315711301,2.4939816782192805,0.36886540055274963,-0.01591879730889941,0.01591879730889941,0.035503806999940934,pixhawk_fused,0.8,0.2,gyro,-1.0,0.04644400626420975,0.678291916847229,odom,
1794.493997108,turning,-0.05153241389317692,-0.06034782133605089,-1.2634216555873614,-7.52139280729298,-5.062093081767518,2.6660094158079954,2.560504219403932,0.36886540055274963,-0.01591879730889941,0.01591879730889941,0.13604269600000407,pixhawk_fused,0.8,0.2,gyro,-1.0,0.038406748324632645,0.7067487239837646,odom,
1794.594368692,turning,-0.050927839142716216,-0.06288618790416117,-1.1975651819091304,-7.523618532589206,-5.060731111735274,2.731865889486227,2.6501387134979617,0.30871856212615967,0.0440177152209506,-0.0440177152209506,0.05239407099998061,pixhawk_fused,0.8,0.2,gyro,-1.0,0.022659549489617348,0.8935152888298035,odom,
1794.712536101,turning,-0.05000652625587134,-0.06554437559483031,-1.0490176490665881,-7.526152611194715,-5.059509135935434,2.880413422328769,2.7630465608813726,0.14817795157432556,0.2014333555751071,-0.2014333555751071,0.06416888099988682,pixhawk_fused,0.8,0.2,gyro,-1.0,0.017650002613663673,0.9611125588417053,odom,
1794.816250127,turning,-0.04937283278769385,-0.06688812571920541,-1.0303156427107325,-7.527552096021263,-5.059010463669681,2.8991154286846244,2.856797288949249,0.14817795157432556,0.2014333555751071,-0.2014333555751071,0.1664355139998861,pixhawk_fused,0.8,0.2,gyro,-1.0,0.013155086897313595,0.8645560145378113,odom,
1794.935154571,turning,-0.048456813607122604,-0.06840143207434474,-0.8913468783292542,-7.52927091409689,-5.058592310962435,3.038084193066103,2.9709942946230856,0.004325458314269781,0.34658622509767867,-0.34658622509767867,0.09266990700007227,pixhawk_fused,0.8,0.2,gyro,-1.0,0.011825972236692905,1.088088870048523,odom,
1795.052620937,turning,-0.04748127509026447,-0.06965155423105071,-0.7685920777514328,-7.530845162965198,-5.058401992005964,-3.1223463135356617,3.0865471997973177,-0.1220032349228859,0.47113727915813786,-0.47113727915813786,0.105290703999799,pixhawk_fused,0.8,0.2,gyro,-1.0,0.01531076431274414,0.9390424489974976,odom,
1795.171472619,turning,-0.04655321081083539,-0.07060361653928907,-0.6708998299947382,-7.532174650675544,-5.058388267081219,-3.024654065778967,-3.0866751720092975,-0.21510116755962372,0.5657685517125355,-0.5657685517125355,0.10902149999992616,pixhawk_fused,0.8,0.2,gyro,-1.0,0.010072882287204266,0.9267898201942444,odom,
1795.272174833,turning,-0.045936550478276036,-0.07110590018911395,-0.580840676589125,-7.532965663838375,-5.058471074127183,-2.934594912373354,-2.9888420001812683,-0.30398425459861755,0.6538872835688816,-0.6538872835688816,0.03142315199988843,pixhawk_fused,0.8,0.2,gyro,-1.0,0.015829812735319138,1.0403398275375366,odom,
1795.392070442,turning,-0.04528252281605903,-0.0715406634116699,-0.46913733218295084,-7.533735174619106,-5.0586279957667735,-2.8228915679671798,-2.870261654742618,-0.412459135055542,0.7638734611325488,-0.7638734611325488,0.10746389700011605,pixhawk_fused,0.8,0.2,gyro,-1.0,0.0025800925213843584,0.847822368144989,odom,
1795.492772748,turning,-0.04492905582740844,-0.07172203926509683,-0.39047639126864686,-7.534113067547098,-5.0587506050945,-2.744230627052876,-2.7901696893967163,-0.49336278438568115,0.842177010958694,-0.842177010958694,0.05541021599992746,pixhawk_fused,0.8,0.2,gyro,-1.0,0.005126382224261761,0.808817982673645,odom,
1795.594382549,turning,-0.04479268624390624,-0.07178254314301344,-0.24528347652495874,-7.534252146784519,-5.058804589798499,-2.5990377123091877,-2.714102711972374,-0.6528817415237427,1.004595704262756,-1.004595704262756,0.050841096999874935,pixhawk_fused,0.8,0.2,gyro,-1.0,0.0025729979388415813,0.7778513431549072,odom,
1795.715690689,turning,-0.04488642663685592,-0.0717519053412211,-0.17638384588034794,-7.534164307266148,-5.05875975504433,-2.530138081664577,-2.6516125233025565,-0.720941424369812,1.0750871919446217,-1.0750871919446217,0.050762369999802104,pixhawk_fused,0.8,0.2,gyro,-1.0,-0.002614839468151331,0.4468047320842743,odom,
1795.833795319,turning,-0.04469698275548993,-0.07180412772009735,-0.16803810695820554,-7.534334953830484,-5.0588572020100235,-2.5217923427424345,-2.6097100075212873,-0.720941424369812,1.0750871919446217,-1.0750871919446217,0.16885227799980385,pixhawk_fused,0.8,0.2,gyro,-1.0,3.898700811078015e-07,0.2038709819316864,odom,
1795.95154506,turning,-0.04474613086242109,-0.07179430276972022,-0.10240393389422131,-7.534293321558756,-5.058829294663041,-2.4561581696784502,-2.5860340218283806,-0.7938803434371948,1.1511519097142444,-1.1511519097142444,0.1024241229999916,pixhawk_fused,0.8,0.2,gyro,-1.0,-0.005126001313328743,0.13475292921066284,odom,
1796.052102398,turning,-0.04493656497514546,-0.07175016548796834,-0.08548954759051064,-7.534127707466827,-5.058725442732467,-2.4392437833747396,-2.5806438756135877,-0.8143619894981384,1.1709225119256006,-1.1709225119256006,0.09377180699993914,pixhawk_fused,0.8,0.2,gyro,-1.0,-0.005160445347428322,0.0678291991353035,odom,
1796.172406646,turning,-0.0451295870767929,-0.07170602189085254,-0.07909517958994039,-7.533960263384932,-5.0586197608119265,-2.4328494153741693,-2.57519322398505,-0.819807767868042,1.1775505847015009,-1.1775505847015009,0.03276553499995316,pixhawk_fused,0.8,0.2,gyro,-1.0,0.0,0.0,odom,
1796.272604057,turning,-0.0451295870767929,-0.07170602189085254,-0.07423627127565968,-7.533960263384932,-5.0586197608119265,-2.4279905070598886,-2.57519322398505,-0.8262805342674255,1.1836122938596234,-1.1836122938596234,0.023968062999983886,pixhawk_fused,0.8,0.2,gyro,-1.0,0.0,0.0,odom,
1796.391449282,turning,-0.045463904657279425,-0.07163144794574787,-0.0723464522118693,-7.533671582467785,-5.058435389322845,-2.4261006879960982,-2.5650975732819976,-0.8262434005737305,1.1834703372408693,-1.1834703372408693,0.09234539699991728,pixhawk_fused,0.8,0.2,gyro,-1.0,-0.0025665799621492624,0.2361469715833664,odom,
1796.493370137,turning,-0.04546261066281789,-0.07163145110342983,-0.06489340292634438,-7.533672497462768,-5.058436304317828,-2.4186476387105733,-2.529891269005117,-0.8278188705444336,1.1840361671763528,-1.1840361671763528,0.04888786199990136,pixhawk_fused,0.8,0.2,gyro,-1.0,0.0,0.3391289710998535,odom,
1796.615598915,turning,-0.045123074475777555,-0.07168856875402911,-0.014495150346891528,-7.533952485927577,-5.058636688219113,-2.3682493861311205,-2.4941010032863367,-0.8846713900566101,1.238062340618955,-1.238062340618955,0.0564119699999992,pixhawk_fused,0.8,0.2,gyro,-1.0,0.0,0.2698553502559662,odom,
1796.715738203,turning,-0.045269569615078706,-0.07166783073377517,0.005423865244736703,-7.533834451574765,-5.0585474762082665,-2.3483303705394922,-2.492072595978167,-0.9070822596549988,1.2624158830958474,-1.2624158830958474,0.04789684900015345,pixhawk_fused,0.8,0.2,gyro,-1.0,0.0,0.0,odom,
1796.833595162,turning,-0.045269569615078706,-0.07166783073377517,0.003958344172838135,-7.533834451574765,-5.0585474762082665,-2.349795891611391,-2.492072595978167,-0.9078727960586548,1.260587491543876,-1.260587491543876,0.023900672000081613,pixhawk_fused,0.8,0.2,gyro,-1.0,0.0,0.0,odom,
,navigating,-0.045269569615078706,-0.07166783073377517,0.003958344172838135,,,,,,,,,True,0.8,0.2,gyro,-1.0,,,mission_status,correcting final position at waypoint 1/4
1796.933725387,navigating,-0.045269569615078706,-0.07166783073377517,0.003694697272901948,-7.533834451574765,-5.0585474762082665,-2.350059538511327,-2.492072595978167,-0.9078638553619385,1.2602585567179192,-1.2602585567179192,0.06867296700011138,pixhawk_fused,0.8,0.2,gyro,-1.0,0.0,0.0,odom,
1797.051496971,navigating,-0.045269569615078706,-0.07166783073377517,0.0036971371491119065,-7.533834451574765,-5.0585474762082665,-2.350057098635117,-2.492072595978167,-0.907901406288147,1.2602616008009353,-1.2602616008009353,0.01211529000011069,pixhawk_fused,0.8,0.2,gyro,-1.0,0.0,0.0,odom,
1797.157305088,navigating,-0.045269569615078706,-0.07166783073377517,0.0036868186801100045,-7.533834451574765,-5.0585474762082665,-2.350067417104119,-2.492072595978167,-0.9079217314720154,1.2602487270824203,-1.2602487270824203,0.011250575999838475,pixhawk_fused,0.8,0.2,gyro,-1.0,0.0,0.0,odom,
1797.274711042,navigating,-0.045269569615078706,-0.07166783073377517,0.0036868186801100045,-7.533834451574765,-5.0585474762082665,-2.350067417104119,-2.492072595978167,-0.9079217314720154,1.2602487270824203,-1.2602487270824203,0.13091518600003837,pixhawk_fused,0.8,0.2,gyro,-1.0,0.0,0.0,odom,
1797.375886358,navigating,-0.045269569615078706,-0.07166783073377517,0.0036364734755851558,-7.533834451574765,-5.0585474762082665,-2.3501177623086438,-2.492072595978167,-0.9078652858734131,1.260185914419504,-1.260185914419504,0.032335970000076486,pixhawk_fused,0.8,0.2,gyro,-1.0,0.0,0.0,odom,
1797.492479972,navigating,-0.0452207379019779,-0.07167474340719272,0.003737131233120472,-7.533873796359035,-5.058577213545216,-2.3500171045511085,-2.4913962514600945,-0.9078397154808044,1.260144003449386,-1.260144003449386,0.03704701599986038,pixhawk_fused,0.8,0.2,gyro,-1.0,0.0,0.0,odom,
1797.594586153,navigating,-0.04492774446569489,-0.0717149254532391,0.0049745971790571275,-7.534108950069675,-5.05875655256189,-2.348779638605172,-2.4873399686142736,-0.9088994264602661,1.260683232411189,-1.260683232411189,0.033688875000052576,pixhawk_fused,0.8,0.2,gyro,-1.0,0.0025658125523477793,0.03372519090771675,odom,
1797.716972492,navigating,-0.04395010892044739,-0.07184056484385817,0.0076589285978125865,-7.534887610800236,-5.059360906748183,-2.3460953071864163,-2.4738283455876036,-0.9088994264602661,1.260683232411189,-1.260683232411189,0.1557065849999617,pixhawk_fused,0.8,0.2,gyro,-1.0,0.0075498586520552635,0.09923578053712845,odom,
1797.83470912,navigating,-0.041338837897287053,-0.07211608947292926,0.048067351502101285,-7.536924847129958,-5.061017505164964,-2.3056868842821276,-2.4378610080857195,-0.9466288685798645,1.3021931421006152,-1.3021931421006152,0.009758177000094292,pixhawk_fused,0.8,0.2,gyro,-1.0,0.03157704696059227,0.41505056619644165,odom,
1797.951408972,navigating,-0.037213199596861694,-0.07236651800253653,0.06987620572230702,-7.540012497700201,-5.0637652350990106,-2.283878030061922,-2.3812308095122656,-0.9634594917297363,1.3153507899487444,-1.3153507899487444,0.08815217599999414,pixhawk_fused,0.8,0.2,gyro,-1.0,0.04277415946125984,0.5622260570526123,odom,
1798.055938947,navigating,-0.033211217960850525,-0.072384371388796,0.11860451029435248,-7.54284806715262,-5.06658936711414,-2.2351497254898764,-2.3224261205957575,-1.009770393371582,1.3615700682545133,-1.3615700682545133,0.014025731999936397,pixhawk_fused,0.8,0.2,gyro,-1.0,0.04278178885579109,0.6285029649734497,odom,
1798.174723316,navigating,-0.027054326298671324,-0.07197463958922276,0.2329425984605069,-7.546900579932471,-5.071242574100353,-2.120811637323722,-2.237864720362785,-1.132591962814331,1.4833156634116598,-1.4833156634116598,0.029676234999897133,pixhawk_fused,0.8,0.2,gyro,-1.0,0.054024841636419296,0.7101056575775146,odom,
1798.275464797,navigating,-0.021536657146765954,-0.07116123674751794,0.24818395897724832,-7.5502160642534895,-5.075727422009687,-2.1055702768069806,-2.1614346395260937,-1.132591962814331,1.4833156634116598,-1.4833156634116598,0.1303104149999399,pixhawk_fused,0.8,0.2,gyro,-1.0,0.05403023958206177,0.7101766467094421,odom,
1798.392548151,navigating,-0.014529775263679927,-0.06949516203675149,0.3379967649802542,-7.5539776086287365,-5.081869325833293,-2.0157574708039747,-2.0627302891017383,-1.2190501689910889,1.5709083447599836,-1.5709083447599836,0.0518311690000246,pixhawk_fused,0.8,0.2,gyro,-1.0,0.05899308994412422,0.7754086256027222,odom,
1798.494440767,navigating,-0.008735263239002644,-0.06751880331448751,0.4680327833447264,-7.55666403389892,-5.087370733168777,-1.8857214524395025,-1.9720586592850335,-1.3594768047332764,1.710764373376412,-1.710764373376412,0.03376613299997189,pixhawk_fused,0.8,0.2,gyro,-1.0,0.07184632867574692,0.9443523287773132,odom,
1798.595207101,navigating,-0.003189608620127026,-0.0650472049871891,0.4857460449170181,-7.5588238795563685,-5.093045074556054,-1.8680081908672108,-1.8833923793587555,-1.3594768047332764,1.710764373376412,-1.710764373376412,0.13455815399993298,pixhawk_fused,0.8,0.2,gyro,-1.0,0.06671444326639175,0.8768985271453857,odom,
1798.716670472,navigating,0.0036431051166640853,-0.06117863707279745,0.5755219422682158,-7.560901375665344,-5.10061711553814,-1.778232293516013,-1.7757808787036924,-1.446162462234497,1.796081512703938,-1.796081512703938,0.07464855800003534,pixhawk_fused,0.8,0.2,gyro,-1.0,0.06963807344436646,0.9153268933296204,odom,
1798.832082583,navigating,0.010428201924209696,-0.05627507472745974,0.7800098194005329,-7.562211648481047,-5.108885467702314,-1.573744416383696,-1.6610302727126294,-1.669764518737793,2.0229777342224544,-2.0229777342224544,0.013730744999975286,pixhawk_fused,0.8,0.2,gyro,-1.0,0.07890227437019348,1.0370961427688599,odom,
1798.934416168,navigating,0.016042625296448693,-0.051208199366695434,0.8300728810697477,-7.562580391459209,-5.1164392087847395,-1.5236813547144812,-1.5573788219412061,-1.7093284130096436,2.0596681767845575,-2.0596681767845575,0.06711275299994668,pixhawk_fused,0.8,0.2,gyro,-1.0,0.0795401856303215,1.0454808473587036,odom,
1799.0354888,navigating,0.02104909832671041,-0.04564909012753823,0.8513765027356894,-7.562171388701794,-5.123909227826218,-1.5023777330485395,-1.450833338670101,-1.7093284130096436,2.0596681767845575,-2.0596681767845575,0.1681820510000307,pixhawk_fused,0.8,0.2,gyro,-1.0,0.07606755942106247,1.1248098611831665,odom,
1799.156263094,navigating,0.026000655920978152,-0.038466521161608015,0.9590861860242463,-7.5605728924664355,-5.1324854758021825,-1.3946680497599826,-1.30253008441726,-1.807641863822937,2.1572546671176376,-2.1572546671176376,0.10988628899985997,pixhawk_fused,0.8,0.2,gyro,-1.0,0.08140751719474792,1.346160650253296,odom,
1799.275887256,navigating,0.030482430460513892,-0.029320128015987868,1.1608243001327934,-7.557251003180536,-5.142113968008634,-1.1929299356514356,-1.1359840338390275,-2.020631790161133,2.3677674612546387,-2.3677674612546387,0.11615942700018422,pixhawk_fused,0.8,0.2,gyro,-1.0,0.07841406017541885,1.5626424551010132,odom,
1799.394163773,navigating,0.03320302298013251,-0.019794500001675257,1.4174611909063977,-7.5524179996801575,-5.150761585593275,-0.9362930448778313,-0.9485722511013707,-2.294370651245117,2.6417033437037887,-2.6417033437037887,0.04486832899988258,pixhawk_fused,0.8,0.2,gyro,-1.0,0.07494671642780304,1.596548080444336,odom,
1799.495478288,navigating,0.03406556161958853,-0.011009683102552459,1.575929036200004,-7.546799472986845,-5.15756960576453,-0.7778251995842249,-0.774677369201419,-2.4496009349823,2.7963145033860624,-2.7963145033860624,0.02957985699981691,pixhawk_fused,0.8,0.2,gyro,-1.0,0.09210322052240372,1.833249807357788,odom,
1799.616123575,navigating,0.032927900350347775,-0.0003672975940727449,1.625286956117111,-7.5384533462491135,-5.164270114025277,-0.7284672796671179,-0.5266036601640621,-2.4496009349823,2.7963145033860624,-2.7963145033860624,0.15078363699990405,pixhawk_fused,0.8,0.2,gyro,-1.0,0.07293559610843658,1.8842817544937134,odom,
1799.716561223,navigating,0.031287861745556395,0.0047150160308555445,1.7960234310834213,-7.5336939998448695,-5.166692563242856,-0.5577308047008076,-0.3774562353368217,-2.6305840015411377,2.9723559051299513,-2.9723559051299513,0.07401454700016075,pixhawk_fused,0.8,0.2,gyro,-1.0,0.030231963843107224,0.9271982908248901,odom,
1799.83390174,navigating,0.030784014833613545,0.005843968436740883,2.039645788012806,-7.5325383611813,-5.167131760834711,-0.3141084477714231,-0.34016155266165216,-2.9628515243530273,-3.0158545101486185,3.0158545101486185,0.006032805999893753,pixhawk_fused,0.8,0.2,gyro,-1.0,0.0,0.0,odom,
1799.934276951,navigating,0.030784014833613545,0.005843968436740883,2.039645788012806,-7.5325383611813,-5.167131760834711,-0.3141084477714231,-0.34016155266165216,-2.9628515243530273,-3.0158545101486185,3.0158545101486185,0.10637764500006597,pixhawk_fused,0.8,0.2,gyro,-1.0,0.0,0.0,odom,
1800.056133401,navigating,0.030784014833613545,0.005843968436740883,2.040977995109731,-7.5325383611813,-5.167131760834711,-0.31277624067449805,-0.34016155266165216,-2.960961103439331,-3.0141893627528136,3.0141893627528136,0.002644541000108802,pixhawk_fused,0.8,0.2,gyro,-1.0,0.0,0.0,odom,
1800.176250708,navigating,0.030784014833613545,0.005843968436740883,2.0410363194023473,-7.5325383611813,-5.167131760834711,-0.3127179163818816,-0.34016155266165216,-2.9604086875915527,-3.01411646252368,3.01411646252368,0.011706261999961498,pixhawk_fused,0.8,0.2,gyro,-1.0,0.0,0.0,odom,
1800.293943891,navigating,0.030784014833613545,0.005843968436740883,2.0410363194023473,-7.5325383611813,-5.167131760834711,-0.3127179163818816,-0.34016155266165216,-2.9604086875915527,-3.01411646252368,3.01411646252368,0.1295700460000262,pixhawk_fused,0.8,0.2,gyro,-1.0,0.0,0.0,odom,
1800.394572726,navigating,0.030784014833613545,0.005843968436740883,2.0409483272926514,-7.5325383611813,-5.167131760834711,-0.3128059084915775,-0.34016155266165216,-2.9600446224212646,-3.0142264449196903,3.0142264449196903,0.03221348800002488,pixhawk_fused,0.8,0.2,gyro,-1.0,0.0,0.0,odom,
1800.517371261,navigating,0.030784014833613545,0.005843968436740883,2.0409483272926514,-7.5325383611813,-5.167131760834711,-0.3128059084915775,-0.34016155266165216,-2.9600446224212646,-3.0142264449196903,3.0142264449196903,0.15459422399999312,pixhawk_fused,0.8,0.2,gyro,-1.0,0.0,0.0,odom,
1800.634880416,navigating,0.030784014833613545,0.005843968436740883,2.040909967810184,-7.5325383611813,-5.167131760834711,-0.31284426797404485,-0.34016155266165216,-2.960019826889038,-3.0142743909136427,3.0142743909136427,0.10209259499993095,pixhawk_fused,0.8,0.2,gyro,-1.0,0.0,0.0,odom,
1800.752591643,navigating,0.030784014833613545,0.005843968436740883,2.0408602767769857,-7.5325383611813,-5.167131760834711,-0.31289395900724326,-0.34016155266165216,-2.959969997406006,-3.014336500367712,3.014336500367712,0.10526327999991736,pixhawk_fused,0.8,0.2,gyro,-1.0,0.0,0.0,odom,
1800.871888973,navigating,0.030784014833613545,0.005843968436740883,2.0407883460200567,-7.5325383611813,-5.167131760834711,-0.3129658897641723,-0.34016155266165216,-2.9598586559295654,-3.014426407563131,3.014426407563131,0.03311662299984164,pixhawk_fused,0.8,0.2,gyro,-1.0,0.0,0.0,odom,
1800.97220676,navigating,0.030784014833613545,0.005843968436740883,2.0407340491995596,-7.5325383611813,-5.167131760834711,-0.31302018658466935,-0.34016155266165216,-2.959770679473877,-3.0144942738922347,3.0144942738922347,0.02695059100005892,pixhawk_fused,0.8,0.2,gyro,-1.0,0.0,0.0,odom,
1801.072576956,navigating,0.030784014833613545,0.005843968436740883,2.0406758435365036,-7.5325383611813,-5.167131760834711,-0.3130783922477254,-0.34016155266165216,-2.959686517715454,-3.01456702595726,3.01456702595726,0.012886220000154935,pixhawk_fused,0.8,0.2,gyro,-1.0,0.0,0.0,odom,
1801.172800942,navigating,0.030784014833613545,0.005843968436740883,2.0406758435365036,-7.5325383611813,-5.167131760834711,-0.3130783922477254,-0.34016155266165216,-2.959686517715454,-3.01456702595726,3.01456702595726,0.11302860900013911,pixhawk_fused,0.8,0.2,gyro,-1.0,0.0,0.0,odom,
1801.27505953,navigating,0.030784014833613545,0.005843968436740883,2.0406471615250674,-7.5325383611813,-5.167131760834711,-0.3131070742591615,-0.34016155266165216,-2.9596519470214844,-3.0146028760088175,3.0146028760088175,0.032637116999922,pixhawk_fused,0.8,0.2,gyro,-1.0,0.0,0.0,odom,
1801.37540278,navigating,0.030784014833613545,0.005843968436740883,2.040600708886873,-7.5325383611813,-5.167131760834711,-0.31315352689735576,-0.34016155266165216,-2.959596633911133,-3.0146609378290394,3.0146609378290394,0.09232651499996791,pixhawk_fused,0.8,0.2,gyro,-1.0,0.0,0.0,odom,
1801.476533849,navigating,0.030784014833613545,0.005843968436740883,2.040576541431779,-7.5325383611813,-5.167131760834711,-0.3131776943524498,-0.34016155266165216,-2.9595727920532227,-3.0146911450839635,3.0146911450839635,0.03383521399996425,pixhawk_fused,0.8,0.2,gyro,-1.0,0.0,0.0,odom,
1801.594857575,navigating,0.030551973040450424,0.0063365790029880215,2.038982900344809,-7.5320255064933095,-5.167314759831318,-0.31477133543942015,-0.34762885123065507,-2.959429979324341,-3.0148169899749138,3.0148169899749138,0.05215828099994724,pixhawk_fused,0.8,0.2,gyro,-1.0,0.0,0.0,odom,
1801.694914634,navigating,0.030551973040450424,0.0063365790029880215,2.0383527151123366,-7.5320255064933095,-5.167314759831318,-0.3154015206718923,-0.34762885123065507,-2.958657741546631,-3.0156046433084214,3.0156046433084214,0.029267872999980682,pixhawk_fused,0.8,0.2,gyro,-1.0,0.0,0.0,odom,
1801.817231939,navigating,0.030551973040450424,0.0063365790029880215,2.0383527151123366,-7.5320255064933095,-5.167314759831318,-0.3154015206718923,-0.34762885123065507,-2.958657741546631,-3.0156046433084214,3.0156046433084214,0.15068013299992344,pixhawk_fused,0.8,0.2,gyro,-1.0,0.0,0.0,odom,
1801.93315241,navigating,0.030738299067959177,0.0059346601467722,2.0366652294436074,-7.5324418292105895,-5.167163328161626,-0.31708900634062154,-0.35640958912653364,-2.9586679935455322,-3.015519883156618,3.015519883156618,0.08734757599995646,pixhawk_fused,0.8,0.2,gyro,-1.0,0.0,0.0,odom,
1802.05250129,navigating,0.030737332519215472,0.005936280008110584,2.0328654016401044,-7.532439999220624,-5.167163785659118,-0.3208888341441245,-0.3604721664706834,-2.9543099403381348,-3.019254071497222,3.019254071497222,0.09275530699983392,pixhawk_fused,0.8,0.2,gyro,-1.0,0.0025795751716941595,-0.10167751461267471,odom,
1802.173177903,navigating,0.030659165220559198,0.006117954560547286,2.0273875657841285,-7.532256085229034,-5.167236527760268,-0.32636667000010045,-0.3807692382937609,-2.9522547721862793,-3.0210309648819766,3.0210309648819766,0.037025645000085206,pixhawk_fused,0.8,0.2,gyro,-1.0,0.0025702982675284147,-0.1689005047082901,odom,
1802.292492208,navigating,0.03087973694055115,0.005564877382931753,1.9681056562151265,-7.532803709726379,-5.167002746542104,-0.3856485795691025,-0.43507678222068674,-2.8939621448516846,-3.0815548936881623,3.0815548936881623,0.0019807090000085736,pixhawk_fused,0.8,0.2,gyro,-1.0,-0.005145737435668707,-0.4734511375427246,odom,
1802.393359657,navigating,0.031051554310650244,0.005050415743047659,1.9553463773013116,-7.533289572062369,-5.166761645364075,-0.3984078584829174,-0.49901337929067163,-2.8939621448516846,-3.0815548936881623,3.0815548936881623,0.10265466700002435,pixhawk_fused,0.8,0.2,gyro,-1.0,-0.007696797605603933,-0.843232274055481,odom,
1802.495595117,navigating,0.031073963966425047,0.004953957896214037,1.90838341926005,-7.533373751600808,-5.166709490650042,-0.445370816524179,-0.5791508436832311,-2.854048013687134,-3.120277947143515,3.120277947143515,0.05262448999997105,pixhawk_fused,0.8,0.2,gyro,-1.0,-0.005250888876616955,-0.8279646635055542,odom,
1802.615318794,navigating,0.031107650123565308,0.00470607427822007,1.7606813370462133,-7.533573220507109,-5.166558516477841,-0.5930728987380156,-0.6881388725827179,-2.694597005844116,3.0055866996833642,-3.0055866996833642,0.06361879299993234,pixhawk_fused,0.8,0.2,gyro,-1.0,-0.007895874790847301,-0.9340548515319824,odom,
1802.716604776,navigating,0.031109795411380363,0.004657220461346192,1.6687867689598341,-7.53360936280894,-5.166525576658453,-0.6849674668243948,-0.7870792175060458,-2.606001138687134,2.915445549864467,-2.915445549864467,0.051920827000003555,pixhawk_fused,0.8,0.2,gyro,-1.0,-0.0025130531284958124,-1.023210048675537,odom,
1802.831338776,navigating,0.03108812524931316,0.004261308678967759,1.6440243474656806,-7.533874711354018,-5.166230948273916,-0.7097298883185483,-0.9120172160457198,-2.606001138687134,2.915445549864467,-2.915445549864467,0.16796957700012172,pixhawk_fused,0.8,0.2,gyro,-1.0,-0.0051434226334095,-1.0816872119903564,odom,
1802.932396276,navigating,0.031041930141636566,0.004023001507682025,1.4620681668571016,-7.534011045606491,-5.16603010687514,-0.8916860689271273,-1.0235397850247683,-2.4070372581481934,2.7161145094820816,-2.7161145094820816,0.07463356399989607,pixhawk_fused,0.8,0.2,gyro,-1.0,-0.01034111250191927,-1.2233179807662964,odom,
1803.051544158,navigating,0.030910537900083274,0.003604388937153459,1.3512972338139315,-7.534215089487707,-5.165641691504843,-1.0024570019702974,-1.1621362117052991,-2.302161455154419,2.612230509419139,-2.612230509419139,0.01556753599993499,pixhawk_fused,0.8,0.2,gyro,-1.0,-0.0025741499848663807,-1.2507328987121582,odom,
1803.15458944,navigating,0.030909242326780762,0.0036037450976046485,1.2381694029383594,-7.534214631990215,-5.165640319012368,-1.1155848328458695,-1.277118732382073,-2.189819574356079,2.4995607499071917,-2.4995607499071917,0.013549086000011812,pixhawk_fused,0.8,0.2,gyro,-1.0,0.002585151232779026,-1.189277172088623,odom,
1803.254979501,navigating,0.030901161966179317,0.0036066763206553318,1.214329315169059,-7.53420685453286,-5.165636659032436,-1.1394249206151699,-1.3983698859953893,-2.189819574356079,2.4995607499071917,-2.4995607499071917,0.11416613899996264,pixhawk_fused,0.8,0.2,gyro,-1.0,-0.0025192087050527334,-1.2251663208007812,odom,
1803.356385073,navigating,0.03081355209472817,0.0034981939294028673,0.9900446121923085,-7.534221951950079,-5.165498037292507,-1.3637096235919204,-1.5193409527512647,-1.9400593042373657,2.249977697868045,-2.249977697868045,0.012354140000070402,pixhawk_fused,0.8,0.2,gyro,-1.0,-0.01257387176156044,-1.3552279472351074,odom,
1803.474845403,navigating,0.031173488131986976,0.003846696177327368,0.7955076493756996,-7.534228814412452,-5.165998997045717,-1.5582465864085293,-1.6632127070389624,-1.7330161333084106,2.042876438040431,-2.042876438040431,0.023409881999896243,pixhawk_fused,0.8,0.2,gyro,-1.0,0.005169779993593693,-1.2231335639953613,odom,
1803.593338605,navigating,0.03128466209003308,0.003934093530881673,0.6775497344967636,-7.534245284322147,-5.1661394487756125,-1.6762045012874653,-1.8014234731133192,-1.618966817855835,1.929950231809314,-1.929950231809314,0.03508347000001777,pixhawk_fused,0.8,0.2,gyro,-1.0,0.0025833328254520893,-1.120530366897583,odom,
1803.693449662,navigating,0.03142068781377241,0.003997814700132159,0.6561898269968367,-7.534296066543705,-5.166280815500492,-1.6975644087873922,-1.909400175158648,-1.618966817855835,1.929950231809314,-1.929950231809314,0.13511682000012115,pixhawk_fused,0.8,0.2,gyro,-1.0,0.01028941385447979,-0.8790905475616455,odom,
1803.794690065,navigating,0.03119202465178716,0.0038864415100573063,0.5457136495154633,-7.534213716995232,-5.166040171819954,-1.8080405862687656,-2.0170310160980853,-1.5089176893234253,1.818777458805736,-1.818777458805736,0.031006101999992097,pixhawk_fused,0.8,0.2,gyro,-1.0,1.9510678157530492e-06,-1.0192524194717407,odom,
1803.894787655,navigating,0.031288820996224834,0.003914996850104543,0.3633030539285895,-7.534261754231841,-5.1661289263333074,-1.9904511818556394,-2.1183629225574734,-1.3050137758255005,1.61637169136494,-1.61637169136494,0.032947509999985414,pixhawk_fused,0.8,0.2,gyro,-1.0,-0.005280122626572847,-0.9019302725791931,odom,
1803.99555211,navigating,0.031621231693885324,0.003986973303734645,0.34822844805693887,-7.53444521072594,-5.166415319762997,-2.00552578772729,-2.1944620568566147,-1.3050137758255005,1.61637169136494,-1.61637169136494,0.1338061359999756,pixhawk_fused,0.8,0.2,gyro,-1.0,-0.007739892695099115,-0.7799575924873352,odom,
1804.1177025,navigating,0.03166588555470201,0.00399139334432312,0.261936831495587,-7.534473575570414,-5.166450089572352,-2.091817404288642,-2.26951077544527,-1.2167232036590576,1.5273135839292367,-1.5273135839292367,0.07612199300001521,pixhawk_fused,0.8,0.2,gyro,-1.0,-0.005131368059664965,-0.6744701266288757,odom,
1804.234594137,navigating,0.031853220461595444,0.004002905718630899,0.15277723074920413,-7.534597557390614,-5.166590998799739,-2.200977005035025,-2.322457046937576,-1.094089388847351,1.4042496589609939,-1.4042496589609939,0.08951743200009332,pixhawk_fused,0.8,0.2,gyro,-1.0,0.010069433599710464,-0.3308830261230469,odom,
1804.356048754,navigating,0.03225374332432139,0.004014868360683011,0.10364175199350756,-7.534871598388032,-5.166883339696819,-2.2501124837907214,-2.3618149878965706,-1.0455416440963745,1.3526853726395922,-1.3526853726395922,0.013388531999908082,pixhawk_fused,0.8,0.2,gyro,-1.0,-0.0025720957200974226,-0.3042025566101074,odom,
1804.472124518,navigating,0.032450750034017664,0.004012770110526861,0.0738657665460174,-7.5350120501179285,-5.167021503939256,-2.2798884692382115,-2.3685362062964024,-1.0133668184280396,1.3171729169005113,-1.3171729169005113,0.014719281999987288,pixhawk_fused,0.8,0.2,gyro,-1.0,0.0,0.0,odom,
1804.572667055,navigating,0.032450750034017664,0.004012770110526861,0.0738657665460174,-7.5350120501179285,-5.167021503939256,-2.2798884692382115,-2.3685362062964024,-1.0133668184280396,1.3171729169005113,-1.3171729169005113,0.11468860600007247,pixhawk_fused,0.8,0.2,gyro,-1.0,0.0,0.0,odom,
1804.69353882,navigating,0.03249992024472252,0.0040120031213817225,0.07450130452287418,-7.535047277424775,-5.1670558162511195,-2.2792529312613548,-2.3692095755952236,-1.013290286064148,1.3181344587832273,-1.3181344587832273,0.05704034599989427,pixhawk_fused,0.8,0.2,gyro,-1.0,0.002561214379966259,-0.033664751797914505,odom,
1804.795120338,navigating,0.03255038444988891,0.004011232974554626,0.07450895739206986,-7.535083419726605,-5.167091043557966,-2.279245278392159,-2.3699030842865816,-1.0131574869155884,1.318316732131555,-1.318316732131555,0.05424242300000515,pixhawk_fused,0.8,0.2,gyro,-1.0,0.0026378959883004427,-0.034672658890485764,odom,
1804.89647892,navigating,0.03250056724195329,0.004012001542540743,0.07298176941565959,-7.535047734922267,-5.167056273748611,-2.2807724663685693,-2.3705825223956554,-1.0119907855987549,1.3165784153422855,-1.3165784153422855,0.029319778999933988,pixhawk_fused,0.8,0.2,gyro,-1.0,0.0,0.0,odom,
1805.016435828,navigating,0.03250056724195329,0.004012001542540743,0.07298176941565959,-7.535047734922267,-5.167056273748611,-2.2807724663685693,-2.3705825223956554,-1.0119907855987549,1.3165784153422855,-1.3165784153422855,0.1488796309999998,pixhawk_fused,0.8,0.2,gyro,-1.0,0.0,0.0,odom,
1805.116545759,navigating,0.03260052278817845,0.004009493121301869,0.06961221665168926,-7.535120019525926,-5.16712535586983,-2.2841420191325397,-2.386875668186157,-1.0118755102157593,1.3164257079126827,-1.3164257079126827,0.0711484090002159,pixhawk_fused,0.8,0.2,gyro,-1.0,0.002631689189001918,-0.3113197684288025,odom,
1805.216745064,navigating,0.03200956423388779,0.004041020763771493,0.039822296427343584,-7.53468082193407,-5.166728705544686,-2.3139319393568853,-2.4396338310823156,-0.982882022857666,1.29234263344822,-1.29234263344822,0.05300932700015437,pixhawk_fused,0.8,0.2,gyro,-1.0,-0.0025844986084848642,-0.5775037407875061,odom,
1805.334578223,navigating,0.03210819894535478,0.004027516547289023,0.03177367112445273,-7.534759969000103,-5.1667890952135656,-2.321980564659776,-2.480185074234191,-0.982882022857666,1.29234263344822,-1.29234263344822,0.17130297100015923,pixhawk_fused,0.8,0.2,gyro,-1.0,0.005127661395817995,-0.1347915232181549,odom,
1805.452188353,navigating,0.032203902433770464,0.0040059319702057394,-0.046852325856981736,-7.534842776046067,-5.16684170742509,-2.4006065616412107,-2.5153947281284226,-0.902426540851593,1.2029580749195583,-1.2029580749195583,0.1041042860001653,pixhawk_fused,0.8,0.2,gyro,-1.0,0.01030280813574791,-0.13542070984840393,odom,
1805.553588993,navigating,0.03259453403479817,0.003941572621629457,-0.07367614176313886,-7.535163939285112,-5.167073201155797,-2.427430377547368,-2.52081850615353,-0.8680267930030823,1.1708115048032768,-1.1708115048032768,0.09126751099984176,pixhawk_fused,0.8,0.2,gyro,-1.0,0.0,0.0,odom,
1805.673106144,navigating,0.03259453403479817,0.003941572621629457,-0.08397920308659446,-7.535163939285112,-5.167073201155797,-2.4377334388708234,-2.52081850615353,-0.8587008118629456,1.1579420865100392,-1.1579420865100392,0.0346533519998502,pixhawk_fused,0.8,0.2,gyro,-1.0,0.0,0.0,odom,
1805.775045593,navigating,0.03259453403479817,0.003941572621629457,-0.08310332389274766,-7.535163939285112,-5.167073201155797,-2.4368575596769766,-2.52081850615353,-0.8586581945419312,1.15903621963752,-1.15903621963752,0.010706611000159683,pixhawk_fused,0.8,0.2,gyro,-1.0,0.0,0.0,odom,
1805.896277148,navigating,0.03259453403479817,0.003941572621629457,-0.0831994340179083,-7.535163939285112,-5.167073201155797,-2.4369536698021372,-2.52081850615353,-0.8585026264190674,1.1589161612669987,-1.1589161612669987,0.07209557300006963,pixhawk_fused,0.8,0.2,gyro,-1.0,0.0,0.0,odom,
1806.015894868,navigating,0.03259453403479817,0.003941572621629457,-0.0832295693314653,-7.535163939285112,-5.167073201155797,-2.4369838051156942,-2.52081850615353,-0.858457088470459,1.1588785169477624,-1.1588785169477624,0.07400831100017058,pixhawk_fused,0.8,0.2,gyro,-1.0,0.0,0.0,odom,
1806.116734136,navigating,0.03259453403479817,0.003941572621629457,-0.08333367416270487,-7.535163939285112,-5.167073201155797,-2.437087909946934,-2.52081850615353,-0.858315646648407,1.1587484715235468,-1.1587484715235468,0.06526808699982212,pixhawk_fused,0.8,0.2,gyro,-1.0,0.0,0.0,odom,
1806.232579216,navigating,0.03259453403479817,0.003941572621629457,-0.08336368089930746,-7.535163939285112,-5.167073201155797,-2.4371179166835364,-2.52081850615353,-0.8582659363746643,1.1587109877405737,-1.1587109877405737,0.07010118300013346,pixhawk_fused,0.8,0.2,gyro,-1.0,0.0,0.0,odom,
1806.352195491,navigating,0.03259453403479817,0.003941572621629457,-0.08336368089930746,-7.535163939285112,-5.167073201155797,-2.4371179166835364,-2.52081850615353,-0.8582659363746643,1.1587109877405737,-1.1587109877405737,0.18937559100004364,pixhawk_fused,0.8,0.2,gyro,-1.0,0.0,0.0,odom,
1806.452520958,navigating,0.03259453403479817,0.003941572621629457,-0.08343505260159612,-7.535163939285112,-5.167073201155797,-2.437189288385825,-2.52081850615353,-0.8581569194793701,1.158621831643307,-1.158621831643307,0.09817116199997145,pixhawk_fused,0.8,0.2,gyro,-1.0,0.0,0.0,odom,
1806.575196839,navigating,0.03259453403479817,0.003941572621629457,-0.08348022276139133,-7.535163939285112,-5.167073201155797,-2.4372344585456203,-2.52081850615353,-0.8580933213233948,1.1585654059351937,-1.1585654059351937,0.10835582300001079,pixhawk_fused,0.8,0.2,gyro,-1.0,0.0,0.0,odom,
1806.67610578,navigating,0.03259453403479817,0.003941572621629457,-0.08351038774941655,-7.535163939285112,-5.167073201155797,-2.4372646235336455,-2.52081850615353,-0.8580393195152283,1.1585277243812153,-1.1585277243812153,0.03134139500002675,pixhawk_fused,0.8,0.2,gyro,-1.0,0.0,0.0,odom,
1806.795476132,navigating,0.03259453403479817,0.003941572621629457,-0.08351038774941655,-7.535163939285112,-5.167073201155797,-2.4372646235336455,-2.52081850615353,-0.8580393195152283,1.1585277243812153,-1.1585277243812153,0.15066606000004867,pixhawk_fused,0.8,0.2,gyro,-1.0,0.0,0.0,odom,
1806.913786286,navigating,0.03259453403479817,0.003941572621629457,-0.08361611155601922,-7.535163939285112,-5.167073201155797,-2.437370347340248,-2.52081850615353,-0.8578883409500122,1.1583956559858335,-1.1583956559858335,0.07310908999988897,pixhawk_fused,0.8,0.2,gyro,-1.0,0.0,0.0,odom,
1807.035091764,navigating,0.03259453403479817,0.003941572621629457,-0.083673233374149,-7.535163939285112,-5.167073201155797,-2.437427469158378,-2.52081850615353,-0.8577920198440552,1.158324300283478,-1.158324300283478,0.09185799100009717,pixhawk_fused,0.8,0.2,gyro,-1.0,0.0,0.0,odom,
1807.13517456,navigating,0.03259453403479817,0.003941572621629457,-0.08368274351150218,-7.535163939285112,-5.167073201155797,-2.437436979295731,-2.52081850615353,-0.8577721118927002,1.158312420359026,-1.158312420359026,0.07243963399992026,pixhawk_fused,0.8,0.2,gyro,-1.0,0.0,0.0,odom,
1807.255897178,navigating,0.03259453403479817,0.003941572621629457,-0.08373136669274839,-7.535163939285112,-5.167073201155797,-2.4374856024769773,-2.52081850615353,-0.8577046990394592,1.1582516809647487,-1.1582516809647487,0.01255433700021058,pixhawk_fused,0.8,0.2,gyro,-1.0,0.0,0.0,odom,
1807.375709976,navigating,0.03259453403479817,0.003941572621629457,-0.08377229204511893,-7.535163939285112,-5.167073201155797,-2.437526527829348,-2.52081850615353,-0.8576421737670898,1.1582005575542853,-1.1582005575542853,0.09261706400002367,pixhawk_fused,0.8,0.2,gyro,-1.0,0.0,0.0,odom,
1807.476443135,navigating,0.03259453403479817,0.003941572621629457,-0.08380548296719326,-7.535163939285112,-5.167073201155797,-2.437559718751422,-2.52081850615353,-0.8575969338417053,1.1581590958681471,-1.1581590958681471,0.04418786899987026,pixhawk_fused,0.8,0.2,gyro,-1.0,0.0,0.0,odom,
1807.596814885,navigating,0.03259453403479817,0.003941572621629457,-0.08386241938886352,-7.535163939285112,-5.167073201155797,-2.4376166551730925,-2.52081850615353,-0.857510507106781,1.1580879715498584,-1.1580879715498584,0.05420062600001074,pixhawk_fused,0.8,0.2,gyro,-1.0,0.0,0.0,odom,
1807.713796439,navigating,0.03259453403479817,0.003941572621629457,-0.08393996923789171,-7.535163939285112,-5.167073201155797,-2.4376942050221206,-2.52081850615353,-0.8574053049087524,1.1579910970753107,-1.1579910970753107,0.050654855999937354,pixhawk_fused,0.8,0.2,gyro,-1.0,0.0,0.0,odom,
1807.832264616,navigating,0.03259453403479817,0.003941572621629457,-0.08393996923789171,-7.535163939285112,-5.167073201155797,-2.4376942050221206,-2.52081850615353,-0.8574053049087524,1.1579910970753107,-1.1579910970753107,0.16935178399990036,pixhawk_fused,0.8,0.2,gyro,-1.0,0.0,0.0,odom,
1807.933202793,navigating,0.03259453403479817,0.003941572621629457,-0.08400955220088013,-7.535163939285112,-5.167073201155797,-2.437763787985109,-2.52081850615353,-0.8573048710823059,1.1579041746532592,-1.1579041746532592,0.0888017370000398,pixhawk_fused,0.8,0.2,gyro,-1.0,0.0,0.0,odom,
1808.05218903,navigating,0.03259453403479817,0.003941572621629457,-0.08407493322099091,-7.535163939285112,-5.167073201155797,-2.43782916900522,-2.52081850615353,-0.8572005033493042,1.15782250117525,-1.15782250117525,0.10123902399982398,pixhawk_fused,0.8,0.2,gyro,-1.0,0.0,0.0,odom,
1808.152730578,navigating,0.03259453403479817,0.003941572621629457,-0.0841303726961482,-7.535163939285112,-5.167073201155797,-2.437884608480377,-2.52081850615353,-0.8571375608444214,1.157753246535226,-1.157753246535226,0.08671564199994464,pixhawk_fused,0.8,0.2,gyro,-1.0,0.0,0.0,odom,
1808.272409995,navigating,0.03259453403479817,0.003941572621629457,-0.08418052150565547,-7.535163939285112,-5.167073201155797,-2.4379347572898844,-2.52081850615353,-0.8570667505264282,1.1576906009096701,-1.1576906009096701,0.0286055579999811,pixhawk_fused,0.8,0.2,gyro,-1.0,0.0,0.0,odom,
1808.375417303,navigating,0.03259453403479817,0.003941572621629457,-0.08422411466915847,-7.535163939285112,-5.167073201155797,-2.4379783504533874,-2.52081850615353,-0.8570142984390259,1.1576361445224892,-1.1576361445224892,0.0868237769998359,pixhawk_fused,0.8,0.2,gyro,-1.0,0.0,0.0,odom,
1808.492719575,navigating,0.03259453403479817,0.003941572621629457,-0.08426115311253346,-7.535163939285112,-5.167073201155797,-2.4380153888967624,-2.52081850615353,-0.8569518327713013,1.1575898762337447,-1.1575898762337447,0.05279682400009733,pixhawk_fused,0.8,0.2,gyro,-1.0,0.0,0.0,odom,
1808.593674512,navigating,0.03259453403479817,0.003941572621629457,-0.08433663894791232,-7.535163939285112,-5.167073201155797,-2.4380908747321413,-2.52081850615353,-0.8568620681762695,1.1574955795203852,-1.1574955795203852,0.04668330499998774,pixhawk_fused,0.8,0.2,gyro,-1.0,0.0,0.0,odom,
1808.694278426,navigating,0.03254699947384149,0.003949776131827225,-0.08426066558981304,-7.535124594500841,-5.1670452938088145,-2.438014901374042,-2.5201585514477474,-0.8567965030670166,1.157426022489467,-1.157426022489467,0.03221781299998838,pixhawk_fused,0.8,0.2,gyro,-1.0,0.0,0.0,odom,
,reached,0.03254699947384149,0.003949776131827225,-0.08426066558981304,,,,,,,,,True,0.8,0.2,gyro,-1.0,,,mission_status,reached waypoint 1/4
,navigating,0.03254699947384149,0.003949776131827225,-0.08426066558981304,,,,,,,,,True,0.8,0.2,gyro,-1.0,,,mission_status,going to waypoint 2/4
1808.813420759,navigating,0.03254699947384149,0.003949776131827225,-0.08426066558981304,-7.535124594500841,-5.1670452938088145,-2.438014901374042,-2.5201585514477474,-0.8567965030670166,1.157426022489467,-1.157426022489467,0.15124406700010695,pixhawk_fused,0.8,0.2,gyro,-1.0,0.0,0.0,odom,
1808.916295124,navigating,0.03254699947384149,0.003949776131827225,-0.08426590212209595,-7.535124594500841,-5.1670452938088145,-2.438020137906325,-2.5201585514477474,-0.8569557666778564,1.157419480963522,-1.157419480963522,0.055394461000105366,pixhawk_fused,0.8,0.2,gyro,-1.0,0.0,0.0,odom,
1809.016363437,navigating,0.03254699947384149,0.003949776131827225,-0.0843111199454123,-7.535124594500841,-5.1670452938088145,-2.4380653557296412,-2.5201585514477474,-0.8568910956382751,1.1573629944065171,-1.1573629944065171,0.05294229600008293,pixhawk_fused,0.8,0.2,gyro,-1.0,0.0,0.0,odom,
1809.116625703,navigating,0.03254699947384149,0.003949776131827225,-0.0843111199454123,-7.535124594500841,-5.1670452938088145,-2.4380653557296412,-2.5201585514477474,-0.8568910956382751,1.1573629944065171,-1.1573629944065171,0.15338284800009205,pixhawk_fused,0.8,0.2,gyro,-1.0,0.0,0.0,odom,
1809.233052175,navigating,0.032595828029259706,0.003941569463947499,-0.08447992367962609,-7.535164854280095,-5.16707411615078,-2.438234159463855,-2.5208380322244777,-0.8568496108055115,1.1573214542066264,-1.1573214542066264,0.09131868100007523,pixhawk_fused,0.8,0.2,gyro,-1.0,0.0,0.0,odom,
1809.336746576,navigating,0.032595828029259706,0.003941569463947499,-0.08448797580968437,-7.535164854280095,-5.16707411615078,-2.4382422115939133,-2.5208380322244777,-0.8568404316902161,1.1573113954804424,-1.1573113954804424,0.07658929900003386,pixhawk_fused,0.8,0.2,gyro,-1.0,0.0,0.0,odom,
1809.455101263,navigating,0.032595828029259706,0.003941569463947499,-0.0845738613142708,-7.535164854280095,-5.16707411615078,-2.4383280970984997,-2.5208380322244777,-0.8567297458648682,1.1572041071733976,-1.1572041071733976,0.005738719999953901,pixhawk_fused,0.8,0.2,gyro,-1.0,0.0,0.0,odom,
1809.555247598,navigating,0.032595828029259706,0.003941569463947499,-0.0845738613142708,-7.535164854280095,-5.16707411615078,-2.4383280970984997,-2.5208380322244777,-0.8567297458648682,1.1572041071733976,-1.1572041071733976,0.1058150700000624,pixhawk_fused,0.8,0.2,gyro,-1.0,0.0,0.0,odom,
1809.656503685,navigating,0.032595828029259706,0.003941569463947499,-0.08458367137230471,-7.535164854280095,-5.16707411615078,-2.4383379071565336,-2.5208380322244777,-0.856709897518158,1.1571918524244384,-1.1571918524244384,0.09262544300008813,pixhawk_fused,0.8,0.2,gyro,-1.0,0.0,0.0,odom,
1809.776153594,navigating,0.03332760146909671,0.0038152360384393624,-0.08665664462285516,-7.535770580958862,-5.167503706295315,-2.440410880407084,-2.531009468667375,-0.8566439747810364,1.157136382688913,-1.157136382688913,0.011577289000115343,pixhawk_fused,0.8,0.2,gyro,-1.0,0.01034215372055769,-0.1359378695487976,odom,
1809.896096831,navigating,0.03545265390947561,0.0034082626866152183,-0.1109709026911192,-7.5375580236582165,-5.168722937110205,-2.464725138475348,-2.5606560406677237,-0.836284875869751,1.134149767947528,-1.134149767947528,0.03297499199993581,pixhawk_fused,0.8,0.2,gyro,-1.0,0.030346371233463287,-0.3988744914531708,odom,
1810.012850056,navigating,0.0402476886407855,0.0022601041553222227,-0.12440617287222144,-7.541754190650404,-5.171311915414696,-2.4781604086564504,-2.6282222122565484,-0.836284875869751,1.134149767947528,-1.134149767947528,0.15060162600002513,pixhawk_fused,0.8,0.2,gyro,-1.0,0.05130857229232788,-0.6744028925895691,odom,
1810.116636839,navigating,0.04505481074258356,0.0007625355425414197,-0.16791514600131752,-7.54620655623784,-5.173662995023598,-2.5216693817855464,-2.6972093733948785,-0.7957935929298401,1.096931124252412,-1.096931124252412,0.07154647199990904,pixhawk_fused,0.8,0.2,gyro,-1.0,0.05388205498456955,-0.7082288861274719,odom,
1810.216864947,navigating,0.05001807324425317,-0.0011779628345090672,-0.2844182690847652,-7.551083021999912,-5.175812318238742,-2.638172504868994,-2.7702312249290992,-0.66884845495224,0.9696789064827892,-0.9696789064827892,0.07139670600008685,pixhawk_fused,0.8,0.2,gyro,-1.0,0.0538659431040287,-0.708017110824585,odom,
1810.336749959,navigating,0.05709026783031833,-0.004696143686395666,-0.30581625492032627,-7.558565393473661,-5.178343651859302,-2.659570490704555,-2.8784992711584265,-0.66884845495224,0.9696789064827892,-0.9696789064827892,0.19079536300000655,pixhawk_fused,0.8,0.2,gyro,-1.0,0.06707233190536499,-0.8816026449203491,odom,
1810.452789986,navigating,0.06456488358308468,-0.00954554077823708,-0.5353632916507296,-7.567275230717149,-5.1802212215644845,-2.8891175274349585,-3.000632285566907,-0.4115278124809265,0.7136336664381954,-0.7136336664381954,0.0014183590001266566,pixhawk_fused,0.8,0.2,gyro,-1.0,0.08890452980995178,-1.168566346168518,odom,
1810.55709031,navigating,0.07168415918665832,-0.01551144161945138,-0.560566156422488,-7.576525829995608,-5.181059356968942,-2.914320392206717,-3.1279518605646035,-0.4115278124809265,0.7136336664381954,-0.7136336664381954,0.10513671300009264,pixhawk_fused,0.8,0.2,gyro,-1.0,0.1207427829504013,-1.587050199508667,odom,
1810.67583398,navigating,0.08290759429893184,-0.028806233932098527,-0.6889170720443332,-7.593866357416551,-5.179636997267818,-3.042671307828562,2.949092674226567,-0.2976650893688202,0.6041457378092738,-0.6041457378092738,0.11541815400005362,pixhawk_fused,0.8,0.2,gyro,-1.0,0.17273633182048798,-1.3893837928771973,odom,
1810.797674852,navigating,0.09587118287763383,-0.050434764621220665,-0.8334232348518285,-7.61834155821769,-5.173569665535329,3.0960078365435293,2.861417345951193,-0.13845446705818176,0.44589312259587965,-0.44589312259587965,0.052247530999920855,pixhawk_fused,0.8,0.2,gyro,-1.0,0.23990418016910553,-0.2809162139892578,odom,
1810.916228396,navigating,0.1076178555481245,-0.07215769938312747,-0.9291059230905692,-7.642025288358505,-5.16657315639757,3.000325148304788,2.848464530771,0.002953039947897196,0.3298949212256404,-0.3298949212256404,0.05034635599986359,pixhawk_fused,0.8,0.2,gyro,-1.0,0.1963874250650406,-6.477456190623343e-05,odom,
1811.01634236,navigating,0.11510470637129105,-0.08617804319187485,-0.9277707676321256,-7.657244399911287,-5.161990404025051,3.0016603037632312,2.8551965542462825,0.002953039947897196,0.3298949212256404,-0.3298949212256404,0.1504614870000296,pixhawk_fused,0.8,0.2,gyro,-1.0,0.14206184446811676,0.16975174844264984,odom,
1811.133072787,navigating,0.12154436496267054,-0.0979533258241672,-0.929792273294435,-7.6701334767397755,-5.158248989539431,2.9996387981009223,2.8646638982884096,0.009904753416776657,0.32502785884324037,-0.32502785884324037,0.08842034500003138,pixhawk_fused,0.8,0.2,gyro,-1.0,0.09218765795230865,3.015990660060197e-05,odom,
1811.23562008,navigating,0.12479819840292564,-0.1037596897329733,-0.9160568294255649,-7.676544389088393,-5.156459716850111,3.0133742419697924,2.8774882196948175,-0.003489188151434064,0.33898912628475153,-0.33898912628475153,0.08489450599995507,pixhawk_fused,0.8,0.2,gyro,-1.0,0.047256823629140854,0.06901625543832779,odom,
1811.336407944,navigating,0.12697333535347388,-0.10750466389452414,-0.9117763581959597,-7.680733236120717,-5.155359892880505,3.017654713199397,2.899021672340907,-0.003489188151434064,0.33898912628475153,-0.33898912628475153,0.1851462359998095,pixhawk_fused,0.8,0.2,gyro,-1.0,0.0427946001291275,0.2978011965751648,odom,
1811.436450257,navigating,0.12913390966795502,-0.11098659657896433,-0.8796701867498431,-7.684725359231688,-5.154435290450151,3.049760884645514,2.9415824945406164,-0.03557094931602478,0.3684973952892753,-0.3684973952892753,0.08851818199991612,pixhawk_fused,0.8,0.2,gyro,-1.0,0.04901207238435745,0.576401948928833,odom,
1811.551968854,navigating,0.1322945424103153,-0.115480614856268,-0.8333778096766205,-7.690140299541275,-5.15350565554739,3.096053261718737,3.0114453406423323,-0.0781860202550888,0.40892293904456817,-0.40892293904456817,0.09083139399990614,pixhawk_fused,0.8,0.2,gyro,-1.0,0.05254523828625679,0.6215886473655701,odom,
1811.660617648,navigating,0.13555141261691372,-0.11951226220312608,-0.7746394557975051,-7.695295381275681,-5.152970383482316,-3.128393691581734,3.0797892235998083,-0.13581590354442596,0.4652670867267581,-0.4652670867267581,0.020048720999966463,pixhawk_fused,0.8,0.2,gyro,-1.0,0.05168522894382477,0.679353654384613,odom,
1811.776226527,navigating,0.14006071944306955,-0.12427128353317543,-0.7070263967488009,-7.701849490339143,-5.1528098018627935,-3.06078063253303,-3.114901542219554,-0.1980145275592804,0.5276700622859927,-0.5276700622859927,0.010163527999793587,pixhawk_fused,0.8,0.2,gyro,-1.0,0.0668751671910286,0.8113785982131958,odom,
1811.896454086,navigating,0.14553524824953804,-0.12907277432227926,-0.5910588231100995,-7.709114550504422,-5.153303441656139,-2.9448130588943284,-3.0205154451503105,-0.3158034384250641,0.6490222523036928,-0.6490222523036928,0.06924154100011037,pixhawk_fused,0.8,0.2,gyro,-1.0,0.07205833494663239,0.7441806197166443,odom,
1811.996518874,navigating,0.1523763469777354,-0.13409693326363356,-0.550458882444985,-7.717501394518899,-5.154608681999436,-2.904213118229214,-2.940695524731736,-0.34626534581184387,0.6798322460475893,-0.6798322460475893,0.05146902000001319,pixhawk_fused,0.8,0.2,gyro,-1.0,0.0960826724767685,0.7976313233375549,odom,
1812.1169307,navigating,0.1612136898122988,-0.13941808454740479,-0.4002177165828318,-7.72750686465836,-5.157119428232877,-2.7539719523670607,-2.823811554936607,-0.5063450932502747,0.8384013024989099,-0.8384013024989099,0.06465469599993412,pixhawk_fused,0.8,0.2,gyro,-1.0,0.08090377599000931,1.0634039640426636,odom,
1812.234918551,navigating,0.1737413122331241,-0.1448271752022833,-0.29730635370542347,-7.740177715183395,-5.162183925463963,-2.6510605894896524,-2.687843277662144,-0.6036657094955444,0.9330597979846925,-0.9330597979846925,0.07291104999990239,pixhawk_fused,0.8,0.2,gyro,-1.0,0.1535588502883911,1.158090591430664,odom,
1812.352672412,navigating,0.1981650153277969,-0.15169646177511645,-0.2724734669353235,-7.762274844023633,-5.174650732107782,-2.6262277027195524,-2.563632750333368,-0.6036657094955444,0.9330597979846925,-0.9330597979846925,0.19106220499998017,pixhawk_fused,0.8,0.2,gyro,-1.0,0.2576654255390167,0.812744677066803,odom,
1812.45299084,navigating,0.22193045678384551,-0.15628669820445626,-0.09342823821037793,-7.782292189267437,-5.188258537495443,-2.447182473994607,-2.5272600901936633,-0.8124866485595703,1.147743533951375,-1.147743533951375,0.09760273699998834,pixhawk_fused,0.8,0.2,gyro,-1.0,0.25762179493904114,0.20317181944847107,odom,
1812.556104961,navigating,0.24286712565779925,-0.15998331671019234,-0.05476274423639982,-7.799680753924989,-5.200491562921097,-2.4085169800206288,-2.5361516273197307,-0.8570191860198975,1.1982371496680708,-1.1982371496680708,0.022981874000151947,pixhawk_fused,0.8,0.2,gyro,-1.0,0.20423699915409088,-0.23786737024784088,odom,
1812.675418597,navigating,0.2612565216006503,-0.16355952351832664,-0.06079681823668048,-7.815187173902442,-5.2110039402811585,-2.4145510540209094,-2.57010554850734,-0.8575124144554138,1.199117276557866,-1.199117276557866,0.029366282999944815,pixhawk_fused,0.8,0.2,gyro,-1.0,0.14111264050006866,-0.3709585964679718,odom,
1812.792446871,navigating,0.2735275691494441,-0.16659834659514156,-0.07413312639148018,-7.82599692463199,-5.217558506842113,-2.427887362175709,-2.6376397992848997,-0.8575124144554138,1.199117276557866,-1.199117276557866,0.14731898500008356,pixhawk_fused,0.8,0.2,gyro,-1.0,0.10291989147663116,-0.5411140322685242,odom,
1812.896320997,navigating,0.2795272533247994,-0.1685691951563671,-0.18404193859713258,-7.831625973767606,-5.22042106864653,-2.5377961743813615,-2.7228696678630375,-0.7497249841690063,1.0831514211829336,-1.0831514211829336,0.054593397999951776,pixhawk_fused,0.8,0.2,gyro,-1.0,0.061748847365379333,-0.8116304874420166,odom,
1813.01688655,navigating,0.2863167707720734,-0.17153155927298053,-0.29382087991915107,-7.838514970994858,-5.223144093716035,-2.64757511570338,-2.82439613515918,-0.6332852244377136,0.9713409929211767,-0.9713409929211767,0.06988787699992827,pixhawk_fused,0.8,0.2,gyro,-1.0,0.0671834945678711,-0.883063793182373,odom,
1813.134478348,navigating,0.2937821217649446,-0.17580283828816684,-0.38491479298919673,-7.846808485521065,-5.225422888721278,-2.7386690287734257,-2.942293147921484,-0.5513197183609009,0.8868341642554434,-0.8868341642554434,0.07235005400002592,pixhawk_fused,0.8,0.2,gyro,-1.0,0.08056334406137466,-1.0589293241500854,odom,
1813.235971947,navigating,0.30061128183176933,-0.1808143515749618,-0.405467465988802,-7.8551779446308645,-5.226728586562065,-2.759221701773031,-3.0474739064577503,-0.5513197183609009,0.8868341642554434,-0.8868341642554434,0.1734854720000385,pixhawk_fused,0.8,0.2,gyro,-1.0,0.10240022838115692,-1.0698612928390503,odom,
1813.338576649,navigating,0.3090235865405924,-0.18837211890330996,-0.5962989378693435,-7.8664689827214875,-5.227360390597849,-2.9500531736535724,-3.1364092829107943,-0.3356854021549225,0.6712098983462483,-0.6712098983462483,0.05402589200002694,pixhawk_fused,0.8,0.2,gyro,-1.0,0.11866501718759537,-0.813805878162384,odom,
1813.455651166,navigating,0.32523470418248884,-0.20566396212858057,-0.6616835507574295,-7.89016094781715,-5.226654014470948,-3.0154377865416584,3.0890024315982516,-0.26966893672943115,0.6039522210891873,-0.6039522210891873,0.02279825899995558,pixhawk_fused,0.8,0.2,gyro,-1.0,0.26173049211502075,-0.2753029763698578,odom,
1813.573161405,navigating,0.3471322779574344,-0.23012939577268468,-0.7064032937181817,-7.922948878039141,-5.2249182689881355,-3.0601575295024106,3.0951121465336793,-0.21561740338802338,0.5466663088734777,-0.5466663088734777,0.03044906299987815,pixhawk_fused,0.8,0.2,gyro,-1.0,0.2980462312698364,0.13745753467082977,odom,
1813.693542276,navigating,0.37001496169086234,-0.25470657652361517,-0.6927768083575754,-7.956510894016776,-5.223801975108835,-3.0465310441418043,3.127525631854623,-0.22429566085338593,0.5556270198832781,-0.5556270198832781,0.03618507999999565,pixhawk_fused,0.8,0.2,gyro,-1.0,0.28571954369544983,0.2991117537021637,odom,
1813.793659737,navigating,0.38928517625660247,-0.2738233107824236,-0.6811365111818306,-7.983654220188439,-5.2239767391505945,-3.0348907469660595,-3.09729314226835,-0.22429566085338593,0.5556270198832781,-0.5556270198832781,0.13588357800017548,pixhawk_fused,0.8,0.2,gyro,-1.0,0.2827330529689789,0.6881963610649109,odom,
1813.896079496,navigating,0.40979311395125106,-0.29161024317423356,-0.5971030746256805,-8.01072800674139,-5.225966853238691,-2.9508573104099094,-3.0201530578973697,-0.2962192893028259,0.6413802890788347,-0.6413802890788347,0.05050237799991919,pixhawk_fused,0.8,0.2,gyro,-1.0,0.2778698205947876,0.8792665004730225,odom,
1813.997353764,navigating,0.43173441930181544,-0.30769970750581854,-0.4993250163434668,-8.037609644347905,-5.2301703401907425,-2.8530792521276958,-2.9380510017317474,-0.3998540937900543,0.743066383064869,-0.743066383064869,0.04432458500014036,pixhawk_fused,0.8,0.2,gyro,-1.0,0.27512601017951965,0.7860661149024963,odom,
1814.116595224,navigating,0.45805658267166505,-0.32418126940552716,-0.4348630349124485,-8.067859378486963,-5.237202534132839,-2.7886172706966774,-2.8917500885942315,-0.4633851647377014,0.8120497531305582,-0.8120497531305582,0.048314010000012786,pixhawk_fused,0.8,0.2,gyro,-1.0,0.26567837595939636,0.17287585139274597,odom,
1814.236253108,navigating,0.48463785819951505,-0.3400048165029226,-0.43527852572250536,-8.09782546418128,-5.244882544522923,-2.7890327615067343,-2.893836003323561,-0.4633851647377014,0.8120497531305582,-0.8120497531305582,0.1681738279999081,pixhawk_fused,0.8,0.2,gyro,-1.0,0.27097073197364807,-0.1016722321510315,odom,
1814.355976884,navigating,0.5119424330200567,-0.3566434090002536,-0.4276140893877778,-8.128879478910424,-5.252500335254162,-2.7813683251720067,-2.9141552443528185,-0.47439420223236084,0.8266636404852897,-0.8266636404852897,0.06467137500021636,pixhawk_fused,0.8,0.2,gyro,-1.0,0.2927946150302887,-0.20255307853221893,odom,
1814.456234794,navigating,0.5344813362197864,-0.3711042123952694,-0.4418432038016453,-8.15502820553553,-5.2582762410845545,-2.7955974395858743,-2.9398753470006995,-0.46154430508613586,0.8152814336429864,-0.8152814336429864,0.007942125999989003,pixhawk_fused,0.8,0.2,gyro,-1.0,0.2814900577068329,-0.24205100536346436,odom,
1814.575629464,navigating,0.5581828573690947,-0.3873060212907115,-0.4898491470776789,-8.183231095897543,-5.263648176629939,-2.843603382861908,-2.9736742840854626,-0.4093227982521057,0.7637550729076893,-0.7637550729076893,0.02681087399992066,pixhawk_fused,0.8,0.2,gyro,-1.0,0.23893031477928162,-0.303920716047287,odom,
1814.675735021,navigating,0.5744860383147344,-0.39921762816269785,-0.5201322037043026,-8.203174326547721,-5.266802164336452,-2.8738864394885315,-3.0000557893238318,-0.37847691774368286,0.7325041295449765,-0.7325041295449765,0.011970323000014105,pixhawk_fused,0.8,0.2,gyro,-1.0,0.1979624181985855,-0.16896289587020874,odom,
1814.796084229,navigating,0.5921664906282782,-0.41266695900375194,-0.5209260098368436,-8.225179040894671,-5.269847725137477,-2.8746802456210725,-3.0040492917485366,-0.37847691774368286,0.7325041295449765,-0.7325041295449765,0.1321357839999564,pixhawk_fused,0.8,0.2,gyro,-1.0,0.19038765132427216,0.06769664585590363,odom,
1814.913335515,navigating,0.6089384192955497,-0.4253758445751321,-0.5234473074886408,-8.24601805163324,-5.272771591605757,-2.8772015432728697,-2.998676305484908,-0.3679906129837036,0.7280238099257977,-0.7280238099257977,0.051383623999981864,pixhawk_fused,0.8,0.2,gyro,-1.0,0.17573246359825134,0.13581505417823792,odom,
1815.016648507,navigating,0.6217020445855107,-0.43495705062501383,-0.5227562693298204,-8.261812695030349,-5.275060451555813,-2.8765105051140494,-2.995202312754246,-0.3679906129837036,0.7280238099257977,-0.7280238099257977,0.1533685429999423,pixhawk_fused,0.8,0.2,gyro,-1.0,0.16386879980564117,-0.03313688561320305,odom,
1815.117562531,navigating,0.6335536958950363,-0.4437534834112798,-0.5162944829792715,-8.276407780004702,-5.277256439515091,-2.8700487187635004,-2.9890778022652666,-0.37291190028190613,0.7345693571354778,-0.7345693571354778,0.08465274600007433,pixhawk_fused,0.8,0.2,gyro,-1.0,0.14369328320026398,0.033135320991277695,odom,
1815.236700893,navigating,0.6467370029289333,-0.45342564674404706,-0.5114566281383603,-8.292562931425126,-5.279778623185821,-2.8652108639225893,-2.9850099166380413,-0.37800636887550354,0.7395984182815583,-0.7395984182815583,0.08838952900009645,pixhawk_fused,0.8,0.2,gyro,-1.0,0.13575789332389832,-0.03366808593273163,odom,
1815.337605713,navigating,0.6565136249399881,-0.4605383716093451,-0.5057139526171817,-8.30450087096875,-5.28169142019785,-2.8594681884014106,-2.9802742024723163,-0.3841713070869446,0.7455911272104413,-0.7455911272104413,0.07592114799990668,pixhawk_fused,0.8,0.2,gyro,-1.0,0.12344320118427277,0.03452225774526596,odom,
1815.456708907,navigating,0.6666159167413832,-0.4678226994794471,-0.4970200469928434,-8.316790168585863,-5.283714016607844,-2.8507742827770723,-2.9741835551092026,-0.39435458183288574,0.7549313010435135,-0.7549313010435135,0.005732030999979543,pixhawk_fused,0.8,0.2,gyro,-1.0,0.10127165913581848,0.06658873707056046,odom,
1815.576669859,navigating,0.6744904152711376,-0.4734527086947292,-0.49618702429258654,-8.326335396248858,-5.285324407777981,-2.8499412600768155,-2.974138722574831,-0.3942524790763855,0.7559599563555375,-0.7559599563555375,0.013928626000051736,pixhawk_fused,0.8,0.2,gyro,-1.0,0.07451259344816208,-0.03377232328057289,odom,
1815.696785717,navigating,0.6809969545581134,-0.4781037021006725,-0.4961816715863909,-8.334221738007615,-5.286655725478294,-2.84993590737062,-2.974111803221916,-0.3942524790763855,0.7559599563555375,-0.7559599563555375,0.13404496600014681,pixhawk_fused,0.8,0.2,gyro,-1.0,0.07077515125274658,2.2875776267028414e-05,odom,
1815.816760077,navigating,0.6871383281788958,-0.4824623304195391,-0.49641992675493896,-8.341643262314994,-5.2879344309670815,-2.850174162539168,-2.965948825830516,-0.39202234148979187,0.7536355625913993,-0.7536355625913993,0.0518698900000345,pixhawk_fused,0.8,0.2,gyro,-1.0,0.06977096945047379,0.10189711302518845,odom,
1815.916770668,navigating,0.6916667225993646,-0.4856300991630355,-0.48699146646677605,-8.347082907489122,-5.288909815618995,-2.840745702251005,-2.9591908411706345,-0.3996236324310303,0.7637273517811254,-0.7637273517811254,0.05341780399999152,pixhawk_fused,0.8,0.2,gyro,-1.0,0.04734377935528755,0.06914330273866653,odom,
1816.034255132,navigating,0.6959223440715337,-0.4885581353694142,-0.4852455039448027,-8.35216021464997,-5.289860952903857,-2.8389997397290316,-2.950417523880317,-0.3996236324310303,0.7637273517811254,-0.7637273517811254,0.17141373200001908,pixhawk_fused,0.8,0.2,gyro,-1.0,0.036115869879722595,0.13563117384910583,odom,
1816.14172758,navigating,0.6992444401418446,-0.49078351485874555,-0.4759913147692423,-8.356080968152265,-5.290646018599299,-2.829745550553471,-2.9321751677607057,-0.4062766432762146,0.7707465433070019,-0.7707465433070019,0.09763594000014564,pixhawk_fused,0.8,0.2,gyro,-1.0,0.04424554109573364,0.21808724105358124,odom,
1816.256610013,navigating,0.7043968695430626,-0.49408285362719057,-0.4525058278159957,-8.3620540554015,-5.29197093133473,-2.8062600636002246,-2.9092242464146754,-0.4311712980270386,0.7943650112265304,-0.7943650112265304,0.10623649099989052,pixhawk_fused,0.8,0.2,gyro,-1.0,0.05410599708557129,0.23705746233463287,odom,
1816.372979357,navigating,0.7094854950496648,-0.49714749880477127,-0.4273917021091762,-8.367815778809659,-5.29341616591043,-2.781145937893405,-2.8739624390380785,-0.4529431164264679,0.816953618060942,-0.816953618060942,0.031081253999900582,pixhawk_fused,0.8,0.2,gyro,-1.0,0.05396009236574173,0.37151435017585754,odom,
1816.473634271,navigating,0.7142338754991326,-0.49978267547828525,-0.37780959203752484,-8.37303308020291,-5.294923162647485,-2.7315638278217538,-2.8374500220337207,-0.5073071718215942,0.8697880171054557,-0.8697880171054557,0.01526100499995664,pixhawk_fused,0.8,0.2,gyro,-1.0,0.05651884153485298,0.4727352261543274,odom,
1816.576184576,navigating,0.7191770678007765,-0.5022588417761049,-0.3680994069381174,-8.378275086460704,-5.296680410512399,-2.7218536427223463,-2.788760438425609,-0.5073071718215942,0.8697880171054557,-0.8697880171054557,0.11753037299990865,pixhawk_fused,0.8,0.2,gyro,-1.0,0.05635513737797737,0.4713769257068634,odom,
,reached,0.7191770678007765,-0.5022588417761049,-0.3680994069381174,,,,,,,,,True,0.8,0.2,gyro,-1.0,,,mission_status,reached waypoint 2/4
,navigating,0.7191770678007765,-0.5022588417761049,-0.3680994069381174,,,,,,,,,True,0.8,0.2,gyro,-1.0,,,mission_status,going to waypoint 3/4
1816.677637063,navigating,0.7234937473535522,-0.5041605597608224,-0.3229908623432216,-8.382667977374243,-5.298398771090534,-2.6767450981274505,-2.7362194439177,-0.5517792105674744,0.9130419306272224,-0.9130419306272224,0.04557163999993463,pixhawk_fused,0.8,0.2,gyro,-1.0,0.045185454189777374,0.46190935373306274,odom,
1816.797584645,navigating,0.7285402366250615,-0.5060653526726255,-0.27295609691318745,-8.387577840453195,-5.3006322738441165,-2.6267103326974164,-2.681357353614827,-0.6005878448486328,0.9618717075997547,-0.9618717075997547,0.05571123300001091,pixhawk_fused,0.8,0.2,gyro,-1.0,0.06157054007053375,0.6743995547294617,odom,
1816.912932692,navigating,0.7370324177706525,-0.5085970870018711,-0.18067543806439446,-8.395362617768837,-5.304865955630609,-2.5344296738486234,-2.5909726123558823,-0.7018136978149414,1.0546256591492846,-1.0546256591492846,0.04751457399993342,pixhawk_fused,0.8,0.2,gyro,-1.0,0.0734345093369484,0.765525221824646,odom,
1817.016385341,navigating,0.7436039070107512,-0.5099640614019437,-0.16363641108439353,-8.400966962039911,-5.308559790377111,-2.5173906468686225,-2.5057489870235297,-0.7018136978149414,1.0546256591492846,-1.0546256591492846,0.14958433499987223,pixhawk_fused,0.8,0.2,gyro,-1.0,0.06329938024282455,0.8320107460021973,odom,
1817.117247202,navigating,0.7498514896983158,-0.5107020073338344,-0.08832172518574133,-8.405896955008492,-5.312467733949643,-2.4420759609699703,-2.419537011133797,-0.7742013335227966,1.1272164081746294,-1.1272164081746294,0.06873371300002873,pixhawk_fused,0.8,0.2,gyro,-1.0,0.0629352405667305,0.8272244930267334,odom,
1817.217692064,navigating,0.7561460063911344,-0.5108988513903933,0.05786126772643296,-8.41047650489857,-5.316790627746981,-2.295892968057796,-2.3332399894873204,-0.9357314705848694,1.2883684118801308,-1.2883684118801308,0.06349835700007134,pixhawk_fused,0.8,0.2,gyro,-1.0,0.0632869228720665,0.8318470120429993,odom,
1817.333978797,navigating,0.7633051614964058,-0.51046503832903,0.07724876230905586,-8.415218923895628,-5.3221712557447045,-2.276505473475173,-2.2362842109994916,-0.9357314705848694,1.2883684118801308,-1.2883684118801308,0.18162577399994007,pixhawk_fused,0.8,0.2,gyro,-1.0,0.0549311600625515,0.7220183610916138,odom,
1817.435247619,navigating,0.7691108959847804,-0.5095902263373983,0.21746240681248796,-8.418694074841186,-5.326903609796949,-2.136291828971741,-2.155833721764738,-1.0897207260131836,1.4435200120621874,-1.4435200120621874,0.08701790400004938,pixhawk_fused,0.8,0.2,gyro,-1.0,0.06015046685934067,0.790621280670166,odom,
1817.535911157,navigating,0.7746254972096096,-0.5083106517283877,0.29323340878059945,-8.421676958485872,-5.331715110915225,-2.0605208270036295,-2.0796562057566144,-1.165185570716858,1.5191894033366395,-1.5191894033366395,0.07222518599996874,pixhawk_fused,0.8,0.2,gyro,-1.0,0.06060338765382767,0.7965744733810425,odom,
1817.636759628,navigating,0.7801311885861946,-0.506572655109274,0.30905384567959526,-8.4243286139467,-5.336843657795123,-2.0447003901046337,-2.0005394704844135,-1.165185570716858,1.5191894033366395,-1.5191894033366395,0.17279153499998756,pixhawk_fused,0.8,0.2,gyro,-1.0,0.059010740369558334,0.775640606880188,odom,
1817.754286182,navigating,0.7866641139417127,-0.5038576055667374,0.3866100205020335,-8.427012294231934,-5.343389531903739,-1.9671442152821954,-1.902255147577978,-1.237626314163208,1.5915708488637164,-1.5915708488637164,0.10868149999987509,pixhawk_fused,0.8,0.2,gyro,-1.0,0.05764362961053848,0.7576712369918823,odom,
1817.873888604,navigating,0.7928643390755427,-0.5005377686378241,0.564040473750191,-8.429032603154472,-5.350126182466316,-1.789713762034038,-1.8058688751693621,-1.436312198638916,1.7892515108996585,-1.7892515108996585,0.04787696599987612,pixhawk_fused,0.8,0.2,gyro,-1.0,0.06156722083687782,0.8092431426048279,odom,
1817.973917019,navigating,0.7978250523421505,-0.49729222360810277,0.6042164334967839,-8.430231246582244,-5.355931825633658,-1.749537802287445,-1.7260140536298574,-1.4674837589263916,1.8195084283763125,-1.8195084283763125,0.03423156299982111,pixhawk_fused,0.8,0.2,gyro,-1.0,0.057981498539447784,0.7621122002601624,odom,
1818.07433356,navigating,0.8024122379226343,-0.4937342360522148,0.7414229192713049,-8.43094494266901,-5.361693091544323,-1.612331316512924,-1.6464676595359384,-1.6191883087158203,1.9711278747731402,-1.9711278747731402,0.022403266000083022,pixhawk_fused,0.8,0.2,gyro,-1.0,0.06202486902475357,0.8152585029602051,odom,
1818.177752275,navigating,0.8067678455616316,-0.4897586911877013,0.8200437322283163,-8.431199311274293,-5.3675847442400695,-1.5337105035559127,-1.564309107068335,-1.6973248720169067,2.0488646876031114,-2.0488646876031114,0.015369509000038306,pixhawk_fused,0.8,0.2,gyro,-1.0,0.05800992250442505,0.7624858021736145,odom,
1818.299932038,navigating,0.8119467703580003,-0.48405636853499096,0.9172918279669258,-8.430810438406503,-5.375278022057408,-1.4364624078173032,-1.4587348098937365,-1.7913230657577515,2.144031920474167,-2.144031920474167,0.014376376999962304,pixhawk_fused,0.8,0.2,gyro,-1.0,0.07226072251796722,0.9497991800308228,odom,
1818.417975751,navigating,0.8168811788766133,-0.4772729573894817,0.994415236639187,-8.429482780686124,-5.383560556643819,-1.359338999145042,-1.3451308682694567,-1.861484169960022,2.212035739522572,-2.212035739522572,0.05207257600000048,pixhawk_fused,0.8,0.2,gyro,-1.0,0.07987876236438751,0.9821935296058655,odom,
1818.536178637,navigating,0.8216521478924764,-0.46866298685061714,1.0213484586827473,-8.426745115696889,-5.393015657300986,-1.3324057771014817,-1.2101799953082748,-1.861484169960022,2.212035739522572,-2.212035739522572,0.17040139200003068,pixhawk_fused,0.8,0.2,gyro,-1.0,0.09191170334815979,1.2080928087234497,odom,
1818.658122407,navigating,0.8271051864567064,-0.4540340121543981,1.3037302384929041,-8.42022211646285,-5.407199909527957,-1.0500239972913248,-1.061435135393801,-2.1789937019348145,2.527755388539429,-2.527755388539429,0.009256138999944596,pixhawk_fused,0.8,0.2,gyro,-1.0,0.18783819675445557,1.386673927307129,odom,
1818.776462745,navigating,0.8333480387446104,-0.42555693611132217,1.3296670514237487,-8.404440282995504,-5.43171216762591,-1.0240871843604802,-0.9316273582120655,-2.1789937019348145,2.527755388539429,-2.527755388539429,0.12783476399999927,pixhawk_fused,0.8,0.2,gyro,-1.0,0.2661900818347931,0.8492276072502136,odom,
1818.896524576,navigating,0.8368338331145128,-0.39702363654925554,1.461604054129767,-8.386673825409959,-5.454309798721866,-0.8921501816544619,-0.881100745232567,-2.3413825035095215,2.680014171283837,-2.680014171283837,0.05345087500018053,pixhawk_fused,0.8,0.2,gyro,-1.0,0.22574804723262787,0.06900574266910553,odom,
1819.013722092,navigating,0.8389229338109235,-0.3757071372854962,1.4989904158676643,-8.373037655177825,-5.470826830658078,-0.8547638199165646,-0.8857633016118648,-2.377290725708008,2.7279115462267356,-2.7279115462267356,0.06727074100012942,pixhawk_fused,0.8,0.2,gyro,-1.0,0.15382978320121765,-0.1657334417104721,odom,
1819.118728287,navigating,0.8401341130991913,-0.3651044511138089,1.4774389544368227,-8.366376491701347,-5.4791642649434715,-0.8763152813474062,-0.9263038025749467,-2.3591623306274414,2.7111036291235644,-2.7111036291235644,0.053792832999988605,pixhawk_fused,0.8,0.2,gyro,-1.0,0.07184991240501404,-0.5396567583084106,odom,
1819.235743815,navigating,0.8410654713750103,-0.35980163848409125,1.4624521999609952,-8.363274658708868,-5.483564933314367,-0.8913020358232338,-1.0014266792373134,-2.3591623306274414,2.7111036291235644,-2.7111036291235644,0.17158063099986975,pixhawk_fused,0.8,0.2,gyro,-1.0,0.03597518801689148,-0.5404114127159119,odom,
1819.353194305,navigating,0.8423374409990692,-0.35477819100087643,1.3530926441053532,-8.36061110831326,-5.488009978941939,-1.0006615916788757,-1.0724377812683288,-2.2387547492980957,2.5921946722382265,-2.5921946722382265,0.0710341999999855,pixhawk_fused,0.8,0.2,gyro,-1.0,0.04550613462924957,-0.5981352925300598,odom,
1819.457541363,navigating,0.8436924343186132,-0.3505976650284538,1.3052095770452583,-8.358603609320486,-5.491919295006946,-1.0485446587389706,-1.1326436684225838,-2.192455768585205,2.5473835221642216,-2.5473835221642216,0.02259744499997396,pixhawk_fused,0.8,0.2,gyro,-1.0,0.0463116355240345,-0.6087228655815125,odom,
1819.558734448,navigating,0.8453561700457162,-0.34636677938193916,1.199782619859478,-8.356778194329335,-5.496082979677236,-1.1539716159247508,-1.1949366836584714,-2.0762779712677,2.4311936251038273,-2.4311936251038273,0.013698304999934408,pixhawk_fused,0.8,0.2,gyro,-1.0,0.04475764185190201,-0.5882970690727234,odom,
1819.67277772,navigating,0.8478011039738353,-0.34123070454228915,1.134804585962572,-8.354862194834865,-5.501438902810417,-1.218949649821657,-1.272874982349252,-2.014793872833252,2.369452217590209,-2.369452217590209,0.009382003999917288,pixhawk_fused,0.8,0.2,gyro,-1.0,0.0542663149535656,-0.7132796049118042,odom,
1819.777212053,navigating,0.8505437769181318,-0.3364437663465716,1.1197257241282357,-8.353403692831911,-5.5067595986367515,-1.2340285116559933,-1.3484789701954043,-2.014793872833252,2.369452217590209,-2.369452217590209,0.11241404299994429,pixhawk_fused,0.8,0.2,gyro,-1.0,0.05725296214222908,-0.7525362968444824,odom,
1819.898776869,navigating,0.8546128554919431,-0.3305743971061032,0.9819722387340271,-8.352113549905836,-5.513784015121493,-1.3717819970502019,-1.4463601548140226,-1.8696022033691406,2.2217730007284837,-2.2217730007284837,0.04996834000007766,pixhawk_fused,0.8,0.2,gyro,-1.0,0.059327274560928345,-0.7798011898994446,odom,
1820.016826904,navigating,0.8595156119377139,-0.3248306394627509,0.8987280302346585,-8.351500503267204,-5.521310763851919,-1.4550262055495704,-1.5498617215005985,-1.7895058393478394,2.143576021801825,-2.143576021801825,0.052324058999829504,pixhawk_fused,0.8,0.2,gyro,-1.0,0.0657278522849083,-0.8639307618141174,odom,
1820.117665471,navigating,0.864569217848183,-0.31997461191742405,0.8796512147510533,-8.35162311259493,-5.528318252929474,-1.4741030210331756,-1.645904358576276,-1.7895058393478394,2.143576021801825,-2.143576021801825,0.15290293099997143,pixhawk_fused,0.8,0.2,gyro,-1.0,0.0721340999007225,-0.9481348395347595,odom,
1820.21851726,navigating,0.8705635346753503,-0.3152628966884746,0.7914710653374597,-8.352511572723454,-5.535890751409052,-1.5622831704467692,-1.7504072947122582,-1.7043074369430542,2.0594146508091646,-2.0594146508091646,0.08660524900005839,pixhawk_fused,0.8,0.2,gyro,-1.0,0.07850246876478195,-1.0318410396575928,odom,
1820.336078072,navigating,0.8797482779303629,-0.309729511537898,0.588915877863899,-8.355068068706048,-5.546304309310946,-1.76483835792033,-1.8947075093366976,-1.487504005432129,1.8424700595253662,-1.8424700595253662,0.04581127500000548,pixhawk_fused,0.8,0.2,gyro,-1.0,0.11091619729995728,-1.3222715854644775,odom,
1820.45796353,navigating,0.8980418382637483,-0.3020699871642187,0.49378247646828144,-8.362542662722442,-5.5646742060878,-1.8599717593159475,-2.001592113975832,-1.3929002285003662,1.7502490850800232,-1.7502490850800232,0.009843670000009297,pixhawk_fused,0.8,0.2,gyro,-1.0,0.22257931530475616,-0.5319960713386536,odom,
1820.576968564,navigating,0.9258737533210033,-0.29218088107564183,0.37970896892916395,-8.375165018513377,-5.591377877170115,-1.974045266855065,-2.0124480729983074,-1.2645273208618164,1.6104798817747787,-1.6104798817747787,0.028284759000143822,pixhawk_fused,0.8,0.2,gyro,-1.0,0.27100861072540283,0.17292004823684692,odom,
1820.698539168,navigating,0.9535932695966883,-0.28195311913814974,0.40246329554217497,-8.387468041055232,-5.6182407573794775,-1.951290940242054,-1.9806857423173614,-1.285443663597107,1.6309834275060848,-1.6309834275060848,0.033956730999989304,pixhawk_fused,0.8,0.2,gyro,-1.0,0.21769750118255615,0.16824831068515778,odom,
1820.799669094,navigating,0.9707595412655022,-0.2750436296487012,0.4069269342779478,-8.394679116516512,-5.635282538938459,-1.9468273015062811,-1.9583638200725182,-1.285443663597107,1.6309834275060848,-1.6309834275060848,0.1346818259999054,pixhawk_fused,0.8,0.2,gyro,-1.0,0.1741318702697754,0.20189642906188965,odom,
1820.918441104,navigating,0.9841136398329264,-0.2693447580117892,0.442612780410379,-8.400059287016743,-5.6487681924958855,-1.91114145537385,-1.9361291638905942,-1.3253769874572754,1.670031521659489,-1.670031521659489,0.06309407899993857,pixhawk_fused,0.8,0.2,gyro,-1.0,0.09582838416099548,0.19888006150722504,odom,
1821.035997532,navigating,0.9918523315577081,-0.26580157795984616,0.46394318300418047,-8.403006485857091,-5.65675289621532,-1.8898110527800485,-1.8969830620347956,-1.3428244590759277,1.6869085944706157,-1.6869085944706157,0.004139765999980227,pixhawk_fused,0.8,0.2,gyro,-1.0,0.05543883517384529,0.4637126326560974,odom,
1821.153677242,navigating,0.9969618030093648,-0.26310764086193167,0.5032519142775487,-8.404701056565669,-5.662274890937922,-1.8505023215066803,-1.823248110330252,-1.375487208366394,1.7176115758234218,-1.7176115758234218,0.013094378000005236,pixhawk_fused,0.8,0.2,gyro,-1.0,0.046320900321006775,0.6088446378707886,odom,
1821.257890264,navigating,1.0010865595108447,-0.2605377895161006,0.5630100202036086,-8.405788985600493,-5.66701136246759,-1.7907442155806204,-1.7580357702237166,-1.4347589015960693,1.7760066993051724,-1.7760066993051724,0.0036352659999465686,pixhawk_fused,0.8,0.2,gyro,-1.0,0.05760616064071655,0.6883276104927063,odom,
1821.376866911,navigating,1.0062857748013196,-0.25672831804766905,0.6400159932632761,-8.40675613529756,-5.67338384502692,-1.7137382425209529,-1.6697059463543158,-1.5075976848602295,1.850183677476044,-1.850183677476044,0.027597253000067212,pixhawk_fused,0.8,0.2,gyro,-1.0,0.0554632842540741,0.729012668132782,odom,
1821.494535473,navigating,1.012074768387184,-0.25157808204315096,0.7632788680284437,-8.407188927924533,-5.681120127608461,-1.5904753677557852,-1.5729114973929712,-1.6398489475250244,1.980060535650845,-1.980060535650845,0.04551877400012927,pixhawk_fused,0.8,0.2,gyro,-1.0,0.07479269802570343,0.7796838879585266,odom,
1821.599638195,navigating,1.0184169607804312,-0.24483175031161603,0.8414076231196908,-8.406880574615252,-5.690374386866853,-1.5123466126645382,-1.4867408005320515,-1.7169970273971558,2.0561792494469837,-2.0561792494469837,0.034620626999867454,pixhawk_fused,0.8,0.2,gyro,-1.0,0.10755585134029388,0.9424605965614319,odom,
1821.717173177,navigating,1.0280844596503211,-0.2321016561543151,0.8670496878304763,-8.404676351701125,-5.706206545058265,-1.4867045479537526,-1.3582016629847053,-1.7169970273971558,2.0561792494469837,-2.0561792494469837,0.15214547999994465,pixhawk_fused,0.8,0.2,gyro,-1.0,0.16240887343883514,1.1706483364105225,odom,
1821.835566307,navigating,1.0383667324328574,-0.2140184812364756,1.1041799684071698,-8.399111352214321,-5.726250425156578,-1.2495742673770591,-1.224041995171491,-1.9803944826126099,2.318969974082108,-2.318969974082108,0.016823858999941876,pixhawk_fused,0.8,0.2,gyro,-1.0,0.20917610824108124,1.2256463766098022,odom,
1821.936768861,navigating,1.0471287143628196,-0.19308511514731175,1.1570453173525375,-8.390453669684868,-5.747227142640091,-1.1967089184316915,-1.129303410779484,-2.023298501968384,2.361378325980301,-2.361378325980301,0.07242642200003502,pixhawk_fused,0.8,0.2,gyro,-1.0,0.24499832093715668,0.6440543532371521,odom,
1822.056564895,navigating,1.0557366839609996,-0.16845052702966462,1.231088856746878,-8.379063812136078,-5.770705456407216,-1.1226653790373509,-1.1205349071286295,-2.1099491119384766,2.4517286627107815,-2.4517286627107815,0.011864527999932761,pixhawk_fused,0.8,0.2,gyro,-1.0,0.1938132494688034,-0.20655342936515808,odom,
1822.157576608,navigating,1.0610607168360948,-0.1537924459778962,1.2090489275435916,-8.37242918351411,-5.784818796523003,-1.1447053082406373,-1.1576368526760643,-2.0858702659606934,2.433454152744408,-2.433454152744408,0.008701171999973667,pixhawk_fused,0.8,0.2,gyro,-1.0,0.14147691428661346,-0.5072014331817627,odom,
1822.276643856,navigating,1.0652465793765291,-0.14394592255885863,1.1941166796613267,-8.368402290593782,-5.794731394671686,-1.1596375561229022,-1.2323578350892028,-2.0858702659606934,2.433454152744408,-2.433454152744408,0.12828382700013208,pixhawk_fused,0.8,0.2,gyro,-1.0,0.05685639753937721,-0.6114404797554016,odom,
1822.376693071,navigating,1.0674831776347578,-0.13960579766013254,1.1226147610178983,-8.366903528811575,-5.799378196693017,-1.2311394747663307,-1.2992545104506614,-2.0171403884887695,2.36080359981596,-2.36080359981596,0.028880968999828838,pixhawk_fused,0.8,0.2,gyro,-1.0,0.044654227793216705,-0.5869377851486206,odom,
1822.476911551,navigating,1.069717630575666,-0.13587967155465702,1.0234072168707302,-8.365838474651325,-5.803590376097408,-1.3303470189134987,-1.3587958237829625,-1.9084751605987549,2.2516909422689633,-2.2516909422689633,0.022951418000047852,pixhawk_fused,0.8,0.2,gyro,-1.0,0.044729579240083694,-0.5879282355308533,odom,
1822.577623161,navigating,1.072664785566595,-0.1316108332150635,1.009210585927874,-8.364891454843885,-5.808690558132832,-1.344543649856355,-1.4298724403480434,-1.9084751605987549,2.2516909422689633,-2.2516909422689633,0.12381453400007558,pixhawk_fused,0.8,0.2,gyro,-1.0,0.05644810572266579,-0.7419571876525879,odom,
1822.699683825,navigating,1.0766658738146553,-0.12669206615299372,0.9429476972929871,-8.364227168486204,-5.814996246058401,-1.4108065384912418,-1.5167551784858107,-1.845726490020752,2.190560835819836,-2.190560835819836,0.06758210699990741,pixhawk_fused,0.8,0.2,gyro,-1.0,0.05788224935531616,-0.7608076930046082,odom,
1822.817690391,navigating,1.0815912056649981,-0.1216396842573596,0.8686101129160297,-8.36412011407319,-5.822051314875074,-1.4851441228681992,-1.6080373028263928,-1.7748751640319824,2.1204333545976835,-2.1204333545976835,0.0728002819998892,pixhawk_fused,0.8,0.2,gyro,-1.0,0.06441511958837509,-0.7789420485496521,odom,
1822.933896262,navigating,1.08999670192739,-0.11448851233568946,0.736874000792052,-8.36498020935724,-5.833053672048549,-1.616880234992177,-1.6819938498162061,-1.629538655281067,1.9743140451723296,-1.9743140451723296,0.06773791399996298,pixhawk_fused,0.8,0.2,gyro,-1.0,0.13572409749031067,-0.4375764727592468,odom,
1823.053721171,navigating,1.1050244521784482,-0.10301406416255954,0.6830961200093986,-8.367447035831496,-5.85179963176343,-1.6706581157748304,-1.724648428031703,-1.5755149126052856,1.917759974401589,-1.917759974401589,0.009294318000002022,pixhawk_fused,0.8,0.2,gyro,-1.0,0.16726154088974,-0.23676104843616486,odom,
1823.154907758,navigating,1.1185564451634136,-0.09335080399355333,0.6323635983811566,-8.37014261105151,-5.868207779296662,-1.7213906374030723,-1.7448651005982208,-1.5178204774856567,1.8594041324520068,-1.8594041324520068,0.002671578999979829,pixhawk_fused,0.8,0.2,gyro,-1.0,0.1669214516878128,-0.13297122716903687,odom,
1823.27443925,navigating,1.1333516015935912,-0.08306821122836305,0.6319625640559137,-8.373290193793142,-5.8859481595251895,-1.7217916717283153,-1.7468707156623278,-1.5178204774856567,1.8594041324520068,-1.8594041324520068,0.12297930199997609,pixhawk_fused,0.8,0.2,gyro,-1.0,0.15905655920505524,0.0,odom,
1823.395402848,navigating,1.1467972256466088,-0.07366774623727468,0.6328737748317323,-8.376111123325831,-5.902109715910494,-1.7208804609524966,-1.7347245250812562,-1.5153028964996338,1.8575071107821122,-1.8575071107821122,0.048140150000108406,pixhawk_fused,0.8,0.2,gyro,-1.0,0.1308804601430893,0.13237260282039642,odom,
1823.496432559,navigating,1.1559204596885815,-0.06709189224251533,0.6453756934119648,-8.377885298597931,-5.91321501001956,-1.7083785423722642,-1.7178043790714073,-1.5267771482467651,1.8689045434372082,-1.8689045434372082,0.034912225999960356,pixhawk_fused,0.8,0.2,gyro,-1.0,0.11013451218605042,0.2356230914592743,odom,
1823.600055494,navigating,1.162949730551973,-0.061818841125330204,0.6491673221578522,-8.379105901905298,-5.921917069805692,-1.7045869136263767,-1.6988460749275949,-1.5267771482467651,1.8689045434372082,-1.8689045434372082,0.13778083700003663,pixhawk_fused,0.8,0.2,gyro,-1.0,0.08927655220031738,0.20708046853542328,odom,
1823.717078228,navigating,1.1699167084420568,-0.05635477267746314,0.6677021526510414,-8.380147166195988,-5.930709714095144,-1.6860520831331876,-1.6759384941144886,-1.5444146394729614,1.8863462193684235,-1.8863462193684235,0.06756548299995302,pixhawk_fused,0.8,0.2,gyro,-1.0,0.06928589195013046,0.1686697006225586,odom,
1823.833634099,navigating,1.1754048324976534,-0.051873125094324624,0.7022474703927319,-8.38084164738811,-5.937761122931884,-1.651506765391497,-1.6603202707900782,-1.5853627920150757,1.9256232435630216,-1.9256232435630216,0.007350168999892048,pixhawk_fused,0.8,0.2,gyro,-1.0,0.05513858050107956,0.10353497415781021,odom,
1823.933714977,navigating,1.1796228801070519,-0.04832491226396718,0.704939372530279,-8.381301889864575,-5.943253837815029,-1.6488148632539499,-1.6468606519654285,-1.5853627920150757,1.9256232435630216,-1.9256232435630216,0.1076768699999775,pixhawk_fused,0.8,0.2,gyro,-1.0,0.061906713992357254,0.13561758399009705,odom,
1824.036551528,navigating,1.1840382432533425,-0.044519674503382345,0.7107815550841419,-8.381719127576838,-5.949067715937218,-1.642972680700087,-1.6346717397563375,-1.5897133350372314,1.9298787657545462,-1.9298787657545462,0.09408496099990771,pixhawk_fused,0.8,0.2,gyro,-1.0,0.05536021292209625,0.1323014497756958,odom,
1824.136852506,navigating,1.1873321223896842,-0.041604561526499384,0.7313994734796845,-8.38197624116707,-5.953458776860792,-1.6223547623045445,-1.6231791492645447,-1.61342191696167,1.9527779937611476,-1.9527779937611476,0.0836205880000307,pixhawk_fused,0.8,0.2,gyro,-1.0,0.042775023728609085,0.09920506179332733,odom,
1824.257479615,navigating,1.1913663732158106,-0.03794364549632834,0.7433310664515411,-8.382226949792422,-5.9589007095223785,-1.6104231693326878,-1.605542257073802,-1.6242619752883911,1.9632832664923325,-1.9632832664923325,0.09304990600003293,pixhawk_fused,0.8,0.2,gyro,-1.0,0.04888695105910301,0.23673737049102783,odom,
1824.376401479,navigating,1.1953546203015888,-0.034177479529010846,0.7716744414686663,-8.382370604004757,-5.964384274455693,-1.5820797943155627,-1.5845744613657031,-1.6556158065795898,1.993470531188096,-1.993470531188096,0.012759194999944157,pixhawk_fused,0.8,0.2,gyro,-1.0,0.04910549148917198,0.169854074716568,odom,
1824.477934594,navigating,1.1987695997197472,-0.030819142825372015,0.7761458768635876,-8.382398968849232,-5.9691738156943766,-1.5776083589206413,-1.562216712230107,-1.6556158065795898,1.993470531188096,-1.993470531188096,0.11422873299989078,pixhawk_fused,0.8,0.2,gyro,-1.0,0.04699712246656418,0.24709318578243256,odom,
1824.600440826,navigating,1.2025693151666754,-0.026892060523234118,0.7950507481716573,-8.38229557441615,-5.9746372507380645,-1.5587034876125716,-1.5413434095170357,-1.6739535331726074,2.0118833565787924,-2.0118833565787924,0.051478666000093654,pixhawk_fused,0.8,0.2,gyro,-1.0,0.046430036425590515,0.06780879199504852,odom,
1824.714493832,navigating,1.2067933834633484,-0.022334864194965554,0.8306113542821971,-8.382044865790798,-5.980845949195432,-1.5231428815020318,-1.5143408536802838,-1.7113761901855469,2.0495832975284705,-2.0495832975284705,0.06532332799997675,pixhawk_fused,0.8,0.2,gyro,-1.0,0.048757728189229965,0.2361116111278534,odom,
1824.833419165,navigating,1.2110194183407414,-0.017502050204030728,0.8368377535603011,-8.381600178229045,-5.987250456579169,-1.5169164822239278,-1.4832029766818315,-1.7113761901855469,2.0495832975284705,-2.0495832975284705,0.18465121200006251,pixhawk_fused,0.8,0.2,gyro,-1.0,0.059327270835638046,0.30513957142829895,odom,
,reached,1.2110194183407414,-0.017502050204030728,0.8368377535603011,,,,,,,,,True,0.8,0.2,gyro,-1.0,,,mission_status,reached waypoint 3/4
,turning,1.2110194183407414,-0.017502050204030728,0.8368377535603011,,,,,,,,,True,0.8,0.2,gyro,-1.0,,,mission_status,aligning for waypoint 4/4
1824.933631194,turning,1.214104091954329,-0.013750824811904594,0.8749606408932071,-8.381117060878003,-5.9920830025820555,-1.4787935948910218,-1.453329080202606,-1.7504979372024536,2.089767580785001,-2.089767580785001,0.09355766600015158,pixhawk_fused,0.8,0.2,gyro,-1.0,0.04111039265990257,0.2026340216398239,odom,
1825.037710932,turning,1.2164587647799179,-0.010737663767752759,0.9119921950590739,-8.380642178481809,-5.995877486776692,-1.441762040725155,-1.425173319272215,-1.7900755405426025,2.12901761657759,-2.12901761657759,0.09077410600002622,pixhawk_fused,0.8,0.2,gyro,-1.0,0.04127735644578934,0.4069139361381531,odom,
1825.15712017,turning,1.219688434646093,-0.006163159824590592,0.9431936918098707,-8.379677773769693,-6.001393534031904,-1.4105605439743583,-1.358025188420528,-1.8120795488357544,2.151237940035904,-2.151237940035904,0.08897770899989155,pixhawk_fused,0.8,0.2,gyro,-1.0,0.049999549984931946,0.5880184769630432,odom,
1825.277063039,turning,1.2222839095392835,-0.0019086678198513285,0.9979597976441226,-8.378492855266666,-6.006234314989638,-1.3557944381401064,-1.2910550544155754,-1.8658400774002075,2.202957973323906,-2.202957973323906,0.031997491000083755,pixhawk_fused,0.8,0.2,gyro,-1.0,0.041356150060892105,0.5435876846313477,odom,
1825.395395906,turning,1.2244966547830174,0.0023341416233254586,1.0643344435520339,-8.377046248198491,-6.0107955649800555,-1.289419792232195,-1.2254989571306254,-1.9311083555221558,2.26953685947522,-2.26953685947522,0.11052720500015312,pixhawk_fused,0.8,0.2,gyro,-1.0,0.04470214620232582,0.5875676274299622,odom,
1825.497135451,turning,1.2263296511700512,0.006461094056564698,1.1085761776172416,-8.37541389714876,-6.01500591439448,-1.2451780581669873,-1.1636249106480956,-1.9711081981658936,2.3093814988361245,-2.3093814988361245,0.05453918800003521,pixhawk_fused,0.8,0.2,gyro,-1.0,0.04769912362098694,0.6269600987434387,odom,
1825.597367962,turning,1.2279617812953483,0.01086448261773354,1.212851625443301,-8.373443912950291,-6.019268876020429,-1.1409026103409279,-1.099277211730137,-2.085517406463623,2.4236205165611153,-2.4236205165611153,0.05264784399992095,pixhawk_fused,0.8,0.2,gyro,-1.0,0.04787665233016014,0.6292935013771057,odom,
1825.715317818,turning,1.22936765375717,0.015611980881675369,1.2745103705490255,-8.371070415964304,-6.02361418719485,-1.0792438652352034,-1.0314410654619366,-2.1451988220214844,2.48373636093005,-2.48373636093005,0.051645501000166405,pixhawk_fused,0.8,0.2,gyro,-1.0,0.04110013693571091,0.5402225852012634,odom,
1825.817399724,turning,1.2302661420481185,0.019508616867370487,1.2854485403840001,-8.368942137633772,-6.0269996686320715,-1.0683056954002288,-0.9766469845290325,-2.1451988220214844,2.48373636093005,-2.48373636093005,0.15260486900001524,pixhawk_fused,0.8,0.2,gyro,-1.0,0.04111039265990257,0.5403574109077454,odom,
1825.918113306,turning,1.2309838004665519,0.02367322907292313,1.3796091877111252,-8.366496356044125,-6.030445997235663,-0.9741450480731038,-0.9187437517057896,-2.2503836154937744,2.5869379290567283,-2.5869379290567283,0.06962021399999685,pixhawk_fused,0.8,0.2,gyro,-1.0,0.04362098500132561,0.5733568072319031,odom,
1826.036324102,turning,1.231530403469444,0.028797114304002447,1.4380495197384482,-8.363249953844326,-6.034447727793957,-0.9157047160457807,-0.8481395351472252,-2.306671380996704,2.642342695258701,-2.642342695258701,0.07305931299993063,pixhawk_fused,0.8,0.2,gyro,-1.0,0.043599240481853485,0.5730709433555603,odom,
1826.15881023,turning,1.231714700653778,0.03392705966387721,1.4974712534301413,-8.359743693069344,-6.038196919736933,-0.8562829823540876,-0.7778058252827241,-2.3628265857696533,2.699043264649952,-2.699043264649952,0.026619269000093482,pixhawk_fused,0.8,0.2,gyro,-1.0,0.04490693658590317,0.5902594327926636,odom,
1826.27350809,turning,1.2315547997202443,0.038794515515347294,1.5533770592028044,-8.356180702605416,-6.041516979032866,-0.8003771765814245,-0.7110623156776836,-2.416510820388794,2.7522485938297154,-2.7522485938297154,0.026496599000211063,pixhawk_fused,0.8,0.2,gyro,-1.0,0.041059140115976334,0.5396837592124939,odom,
1826.37480897,turning,1.2311744918328051,0.042824319313061965,1.6194900340503529,-8.353055994738359,-6.044089944925154,-0.7342642017338761,-0.6556071743020216,-2.4856796264648438,2.8210172077642324,-2.8210172077642324,0.08202664100008406,pixhawk_fused,0.8,0.2,gyro,-1.0,0.04292739927768707,0.5642402768135071,odom,
1826.477057974,turning,1.2304828384156143,0.04732784066673179,1.6660116976780643,-8.349375884916602,-6.046776370195338,-0.6877425381061646,-0.5931846781248663,-2.5281267166137695,2.8635776755438687,-2.8635776755438687,0.032231110999873636,pixhawk_fused,0.8,0.2,gyro,-1.0,0.04989238083362579,0.6557883620262146,odom,
1826.597141724,turning,1.229237236687168,0.0528446234927179,1.7769217098684122,-8.34458680117541,-6.049784873699549,-0.5768325259158167,-0.5156754988453148,-2.647432327270508,2.9828138110266567,-2.9828138110266567,0.045496233999983815,pixhawk_fused,0.8,0.2,gyro,-1.0,0.046161603182554245,0.6067507863044739,odom,
1826.717166731,turning,1.2275932753766967,0.058175395106185857,1.8436170554237432,-8.339648573251983,-6.05237979947143,-0.5101371803604857,-0.43923312014544724,-2.712385416030884,3.04707738669976,-3.04707738669976,0.052016930000036155,pixhawk_fused,0.8,0.2,gyro,-1.0,0.04390781745314598,0.5771269202232361,odom,
1826.819237283,turning,1.226147060538188,0.06195126406353246,1.9235194313179758,-8.335951993520531,-6.054018097988549,-0.4302348044662532,-0.3838252252848807,-2.8016669750213623,3.133093364559257,-3.133093364559257,0.011007725000126811,pixhawk_fused,0.8,0.2,gyro,-1.0,0.04093460738658905,0.5380468964576721,odom,
1826.937295989,turning,1.2240783548254075,0.06649146633761582,1.9539425469062046,-8.331274539167268,-6.055754300968854,-0.3998116888780243,-0.31545891743752386,-2.8228378295898438,-3.1291350878000777,3.1291350878000777,0.07016656299992974,pixhawk_fused,0.8,0.2,gyro,-1.0,0.040273793041706085,0.5293610692024231,odom,
1827.05606031,turning,1.221685535702418,0.07091308783251304,2.0112668218495617,-8.326452515606686,-6.057177118167469,-0.3424874139346672,-0.24656184221423033,-2.8781938552856445,-3.074692981970362,3.074692981970362,0.0126552620001803,pixhawk_fused,0.8,0.2,gyro,-1.0,0.04538794606924057,0.5965818166732788,odom,
1827.17741035,turning,1.219344707464811,0.07463388028258156,2.1055321757662533,-8.322163934121212,-6.058142437874569,-0.24822206001797564,-0.18633973395382597,-2.980694532394409,-2.9719420333624407,2.9719420333624407,0.03575297099996533,pixhawk_fused,0.8,0.2,gyro,-1.0,0.03600035980343819,0.4731908440589905,odom,
1827.297532625,turning,1.2168912113875274,0.07805279816532384,2.1178409578664197,-8.318009856898245,-6.058814959187098,-0.23591327791780925,-0.12461750082974443,-2.980694532394409,-2.9719420333624407,2.9719420333624407,0.15662260499993863,pixhawk_fused,0.8,0.2,gyro,-1.0,0.03585343807935715,0.4712596833705902,odom,
1827.417683216,turning,1.2140838662420752,0.08149651857162488,2.1792090886181072,-8.31358860114023,-6.0592541567789535,-0.17454514716612168,-0.05826053987939621,-3.0396642684936523,-2.9118135426462217,2.9118135426462217,0.07099703600010798,pixhawk_fused,0.8,0.2,gyro,-1.0,0.034185741096735,0.6567267775535583,odom,
1827.534367356,turning,1.210751606782793,0.08499230949000158,2.2659030473995747,-8.308760172614768,-6.059358008709528,-0.08785118838465422,0.019992129632810433,-3.1289377212524414,-2.8230216845691722,2.8230216845691722,0.08241247800015117,pixhawk_fused,0.8,0.2,gyro,-1.0,0.046455658972263336,0.6106159090995789,odom,
1827.65336513,turning,1.2069707872027613,0.08841090788024175,2.328087888010623,-8.303670055524158,-6.059089457682007,-0.025666347773606102,0.09660152668596422,3.094407081604004,-2.7644205878198664,2.7644205878198664,0.0945280000000821,pixhawk_fused,0.8,0.2,gyro,-1.0,0.04471585899591446,0.5877478718757629,odom,
1827.755241359,turning,1.2036147826863015,0.09105821482151089,2.339705971012865,-8.299426308792853,-6.058577975486492,-0.014048264771363783,0.15516297976313173,3.094407081604004,-2.7644205878198664,2.7644205878198664,0.19570735499996772,pixhawk_fused,0.8,0.2,gyro,-1.0,0.04278881102800369,0.5624186396598816,odom,
1827.874750566,turning,1.1993727371040932,0.09398168889161296,2.4931977702892065,-8.294361811561767,-6.057633243166511,0.1394435345049776,0.22573800455456117,2.9185030460357666,-2.5903636328995745,2.5903636328995745,0.016354896999928314,pixhawk_fused,0.8,0.2,gyro,-1.0,0.04735589027404785,0.6224486231803894,odom,
1827.99464284,turning,1.1951849195954276,0.09645827638289894,2.5067344377921943,-8.289652332384097,-6.056411724864162,0.15298020200796536,0.29375668413620665,2.9185030460357666,-2.5903636328995745,2.5903636328995745,0.13605038699984107,pixhawk_fused,0.8,0.2,gyro,-1.0,0.041069380939006805,0.5398183465003967,odom,
1828.09708157,turning,1.191972024885146,0.0980952654075653,2.5651948251319046,-8.286225676172641,-6.055289026019982,0.21144058934767562,0.35934459730745655,2.8610312938690186,-2.5336677349627537,2.5336677349627537,0.053433132999998634,pixhawk_fused,0.8,0.2,gyro,-1.0,0.03182607144117355,0.7669268250465393,odom,
1828.197388728,turning,1.1900152719476174,0.09893240728613673,2.6779323769604186,-8.28425203199424,-6.0544925228872515,0.3241781411761897,0.43565097966143984,2.7376174926757812,-2.4118946223080675,2.4118946223080675,0.05350769100004982,pixhawk_fused,0.8,0.2,gyro,-1.0,0.01539525855332613,0.8095003366470337,odom,
1828.298058917,turning,1.1887905264164549,0.09934138916273971,2.691961540194084,-8.283098223320636,-6.0539128735655,0.33820730440985525,0.506322361576264,2.7376174926757812,-2.4118946223080675,2.4118946223080675,0.1540154120000352,pixhawk_fused,0.8,0.2,gyro,-1.0,0.01568332128226757,0.6871945858001709,odom,
1828.415608262,turning,1.1874969907718123,0.09966513476201078,2.7802844473254176,-8.281956309581812,-6.053224339840768,0.42653021154118864,0.5865966891666988,2.648232936859131,-2.3215849464357414,2.3215849464357414,0.07394890899990969,pixhawk_fused,0.8,0.2,gyro,-1.0,0.010074978694319725,0.5959798693656921,odom,
1828.535343364,turning,1.1860422122998364,0.09993169073913977,2.8831416126606717,-8.280741196244344,-6.052381171963904,0.5293873768764428,0.6420354808582158,2.5348243713378906,-2.2069774742544213,2.2069774742544213,0.07685002500011251,pixhawk_fused,0.8,0.2,gyro,-1.0,0.007742220535874367,0.44097819924354553,odom,
1828.656177779,turning,1.1856994174440278,0.09997911132548121,2.9264904389742927,-8.280465782754451,-6.05217163811279,0.5727362031900638,0.6805821517874736,2.491305351257324,-2.1624349470556297,2.1624349470556297,0.025062224000066635,pixhawk_fused,0.8,0.2,gyro,-1.0,0.002579964231699705,0.23737837374210358,odom,
1828.775519728,turning,1.1850583805474035,0.10003696471597645,2.960218855319259,-8.279972600458596,-6.051758060380458,0.6064646195350303,0.7165343296347161,2.4595398902893066,-2.1292593785644094,2.1292593785644094,0.03645888100004413,pixhawk_fused,0.8,0.2,gyro,-1.0,0.01027683075517416,0.27016863226890564,odom,
1828.894667115,turning,1.1848122383615038,0.1000540638943559,3.005256244445508,-8.27978685647704,-6.05159564877097,0.651502008661279,0.731974539091419,2.406759023666382,-2.076854418170504,2.076854418170504,0.02932438700008788,pixhawk_fused,0.8,0.2,gyro,-1.0,0.0,0.0,odom,
1828.996967302,turning,1.1848122383615038,0.1000540638943559,3.0055207071748336,-8.27978685647704,-6.05159564877097,0.6517664713906046,0.7333001156737223,2.406759023666382,-2.076854418170504,2.076854418170504,0.1310997049999969,pixhawk_fused,0.8,0.2,gyro,-1.0,-0.0025253889616578817,0.033193860203027725,odom,
1829.097721975,turning,1.184764042593748,0.10005644600831709,3.007941983310508,-8.279751171672702,-6.051563166449073,0.654187747526279,0.7353191982321216,2.4058775901794434,-2.0743329053435993,2.0743329053435993,0.05406121700002586,pixhawk_fused,0.8,0.2,gyro,-1.0,0.0,0.0,odom,
1829.217923212,turning,1.1844221416599994,0.10007248486069853,3.01890771394256,-8.279498633057386,-6.051332130215857,0.6651534781583313,0.7630152810693375,2.39577579498291,-2.0675340180907917,2.0675340180907917,0.06554222199997639,pixhawk_fused,0.8,0.2,gyro,-1.0,-0.002579576103016734,0.1695304811000824,odom,
1829.334389659,turning,1.1838786797744807,0.10008028105942957,3.0238780611301874,-8.279109760189597,-6.050952407297898,0.6701238253459585,0.7879762918587112,2.39577579498291,-2.0675340180907917,2.0675340180907917,0.18292931099995258,pixhawk_fused,0.8,0.2,gyro,-1.0,0.010263890027999878,0.33729058504104614,odom,
1829.43647119,turning,1.1835807272872,0.10007680263369945,3.0634696830855854,-8.278902056328448,-6.05073875596936,0.7097154473013565,0.8192052028072251,2.3498191833496094,-2.0258643808577728,2.0258643808577728,0.08826080099993305,pixhawk_fused,0.8,0.2,gyro,-1.0,0.0,0.2692510187625885,odom,
1829.537196418,turning,1.1836787560513025,0.10008012192406113,3.0898949822690622,-8.27896885096221,-6.0508105830755285,0.7361407464848333,0.8272413246750558,2.3202261924743652,-1.99486351718647,1.99486351718647,0.07277501499993377,pixhawk_fused,0.8,0.2,gyro,-1.0,0.0,0.0,odom,
1829.656744501,turning,1.1836768134807691,0.10007947966335329,3.0979049524421414,-8.278967935967227,-6.050808753085563,0.7441507166579124,0.8313208863490305,2.313746690750122,-1.9858746038962674,1.9858746038962674,0.013043649000110236,pixhawk_fused,0.8,0.2,gyro,-1.0,-6.492109037026239e-07,0.06793992221355438,odom,
1829.774601596,turning,1.1837777576795117,0.1000844093420068,3.099316385710055,-8.279035645595972,-6.050883782674171,0.745562149925826,0.8353737671497292,2.3113861083984375,-1.985121109093405,1.985121109093405,0.007479444999944462,pixhawk_fused,0.8,0.2,gyro,-1.0,0.0025147744454443455,-0.03305434435606003,odom,
1829.894568925,turning,1.1837777576795117,0.1000844093420068,3.1019109505113454,-8.279035645595972,-6.050883782674171,0.7481567147271164,0.8353737671497292,2.305626630783081,-1.9818802847516308,1.9818802847516308,0.06426410800008853,pixhawk_fused,0.8,0.2,gyro,-1.0,0.0,0.0,odom,
,navigating,1.1837777576795117,0.1000844093420068,3.1019109505113454,,,,,,,,,True,0.8,0.2,gyro,-1.0,,,mission_status,going to waypoint 4/4
1829.998566554,navigating,1.1836768134807691,0.10007947966335329,3.1022636158179187,-8.278967935967227,-6.050808753085563,0.7485093800336897,0.8367571382604124,2.305661201477051,-1.9817843664613137,1.9817843664613137,0.05627307200006726,pixhawk_fused,0.8,0.2,gyro,-1.0,0.005539624020457268,0.07281314581632614,odom,
1830.11747522,navigating,1.181445950287126,0.0999454948143752,3.110008497223658,-8.277489304074646,-6.049132939774138,0.756254261439429,0.866032664670314,2.301661729812622,-1.9793973222545864,1.9793973222545864,0.06339187599996876,pixhawk_fused,0.8,0.2,gyro,-1.0,0.036841776221990585,0.4842504560947418,odom,
1830.217484998,navigating,1.1755518102209526,0.099298966437258,-3.1299502702470976,-8.273789979358245,-6.04449894768257,0.7994808011482597,0.9445976205569785,2.261967182159424,-1.944937731789756,1.944937731789756,0.05126805999998396,pixhawk_fused,0.8,0.2,gyro,-1.0,0.07494736462831497,0.9171573519706726,odom,
1830.335090566,navigating,1.1637355411658876,0.09674400236959635,-3.1036610612921747,-8.267266065129222,-6.034321000988807,0.8257700101031826,1.078072326836029,2.261967182159424,-1.944937731789756,1.944937731789756,0.169786823999857,pixhawk_fused,0.8,0.2,gyro,-1.0,0.10832589864730835,1.1526340246200562,odom,
1830.437081909,navigating,1.1527015627517727,0.09289053913833056,-2.918948103049396,-8.262214377827899,-6.023781631276745,1.0104829683459613,1.1839367773680987,2.060847043991089,-1.7409354163281205,1.7409354163281205,0.08270140600006926,pixhawk_fused,0.8,0.2,gyro,-1.0,0.13906008005142212,0.9477552771568298,odom,
1830.53766828,navigating,1.1393147903328353,0.08679384156764314,-2.823924097563432,-8.257093150907867,-6.0099921993849525,1.1055069738319254,1.2439876551322724,1.9604134559631348,-1.6372681524626496,1.6372681524626496,0.005317152000088754,pixhawk_fused,0.8,0.2,gyro,-1.0,0.15348374843597412,0.23150484263896942,odom,
1830.653610609,navigating,1.1264292424594893,0.08048208702097748,-2.7779512590185664,-8.252477916213449,-5.996406353876885,1.1514798123767909,1.2303437609260919,1.9051241874694824,-1.57647566519897,1.57647566519897,0.006935964999911448,pixhawk_fused,0.8,0.2,gyro,-1.0,0.09955105930566788,-0.3443434238433838,odom,
1830.753945677,navigating,1.1191381357868726,0.07714679609548747,-2.786428964337765,-8.24969907644998,-5.988885552613848,1.1430021070575922,1.18789273885147,1.9051241874694824,-1.57647566519897,1.57647566519897,0.1074248519998946,pixhawk_fused,0.8,0.2,gyro,-1.0,0.07977358996868134,-0.37208864092826843,odom,
1830.856665246,navigating,1.1136656569151355,0.07496681668912064,-2.866442552503549,-8.247384139142907,-5.983468782314295,1.0629885188918085,1.123372744954763,1.9799271821975708,-1.6603575855068446,1.6603575855068446,0.014096891000008327,pixhawk_fused,0.8,0.2,gyro,-1.0,0.05498986318707466,-0.722790002822876,odom,
1830.957623833,navigating,1.1085351869934754,0.0733453351290616,-2.9586451965656044,-8.244914567683702,-5.978688391025441,0.9707858748297529,1.0496455882568427,2.0815725326538086,-1.7571685470513583,1.7571685470513583,0.007002184999919336,pixhawk_fused,0.8,0.2,gyro,-1.0,0.05660877376794815,-0.7440690398216248,odom,
1831.060918105,navigating,1.1021259587856131,0.07187254931456222,-2.9766539056867725,-8.241437586748178,-5.973106464131451,0.9527771657085848,0.9595254734383408,2.0815725326538086,-1.7571685470513583,1.7571685470513583,0.1107331929999873,pixhawk_fused,0.8,0.2,gyro,-1.0,0.07435033470392227,-0.9772651791572571,odom,
1831.174258567,navigating,1.093158392709972,0.07075829859776106,-3.063027524636982,-8.23590186710083,-5.965964013293899,0.8664035467583755,0.8490946918001039,2.1616036891937256,-1.837528089898038,1.837528089898038,0.10586227999988296,pixhawk_fused,0.8,0.2,gyro,-1.0,0.08209370821714401,-0.8767237663269043,odom,
1831.295544687,navigating,1.0772091152332655,0.07047113042352626,3.053538195845274,-8.224855132670678,-5.9544561213922975,0.6997839600610449,0.7567847223669323,2.347479820251465,-2.022717644470143,2.022717644470143,0.015146721000064645,pixhawk_fused,0.8,0.2,gyro,-1.0,0.15883226692676544,-0.7408425211906433,odom,
1831.39799221,navigating,1.0596240624120035,0.07157803579342581,3.039604641133832,-8.211666394985247,-5.942772092956463,0.6858504053496031,0.6870880135967427,2.347479820251465,-2.022717644470143,2.022717644470143,0.11706959799994365,pixhawk_fused,0.8,0.2,gyro,-1.0,0.20483599603176117,-0.47116586565971375,odom,
1831.498693437,navigating,1.0349818868922271,0.0742928145364316,2.993275075214648,-8.192360000843259,-5.927219923229858,0.639520839430419,0.6789329320433958,2.4047462940216064,-2.078588440256524,2.078588440256524,0.06624767299990708,pixhawk_fused,0.8,0.2,gyro,-1.0,0.2862755358219147,0.16949649155139923,odom,
1831.598860833,navigating,1.0084978614973392,0.07680892953036894,2.9658888261100502,-8.171895223052752,-5.910222061430061,0.6121345903258213,0.7230306612445776,2.4416072368621826,-2.1237948164365767,2.1237948164365767,0.05494662999990396,pixhawk_fused,0.8,0.2,gyro,-1.0,0.27403631806373596,0.639598548412323,odom,
1831.714457499,navigating,0.9751178711539003,0.07790617706196035,3.022494713803125,-8.147571911418796,-5.887335291919467,0.6687404780188961,0.8029045563882183,2.390996217727661,-2.072964892568397,2.072964892568397,0.04946418800000174,pixhawk_fused,0.8,0.2,gyro,-1.0,0.29722288250923157,0.7952678203582764,odom,
1831.817522745,navigating,0.9471932473684894,0.07668969973192674,3.0370122996527606,-8.12873673969307,-5.8666833976549295,0.6832580638685317,0.8762373042983005,2.390996217727661,-2.072964892568397,2.072964892568397,0.15146577199993772,pixhawk_fused,0.8,0.2,gyro,-1.0,0.2850331962108612,0.8288701176643372,odom,
1831.917982558,navigating,0.9194914816743569,0.07347085721756691,-3.14150070633137,-8.11147810432311,-5.844777045268654,0.7879303650639873,0.9472391051786523,2.2852280139923096,-1.9599976207635876,1.9599976207635876,0.06833211000002848,pixhawk_fused,0.8,0.2,gyro,-1.0,0.2799692153930664,0.7625946998596191,odom,
1832.037166436,navigating,0.8865876901137519,0.0670141755507131,-3.048871339833183,-8.092845146488633,-5.8168994356231085,0.8805597315621743,1.0197134415736027,2.1886913776397705,-1.862382133128452,1.862382133128452,0.08329422299993894,pixhawk_fused,0.8,0.2,gyro,-1.0,0.2785523235797882,0.33900997042655945,odom,
1832.154558055,navigating,0.855147173515098,0.059265420455510254,-2.9997724053781445,-8.076160212973035,-5.78914763778773,0.9296586660172128,1.026495356837566,2.1326816082000732,-1.8027736902854916,1.8027736902854916,0.02413456599992969,pixhawk_fused,0.8,0.2,gyro,-1.0,0.2749353349208832,-0.24091766774654388,odom,
1832.275069066,navigating,0.8252323376930641,0.05259861012203809,-3.0027922272059238,-8.0597845477617,-5.763240469838145,0.9266388441894335,0.9691461982278851,2.127687931060791,-1.7922436420566914,1.7922436420566914,0.03041324400010126,pixhawk_fused,0.8,0.2,gyro,-1.0,0.26166588068008423,-0.6743002533912659,odom,
1832.376610654,navigating,0.7999894778405479,0.04870800312487622,-3.0597024360380978,-8.044736540270746,-5.742603215493336,0.8697286353572595,0.8950410613802778,2.1775670051574707,-1.8448574854678985,1.8448574854678985,0.08749737299990556,pixhawk_fused,0.8,0.2,gyro,-1.0,0.2577078938484192,-0.8295495510101318,odom,
1832.476784366,navigating,0.7737078559644017,0.04667261857937849,-3.114165346714679,-8.027640774007764,-5.722538290510414,0.8152657246806783,0.8220207745618878,2.229483127593994,-1.8946816735811112,1.8946816735811112,0.03230169100015701,pixhawk_fused,0.8,0.2,gyro,-1.0,0.28172460198402405,-0.7134227752685547,odom,
1832.577906663,navigating,0.7472157759779807,0.046418294588429776,3.046544968303914,-8.009134085480946,-5.703580509456962,0.6927907325196849,0.7635912744899028,2.3665196895599365,-2.033154188925731,2.033154188925731,0.028904806999889843,pixhawk_fused,0.8,0.2,gyro,-1.0,0.2705150246620178,-0.49904072284698486,odom,
1832.694471233,navigating,0.7158134480898627,0.047690582412170945,3.0018125851642687,-7.986081701878423,-5.682219036583083,0.6480583493800398,0.739689716319699,2.414290428161621,-2.0830780923910024,2.0830780923910024,0.03100050500006546,pixhawk_fused,0.8,0.2,gyro,-1.0,0.27858734130859375,0.06790228933095932,odom,
1832.799568356,navigating,0.6891757227376643,0.048733204005302344,3.0074602124453538,-7.966552963955559,-5.6640728560795806,0.6537059766611248,0.7680411335731733,2.414290428161621,-2.0830780923910024,2.0830780923910024,0.1348595900001328,pixhawk_fused,0.8,0.2,gyro,-1.0,0.2733938992023468,0.33900997042655945,odom,
1832.917813678,navigating,0.6572968079138961,0.048650864053939036,3.0620306490380864,-7.944124606931464,-5.641418037797185,0.7082764132538575,0.8261466240021147,2.3749825954437256,-2.0293858373708606,2.0293858373708606,0.06247065200000179,pixhawk_fused,0.8,0.2,gyro,-1.0,0.2720167934894562,0.5396836400032043,odom,
1833.03308765,navigating,0.6238847785930604,0.04656138593143455,3.1134003515364936,-7.92203754303604,-5.616260708236195,0.7596461157522647,0.8858176742938092,2.326559543609619,-1.9800769898242832,1.9800769898242832,0.0021373980000589654,pixhawk_fused,0.8,0.2,gyro,-1.0,0.28608909249305725,0.5759127140045166,odom,
1833.134717389,navigating,0.5959380668193488,0.04331952560945962,3.1219811967252062,-7.904622443523981,-5.594164494390941,0.7682269609409773,0.9290578251712426,2.326559543609619,-1.9800769898242832,1.9800769898242832,0.10293076000016299,pixhawk_fused,0.8,0.2,gyro,-1.0,0.29187676310539246,0.403836190700531,odom,
1833.23674127,navigating,0.5705654516558036,0.03941597172668204,-3.118603947483197,-7.8894920864845535,-5.573426133100507,0.8108271239121603,0.9533275555905586,2.2801551818847656,-1.9329436483926654,1.9329436483926654,0.09082585400005883,pixhawk_fused,0.8,0.2,gyro,-1.0,0.27035215497016907,0.10359127074480057,odom,
1833.336871242,navigating,0.5453880572347432,0.03517614789226836,-3.085211347990792,-7.8747377923831525,-5.552588952351906,0.8442197234045654,0.955433076500382,2.2398390769958496,-1.8917885455436587,1.8917885455436587,0.08149595600002613,pixhawk_fused,0.8,0.2,gyro,-1.0,0.2756437361240387,0.03459792584180832,odom,
1833.437351761,navigating,0.5192493070283462,0.03097231407155307,-3.0740228306404473,-7.8592798671398,-5.53109572020047,0.85540824075491,0.9351944223420516,2.2195968627929688,-1.8727771151758312,1.8727771151758312,0.09447311299982175,pixhawk_fused,0.8,0.2,gyro,-1.0,0.2717948853969574,-0.1984715610742569,odom,
1833.556528815,navigating,0.48598566352514105,0.02645524928388074,-3.093022271849489,-7.839018218235526,-5.504331201951783,0.8364087995458682,0.9041132108400036,2.238644599914551,-1.8887638293033049,1.8887638293033049,0.10573358700003155,pixhawk_fused,0.8,0.2,gyro,-1.0,0.30365920066833496,-0.27059754729270935,odom,
1833.661524672,navigating,0.4568712505890403,0.023401604265936266,-3.1180359552274384,-7.820646033971214,-5.481540049416916,0.8113951161679189,0.8764493395915146,2.2630615234375,-1.9131163341080353,1.9131163341080353,0.10167751599988151,pixhawk_fused,0.8,0.2,gyro,-1.0,0.2956322729587555,-0.2220461517572403,odom,
1833.777142092,navigating,0.42608403502566616,0.021018452436236207,3.1369136182890136,-7.800618623782597,-5.458036115790266,0.7831593825047847,0.8485624875176356,2.2914068698883057,-1.941439114240329,1.941439114240329,0.010333532999993622,pixhawk_fused,0.8,0.2,gyro,-1.0,0.27885928750038147,-0.20747222006320953,odom,
1833.894149591,navigating,0.3950456649018764,0.019514864460911385,3.090389330436034,-7.779790592983826,-5.4349745822379125,0.7366350946518052,0.8187513861854985,2.3425679206848145,-1.9921309996818706,1.9921309996818706,0.029006130999960078,pixhawk_fused,0.8,0.2,gyro,-1.0,0.274104505777359,-0.23570020496845245,odom,
1833.997444067,navigating,0.36888323171770265,0.018730165659337022,3.0909211590719354,-7.761892376120725,-5.415876349454564,0.7371669232877065,0.8214174504004143,2.3425679206848145,-1.9921309996818706,1.9921309996818706,0.13169923700002073,pixhawk_fused,0.8,0.2,gyro,-1.0,0.2692914307117462,0.16540102660655975,odom,
1834.098137521,navigating,0.3424900791244605,0.017786867606359114,3.080438579712499,-7.743943834533558,-5.396502703181324,0.72668434392827,0.8302487527335223,2.356393814086914,-2.0074220261102123,2.0074220261102123,0.05156864300010966,pixhawk_fused,0.8,0.2,gyro,-1.0,0.28206363320350647,0.1146637424826622,odom,
1834.217349179,navigating,0.3094695033551671,0.016102427415691983,3.097896894249216,-7.721845790698338,-5.37190855303239,0.7441426584649871,0.8517658730556923,2.3392677307128906,-1.990973111105482,1.990973111105482,0.06822236600010001,pixhawk_fused,0.8,0.2,gyro,-1.0,0.28748518228530884,0.19888006150722504,odom,
1834.318215285,navigating,0.281980267626758,0.014205212987552257,3.100317410487769,-7.703800259642969,-5.351085097208534,0.7465631747035402,0.8639262392420332,2.3392677307128906,-1.990973111105482,1.990973111105482,0.1692326800000501,pixhawk_fused,0.8,0.2,gyro,-1.0,0.28264933824539185,0.13268420100212097,odom,
1834.436693107,navigating,0.24954469603580037,0.011507435540202976,3.1148539614629485,-7.682833149606776,-5.326190828705166,0.7610997256787195,0.8782275590627967,2.3245067596435547,-1.9763781310891313,1.9763781310891313,0.08943424399990363,pixhawk_fused,0.8,0.2,gyro,-1.0,0.27658364176750183,0.06732280552387238,odom,
1834.537235722,navigating,0.2248672126826607,0.009165663474227759,3.133484955973601,-7.667086085948785,-5.307046846172667,0.779730720189372,0.8876962773322442,2.3034110069274902,-1.955470169057469,1.955470169057469,0.08350308500007486,pixhawk_fused,0.8,0.2,gyro,-1.0,0.2500380575656891,0.033197082579135895,odom,
1834.654361928,navigating,0.19929313135681692,0.006618391991899578,3.139416731182751,-7.650852244959821,-5.28712237291964,0.7856624953985221,0.8842694559364127,2.2959704399108887,-1.9472104478826329,1.9472104478826329,0.024260210999955234,pixhawk_fused,0.8,0.2,gyro,-1.0,0.20586037635803223,-0.13529203832149506,odom,
1834.77382329,navigating,0.17765696380786009,0.004577494343253136,3.137014428364746,-7.637037193208504,-5.270346397403229,0.7832601925805172,0.8761233136330427,2.297858238220215,-1.94818295976087,1.94818295976087,0.03436308900018048,pixhawk_fused,0.8,0.2,gyro,-1.0,0.17054271697998047,-0.13585597276687622,odom,
1834.87552446,navigating,0.1626784555855018,0.0033394536517368095,3.116507345714312,-7.627349226328154,-5.258855890406306,0.7627531099300833,0.8586061047657634,2.319898843765259,-1.969434392060484,1.969434392060484,0.010316878999901746,pixhawk_fused,0.8,0.2,gyro,-1.0,0.14879074692726135,-0.20226708054542542,odom,
1834.994316691,navigating,0.14725028935178536,0.0023697216898891926,3.1128613417063242,-7.6171538947297135,-5.247235911619283,0.7591071059220953,0.8403221953465242,2.319898843765259,-1.969434392060484,1.969434392060484,0.12968777499986572,pixhawk_fused,0.8,0.2,gyro,-1.0,0.12641189992427826,-0.10172851383686066,odom,
1835.09475138,navigating,0.13511957183683124,0.0018008477831639724,3.093882364081947,-7.60900037443591,-5.238236020966175,0.7401281282977181,0.8254394956333723,2.3395004272460938,-1.9894341113822118,1.9894341113822118,0.05005396000001383,pixhawk_fused,0.8,0.2,gyro,-1.0,0.12124006450176239,-0.16953045129776,odom,
1835.197357484,navigating,0.12327879371308169,0.001398516129278618,3.070809711422827,-7.600933321168003,-5.229559123542076,0.7170554756385981,0.8159265666892865,2.364943742752075,-2.015883198607112,2.015883198607112,0.045437342000013814,pixhawk_fused,0.8,0.2,gyro,-1.0,0.13157157599925995,-0.10172851383686066,odom,
1835.299566725,navigating,0.11174982184258722,0.0011089722774792754,3.069048690520546,-7.5930062621325005,-5.2211828019699045,0.7152944547363171,0.8070913203064847,2.364943742752075,-2.015883198607112,2.015883198607112,0.14635845199995856,pixhawk_fused,0.8,0.2,gyro,-1.0,0.1254807710647583,-0.10097915679216385,odom,
1835.417573006,navigating,0.09885899658548586,0.0008538077530223231,3.059391520178943,-7.584094210997763,-5.211865408057684,0.7056372843947138,0.806402750460167,2.3755903244018555,-2.0277727724344983,2.0277727724344983,0.06897683300007884,pixhawk_fused,0.8,0.2,gyro,-1.0,0.10082326829433441,-0.0339469313621521,odom,
1835.534847637,navigating,0.08754600590907292,0.0006488174936156929,3.0589415688254653,-7.576259566455546,-5.203701822819067,0.7051873330412364,0.8050849445500933,2.37617564201355,-2.0280067835502376,2.0280067835502376,0.07377732699978878,pixhawk_fused,0.8,0.2,gyro,-1.0,0.09543240070343018,0.03393326699733734,odom,
1835.634998576,navigating,0.07959433162531337,0.0005035598645665718,3.059619471340776,-7.570753584145147,-5.1979629742854865,0.7058652355565469,0.8084875489184027,2.37617564201355,-2.0280067835502376,2.0280067835502376,0.1743726129998322,pixhawk_fused,0.8,0.2,gyro,-1.0,0.07738728076219559,0.06781216710805893,odom,
1835.73550802,navigating,0.07327666384709597,0.0003604613463189729,3.05977772219378,-7.566398665523404,-5.1933838818929,0.7060234864095509,0.8138955465566355,2.377443790435791,-2.0291541561406157,2.0291541561406157,0.09252032000017607,pixhawk_fused,0.8,0.2,gyro,-1.0,0.06190193444490433,0.06778330355882645,odom,
1835.837344548,navigating,0.06772923600975789,0.00021127773588576482,3.0664776168352423,-7.562591371399005,-5.189346466530268,0.7127233810510134,0.8179830271276086,2.3687357902526855,-2.021804633348813,2.021804633348813,0.005583198999829619,pixhawk_fused,0.8,0.2,gyro,-1.0,0.057770129293203354,0.06903032958507538,odom,
1835.937609827,navigating,0.062104089562667504,2.9933724826604335e-05,3.0672865355700236,-7.558752052450201,-5.185231276594079,0.7135322997857947,0.8220450361646269,2.3687357902526855,-2.021804633348813,2.021804633348813,0.10562624999988657,pixhawk_fused,0.8,0.2,gyro,-1.0,0.05775244161486626,0.06900922954082489,odom,
1836.057421988,navigating,0.055985497997593225,-0.0001951727275303558,3.0758654337594438,-7.554595687739774,-5.180735448744949,0.7221111979752148,0.8274387505398724,2.3582699298858643,-2.0124337048564156,2.0124337048564156,0.0037625910001679586,pixhawk_fused,0.8,0.2,gyro,-1.0,0.05500532686710358,0.03444661572575569,odom,
1836.174973861,navigating,0.050381234496556376,-0.0004357682975459319,3.077210120818941,-7.550813098479918,-5.17659326645676,0.7234558850347121,0.8341917667800195,2.3582699298858643,-2.0124337048564156,2.0124337048564156,0.12215100600019468,pixhawk_fused,0.8,0.2,gyro,-1.0,0.045381274074316025,0.0,odom,
1836.275880548,navigating,0.045623295475244546,-0.0006570780829423979,3.081313200031663,-7.547613818521745,-5.173064588304695,0.727558964247434,0.835539982517845,2.353506565093994,-2.0076457691673237,2.0076457691673237,0.04555582099987987,pixhawk_fused,0.8,0.2,gyro,-1.0,0.05168220028281212,0.0679313912987709,odom,
1836.377157115,navigating,0.04017651501454568,-0.0009229674941232981,3.0821593430462095,-7.543960243554495,-5.169016193002268,0.7284051072619806,0.8361451471469262,2.3518269062042236,-2.0067397099538753,2.0067397099538753,0.011739433000002464,pixhawk_fused,0.8,0.2,gyro,-1.0,0.05643661692738533,0.0,odom,
1836.477272519,navigating,0.035023502873479224,-0.001176633754492503,3.0818705073353776,-7.540505222498564,-5.165184651510818,0.7281162715511487,0.8346947186468867,2.3518269062042236,-2.0067397099538753,2.0067397099538753,0.11166822099994533,pixhawk_fused,0.8,0.2,gyro,-1.0,0.04909316450357437,-0.10188684612512589,odom,
,turning,0.035023502873479224,-0.001176633754492503,3.0818705073353776,,,,,,,,,True,0.8,0.2,gyro,-1.0,,,mission_status,final alignment at waypoint 4/4
1836.597254537,turning,0.028804509903389185,-0.001449373281582714,3.0823772829345706,-7.536311800491326,-5.1605840567361305,0.7286230471503417,0.8319798868246039,2.3514883518218994,-2.0054316908755387,2.0054316908755387,0.09326337299989973,pixhawk_fused,0.8,0.2,gyro,-1.0,0.05541854724287987,-0.03468690067529678,odom,
1836.714315253,turning,0.025316616347586075,-0.0015453525920729044,3.0674581741567897,-7.533919546108187,-5.158044030663231,0.7137039383725607,0.786792982877246,2.358879566192627,-2.0128117207177962,2.0128117207177962,0.07034082500013028,pixhawk_fused,0.8,0.2,gyro,-1.0,0.03344227373600006,-0.5071929097175598,odom,
1836.815145755,turning,0.02166448275764904,-0.0014685053255076158,3.052807395240038,-7.531288935531968,-5.155509494560231,0.6990531594558091,0.7367453659556537,2.366569995880127,-2.018626448292383,2.018626448292383,0.023806030000059764,pixhawk_fused,0.8,0.2,gyro,-1.0,0.03848910331726074,-0.5059030055999756,odom,
1836.934106236,turning,0.016969120930524766,-0.0011015203299034604,2.9754015511067657,-7.527716795118209,-5.152440143889649,0.6216473153225368,0.6722150114536478,2.442775249481201,-2.0992482057997073,2.0992482057997073,0.09368805799999791,pixhawk_fused,0.8,0.2,gyro,-1.0,0.04136030003428459,-0.5436422228813171,odom,
1837.037338232,turning,0.012542891332918502,-0.0004776856554211716,2.9054170970475086,-7.524152432161806,-5.149742738679668,0.5516628612632797,0.6109718299659432,2.5161609649658203,-2.171414880056032,2.171414880056032,0.09296729599986975,pixhawk_fused,0.8,0.2,gyro,-1.0,0.048757728189229965,-0.640874445438385,odom,
1837.158052949,turning,0.007612663225130444,0.0005501370806595823,2.8440495851696395,-7.519946200224805,-5.146973048866029,0.49029534938541053,0.5419652755827892,2.575416326522827,-2.2308753917404496,2.2308753917404496,0.10017361299992444,pixhawk_fused,0.8,0.2,gyro,-1.0,0.04279090091586113,-0.562446117401123,odom,
1837.274366225,turning,0.0025760045642211713,0.0019761252013254563,2.7853043385028515,-7.51538266274693,-5.14440877542608,0.4315501027186226,0.4702371584533697,2.6305620670318604,-2.2863780473061883,2.2863780473061883,0.028358808000120916,pixhawk_fused,0.8,0.2,gyro,-1.0,0.04669967666268349,-0.6138232946395874,odom,
1837.375350769,turning,-0.0015175806377547688,0.0034305445297308883,2.7188645420399378,-7.511464196732093,-5.142533035710863,0.36511030625570884,0.4107177089486304,2.698885440826416,-2.354546486754068,2.354546486754068,0.0961540910000167,pixhawk_fused,0.8,0.2,gyro,-1.0,0.04901931434869766,-0.6443127393722534,odom,
1837.494748855,turning,-0.0062525358422952015,0.005469153443044108,2.670038196569958,-7.506679230468324,-5.140614748728935,0.31628396078572907,0.3400840196867605,2.742924451828003,-2.397924175161966,2.397924175161966,0.06450369000003775,pixhawk_fused,0.8,0.2,gyro,-1.0,0.04137277603149414,-0.5438061952590942,odom,
1837.594773945,turning,-0.009584683918019943,0.007154635057571309,2.612350698427941,-7.5031340824065635,-5.139441725160688,0.25859646264371206,0.2889133780243157,2.8021509647369385,-2.4572403255888307,2.4572403255888307,0.05281763499988301,pixhawk_fused,0.8,0.2,gyro,-1.0,0.03870528191328049,-0.508744478225708,odom,
1837.695254379,turning,-0.012682418483366924,0.008921713779983619,2.5218544776778113,-7.49969644625531,-5.138492417865791,0.1681002418935824,0.24005104343522735,2.902043581008911,-2.558131557840952,2.558131557840952,0.04299424199984969,pixhawk_fused,0.8,0.2,gyro,-1.0,0.03675342723727226,-0.4830892086029053,odom,
1837.814349765,turning,-0.015424361410012596,0.010664632239546955,2.5129624746149353,-7.496526903634085,-5.137778264281534,0.15920823883070634,0.19554032758352963,2.902043581008911,-2.558131557840952,2.558131557840952,0.16233730199996899,pixhawk_fused,0.8,0.2,gyro,-1.0,0.028381027281284332,-0.37304189801216125,odom,
1837.91644412,turning,-0.018568240530619222,0.012876960312186912,2.4573312761985577,-7.492741111891788,-5.137110317943921,0.1035770404143288,0.1428709406462447,2.963280200958252,-2.6145027126261082,2.6145027126261082,0.07303341299984822,pixhawk_fused,0.8,0.2,gyro,-1.0,0.04866469278931618,-0.6396515965461731,odom,
1838.018143446,turning,-0.022482756149751204,0.015993411948818023,2.3893398181558267,-7.487770859143955,-5.13653387110461,0.03558558237159781,0.07430429962640304,3.0356810092926025,-2.682350477475771,2.682350477475771,0.06540901500011387,pixhawk_fused,0.8,0.2,gyro,-1.0,0.05258270353078842,-0.6911501288414001,odom,
1838.137941667,turning,-0.026709132924495806,0.019902553933905127,2.31926689254802,-7.48201874318312,-5.13629551491153,-0.03448734323620872,-0.00458683246119883,3.101482629776001,-2.7502200745531407,2.7502200745531407,0.0717078949999177,pixhawk_fused,0.8,0.2,gyro,-1.0,0.05038660392165184,-0.6622844934463501,odom,
1838.257348118,turning,-0.03037864622190345,0.02386047961172152,2.2541716619118444,-7.476624847758144,-5.136486291365492,-0.09958257387238456,-0.07854906404420677,-3.1183369159698486,-2.8130992356726017,2.8130992356726017,0.012198637999972561,pixhawk_fused,0.8,0.2,gyro,-1.0,0.04726887866854668,-0.6213049292564392,odom,
1838.374521525,turning,-0.03373860496185315,0.028069009817162593,2.181719687351881,-7.471271669609911,-5.1370732606471075,-0.172034548432348,-0.15233840987395503,-3.0466790199279785,-2.8852169324346866,2.8852169324346866,0.08719662299995434,pixhawk_fused,0.8,0.2,gyro,-1.0,0.04395415261387825,-0.577735960483551,odom,
1838.475488793,turning,-0.03598747814808735,0.03129268104082437,2.133077247315629,-7.4674003258367,-5.1377531019195,-0.22067698846859995,-0.20619109185383347,-2.9982073307037354,-2.932556991715082,2.932556991715082,0.03414145500005361,pixhawk_fused,0.8,0.2,gyro,-1.0,0.041279423981904984,-0.542579174041748,odom,
1838.577208231,turning,-0.0379930693236286,0.03452028760089483,2.0391699091984354,-7.463697798637859,-5.138608164731145,-0.3145843265857935,-0.2582597656488751,-2.8938755989074707,-3.0369171351679647,3.0369171351679647,0.02976661000002423,pixhawk_fused,0.8,0.2,gyro,-1.0,0.04028364270925522,-0.5294905304908752,odom,
1838.677768475,turning,-0.039940629980420125,0.038063812580816134,1.9869672794653663,-7.459812272442411,-5.139727203595394,-0.3667869563188626,-0.31365454336328796,-2.8426170349121094,-3.0883228485473477,3.0883228485473477,0.013178046999883009,pixhawk_fused,0.8,0.2,gyro,-1.0,0.04362098500132561,-0.5733568072319031,odom,
1838.797698935,turning,-0.04207375691463927,0.04258573252849689,1.9732699917235403,-7.455102335767251,-5.141404846896784,-0.3804842440606886,-0.3821644181831961,-2.8426170349121094,-3.0883228485473477,3.0883228485473477,0.13294218700002602,pixhawk_fused,0.8,0.2,gyro,-1.0,0.04201463982462883,-0.5522428750991821,odom,
1838.914132409,turning,-0.044003921839507215,0.04755746995047469,1.8689017182494212,-7.450216720055348,-5.143543647669623,-0.48485251753480774,-0.4552509213716339,-2.7307512760162354,3.0826747559764462,-3.0826747559764462,0.062181041000030746,pixhawk_fused,0.8,0.2,gyro,-1.0,0.049107957631349564,-0.6454778909683228,odom,
1839.014595371,turning,-0.04529816683235307,0.05170014117696902,1.8567399263923183,-7.44636733616173,-5.145548401677447,-0.4970143093919106,-0.5160650137882529,-2.7307512760162354,3.0826747559764462,-3.0826747559764462,0.16224352900007943,pixhawk_fused,0.8,0.2,gyro,-1.0,0.046104155480861664,-0.6059957146644592,odom,
1839.115459196,turning,-0.04631914469967241,0.055805589999606525,1.799525380624814,-7.4427370935665484,-5.147720599767166,-0.554228855159415,-0.5740318540843978,-2.6733181476593018,3.025648250565775,-3.025648250565775,0.08505524199995307,pixhawk_fused,0.8,0.2,gyro,-1.0,0.04385938495397568,-0.5764903426170349,odom,
1839.217516553,turning,-0.047089448242794193,0.05989522258643992,1.7427366602628345,-7.43929488244038,-5.150059326943798,-0.6110175755213945,-0.631051353114186,-2.6171486377716064,2.9689172141411384,-2.9689172141411384,0.07605005100003837,pixhawk_fused,0.8,0.2,gyro,-1.0,0.040981475263834,-0.5386629104614258,odom,
1839.317782454,turning,-0.04760011202646952,0.06379853227394089,1.6876339231041007,-7.436167887085865,-5.152450666331953,-0.6661203126801283,-0.6876698586435359,-2.561769723892212,2.9141933422544084,-2.9141933422544084,0.06457423599999856,pixhawk_fused,0.8,0.2,gyro,-1.0,0.03611406683921814,-0.5424975752830505,odom,
1839.4184717,turning,-0.04772896984167047,0.06600932592269884,1.6181002820397838,-7.43450991617661,-5.15391877578223,-0.7356539537444451,-0.7695380880711765,-2.4960145950317383,2.8477422195532403,-2.8477422195532403,0.08476069700009248,pixhawk_fused,0.8,0.2,gyro,-1.0,0.02322666347026825,-0.9158777594566345,odom,
1839.535128551,turning,-0.047631021480437435,0.06863105879478593,1.5025307732567268,-7.43272064348729,-5.155837520261649,-0.8512234625275021,-0.8755418960071829,-2.374758005142212,2.7297822434165555,-2.7297822434165555,0.08840455700010352,pixhawk_fused,0.8,0.2,gyro,-1.0,0.02829306572675705,-0.8451948165893555,odom,
1839.654693574,turning,-0.047397023771861654,0.07000051257433615,1.4070439953800635,-7.43191499040473,-5.15696936905566,-0.9467102404041654,-1.0017675020091206,-2.2845592498779297,2.641974215433844,-2.641974215433844,0.09417899300001409,pixhawk_fused,0.8,0.2,gyro,-1.0,0.020517291501164436,-0.8764615058898926,odom,
1839.755234727,turning,-0.047099203222577504,0.07114303672978994,1.387341458965715,-7.431315211193352,-5.1579863859793,-0.966412776818514,-1.1006317589198404,-2.2845592498779297,2.641974215433844,-2.641974215433844,0.19472751700004665,pixhawk_fused,0.8,0.2,gyro,-1.0,0.01285997312515974,-0.9126549959182739,odom,
1839.874796523,turning,-0.04662592169529052,0.07233624580057794,1.1303951643720784,-7.430803271500346,-5.1591635270249725,-1.2233590714121505,-1.2194802250353378,-1.9971184730529785,2.3505978786208708,-2.3505978786208708,0.014003635999870312,pixhawk_fused,0.8,0.2,gyro,-1.0,0.017928503453731537,-0.9762778282165527,odom,
1839.975543367,turning,-0.04619235836237392,0.07316140817746167,1.110065018616379,-7.43052419803052,-5.16005290214848,-1.24368921716785,-1.3212037261460032,-1.9971184730529785,2.3505978786208708,-2.3505978786208708,0.11486122399992382,pixhawk_fused,0.8,0.2,gyro,-1.0,0.012548359110951424,-1.0227560997009277,odom,
1840.07723857,turning,-0.0457241524222526,0.07386549681476026,1.0131757761391935,-7.430355381456151,-5.160881430105616,-1.3405784596450354,-1.4265472053718709,-1.9015597105026245,2.255815571294077,-2.255815571294077,0.042370457000060924,pixhawk_fused,0.8,0.2,gyro,-1.0,0.007753887213766575,-1.0531479120254517,odom,
1840.177719296,turning,-0.04537247735910143,0.07427548432454978,0.8264035918908852,-7.43031283418944,-5.161419904653131,-1.5273506438933437,-1.5375586343433763,-1.6943634748458862,2.0501279715159018,-2.0501279715159018,0.03408478799997283,pixhawk_fused,0.8,0.2,gyro,-1.0,0.012829062528908253,-1.0454808473587036,odom,
1840.278457974,turning,-0.04526452575648196,0.07436806555015574,0.8022167088877392,-7.430323356631745,-5.1615617288755,-1.5515375268964897,-1.6586850404974045,-1.6943634748458862,2.0501279715159018,-2.0501279715159018,0.13458699599982538,pixhawk_fused,0.8,0.2,gyro,-1.0,2.3037255232338794e-06,-1.2134714126586914,odom,
1840.39505743,turning,-0.04483184752771844,0.07469795075739077,0.6630173803904369,-7.430394726240421,-5.162101118417998,-1.690736855393792,-1.801848486781411,-1.55730402469635,1.911914141879328,-1.911914141879328,0.049346348999961265,pixhawk_fused,0.8,0.2,gyro,-1.0,0.005120390094816685,-1.2787513732910156,odom,
1840.514859103,turning,-0.04439779415796696,0.07492851794258554,0.4672822230150637,-7.430537465457775,-5.162571425839277,-1.8864720127691652,-1.94884630296321,-1.3471250534057617,1.7040387406208595,-1.7040387406208595,0.0652382769999349,pixhawk_fused,0.8,0.2,gyro,-1.0,0.0,-1.220741868019104,odom,
1840.614896057,turning,-0.043338308860771516,0.0753348372086522,0.35317386681722374,-7.430996792939257,-5.163609030150036,-2.000580368967005,-2.0496471665505527,-1.2306444644927979,1.5866083755352576,-1.5866083755352576,0.05403606699996999,pixhawk_fused,0.8,0.2,gyro,-1.0,0.023250242695212364,-0.7810268402099609,odom,
1840.735909017,turning,-0.04227398387885774,0.07560333343381564,0.3361597761775297,-7.431557227366365,-5.164552847475034,-2.0175944596066993,-2.134951637427516,-1.2306444644927979,1.5866083755352576,-1.5866083755352576,0.17453514399994674,pixhawk_fused,0.8,0.2,gyro,-1.0,0.02049175649881363,-0.5386896729469299,odom,
1840.855697388,turning,-0.04226882211057978,0.07559749782801028,0.17138717974932138,-7.43156500482372,-5.164552389977542,-2.1823670560349075,-2.2022910196717254,-1.038558840751648,1.3975402852752288,-1.3975402852752288,0.03387283999995816,pixhawk_fused,0.8,0.2,gyro,-1.0,0.010265296325087547,-0.33731916546821594,odom,
1840.975546742,turning,-0.04236299099506992,0.07558511110337082,0.15085652466827826,-7.431507360139789,-5.164476902891442,-2.2028977111159507,-2.2212607744585386,-1.0214946269989014,1.37661947219158,-1.37661947219158,0.11199251699986235,pixhawk_fused,0.8,0.2,gyro,-1.0,-0.005044588353484869,-0.06630636751651764,odom,
1841.095109348,turning,-0.04206722958199165,0.07561868042627992,0.12703030705363938,-7.431692189126362,-5.164710226612116,-2.2267239287305896,-2.2484062202113,-0.9997966289520264,1.353622905314811,-1.353622905314811,0.05415044999995189,pixhawk_fused,0.8,0.2,gyro,-1.0,0.010286846198141575,-0.13521090149879456,odom,
1841.21431874,turning,-0.041182561750819406,0.07570774876021419,0.09545406355331076,-7.432253081050961,-5.165400132829323,-2.258300172230918,-2.2659904751753057,-0.9625311493873596,1.3185490450867494,-1.3185490450867494,0.06676519099983125,pixhawk_fused,0.8,0.2,gyro,-1.0,0.005143680144101381,-0.2704353332519531,odom,
1841.314971031,turning,-0.0412320830898574,0.0756971940872395,0.08912259277912415,-7.43222563120147,-5.165357585562611,-2.2646316430051048,-2.2976533841096947,-0.9625311493873596,1.3185490450867494,-1.3185490450867494,0.16738838799983569,pixhawk_fused,0.8,0.2,gyro,-1.0,0.007717448752373457,-0.16906432807445526,odom,
1841.434543544,turning,-0.0410819576285225,0.0757058857573651,0.05133628453737593,-7.43232536565462,-5.165470129945525,-2.302417951246853,-2.301063008316422,-0.9175382256507874,1.2721699724652846,-1.2721699724652846,0.09085708699990391,pixhawk_fused,0.8,0.2,gyro,-1.0,0.0,0.0,odom,
1841.535803332,turning,-0.04132979072360453,0.07569290351161127,0.04725539632155851,-7.432159751562692,-5.165285300958952,-2.3064988394626704,-2.3124874049274817,-0.9164404273033142,1.269924952861764,-1.269924952861764,0.0763312589999714,pixhawk_fused,0.8,0.2,gyro,-1.0,0.0025096226017922163,-0.16493315994739532,odom,
1841.655424754,turning,-0.04078822720107356,0.07570258097463713,0.03645035923967965,-7.432534899505734,-5.165676003816706,-2.3173038765445493,-2.3415598467900636,-0.9077262878417969,1.2636862179086585,-1.2636862179086585,0.015040730999999141,pixhawk_fused,0.8,0.2,gyro,-1.0,0.012895939871668816,-0.16950498521327972,odom,
1841.75641391,turning,-0.04024538073596666,0.0757077262993644,0.03280239542183905,-7.432914164926202,-5.166064419187004,-2.32095184036239,-2.3598066011814023,-0.9077262878417969,1.2636862179086585,-1.2636862179086585,0.11574993599992922,pixhawk_fused,0.8,0.2,gyro,-1.0,0.0,-0.20287717878818512,odom,
1841.858877734,turning,-0.04034049406542743,0.07570601739729595,-0.01555433176702703,-7.432848285287423,-5.165995794563276,-2.369308567551256,-2.3841610101011694,-0.8517646789550781,1.2093310744510075,-1.2093310744510075,0.03610582500004966,pixhawk_fused,0.8,0.2,gyro,-1.0,0.007892243564128876,-0.10373611003160477,odom,
1841.978755695,turning,-0.04019460645233258,0.07570145588665467,-0.024164539097428328,-7.432954424705455,-5.166095986513919,-2.3779187748816573,-2.3861617508900848,-0.8389863967895508,1.199068606589832,-1.199068606589832,0.04404442000009112,pixhawk_fused,0.8,0.2,gyro,-1.0,0.0,0.0,odom,
,navigating,-0.04019460645233258,0.07570145588665467,-0.024164539097428328,,,,,,,,,True,0.8,0.2,gyro,-1.0,,,mission_status,correcting final position at waypoint 4/4
1842.097449052,navigating,-0.04019460645233258,0.07570145588665467,-0.030565342721017075,-7.432954424705455,-5.166095986513919,-2.384319578505246,-2.3861617508900848,-0.8335220217704773,1.1910676236943385,-1.1910676236943385,0.04743710099978671,pixhawk_fused,0.8,0.2,gyro,-1.0,0.0,0.0,odom,
1842.197517277,navigating,-0.04019460645233258,0.07570145588665467,-0.030451709370303615,-7.432954424705455,-5.166095986513919,-2.3842059451545325,-2.3861617508900848,-0.8334585428237915,1.1912096653346946,-1.1912096653346946,0.03143585299994811,pixhawk_fused,0.8,0.2,gyro,-1.0,0.0,0.0,odom,
1842.297891491,navigating,-0.04019460645233258,0.07570145588665467,-0.030451709370303615,-7.432954424705455,-5.166095986513919,-2.3842059451545325,-2.3861617508900848,-0.8334585428237915,1.1912096653346946,-1.1912096653346946,0.13206416599996373,pixhawk_fused,0.8,0.2,gyro,-1.0,0.0,0.0,odom,
1842.397915123,navigating,-0.04019460645233258,0.07570145588665467,-0.030609702503906266,-7.432954424705455,-5.166095986513919,-2.384363938288135,-2.3861617508900848,-0.8332579731941223,1.191012173982947,-1.191012173982947,0.045176152999829355,pixhawk_fused,0.8,0.2,gyro,-1.0,0.0,0.0,odom,
1842.517870586,navigating,-0.04019460645233258,0.07570145588665467,-0.030609702503906266,-7.432954424705455,-5.166095986513919,-2.384363938288135,-2.3861617508900848,-0.8332579731941223,1.191012173982947,-1.191012173982947,0.16433313199991062,pixhawk_fused,0.8,0.2,gyro,-1.0,0.0,0.0,odom,
1842.620169924,navigating,-0.04019460645233258,0.07570145588665467,-0.030666181851593866,-7.432954424705455,-5.166095986513919,-2.384420417635823,-2.3861617508900848,-0.8331621885299683,1.1909415748190644,-1.1909415748190644,0.08641812999985632,pixhawk_fused,0.8,0.2,gyro,-1.0,0.0,0.0,odom,
1842.73727442,navigating,-0.04019460645233258,0.07570145588665467,-0.030738707704166313,-7.432954424705455,-5.166095986513919,-2.3844929434883952,-2.3861617508900848,-0.8330640196800232,1.1908509175280617,-1.1908509175280617,0.09129030899998725,pixhawk_fused,0.8,0.2,gyro,-1.0,0.0,0.0,odom,
1842.854478476,navigating,-0.04019460645233258,0.07570145588665467,-0.03091284783759729,-7.432954424705455,-5.166095986513919,-2.3846670836218262,-2.3861617508900848,-0.8327997326850891,1.1906332424123813,-1.1906332424123813,0.014037098000017068,pixhawk_fused,0.8,0.2,gyro,-1.0,0.0,0.0,odom,
1842.954907345,navigating,-0.04019460645233258,0.07570145588665467,-0.031022740980532593,-7.432954424705455,-5.166095986513919,-2.3847769767647615,-2.3861617508900848,-0.8326568007469177,1.1904958760104183,-1.1904958760104183,0.012797696000006908,pixhawk_fused,0.8,0.2,gyro,-1.0,0.0,0.0,odom,
1843.055619092,navigating,-0.04019460645233258,0.07570145588665467,-0.031022740980532593,-7.432954424705455,-5.166095986513919,-2.3847769767647615,-2.3861617508900848,-0.8326568007469177,1.1904958760104183,-1.1904958760104183,0.11314039700005196,pixhawk_fused,0.8,0.2,gyro,-1.0,0.0,0.0,odom,
1843.155908625,navigating,-0.04004645513835178,0.07569656535145458,-0.03150521001359152,-7.433062394113453,-5.166197550957035,-2.3852594457978205,-2.3881926395027504,-0.8325571417808533,1.1904005109902047,-1.1904005109902047,0.09352313900012632,pixhawk_fused,0.8,0.2,gyro,-1.0,0.0025656844954937696,-0.033723507076501846,odom,
1843.274435733,navigating,-0.038362491861232625,0.07562257992745382,-0.03666511650576432,-7.434302669812953,-5.167339007198368,-2.3904193522899932,-2.411287353842081,-0.8314350843429565,1.1897239524700254,-1.1897239524700254,0.03395986400005313,pixhawk_fused,0.8,0.2,gyro,-1.0,0.020998744294047356,-0.2760087251663208,odom,
1843.375712254,navigating,-0.03541787358964732,0.075405118943288,-0.06163216882775169,-7.436533885079078,-5.169272849095008,-2.4153864046119806,-2.451741712593539,-0.8113316893577576,1.1686272047885269,-1.1686272047885269,0.09316448100003072,pixhawk_fused,0.8,0.2,gyro,-1.0,0.036117684096097946,-0.4747329652309418,odom,
1843.476219366,navigating,-0.031402796358902946,0.07492074581907296,-0.09249235011459866,-7.439709375167693,-5.171777190363568,-2.4462465858988276,-2.50715087304564,-0.7835953235626221,1.1438973211773247,-1.1438973211773247,0.04514911100000063,pixhawk_fused,0.8,0.2,gyro,-1.0,0.04797874018549919,-0.6306353807449341,odom,
1843.577968214,navigating,-0.02640371182631262,0.07400533324401892,-0.14258761353380045,-7.443884497275271,-5.174674979474832,-2.4963418493180294,-2.5767872195863246,-0.7377077341079712,1.0986758195885034,-1.0986758195885034,0.0312506459999895,pixhawk_fused,0.8,0.2,gyro,-1.0,0.05789923667907715,-0.7610309720039368,odom,
1843.697417582,navigating,-0.019995458834561646,0.07229455260621045,-0.2676488843225884,-7.449617398341462,-5.178010593685477,-2.6214031201068173,-2.6676790842091096,-0.6037290692329407,0.965088659418425,-0.965088659418425,0.043343712000023515,pixhawk_fused,0.8,0.2,gyro,-1.0,0.05760256573557854,-0.7571315169334412,odom,
1843.797964313,navigating,-0.014561541371358778,0.07033834818465393,-0.2834397078518891,-7.454836987222171,-5.18048245263214,-2.637193943636118,-2.7468235391337092,-0.6037290692329407,0.965088659418425,-0.965088659418425,0.14366665900001863,pixhawk_fused,0.8,0.2,gyro,-1.0,0.06175193563103676,-0.8116710782051086,odom,
1843.918596396,navigating,-0.008311110602196366,0.06745332220662194,-0.39866935694442907,-7.461290904334992,-5.182877909497719,-2.752423592728658,-2.8411722468720124,-0.48358428478240967,0.8446629296668381,-0.8446629296668381,0.07243239900003573,pixhawk_fused,0.8,0.2,gyro,-1.0,0.06198440119624138,-0.8147265911102295,odom,
1844.037914113,navigating,-0.0015476991754921413,0.06347037758601276,-0.505204941834918,-7.468884905196671,-5.1848625336159175,-2.858959177619147,-2.9487516793194284,-0.37608614563941956,0.7383873320945115,-0.7383873320945115,0.08585341999992124,pixhawk_fused,0.8,0.2,gyro,-1.0,0.07046879082918167,-0.926245927810669,odom,
1844.138169484,navigating,0.003964274353346325,0.05943096269861553,-0.5921840267973217,-7.475636195678977,-5.185920267816303,-2.9459382625815507,-3.04239797041261,-0.2899594008922577,0.6530682720073074,-0.6530682720073074,0.07124485100007405,pixhawk_fused,0.8,0.2,gyro,-1.0,0.07613209635019302,-1.0006847381591797,odom,
1844.254918526,navigating,0.010356047520984821,0.05361823540552487,-0.6876683614530643,-7.484265055866466,-5.186350772955819,-3.0414225972372932,3.121008934558018,-0.19995377957820892,0.5636237479575485,-0.5636237479575485,0.011432840999987093,pixhawk_fused,0.8,0.2,gyro,-1.0,0.06978850066661835,-0.9852526187896729,odom,
1844.355368606,navigating,0.01567893672811495,0.04752472999177114,-0.8037186448554543,-7.4923389715967454,-5.185825565835559,3.125712426539903,3.0101147401713924,-0.08354590088129044,0.44629287768681947,-0.44629287768681947,0.06709428399994977,pixhawk_fused,0.8,0.2,gyro,-1.0,0.08153235167264938,-1.0716660022735596,odom,
1844.455781407,navigating,0.02053725788379195,0.040494530173755275,-0.8921901740223834,-7.5007491479832895,-5.184310334143657,3.037240897372974,2.8929813633878823,2.1305346308508888e-05,0.36492991484483184,-0.36492991484483184,0.01570876200003113,pixhawk_fused,0.8,0.2,gyro,-1.0,0.10005170851945877,-1.315085530281067,odom,
1844.559591534,navigating,0.024799017863191847,0.032393058322982615,-1.098113701273677,-7.509497872513555,-5.181616588913609,2.8313173701216807,2.7674961522391066,0.22731710970401764,0.13900387324174346,-0.13900387324174346,0.012606426000047577,pixhawk_fused,0.8,0.2,gyro,-1.0,0.0941467136144638,-1.2374699115753174,odom,
1844.677655429,navigating,0.028848425244175427,0.020921552522340063,-1.2379582822144837,-7.520485589767302,-5.176395170042934,2.6914727891808736,2.5953513251861393,0.35903212428092957,0.007209823025068646,-0.007209823025068646,0.013645963000044503,pixhawk_fused,0.8,0.2,gyro,-1.0,0.10319148749113083,-1.6210097074508667,odom,
1844.777969512,navigating,0.030250857178473187,0.011930314671347452,-1.2774032688556414,-7.527848096898274,-5.171047024367108,2.6520278025397164,2.395635455343124,0.35903212428092957,0.007209823025068646,-0.007209823025068646,0.11373028100001648,pixhawk_fused,0.8,0.2,gyro,-1.0,0.10319148749113083,-1.8856643438339233,odom,
1844.895225769,navigating,0.0298028141474145,0.0018572776395646626,-1.6301397088501588,-7.534672129481732,-5.163624127567256,2.2992913625451985,2.2190869434454705,0.7141773104667664,-0.38893633137861794,0.38893633137861794,0.04287693800006309,pixhawk_fused,0.8,0.2,gyro,-1.0,0.07889419794082642,-1.0369899272918701,odom,
1845.015363225,navigating,0.028784116905652364,-0.003973274744690463,-1.6462816119673427,-7.538086433260918,-5.158789294076912,2.2831494594280146,2.137980235248718,0.7141773104667664,-0.38893633137861794,0.38893633137861794,0.1633905329999834,pixhawk_fused,0.8,0.2,gyro,-1.0,0.040987592190504074,-0.5387433171272278,odom,
1845.135505663,navigating,0.028554575252942763,-0.004974919282119067,-1.7314105074212254,-7.538634515255755,-5.157920048843031,2.198020563974132,2.1239069964775386,0.8102635741233826,-0.49172559212366646,0.49172559212366646,0.10546398700012105,pixhawk_fused,0.8,0.2,gyro,-1.0,0.0,0.0,odom,
1845.235544406,navigating,0.028554575252942763,-0.004974919282119067,-1.773426092741957,-7.538634515255755,-5.157920048843031,2.1560049786534004,2.1239069964775386,0.8630714416503906,-0.5442304653994233,0.5442304653994233,0.09381501600000774,pixhawk_fused,0.8,0.2,gyro,-1.0,0.0,0.0,odom,
1845.33581408,navigating,0.028554575252942763,-0.004974919282119067,-1.7785395877068746,-7.538634515255755,-5.157920048843031,2.1508914836884827,2.1239069964775386,0.8678845167160034,-0.550621809871258,0.550621809871258,0.0028554780001286417,pixhawk_fused,0.8,0.2,gyro,-1.0,0.0,0.0,odom,
1845.438468072,navigating,0.028554575252942763,-0.004974919282119067,-1.7785395877068746,-7.538634515255755,-5.157920048843031,2.1508914836884827,2.1239069964775386,0.8678845167160034,-0.550621809871258,0.550621809871258,0.10526753800013466,pixhawk_fused,0.8,0.2,gyro,-1.0,0.0,0.0,odom,
1845.559122819,navigating,0.028554575252942763,-0.004974919282119067,-1.778635754084804,-7.538634515255755,-5.157920048843031,2.1507953173105534,2.1239069964775386,0.8673087954521179,-0.5507420096670704,0.5507420096670704,0.002859422000028644,pixhawk_fused,0.8,0.2,gyro,-1.0,0.0,0.0,odom,
1845.677439256,navigating,0.028554575252942763,-0.004974919282119067,-1.778635754084804,-7.538634515255755,-5.157920048843031,2.1507953173105534,2.1239069964775386,0.8673087954521179,-0.5507420096670704,0.5507420096670704,0.12178172700009782,pixhawk_fused,0.8,0.2,gyro,-1.0,0.0,0.0,odom,
1845.795955226,navigating,0.028554575252942763,-0.004974919282119067,-1.7786945813656567,-7.538634515255755,-5.157920048843031,2.1507364900297006,2.1239069964775386,0.8675612211227417,-0.5508155387950556,0.5508155387950556,0.03475779599989437,pixhawk_fused,0.8,0.2,gyro,-1.0,0.0,0.0,odom,
1845.916183848,navigating,0.028554575252942763,-0.004974919282119067,-1.77878939960258,-7.538634515255755,-5.157920048843031,2.150641671792777,2.1239069964775386,0.8681391477584839,-0.5509340536213441,0.5509340536213441,0.053824975999987146,pixhawk_fused,0.8,0.2,gyro,-1.0,0.0,0.0,odom,
1846.038756175,navigating,0.028554575252942763,-0.004974919282119067,-1.7788692539710906,-7.538634515255755,-5.157920048843031,2.1505618174242667,2.1239069964775386,0.8684102296829224,-0.5510338649135975,0.5510338649135975,0.003164316000038525,pixhawk_fused,0.8,0.2,gyro,-1.0,0.0,0.0,odom,
1846.159466198,navigating,0.028554575252942763,-0.004974919282119067,-1.7788886754771704,-7.538634515255755,-5.157920048843031,2.150542395918187,2.1239069964775386,0.8686156272888184,-0.5510581401803957,0.5510581401803957,0.015012434000027497,pixhawk_fused,0.8,0.2,gyro,-1.0,0.0,0.0,odom,
1846.259607135,navigating,0.028566015328135342,-0.004926745618136509,-1.778752816136417,-7.538608437898738,-5.15796213861225,2.1506782552589403,2.124586470292431,0.8686156272888184,-0.5510581401803957,0.5510581401803957,0.11517850099994575,pixhawk_fused,0.8,0.2,gyro,-1.0,0.0,0.0,odom,
1846.376201856,navigating,0.028566015328135342,-0.004926745618136509,-1.7783463205845136,-7.538608437898738,-5.15796213861225,2.1510847508108437,2.124586470292431,0.8682534694671631,-0.550550053677378,0.550550053677378,0.031826985999941826,pixhawk_fused,0.8,0.2,gyro,-1.0,0.0,0.0,odom,
1846.495066353,navigating,0.028566015328135342,-0.004926745618136509,-1.7782616185697027,-7.538608437898738,-5.15796213861225,2.1511694528256546,2.124586470292431,0.8682257533073425,-0.5504441831506283,0.5504441831506283,0.04348315300012473,pixhawk_fused,0.8,0.2,gyro,-1.0,0.0,0.0,odom,
1846.595903547,navigating,0.028566015328135342,-0.004926745618136509,-1.7782616185697027,-7.538608437898738,-5.15796213861225,2.1511694528256546,2.124586470292431,0.8682257533073425,-0.5504441831506283,0.5504441831506283,0.14435847800018564,pixhawk_fused,0.8,0.2,gyro,-1.0,0.0,0.0,odom,
1846.696861909,navigating,0.028566015328135342,-0.004926745618136509,-1.7782405976911795,-7.538608437898738,-5.15796213861225,2.151190473704178,2.124586470292431,0.8682398200035095,-0.5504179087945685,0.5504179087945685,0.06713518199990176,pixhawk_fused,0.8,0.2,gyro,-1.0,0.0,0.0,odom,
1846.816730169,navigating,0.028577453824487578,-0.004879218951385345,-1.7781129843372119,-7.538582818039213,-5.158003770883978,2.1513180870581454,2.125259770883448,0.8682535290718079,-0.5504266729125247,0.5504266729125247,0.07461858499982554,pixhawk_fused,0.8,0.2,gyro,-1.0,-0.0025608320720493793,0.03365972638130188,odom,
1846.935594071,navigating,0.028577453824487578,-0.004879218951385345,-1.777939781409355,-7.538582818039213,-5.158003770883978,2.1514912899860024,2.125259770883448,0.8680871725082397,-0.5502101831267081,0.5502101831267081,0.07110035499999867,pixhawk_fused,0.8,0.2,gyro,-1.0,0.0,0.0,odom,
1847.055661299,navigating,0.02854378533266227,-0.0050218005304804424,-1.7774551465413841,-7.538660135115279,-5.157879331566286,2.151975924853973,2.127272356827345,0.8679736256599426,-0.5501074198601726,0.5501074198601726,0.012912544000073467,pixhawk_fused,0.8,0.2,gyro,-1.0,0.0025660682003945112,0.033728551119565964,odom,
1847.155833262,navigating,0.02853300014890472,-0.005066740787149518,-1.7755078731921676,-7.538684382482329,-5.157839986782015,2.1539231982031897,2.1360037921586637,0.8670012354850769,-0.5498558228822384,0.5498558228822384,0.0053409770000598655,pixhawk_fused,0.8,0.2,gyro,-1.0,-0.0027229085098952055,0.17895033955574036,odom,
1847.256448477,navigating,0.02854573579740107,-0.00501792328361815,-1.7694192474791688,-7.538658762622805,-5.15788344904371,2.1600118239161885,2.1664478614376455,0.8670012354850769,-0.5498558228822384,0.5498558228822384,0.10536921500010976,pixhawk_fused,0.8,0.2,gyro,-1.0,0.0,0.26986879110336304,odom,
1847.375975877,navigating,0.028308503102670208,-0.006387369168963463,-1.7185252634740822,-7.539462128217907,-5.156749312762241,2.210905807921275,2.207206107093529,0.813929557800293,-0.49642791668194874,0.49642791668194874,0.029754550999996354,pixhawk_fused,0.8,0.2,gyro,-1.0,0.021053249016404152,0.4150965213775635,odom,
1847.477964661,navigating,0.027986621400442644,-0.008773047191195975,-1.6787871185645704,-7.540926120190759,-5.154838345740177,2.250643952830787,2.246908973117124,0.7753368616104126,-0.45668095210808857,0.45668095210808857,0.013070751999975982,pixhawk_fused,0.8,0.2,gyro,-1.0,0.030794354155659676,0.40476280450820923,odom,
1847.578099383,navigating,0.027700048219236037,-0.01193488917520857,-1.6684586688063305,-7.542965186510448,-5.152404916582801,2.2609724025890268,2.2985595271032913,0.7753368616104126,-0.45668095210808857,0.45668095210808857,0.11302732199987986,pixhawk_fused,0.8,0.2,gyro,-1.0,0.03378700837492943,0.5181148052215576,odom,
1847.697297883,navigating,0.02754950797132711,-0.01622316850093327,-1.6200834486466311,-7.54589866042605,-5.149273346253373,2.309347622748726,2.3600564474619437,0.7290744185447693,-0.4115831381143962,0.4115831381143962,0.05145268799992664,pixhawk_fused,0.8,0.2,gyro,-1.0,0.03328852355480194,0.5048792362213135,odom,
1847.815872223,navigating,0.02766399916579647,-0.019813980402831798,-1.5635910352742126,-7.5485246960273535,-5.146821617196337,2.3658400361211447,2.4443295784150942,0.6801340579986572,-0.36202211142200574,0.36202211142200574,0.04945371200005866,pixhawk_fused,0.8,0.2,gyro,-1.0,0.025657229125499725,0.8094162344932556,odom,
1847.917760141,navigating,0.027870412046430093,-0.02152936047598101,-1.4622549060508998,-7.549886208562106,-5.145757935528562,2.467176165344457,2.5342806010905896,0.5818467140197754,-0.25784678900856123,0.25784678900856123,0.08719206199998553,pixhawk_fused,0.8,0.2,gyro,-1.0,0.015398713760077953,0.8770735263824463,odom,
1848.018221341,navigating,0.02819400974226318,-0.02308036473467213,-1.4218969766047227,-7.551213866282486,-5.144893265269595,2.5075340947906346,2.6198430664539942,0.5500710010528564,-0.2287464758219157,0.2287464758219157,0.07240535100004308,pixhawk_fused,0.8,0.2,gyro,-1.0,0.013137618079781532,0.8634082078933716,odom,
1848.119093365,navigating,0.02861704640525788,-0.02444786334246624,-1.2647139135604473,-7.552481591831478,-5.144228521414423,2.66471715783491,2.719399532505981,0.37796393036842346,-0.0572056970061694,0.0572056970061694,0.06638826799985509,pixhawk_fused,0.8,0.2,gyro,-1.0,0.015512322075664997,1.0875799655914307,odom,
1848.237822893,navigating,0.02901942306634622,-0.02539961333825628,-1.1646752941400749,-7.553440049076205,-5.143842393531583,2.764755777255282,2.834987440952262,0.27911657094955444,0.03895274394136326,-0.03895274394136326,0.007249906999959421,pixhawk_fused,0.8,0.2,gyro,-1.0,-0.007891840301454067,0.7952696084976196,odom,
1848.338966609,navigating,0.02960697418374093,-0.02642977883830605,-1.0513611338581628,-7.554584707799979,-5.143532210232335,2.8780699375371945,2.9442830835511007,0.16658860445022583,0.15326934158187763,-0.15326934158187763,0.06344453399992744,pixhawk_fused,0.8,0.2,gyro,-1.0,0.01033566053956747,1.0866055488586426,odom,
1848.458453728,navigating,0.03022378638309904,-0.027267532920596634,-0.9632056781766547,-7.5556136196583985,-5.143378491075185,2.966225393218703,3.0616365180570315,0.08207636326551437,0.2341478853164281,-0.2341478853164281,0.10318215200004488,pixhawk_fused,0.8,0.2,gyro,-1.0,0.002560577355325222,0.976034939289093,odom,
1848.55896893,navigating,0.0307232296980041,-0.027814820606365004,-0.8663589401295937,-7.556353850599672,-5.1433464662507795,3.063072131265764,-3.1207580573983544,-0.011196105740964413,0.33001300715785875,-0.33001300715785875,0.025864594999802648,pixhawk_fused,0.8,0.2,gyro,-1.0,0.005229409318417311,1.0310354232788086,odom,
1848.675591602,navigating,0.03148698384865967,-0.028490212492574198,-0.6841430133327702,-7.557371325020804,-5.143411430894575,-3.037897249116999,-2.992162470208438,-0.2091394066810608,0.5255994521318044,-0.5255994521318044,0.029431371000100626,pixhawk_fused,0.8,0.2,gyro,-1.0,-0.0025677334051579237,1.0454556941986084,odom,
1848.775665079,navigating,0.031897154504002705,-0.02876683587694508,-0.6620310222017576,-7.557856729859303,-5.143507047870301,-3.0157852579859865,-2.8812370252770143,-0.2091394066810608,0.5255994521318044,-0.5255994521318044,0.12966596299997946,pixhawk_fused,0.8,0.2,gyro,-1.0,0.002566451206803322,1.1132087707519531,odom,
1848.895075955,navigating,0.03202442349756586,-0.02884478657632184,-0.5014257623789966,-7.5580017565641135,-5.143542275177148,-2.8551799981632255,-2.755586348162893,-0.3786070942878723,0.6948868285356129,-0.6948868285356129,0.05287967300000673,pixhawk_fused,0.8,0.2,gyro,-1.0,-0.007754665333777666,0.9853019714355469,odom,
1848.995227674,navigating,0.03160878477879503,-0.028687845048933253,-0.37482319988453927,-7.557597328781613,-5.143358361185559,-2.728577435668768,-2.67105290101642,-0.5144529938697815,0.8319755251346195,-0.8319755251346195,0.05076336600018294,pixhawk_fused,0.8,0.2,gyro,-1.0,-0.005172635894268751,0.7478837370872498,odom,
1849.095587602,navigating,0.03136825653532852,-0.028623851991464628,-0.29812185699808236,-7.5573823049606,-5.143233006872883,-2.6518760927823113,-2.5949918820301145,-0.5898929834365845,0.9088367034731472,-0.9088367034731472,0.03233011699990129,pixhawk_fused,0.8,0.2,gyro,-1.0,-0.007739116437733173,0.7120637893676758,odom,
1849.19804254,navigating,0.030836381557214645,-0.028507711386281005,-0.2853078659927646,-7.556924807469084,-5.142937920990855,-2.6390621017769935,-2.53075220724003,-0.5898929834365845,0.9088367034731472,-0.9088367034731472,0.13419820900003288,pixhawk_fused,0.8,0.2,gyro,-1.0,-0.0051320078782737255,0.5395373702049255,odom,
1849.318297028,navigating,0.030249769791192174,-0.028418287754115923,-0.16658952986541165,-7.556447637585433,-5.142585190424896,-2.5203437656496406,-2.473732917770152,-0.7239007353782654,1.0429341372190082,-1.0429341372190082,0.033695388999831266,pixhawk_fused,0.8,0.2,gyro,-1.0,-0.0052518295124173164,0.4141821563243866,odom,
1849.418703975,navigating,0.029423772207430785,-0.028326985956326604,-0.16049652966776673,-7.555800278634937,-5.142064100782059,-2.5142507654519957,-2.443227766972802,-0.7239007353782654,1.0429341372190082,-1.0429341372190082,0.13417750500002512,pixhawk_fused,0.8,0.2,gyro,-1.0,-0.002630210015922785,0.31121543049812317,odom,
1849.534813684,navigating,0.028879408505649733,-0.02829104300979207,-0.1279740227605326,-7.5553908183800305,-5.141703592758744,-2.4817282585447615,-2.4115676501027106,-0.755881130695343,1.0756717381117904,-1.0756717381117904,0.10269227699996009,pixhawk_fused,0.8,0.2,gyro,-1.0,-0.007716677151620388,0.16904740035533905,odom,
1849.635657475,navigating,0.02848543929380458,-0.028268730587017035,-0.08361214406165862,-7.555097104990477,-5.141440074203631,-2.4373663798458876,-2.4034547648101015,-0.808485746383667,1.1290838990746104,-1.1290838990746104,0.09470194799996534,pixhawk_fused,0.8,0.2,gyro,-1.0,0.0,0.06794162839651108,odom,
1849.754997819,navigating,0.02828812724216417,-0.028259191079286573,-0.075618887876431,-7.554951163290683,-5.1413069424336,-2.42937312366066,-2.3939547292924983,-0.815911591053009,1.1367006726352535,-1.1367006726352535,0.09263659999987794,pixhawk_fused,0.8,0.2,gyro,-1.0,0.005145737435668707,0.13527174293994904,odom,
1849.856067697,navigating,0.02813965164014625,-0.02825462325328137,-0.05145854310257736,-7.554843193882685,-5.141204920492991,-2.4052127788868063,-2.3716194549598146,-0.8415286540985107,1.161317030319389,-1.161317030319389,0.009596416000022145,pixhawk_fused,0.8,0.2,gyro,-1.0,-0.005168220493942499,0.33965691924095154,odom,
1849.975325106,navigating,0.027057880164342768,-0.028248748445011355,-0.02836221948772133,-7.5540759705894125,-5.140442272174633,-2.3821164552719503,-2.348706757481131,-0.8637557029724121,1.1844592363176905,-1.1844592363176905,0.02269472299985864,pixhawk_fused,0.8,0.2,gyro,-1.0,-0.0077178338542580605,0.10144366323947906,odom,
1850.075902195,navigating,0.026809752779203465,-0.02824976045257299,-0.027682022135323336,-7.553901664045145,-5.140265678142908,-2.3814362579195523,-2.345304227185561,-0.8637557029724121,1.1844592363176905,-1.1844592363176905,0.12292128599983698,pixhawk_fused,0.8,0.2,gyro,-1.0,0.0,0.0,odom,
1850.195605391,navigating,0.02685892614759028,-0.028249233447256595,-0.02057368991584063,-7.553935976357009,-5.140300905449755,-2.3743279257000696,-2.3459803407116437,-0.8715512156486511,1.1935127272171937,-1.1935127272171937,0.06642364999993333,pixhawk_fused,0.8,0.2,gyro,-1.0,0.0,0.0,odom,
,reached,0.02685892614759028,-0.028249233447256595,-0.02057368991584063,,,,,,,,,True,0.8,0.2,gyro,-1.0,,,mission_status,reached waypoint 4/4
1850.297602697,reached,0.02685892614759028,-0.028249233447256595,-0.02117824687200809,-7.553935976357009,-5.140300905449755,-2.374932482656237,-2.3459803407116437,-0.8710702061653137,1.1927570891742632,-1.1927570891742632,0.00905649700007416,pixhawk_fused,0.8,0.2,gyro,-1.0,0.0,0.0,odom,
1850.398069524,reached,0.02685892614759028,-0.028249233447256595,-0.02117824687200809,-7.553935976357009,-5.140300905449755,-2.374932482656237,-2.3459803407116437,-0.8710702061653137,1.1927570891742632,-1.1927570891742632,0.10935102400003416,pixhawk_fused,0.8,0.2,gyro,-1.0,0.0,0.0,odom,
,done,0.02685892614759028,-0.028249233447256595,-0.02117824687200809,,,,,,,,,True,0.8,0.2,gyro,-1.0,,,mission_status,mission complete
