t_bridge,mission_state,x_m,y_m,yaw_rad,raw_x_m,raw_y_m,raw_yaw_rad,encoder_yaw_rad,pixhawk_yaw_rad,pixhawk_yaw_ros_rad,pixhawk_gyro_yaw_rad,pixhawk_age_s,yaw_source,pixhawk_weight,encoder_weight,pixhawk_yaw_mode,pixhawk_yaw_sign,linear_x_mps,angular_z_radps,event_type,event_message
,navigating,0.0,-0.0,-1.4440016448791226e-05,,,,,,,,,True,0.8,0.2,gyro,-1.0,,,mission_status,going to waypoint 1/3
7480.644441702,navigating,0.0,-0.0,1.5161029994548159e-05,1.5441324323012846,-3.2196030365136634,1.7081083743374654,1.739572326887648,0.5014336109161377,2.849958160670015,-2.849958160670015,0.002618225999867718,pixhawk_fused,0.8,0.2,gyro,-1.0,0.0,0.0,odom,
7480.744573155,navigating,0.0,-0.0,2.0063124597236026e-05,1.5441324323012846,-3.2196030365136634,1.7081132764320681,1.739572326887648,0.5014199018478394,2.8499642882882683,-2.8499642882882683,0.056392018999758875,pixhawk_fused,0.8,0.2,gyro,-1.0,0.0,0.0,odom,
7480.86592455,navigating,0.0,-0.0,1.0454975813534162e-05,1.5441324323012846,-3.2196030365136634,1.7081036682832844,1.739572326887648,0.5014455318450928,2.849952278102289,-2.849952278102289,0.002599354999802017,pixhawk_fused,0.8,0.2,gyro,-1.0,0.0,0.0,odom,
7480.966592984,navigating,0.0,-0.0,1.0454975813534162e-05,1.5441324323012846,-3.2196030365136634,1.7081036682832844,1.739572326887648,0.5014455318450928,2.849952278102289,-2.849952278102289,0.10301263200017274,pixhawk_fused,0.8,0.2,gyro,-1.0,0.0,0.0,odom,
7481.083897313,navigating,0.0,-0.0,1.7167411741070282e-06,1.5441324323012846,-3.2196030365136634,1.708094930048645,1.739572326887648,0.5014433860778809,2.8499413553089896,-2.8499413553089896,0.1086669209998945,pixhawk_fused,0.8,0.2,gyro,-1.0,0.0,0.0,odom,
7481.184506678,navigating,0.0,-0.0,6.9527707988736864e-06,1.5441324323012846,-3.2196030365136634,1.7081001660782698,1.739572326887648,0.501435399055481,2.8499479003460206,-2.8499479003460206,0.010166191000280378,pixhawk_fused,0.8,0.2,gyro,-1.0,0.0,0.0,odom,
7481.284749077,navigating,0.0,-0.0,1.5228471159423052e-05,1.5441324323012846,-3.2196030365136634,1.7081084417786303,1.739572326887648,0.501420259475708,2.849958244971471,-2.849958244971471,0.003719262000231538,pixhawk_fused,0.8,0.2,gyro,-1.0,0.0,0.0,odom,
7481.405832839,navigating,4.490187200932013e-05,1.353522802972466e-06,0.0001503615767814992,1.5441249459786963,-3.2195587424383483,1.7082435748842524,1.7402479924384087,0.501420259475708,2.849958244971471,-2.849958244971471,0.12433409599998413,pixhawk_fused,0.8,0.2,gyro,-1.0,0.0025708116590976715,0.03379089757800102,odom,
7481.524392483,navigating,0.0007185018087521747,2.521522842208281e-05,0.002210091071737752,1.5440091159319804,-3.218894747215434,1.7103033043792086,1.750404703033319,0.5013716816902161,2.849993754225323,-2.849993754225323,0.06581649799954903,pixhawk_fused,0.8,0.2,gyro,-1.0,0.01802179589867592,0.23687954246997833,odom,
7481.64521431,navigating,0.003674623089408962,0.0002053150921521148,0.05431658804412409,1.543426118560405,-3.2159910938181424,1.762409801351595,1.7950375612660348,0.4562993049621582,2.90396863590228,-2.90396863590228,0.002811774999827321,pixhawk_fused,0.8,0.2,gyro,-1.0,0.028195815160870552,0.3706074357032776,odom,
7481.745229439,navigating,0.006886914791052826,0.0005484037106851284,0.07654532755145982,1.542646605220883,-3.212855988280824,1.7846385408589307,1.8437255003972775,0.4408109188079834,2.9195833974038305,-2.9195833974038305,0.0514740789994903,pixhawk_fused,0.8,0.2,gyro,-1.0,0.03844118118286133,0.505273163318634,odom,
7481.867793577,navigating,0.01145014235255576,0.0013065999943469705,0.09047181141026561,1.5412709934452555,-3.20843947386045,1.7985650247177365,1.9134452613450883,0.4408109188079834,2.9195833974038305,-2.9195833974038305,0.1723603849995925,pixhawk_fused,0.8,0.2,gyro,-1.0,0.04647896811366081,0.6109222769737244,odom,
7481.98381216,navigating,0.01624771538761353,0.002461827283377516,0.23539970821795642,1.5394700129792205,-3.2038451592786004,1.9434929215254273,1.987825147587638,0.27666527032852173,3.082125722423667,-3.082125722423667,0.004718209000202478,pixhawk_fused,0.8,0.2,gyro,-1.0,0.04967745393514633,0.6529633402824402,odom,
7482.08509393,navigating,0.02051567857769291,0.003813352036626938,0.24888571966708062,1.5375470678410155,-3.1998023371274327,1.9569789329745515,2.0553015341444145,0.27666527032852173,3.082125722423667,-3.082125722423667,0.1055811239994,pixhawk_fused,0.8,0.2,gyro,-1.0,0.04818340018391609,0.633325457572937,odom,
7482.204367295,navigating,0.025318527632369164,0.005729997319877124,0.366090048396565,1.534991112537276,-3.1953070083664747,2.074183261704036,2.133251067551167,0.15038660168647766,-3.07405240221741,3.07405240221741,0.02914332300042588,pixhawk_fused,0.8,0.2,gyro,-1.0,0.05171596258878708,0.6797576546669006,odom,
7482.305725623,navigating,0.029694291062196242,0.007867821471253065,0.4359828412546929,1.5322745132279927,-3.191265018028928,2.1440760545621638,2.2066557744793185,0.08053721487522125,-3.0050372330737334,3.0050372330737334,0.015568654999697173,pixhawk_fused,0.8,0.2,gyro,-1.0,0.056445058435201645,0.7419171333312988,odom,
7482.424490416,navigating,0.03480325552095032,0.010901504456900343,0.45413805005921515,1.5285701352438448,-3.1866193389559854,2.162231263366686,2.2976022893957424,0.08053721487522125,-3.0050372330737334,3.0050372330737334,0.13489318800020555,pixhawk_fused,0.8,0.2,gyro,-1.0,0.0575929693877697,0.8258460164070129,odom,
7482.544492573,navigating,0.03956152677565284,0.014344614156292089,0.5281454611964993,1.5245081813793957,-3.1823770894891976,2.23623867450397,2.3861387161625536,0.010011754930019379,-2.9346410183501463,2.9346410183501463,0.07021153699952265,pixhawk_fused,0.8,0.2,gyro,-1.0,0.056383199989795685,0.7411040663719177,odom,
7482.645226923,navigating,0.04343247163209119,0.01766344590655554,0.6052637668802501,1.5206907807195025,-3.178996806887108,2.313356980187721,2.4629969522230497,-0.06644371896982193,-2.857458121497653,2.857458121497653,0.049915968000277644,pixhawk_fused,0.8,0.2,gyro,-1.0,0.05899014696478844,0.7753699421882629,odom,
7482.766933726,navigating,0.04829962270250167,0.022661885423710715,0.7152097609398063,1.5150732314071955,-3.174859573889964,2.423302974247277,2.5681780277478334,-0.17853346467018127,-2.7463283801865797,2.7463283801865797,0.1069119359999604,pixhawk_fused,0.8,0.2,gyro,-1.0,0.06971495598554611,0.9163374900817871,odom,
7482.884306065,navigating,0.05355496965089582,0.029480829889689756,0.9130858913721267,1.5075991780696558,-3.1705869632260124,2.6211791046795976,2.698002855200164,-0.39719876646995544,-2.531492723841689,2.531492723841689,0.0037066889999550767,pixhawk_fused,0.8,0.2,gyro,-1.0,0.08478172868490219,1.1143759489059448,odom,
7482.984635966,navigating,0.0579054505126858,0.036910046922892,0.9386810016524876,1.4996444404359162,-3.1672942290075263,2.6467742149599585,2.8264723761317616,-0.39719876646995544,-2.531492723841689,2.531492723841689,0.10363193700050033,pixhawk_fused,0.8,0.2,gyro,-1.0,0.11283385008573532,1.4830946922302246,odom,
7483.106468802,navigating,0.06291457898184614,0.050062032799821556,1.2316813307670158,1.4859306411976072,-3.164132297480933,2.9397745440744867,3.0389445475418135,-0.7096527218818665,-2.2184753749561525,2.2184753749561525,0.0023532899995188927,pixhawk_fused,0.8,0.2,gyro,-1.0,0.1355239599943161,1.7813348770141602,odom,
7483.226083255,navigating,0.06496674075378663,0.06247929843717091,1.373705943696659,1.4733493562042064,-3.163798948172342,3.08179915700413,-3.0664377231732645,-0.8404764533042908,-2.08536422183039,2.08536422183039,0.035641159000078915,pixhawk_fused,0.8,0.2,gyro,-1.0,0.09712117165327072,1.1489098072052002,odom,
7483.345389517,navigating,0.06512441983228036,0.0679356078197673,1.3900458225415593,1.4679228120946073,-3.1643895358432084,3.09813903584903,-2.984152091790928,-0.8404764533042908,-2.08536422183039,2.08536422183039,0.15474094599994714,pixhawk_fused,0.8,0.2,gyro,-1.0,0.028699059039354324,0.37722212076187134,odom,
7483.465421105,navigating,0.06511467792603516,0.06838473221799148,1.488184497342501,1.4674792474812417,-3.164460655907799,-3.086907596529614,-2.978720665274107,-0.9538404941558838,-1.9642209260654666,1.9642209260654666,0.10344674499992834,pixhawk_fused,0.8,0.2,gyro,-1.0,0.0,0.0,odom,
7483.565510038,navigating,0.06511467792603516,0.06838473221799148,1.5307512844232676,1.4674792474812417,-3.164460655907799,-3.0443408094488476,-2.978720665274107,-1.0025920867919922,-1.911028516564987,1.911028516564987,0.0899435920000542,pixhawk_fused,0.8,0.2,gyro,-1.0,0.0,0.0,odom,
7483.666678379,navigating,0.06511353039970844,0.06842960562826189,1.5306160621824452,1.4674349534059268,-3.1644679342769817,-3.04447603168967,-2.9793970674934793,-1.0025920867919922,-1.911028516564987,1.911028516564987,0.1912677979998989,pixhawk_fused,0.8,0.2,gyro,-1.0,0.0,0.0,odom,
7483.767783166,navigating,0.06511353039970844,0.06842960562826189,1.530167294284455,1.4674349534059268,-3.1644679342769817,-3.04492479958766,-2.9793970674934793,-1.000969648361206,-1.91158941627201,1.91158941627201,0.09094652100066014,pixhawk_fused,0.8,0.2,gyro,-1.0,0.0,0.0,odom,
7483.884189192,navigating,0.06511030804807283,0.0685643003955728,1.5294398194060213,1.4673019672032792,-3.164489561431126,-3.045652274466094,-2.9814281437476455,-0.9997846484184265,-1.9119911612081373,1.9119911612081373,0.10845537099976355,pixhawk_fused,0.8,0.2,gyro,-1.0,0.002608079696074128,-0.03428075090050697,odom,
7483.985026896,navigating,0.06510282526617928,0.06892189854147017,1.5272892112908236,1.466948758344488,-3.1645459168039447,-3.0478028825812915,-2.9868178267880214,-0.9981516599655151,-1.9133323686453545,1.9133323686453545,0.09633594999922934,pixhawk_fused,0.8,0.2,gyro,-1.0,0.005145479924976826,-0.06763248890638351,odom,
7484.104824326,navigating,0.06509115089890993,0.07072449178967202,1.5180392515840921,1.4651647260809797,-3.164804194933246,-3.057052842288023,-3.013983241193774,-0.9927651286125183,-1.9181044072690452,1.9181044072690452,0.03053331499995693,pixhawk_fused,0.8,0.2,gyro,-1.0,0.025688866153359413,-0.3376559615135193,odom,
7484.205704625,navigating,0.06519178177330782,0.07408897419672378,1.491531293074397,1.4618181319305381,-3.1651649940913287,-3.083560800797718,-3.064711810907249,-0.9722437262535095,-1.9385573525014366,1.9385573525014366,0.09379753899975185,pixhawk_fused,0.8,0.2,gyro,-1.0,0.04126287251710892,-0.5423616170883179,odom,
7484.324301472,navigating,0.06566416396106241,0.07918229044082492,1.4515722880775916,1.4567080929037062,-3.165394158743897,-3.1235198057945235,3.1413725058169324,-0.93742436170578,-1.9692355985227072,1.9692355985227072,0.06481754200012801,pixhawk_fused,0.8,0.2,gyro,-1.0,0.054214585572481155,-0.7125996947288513,odom,
7484.424768527,navigating,0.06644763506124485,0.0838575867054579,1.3396483890784492,1.4519695626353262,-3.1652579492634683,3.04774160238592,3.069921561929786,-0.8166579604148865,-2.0912729516210997,2.0912729516210997,0.051195467000070494,pixhawk_fused,0.8,0.2,gyro,-1.0,0.056594621390104294,-0.7438830137252808,odom,
7484.544920229,navigating,0.06778307047374635,0.08922768913053548,1.268956193003998,1.4464672195095192,-3.1646700649868698,2.977049406311469,2.9865072516466493,-0.7499900460243225,-2.158785004872366,2.158785004872366,0.06307758200000535,pixhawk_fused,0.8,0.2,gyro,-1.0,0.05380157381296158,-0.7071710228919983,odom,
7484.665610375,navigating,0.06958842118113281,0.09454073750624452,1.2520607117834015,1.4409570781310157,-3.163608878759957,2.9601539250908724,2.901918708968152,-0.7499900460243225,-2.158785004872366,2.158785004872366,0.1833391140007734,pixhawk_fused,0.8,0.2,gyro,-1.0,0.05164070799946785,-0.678768515586853,odom,
7484.765723202,navigating,0.07137189173793457,0.09870933747499598,1.153749422201629,1.4365836100655252,-3.1624127307730476,2.8618426355091,2.8335791168275684,-0.6429201364517212,-2.264569346267267,2.264569346267267,0.09030682599950524,pixhawk_fused,0.8,0.2,gyro,-1.0,0.05165625736117363,-0.6789728999137878,odom,
7484.866109111,navigating,0.07341398434847807,0.10270617068869403,1.0672227609821487,1.4323448958066265,-3.160936885456097,2.7753159742896196,2.7659290324593444,-0.5522229075431824,-2.3558094887915098,2.3558094887915098,0.08505183700071939,pixhawk_fused,0.8,0.2,gyro,-1.0,0.05164588987827301,-0.6788365840911865,odom,
7484.968564951,navigating,0.07581730033616715,0.10670557729264377,1.0004962356793425,1.4280541931964195,-3.159103568235548,2.7085894489868134,2.6956014987000847,-0.48646706342697144,-2.4216365305963,2.4216365305963,0.00917004100028862,pixhawk_fused,0.8,0.2,gyro,-1.0,0.05682188645005226,-0.746870219707489,odom,
7485.083621529,navigating,0.07917924200083529,0.11141823295735565,0.9302635096272442,1.4229257502932242,-3.1564182659137527,2.638356722934715,2.6083379272748632,-0.41971316933631897,-2.4876171954455812,2.4876171954455812,0.010692526000639191,pixhawk_fused,0.8,0.2,gyro,-1.0,0.05667679384350777,-0.7449631094932556,odom,
7485.184051773,navigating,0.08244801146803633,0.1152909256082505,0.8457685610292442,1.4186421180987951,-3.1537102966707864,2.553861774336715,2.531950315616862,-0.33323991298675537,-2.5741358383479556,2.5741358383479556,0.06477739799993287,pixhawk_fused,0.8,0.2,gyro,-1.0,0.06005889177322388,-0.789417564868927,odom,
7485.284521092,navigating,0.08629249170170353,0.11917791275217993,0.7821452646970146,1.414265530732226,-3.150433990771314,2.4902384780044855,2.449543314837651,-0.27495652437210083,-2.6330719483676392,2.6330719483676392,0.010525087999667448,pixhawk_fused,0.8,0.2,gyro,-1.0,0.06890584528446198,-0.9057024717330933,odom,
7485.406339985,navigating,0.0917872979234911,0.12377347861688857,0.6316569553276754,1.4089611592482023,-3.1456198694401314,2.3397501686351463,2.341546344730614,-0.11176504194736481,-2.794169429678007,2.794169429678007,0.03043454299950099,pixhawk_fused,0.8,0.2,gyro,-1.0,0.07842948287725449,-1.0308817625045776,odom,
7485.524784418,navigating,0.1009690429091418,0.12973618903023543,0.5315640778267616,1.4017978922747858,-3.1373406205175227,2.2396572911342325,2.218454734822604,-0.016016727313399315,-2.8885173134985407,2.8885173134985407,0.03473723099978088,pixhawk_fused,0.8,0.2,gyro,-1.0,0.13673123717308044,-1.0511943101882935,odom,
7485.645387074,navigating,0.1179444070713685,0.13797045148896256,0.5085203442538393,1.3913177684878764,-3.1216519917664027,2.21661355756131,2.102779694521609,-0.016016727313399315,-2.8885173134985407,2.8885173134985407,0.1550427860001946,pixhawk_fused,0.8,0.2,gyro,-1.0,0.21810492873191833,-0.6408104300498962,odom,
7485.746934653,navigating,0.13686099405668434,0.14561678092414235,0.34980861687566445,1.381154357737139,-3.103959939909252,2.0579018301831353,2.0911266665047137,0.16493798792362213,-3.0838739113989315,3.0838739113989315,0.06639076999999816,pixhawk_fused,0.8,0.2,gyro,-1.0,0.23716303706169128,0.15743868052959442,odom,
7485.865902531,navigating,0.1560769851428518,0.15352477525232558,0.34869183495831746,1.3706907662459455,-3.0860071144819363,2.0567850482657883,2.1121615369648574,0.16638852655887604,-3.090528073522731,3.090528073522731,0.007425193000017316,pixhawk_fused,0.8,0.2,gyro,-1.0,0.16524195671081543,0.2036202996969223,odom,
7485.966159154,navigating,0.16650520306989317,0.1580328095047969,0.350853808864348,1.3647978866251078,-3.076294026830235,2.058947022171819,2.12297466181868,0.16638852655887604,-3.090528073522731,3.090528073522731,0.1075947269991957,pixhawk_fused,0.8,0.2,gyro,-1.0,0.10401571542024612,0.1667303442955017,odom,
7486.066961573,navigating,0.1723108582984719,0.16061629324637017,0.3680779292782683,1.3614441180821855,-3.0708965961973687,2.076171142585739,2.137202550348231,0.1530858725309372,-3.0725552339139424,3.0725552339139424,0.09516614800031675,pixhawk_fused,0.8,0.2,gyro,-1.0,0.06194204464554787,0.20352329313755035,odom,
7486.170814428,navigating,0.17652392776185705,0.16259458781784863,0.3975989237084534,1.3589078143752407,-3.0669939346413293,2.1056921370159243,2.170922048637866,0.12686796486377716,-3.044083371836229,3.044083371836229,0.005796711000584764,pixhawk_fused,0.8,0.2,gyro,-1.0,0.041225921362638474,0.47812581062316895,odom,
7486.284326793,navigating,0.18040391286172536,0.1646706508512466,0.47169927149622626,1.3563202501539056,-3.0634346041573326,2.179792484803697,2.2386053621943853,0.04579890891909599,-2.9683794695320564,2.9683794695320564,0.008358643000065058,pixhawk_fused,0.8,0.2,gyro,-1.0,0.04850373417139053,0.6375359296798706,odom,
7486.384516516,navigating,0.1840648281918089,0.16694796901913864,0.4846810215124384,1.3535633078840068,-3.0601198268778917,2.1927742348199093,2.3035889338983755,0.04579890891909599,-2.9683794695320564,2.9683794695320564,0.10820117399998708,pixhawk_fused,0.8,0.2,gyro,-1.0,0.056383199989795685,0.7411040663719177,odom,
7486.504391777,navigating,0.1890193813724409,0.17059162712074372,0.55064162742492,1.3492758285515807,-3.055710590826701,2.258734840732391,2.3963013805901214,-0.014771700836718082,-2.9090796991768317,2.9090796991768317,0.11758319000000483,pixhawk_fused,0.8,0.2,gyro,-1.0,0.061906713992357254,0.8137054443359375,odom,
7486.605738424,navigating,0.19334467767432487,0.17440777325539125,0.6253744129389627,1.3449036082065216,-3.051948297819195,2.3334676262464336,2.4832476020955894,-0.08750544488430023,-2.8373822471681076,2.8373822471681076,0.013868568000361847,pixhawk_fused,0.8,0.2,gyro,-1.0,0.0684712827205658,0.8999905586242676,odom,
7486.724725826,navigating,0.1986698372247832,0.180144230213164,0.7803440823334509,1.3384923007464335,-3.047458375846773,2.4884372956409218,2.591779078525248,-0.2518776059150696,-2.670853187698408,2.670853187698408,0.03766189299949474,pixhawk_fused,0.8,0.2,gyro,-1.0,0.07975494861602783,0.8454062342643738,odom,
7486.825206372,navigating,0.20545670643083985,0.1891943031241993,0.7997999093716655,1.3285985015855832,-3.041974020690519,2.5078931226791363,2.6895289697700044,-0.2518776059150696,-2.670853187698408,2.670853187698408,0.13805407199924957,pixhawk_fused,0.8,0.2,gyro,-1.0,0.1749638020992279,1.0822280645370483,odom,
7486.945091744,navigating,0.21693935186615856,0.2086239848787547,0.8930971038283306,1.307780078234134,-3.033258693477133,2.6011903171358015,2.8129540163061506,-0.338140070438385,-2.5849914094391306,2.5849914094391306,0.08283799499986344,pixhawk_fused,0.8,0.2,gyro,-1.0,0.22556257247924805,0.8760332465171814,odom,
7487.045285374,navigating,0.22598905554705323,0.2275471621086252,1.0463431578259652,1.2877963798512968,-3.0268840897930693,2.754436371133436,2.8474625010527057,-0.519911527633667,-2.402280587691351,2.402280587691351,0.07001127999956225,pixhawk_fused,0.8,0.2,gyro,-1.0,0.23946534097194672,0.03313206881284714,odom,
7487.165906056,navigating,0.235679373864621,0.2483263997151655,1.0418741033531453,1.2658864090757707,-3.020128931377426,2.7499673166606162,2.8250937952304858,-0.519911527633667,-2.402280587691351,2.402280587691351,0.19046150499980286,pixhawk_fused,0.8,0.2,gyro,-1.0,0.1936720907688141,-0.37336012721061707,odom,
7487.266564676,navigating,0.24207316211794724,0.2609843549801391,1.0467093336216953,1.25247247864781,-3.0155277543332035,2.754802546929166,2.780452811433897,-0.5385212302207947,-2.385079559642359,2.385079559642359,0.09239432499998657,pixhawk_fused,0.8,0.2,gyro,-1.0,0.14975053071975708,-0.47511404752731323,odom,
7487.366644,navigating,0.2468682068315966,0.26940830076109845,0.9934695074369231,1.243471527432335,-3.011930784282859,2.701562720744394,2.724984026931201,-0.4829061031341553,-2.4377621589484653,2.4377621589484653,0.08585921200028679,pixhawk_fused,0.8,0.2,gyro,-1.0,0.10846181213855743,-0.47520944476127625,odom,
7487.466857857,navigating,0.25009403143288084,0.27437257437312584,0.9370183669163661,1.2381124642027346,-3.0094147560329247,2.645111580223837,2.6641271843185046,-0.4257299304008484,-2.4931119291367967,2.4931119291367967,0.007824457999959122,pixhawk_fused,0.8,0.2,gyro,-1.0,0.05422274023294449,-0.6448299884796143,odom,
7487.583947367,navigating,0.2534221056627213,0.27875654223810703,0.8734081157824514,1.233314251307052,-3.006718016273841,2.5815013290899222,2.5811580257004176,-0.36897727847099304,-2.5518836365523776,2.5518836365523776,0.01054364399988117,pixhawk_fused,0.8,0.2,gyro,-1.0,0.05063701048493385,-0.6655758023262024,odom,
7487.68441353,navigating,0.25680813000315017,0.2825525747050221,0.7658894456149643,1.2290905096933304,-3.0038834034070874,2.473982658922435,2.504486399234639,-0.2584984302520752,-2.667112808901354,2.667112808901354,0.0429094780001833,pixhawk_fused,0.8,0.2,gyro,-1.0,0.06436999142169952,-0.8460829257965088,odom,
7487.784508577,navigating,0.26112737821760873,0.28666377186869824,0.72362306518362,1.224426842650835,-3.0001674840089487,2.431716278491091,2.415958273464396,-0.2288687378168106,-2.6978178700390303,2.6978178700390303,0.0914865960003226,pixhawk_fused,0.8,0.2,gyro,-1.0,0.07182484120130539,-0.9440699219703674,odom,
7487.905990808,navigating,0.26998600797892836,0.29347557350633674,0.6361115586487591,1.216466698228559,-2.9923245213305227,2.34420477195623,2.303016903378313,-0.14567330479621887,-2.778982780832335,2.778982780832335,0.03056120900055248,pixhawk_fused,0.8,0.2,gyro,-1.0,0.12205388396978378,-0.8533421754837036,odom,
7488.024631839,navigating,0.28352190675850997,0.30178891775145517,0.47683479744347923,1.2063789825173272,-2.98005381474784,2.18492801075095,2.2137430649402527,0.02889551781117916,-2.9557452862444364,2.9557452862444364,0.04620329200042761,pixhawk_fused,0.8,0.2,gyro,-1.0,0.18005578219890594,-0.5409517884254456,odom,
7488.145419002,navigating,0.3051179545298221,0.31353253387203844,0.47932321372579145,1.1917901153497907,-2.9602682959601916,2.1874164270332623,2.2261852098322352,0.02889551781117916,-2.9557452862444364,2.9557452862444364,0.16656196900021314,pixhawk_fused,0.8,0.2,gyro,-1.0,0.23999197781085968,0.5486031174659729,odom,
7488.266330537,navigating,0.3262410470561281,0.32632008007783186,0.46141380231776474,1.176231873383753,-2.941094160183933,2.1695070156252356,2.293877002606917,0.055802442133426666,-2.9950237100306,2.9950237100306,0.09081058599986136,pixhawk_fused,0.8,0.2,gyro,-1.0,0.21531401574611664,0.6902682185173035,odom,
7488.367158508,navigating,0.34018805079848674,0.3359618395460079,0.5159276203592802,1.16477197712808,-2.9285980321099756,2.224020833666751,2.3398990792424326,0.004681484308093786,-2.9383947799983465,2.9383947799983465,0.07448411799941823,pixhawk_fused,0.8,0.2,gyro,-1.0,0.17297539114952087,0.3733329474925995,odom,
7488.484370501,navigating,0.3519877542000638,0.3449142470613208,0.5629642717883321,1.1542888380167946,-2.9181346485721873,2.271057485095803,2.384551870978336,-0.03982171043753624,-2.890764097410723,2.890764097410723,0.010062198000014178,pixhawk_fused,0.8,0.2,gyro,-1.0,0.12367703765630722,0.4064045548439026,odom,
7488.605047174,navigating,0.3611758141549227,0.3526623701808886,0.603992512608791,1.1453560955182363,-2.9100935062985727,2.312085725916262,2.4467430269829165,-0.07492999732494354,-2.855005235511347,2.855005235511347,0.01038366800003132,pixhawk_fused,0.8,0.2,gyro,-1.0,0.11055043339729309,0.5744740962982178,odom,
7488.706478476,navigating,0.3682305966887422,0.35941543670066045,0.6810176900664289,1.1377010187414396,-2.904029377048524,2.3891109033738998,2.5142575029864576,-0.1494000256061554,-2.7756131838145697,2.7756131838145697,0.052478435000011814,pixhawk_fused,0.8,0.2,gyro,-1.0,0.1118529736995697,0.7670618891716003,odom,
7488.824896336,navigating,0.37822398401102003,0.370786086700221,0.7182999875027629,1.1250696169773773,-2.8956862864305086,2.426393200810234,2.6137994004426677,-0.1745447814464569,-2.7537798713031254,2.7537798713031254,0.05056781399980537,pixhawk_fused,0.8,0.2,gyro,-1.0,0.17493757605552673,0.8791784644126892,odom,
7488.945133931,navigating,0.3899613342433763,0.3872898555806883,0.8618610084417957,1.1071147120160096,-2.8863181934780915,2.5699542217492666,2.7169135455830955,-0.329680472612381,-2.6001950029912435,2.6001950029912435,0.06641400100033934,pixhawk_fused,0.8,0.2,gyro,-1.0,0.1924010068178177,0.7080423831939697,odom,
7489.068534419,navigating,0.40033257402033917,0.40438848217935763,0.9251725486782154,1.0887575211922154,-2.8783847710683883,2.6332657619856863,2.7385834030754475,-0.4004068672657013,-2.5265174572053395,2.5265174572053395,0.07876856700022472,pixhawk_fused,0.8,0.2,gyro,-1.0,0.18588297069072723,-0.13567538559436798,odom,
7489.170430078,navigating,0.40695052679273824,0.41521983843891314,0.9236277448915204,1.0771223202159297,-2.873311539794283,2.6317209581989913,2.710230896281548,-0.40793678164482117,-2.5213719956572196,2.5213719956572196,0.06791685999996844,pixhawk_fused,0.8,0.2,gyro,-1.0,0.12902407348155975,-0.2713439464569092,odom,
7489.287577227,navigating,0.4122866190555801,0.4232978015957224,0.8973330374704453,1.0683900448000176,-2.8691312604422556,2.6054262507779162,2.6567063718829944,-0.38667383790016174,-2.5408630089457174,2.5408630089457174,0.10377748799965048,pixhawk_fused,0.8,0.2,gyro,-1.0,0.05919966101646423,-0.710460901260376,odom,
7489.38759125,navigating,0.4146961920172806,0.4265220208585616,0.8538409717030284,1.0648663783250185,-2.86718564838288,2.5619341850104993,2.6027551369014517,-0.34661048650741577,-2.5817405538256306,2.5817405538256306,0.02568637599961221,pixhawk_fused,0.8,0.2,gyro,-1.0,0.041165899485349655,-0.5410869717597961,odom,
7489.504758287,navigating,0.41737038621183664,0.4296832273816529,0.7625963750446043,1.0613689139790792,-2.8649692809898886,2.470689588352075,2.540345230096111,-0.24839697778224945,-2.6801916814143794,2.6801916814143794,0.029648779000126524,pixhawk_fused,0.8,0.2,gyro,-1.0,0.03859882429242134,-0.5073451995849609,odom,
7489.606259482,navigating,0.4210991503546596,0.43363522097553286,0.7543373877459205,1.0569437694923878,-2.8618164994131257,2.4624306010533914,2.499041621204666,-0.24839697778224945,-2.6801916814143794,2.6801916814143794,0.13066562000039994,pixhawk_fused,0.8,0.2,gyro,-1.0,0.0732378214597702,-0.41256096959114075,odom,
7489.724472021,navigating,0.4280394477881015,0.4403391324578808,0.687720838571044,1.0493530542945113,-2.8558590502599626,2.395814051878515,2.451043931917907,-0.1731930524110794,-2.7514624274964468,2.7514624274964468,0.04998552100005327,pixhawk_fused,0.8,0.2,gyro,-1.0,0.10241067409515381,-0.31063660979270935,odom,
7489.824831976,navigating,0.4345016443442072,0.4461049062828339,0.6399227770822209,1.0427570842105751,-2.850246803759489,2.3480159903896918,2.4179373137717013,-0.12264081835746765,-2.8029316540951865,2.8029316540951865,0.05099728299956041,pixhawk_fused,0.8,0.2,gyro,-1.0,0.10033685714006424,-0.3043462038040161,odom,
7489.945193221,navigating,0.4421568812520751,0.45257274381836815,0.6154537429067866,1.0353023705397222,-2.843548832530285,2.3235469562142574,2.397745015409298,-0.09808798134326935,-2.828469046175017,2.828469046175017,0.055533908999677806,pixhawk_fused,0.8,0.2,gyro,-1.0,0.09234365075826645,-0.13483349978923798,odom,
7490.067710079,navigating,0.44903542903088023,0.4581748729290657,0.6128752782019686,1.028811520902132,-2.8375017554594657,2.3209684915094395,2.384845824821295,-0.09808798134326935,-2.828469046175017,2.828469046175017,0.17731212499984395,pixhawk_fused,0.8,0.2,gyro,-1.0,0.08517932146787643,-0.03389931097626686,odom,
7490.186806628,navigating,0.45508015065915786,0.46299003902895297,0.5878915079638605,1.023214351023538,-2.832172949450327,2.2959847212713314,2.3753967871473525,-0.06904426962137222,-2.8573335262010833,2.8573335262010833,0.07587141199928737,pixhawk_fused,0.8,0.2,gyro,-1.0,0.07410791516304016,-0.03142189607024193,odom,
,reached,0.45508015065915786,0.46299003902895297,0.5878915079638605,,,,,,,,,True,0.8,0.2,gyro,-1.0,,,mission_status,reached waypoint 1/3
,turning,0.45508015065915786,0.46299003902895297,0.5878915079638605,,,,,,,,,True,0.8,0.2,gyro,-1.0,,,mission_status,aligning for waypoint 2/3
7490.305327552,turning,0.45997710684555704,0.466812432265455,0.5797914114634797,1.0187577015959535,-2.827845231133988,2.2878846247709506,2.358573957804381,-0.06265416741371155,-2.863254886455371,2.863254886455371,0.044393268000021635,pixhawk_fused,0.8,0.2,gyro,-1.0,0.05314532667398453,-0.29937654733657837,odom,
7490.425131563,turning,0.4654294517456103,0.4706235874098067,0.5235349609345399,1.014236170705936,-2.8229658124335613,2.2316281742420108,2.2596634277624674,-0.010759644210338593,-2.908850173443093,2.908850173443093,0.05418217900023592,pixhawk_fused,0.8,0.2,gyro,-1.0,0.07307808846235275,-0.9605426788330078,odom,
7490.545272173,turning,0.4727323545426763,0.474606683326099,0.4221265335651647,1.0092910387294551,-2.8162767832007827,2.1302197468726356,2.1342265791169988,0.08501143753528595,-3.0042523038084648,3.0042523038084648,0.06233392399917648,pixhawk_fused,0.8,0.2,gyro,-1.0,0.08232356607913971,-1.0820658206939697,odom,
7490.666866161,turning,0.4806684352957355,0.4777087641503238,0.39649714857821006,1.0051319706247615,-2.80883995352278,2.104590361885681,2.0057371017959302,0.08501143753528595,-3.0042523038084648,3.0042523038084648,0.18358925599932263,pixhawk_fused,0.8,0.2,gyro,-1.0,0.08857990056276321,-1.1642993688583374,odom,
7490.784577631,turning,0.4888319752436356,0.47974803700723684,0.126981354174714,1.001994577599986,-2.8010323429232438,1.835074567482185,1.8788536726907026,0.38954365253448486,2.973845638339879,-2.973845638339879,0.0029612710004585097,pixhawk_fused,0.8,0.2,gyro,-1.0,0.08004309982061386,-1.0520912408828735,odom,
7490.90541531,turning,0.49747549882319736,0.48075626400289784,0.10075992760817543,0.9998128344489662,-2.792608150477187,1.8088531409156463,1.7476217618455687,0.38954365253448486,2.973845638339879,-2.973845638339879,0.12383961600062321,pixhawk_fused,0.8,0.2,gyro,-1.0,0.08629406988620758,-1.1342543363571167,odom,
7491.024473957,turning,0.505991424069568,0.48063737834120857,-0.00869785383173416,0.9987650612166913,-2.7841560922748285,1.6993953594757367,1.6191923533815524,0.49491336941719055,2.869107486312749,-2.869107486312749,0.06586117499955435,pixhawk_fused,0.8,0.2,gyro,-1.0,0.08462538570165634,-1.1123210191726685,odom,
7491.124853343,turning,0.5131509037125477,0.4796836586380222,-0.21318929233473405,0.9987299170912066,-2.7769334546042175,1.4949039209727368,1.510300058900144,0.7223717570304871,2.6407704984596987,-2.6407704984596987,0.00618707000012364,pixhawk_fused,0.8,0.2,gyro,-1.0,0.08978104591369629,-1.1800873279571533,odom,
7491.224899911,turning,0.5195000465665086,0.47814944948541344,-0.23285726187266587,0.9993807072728885,-2.7704340788770128,1.475235951434805,1.411827397368495,0.7223717570304871,2.6407704984596987,-2.6407704984596987,0.10628483900018182,pixhawk_fused,0.8,0.2,gyro,-1.0,0.06708579510450363,-0.8817796111106873,odom,
7491.324998145,turning,0.5246578923619754,0.4763876900215614,-0.31530642272379517,1.000419954415549,-2.7650836457137298,1.3927867905836757,1.3296645722575124,0.8048784732818604,2.5582500547817966,-2.5582500547817966,0.05409257399969647,pixhawk_fused,0.8,0.2,gyro,-1.0,0.05944647639989853,-0.7813679575920105,odom,
7491.445035654,turning,0.5299526556287592,0.4740564745934246,-0.46527816267704636,1.0020045593634372,-2.7595196444032704,1.2428150506304245,1.2424563040292207,0.9685720801353455,2.3926192511371394,-2.3926192511371394,0.06779981700037752,pixhawk_fused,0.8,0.2,gyro,-1.0,0.04904882609844208,-0.6447006464004517,odom,
7491.567056115,turning,0.5333963114184996,0.47221939384064393,-0.5301621645920094,1.0033530332196814,-2.755856961076872,1.1779310487154615,1.1836283604366684,1.0324612855911255,2.326221825843217,-2.326221825843217,0.07501974099977815,pixhawk_fused,0.8,0.2,gyro,-1.0,0.030985979363322258,-0.4072815179824829,odom,
7491.667105609,turning,0.5352035409523619,0.4711433106931026,-0.5839577291855096,1.0041716417993878,-2.7539194592003007,1.1241354841219613,1.1519315543264892,1.0972012281417847,2.2669022390893714,-2.2669022390893714,0.032126791999871784,pixhawk_fused,0.8,0.2,gyro,-1.0,0.02066665329039097,-0.2716436982154846,odom,
7491.767179288,turning,0.5368291345624789,0.47010638871862187,-0.5994592756783235,1.0049763175009434,-2.752167243807793,1.1086339376291474,1.1228736230719627,1.1074020862579346,2.25478959060228,-2.25478959060228,0.08353712200005248,pixhawk_fused,0.8,0.2,gyro,-1.0,0.02276873029768467,-0.2992735207080841,odom,
7491.88567633,turning,0.5379823730381896,0.4693276549133027,-0.6260283955586072,1.0055898840230884,-2.7509182756559536,1.0820648177488636,1.1019042775751196,1.1361615657806396,2.2268206656626477,-2.2268206656626477,0.025606141000025673,pixhawk_fused,0.8,0.2,gyro,-1.0,0.01696099154651165,-0.22293627262115479,odom,
7492.004359255,turning,0.5398122522076467,0.46802045954062277,-0.6657116708212936,1.0066343300008795,-2.748926705894021,1.0423815424861773,1.0680101026164253,1.1779873371124268,2.185690169101121,-2.185690169101121,0.03156840299925534,pixhawk_fused,0.8,0.2,gyro,-1.0,0.01830945536494255,-0.24066054821014404,odom,
7492.104648427,turning,0.5405972785043118,0.4674286341353322,-0.6686748283428814,1.0071131427164324,-2.7480680662838073,1.0394183849645895,1.0531934792717519,1.1779873371124268,2.185690169101121,-2.185690169101121,0.13174544899993634,pixhawk_fused,0.8,0.2,gyro,-1.0,0.012895293533802032,-0.16949649155139923,odom,
7492.206286279,turning,0.5417622570437851,0.4665175974949882,-0.6906147200451536,1.0078561602333358,-2.746789360795019,1.0174784932623173,1.030907911312704,1.1997110843658447,2.1638366835168616,-2.1638366835168616,0.04245755899955839,pixhawk_fused,0.8,0.2,gyro,-1.0,0.022860895842313766,-0.30048495531082153,odom,
7492.324792901,turning,0.5425964765420922,0.4658381526186922,-0.7230362047350094,1.0084150350099041,-2.7458699987904764,0.9850570085724615,1.0146907339942588,1.2369813919067383,2.1273643514416234,-2.1273643514416234,0.04674896999949851,pixhawk_fused,0.8,0.2,gyro,-1.0,0.0025719685945659876,-0.033806104212999344,odom,
7492.424964712,turning,0.5425271591152921,0.4658955937350837,-0.7259234184418775,1.0083676216335105,-2.745946525643603,0.9821697948655934,1.0160453888763503,1.238943338394165,2.1234166713706273,-2.1234166713706273,0.03488262699920597,pixhawk_fused,0.8,0.2,gyro,-1.0,0.0,0.0,odom,
,navigating,0.5425271591152921,0.4658955937350837,-0.7259234184418775,,,,,,,,,True,0.8,0.2,gyro,-1.0,,,mission_status,going to waypoint 2/3
7492.52785969,navigating,0.5425271591152921,0.4658955937350837,-0.7259234184418775,1.0083676216335105,-2.745946525643603,0.9821697948655934,1.0160453888763503,1.238943338394165,2.1234166713706273,-2.1234166713706273,0.13620467700002337,pixhawk_fused,0.8,0.2,gyro,-1.0,0.0,0.0,odom,
7492.644929934,navigating,0.5425271591152921,0.4658955937350837,-0.7247099055832493,1.0083676216335105,-2.745946525643603,0.9833833077242216,1.0160453888763503,1.2381267547607422,2.124933561970951,-2.124933561970951,0.004283653000129561,pixhawk_fused,0.8,0.2,gyro,-1.0,0.0,0.0,odom,
7492.74520626,navigating,0.5425616260630856,0.4658670046368647,-0.7246003678739888,1.0083912243450046,-2.745908470170445,0.983492845433482,1.0167192081313148,1.2381253242492676,2.124902029437484,-2.124902029437484,0.0568223919999582,pixhawk_fused,0.8,0.2,gyro,-1.0,0.0,0.0,odom,
7492.86558793,navigating,0.5439895695496213,0.46470319842244523,-0.7223844292024386,1.0093486418227051,-2.744334678799629,0.9857087841050323,1.028223313863512,1.2382755279541016,2.124795978631364,-2.124795978631364,0.0034064969995597494,pixhawk_fused,0.8,0.2,gyro,-1.0,0.03613217920064926,0.0,odom,
7492.984315415,navigating,0.5499610102067346,0.45984730221075515,-0.7202438866765616,1.0133415551566163,-2.737754825104598,0.9878493266309093,1.0228379135796493,1.2361018657684326,2.12881795605226,-2.12881795605226,0.01338242200017703,pixhawk_fused,0.8,0.2,gyro,-1.0,0.1054612398147583,-0.03380949795246124,odom,
7493.084456357,navigating,0.5588112985174443,0.4525184992994538,-0.723643417692262,1.0193900879012723,-2.7279847582198626,0.9844497956152088,1.0058400912973156,1.2361018657684326,2.12881795605226,-2.12881795605226,0.11272011300025042,pixhawk_fused,0.8,0.2,gyro,-1.0,0.14932233095169067,-0.2409842610359192,odom,
7493.20433988,navigating,0.5721170166875474,0.44095440734106295,-0.7456295023220859,1.0290242572356871,-2.7132215221220366,0.962463710985385,0.9713023143113442,1.2545130252838135,2.1099693812946843,-2.1099693812946843,0.03280901299967809,pixhawk_fused,0.8,0.2,gyro,-1.0,0.17693018913269043,-0.3032795786857605,odom,
7493.304968458,navigating,0.5843023398003053,0.4294768891463399,-0.8034669993425165,1.0387260114268033,-2.6995799866920467,0.9046262139649544,0.9246338181226121,1.317324161529541,2.0493400284270806,-2.0493400284270806,0.02508162399954017,pixhawk_fused,0.8,0.2,gyro,-1.0,0.18971477448940277,-0.40443170070648193,odom,
7493.425444928,navigating,0.5992592892971758,0.41377042315611806,-0.8155058958568588,1.0522375759785216,-2.6826141081259753,0.892587317450612,0.8644063944542234,1.317324161529541,2.0493400284270806,-2.0493400284270806,0.14560946299934585,pixhawk_fused,0.8,0.2,gyro,-1.0,0.2090863138437271,-0.4410088360309601,odom,
7493.544782381,navigating,0.6147505063402916,0.3958258772291805,-0.8618258028882476,1.0678930361615067,-2.664812672777671,0.8462674104192233,0.8348200811878481,1.36733877658844,1.998841927490668,-1.998841927490668,0.08766067799933808,pixhawk_fused,0.8,0.2,gyro,-1.0,0.23088857531547546,-0.20232082903385162,odom,
7493.645224335,navigating,0.6279505937340819,0.38000873475543034,-0.897900129021838,1.0817546902709376,-2.649571975661426,0.8101930842856329,0.8354137425023371,1.4089546203613281,1.9536036846260592,-1.9536036846260592,0.07076707699980034,pixhawk_fused,0.8,0.2,gyro,-1.0,0.2370723932981491,0.13259968161582947,odom,
7493.765194785,navigating,0.6441632689267701,0.36098644887763104,-0.9005202713379654,1.098379005368911,-2.630908365495019,0.8075729419695055,0.860588832408167,1.422102928161621,1.9440351340393587,-1.9440351340393587,0.07280710099985299,pixhawk_fused,0.8,0.2,gyro,-1.0,0.23241814970970154,0.40732234716415405,odom,
7493.866734851,navigating,0.658459712291205,0.3453569673055753,-0.891056054110875,1.1119047107521853,-2.614607313965483,0.8170371591965959,0.9079411439145716,1.422102928161621,1.9440351340393587,-1.9440351340393587,0.17415156300012313,pixhawk_fused,0.8,0.2,gyro,-1.0,0.2426748126745224,0.5429331064224243,odom,
7493.985392585,navigating,0.6765975971873622,0.32755592409546697,-0.7949596974737859,1.1270557799507737,-2.5942037576574766,0.913133515833685,0.9659121901229599,1.3158531188964844,2.049654999188618,-2.049654999188618,0.007077078000293113,pixhawk_fused,0.8,0.2,gyro,-1.0,0.23154661059379578,0.5410599112510681,odom,
7494.104702835,navigating,0.6951417273698475,0.3111104185956949,-0.7885842455987675,1.1408084664758615,-2.573583305947811,0.9195089677087034,0.9978039713498917,1.3158531188964844,2.049654999188618,-2.049654999188618,0.12667594800041115,pixhawk_fused,0.8,0.2,gyro,-1.0,0.24871018528938293,0.03370167687535286,odom,
7494.206946363,navigating,0.710786085927366,0.2976746650002047,-0.7505452113870001,1.15197660410399,-2.5562472703204215,0.9575480019204707,0.9971521094509856,1.2726240158081055,2.097362770460085,-2.097362770460085,0.030902337999577867,pixhawk_fused,0.8,0.2,gyro,-1.0,0.2335471659898758,-0.033733583986759186,odom,
7494.324708448,navigating,0.7295658558582149,0.28129369419287664,-0.7612557715635837,1.1656331121791568,-2.535402228933102,0.9468374417438872,0.9789755921049514,1.2819069623947144,2.0885186786348977,-2.0885186786348977,0.036399746999450144,pixhawk_fused,0.8,0.2,gyro,-1.0,0.24249228835105896,-0.13563120365142822,odom,
7494.427487107,navigating,0.7451330444071255,0.2670395935558133,-0.7676103915079892,1.177622457804557,-2.518030633273418,0.9404828217994817,0.94720012008173,1.2819069623947144,2.0885186786348977,-2.0885186786348977,0.13867938599923946,pixhawk_fused,0.8,0.2,gyro,-1.0,0.24100562930107117,-0.27145490050315857,odom,
7494.544253096,navigating,0.7624157998872704,0.24993075092415598,-0.7926037188083276,1.1922048784165313,-2.49856889793772,0.9154894944991433,0.9010880825815992,1.3027275800704956,2.0688018494839824,-2.0688018494839824,0.06887145899963798,pixhawk_fused,0.8,0.2,gyro,-1.0,0.23324467241764069,-0.370589017868042,odom,
7494.645325683,navigating,0.7762117098412791,0.2349663093761517,-0.8303839602394433,1.2051403080590468,-2.482854690917756,0.8777092530680276,0.8558967773184867,1.3394155502319336,2.032872234820858,-2.032872234820858,0.05427446500016231,pixhawk_fused,0.8,0.2,gyro,-1.0,0.22575771808624268,-0.4046417772769928,odom,
7494.765350026,navigating,0.7919534569417667,0.21619886556472373,-0.9127826911226785,1.2215766332786884,-2.464692456411369,0.7953105221847924,0.8151948841931123,1.4276182651519775,1.9400551452632104,-1.9400551452632104,0.0024063450000539888,pixhawk_fused,0.8,0.2,gyro,-1.0,0.23752924799919128,-0.06779344379901886,odom,
7494.865365963,navigating,0.805100464452284,0.1998182601871972,-0.9116668236115275,1.2360037126969523,-2.4494272207933068,0.7964263896959434,0.8207744086457467,1.4276182651519775,1.9400551452632104,-1.9400551452632104,0.10263484900042386,pixhawk_fused,0.8,0.2,gyro,-1.0,0.2414855659008026,0.2760087847709656,odom,
7494.966630322,navigating,0.818669698572923,0.18349278397113958,-0.9314150465637931,1.2503183932996866,-2.433751277199906,0.7766781667436777,0.8485282048610708,1.453816294670105,1.9084340017880355,-1.9084340017880355,0.0894828629998301,pixhawk_fused,0.8,0.2,gyro,-1.0,0.2375711053609848,0.3394183814525604,odom,
7495.068909776,navigating,0.8331754159211864,0.1672310520899225,-0.9008697418143349,1.2644417567696054,-2.4171563875087734,0.807223471493136,0.895038882150158,1.4277443885803223,1.934992377146617,-1.934992377146617,0.0791859110004225,pixhawk_fused,0.8,0.2,gyro,-1.0,0.2425100952386856,0.5736892819404602,odom,
7495.184617728,navigating,0.851193071402101,0.14911440799094577,-0.8184403403269835,1.2799219122319776,-2.396828734193678,0.8896528729804873,0.9506209782165196,1.3428791761398315,2.024127622827426,-2.024127622827426,0.00553407499955938,pixhawk_fused,0.8,0.2,gyro,-1.0,0.24180129170417786,0.40573418140411377,odom,
7495.284910643,navigating,0.8664238158429759,0.13511304770740135,-0.8120883887144935,1.291706943636735,-2.379825008107854,0.8960048245929774,0.9824026087686263,1.3428791761398315,2.024127622827426,-2.024127622827426,0.10527004499999748,pixhawk_fused,0.8,0.2,gyro,-1.0,0.22906549274921417,0.23680837452411652,odom,
7495.405901182,navigating,0.8845180029200453,0.11914263930637335,-0.7825224953350632,1.3050505858137262,-2.359715289961444,0.9255707179724076,0.9837486903566458,1.3067584037780762,2.060742742761508,-2.060742742761508,0.04766090999964945,pixhawk_fused,0.8,0.2,gyro,-1.0,0.23595471680164337,7.729604112682864e-05,odom,
7495.524612631,navigating,0.9011478756210277,0.10430222549421972,-0.7771887394303325,1.3174752818929854,-2.3412107641500413,0.9309044738771384,0.9689410373440398,1.2990493774414062,2.071111118495003,-2.071111118495003,0.050246138999682444,pixhawk_fused,0.8,0.2,gyro,-1.0,0.19881673157215118,-0.23756901919841766,odom,
7495.624784438,navigating,0.9136472656269392,0.09272148414451054,-0.7864573140502238,1.3272363028045935,-2.3272439895942645,0.9216358992572471,0.945336670973336,1.3043889999389648,2.0654264624151444,-2.0654264624151444,0.005521723000128986,pixhawk_fused,0.8,0.2,gyro,-1.0,0.19082164764404297,-0.2711535692214966,odom,
7495.72526292,navigating,0.9237742022559109,0.08279654590675514,-0.823207785255656,1.3356818104746868,-2.3158539656827504,0.8848854280518149,0.9115322048621839,1.3374223709106445,2.0279395039114214,-2.0279395039114214,0.05094119000023056,pixhawk_fused,0.8,0.2,gyro,-1.0,0.14709483087062836,-0.37311676144599915,odom,
7495.844394355,navigating,0.9339878764624195,0.07196175746102834,-0.8690868702291706,1.3450167348589692,-2.304253492925139,0.8390063430783002,0.8647387460361624,1.3853479623794556,1.9822890093955254,-1.9822890093955254,0.07288734699977795,pixhawk_fused,0.8,0.2,gyro,-1.0,0.13079772889614105,-0.3033904731273651,odom,
7495.945751956,navigating,0.9411813141373853,0.06369330585243874,-0.906378478164473,1.3522228402338639,-2.2959960791100804,0.8017147351429978,0.837109866509355,1.4242563247680664,1.9425817291173195,-1.9425817291173195,0.057376142000066466,pixhawk_fused,0.8,0.2,gyro,-1.0,0.12053576111793518,-0.16850657761096954,odom,
7496.065380059,navigating,0.9480668485889548,0.05536453087163121,-0.9323949354925883,1.3595308427773238,-2.2880354148042916,0.7756982778148825,0.8194473231100033,1.4516377449035645,1.9144768631192899,-1.9144768631192899,0.0026102830006493605,pixhawk_fused,0.8,0.2,gyro,-1.0,0.09809765219688416,-0.06786321103572845,odom,
7496.166446135,navigating,0.9531095903614992,0.049085154791105506,-0.9475015118510083,1.3650609476827296,-2.2821806946333143,0.7605917014564626,0.8059957761893867,1.4681293964385986,1.8989565627160525,-1.8989565627160525,0.055280583999774535,pixhawk_fused,0.8,0.2,gyro,-1.0,0.08516015857458115,-0.033919721841812134,odom,
7496.284975817,navigating,0.9584876664605081,0.042238088375168625,-0.9570833676979604,1.3711075048700359,-2.2759160983006193,0.7510098456095105,0.8019340655645216,1.4804151058197021,1.8879948522928214,-1.8879948522928214,0.02679155300029379,pixhawk_fused,0.8,0.2,gyro,-1.0,0.0797828659415245,-0.033828094601631165,odom,
7496.404550614,navigating,0.9630594350426499,0.036418346258205864,-0.9579541997940214,1.376246761350303,-2.27059082749937,0.7501390135134495,0.8066776424330206,1.480699062347412,1.8857207454661882,-1.8857207454661882,0.02954462700017757,pixhawk_fused,0.8,0.2,gyro,-1.0,0.07185707986354828,0.06746385246515274,odom,
,reached,0.9630594350426499,0.036418346258205864,-0.9579541997940214,,,,,,,,,True,0.8,0.2,gyro,-1.0,,,mission_status,reached waypoint 2/3
,turning,0.9630594350426499,0.036418346258205864,-0.9579541997940214,,,,,,,,,True,0.8,0.2,gyro,-1.0,,,mission_status,aligning for waypoint 3/3
7496.506364816,turning,0.9661150520510667,0.03257957018905508,-0.9511582309939757,1.3796312030204976,-2.267038567431151,0.7569349823134952,0.8141420833773703,1.4741640090942383,1.892349646746651,-1.892349646746651,0.025540816000102495,pixhawk_fused,0.8,0.2,gyro,-1.0,0.04861709848046303,0.03363293036818504,odom,
7496.625130065,turning,0.9691308731879517,0.02867155786476916,-0.9633552964969019,1.3830896761029556,-2.263516252653286,0.744737916810569,0.7531521777483705,1.4741640090942383,1.892349646746651,-1.892349646746651,0.14463629500005482,pixhawk_fused,0.8,0.2,gyro,-1.0,0.06666457653045654,-0.8762431144714355,odom,
7496.744732268,turning,0.9733151862517243,0.022085051708869236,-1.0516445813604456,1.3890415105141773,-2.2584698473684557,0.6564486319470253,0.6341393348967279,1.528942346572876,1.8117356521482624,-1.8117356521482624,0.07368904599934467,pixhawk_fused,0.8,0.2,gyro,-1.0,0.07946885377168655,-1.0445432662963867,odom,
7496.844813194,turning,0.976280399633696,0.016043701310063496,-1.1742729315175637,1.3946201725397056,-2.254705682780303,0.5338202817899071,0.5326812872762051,1.6603641510009766,1.683819449305073,-1.683819449305073,0.06581156799984456,pixhawk_fused,0.8,0.2,gyro,-1.0,0.08206507563591003,-1.0786681175231934,odom,
7496.945066356,turning,0.978636356062321,0.009666251887421373,-1.1952648291208665,1.4006151572825136,-2.2514990412715843,0.5128283841866044,0.4274781375120453,1.6603641510009766,1.683819449305073,-1.683819449305073,0.16603006500008632,pixhawk_fused,0.8,0.2,gyro,-1.0,0.07997486740350723,-1.0511943101882935,odom,
7497.067510483,turning,0.9806260007358084,0.0014291660960322194,-1.3000392532821103,1.4085024140362548,-2.2484007434869926,0.40805396002536054,0.29571658392674766,1.7578567266464233,1.5857379366750872,-1.5857379366750872,0.1100820380006553,pixhawk_fused,0.8,0.2,gyro,-1.0,0.07563916593790054,-1.1930465698242188,odom,
7497.187384105,turning,0.9815030809950348,-0.0070490772684406455,-1.5104191385131311,1.4167808311452421,-2.2463715341587127,0.19767407479433974,0.16308718963072158,1.9875890016555786,1.3560253075952686,-1.3560253075952686,0.07182362900039152,pixhawk_fused,0.8,0.2,gyro,-1.0,0.07363516837358475,-1.0283535718917847,odom,
7497.30450323,turning,0.9812778806164852,-0.015408401467221153,-1.6040404436111357,1.4250923128456618,-2.245450508526928,0.10405276969633515,0.03562862007222516,2.071211814880371,1.2708356408472217,-1.2708356408472217,0.03334189199995308,pixhawk_fused,0.8,0.2,gyro,-1.0,0.08714635670185089,-1.1454567909240723,odom,
7497.405328729,turning,0.9802158927817451,-0.02264193198412115,-1.7893770603830017,1.4324031227600924,-2.2455124786416882,-0.08128384707553082,-0.07459896560075069,2.2776927947998047,1.0667601116295016,-1.0667601116295016,0.02988819100028195,pixhawk_fused,0.8,0.2,gyro,-1.0,0.08972737193107605,-1.1793818473815918,odom,
7497.524665317,turning,0.9778449223366205,-0.031246504998501068,-1.904221344860434,1.4412512282227201,-2.2466834642665647,-0.19612813155296305,-0.21056097009721503,2.386221408843994,0.957192072331444,-0.957192072331444,0.035599742000158585,pixhawk_fused,0.8,0.2,gyro,-1.0,0.08463382720947266,-1.1124320030212402,odom,
7497.624994148,turning,0.975006749937059,-0.038101532005673636,-1.926519608812258,1.448430195678232,-2.2485567085409186,-0.21842639550478715,-0.3224255462724717,2.386221408843994,0.957192072331444,-0.957192072331444,0.13608284600013576,pixhawk_fused,0.8,0.2,gyro,-1.0,0.0812615305185318,-1.0681062936782837,odom,
7497.725399977,turning,0.9714587041394376,-0.044530359633618705,-2.120458774353894,1.4552841319613616,-2.251191478185242,-0.4123655610464232,-0.4344889645776038,2.600735664367676,0.7428750485773241,-0.7428750485773241,0.04477758500070195,pixhawk_fused,0.8,0.2,gyro,-1.0,0.08669058233499527,-1.1394660472869873,odom,
7497.825517834,turning,0.9675098455571411,-0.0501360984268439,-2.144329365348644,1.4613775826415483,-2.2543359416257958,-0.4362361520411733,-0.5543405629196476,2.600735664367676,0.7428750485773241,-0.7428750485773241,0.1449526619999233,pixhawk_fused,0.8,0.2,gyro,-1.0,0.06561773270368576,-1.483471393585205,odom,
7497.944750406,turning,0.9633384295919639,-0.05452351939715738,-2.264448343435891,1.4662946409083224,-2.257867614306896,-0.5563551301284202,-0.7322742363647669,2.707474708557129,0.6369922738666689,-0.6369922738666689,0.08665058199949272,pixhawk_fused,0.8,0.2,gyro,-1.0,0.046242136508226395,-1.755782127380371,odom,
7498.067903868,turning,0.9606729036426414,-0.056414069187334576,-2.402280746087405,1.4685322195486477,-2.260249304657049,-0.6941875327799341,-0.9519707683144928,2.828822135925293,0.5190303664798891,-0.5190303664798891,0.0953226639994682,pixhawk_fused,0.8,0.2,gyro,-1.0,0.020872047170996666,-1.9204033613204956,odom,
7498.18510614,turning,0.9586766903518291,-0.05718895436405891,-2.7459616282769748,1.4695730263418472,-2.262120677350756,-1.0378684149695039,-1.1867085429559812,-3.084301471710205,0.1488285287017977,-0.1488285287017977,0.022660767000161286,pixhawk_fused,0.8,0.2,gyro,-1.0,0.02275468036532402,-1.8280326128005981,odom,
7498.306112679,turning,0.9563265772538343,-0.05756698537638856,-3.0475698429433904,1.4702691503658702,-2.264396935324455,-1.3394766296359195,-1.386894423693558,-2.76041579246521,-0.17792558807180767,0.17792558807180767,0.030597132999901078,pixhawk_fused,0.8,0.2,gyro,-1.0,0.023223165422677994,-1.3905682563781738,odom,
7498.425393293,turning,0.9524330605248605,-0.05757736753702408,3.11975544857734,1.4708123246603433,-2.268252391457506,-1.455336645294775,-1.4873519951038423,-2.646967887878418,-0.29762703174398786,0.29762703174398786,0.04173204099970462,pixhawk_fused,0.8,0.2,gyro,-1.0,0.030956462025642395,-0.5425246953964233,odom,
7498.525418788,turning,0.9513557952451632,-0.05750378546738312,3.109749571278786,1.4708868759561198,-2.2693295900966213,-1.4653425225933292,-1.537515348359005,-2.646967887878418,-0.29762703174398786,0.29762703174398786,0.14175055400028214,pixhawk_fused,0.8,0.2,gyro,-1.0,0.0025727404281497,-0.3718773126602173,odom,
7498.645575836,turning,0.9512214916047695,-0.05748974272322008,3.0526458984013223,1.4708913469543323,-2.2694645518566188,-1.5224461954707929,-1.5395510049871644,-2.5598814487457275,-0.36845869797514325,0.36845869797514325,0.005176624999876367,pixhawk_fused,0.8,0.2,gyro,-1.0,0.0,0.0,odom,
7498.767448198,turning,0.9512214916047695,-0.05748974272322008,3.053116085553019,1.4708913469543323,-2.2694645518566188,-1.521976008319096,-1.5395510049871644,-2.559882879257202,-0.36787109534488566,0.36787109534488566,0.07700498099984543,pixhawk_fused,0.8,0.2,gyro,-1.0,0.0,0.0,odom,
7498.885128717,turning,0.9512214916047695,-0.05748974272322008,3.053553671240084,1.4708913469543323,-2.2694645518566188,-1.5215384226320312,-1.5395510049871644,-2.5599405765533447,-0.3673242377233649,0.3673242377233649,0.023786396000105015,pixhawk_fused,0.8,0.2,gyro,-1.0,0.0,0.0,odom,
7498.985186081,turning,0.9512214916047695,-0.05748974272322008,3.05338927116693,1.4708913469543323,-2.2694645518566188,-1.5217028227051852,-1.5395510049871644,-2.5600175857543945,-0.36752969078579495,0.36752969078579495,0.011784163999436714,pixhawk_fused,0.8,0.2,gyro,-1.0,0.0,0.0,odom,
7499.10843773,turning,0.9512214916047695,-0.05748974272322008,3.05338927116693,1.4708913469543323,-2.2694645518566188,-1.5217028227051852,-1.5395510049871644,-2.5600175857543945,-0.36752969078579495,0.36752969078579495,0.13275868599976093,pixhawk_fused,0.8,0.2,gyro,-1.0,0.0,0.0,odom,
7499.225528256,turning,0.9512214916047695,-0.05748974272322008,3.0533517705562536,1.4708913469543323,-2.2694645518566188,-1.5217403233158615,-1.5395510049871644,-2.560002088546753,-0.3675765558653469,0.3675765558653469,0.05475599999954284,pixhawk_fused,0.8,0.2,gyro,-1.0,0.0,0.0,odom,
7499.344450055,turning,0.9512214916047695,-0.05748974272322008,3.053321513960835,1.4708913469543323,-2.2694645518566188,-1.52177057991128,-1.5395510049871644,-2.5599677562713623,-0.3676143680014605,0.3676143680014605,0.06600205300037487,pixhawk_fused,0.8,0.2,gyro,-1.0,0.0,0.0,odom,
7499.445694014,turning,0.9512214916047695,-0.05748974272322008,3.053321513960835,1.4708913469543323,-2.2694645518566188,-1.52177057991128,-1.5395510049871644,-2.5599677562713623,-0.3676143680014605,0.3676143680014605,0.1667249370002537,pixhawk_fused,0.8,0.2,gyro,-1.0,0.0,0.0,odom,
7499.567133026,turning,0.9512214916047695,-0.05748974272322008,3.0532973702296795,1.4708913469543323,-2.2694645518566188,-1.5217947236424356,-1.5395510049871644,-2.5599365234375,-0.3676445408039684,0.3676445408039684,0.1100523710001653,pixhawk_fused,0.8,0.2,gyro,-1.0,0.0,0.0,odom,
7499.667578678,turning,0.9512214916047695,-0.05748974272322008,3.0532511584935644,1.4708913469543323,-2.2694645518566188,-1.5218409353785507,-1.5395510049871644,-2.5599069595336914,-0.36770229235989554,0.36770229235989554,0.02223987399975158,pixhawk_fused,0.8,0.2,gyro,-1.0,0.0,0.0,odom,
7499.784850699,turning,0.9512214916047695,-0.05748974272322008,3.0532472290602426,1.4708913469543323,-2.2694645518566188,-1.5218448648118725,-1.5395510049871644,-2.5599117279052734,-0.367707203037567,0.367707203037567,0.09346855000057985,pixhawk_fused,0.8,0.2,gyro,-1.0,0.0,0.0,odom,
7499.884915271,turning,0.9512214916047695,-0.05748974272322008,3.0532125020801724,1.4708913469543323,-2.2694645518566188,-1.5218795917919428,-1.5395510049871644,-2.559861421585083,-0.3677506019254173,0.3677506019254173,0.012224613000398676,pixhawk_fused,0.8,0.2,gyro,-1.0,0.0,0.0,odom,
7499.985181837,turning,0.9512214916047695,-0.05748974272322008,3.0531316235739956,1.4708913469543323,-2.2694645518566188,-1.5219604702981195,-1.5395510049871644,-2.5597739219665527,-0.3678516772012184,0.3678516772012184,0.007803205000527669,pixhawk_fused,0.8,0.2,gyro,-1.0,0.0,0.0,odom,
7500.104456439,turning,0.9512214916047695,-0.05748974272322008,3.0531316235739956,1.4708913469543323,-2.2694645518566188,-1.5219604702981195,-1.5395510049871644,-2.5597739219665527,-0.3678516772012184,0.3678516772012184,0.12748805299997912,pixhawk_fused,0.8,0.2,gyro,-1.0,0.0,0.0,odom,
7500.205910802,turning,0.9512214916047695,-0.05748974272322008,3.05301147066014,1.4708913469543323,-2.2694645518566188,-1.5220806232119752,-1.5395510049871644,-2.559662342071533,-0.36800183452618823,0.36800183452618823,0.03219260199966811,pixhawk_fused,0.8,0.2,gyro,-1.0,0.0,0.0,odom,
7500.324497415,turning,0.9512214916047695,-0.05748974272322008,3.0529827126375784,1.4708913469543323,-2.2694645518566188,-1.5221093812345368,-1.5395510049871644,-2.5596299171447754,-0.36803777398494586,0.36803777398494586,0.03230668999913178,pixhawk_fused,0.8,0.2,gyro,-1.0,0.0,0.0,odom,
7500.425185805,turning,0.9512214916047695,-0.05748974272322008,3.0529827126375784,1.4708913469543323,-2.2694645518566188,-1.5221093812345368,-1.5395510049871644,-2.5596299171447754,-0.36803777398494586,0.36803777398494586,0.13244041399957496,pixhawk_fused,0.8,0.2,gyro,-1.0,0.0,0.0,odom,
7500.544355491,turning,0.9512214916047695,-0.05748974272322008,3.052970080527081,1.4708913469543323,-2.2694645518566188,-1.522122013345034,-1.5395510049871644,-2.559615135192871,-0.3680535605815197,0.3680535605815197,0.07256157999927382,pixhawk_fused,0.8,0.2,gyro,-1.0,0.0,0.0,odom,
7500.645032437,turning,0.9512214916047695,-0.05748974272322008,3.0529324907056825,1.4708913469543323,-2.2694645518566188,-1.5221596031664326,-1.5395510049871644,-2.5595741271972656,-0.3681005373303736,0.3681005373303736,0.05179804500039609,pixhawk_fused,0.8,0.2,gyro,-1.0,0.0,0.0,odom,
7500.766994975,turning,0.9512214916047695,-0.05748974272322008,3.0528592441243827,1.4708913469543323,-2.2694645518566188,-1.5222328497477324,-1.5395510049871644,-2.559522867202759,-0.3681920750890816,0.3681920750890816,0.0026046180000776076,pixhawk_fused,0.8,0.2,gyro,-1.0,0.0,0.0,odom,
7500.867168623,turning,0.9512214916047695,-0.05748974272322008,3.0528592441243827,1.4708913469543323,-2.2694645518566188,-1.5222328497477324,-1.5395510049871644,-2.559522867202759,-0.3681920750890816,0.3681920750890816,0.10307499699956679,pixhawk_fused,0.8,0.2,gyro,-1.0,0.0,0.0,odom,
7500.968327275,turning,0.9512214916047695,-0.05748974272322008,3.0528099895732064,1.4708913469543323,-2.2694645518566188,-1.5222821042989088,-1.5395510049871644,-2.559481143951416,-0.36825362954893653,0.36825362954893653,0.08756430599987652,pixhawk_fused,0.8,0.2,gyro,-1.0,0.0,0.0,odom,
7501.084270253,turning,0.9512214916047695,-0.05748974272322008,3.0527764164597277,1.4708913469543323,-2.2694645518566188,-1.5223156774123874,-1.5395510049871644,-2.5594537258148193,-0.3682955865985671,0.3682955865985671,0.02802636900014477,pixhawk_fused,0.8,0.2,gyro,-1.0,0.0,0.0,odom,
7501.18479991,turning,0.9512214916047695,-0.05748974272322008,3.0527352357959607,1.4708913469543323,-2.2694645518566188,-1.5223568580761544,-1.5395510049871644,-2.5594191551208496,-0.3683470509867141,0.3683470509867141,0.002898922999520437,pixhawk_fused,0.8,0.2,gyro,-1.0,0.0,0.0,odom,
7501.306086439,turning,0.9512214916047695,-0.05748974272322008,3.0527352357959607,1.4708913469543323,-2.2694645518566188,-1.5223568580761544,-1.5395510049871644,-2.5594191551208496,-0.3683470509867141,0.3683470509867141,0.1239019989998269,pixhawk_fused,0.8,0.2,gyro,-1.0,0.0,0.0,odom,
7501.424843441,turning,0.9512214916047695,-0.05748974272322008,3.052689699600119,1.4708913469543323,-2.2694645518566188,-1.522402394271996,-1.5395510049871644,-2.5593764781951904,-0.3684039586023385,0.3684039586023385,0.06572432800021488,pixhawk_fused,0.8,0.2,gyro,-1.0,0.0,0.0,odom,
7501.525230069,turning,0.9512214916047695,-0.05748974272322008,3.0526490478283357,1.4708913469543323,-2.2694645518566188,-1.5224430460437794,-1.5395510049871644,-2.559332847595215,-0.36845476206251926,0.36845476206251926,0.053181631000370544,pixhawk_fused,0.8,0.2,gyro,-1.0,0.0,0.0,odom,
7501.629352462,turning,0.9512214916047695,-0.05748974272322008,3.052610636807242,1.4708913469543323,-2.2694645518566188,-1.522481457064873,-1.5395510049871644,-2.559302806854248,-0.36850276522198266,0.36850276522198266,0.011107762999927218,pixhawk_fused,0.8,0.2,gyro,-1.0,0.0,0.0,odom,
7501.744848479,turning,0.9512214916047695,-0.05748974272322008,3.052573898075053,1.4708913469543323,-2.2694645518566188,-1.522518195797062,-1.5395510049871644,-2.559281349182129,-0.36854867849824524,0.36854867849824524,0.08326776699959737,pixhawk_fused,0.8,0.2,gyro,-1.0,0.0,0.0,odom,
7501.845664185,turning,0.9512214916047695,-0.05748974272322008,3.052536584880478,1.4708913469543323,-2.2694645518566188,-1.522555508991637,-1.5395510049871644,-2.55924916267395,-0.3685953097096602,0.3685953097096602,0.0744340960000045,pixhawk_fused,0.8,0.2,gyro,-1.0,0.0,0.0,odom,
7501.965163866,turning,0.9512214916047695,-0.05748974272322008,3.052513507357858,1.4708913469543323,-2.2694645518566188,-1.522578586514257,-1.5395510049871644,-2.5592432022094727,-0.36862415026174433,0.36862415026174433,0.08250869900075486,pixhawk_fused,0.8,0.2,gyro,-1.0,0.0,0.0,odom,
7502.066787267,turning,0.9512214916047695,-0.05748974272322008,3.052490721078012,1.4708913469543323,-2.2694645518566188,-1.522601372794103,-1.5395510049871644,-2.5592117309570312,-0.36865262684644706,0.36865262684644706,0.005580890000601357,pixhawk_fused,0.8,0.2,gyro,-1.0,0.0,0.0,odom,
7502.184045728,turning,0.9512214916047695,-0.05748974272322008,3.0524307259320054,1.4708913469543323,-2.2694645518566188,-1.5226613679401098,-1.5395510049871644,-2.559159755706787,-0.368727604311421,0.368727604311421,0.0736774390006758,pixhawk_fused,0.8,0.2,gyro,-1.0,0.0,0.0,odom,
7502.284561301,turning,0.9512661860757854,-0.05749444848344093,3.0525163357989165,1.4708898912804957,-2.269419633921088,-1.5225757580731987,-1.5388724509116702,-2.5591189861297607,-0.36879006993071684,0.36879006993071684,0.028416507000656566,pixhawk_fused,0.8,0.2,gyro,-1.0,0.0,0.0,odom,
7502.405189025,turning,0.9512661860757854,-0.05749444848344093,3.0524888070589915,1.4708898912804957,-2.269419633921088,-1.5226032868131236,-1.5388724509116702,-2.5590834617614746,-0.3688244734969879,0.3688244734969879,0.032978078999803984,pixhawk_fused,0.8,0.2,gyro,-1.0,0.0,0.0,odom,
7502.524669954,turning,0.9512661860757854,-0.05749444848344093,3.0524450484753176,1.4708898912804957,-2.269419633921088,-1.5226470453967975,-1.5388724509116702,-2.5590455532073975,-0.36887916004703886,0.36887916004703886,0.04608910900060437,pixhawk_fused,0.8,0.2,gyro,-1.0,0.0,0.0,odom,
7502.625209859,turning,0.9512661860757854,-0.05749444848344093,3.0524450484753176,1.4708898912804957,-2.269419633921088,-1.5226470453967975,-1.5388724509116702,-2.5590455532073975,-0.36887916004703886,0.36887916004703886,0.1465836270008367,pixhawk_fused,0.8,0.2,gyro,-1.0,0.0,0.0,odom,
7502.745274675,turning,0.9512661860757854,-0.05749444848344093,3.0523728639787935,1.4708898912804957,-2.269419633921088,-1.5227192298933216,-1.5388724509116702,-2.55897855758667,-0.36896937144780106,0.36896937144780106,0.07403644600071857,pixhawk_fused,0.8,0.2,gyro,-1.0,0.0,0.0,odom,
7502.866214741,turning,0.9512661860757854,-0.05749444848344093,3.0523596140247253,1.4708898912804957,-2.269419633921088,-1.5227324798473898,-1.5388724509116702,-2.558985471725464,-0.36898593036876565,0.36898593036876565,0.08887075399979949,pixhawk_fused,0.8,0.2,gyro,-1.0,0.0,0.0,odom,
7502.966756146,turning,0.9512661860757854,-0.05749444848344093,3.052330964479336,1.4708898912804957,-2.269419633921088,-1.5227611293927792,-1.5388724509116702,-2.558964729309082,-0.36902173469261773,0.36902173469261773,0.0751951669999471,pixhawk_fused,0.8,0.2,gyro,-1.0,0.0,0.0,odom,
7503.084124941,turning,0.9512661860757854,-0.05749444848344093,3.0523046008506576,1.4708898912804957,-2.269419633921088,-1.5227874930214575,-1.5388724509116702,-2.5589404106140137,-0.3690546822356949,0.3690546822356949,0.014116405000095256,pixhawk_fused,0.8,0.2,gyro,-1.0,0.0,0.0,odom,
7503.184975838,turning,0.9512661860757854,-0.05749444848344093,3.0522829462514487,1.4708898912804957,-2.269419633921088,-1.5228091476206664,-1.5388724509116702,-2.5589210987091064,-0.3690817447467664,0.3690817447467664,0.07185166899944306,pixhawk_fused,0.8,0.2,gyro,-1.0,0.0,0.0,odom,
7503.304877426,turning,0.9512661860757854,-0.05749444848344093,3.0522544497639066,1.4708898912804957,-2.269419633921088,-1.5228376441082085,-1.5388724509116702,-2.558901786804199,-0.36911735781328325,0.36911735781328325,0.0403961319998416,pixhawk_fused,0.8,0.2,gyro,-1.0,0.0,0.0,odom,
7503.406094295,turning,0.9512661860757854,-0.05749444848344093,3.0521791520908206,1.4708898912804957,-2.269419633921088,-1.5229129417812945,-1.5388724509116702,-2.5588362216949463,-0.36921146001712923,0.36921146001712923,0.03222873399954551,pixhawk_fused,0.8,0.2,gyro,-1.0,0.0,0.0,odom,
7503.525463196,turning,0.9512661860757854,-0.05749444848344093,3.052166331832071,1.4708898912804957,-2.269419633921088,-1.5229257620400443,-1.5388724509116702,-2.558835983276367,-0.36922748196078037,0.36922748196078037,0.03578728399952524,pixhawk_fused,0.8,0.2,gyro,-1.0,0.0,0.0,odom,
7503.626335948,turning,0.9512661860757854,-0.05749444848344093,3.052166331832071,1.4708898912804957,-2.269419633921088,-1.5229257620400443,-1.5388724509116702,-2.558835983276367,-0.36922748196078037,0.36922748196078037,0.1361335900000995,pixhawk_fused,0.8,0.2,gyro,-1.0,0.0,0.0,odom,
,navigating,0.9512661860757854,-0.05749444848344093,3.052166331832071,,,,,,,,,True,0.8,0.2,gyro,-1.0,,,mission_status,going to waypoint 3/3
7503.745376415,navigating,0.9512661860757854,-0.05749444848344093,3.052095999756453,1.4708898912804957,-2.269419633921088,-1.522996094115662,-1.5388724509116702,-2.558760404586792,-0.36931537854624485,0.36931537854624485,0.06622046699976636,pixhawk_fused,0.8,0.2,gyro,-1.0,0.0,0.0,odom,
7503.86653385,navigating,0.9512223155906743,-0.0574898565701748,3.0521896782938667,1.4708913469543323,-2.2694637200429977,-1.5229024155782485,-1.5382067265607267,-2.558730363845825,-0.3693645629505584,0.3693645629505584,0.00988663699990866,pixhawk_fused,0.8,0.2,gyro,-1.0,0.0025316013488918543,0.03327551484107971,odom,
7503.984981041,navigating,0.9499300023722644,-0.057363679903378706,3.05578547394619,1.4709432313289386,-2.270761141338257,-1.519306619925925,-1.5199921242582966,-2.5586769580841064,-0.36942076919925904,0.36942076919925904,0.022093735000453307,pixhawk_fused,0.8,0.2,gyro,-1.0,0.010279652662575245,0.1351163536310196,odom,
7504.104586434,navigating,0.9451757998358677,-0.05708825093004881,3.0763848516530983,1.47132108266625,-2.275508301672954,-1.4987072422190169,-1.452270256748518,-2.5679948329925537,-0.36060058338893153,0.36060058338893153,0.026286412000445125,pixhawk_fused,0.8,0.2,gyro,-1.0,0.0668812096118927,0.7438458204269409,odom,
7504.224852533,navigating,0.935310537761093,-0.05731972086327064,3.133733338981042,1.47290059275571,-2.285249047127552,-1.4413587548910733,-1.3671328491331667,-2.61663818359375,-0.3101964057828257,0.3101964057828257,0.06621928500044305,pixhawk_fused,0.8,0.2,gyro,-1.0,0.11791973561048508,0.6065324544906616,odom,
7504.325629477,navigating,0.9236358522590071,-0.05828691100606803,-3.09682841892889,1.4754565480594495,-2.296681493533734,-1.3887352056214193,-1.3353511674738552,-2.675896644592285,-0.2523650301243136,0.2523650301243136,0.05407592499977909,pixhawk_fused,0.8,0.2,gyro,-1.0,0.14355996251106262,0.1347360908985138,odom,
7504.445426685,navigating,0.9071984817108938,-0.059906120778766156,-3.0359162919753953,1.479310236588556,-2.3127425668336294,-1.3278230786679244,-1.348146638166988,-2.748281955718994,-0.173031844213135,0.173031844213135,0.0664617399997951,pixhawk_fused,0.8,0.2,gyro,-1.0,0.16771449148654938,-0.30523136258125305,odom,
7504.565746432,navigating,0.8928209996918298,-0.060847203356334374,-3.0460419154141576,1.4822102508012562,-2.326855948540097,-1.3379487021066867,-1.3988763035167326,-2.748281955718994,-0.173031844213135,0.173031844213135,0.1866376019997915,pixhawk_fused,0.8,0.2,gyro,-1.0,0.13418808579444885,-0.43262434005737305,odom,
7504.684508174,navigating,0.882786692501381,-0.06096357803771257,-3.1333085081275227,1.4836988852526287,-2.336779900944706,-1.4252152948200518,-1.4714128817001848,-2.659571886062622,-0.263968428849704,0.263968428849704,0.045468633999917074,pixhawk_fused,0.8,0.2,gyro,-1.0,0.08221258968114853,-0.7429172992706299,odom,
7504.785162993,navigating,0.8734624231421072,-0.06036237707060907,3.122121415277002,1.4843795167479616,-2.3460987089400827,-1.452970678595113,-1.5327069531704738,-2.6368589401245117,-0.2833745555872986,0.2833745555872986,0.09622124199995596,pixhawk_fused,0.8,0.2,gyro,-1.0,0.13101977109909058,-0.574043869972229,odom,
7504.90437972,navigating,0.8552148219670238,-0.057964404667641974,3.0523059112977977,1.4845015853968344,-2.364502793256757,-1.5227861825743174,-1.6052653233676482,-2.566660165786743,-0.3525084156985352,0.3525084156985352,0.04448953700011771,pixhawk_fused,0.8,0.2,gyro,-1.0,0.1852094978094101,-0.5409787893295288,odom,
7505.004840842,navigating,0.8364510683439743,-0.054216755283902254,2.9471122534696885,1.4833573217845306,-2.383602897620752,-1.6279798404024266,-1.6578676194614161,-2.4491820335388184,-0.4708011478180954,0.4708011478180954,0.031609849000233226,pixhawk_fused,0.8,0.2,gyro,-1.0,0.22899675369262695,-0.30437666177749634,odom,
7505.124904652,navigating,0.8109270069199542,-0.04821408248334089,2.946710206168908,1.4809045113697876,-2.409708328346888,-1.628381887703207,-1.6598807749035167,-2.4491820335388184,-0.4708011478180954,0.4708011478180954,0.15171917700081394,pixhawk_fused,0.8,0.2,gyro,-1.0,0.2666113078594208,0.2694789171218872,odom,
7505.248531795,navigating,0.7846002425875078,-0.04264852277577745,2.9323467175369036,1.4789945633194097,-2.4365490823139337,-1.6427453763352116,-1.613357732554163,-2.4191372394561768,-0.5003765131677458,0.5003765131677458,0.08381276599993726,pixhawk_fused,0.8,0.2,gyro,-1.0,0.24649585783481598,0.3811713755130768,odom,
7505.367083254,navigating,0.759441307674965,-0.03881511073523623,2.9895449395875726,1.4786406266237002,-2.461995924605691,-1.5855471542845425,-1.5383011314068256,-2.4776437282562256,-0.4476427324260542,0.4476427324260542,0.08829306299958262,pixhawk_fused,0.8,0.2,gyro,-1.0,0.2430337518453598,0.6655102372169495,odom,
7505.484574951,navigating,0.7343533724925593,-0.037076627499217155,3.0551622339896767,1.4803521871254843,-2.4870857109006606,-1.5199298598824384,-1.4535418626186996,-2.540168285369873,-0.38680942301405163,0.38680942301405163,0.028773500000170316,pixhawk_fused,0.8,0.2,gyro,-1.0,0.23253488540649414,0.6792115569114685,odom,
7505.584760402,navigating,0.7133371926932766,-0.037252770241816384,3.123549709179863,1.4834030715336823,-2.5078800116571025,-1.4515423846922522,-1.3848101472741754,-2.6062607765197754,-0.31850795821798533,0.31850795821798533,0.011910572000488173,pixhawk_fused,0.8,0.2,gyro,-1.0,0.24405640363693237,0.5740438103675842,odom,
7505.704953677,navigating,0.6882040570272738,-0.03908837964183875,-3.0592329703009793,1.4886612773617438,-2.5325254015250858,-1.3511397569935084,-1.337311001076215,-2.7171080112457275,-0.20488138629449099,0.20488138629449099,0.01436861999991379,pixhawk_fused,0.8,0.2,gyro,-1.0,0.24181903898715973,0.20280279219150543,odom,
7505.824864795,navigating,0.6645280334639241,-0.04128107986388432,-3.0643729514359945,1.4940737846164895,-2.5556785177571046,-1.3562797381285236,-1.3630187695616798,-2.7171080112457275,-0.20488138629449099,0.20488138629449099,0.13407031899987487,pixhawk_fused,0.8,0.2,gyro,-1.0,0.21015137434005737,-0.5390400886535645,odom,
7505.944802245,navigating,0.6412057000293423,-0.04231629152061309,-3.06964747572557,1.498291287628054,-2.578639692996092,-1.361554262418099,-1.433394092347562,-2.723780393600464,-0.19392160278511733,0.19392160278511733,0.07143509900015488,pixhawk_fused,0.8,0.2,gyro,-1.0,0.21934093534946442,-0.6444419622421265,odom,
7506.065839974,navigating,0.6186636514997832,-0.04152534191370933,3.118034665317694,1.5005930198938942,-2.601077865420914,-1.457057428554421,-1.5143562711839555,-2.623032331466675,-0.29304427096200675,0.29304427096200675,0.08870286499950453,pixhawk_fused,0.8,0.2,gyro,-1.0,0.20755048096179962,-0.5988414883613586,odom,
7506.184547671,navigating,0.5947485438783328,-0.03900621790190033,3.0129561276510506,1.501370765629472,-2.625112704091128,-1.5621359662210645,-1.5698028851164834,-2.508161783218384,-0.4105058052237103,0.4105058052237103,0.01231233699945733,pixhawk_fused,0.8,0.2,gyro,-1.0,0.2312459796667099,-0.4052681028842926,odom,
7506.284785328,navigating,0.5734954670474055,-0.03576746458771176,3.006333164892337,1.5010713127259339,-2.646609055543643,-1.5687589289797783,-1.6029525783248684,-2.508161783218384,-0.4105058052237103,0.4105058052237103,0.1124516459994993,pixhawk_fused,0.8,0.2,gyro,-1.0,0.24161367118358612,-0.20263062417507172,odom,
7506.404145989,navigating,0.5477189784225409,-0.031345632864063146,2.9764018052405428,1.5002190156945796,-2.6727481747214266,-1.5986902886315724,-1.5968176619137773,-2.468906879425049,-0.44944368454766964,0.44944368454766964,0.1143644170006155,pixhawk_fused,0.8,0.2,gyro,-1.0,0.2514462172985077,0.13770928978919983,odom,
7506.504816558,navigating,0.5266532429477268,-0.028078917013347714,2.9736540597944288,1.499866222742599,-2.6940627748977657,-1.6014380340776864,-1.5690489729149153,-2.4617362022399902,-0.45981952486885286,0.45981952486885286,0.037067803000354616,pixhawk_fused,0.8,0.2,gyro,-1.0,0.24876366555690765,0.37860432267189026,odom,
7506.624453895,navigating,0.5015626089846659,-0.02522953688499697,2.99901005471087,1.5004777097306916,-2.7193072785262298,-1.5760820391612453,-1.5102064163602735,-2.478583812713623,-0.44283358077657914,0.44283358077657914,0.032088466999994125,pixhawk_fused,0.8,0.2,gyro,-1.0,0.23840655386447906,0.5728140473365784,odom,
7506.725343161,navigating,0.4801238998999055,-0.024094024704637444,3.0713024754394507,1.5022871123096384,-2.7406996532761267,-1.5037896184326645,-1.4508887798426808,-2.546949625015259,-0.3672986696208784,0.3672986696208784,0.06940929800020967,pixhawk_fused,0.8,0.2,gyro,-1.0,0.2565940320491791,0.5396299958229065,odom,
7506.845782082,navigating,0.45419217013853985,-0.024475750319561174,3.100881171977676,1.5062144163441982,-2.766335109306432,-1.4742109218944393,-1.3871371904362182,-2.569027900695801,-0.3462568686450789,0.3462568686450789,0.08240646499962168,pixhawk_fused,0.8,0.2,gyro,-1.0,0.25280529260635376,0.27133888006210327,odom,
7506.948205853,navigating,0.43264574829097047,-0.025625547111246844,-3.0995654325711786,1.5103023643843014,-2.787521402231741,-1.3914722192637077,-1.3775712993590856,-2.6669962406158447,-0.2452318869377444,0.2452318869377444,0.07035652699960337,pixhawk_fused,0.8,0.2,gyro,-1.0,0.24833166599273682,-0.1255417764186859,odom,
7507.066618434,navigating,0.40814906077380886,-0.02666844025795405,-3.104286750411439,1.5146882056774036,-2.8116448290525855,-1.396193537103968,-1.4187385566323578,-2.66873836517334,-0.24084766654623246,0.24084766654623246,0.010082928999509022,pixhawk_fused,0.8,0.2,gyro,-1.0,0.23792371153831482,-0.532303512096405,odom,
7507.185698754,navigating,0.38423372530672956,-0.026430057569132928,3.097812507070752,1.5177252611841534,-2.8353677376149475,-1.4772795868013633,-1.480257181201317,-2.5839407444000244,-0.32682101170671674,0.32682101170671674,0.004918931999782217,pixhawk_fused,0.8,0.2,gyro,-1.0,0.22216881811618805,-0.5309453010559082,odom,
7507.304948424,navigating,0.3598946328167191,-0.024782548268957136,3.0888756271886786,1.519424448458326,-2.859703276909131,-1.4862164666834365,-1.5249893575142506,-2.5839407444000244,-0.32682101170671674,0.32682101170671674,0.12429013500059227,pixhawk_fused,0.8,0.2,gyro,-1.0,0.23045185208320618,-0.2754466235637665,odom,
7507.424738687,navigating,0.3349657799056441,-0.022128187345296688,3.046355251025866,1.5202069771222242,-2.884760830426289,-1.528736842846249,-1.55538576319363,-2.5407094955444336,-0.37236650986922476,0.37236650986922476,0.0658114560001195,pixhawk_fused,0.8,0.2,gyro,-1.0,0.24603579938411713,-0.06737300753593445,odom,
7507.545269093,navigating,0.30963316272929275,-0.018789092811519567,2.999550972913104,1.520366477384039,-2.9103120653274743,-1.575541120959011,-1.5682397807299644,-2.4851465225219727,-0.42765123362792223,0.42765123362792223,0.07285474400032399,pixhawk_fused,0.8,0.2,gyro,-1.0,0.24777594208717346,0.06784966588020325,odom,
7507.666893815,navigating,0.2841032484646405,-0.015493799440981833,3.0034617538722097,1.520596369873526,-2.9360527457808283,-1.5716303399999054,-1.5486837646705347,-2.4851465225219727,-0.42765123362792223,0.42765123362792223,0.19395905700002913,pixhawk_fused,0.8,0.2,gyro,-1.0,0.24049030244350433,0.2329171895980835,odom,
7507.784903637,navigating,0.25937632174279096,-0.012929266912968158,3.0443102192014093,1.5214402447919684,-2.960897978871242,-1.5307818746707058,-1.5162297702439742,-2.520678997039795,-0.38470431575877156,0.38470431575877156,0.014174444000673248,pixhawk_fused,0.8,0.2,gyro,-1.0,0.2338387370109558,0.3039815127849579,odom,
7507.884991749,navigating,0.23846758776700672,-0.011484488848553829,3.0509316940321654,1.5228707562665778,-2.9818076937675895,-1.5241603998399498,-1.4831215017745965,-2.520678997039795,-0.38470431575877156,0.38470431575877156,0.1140516370005571,pixhawk_fused,0.8,0.2,gyro,-1.0,0.249318927526474,0.30405735969543457,odom,
7508.008175327,navigating,0.21322734006610464,-0.010538435762870602,3.082747009423379,1.525388136213646,-3.0069399025572268,-1.4923450844487363,-1.4540536541274705,-2.5526552200317383,-0.35220215520960774,0.35220215520960774,0.12074545399991621,pixhawk_fused,0.8,0.2,gyro,-1.0,0.2348417341709137,0.32153892517089844,odom,
7508.125376397,navigating,0.18758161874979867,-0.010127939661570379,3.113567183449814,1.528491528856666,-3.0324004697737297,-1.461524910422301,-1.4459192657631748,-2.5889570713043213,-0.3157107033501335,0.3157107033501335,0.016535495999960403,pixhawk_fused,0.8,0.2,gyro,-1.0,0.25129297375679016,-8.235279528889805e-05,odom,
7508.244928452,navigating,0.1620181681318218,-0.009790529689270558,3.1120792011891716,1.5316560598008246,-3.0577695374919296,-1.4630128926829435,-1.453360176790825,-2.5889570713043213,-0.3157107033501335,0.3157107033501335,0.13647601899992878,pixhawk_fused,0.8,0.2,gyro,-1.0,0.24002088606357574,-0.16961544752120972,odom,
7508.367662644,navigating,0.13872703458164806,-0.009127633498001475,3.109033850043234,1.5341871646726386,-3.080932219580589,-1.466058243828881,-1.475712488215341,-2.589303970336914,-0.3139316267440983,0.3139316267440983,0.1071357379996698,pixhawk_fused,0.8,0.2,gyro,-1.0,0.2101849615573883,-0.16642668843269348,odom,
7508.484512472,navigating,0.11877553315173536,-0.008050862745404026,3.0636173050658106,1.5358512078213267,-3.1008433422249997,-1.5114747888063045,-1.505571119645382,-2.5394232273101807,-0.3632355850930282,0.3632355850930282,0.0027455019999251817,pixhawk_fused,0.8,0.2,gyro,-1.0,0.1824364811182022,-0.37151432037353516,odom,
7508.584913727,navigating,0.10428638936904916,-0.0069026295995752935,3.0599936911754586,1.5366968503437135,-3.1153532910752495,-1.5150984026966565,-1.5236966329974235,-2.5394232273101807,-0.3632355850930282,0.3632355850930282,0.1028832659994805,pixhawk_fused,0.8,0.2,gyro,-1.0,0.1541793942451477,-0.06755144894123077,odom,
7508.704305084,navigating,0.08932710843337836,-0.0053965885663171285,3.0215521468617244,1.537252397865798,-3.1303779246034553,-1.5535399470103908,-1.5468303011263735,-2.497331380844116,-0.40550217762542456,0.40550217762542456,0.03219202199943538,pixhawk_fused,0.8,0.2,gyro,-1.0,0.13094155490398407,-0.20653243362903595,odom,
7508.804822946,navigating,0.07876448103028186,-0.004129800861694,3.006115066822961,1.5374431951151006,-3.141014533327804,-1.5689770270491543,-1.5596863322734618,-2.4810447692871094,-0.4215843529845545,0.4215843529845545,0.02440627600026346,pixhawk_fused,0.8,0.2,gyro,-1.0,0.12049689888954163,-0.06886167824268341,odom,
7508.92452233,navigating,0.06697879174219952,-0.0025881182706410898,3.0043530222102364,1.5375290798714627,-3.1529003181573976,-1.5707390716618788,-1.5684987541141555,-2.4810447692871094,-0.4215843529845545,0.4215843529845545,0.14427878399965266,pixhawk_fused,0.8,0.2,gyro,-1.0,0.10514345020055771,-0.1011570394039154,odom,
7509.025334053,navigating,0.05843964942492441,-0.0014339092370003678,2.997205603098573,1.5375544501869012,-3.1615170754567017,-1.5778864907735421,-1.5685036375348034,-2.4728493690490723,-0.4305168510298202,0.4305168510298202,0.06709588100056862,pixhawk_fused,0.8,0.2,gyro,-1.0,0.08970732241868973,-0.03371841460466385,odom,
7509.145489181,navigating,0.050383777649697446,-0.00033429595276564077,2.9927991258431907,1.5375677592048362,-3.1696476376945673,-1.5822929680289244,-1.5664231928218402,-2.466702461242676,-0.43654478592378587,0.43654478592378587,0.02843238600053155,pixhawk_fused,0.8,0.2,gyro,-1.0,0.07744162529706955,0.20357944071292877,odom,
7509.266160057,navigating,0.04660457982712355,0.00018492223081895045,2.989687485594761,1.5375706705525096,-3.1734623349601923,-1.5854046082773543,-1.5819842513902216,-2.466702461242676,-0.43654478592378587,0.43654478592378587,0.1491184840006099,pixhawk_fused,0.8,0.2,gyro,-1.0,0.012880444526672363,-0.16930131614208221,odom,
7509.384590229,navigating,0.04642935544684257,0.000211231596931428,2.976804664474013,1.537568591018457,-3.1736395112614524,-1.598287429398102,-1.583300307118097,-2.451550245285034,-0.45231861071520985,0.45231861071520985,0.009315825999692606,pixhawk_fused,0.8,0.2,gyro,-1.0,0.002569656353443861,0.03377571329474449,odom,
7509.508343542,navigating,0.04350163391191764,0.0006150088393110133,2.9924447005910064,1.5375693188553756,-3.1765949450566473,-1.5826473932811087,-1.558962009242562,-2.4659769535064697,-0.43885298331314265,0.43885298331314265,0.018433879999975034,pixhawk_fused,0.8,0.2,gyro,-1.0,0.04601029306650162,0.22281934320926666,odom,
,turning,0.04350163391191764,0.0006150088393110133,2.9924447005910064,,,,,,,,,True,0.8,0.2,gyro,-1.0,,,mission_status,final alignment at waypoint 3/3
7509.624387625,turning,0.03810020068256253,0.0012397551903266194,2.992579524989038,1.5376897238770064,-3.1820310550228874,-1.582512568883077,-1.5582878729347303,-2.4659769535064697,-0.43885298331314265,0.43885298331314265,0.13454688699948747,pixhawk_fused,0.8,0.2,gyro,-1.0,0.04358403757214546,-0.5728711485862732,odom,
7509.72523113,turning,0.032734721135179556,0.002091295492745078,2.981827391457161,1.5375805483392582,-3.187462590014212,-1.5932647024149542,-1.6401769295484223,-2.456022262573242,-0.431839686232149,0.431839686232149,0.04496329199992033,pixhawk_fused,0.8,0.2,gyro,-1.0,0.06711944937705994,-0.8822219967842102,odom,
7509.845217362,turning,0.02518824765649138,0.004063842802469606,2.958451072160951,1.5366594187307712,-3.195208022545583,-1.616641021711164,-1.7577865016739977,-2.456022262573242,-0.431839686232149,0.431839686232149,0.16453655599980266,pixhawk_fused,0.8,0.2,gyro,-1.0,0.07180336117744446,-0.9437875747680664,odom,
7509.945769932,turning,0.018793170864912803,0.006511501354173978,2.864024627320754,1.5351100618850702,-3.20187792006508,-1.711067466551361,-1.861021710016972,-2.36382794380188,-0.5240962603264445,0.5240962603264445,0.0878057820000322,pixhawk_fused,0.8,0.2,gyro,-1.0,0.07882669568061829,-1.0361026525497437,odom,
7510.065521819,turning,0.011136527942806153,0.010514273135760456,2.6777838500224487,1.532192891516438,-3.2100103538835927,-1.8973082438496665,-1.9913097940239748,-2.16477632522583,-0.724169232624113,0.724169232624113,0.09358290899945132,pixhawk_fused,0.8,0.2,gyro,-1.0,0.08202418684959412,-1.0781307220458984,odom,
7510.166245978,turning,0.00501950674323179,0.014722184846374982,2.5540003757796166,1.5288617898946864,-3.216645731137821,-2.0210917180924985,-2.103251202561939,-2.039330005645752,-0.8508933804207439,0.8508933804207439,0.003544958000020415,pixhawk_fused,0.8,0.2,gyro,-1.0,0.08260440826416016,-1.0857571363449097,odom,
7510.266497933,turning,-0.0006539733380413223,0.019648490217930723,2.5315635617693104,1.524758349325893,-3.222940064807464,-2.0435285321028047,-2.216540929633682,-2.039330005645752,-0.8508933804207439,0.8508933804207439,0.1028532959999211,pixhawk_fused,0.8,0.2,gyro,-1.0,0.08769679069519043,-1.1526917219161987,odom,
7510.385142604,turning,-0.006561384600884909,0.026219790959029085,2.3497101796566664,1.5190574106980868,-3.229691272108408,-2.2253819142154487,-2.3497960054490146,-1.8441561460494995,-1.0447105310135478,1.0447105310135478,0.10920971900031873,pixhawk_fused,0.8,0.2,gyro,-1.0,0.0826251283288002,-1.0860295295715332,odom,
7510.485333746,turning,-0.010667158512913468,0.03207717384700261,2.243045584180691,1.5138170888628755,-3.234560085185168,-2.3320465096914242,-2.457643162897535,-1.7363845109939575,-1.151082876461088,1.151082876461088,0.09563323600013973,pixhawk_fused,0.8,0.2,gyro,-1.0,0.07999090850353241,-1.0514051914215088,odom,
7510.60614442,turning,-0.014737968124464807,0.039661429553133704,2.1333259582819206,1.5068613593878832,-3.239630613065005,-2.4417661355901945,-2.5874420791379507,-1.6335903406143188,-1.2558484056168193,1.2558484056168193,0.015433719000611745,pixhawk_fused,0.8,0.2,gyro,-1.0,0.0847901925444603,-1.1144872903823853,odom,
7510.725542492,turning,-0.01774584978712259,0.04756213774083006,1.9422657493066504,1.499446676747538,-3.243691527162428,-2.6328263445654647,-2.7149254671728325,-1.4270344972610474,-1.4626430061035747,1.4626430061035747,0.04186130300058721,pixhawk_fused,0.8,0.2,gyro,-1.0,0.07696285843849182,-1.0116043090820312,odom,
7510.826102104,turning,-0.019431393775994538,0.05421842809458319,1.9217531145325815,1.4930837184541672,-3.2462722289213906,-2.6533389793395337,-2.8184458364355334,-1.4270344972610474,-1.4626430061035747,1.4626430061035747,0.1424647100002403,pixhawk_fused,0.8,0.2,gyro,-1.0,0.07227884978055954,-0.95003741979599,odom,
7510.945626079,turning,-0.020422957310650428,0.061700946647542304,1.8105920683248113,1.485807324828303,-3.2482785633750946,-2.764500025547304,-2.9674851206297346,-1.3249099254608154,-1.56454085375601,1.56454085375601,0.08608012000058807,pixhawk_fused,0.8,0.2,gyro,-1.0,0.07953622192144394,-1.3152168989181519,odom,
7511.06613967,turning,-0.020200560782821793,0.06748283601142537,1.598693792391101,1.4800494069674626,-3.248849603425869,-2.9763983014810145,3.139309533469487,-1.0998109579086304,-1.7851205249004953,1.7851205249004953,0.09266053600003943,pixhawk_fused,0.8,0.2,gyro,-1.0,0.06942232698202133,-1.3856346607208252,odom,
7511.169662335,turning,-0.01986697344855317,0.06916488044493273,1.4205221959163226,1.4783375345355707,-3.2487493698845458,3.1286154092237934,2.941221836465868,-0.9298008680343628,-1.958414873140394,1.958414873140394,0.003935816000193881,pixhawk_fused,0.8,0.2,gyro,-1.0,4.213573447486851e-06,-2.2245867252349854,odom,
7511.284342363,turning,-0.019152053775968902,0.07075193698152896,1.1007866025926833,1.4766675647148335,-3.2482583918947867,2.8088798159001542,2.705860725111985,-0.5857309103012085,-2.298929947035848,2.298929947035848,0.007207450999885623,pixhawk_fused,0.8,0.2,gyro,-1.0,0.01286241877824068,-1.9949588775634766,odom,
7511.385070512,turning,-0.018456725271856773,0.07169427955022134,1.0617526521311993,1.4756389231958402,-3.247698581327895,2.76984586543867,2.5070988294688914,-0.5857309103012085,-2.298929947035848,2.298929947035848,0.1071924569996554,pixhawk_fused,0.8,0.2,gyro,-1.0,0.007560699246823788,-2.021697521209717,odom,
7511.507124688,turning,-0.01794523259139516,0.07213111175486728,0.8637867450773895,1.4751361958386853,-3.247251689460046,2.5718799583848604,2.2608800789257897,-0.39755192399024963,-2.4854046236448877,2.4854046236448877,0.05080138399989664,pixhawk_fused,0.8,0.2,gyro,-1.0,0.01025877334177494,-2.0892462730407715,odom,
7511.607383482,turning,-0.017186671071157046,0.0725070414728385,0.6642188980404644,1.4746599825406979,-3.2465517182980257,2.3723121113479353,2.057911481985689,-0.19979996979236603,-2.6841692819767586,2.6841692819767586,0.03373423599987291,pixhawk_fused,0.8,0.2,gyro,-1.0,0.014450212940573692,-2.025967597961426,odom,
7511.724896991,turning,-0.016621918372898246,0.07265625983161025,0.30270531496438635,1.4744348729795314,-3.2460127030716577,2.0107985282718572,1.8152137525207181,0.19340918958187103,-3.0742315925531973,3.0742315925531973,0.03521220600032393,pixhawk_fused,0.8,0.2,gyro,-1.0,0.0,-2.0289745330810547,odom,
7511.844492063,turning,-0.01666829042369926,0.07268680870538638,0.2651496172124308,1.4744109583379295,-3.246062819842319,1.9732428305199017,1.6204239173538653,0.19340918958187103,-3.0742315925531973,3.0742315925531973,0.1548025370002506,pixhawk_fused,0.8,0.2,gyro,-1.0,-0.0051658870652318,-1.4259147644042969,odom,
7511.94466884,turning,-0.01640649481351513,0.07263069416769502,0.08975645841317781,1.4744307139114268,-3.2457958076699978,1.7978496717206487,1.516360948782314,0.38533687591552734,3.0167427885704807,-3.0167427885704807,0.07284438900023815,pixhawk_fused,0.8,0.2,gyro,-1.0,0.020567525178194046,-0.6758518218994141,odom,
7512.044978595,turning,-0.016760137092575487,0.07269666476493024,-0.12523130444793962,1.4744137657089,-3.2461551511542432,1.5828619088595313,1.4408232491440973,0.6239355206489563,2.7678834074908067,-2.7678834074908067,0.06929033799951867,pixhawk_fused,0.8,0.2,gyro,-1.0,0.0054145860485732555,-0.5693569779396057,odom,
7512.145055617,turning,-0.01654599386745397,0.07263296397108551,-0.1288450014093787,1.4744475581372507,-3.245934304637884,1.5792482118980922,1.4225298347844295,0.6239355206489563,2.7678834074908067,-2.7678834074908067,0.16901055599919346,pixhawk_fused,0.8,0.2,gyro,-1.0,0.0,0.0,odom,
7512.267724854,turning,-0.01654599386745397,0.07263296397108551,-0.1946604772479783,1.4744475581372507,-3.245934304637884,1.5134327360594926,1.4225298347844295,0.7001914978027344,2.685802659409599,-2.685802659409599,0.09434123099981662,pixhawk_fused,0.8,0.2,gyro,-1.0,0.0,0.0,odom,
7512.385123577,turning,-0.01654599386745397,0.07263296397108551,-0.19298930176145812,1.4744475581372507,-3.245934304637884,1.5151039115460128,1.4225298347844295,0.7001594305038452,2.687888657005982,-2.687888657005982,0.09521066600063932,pixhawk_fused,0.8,0.2,gyro,-1.0,0.0,0.0,odom,
7512.505601125,turning,-0.01654599386745397,0.07263296397108551,-0.19276129061148684,1.4744475581372507,-3.245934304637884,1.515331922695984,1.4225298347844295,0.7000511884689331,2.6881732592196332,-2.6881732592196332,0.03386186199986696,pixhawk_fused,0.8,0.2,gyro,-1.0,0.0,0.0,odom,
7512.62489649,turning,-0.01654599386745397,0.07263296397108551,-0.19286203873180652,1.4744475581372507,-3.245934304637884,1.5152311745756644,1.4225298347844295,0.7000237703323364,2.6880475061782763,-2.6880475061782763,0.03292259699992428,pixhawk_fused,0.8,0.2,gyro,-1.0,0.0,0.0,odom,
7512.745068345,turning,-0.01654599386745397,0.07263296397108551,-0.192987424995825,1.4744475581372507,-3.245934304637884,1.5151057883116459,1.4225298347844295,0.7000582814216614,2.6878909995802807,-2.6878909995802807,0.09464857300008589,pixhawk_fused,0.8,0.2,gyro,-1.0,0.0,0.0,odom,
7512.846064546,turning,-0.01654599386745397,0.07263296397108551,-0.19301002237317122,1.4744475581372507,-3.245934304637884,1.5150831909342997,1.4225298347844295,0.7000556588172913,2.6878627935820387,-2.6878627935820387,0.08371259500017914,pixhawk_fused,0.8,0.2,gyro,-1.0,0.0,0.0,odom,
7512.966159107,turning,-0.01654599386745397,0.07263296397108551,-0.19307999015743493,1.4744475581372507,-3.245934304637884,1.515013223150036,1.4225298347844295,0.7000666856765747,2.687775459848823,-2.687775459848823,0.08969488200000342,pixhawk_fused,0.8,0.2,gyro,-1.0,0.0,0.0,odom,
7513.067217787,turning,-0.01654599386745397,0.07263296397108551,-0.1931157142680564,1.4744475581372507,-3.245934304637884,1.5149774990394145,1.4225298347844295,0.7000767588615417,2.6877308689872863,-2.6877308689872863,0.07742939199943066,pixhawk_fused,0.8,0.2,gyro,-1.0,0.0,0.0,odom,
7513.184820968,turning,-0.01654599386745397,0.07263296397108551,-0.19315038661675787,1.4744475581372507,-3.245934304637884,1.514942826690713,1.4225298347844295,0.7000664472579956,2.6876875909003557,-2.6876875909003557,0.00492337800005771,pixhawk_fused,0.8,0.2,gyro,-1.0,0.0,0.0,odom,
7513.28553009,turning,-0.01654599386745397,0.07263296397108551,-0.19315038661675787,1.4744475581372507,-3.245934304637884,1.514942826690713,1.4225298347844295,0.7000664472579956,2.6876875909003557,-2.6876875909003557,0.10494450299938762,pixhawk_fused,0.8,0.2,gyro,-1.0,0.0,0.0,odom,
7513.405321482,turning,-0.01654599386745397,0.07263296397108551,-0.19319315326519937,1.4744475581372507,-3.245934304637884,1.5149000600422715,1.4225298347844295,0.7001066207885742,2.687634209446156,-2.687634209446156,0.04674026199973014,pixhawk_fused,0.8,0.2,gyro,-1.0,0.0,0.0,odom,
7513.506199303,turning,-0.01654599386745397,0.07263296397108551,-0.19326644810493732,1.4744475581372507,-3.245934304637884,1.5148267652025336,1.4225298347844295,0.7001602053642273,2.687542722492026,-2.687542722492026,0.034246129999701225,pixhawk_fused,0.8,0.2,gyro,-1.0,0.0,0.0,odom,
7513.624882416,turning,-0.01654599386745397,0.07263296397108551,-0.19326644810493732,1.4744475581372507,-3.245934304637884,1.5148267652025336,1.4225298347844295,0.7001602053642273,2.687542722492026,-2.687542722492026,0.1532311959999788,pixhawk_fused,0.8,0.2,gyro,-1.0,0.0,0.0,odom,
7513.724978187,turning,-0.01654599386745397,0.07263296397108551,-0.1933416571392581,1.4744475581372507,-3.245934304637884,1.5147515561682128,1.4225298347844295,0.700228750705719,2.687448846069643,-2.687448846069643,0.05392915799984621,pixhawk_fused,0.8,0.2,gyro,-1.0,0.0,0.0,odom,
7513.845107124,turning,-0.01654599386745397,0.07263296397108551,-0.19338870070242842,1.4744475581372507,-3.245934304637884,1.5147045126050425,1.4225298347844295,0.7002725601196289,2.687390125894466,-2.687390125894466,0.0724795570004062,pixhawk_fused,0.8,0.2,gyro,-1.0,0.0,0.0,odom,
7513.966404782,turning,-0.01654599386745397,0.07263296397108551,-0.19339982939121048,1.4744475581372507,-3.245934304637884,1.5146933839162604,1.4225298347844295,0.7002917528152466,2.6873762349612207,-2.6873762349612207,0.07532618599998386,pixhawk_fused,0.8,0.2,gyro,-1.0,0.0,0.0,odom,
7514.084905289,turning,-0.01654599386745397,0.07263296397108551,-0.1934267146448927,1.4744475581372507,-3.245934304637884,1.5146664986625782,1.4225298347844295,0.7003206014633179,2.6873426765217574,-2.6873426765217574,0.021680500000002212,pixhawk_fused,0.8,0.2,gyro,-1.0,0.0,0.0,odom,
7514.205356793,turning,-0.01654599386745397,0.07263296397108551,-0.19348776203571094,1.4744475581372507,-3.245934304637884,1.51460545127176,1.4225298347844295,0.7003752589225769,2.687266476487288,-2.687266476487288,0.0954165009998178,pixhawk_fused,0.8,0.2,gyro,-1.0,0.0,0.0,odom,
7514.305800262,turning,-0.01654599386745397,0.07263296397108551,-0.19349466082898936,1.4744475581372507,-3.245934304637884,1.5145985524784815,1.4225298347844295,0.7003675699234009,2.6872578653297516,-2.6872578653297516,0.04760388399972726,pixhawk_fused,0.8,0.2,gyro,-1.0,0.0,0.0,odom,
7514.424702744,turning,-0.01654599386745397,0.07263296397108551,-0.1935088139803114,1.4744475581372507,-3.245934304637884,1.5145843993271595,1.4225298347844295,0.7003822922706604,2.687240199190112,-2.687240199190112,0.06131057000038709,pixhawk_fused,0.8,0.2,gyro,-1.0,0.0,0.0,odom,
7514.524732801,turning,-0.01654599386745397,0.07263296397108551,-0.19353645114164686,1.4744475581372507,-3.245934304637884,1.514556762165824,1.4225298347844295,0.7003991603851318,2.6872057021246425,-2.6872057021246425,0.046408533999965584,pixhawk_fused,0.8,0.2,gyro,-1.0,0.0,0.0,odom,
7514.644661157,turning,-0.01654599386745397,0.07263296397108551,-0.19353645114164686,1.4744475581372507,-3.245934304637884,1.514556762165824,1.4225298347844295,0.7003991603851318,2.6872057021246425,-2.6872057021246425,0.16634257499936211,pixhawk_fused,0.8,0.2,gyro,-1.0,0.0,0.0,odom,
7514.744933502,turning,-0.01654599386745397,0.07263296397108551,-0.19359352273466146,1.4744475581372507,-3.245934304637884,1.5144996905728094,1.4225298347844295,0.7004555463790894,2.6871344645475173,-2.6871344645475173,0.07319579599970893,pixhawk_fused,0.8,0.2,gyro,-1.0,0.0,0.0,odom,
7514.866668985,turning,-0.01654599386745397,0.07263296397108551,-0.19362270627938316,1.4744475581372507,-3.245934304637884,1.5144705070280877,1.4225298347844295,0.7004687786102295,2.6870980371940085,-2.6870980371940085,0.08916148200023599,pixhawk_fused,0.8,0.2,gyro,-1.0,0.0,0.0,odom,
7514.986387348,turning,-0.01654599386745397,0.07263296397108551,-0.19365832527946392,1.4744475581372507,-3.245934304637884,1.514434888028007,1.4225298347844295,0.7005172967910767,2.6870535769718833,-2.6870535769718833,0.03145811099966522,pixhawk_fused,0.8,0.2,gyro,-1.0,0.0,0.0,odom,
7515.106170635,turning,-0.01654599386745397,0.07263296397108551,-0.19368525715102458,1.4744475581372507,-3.245934304637884,1.5144079561564463,1.4225298347844295,0.7005364894866943,2.6870199601422198,-2.6870199601422198,0.03496129299946915,pixhawk_fused,0.8,0.2,gyro,-1.0,0.0,0.0,odom,
7515.224084339,turning,-0.01654599386745397,0.07263296397108551,-0.19369823681214005,1.4744475581372507,-3.245934304637884,1.5143949764953308,1.4225298347844295,0.700547456741333,2.687003758696387,-2.687003758696387,0.11071369599994796,pixhawk_fused,0.8,0.2,gyro,-1.0,0.0,0.0,odom,
7515.324643383,turning,-0.01654599386745397,0.07263296397108551,-0.19372266804776506,1.4744475581372507,-3.245934304637884,1.5143705452597058,1.4225298347844295,0.7005786299705505,2.686973263176637,-2.686973263176637,0.05325588899995637,pixhawk_fused,0.8,0.2,gyro,-1.0,0.0,0.0,odom,
7515.444815904,turning,-0.01654599386745397,0.07263296397108551,-0.19379257478020628,1.4744475581372507,-3.245934304637884,1.5143006385272646,1.4225298347844295,0.7006526589393616,2.686886004206272,-2.686886004206272,0.07079835900003673,pixhawk_fused,0.8,0.2,gyro,-1.0,0.0,0.0,odom,
7515.544828966,turning,-0.01654599386745397,0.07263296397108551,-0.19382560274060134,1.4744475581372507,-3.245934304637884,1.5142676105668695,1.4225298347844295,0.7006828188896179,2.6868447780017872,-2.6868447780017872,0.05682503200023348,pixhawk_fused,0.8,0.2,gyro,-1.0,0.0,0.0,odom,
7515.645436638,turning,-0.01654599386745397,0.07263296397108551,-0.19382560274060134,1.4744475581372507,-3.245934304637884,1.5142676105668695,1.4225298347844295,0.7006828188896179,2.6868447780017872,-2.6868447780017872,0.15710938200027158,pixhawk_fused,0.8,0.2,gyro,-1.0,0.0,0.0,odom,
7515.766122606,turning,-0.01654599386745397,0.07263296397108551,-0.19385215053127713,1.4744475581372507,-3.245934304637884,1.5142410627761937,1.4225298347844295,0.7006938457489014,2.686811640460523,-2.686811640460523,0.08882442300000548,pixhawk_fused,0.8,0.2,gyro,-1.0,0.0,0.0,odom,
7515.866692705,turning,-0.01654599386745397,0.07263296397108551,-0.19386100260557693,1.4744475581372507,-3.245934304637884,1.514232210701894,1.4225298347844295,0.7007028460502625,2.686800591100486,-2.686800591100486,0.011253581000346458,pixhawk_fused,0.8,0.2,gyro,-1.0,0.0,0.0,odom,
7515.984873976,turning,-0.01654599386745397,0.07263296397108551,-0.19390275996243234,1.4744475581372507,-3.245934304637884,1.5141904533450385,1.4225298347844295,0.7007513046264648,2.6867484685895167,-2.6867484685895167,0.02190232900011324,pixhawk_fused,0.8,0.2,gyro,-1.0,0.0,0.0,odom,
7516.106175072,turning,-0.01654599386745397,0.07263296397108551,-0.1939031493085075,1.4744475581372507,-3.245934304637884,1.5141900639989634,1.4225298347844295,0.7007392644882202,2.686747982598389,-2.686747982598389,0.028943156999957864,pixhawk_fused,0.8,0.2,gyro,-1.0,0.0,0.0,odom,
7516.206374094,turning,-0.01654599386745397,0.07263296397108551,-0.1939275619955867,1.4744475581372507,-3.245934304637884,1.5141656513118842,1.4225298347844295,0.7007731795310974,2.686717510086963,-2.686717510086963,0.04700207499990938,pixhawk_fused,0.8,0.2,gyro,-1.0,0.0,0.0,odom,
7516.325487359,turning,-0.01654599386745397,0.07263296397108551,-0.19399323142290426,1.4744475581372507,-3.245934304637884,1.5140999818845666,1.4225298347844295,0.7008535861968994,2.6866355398208968,-2.6866355398208968,0.052373568999428244,pixhawk_fused,0.8,0.2,gyro,-1.0,0.0,0.0,odom,
7516.445593462,turning,-0.01654599386745397,0.07263296397108551,-0.19402240181034625,1.4744475581372507,-3.245934304637884,1.5140708114971246,1.4225298347844295,0.7008898258209229,2.6865991285541226,-2.6865991285541226,0.06387125299988838,pixhawk_fused,0.8,0.2,gyro,-1.0,0.0,0.0,odom,
7516.565588625,turning,-0.01654599386745397,0.07263296397108551,-0.19402240181034625,1.4744475581372507,-3.245934304637884,1.5140708114971246,1.4225298347844295,0.7008898258209229,2.6865991285541226,-2.6865991285541226,0.18386611899950367,pixhawk_fused,0.8,0.2,gyro,-1.0,0.0,0.0,odom,
7516.684732778,turning,-0.01654599386745397,0.07263296397108551,-0.19413686417578857,1.4744475581372507,-3.245934304637884,1.5139563491316823,1.4225298347844295,0.7010153532028198,2.6864562532962433,-2.6864562532962433,0.002681969000150275,pixhawk_fused,0.8,0.2,gyro,-1.0,0.0,0.0,odom,
7516.785749627,turning,-0.01654599386745397,0.07263296397108551,-0.19413686417578857,1.4744475581372507,-3.245934304637884,1.5139563491316823,1.4225298347844295,0.7010153532028198,2.6864562532962433,-2.6864562532962433,0.10328266500073369,pixhawk_fused,0.8,0.2,gyro,-1.0,0.0,0.0,odom,
7516.885968095,turning,-0.01654599386745397,0.07263296397108551,-0.19418766256563313,1.4744475581372507,-3.245934304637884,1.5139055507418377,1.4225298347844295,0.7010711431503296,2.686392845145906,-2.686392845145906,0.026938242000142054,pixhawk_fused,0.8,0.2,gyro,-1.0,0.0,0.0,odom,
,error,-0.01654599386745397,0.07263296397108551,-0.19418766256563313,,,,,,,,,True,0.8,0.2,gyro,-1.0,,,mission_status,final alignment at waypoint 3 timed out
