t_bridge,mission_state,x_m,y_m,yaw_rad,raw_x_m,raw_y_m,raw_yaw_rad,encoder_yaw_rad,pixhawk_yaw_rad,pixhawk_yaw_ros_rad,pixhawk_gyro_yaw_rad,pixhawk_age_s,yaw_source,pixhawk_weight,encoder_weight,pixhawk_yaw_mode,pixhawk_yaw_sign,linear_x_mps,angular_z_radps,cmd_linear_x_mps,cmd_angular_z_radps,cmd_age_s,actual_left_mps,actual_right_mps,cmd_left_mps,cmd_right_mps,turn_abs_balance_error_mps,turn_linear_leak_ratio,event_type,event_message
,navigating,-0.001432781099421706,-1.1586827139183867e-05,0.008075586715807548,,,,,,,,,True,0.8,0.2,gyro,-1.0,,,,,,,,,,,,mission_status,going to waypoint 1/4
7683.088445426,navigating,-0.001432781099421706,-1.1586827139183867e-05,0.008049440306999722,-6.11777174592382,-5.6927236364857885,-1.812327475841159,-1.8007846056878194,3.1042678356170654,0.10720522777575733,-0.10720522777575733,0.05609655500029476,pixhawk_fused,0.8,0.2,gyro,-1.0,0.0,0.0,0.0,0.0,408.47164906299986,0.0,0.0,0.0,0.0,,,odom,
7683.205581314,navigating,-0.001432781099421706,-1.1586827139183867e-05,0.008049440306999722,-6.11777174592382,-5.6927236364857885,-1.812327475841159,-1.8007846056878194,3.1042678356170654,0.10720522777575733,-0.10720522777575733,0.17254940400016494,pixhawk_fused,0.8,0.2,gyro,-1.0,0.0,0.0,0.24,0.016721110246751887,0.04870831199968961,0.0,0.0,0.2387278579324271,0.2412721420675729,,,odom,
7683.308778181,navigating,-0.0013825205796969562,-1.0578805997416615e-05,0.008144033960068908,-6.117783183361108,-5.692772588717381,-1.8122328821880898,-1.800082708338343,3.1043431758880615,0.10714800549464035,-0.10714800549464035,0.027448888999970222,pixhawk_fused,0.8,0.2,gyro,-1.0,0.002497320994734764,0.032824933528900146,0.24,0.01694084521118748,0.004030539000268618,5.1856041162479105e-11,0.004994641937613487,0.23871114049633285,0.24128885950366713,,,odom,
7683.421958707,navigating,4.897410813734177e-05,1.531602046355265e-05,0.009270238566288613,-6.118111666560017,-5.6941661260765395,-1.81110667758187,-1.7953524774572085,3.1034328937530518,0.10737328620420503,-0.10737328620420503,0.08935102600025857,pixhawk_fused,0.8,0.2,gyro,-1.0,0.02319641411304474,0.3048950135707855,0.24,0.017197885571099934,0.014038737999726436,1.4805793778494003e-09,0.046392826745510096,0.2386915848657507,0.24130841513424928,0.046392825264930715,1.0000000638279463,odom,
7683.522896076,navigating,0.004875193202953234,0.0002592253902507424,0.0231463401298051,-6.1190673788197945,-5.698903055103699,-1.7972305760183536,-1.7358738053486986,3.099153518676758,0.10985761457847165,-0.10985761457847165,0.013004706000174338,pixhawk_fused,0.8,0.2,gyro,-1.0,0.06631799042224884,0.6624825596809387,0.24,-0.010395608988407268,0.01997344799929124,0.015916317281723026,0.11671966356277466,0.24079089793183803,0.23920910206816196,0.10080334628105164,1.315789462729669,odom,
7683.625742598,navigating,0.014101628846070611,0.0013069882380655515,0.12399940182645142,-6.1203309868913625,-5.708102414663109,-1.6963775143217072,-1.6735874610361057,2.985703706741333,0.2203437958078246,-0.2203437958078246,0.013317805000042426,pixhawk_fused,0.8,0.2,gyro,-1.0,0.12111062556505203,0.5758229494094849,0.24,-0.12422350265099989,0.022639482999693428,0.07730201557397842,0.16491923555612564,0.24945092408168806,0.23054907591831192,0.08761721998214722,2.764539335754533,odom,
7683.745884852,navigating,0.029522052552283014,0.00393404111848302,0.1308866606741843,-6.121594137465439,-5.723693929173985,-1.6894902554739744,-1.639133064560602,2.985703706741333,0.2203437958078246,-0.2203437958078246,0.1332576409995454,pixhawk_fused,0.8,0.2,gyro,-1.0,0.14642654359340668,-0.033765606582164764,0.24,-0.6169486553251654,0.03400951599996915,0.14899543094217776,0.1438576562446356,0.2869374536971386,0.1930625463028614,,,odom,
7683.845941535,navigating,0.045269161947731645,0.006726042378852634,0.16343054398213885,-6.122778140973483,-5.739642749225734,-1.6569463721660198,-1.6608310949947,2.942182779312134,0.2664431673304896,-0.2664431673304896,0.02820793400042021,pixhawk_fused,0.8,0.2,gyro,-1.0,0.14714647829532623,-0.37324777245521545,0.20895077673955564,-0.6666666666666666,0.03962179500013008,0.175543168823719,0.11874978776693344,0.25967077673955563,0.15823077673955566,0.056793381056785566,5.181817865296661,odom,
7683.946074117,navigating,0.061043432641860434,0.009041037989888503,0.1266919162932938,-6.124431079410331,-5.75550006977918,-1.6936849998548649,-1.7015414698828029,2.9844553470611572,0.23069745978878542,-0.23069745978878542,0.025868441999591596,pixhawk_fused,0.8,0.2,gyro,-1.0,0.15484891831874847,-0.5252499580383301,0.15201012119984622,-0.6666666666666667,0.040728781999860075,0.19480993512630462,0.11488790151119233,0.20273012119984624,0.10129012119984622,0.0799220336151123,3.8749994542047888,odom,
7684.066394742,navigating,0.07710549238237026,0.010569648588333893,0.11383219552473989,-6.126917120779231,-5.771442027368558,-1.7065447206234188,-1.765872623934585,2.9844553470611572,0.23069745978878542,-0.23069745978878542,0.1463811120001992,pixhawk_fused,0.8,0.2,gyro,-1.0,0.1319437026977539,-0.6871305108070374,0.1669906753418251,-0.6666666666666666,0.011893855000380427,0.1842205919599533,0.07966681343555451,0.2177106753418251,0.11627067534182511,0.10455377852439879,2.523939441690543,odom,
7684.18661139,navigating,0.09294076443551119,0.011009801492185169,0.06351624031460612,-6.13040187917211,-5.786895377636995,-1.7568606758335525,-1.8332553345783589,3.030407428741455,0.1846389361338477,-0.1846389361338477,0.0884784830004719,pixhawk_fused,0.8,0.2,gyro,-1.0,0.14063763618469238,-0.6626874804496765,0.21096983145800205,-0.6666666666666667,0.03173079299995152,0.19105489969730377,0.090220372672081,0.26168983145800206,0.16024983145800203,0.10083452702522278,2.789473810880538,odom,
7684.2892686,navigating,0.11006922522520728,0.010377368419389302,-0.0598570075867233,-6.1352454051147935,-5.803336922487108,-1.880233923734882,-1.8897128416952038,-3.112419843673706,0.04455413356588886,-0.04455413356588886,0.007202332999440841,pixhawk_fused,0.8,0.2,gyro,-1.0,0.19055303931236267,-0.5734043121337891,0.24,-0.4701849133972842,0.03298778200041852,0.23417763937950134,0.146928439245224,0.27577166821126536,0.20422833178873462,0.08724920013427734,4.3680180223795695,odom,
7684.408624406,navigating,0.13468531905845516,0.008175346474246687,-0.08512586698633573,-6.143459315077477,-5.8266464196798635,-1.9055027831344944,-1.9320407703477187,-3.092733144760132,0.023549344690309025,-0.023549344690309025,0.07281188299930363,pixhawk_fused,0.8,0.2,gyro,-1.0,0.22716820240020752,-0.2036595344543457,0.24,0.11350857298731491,0.0039635319999433705,0.24266261978149414,0.2116737850189209,0.23136426776712507,0.2486357322328749,0.030988834762573247,14.66129360078875,odom,
7684.5087373,navigating,0.1569135407389769,0.005611589136023928,-0.08526621042812987,-6.151433953852098,-5.847552682549684,-1.9056431265762885,-1.932742676887803,-3.092733144760132,0.023549344690309025,-0.023549344690309025,0.17297287600013078,pixhawk_fused,0.8,0.2,gyro,-1.0,0.23803113400936127,0.06809372454881668,0.24,0.24514462938377674,0.004239847999997437,0.2328505634456873,0.24321170457303523,0.22134939659648226,0.2586506034035177,,,odom,
7684.623353485,navigating,0.18291903692447778,0.002985655898162916,-0.09397154679905895,-6.160401819680801,-5.872103827934414,-1.9143484629472176,-1.9016758047290347,-3.079106092453003,0.00490181307660148,-0.00490181307660148,0.005819066999720235,pixhawk_fused,0.8,0.2,gyro,-1.0,0.23080801963806152,0.3370838463306427,0.24,0.4285392055148572,0.019536396999683348,0.20516268060922624,0.25645335866689684,0.20739673724442967,0.27260326275557034,0.0512906780576706,8.999998766970634,odom,
7684.742169533,navigating,0.21071857524996682,0.0013174687507331306,-0.08397237657152501,-6.1688847381684955,-5.898629989990021,-1.9043492927196837,-1.8516574143006124,-3.079106092453003,0.00490181307660148,-0.00490181307660148,0.12478404300054535,pixhawk_fused,0.8,0.2,gyro,-1.0,0.2427234947681427,0.27152103185653687,0.24,0.3997836912697316,0.04034922899973026,0.22206617466449738,0.26338081487178805,0.2095844567681988,0.27041554323180117,0.04131464020729067,11.74999920368713,odom,
7684.843498197,navigating,0.23525006762013,0.001031014412390431,-0.008377943202532157,-6.175221535923488,-5.922330647538023,-1.8287548593506908,-1.8063387988592838,3.1232240200042725,0.08805992658601806,-0.08805992658601806,0.029504516000088188,pixhawk_fused,0.8,0.2,gyro,-1.0,0.2516503632068634,0.4725296199321747,0.24,0.37349016394689993,0.04044696499931888,0.21570030972242354,0.28760041669130326,0.21158486832691986,0.2684151316730801,0.07190010696887972,6.99999968889572,odom,
7684.944959824,navigating,0.2595868785564296,0.0017454165903671298,0.029637661198703702,-6.180540401759856,-5.946089864764939,-1.790739254949455,-1.7730747597854455,3.0846571922302246,0.1272631976472001,-0.1272631976472001,0.013518067000404699,pixhawk_fused,0.8,0.2,gyro,-1.0,0.24990016222000122,0.15268437564373016,0.24,0.11720789865743675,0.04192813400004525,0.23828393492102623,0.2615163895189762,0.23108282307014222,0.24891717692985776,0.02323245459794998,21.513022755852262,odom,
7685.045889359,navigating,0.2827311661625244,0.002996706311343522,0.03234098568555077,-6.185044464563834,-5.968826117600824,-1.788035930462608,-1.759555389001295,3.0846571922302246,0.1272631976472001,-0.1272631976472001,0.11461516200051847,pixhawk_fused,0.8,0.2,gyro,-1.0,0.23612239956855774,0.09800861775875092,0.24,-0.03989085050158711,0.03570258199943055,0.22866590392947198,0.2435788952076435,0.24303489590616073,0.23696510409383925,,,odom,
7685.145910859,navigating,0.3035988317936696,0.00428145951552715,0.04597624427208613,-6.188953780628841,-5.989364552487466,-1.7744006718760725,-1.7602268370922598,3.0699405670166016,0.14447434173689888,-0.14447434173689888,0.029366976999881444,pixhawk_fused,0.8,0.2,gyro,-1.0,0.22689461708068848,7.464726513717324e-05,0.24,-0.09569244621166204,0.040669107000212534,0.22688893791675685,0.2269002962446201,0.24728028130778323,0.23271971869221675,,,odom,
7685.247741445,navigating,0.3242889680334267,0.005444004823969756,0.04557968710996896,-6.192937668784965,-6.009700773482857,-1.7747972290381897,-1.771121547521732,3.0679919719696045,0.14670221360193297,-0.14670221360193297,0.012808506000510533,pixhawk_fused,0.8,0.2,gyro,-1.0,0.2219828963279724,-0.1357826590538025,0.24,-0.17348760251271836,0.04262467599983211,0.2323132410287857,0.21165255162715912,0.2531989367991676,0.22680106320083238,0.020660689401626575,21.488430711367844,odom,
7685.366109204,navigating,0.35072657829668,0.00647576857911307,0.022731108683365253,-6.198467898462414,-6.03557408661807,-1.7976458074647934,-1.795474659392847,3.0868399143218994,0.12422976699636981,-0.12422976699636981,0.06822268399992026,pixhawk_fused,0.8,0.2,gyro,-1.0,0.23919937014579773,-0.16911327838897705,0.24,-0.14068279465275993,0.011015923000741168,0.25206550836563113,0.22633323192596436,0.250703147017182,0.22929685298281802,0.025732276439666774,18.591388189586507,odom,
7685.486554548,navigating,0.37780691455512944,0.006943814271934093,0.013775134316932558,-6.20470313177429,-6.0619309746018155,-1.806601781831226,-1.812350750581136,3.094940185546875,0.11725381401346728,-0.11725381401346728,0.0711635200004821,pixhawk_fused,0.8,0.2,gyro,-1.0,0.24091005325317383,-0.13474614918231964,0.24,-0.10538095603304859,0.030867835000208288,0.2511615402829647,0.23065856622338296,0.24801738313499433,0.23198261686500565,0.020502974059581763,23.500010540235564,odom,
7685.608618729,navigating,0.40576750290988606,0.00704985177966716,-0.013702959016061333,-6.211506576970629,-6.0890514258989015,-1.83407987516422,-1.8218418567173336,3.1258015632629395,0.08527905289994284,-0.08527905289994284,0.08855188500001532,pixhawk_fused,0.8,0.2,gyro,-1.0,0.24263827502727509,-0.06785641610622406,0.24,-0.08912361798939265,0.05259511900021607,0.2478007911646366,0.23747575888991357,0.246780524856633,0.233219475143367,,,odom,
7685.726306906,navigating,0.4340408924747208,0.006938181571024993,-0.021833526831425587,-6.218598245586623,-6.116421213328864,-1.8422104429795843,-1.8251988079213435,3.1357102394104004,0.0759552016423802,-0.0759552016423802,0.02744475899999088,pixhawk_fused,0.8,0.2,gyro,-1.0,0.24870391190052032,0.03361932560801506,0.24,0.035012354016155024,0.02111676399999851,0.24614615360826253,0.2512616701927781,0.23733626010645092,0.24266373989354906,,,odom,
7685.826616268,navigating,0.4576396630768029,0.006817648469028895,-0.026101931444840742,-6.224543882986369,-6.1392590306078665,-1.8464788475929994,-1.8251988079213435,3.1410787105560303,0.07061987998874589,-0.07061987998874589,0.003268030000072031,pixhawk_fused,0.8,0.2,gyro,-1.0,0.24415089190006256,0.0,0.24,0.08856933670420682,0.020675684000707406,0.24415089190006256,0.24415089190006256,0.23326164486354395,0.24673835513645603,,,odom,
7685.946488436,navigating,0.48589233009820426,0.00679653771855486,-0.024204179631784895,-6.231542679611585,-6.166631105525286,-1.8445810957799436,-1.815707793553343,3.1410787105560303,0.07061987998874589,-0.07061987998874589,0.12320055899999716,pixhawk_fused,0.8,0.2,gyro,-1.0,0.25295060873031616,0.1357060819864273,0.24,0.09982309592951087,0.04165013200054091,0.2426260900127888,0.26327512744784354,0.23240545886168282,0.24759454113831716,0.02064903743505475,24.499990328933716,odom,
7686.062118123,navigating,0.513960829165895,0.007058971491011909,-0.01720265575361779,-6.23822122799274,-6.193894753537217,-1.8375795719017765,-1.8028293258319417,3.1358590126037598,0.07615286682339116,-0.07615286682339116,0.06273604000034538,pixhawk_fused,0.8,0.2,gyro,-1.0,0.24648112058639526,0.16362428665161133,0.24,0.08196093891340475,0.009754288999829441,0.23403258485794068,0.2589296563148499,0.23376441176746815,0.24623558823253183,0.024897071456909198,19.80000909046629,odom,
7686.165127121,navigating,0.5363484486725553,0.007544701552801167,-0.001803862004510659,-6.243280235253927,-6.215708691430206,-1.8221807781526693,-1.7941012598059427,3.118255853652954,0.09321856815160914,-0.09321856815160914,0.048522628999307926,pixhawk_fused,0.8,0.2,gyro,-1.0,0.2315581887960434,0.06763584166765213,0.24,0.07264046387154323,0.010466943000210449,0.22641245396196844,0.23670392363011836,0.23447351350865298,0.245526486491347,,,odom,
7686.26632783,navigating,0.5591690207382961,0.008202637627804849,-0.000589695300993176,-6.248279310343726,-6.237984701789626,-1.8209666114491518,-1.7880283019432768,3.118255853652954,0.09321856815160914,-0.09321856815160914,0.14948398899923632,pixhawk_fused,0.8,0.2,gyro,-1.0,0.234160378575325,0.033899132162332535,0.24,-0.004228840280230039,0.011330731000271044,0.23158133260041475,0.23673942455023528,0.2403217301685199,0.23967826983148008,,,odom,
7686.366653694,navigating,0.582733226515902,0.008962306979340307,0.004183843804881127,-6.253363479966946,-6.261006433060218,-1.8161930723432775,-1.789401646802886,3.111067056655884,0.0995281835252206,-0.0995281835252206,0.05151463899983355,pixhawk_fused,0.8,0.2,gyro,-1.0,0.24644535779953003,-0.032720062881708145,0.24,-0.042314369769264615,0.011167670999384427,0.2489347001835704,0.24395601541548967,0.24321927725204565,0.23678072274795434,,,odom,
7686.484092578,navigating,0.6102741504207688,0.009818282335855688,0.0035390393863368175,-6.259336567216184,-6.28790545557141,-1.8168378767618218,-1.7907748353231892,3.112220287322998,0.09906541551628813,-0.09906541551628813,0.07168869799988897,pixhawk_fused,0.8,0.2,gyro,-1.0,0.24616456031799316,8.054681529756635e-05,0.24,-0.05303831293525222,0.03163460399991891,0.2461584323162853,0.24617068831970101,0.24403515484811397,0.235964845151886,,,odom,
7686.584122087,navigating,0.6334680774923288,0.010458074625096653,0.0008566329622776703,-6.264445441703946,-6.3105387714717045,-1.819520283185881,-1.7948031927613128,3.114577293395996,0.09671939514370366,-0.09671939514370366,0.05544465100047091,pixhawk_fused,0.8,0.2,gyro,-1.0,0.2359311878681183,7.729604112682864e-05,0.24,-0.06266365505177966,0.031457670999770926,0.23592530718530935,0.23593706855092722,0.2447674508763394,0.2352325491236606,,,odom,
7686.684205411,navigating,0.6570567605754303,0.011058739098267989,0.0008627460194616798,-6.269689735449197,-6.333544947827584,-1.819514170128697,-1.7947726204640861,3.114577293395996,0.09671939514370366,-0.09671939514370366,0.15534722800020972,pixhawk_fused,0.8,0.2,gyro,-1.0,0.25123026967048645,0.06730932742357254,0.24,-0.058073715815860745,0.03178830399974686,0.24610937604010105,0.2563511633008719,0.24441824829927067,0.2355817517007293,,,odom,
7686.787648588,navigating,0.6804591527488298,0.011632692445069565,-0.0048402882678908465,-6.2749138993048215,-6.356364007709435,-1.8252172044160495,-1.7975803390201281,3.121068000793457,0.09029276486837967,-0.09029276486837967,0.028470543999901565,pixhawk_fused,0.8,0.2,gyro,-1.0,0.23348145186901093,-7.910202839411795e-05,0.24,-0.07234669363491972,0.03268100399964169,0.23348746995133116,0.2334754337866907,0.24550413645174468,0.2344958635482553,,,odom,
7686.908506704,navigating,0.7079362103503848,0.01218911311283355,-0.006323112100873329,-6.281161485048968,-6.383127153465646,-1.826700028249032,-1.8049961589520618,3.121068000793457,0.09029276486837967,-0.09029276486837967,0.14933843899962085,pixhawk_fused,0.8,0.2,gyro,-1.0,0.2297535389661789,-0.06564986705780029,0.23735416779292734,-0.06486820857086242,0.004196699000203807,0.23474818085193633,0.22475889708042146,0.24228934110099856,0.23241899448485612,,,odom,
7687.027827642,navigating,0.7348198060191922,0.012441766544784572,-0.026525565622878666,-6.287556842482875,-6.409240195286414,-1.8469024817710373,-1.8192172898102865,-3.1394968032836914,0.06859541020521624,-0.06859541020521624,0.010706426000069769,pixhawk_fused,0.8,0.2,gyro,-1.0,0.2259512096643448,-0.16318219900131226,0.22656521992523526,-0.045449803204306055,0.023519868999756,0.2383661113643646,0.21353630796432496,0.23002304095301887,0.22310739889745165,0.02482980340003965,18.199999897218984,odom,
7687.142937138,navigating,0.7608244664540353,0.012360378284061668,-0.03724033660598414,-6.294058796832305,-6.434419027229505,-1.8576172527541428,-1.8300205671625878,-3.129176378250122,0.05790275789031489,-0.05790275789031489,0.013301789999786706,pixhawk_fused,0.8,0.2,gyro,-1.0,0.2271963208913803,0.0,0.20510773220957668,0.016913228156041897,0.041082662000007986,0.2271963208913803,0.2271963208913803,0.20382097381146502,0.20639449060768833,,,odom,
7687.243442514,navigating,0.7812546332855164,0.012097880612314288,-0.038326485083732154,-6.299359362769012,-6.454151351536095,-1.8587034012318908,-1.8354526294687188,-3.129176378250122,0.05790275789031489,-0.05790275789031489,0.11360011799934,pixhawk_fused,0.8,0.2,gyro,-1.0,0.1961657851934433,0.0,0.18459965896052336,0.06385966964992956,0.04101246799928049,0.1961657851934433,0.1961657851934433,0.17974121529355672,0.18945810262749,,,odom,
7687.362392455,navigating,0.8035241237250785,0.011706034348037075,-0.048527913162957015,-6.3052395780274715,-6.475634061245225,-1.8689048293111157,-1.8389011659484698,-3.1176347732543945,0.04601367098072274,-0.04601367098072274,0.04888575600034528,pixhawk_fused,0.8,0.2,gyro,-1.0,0.17753243446350098,0.03387710079550743,0.16567133108057444,0.07663735976390754,0.009845861000030709,0.17495506463497879,0.18010980429202317,0.15984076074973635,0.17150190141141253,,,odom,
7687.462836119,navigating,0.8199607787182382,0.011403854261609697,-0.04870271220443323,-6.309592209161758,-6.491486806823756,-1.869079628352592,-1.838229820225135,-3.1170127391815186,0.045627427549592314,-0.045627427549592314,0.032214050000220595,pixhawk_fused,0.8,0.2,gyro,-1.0,0.1595417857170105,0.0,0.14905538419593656,0.11557083112377006,0.01079671600018628,0.1595417857170105,0.1595417857170105,0.14026275536404012,0.157848013027833,,,odom,
7687.584522222,navigating,0.8367367488343425,0.011126315497289513,-0.048159682502467493,-6.314004772467432,-6.507674440566078,-1.8685365986506262,-1.8355136323803325,-3.1170127391815186,0.045627427549592314,-0.045627427549592314,0.15332036699965101,pixhawk_fused,0.8,0.2,gyro,-1.0,0.1410493403673172,0.0337083600461483,0.1348297984439872,0.11773844177254457,0.03138763800052402,0.13848480833500623,0.14361387239962817,0.12587225779393202,0.1437873390940424,,,odom,
7687.685490102,navigating,0.8494801173749696,0.01093651913618554,-0.04768293525895273,-6.317336269200654,-6.51997609061546,-1.8680598514071114,-1.8347812150793796,-3.1177847385406494,0.046040290204367694,-0.046040290204367694,0.0855478489993402,pixhawk_fused,0.8,0.2,gyro,-1.0,0.13096460700035095,0.03129827603697777,0.128518867347152,0.11582850392928513,0.032286220000059984,0.1285834341594577,0.1333457798412442,0.119706634768212,0.13733109992609202,,,odom,
7687.787772009,navigating,0.8606769974095642,0.010777443468542536,-0.04838338746745796,-6.320256018191511,-6.53078675633999,-1.8687603036156166,-1.8347812150793796,-3.117272138595581,0.04516481777236527,-0.04516481777236527,0.02875678100008372,pixhawk_fused,0.8,0.2,gyro,-1.0,0.11538675427436829,0.03370336443185806,0.11675882508446978,0.11228312922714881,0.03496461700069631,0.11282260230839253,0.11795090624034404,0.10821632461286829,0.12530132555607126,,,odom,
7687.908343097,navigating,0.8728797049262633,0.010624993868515148,-0.047578104070868044,-6.32341778335538,-6.542573721711416,-1.8679550202190267,-1.830752883154432,-3.117272138595581,0.04516481777236527,-0.04516481777236527,0.14930732900029398,pixhawk_fused,0.8,0.2,gyro,-1.0,0.09638169407844543,0.034239135682582855,0.10636022838445876,0.11138540801909846,0.0042089250000572065,0.09377678063571453,0.09898660752117634,0.09788602654236575,0.11483443022655176,,,odom,
7688.008492779,navigating,0.8822089927319359,0.010541320804098725,-0.04734906266553618,-6.325803175276146,-6.55159328475666,-1.8677259788136948,-1.8280979085358695,-3.1165051460266113,0.04478779552227548,-0.04478779552227548,0.0915236000000732,pixhawk_fused,0.8,0.2,gyro,-1.0,0.09548506140708923,0.03395204618573189,0.09709443281746277,0.10614662168607966,0.004194015000393847,0.09290198973327875,0.09806813308089972,0.08901879783958583,0.10517006779533972,,,odom,
7688.122687694,navigating,0.8935123053311793,0.010474055520870829,-0.04210499311758098,-6.328660247110665,-6.562529762291357,-1.8624819092657396,-1.8247409327612871,-3.1229515075683594,0.05050330752602509,-0.05050330752602509,0.10607593999975506,pixhawk_fused,0.8,0.2,gyro,-1.0,0.1027836874127388,3.371166894794442e-05,0.08823824304476896,0.0908770275287546,0.014572695999959251,0.10278112262896524,0.10278625219651236,0.08132431879038131,0.09515216729915661,,,odom,
7688.228580201,navigating,0.902394255673275,0.010426494279477894,-0.04022461362217511,-6.330900154829129,-6.5711247676644735,-1.8606015297703338,-1.8260532471170416,-3.125108480453491,0.05318137139550141,-0.05318137139550141,0.09528551699986565,pixhawk_fused,0.8,0.2,gyro,-1.0,0.09232781082391739,0.0,0.08377129334502334,0.08442107031843445,0.024500016000274627,0.09232781082391739,0.09232781082391739,0.07734853831519685,0.09019404837484983,,,odom,
7688.346359804,navigating,0.9124212624788779,0.010367225566558308,-0.04050408509793524,-6.333434233434637,-6.580826459469568,-1.860881001246094,-1.8253818269185103,-3.1254630088806152,0.0526643136935561,-0.0526643136935561,0.023129786000026797,pixhawk_fused,0.8,0.2,gyro,-1.0,0.0771542564034462,0.037531863898038864,0.07536023863860601,0.08375009063789997,0.042481450000195764,0.0742988321980834,0.08000968060880899,0.06898853174287459,0.08173194553433744,,,odom,
7688.466107054,navigating,0.9205859792583926,0.010340331138762537,-0.03982693654813119,-6.335476959734258,-6.588731558625478,-1.8602038526962899,-1.8219943578816797,-3.1254630088806152,0.0526643136935561,-0.0526643136935561,0.14281315700009145,pixhawk_fused,0.8,0.2,gyro,-1.0,0.06473097205162048,0.06546875834465027,0.06458150649231872,0.08779130967479673,0.010353824999583594,0.05975010891675949,0.06971183518648147,0.05790234365226019,0.07126066933237726,,,odom,
7688.566197506,navigating,0.9270303645254433,0.010337143591650222,-0.036803690063020644,-6.337071795989684,-6.594975484389693,-1.8571806062111793,-1.8199802306684194,-3.1286487579345703,0.055939671875002886,-0.055939671875002886,0.06562321999990672,pixhawk_fused,0.8,0.2,gyro,-1.0,0.06970096379518509,0.03393160551786423,0.06150342884884166,0.08406171887697363,0.011624114000369445,0.06711944724738599,0.07228248034298419,0.05510801327668151,0.06789884442100182,,,odom,
7688.687747097,navigating,0.9343498670589682,0.010364391924437832,-0.031696022727050854,-6.338853291221648,-6.602074930463043,-1.8520729388752095,-1.8146397062631385,-3.13362717628479,0.060989162941488526,-0.060989162941488526,0.07008311900062836,pixhawk_fused,0.8,0.2,gyro,-1.0,0.0595829002559185,0.0,0.0554272664220697,0.07847334950961407,0.03287233499941067,0.0595829002559185,0.0595829002559185,0.049457013991378265,0.06139751885276114,,,odom,
7688.808366203,navigating,0.9404581278766841,0.010414804972143338,-0.03062243072474602,-6.340313165717077,-6.608006385440552,-1.8509993468729047,-1.8092685871997325,-3.13362717628479,0.060989162941488526,-0.060989162941488526,0.19044539200058352,pixhawk_fused,0.8,0.2,gyro,-1.0,0.04804619029164314,0.07016909122467041,0.05,0.07916691377413924,0.004301995000787429,0.04270772583127022,0.053384654752016064,0.04397698120006349,0.056023018799936514,,,odom,
7688.909998966,navigating,0.9450976552271386,0.010477988037312758,-0.026258303206761147,-6.341397892269462,-6.612517768204394,-1.8466352193549198,-1.8011509056455284,-3.1369731426239014,0.06441573887227764,-0.06441573887227764,0.09308363299987832,pixhawk_fused,0.8,0.2,gyro,-1.0,0.041295990347862244,0.06784962862730026,0.05,0.08149134001411762,0.003925626999262022,0.03613399060189724,0.04645799009382725,0.043800138851725935,0.05619986114827407,,,odom,
7689.026654569,navigating,0.9502772790553773,0.01057827631605443,-0.017909359632383826,-6.34258006578754,-6.617561678048361,-1.8382862757805425,-1.79913672550216,3.136070728302002,0.07434704155756822,-0.07434704155756822,0.10707899400040333,pixhawk_fused,0.8,0.2,gyro,-1.0,0.05129322409629822,0.0674201175570488,0.05,0.07265399142634904,0.015547523999885016,0.046163901552557944,0.05642254664003849,0.04447248433228337,0.05552751566771664,,,odom,
7689.126752653,navigating,0.9546848016592129,0.010686662281414433,-0.014507044688925497,-6.3435636853943,-6.621859409483665,-1.8348839608370842,-1.7903475995056686,3.1351611614227295,0.07640376043601622,-0.07640376043601622,0.09733802899972943,pixhawk_fused,0.8,0.2,gyro,-1.0,0.04875286668539047,0.10118059068918228,0.05,0.0720575592247601,0.022656637000181945,0.04105504734575748,0.05645068602502346,0.04451786089418026,0.05548213910581975,,,odom,
7689.247605329,navigating,0.9603924135219536,0.010875263855303074,-0.007917352843065162,-6.344790693666547,-6.62743676140274,-1.8282942689912238,-1.7836337844550638,3.1275734901428223,0.08296245041026463,-0.08296245041026463,0.011603023999668949,pixhawk_fused,0.8,0.2,gyro,-1.0,0.046471063047647476,0.13575200736522675,0.05,0.07371830901761389,0.043578861999776564,0.03614305032730103,0.05679907576799392,0.044391511049939936,0.05560848895006007,0.020656025440692893,4.499516441928686,odom,
7689.365868862,navigating,0.9659169859130172,0.01110219218619668,0.001077231145692581,-6.34593535239032,-6.632846211742429,-1.819299685002466,-1.776889379012791,3.114560127258301,0.09251907917394032,-0.09251907917394032,0.031983580000087386,pixhawk_fused,0.8,0.2,gyro,-1.0,0.04373876750469208,-0.033817920833826065,0.05,0.04659396161287059,0.011054353999497835,0.046311634921729565,0.04116590008765459,0.04645513140049281,0.053544868599507196,,,odom,
7689.465905993,navigating,0.9702227884823802,0.011300321020154214,0.0022970034208755763,-6.3468068851116595,-6.63706754109665,-1.818079912727283,-1.7707859081391772,3.114560127258301,0.09251907917394032,-0.09251907917394032,0.13220077400001173,pixhawk_fused,0.8,0.2,gyro,-1.0,0.04730445519089699,0.03272484987974167,0.05,0.03035516268152454,0.011273699000412307,0.04481474861204624,0.049794161769747734,0.047690579223189616,0.05230942077681039,,,odom,
7689.566104666,navigating,0.9743969419548913,0.0115092729537489,0.004010611229474215,-6.3476354130687955,-6.6411639736356864,-1.8163663049186844,-1.7701144815076721,3.1134369373321533,0.09449296510128966,-0.09449296510128966,0.056924983000499196,pixhawk_fused,0.8,0.2,gyro,-1.0,0.04631858319044113,0.0,0.05,0.0,0.011262865000389866,0.04631858319044113,0.04631858319044113,0.05,0.05,,,odom,
7689.666124874,navigating,0.9787824035199202,0.011733844119641818,0.008341827968332938,-6.348500998322744,-6.645469025030855,-1.8120350881798257,-1.7694126233526501,3.107231378555298,0.09973068122661403,-0.09973068122661403,0.050906158000543655,pixhawk_fused,0.8,0.2,gyro,-1.0,0.04888695105910301,-0.03381960839033127,0.05,0.0,0.008327973000632483,0.051459946865439414,0.04631395525276661,0.05,0.05,,,odom,
7689.76796491,navigating,0.9834174987139654,0.011964446356248576,0.00861020014074998,-6.349422398270658,-6.65001746509151,-1.8117667160074087,-1.7680698243510462,3.107231378555298,0.09973068122661403,-0.09973068122661403,0.15296165000017936,pixhawk_fused,0.8,0.2,gyro,-1.0,0.04888450726866722,0.10145379602909088,0.0,0.0,0.007463775999895006,0.041165902466773985,0.05660311207056046,0.0,0.0,,,odom,
,turning,0.9834174987139654,0.011964446356248576,0.00861020014074998,,,,,,,,,True,0.8,0.2,gyro,-1.0,,,,,,,,,,,,mission_status,final alignment at waypoint 1/4
7689.887354314,turning,0.986179133099354,0.012098990038942298,0.0025253178859241387,-6.349974140245426,-6.652726765236269,-1.8178515982622345,-1.7883945748580472,3.109189510345459,0.09720350539779953,-0.09720350539779953,0.07403045799946995,pixhawk_fused,0.8,0.2,gyro,-1.0,0.009965101256966591,-0.19647282361984253,0.0,0.0,0.010774633000437461,0.02491275367796421,-0.004982551164031028,0.0,0.0,0.019930202513933182,0.6666666427811887,odom,
7689.987842547,turning,0.9864722470495393,0.012108550022749354,-0.013873911522970683,-6.350037274899256,-6.653013158665959,-1.8342508276711293,-1.7923923324011828,3.1293368339538574,0.07770577439016393,-0.07770577439016393,0.05332708899913996,pixhawk_fused,0.8,0.2,gyro,-1.0,-0.005145737435668707,0.06763587146997452,0.0,0.0,0.026397285000712145,-0.010291474537104368,-3.342330457539733e-10,0.0,0.0,,,odom,
7690.107681033,turning,0.9864722470495393,0.012108550022749354,-0.017239980226454676,-6.350037274899256,-6.653013158665959,-1.8376168963746133,-1.7923923324011828,3.131345510482788,0.07349893667644553,-0.07349893667644553,0.006725876000018616,pixhawk_fused,0.8,0.2,gyro,-1.0,0.0,0.0,-0.0,-1.55,0.010742868999841448,0.0,0.0,0.117924,-0.117924,,,odom,
7690.223771971,turning,0.9864722470495393,0.012108550022749354,-0.01648437402000491,-6.350037274899256,-6.653013158665959,-1.8368612901681636,-1.7923923324011828,3.13140869140625,0.07444326635359517,-0.07444326635359517,0.015015695999863965,pixhawk_fused,0.8,0.2,gyro,-1.0,0.0,0.0,-0.0,-1.55,0.01385436500004289,0.0,0.0,0.117924,-0.117924,,,odom,
7690.32732573,turning,0.9864722470495393,0.012108550022749354,-0.01660485653201449,-6.350037274899256,-6.653013158665959,-1.8369817726801732,-1.7923923324011828,3.1314449310302734,0.07429269120751611,-0.07429269120751611,0.03662806400006957,pixhawk_fused,0.8,0.2,gyro,-1.0,0.0,0.0,-0.0,-1.55,0.024205752999478136,0.0,0.0,0.117924,-0.117924,,,odom,
7690.446356676,turning,0.9864722470495393,0.012108550022749354,-0.01662730548235225,-6.350037274899256,-6.653013158665959,-1.837004221630511,-1.7923923324011828,3.1314568519592285,0.07426463525232589,-0.07426463525232589,0.11021047799931694,pixhawk_fused,0.8,0.2,gyro,-1.0,0.0,0.0,-0.0,-1.55,0.007494058999327535,0.0,0.0,0.117924,-0.117924,,,odom,
7690.546554072,turning,0.9864722470495393,0.012108550022749354,-0.01663474442483892,-6.350037274899256,-6.653013158665959,-1.8370116605729976,-1.7923923324011828,3.1314687728881836,0.07425533830935797,-0.07425533830935797,0.031945568999617535,pixhawk_fused,0.8,0.2,gyro,-1.0,0.0,0.0,-0.0,-1.55,0.030507086999932653,0.0,0.0,0.117924,-0.117924,,,odom,
7690.663392527,turning,0.9864722470495393,0.012108550022749354,-0.016648137103322913,-6.350037274899256,-6.653013158665959,-1.8370250532514816,-1.7923923324011828,3.1314806938171387,0.07423860058656624,-0.07423860058656624,0.04253154900015943,pixhawk_fused,0.8,0.2,gyro,-1.0,0.0,0.0,-0.0,-1.55,0.009252773000298475,0.0,0.0,0.117924,-0.117924,,,odom,
7690.766551935,turning,0.9864722470495393,0.012108550022749354,-0.016648137103322913,-6.350037274899256,-6.653013158665959,-1.8370250532514816,-1.7923923324011828,3.1314806938171387,0.07423860058656624,-0.07423860058656624,0.1449311470005341,pixhawk_fused,0.8,0.2,gyro,-1.0,0.0,0.0,-0.0,-1.55,0.011112443999991228,0.0,0.0,0.117924,-0.117924,,,odom,
7690.89253478,turning,0.9865219512460616,0.012109888365559457,-0.01678796204957833,-6.350048254839052,-6.6530616534000595,-1.837164878197737,-1.7930637327880472,3.1315035820007324,0.07423154688675618,-0.07423154688675618,0.07736912600012147,pixhawk_fused,0.8,0.2,gyro,-1.0,0.0,0.0,-0.002580869710072875,-1.55,0.003991249999671709,0.0,0.0,0.11534313028992713,-0.12050486971007288,,,odom,
7691.006948598,turning,0.9864722470495393,0.012108550022749354,-0.016981310321403376,-6.350037274899256,-6.653013158665959,-1.837358226469562,-1.7937350430294154,3.1316041946411133,0.07415758135451665,-0.07415758135451665,0.07149023700003454,pixhawk_fused,0.8,0.2,gyro,-1.0,0.0,0.0,0.002579187974333763,-1.55,0.015140348000386439,0.0,0.0,0.12050318797433376,-0.11534481202566624,,,odom,
7691.1071086,turning,0.9856325868972463,0.01208904049468093,-0.01983012817131158,-6.349848785932751,-6.652194695653637,-1.8402070443194702,-1.8079868764073044,3.1316041946411133,0.07415758135451665,-0.07415758135451665,0.17171628599953692,pixhawk_fused,0.8,0.2,gyro,-1.0,-0.007447622716426849,-0.22845663130283356,0.005176279228180647,-1.55,0.022408877000088978,0.009933357793092727,-0.024828603225946426,0.12310027922818065,-0.11274772077181935,0.014895245432853699,0.4284926683133774,odom,
7691.207246377,turning,0.9851934984896266,0.01209278977993744,-0.028842273836231502,-6.349736699047329,-6.651770137981509,-1.8492191899843902,-1.8504673234901834,3.132258415222168,0.07351120439546845,-0.07351120439546845,0.09675766899999871,pixhawk_fused,0.8,0.2,gyro,-1.0,-0.012901630252599716,-0.5766162276268005,0.00769398408010602,-1.55,0.010393584000667033,0.03096733234524727,-0.0567705928504467,0.12561798408010602,-0.11023001591989398,0.025803260505199432,0.29409471955994937,odom,
7691.328313599,turning,0.9844540121515408,0.012150747914436905,-0.1348119463452615,-6.349497885356758,-6.6510678793320315,-1.9551888624934202,-1.9553256203658915,-3.0558602809906006,-0.03273631194603899,0.03273631194603899,0.031674615999691014,pixhawk_fused,0.8,0.2,gyro,-1.0,-0.020641779527068138,-1.0852670669555664,-0.005129579454660416,-1.55,0.012167186000624497,0.06192533892691135,-0.10320889798104763,0.11279442054533959,-0.12305357945466042,0.041283559054136276,0.2499999989532548,odom,
7691.4433636,turning,0.9833400939516975,0.01238851449511122,-0.1870143274858873,-6.348992350628633,-6.650047202428459,-2.007391243634046,-2.0859409169788057,-3.0194621086120605,-0.06535439351571062,0.06535439351571062,0.04079038799955015,pixhawk_fused,0.8,0.2,gyro,-1.0,-0.02065187692642212,-1.2213916778564453,0.01281960029155016,-1.55,0.013726111000323726,0.07227160192489623,-0.11357535577774047,0.13074360029155016,-0.10510439970844984,0.04130375385284424,0.22224605860340238,odom,
7691.54644683,turning,0.9830111586059552,0.012495409269088126,-0.37874176269817283,-6.34880752164206,-6.64975486153138,-2.1991186788463315,-2.2016025026048136,-2.8101863861083984,-0.2760793624259279,0.2760793624259279,0.028619998000067426,pixhawk_fused,0.8,0.2,gyro,-1.0,-0.008491825312376022,-1.2274192571640015,-0.0023603111039847136,-1.55,0.007602798999869265,0.08489023177266121,-0.10187388239741325,0.11556368889601529,-0.12028431110398471,0.016983650624752045,0.09093637019200643,odom,
7691.646730257,turning,0.9828764674741651,0.012564472692282502,-0.49558642453973656,-6.348707329691417,-6.649641402153484,-2.3159633406878952,-2.3252903093071167,-2.6926937103271484,-0.3912132691479967,0.3912132691479967,0.009957465999832493,pixhawk_fused,0.8,0.2,gyro,-1.0,0.005130474921315908,-1.2132916450500488,-0.0,-1.55,0.028779484000551747,0.09743770327672362,-0.0871767534340918,0.117924,-0.117924,0.010260949842631817,0.05558042433645822,odom,
7691.75082563,turning,0.9830386529724384,0.012452372117791877,-0.5223131918389194,-6.3488560163761605,-6.649770873943583,-2.342690107987078,-2.4591708805933097,-2.6926937103271484,-0.3912132691479967,0.3912132691479967,0.1141730400004235,pixhawk_fused,0.8,0.2,gyro,-1.0,0.002562745939940214,-1.4484496116638184,-0.005142520181834698,-1.55,0.03309931100011454,0.11276079239532351,-0.10763530051544308,0.1127814798181653,-0.1230665201818347,0.005125491879880428,0.023255820065538207,odom,
7691.862813255,turning,0.9833071828559825,0.012234238745369996,-0.7621626971554409,-6.349133717353511,-6.649977205312257,-2.5825396133035996,-2.6276584300344314,-2.433464527130127,-0.6488451357222841,0.6488451357222841,0.043913346999943315,pixhawk_fused,0.8,0.2,gyro,-1.0,0.005161737557500601,-1.3569241762161255,0.002564536640420556,-1.55,0.012909111000226403,0.10839652888402342,-0.09807305376902221,0.12048853664042056,-0.11535946335957944,0.010323475115001202,0.049999980541196296,odom,
7691.968563476,turning,0.9831804372631905,0.01238511670686307,-0.7924220761839997,-6.348956208326802,-6.649891653281343,-2.6127989923321584,-2.7796665280058726,-2.433464527130127,-0.6488451357222841,0.6488451357222841,0.1484363379995557,pixhawk_fused,0.8,0.2,gyro,-1.0,-0.005157340783625841,-1.5591334104537964,0.010325550101697445,-1.55,0.01191624800048885,0.11346152908369898,-0.12377621065095067,0.12824955010169745,-0.10759844989830256,0.010314681567251682,0.04347824919757139,odom,
7692.087260609,turning,0.9832985072285997,0.012166401884724731,-0.9386611503778441,-6.349197309504832,-6.649952042950224,-2.759038066526003,-2.958285886838932,-2.296558141708374,-0.787116467270975,0.787116467270975,0.08895616900008463,pixhawk_fused,0.8,0.2,gyro,-1.0,-2.935761585831642e-06,-1.5504696369171143,-0.00512932101264596,-1.4174557504764818,0.030315082999550214,0.11795679421506822,-0.11796266573823988,0.10271071248360476,-0.11296935450889668,5.871523171663284e-06,2.4887828976996406e-05,odom,
7692.192484496,turning,0.9832163290191758,0.012398042349967026,-1.0824538596086697,-6.348952548346871,-6.649929625573139,-2.9028307757568284,-3.0996738284668166,-2.1501383781433105,-0.9314993311501787,0.9314993311501787,0.07569063799928699,pixhawk_fused,0.8,0.2,gyro,-1.0,-0.005303794518113136,-1.3245553970336914,0.00515992846339941,-1.0852860139779372,0.004207781999866711,0.0954683800882101,-0.10607596912443637,0.08772848840684087,-0.07740863148004205,0.010607589036226273,0.05263153781123559,odom,
7692.307577932,turning,0.9832255682773237,0.012246956511019258,-1.3821104789768128,-6.349101235031613,-6.649901260728665,3.0806979120546143,3.0488374023515683,-1.8044471740722656,-1.2721051699258135,1.2721051699258135,0.0024366979996557347,pixhawk_fused,0.8,0.2,gyro,-1.0,0.015490658581256866,-0.8144403696060181,0.005127534735947847,-0.7633465989154886,0.008882019999873592,0.07745328190088271,-0.04647196473836898,0.06320294398143822,-0.052947874509542525,0.030981317162513733,0.250000044403388,odom,
7692.408302754,turning,0.983329585932885,0.011223934483195946,-1.398725946398443,-6.350118251955254,-6.649749371561482,3.0640824446329846,2.9656159789361607,-1.8044471740722656,-1.2721051699258135,1.2721051699258135,0.10312066200003756,pixhawk_fused,0.8,0.2,gyro,-1.0,0.03375560790300369,-0.4436856806278229,-0.005127534735947847,-0.39077909957460355,0.03250043000025471,0.06751121448516845,1.3208389312846514e-09,0.02460293915968799,-0.034858008631583684,0.06751121316432951,1.000000039129468,odom,
7692.509085714,turning,0.9833564059408185,0.01038708198880453,-1.5106037525708453,-6.350935799972594,-6.649568660052333,2.9522046384605822,2.9108064051737594,-1.6822707653045654,-1.3982155206538482,1.3982155206538482,0.09611661199960508,pixhawk_fused,0.8,0.2,gyro,-1.0,0.012820111587643623,-0.37071824073791504,-0.017950456589460373,-0.25,0.0326227250006923,0.041024355342984195,-0.015384132167696952,0.0010695434105396258,-0.03697045658946037,0.025640223175287243,0.45454548254696914,odom,
7692.627662368,turning,0.9833506080266373,0.010393158140867664,-1.5613478985140912,-6.35092848001273,-6.649564542574909,2.901460492517336,2.8809907250884375,-1.6321240663528442,-1.4541893467642113,1.4541893467642113,0.1000996769998892,pixhawk_fused,0.8,0.2,gyro,-1.0,0.0025781539734452963,-0.03388740494847298,0.0,0.0,0.009518240000033984,0.00515630774192512,2.049654725458372e-10,0.0,0.0,,,odom,
7692.729323293,turning,0.9833506080266373,0.010393158140867664,-1.5827899037963213,-6.35092848001273,-6.649564542574909,2.8800184872351067,2.8809907250884375,-1.6071350574493408,-1.4809915182925506,1.4809915182925506,0.02245803099958721,pixhawk_fused,0.8,0.2,gyro,-1.0,0.0,0.0,0.0,0.0,0.0072660899995753425,0.0,0.0,0.0,0.0,,,odom,
,reached,0.9833506080266373,0.010393158140867664,-1.5827899037963213,,,,,,,,,True,0.8,0.2,gyro,-1.0,,,,,,,,,,,,mission_status,reached waypoint 1/4
,navigating,0.9833506080266373,0.010393158140867664,-1.5827899037963213,,,,,,,,,True,0.8,0.2,gyro,-1.0,,,,,,,,,,,,mission_status,going to waypoint 2/4
7692.829499405,navigating,0.9833506080266373,0.010393158140867664,-1.5822937066635392,-6.35092848001273,-6.649564542574909,2.8805146843678884,2.8809907250884375,-1.6068538427352905,-1.4803712719082578,1.4803712719082578,0.0742235099996833,pixhawk_fused,0.8,0.2,gyro,-1.0,0.0,0.0,0.24,0.21164273566067845,0.011739857000065967,0.0,0.0,0.22389822067093557,0.2561017793290644,,,odom,
7692.944529613,navigating,0.9833506080266373,0.010393158140867664,-1.5816152169003441,-6.35092848001273,-6.649564542574909,2.8811931741310834,2.8809907250884375,-1.606835126876831,-1.4795231597088023,1.4795231597088023,0.044800785000006726,pixhawk_fused,0.8,0.2,gyro,-1.0,0.0,0.0,0.24,0.21164273566067845,0.031237445999977353,0.0,0.0,0.22389822067093557,0.2561017793290644,,,odom,
7693.047707227,navigating,0.9833444206890983,0.009302386821525288,-1.5784325884733352,-6.351983926725658,-6.649289129085016,2.884375802558092,2.8959443226256223,-1.6085408926010132,-1.4792832130817444,1.4792832130817444,0.028168342999379092,pixhawk_fused,0.8,0.2,gyro,-1.0,0.01807696744799614,0.23760472238063812,0.24,0.20838910363834287,0.03222129000005225,1.6927719295734e-10,0.03615393472671509,0.22414575699519487,0.25585424300480514,0.0361539345574379,1.0000000093642474,odom,
7693.147983409,navigating,0.9833977232128311,0.006496438164136642,-1.551303673023538,-6.354716101744993,-6.648647717601911,2.91150471800789,2.9343964862456833,-1.6359270811080933,-1.4549847015617163,1.4549847015617163,0.02585716199973831,pixhawk_fused,0.8,0.2,gyro,-1.0,0.04359055310487747,0.5729568004608154,0.24,0.1911175613565877,0.03270952599996235,-2.7418136511192515e-10,0.08718110648393632,0.2254597759319908,0.2545402240680092,0.08718110620975494,0.9999999937100738,odom,
7693.266601109,navigating,0.9839525709350434,-0.0003368480973720833,-1.5336166546755798,-6.361474712187163,-6.647497568908238,2.9291917363558473,3.0229584938898646,-1.6359270811080933,-1.4549847015617163,1.4549847015617163,0.1447002650002105,pixhawk_fused,0.8,0.2,gyro,-1.0,0.07463185489177704,0.7780070900917053,0.24,-0.013448039599265679,0.006483589999334072,0.015441075477600104,0.13382263430595398,0.24102312685271213,0.23897687314728785,0.11838155882835388,1.2608696089225981,odom,
7693.388112425,navigating,0.9859055908569327,-0.01186266015225318,-1.4217308531437212,-6.373125800803609,-6.646543229140936,3.0410775378877064,3.0993440018211538,-1.7429131269454956,-1.334248297679213,1.334248297679213,0.06809160100056033,pixhawk_fused,0.8,0.2,gyro,-1.0,0.12311600893735886,0.606841504573822,0.24,-0.07819484523575222,0.02835992600012105,0.07694750726938249,0.16928451060533523,0.24594906382553602,0.23405093617446396,0.09233700333595274,2.6666667639065964,odom,
7693.507892847,navigating,0.989595935000208,-0.027731575708872608,-1.3438513308330684,-6.389414541491555,-6.6461996485248065,3.1189570601983587,3.133218510972703,-1.8254094123840332,-1.2453751352904114,1.2453751352904114,0.08684156599974813,pixhawk_fused,0.8,0.2,gyro,-1.0,0.1367861032485962,-0.1017693355679512,0.1535907337325219,-0.6666666666666667,0.045683522000217636,0.14452871429860592,0.12904349219858646,0.2043107337325219,0.10287073373252191,,,odom,
7693.625137574,navigating,0.9928807847336643,-0.041300257454576716,-1.325489013134331,-6.403374162450192,-6.6460312894479285,3.1373193778970965,3.1128022521651313,-1.8494665622711182,-1.2173188624260698,1.2173188624260698,0.027359597999748075,pixhawk_fused,0.8,0.2,gyro,-1.0,0.10724426060914993,-0.29503774642944336,0.13193182509332854,-0.6666666666666666,0.011026996000509826,0.12969073235750198,0.08479778886079789,0.18265182509332853,0.08121182509332855,0.044892943496704085,4.777778076281564,odom,
7693.72603937,navigating,0.9946528782696631,-0.04991951209093021,-1.347596912118644,-6.412164061754694,-6.645619541705564,3.1152114789127836,3.06513379854461,-1.8320063352584839,-1.2330409524319443,1.2330409524319443,0.013858107000487507,pixhawk_fused,0.8,0.2,gyro,-1.0,0.08331738412380219,-0.5641571879386902,0.11497392150875269,-0.6666666666666666,0.017702619000374398,0.12623846298217772,0.04039630526542664,0.16569392150875267,0.0642539215087527,0.08584215771675108,1.9411763716079977,odom,
7693.827575932,navigating,0.9958086132205473,-0.05753208350875616,-1.40363666860351,-6.419826229742609,-6.644859180874664,3.0591717224279176,3.003915524075686,-1.780834674835205,-1.2877877639112745,1.2877877639112745,0.07059574000049906,pixhawk_fused,0.8,0.2,gyro,-1.0,0.0900639072060585,-0.5749912261962891,0.14057538932196378,-0.6666666666666666,0.014029445999767631,0.13380923969507216,0.046318574717044834,0.19129538932196377,0.0898553893219638,0.08749066497802732,2.0588232408263765,odom,
7693.9282182,navigating,0.9965956149073698,-0.06692649296831762,-1.450942236411306,-6.429123951262695,-6.643301401916051,3.0118661546201215,2.9355866861955886,-1.7359856367111206,-1.32984825952628,1.32984825952628,0.008875802999682492,pixhawk_fused,0.8,0.2,gyro,-1.0,0.10291847586631775,-0.6087718605995178,0.14246816070471935,-0.6666666666666666,0.012905137999950966,0.14923383902072906,0.056603112711906434,0.19318816070471934,0.09174816070471936,0.09263072630882263,2.2221239100122494,odom,
7694.029598277,navigating,0.9967689070962427,-0.07839746962742508,-1.5759412605260543,-6.440282315080778,-6.640636021530477,2.8868671305053732,2.8651215910423957,-1.5993068218231201,-1.4684638323960575,1.4684638323960575,0.011118475000330363,pixhawk_fused,0.8,0.2,gyro,-1.0,0.1063729003071785,-0.7478592991828918,0.17731349779229258,-0.6666666666666666,0.015384325000013632,0.1632700357890129,0.04947576482534409,0.22803349779229257,0.1265934977922926,0.1137942709636688,1.8695651267213664,odom,
7694.147192705,navigating,0.9956795563006362,-0.09702478086937957,-1.639015146069907,-6.458063412586051,-6.634979522545369,2.8237932449615206,2.8050019473824186,-1.5376462936401367,-1.5322761359391484,1.5322761359391484,0.017132999999375897,pixhawk_fused,0.8,0.2,gyro,-1.0,0.20254768431186676,-0.30329981446266174,0.24,-0.2604811939970297,0.03270701800011011,0.22562273419618606,0.17947263442754746,0.25981740923929403,0.22018259076070598,0.0461500997686386,8.77777882723055,odom,
7694.26814413,navigating,0.9932147388601122,-0.12322338380104139,-1.6402417421066549,-6.482841476726573,-6.6261200836221565,2.8225666489247727,2.798867924332623,-1.5376462936401367,-1.5322761359391484,1.5322761359391484,0.13807197899950552,pixhawk_fused,0.8,0.2,gyro,-1.0,0.24261392652988434,0.0678495541214943,0.24,0.16581540340309756,0.006057994000002509,0.23745193245232105,0.24777592060744763,0.22738476410909234,0.2526152358909077,,,odom,
7694.387806927,navigating,0.9908884630900419,-0.15090644604084372,-1.6355671412519364,-6.509092225292287,-6.617028235973253,2.827241249779491,2.8238313111894597,-1.526267647743225,-1.532673213222039,1.532673213222039,0.0661562920004144,pixhawk_fused,0.8,0.2,gyro,-1.0,0.24361853301525116,0.30336037278175354,0.24,0.2740337449264038,0.02782517400009965,0.22053887585401535,0.266698190176487,0.2191515126859992,0.2608484873140008,0.04615931432247164,10.555552507271582,odom,
7694.50431231,navigating,0.9893655978270874,-0.17881860638893754,-1.6106313016621314,-6.535763414052704,-6.608658319365962,2.852177089369296,2.858987558013324,-1.5474351644515991,-1.5102924615526323,1.5102924615526323,0.006326550999801839,pixhawk_fused,0.8,0.2,gyro,-1.0,0.24256524443626404,0.33917999267578125,0.24,0.3309019625953139,0.04644358999939868,0.2167604305934906,0.2683700582790375,0.2148249786857485,0.26517502131425147,0.05160962768554689,9.399999779661023,odom,
7694.607993142,navigating,0.9889568956988,-0.20260933346955376,-1.6030645306397844,-6.558716063202077,-6.602386028757274,2.859743860391643,2.89682933303547,-1.5474351644515991,-1.5102924615526323,1.5102924615526323,0.10925470099937229,pixhawk_fused,0.8,0.2,gyro,-1.0,0.25036948919296265,0.30533865094184875,0.24,0.2906693232091599,0.0457719759997417,0.2271393246293068,0.2735996537566185,0.2178858778902471,0.2621141221097529,0.046460329127311684,10.777775099564801,odom,
7694.708919561,navigating,0.9894574457336481,-0.22787975251367842,-1.574091131877089,-6.583327140758196,-6.596629337821525,2.8887172591543386,2.9322907655714068,-1.5746291875839233,-1.4829398320102816,1.4829398320102816,0.09761472300033347,pixhawk_fused,0.8,0.2,gyro,-1.0,0.2513737082481384,0.3059324622154236,0.23416809865375554,0.18809047025827208,0.04926497199994628,0.228098366522789,0.2746490499734878,0.2198581756765062,0.24847802163100488,0.04655068345069882,10.800000756782214,odom,
7694.828647184,navigating,0.9908274241394487,-0.2551145008338588,-1.5151823578251529,-6.610056431700036,-6.591229952426649,2.9476260332062747,2.950357173207617,-1.6427346467971802,-1.4138236970985059,1.4138236970985059,0.02613179299987678,pixhawk_fused,0.8,0.2,gyro,-1.0,0.23140038549900055,0.03342355415225029,0.21080579193472285,0.07397954817917247,0.01315978900038317,0.22885752149909735,0.23394324949890374,0.20517742790925142,0.21643415596019427,,,odom,
7694.949385711,navigating,0.9922464302937353,-0.27935574998006885,-1.5026562682314868,-6.633897083480442,-6.586617462717181,2.9601521227999408,2.9476106041801766,-1.6567590236663818,-1.3974795207017783,1.3974795207017783,0.03332057999978133,pixhawk_fused,0.8,0.2,gyro,-1.0,0.20620675384998322,-0.09796599298715591,0.18928981169781833,-0.05038092208266214,0.038701239000147325,0.21366000659644604,0.19875350110352039,0.19312279224986728,0.18545683114576939,,,odom,
7695.066649,navigating,0.99336477219506,-0.30030218674150466,-1.5069283374792182,-6.65447074567393,-6.582527435143025,2.955880053552209,2.9381806689697942,-1.6535829305648804,-1.400462262988997,1.400462262988997,0.04616304699993634,pixhawk_fused,0.8,0.2,gyro,-1.0,0.16007012128829956,-0.20361006259918213,0.16230339280328154,-0.09841343161493844,0.007027616999948805,0.17556077485084534,0.14457946772575378,0.16979068668054606,0.15481609892601703,0.03098130712509156,10.333335558889951,odom,
7695.188180826,navigating,0.9941310366150642,-0.31878935922945784,-1.5097658778766556,-6.6725743789107215,-6.578703671108933,2.953042513154772,2.9239900018800262,-1.6535829305648804,-1.400462262988997,1.400462262988997,0.16763125200031936,pixhawk_fused,0.8,0.2,gyro,-1.0,0.1615334004163742,-0.10110490769147873,0.15475328119976287,-0.09350122953569143,0.028593089999958465,0.16922546179354192,0.1538413390392065,0.16186685474283827,0.14763970765668746,,,odom,
7695.305785849,navigating,0.9945549676460959,-0.3362354102223583,-1.5432984317167087,-6.689584593142789,-6.574805334983722,2.919509959314719,2.904275625641682,-1.6173605918884277,-1.437448541478229,1.437448541478229,0.0242689890001202,pixhawk_fused,0.8,0.2,gyro,-1.0,0.14966793358325958,-0.27134403586387634,0.14033733851976346,-0.05351245516878389,0.04653259899987461,0.1703117878317833,0.12902407933473586,0.14440856610900454,0.13626611093052238,0.04128770849704744,7.2499995292285435,odom,
7695.408160712,navigating,0.9946617031153574,-0.3500735940513501,-1.551131252950615,-6.70302037947364,-6.571490765657686,2.9116771380808126,2.891000511773628,-1.611150860786438,-1.4439209967413669,1.4439209967413669,0.07576976200016361,pixhawk_fused,0.8,0.2,gyro,-1.0,0.14415353536605835,-0.14035281538963318,0.12660708449519484,0.03449970995646581,0.049095003000729776,0.15483157756090163,0.13347549317121507,0.12398234656170692,0.12923182242868275,0.021356084389686558,13.499996791141536,odom,
7695.529436131,navigating,0.9946258579487933,-0.3646841651078803,-1.5625026246490226,-6.717169404393764,-6.567847255635251,2.900305766382405,2.884286653569843,-1.5980292558670044,-1.4564565620878462,1.4564565620878462,0.026774902999932237,pixhawk_fused,0.8,0.2,gyro,-1.0,0.10792556405067444,-0.06755144894123077,0.11378100403773334,0.046205459105815125,0.015879382000093756,0.11306487828612327,0.1027862498152256,0.11026569270896291,0.11729631536650376,,,odom,
7695.647209456,navigating,0.9945107036363073,-0.3762385800409789,-1.5749879926158936,-6.7283373756591685,-6.564881756895242,2.887820398415534,2.8789460385464625,-1.582632303237915,-1.470727985017908,1.470727985017908,0.03393477899953723,pixhawk_fused,0.8,0.2,gyro,-1.0,0.09045073390007019,-0.03399810194969177,0.10336951898919458,0.07645208448366284,0.031538824999188364,0.09303730949640274,0.08786415830373764,0.09755304440167752,0.10918599357671165,,,odom,
7695.748530588,navigating,0.9943955980976169,-0.3842109641761251,-1.575665450540071,-6.736034313456439,-6.562801058303826,2.8871429404913567,2.8755586152255828,-1.582632303237915,-1.470727985017908,1.470727985017908,0.1352692089994889,pixhawk_fused,0.8,0.2,gyro,-1.0,0.07696124911308289,-0.09789513796567917,0.09910647670409294,0.10166776936378251,0.03455510099956882,0.08440911120951175,0.06951338701665402,0.09137159281089637,0.1068413605972895,,,odom,
7695.849331406,navigating,0.9942764799715053,-0.39164898045518337,-1.5788216925836922,-6.74321244909833,-6.560848459010034,2.8839866984477354,2.8762910170518414,-1.578790307044983,-1.4748563451068226,1.4748563451068226,0.03130463600064104,pixhawk_fused,0.8,0.2,gyro,-1.0,0.0761224552989006,-0.0345274955034256,0.0915544873574529,0.10334640158265158,0.03536264300055336,0.07874930715680123,0.07349560344099998,0.08369189312504477,0.09941708158986104,,,odom,
7695.966913908,navigating,0.9941306639456154,-0.4009289548452929,-1.5787615572049605,-6.752168877489744,-6.558415029852659,2.884046833826467,2.8749482456182553,-1.579034686088562,-1.4744454946443188,1.4744454946443188,0.04616485799942893,pixhawk_fused,0.8,0.2,gyro,-1.0,0.08258369565010071,0.0,0.08065980255998094,0.10663551756551336,0.007363741000517621,0.08258369565010071,0.08258369565010071,0.07254697238359668,0.0887726327363652,,,odom,
7696.088503743,navigating,0.9939943127217176,-0.4104331370816939,-1.577406596380234,-6.761344904677086,-6.555935393448641,2.8854017946511936,2.8817231596541335,-1.579034686088562,-1.4744454946443188,1.4744454946443188,0.1679058259996964,pixhawk_fused,0.8,0.2,gyro,-1.0,0.08442132920026779,0.06527289748191833,0.07703068549324629,0.11020776204449922,0.029127859999789507,0.07945536715984344,0.08938729124069214,0.0686460789569008,0.08541529202959179,,,odom,
7696.208482181,navigating,0.9939278419682724,-0.4198113903148727,-1.575170892183066,-6.770416164938871,-6.55355457650279,2.8876374988483615,2.8898103226869143,-1.579514503479004,-1.473672652810787,1.473672652810787,0.10975387899998168,pixhawk_fused,0.8,0.2,gyro,-1.0,0.07489781826734543,0.06563074886798859,0.06927587188528951,0.12043274048197883,0.04903936199934833,0.06990463089346885,0.07989100564122201,0.06011334898942056,0.07843839478115847,,,odom,
7696.308839491,navigating,0.9939284601990676,-0.42650408792426564,-1.559094213204781,-6.7769016493786065,-6.551902095563433,2.9037141778266466,2.8979279850383683,-1.5966821908950806,-1.455606227643763,1.455606227643763,0.0261919399999897,pixhawk_fused,0.8,0.2,gyro,-1.0,0.06195512041449547,0.13574346899986267,0.062052830975579544,0.12375568584362612,0.04808967099961592,0.05162775729298592,0.07228248353600503,0.05263749839659647,0.07146816355456262,0.02065472624301911,5.999122882147624,odom,
7696.409081192,navigating,0.9939853639332434,-0.43303419113034836,-1.5551454573620358,-6.783243479606006,-6.5503443166048205,2.907662933669392,2.904763931627282,-1.6004161834716797,-1.4523792628720154,1.4523792628720154,0.07296805199985101,pixhawk_fused,0.8,0.2,gyro,-1.0,0.06630947440862656,0.12453045696020126,0.05899701789018527,0.11305978815569857,0.04899007800031541,0.056835197243094444,0.07578375157415868,0.050395429207299725,0.06759860657307082,0.01894855433106423,6.998895351073715,odom,
7696.528659869,navigating,0.9940984030064979,-0.43977896671517647,-1.5485352207885548,-6.78980719611679,-6.548787910138682,2.914273170242873,2.912942654438966,-1.6067029237747192,-1.4461611469983806,1.4461611469983806,0.0099371100004646,pixhawk_fused,0.8,0.2,gyro,-1.0,0.05848166346549988,0.10028214007616043,0.05025602460277621,0.12473547994560337,0.014190292999956,0.05085219824850559,0.06611112868249416,0.0407661492885147,0.059745899917037715,,,odom,
7696.628714951,navigating,0.9942238034973059,-0.44506266699553954,-1.5382826901546043,-6.794958160373772,-6.547604364128129,2.9245257008768233,2.918252682577113,-1.6188405752182007,-1.4346730002909651,1.4346730002909651,0.008231550000346033,pixhawk_fused,0.8,0.2,gyro,-1.0,0.05376039072871208,-1.6765536202001385e-05,0.05,0.12852458442746278,0.012268628999663633,0.05376166625070633,0.053759115206717834,0.040221849616758634,0.05977815038324137,,,odom,
7696.729208711,navigating,0.9943720432479164,-0.4497395295277402,-1.5355605284051803,-6.799526730324054,-6.546592837174386,2.9272478626262473,2.93186354525903,-1.6188405752182007,-1.4346730002909651,1.4346730002909651,0.10865202200056956,pixhawk_fused,0.8,0.2,gyro,-1.0,0.04341530799865723,0.10070351511240005,0.05,0.1388293542348363,0.014891990999785776,0.03575378456890583,0.051076831428408624,0.03943786272981366,0.06056213727018635,,,odom,
7696.84867126,navigating,0.9946351915205798,-0.4555877183107038,-1.5162172553006927,-6.805258716395262,-6.545403343696444,2.946591135730735,2.943277117118242,-1.6386361122131348,-1.4133473071381202,1.4133473071381202,0.029374626999924658,pixhawk_fused,0.8,0.2,gyro,-1.0,0.055325038731098175,0.06610867381095886,0.05,0.16469407549606888,0.033428005000132544,0.05029549082756043,0.06035458663463592,0.03747007473625909,0.06252992526374092,,,odom,
7696.966798487,navigating,0.994963909178431,-0.4612412023485801,-1.5043737811346176,-6.8108182259121675,-6.544325479606432,2.95843460989681,2.9588105393156416,-1.649641990661621,-1.4024263185560455,1.4024263185560455,0.030861821999678796,pixhawk_fused,0.8,0.2,gyro,-1.0,0.04888591915369034,0.1014724001288414,0.05,0.16269212291661295,0.007457516000613396,0.04116589895188809,0.05660593935549259,0.03762238328850409,0.062377616711495915,,,odom,
7697.084501671,navigating,0.9953992043780859,-0.4672442766613417,-1.5005958188089847,-6.816742818427304,-6.543264542923605,2.962212572222443,2.9777009314779623,-1.649641990661621,-1.4024263185560455,1.4024263185560455,0.1494883609993849,pixhawk_fused,0.8,0.2,gyro,-1.0,0.04624919593334198,0.2026340514421463,0.05,0.18597380066899658,0.026099915000486362,0.03083279729962349,0.06166559456706047,0.03585111324510275,0.06414888675489726,0.03083279726743698,3.0000000020878104,odom,
7697.186060278,navigating,0.9958509183589379,-0.472113368890843,-1.4897786105178605,-6.8215726194452415,-6.54249960711779,2.973029780513567,2.9946076652259794,-1.6587462425231934,-1.3931312443166723,1.3931312443166723,0.0728084399997897,pixhawk_fused,0.8,0.2,gyro,-1.0,0.05127789080142975,0.13479992747306824,0.05,0.0,0.028777948000424658,0.04102231231927872,0.06153346928358078,0.05,0.05,0.020511156964302057,4.999999843078047,odom,
7697.288324504,navigating,0.9963650192743108,-0.47694011994516194,-1.473837723361049,-6.826376800603654,-6.54180558342316,2.9889706676703787,3.00275585654139,-1.67734956741333,-1.3752424733191482,1.3752424733191482,0.0514537429999109,pixhawk_fused,0.8,0.2,gyro,-1.0,0.0496271587908268,0.06521465629339218,0.05,0.0,0.02880926800025918,0.04466562774002552,0.054588689841628076,0.05,0.05,,,odom,
7697.407847728,navigating,0.99699153691294,-0.4824690672371698,-1.4608142358972813,-6.831889187878934,-6.5410470525822255,3.0019941551341462,3.006112806601983,-1.6954885721206665,-1.359802451103901,1.359802451103901,0.11065537600006792,pixhawk_fused,0.8,0.2,gyro,-1.0,0.04387478902935982,0.03392311930656433,0.05,0.0,0.047696146999442135,0.041293918112516405,0.04645565994620323,0.05,0.05,,,odom,
,turning,0.99699153691294,-0.4824690672371698,-1.4608142358972813,,,,,,,,,True,0.8,0.2,gyro,-1.0,,,,,,,,,,,,mission_status,final alignment at waypoint 2/4
7697.525625553,turning,0.9973233144556143,-0.48536361246217063,-1.4601135850425022,-6.834775997050402,-6.540653604739522,3.0026948059889254,2.995919923700903,-1.6974074840545654,-1.3563784316861756,1.3563784316861756,0.0040799370008244296,pixhawk_fused,0.8,0.2,gyro,-1.0,0.013291005976498127,-0.17469775676727295,0.0,0.0,0.008540171000277041,0.026582011311352252,6.416440018197633e-10,0.0,0.0,0.02658201066970825,1.000000048276559,odom,
7697.629145496,turning,0.9973584042371555,-0.48570687408387636,-1.4610534972691838,-6.835117290179073,-6.540602822517964,3.001754893762244,2.9912202284791527,-1.6974074840545654,-1.3563784316861756,1.3563784316861756,0.10666741400018509,pixhawk_fused,0.8,0.2,gyro,-1.0,0.0,0.0,0.0,0.0,0.007220055999823671,0.0,0.0,0.0,0.0,,,odom,
7697.730176512,turning,0.9973584042371555,-0.48570687408387636,-1.4697117277404717,-6.835117290179073,-6.540602822517964,2.993096663290956,2.9912202284791527,-1.6869161128997803,-1.3672011743644006,1.3672011743644006,0.09156315499967604,pixhawk_fused,0.8,0.2,gyro,-1.0,0.0,0.0,-0.0,-1.55,0.007224780999422364,0.0,0.0,0.117924,-0.117924,,,odom,
7697.847889178,turning,0.9973584042371555,-0.48570687408387636,-1.469356871421251,-6.835117290179073,-6.540602822517964,2.993451519610177,2.9912202284791527,-1.6870371103286743,-1.3667576041412293,1.3667576041412293,0.023313986000175646,pixhawk_fused,0.8,0.2,gyro,-1.0,0.0,0.0,-0.0,-1.55,0.008829585999592382,0.0,0.0,0.117924,-0.117924,,,odom,
7697.94811803,turning,0.9973584042371555,-0.48570687408387636,-1.469356871421251,-6.835117290179073,-6.540602822517964,2.993451519610177,2.9912202284791527,-1.6870371103286743,-1.3667576041412293,1.3667576041412293,0.12350287000026583,pixhawk_fused,0.8,0.2,gyro,-1.0,0.0,0.0,-0.0,-1.55,0.01152943699980824,0.0,0.0,0.117924,-0.117924,,,odom,
7698.048530465,turning,0.9973584042371555,-0.48570687408387636,-1.4693936773506273,-6.835117290179073,-6.540602822517964,2.9934147136808003,2.9912202284791527,-1.6869794130325317,-1.366803611531829,1.366803611531829,0.04732255199996871,pixhawk_fused,0.8,0.2,gyro,-1.0,0.0,0.0,-0.0,-1.55,0.031168542000159505,0.0,0.0,0.117924,-0.117924,,,odom,
7698.149643518,turning,0.9973584042371555,-0.48570687408387636,-1.4694932628907722,-6.835117290179073,-6.540602822517964,2.9933151281406554,2.9912202284791527,-1.6868579387664795,-1.3669280934033203,1.3669280934033203,0.032999009000377555,pixhawk_fused,0.8,0.2,gyro,-1.0,0.0,0.0,-0.0,-1.55,0.012160195000433305,0.0,0.0,0.117924,-0.117924,,,odom,
7698.250937913,turning,0.9973584042371555,-0.48570687408387636,-1.4694932628907722,-6.835117290179073,-6.540602822517964,2.9933151281406554,2.9912202284791527,-1.6868579387664795,-1.3669280934033203,1.3669280934033203,0.13433494699984294,pixhawk_fused,0.8,0.2,gyro,-1.0,0.0,0.0,-0.0,-1.55,0.008114759999443777,0.0,0.0,0.117924,-0.117924,,,odom,
7698.367295809,turning,0.9973584042371555,-0.48570687408387636,-1.4695309186767664,-6.835117290179073,-6.540602822517964,2.993277472354661,2.9912202284791527,-1.686848521232605,-1.3669751631167937,1.3669751631167937,0.055364561000715184,pixhawk_fused,0.8,0.2,gyro,-1.0,0.0,0.0,-0.0,-1.55,0.02753233299972635,0.0,0.0,0.117924,-0.117924,,,odom,
7698.467304371,turning,0.9973584042371555,-0.48570687408387636,-1.469577043402568,-6.835117290179073,-6.540602822517964,2.9932313476288597,2.9912202284791527,-1.6868314743041992,-1.3670328190016778,1.3670328190016778,0.049712340999576554,pixhawk_fused,0.8,0.2,gyro,-1.0,0.0,0.0,-0.0,-1.55,0.029472926999915217,0.0,0.0,0.117924,-0.117924,,,odom,
7698.587994835,turning,0.9973535193148638,-0.4856580738934857,-1.4697714096296135,-6.835068795444972,-6.540610142477828,2.9930369814018145,2.990548843654367,-1.686787724494934,-1.3671079308632514,1.3671079308632514,0.04920804599987605,pixhawk_fused,0.8,0.2,gyro,-1.0,0.0,0.0,0.0026862334925681353,-1.55,0.011890507999851252,0.0,0.0,0.12061023349256814,-0.11523776650743187,,,odom,
7698.689148645,turning,0.997343636469515,-0.48556003019027066,-1.4700399657559355,-6.83497134847928,-6.540624782397557,2.992768425275492,2.989206058365816,-1.686787724494934,-1.3671079308632514,1.3671079308632514,0.1501527509999505,pixhawk_fused,0.8,0.2,gyro,-1.0,-0.0025815169792622328,-0.033931609243154526,-0.0,-1.55,0.013454589000502892,-1.4804303659701756e-10,-0.005163033810481429,0.117924,-0.117924,,,odom,
7698.807462228,turning,0.9973119889473189,-0.48521730753050457,-1.4733692702889334,-6.834631427843083,-6.540678767101555,2.989439120742494,2.9737031511908225,-1.6865153312683105,-1.367393985178064,1.367393985178064,0.04944989099931263,pixhawk_fused,0.8,0.2,gyro,-1.0,-0.005128811113536358,-0.33706700801849365,0.002582424320280552,-1.55,0.030360675000338233,0.020515246856510638,-0.030772869083583353,0.12050642432028055,-0.11534157567971945,0.010257622227072716,0.19999998126376717,odom,
7698.908736445,turning,0.9972844188961648,-0.4847720384981231,-1.490764420996662,-6.83419314524621,-6.540762031645011,2.9720439700347656,2.919015619806718,-1.6734739542007446,-1.375471712995063,1.375471712995063,0.007433016000504722,pixhawk_fused,0.8,0.2,gyro,-1.0,-0.0025661946274340153,-0.7079650163650513,0.010528643615543842,-1.55,0.03211644700058969,0.05129578381761908,-0.05642817307248711,0.12845264361554384,-0.10739535638445616,0.0051323892548680305,0.04764389837725511,odom,
7699.025680218,turning,0.9972707790003065,-0.48496672618707426,-1.6221371450305835,-6.834378431730274,-6.540700726981148,2.8406712460008436,2.8080842307607066,-1.532056212425232,-1.5119502979998696,1.5119502979998696,0.015317949999371194,pixhawk_fused,0.8,0.2,gyro,-1.0,-0.0025817756541073322,-1.051985502243042,-0.010611971840262413,-1.55,0.014472586999545456,0.0774532813565433,-0.08261683266475796,0.10731202815973759,-0.12853597184026241,0.0051635513082146645,0.032258059787022626,odom,
7699.128688556,turning,0.9972644591803219,-0.48501602178368575,-1.735255250658109,-6.834424638976917,-6.540682427081488,2.7275531403733186,2.688485843476972,-1.4206862449645996,-1.6234493105893242,1.6234493105893242,0.003505431999656139,pixhawk_fused,0.8,0.2,gyro,-1.0,0.0,-1.2168372869491577,-0.0025819086004048586,-1.55,0.023646150999411475,0.09257698079109192,-0.09257698079109192,0.11534209139959514,-0.12050590860040486,0.0,0.0,odom,
7699.228902287,turning,0.9972220642431582,-0.4852071801018548,-1.7624803297264622,-6.834599403018676,-6.5405941300656245,2.7003280613049654,2.5518586471518696,-1.4206862449645996,-1.6234493105893242,1.6234493105893242,0.10409297600017453,pixhawk_fused,0.8,0.2,gyro,-1.0,0.002572739263996482,-1.3864660263061523,-0.0,-1.55,0.021608302000458934,0.10805507454536854,-0.10290959601737558,0.117924,-0.117924,0.005145478527992964,0.02439023801600287,odom,
7699.348634203,turning,0.9971821994888305,-0.4852971306953455,-2.015822350522802,-6.834676720094743,-6.540533282899253,2.4469860405086252,2.377267544481372,-1.1535284519195557,-1.896364517617713,1.896364517617713,0.028406189000634186,pixhawk_fused,0.8,0.2,gyro,-1.0,-0.0025717043317854404,-1.5194149017333984,-0.005347061436623335,-1.55,0.009950342000593082,0.1130253813920915,-0.11816879005566239,0.11257693856337667,-0.12327106143662334,0.005143408663570881,0.022247138114955493,odom,
7699.449650309,turning,0.9971555390731784,-0.48533886361610346,-2.1574238634337304,-6.834710574909115,-6.540497140597424,2.305384527597697,2.2273957198863585,-1.0117590427398682,-2.0359037433152305,2.0359037433152305,0.02738143099941226,pixhawk_fused,0.8,0.2,gyro,-1.0,-2.757142965492676e-06,-1.5016021728515625,-0.0025802231393754482,-1.55,0.03191858499940281,0.11423913616758137,-0.11424465045351236,0.11534377686062455,-0.12050422313937545,5.514285930985352e-06,2.4134254830650074e-05,odom,
7699.549833869,turning,0.9972755585345203,-0.4851855185246395,-2.1869597582493947,-6.834591625561321,-6.540651317252064,2.275848632782033,2.078592119578321,-1.0117590427398682,-2.0359037433152305,2.0359037433152305,0.12775833299929218,pixhawk_fused,0.8,0.2,gyro,-1.0,-0.002480704803019762,-1.5342450141906738,0.0025676004588603973,-1.55,0.03144685000006575,0.11424465587660669,-0.11920606548264621,0.1204916004588604,-0.1153563995411396,0.004961409606039524,0.021252492076923184,odom,
7699.667132846,turning,0.9972084339433096,-0.4852592833563686,-2.3379014035298527,-6.834646525260303,-6.5405680527086085,2.124906987501575,1.900399952429958,-0.8678222894668579,-2.1801747355942833,2.1801747355942833,0.06720230599967181,pixhawk_fused,0.8,0.2,gyro,-1.0,0.0025817756541073322,-1.5270757675170898,0.010254556313157082,-1.55,0.009111983000366308,0.11876170004680751,-0.11359814873859285,0.12817855631315708,-0.10766944368684292,0.0051635513082146645,0.02222221840479654,odom,
7699.76729106,turning,0.9970781577592306,-0.4853297880694401,-2.626094914977661,-6.834682667562133,-6.540424398496272,1.8367134760537667,1.7469575812494451,-0.5465396046638489,-2.5016427368407355,2.5016427368407355,0.008800994000011997,pixhawk_fused,0.8,0.2,gyro,-1.0,0.005131239537149668,-1.482985496520996,-0.0,-1.4546978333335536,0.005856846000824589,0.11795677611246705,-0.10769429703816771,0.11067341116001675,-0.11067341116001675,0.010262479074299335,0.04547941621110108,odom,
7699.888066734,turning,0.9967525937021547,-0.4854491264749212,-2.661566021928876,-6.834717894868979,-6.540079445387669,1.8012423691025514,1.5677278260380705,-0.5465396046638489,-2.5016427368407355,2.5016427368407355,0.12955190599950583,pixhawk_fused,0.8,0.2,gyro,-1.0,0.005128299351781607,-1.4155402183532715,-0.0051736775785684586,-1.0729695682765883,0.029258356999889656,0.1128225991640985,-0.10256600046053528,0.07645784717591438,-0.08680520233305129,0.010256598703563213,0.04761904168297576,odom,
7699.988339557,turning,0.9965603396411546,-0.4854820788379077,-2.7803742761027888,-6.8347023399542675,-6.539885008953775,1.6824341149286388,1.4374176468789603,-0.4290376603603363,-2.6176525242810356,2.6176525242810356,0.0745050440000341,pixhawk_fused,0.8,0.2,gyro,-1.0,0.0051329066045582294,-1.2144094705581665,-0.010288259945809841,-0.8079860213133433,0.029614760999720602,0.09752517912462354,-0.08725936591550708,0.05118331655570931,-0.071759836447329,0.010265813209116459,0.05555558343305702,odom,
7700.108908424,turning,0.9959100124335037,-0.4855331175631632,-3.0156439998634363,-6.834591168063829,-6.539242224978194,1.4471643911679912,1.320840513222416,-0.1675931215286255,-2.8821003016715157,2.8821003016715157,0.09087826199993287,pixhawk_fused,0.8,0.2,gyro,-1.0,0.0103263258934021,-0.8142600059509277,0.015374941751360893,-0.2757246208727413,0.009726590999889595,0.07227522714614867,-0.05162257535934448,0.03635207090735905,-0.005602187404637263,0.020652651786804192,0.1666910257418693,odom,
7700.229670337,turning,0.9950191533379564,-0.4854943864625493,-3.1019524652098402,-6.834333596976106,-6.538388534659025,1.3608559258215873,1.2600190549013477,-0.07675929367542267,-2.9747418450598824,2.9747418450598824,0.09297417600009794,pixhawk_fused,0.8,0.2,gyro,-1.0,0.01806608960032463,-0.23746174573898315,0.0,0.0,0.008928827000090678,0.03613217921614647,-1.5497207683790037e-11,0.0,0.0,0.03613217920064926,0.9999999991421936,odom,
7700.329973072,turning,0.9946247970931318,-0.4854697926473356,3.1357409338902915,-6.834212360140854,-6.538012471720998,1.3153640177421329,1.2546174544761488,-0.009661342017352581,-3.030225043225776,3.030225043225776,0.05409009399954812,pixhawk_fused,0.8,0.2,gyro,-1.0,0.0,0.0,0.0,0.0,0.006872362999274628,0.0,0.0,0.0,0.0,,,odom,
,reached,0.9946247970931318,-0.4854697926473356,3.1357409338902915,,,,,,,,,True,0.8,0.2,gyro,-1.0,,,,,,,,,,,,mission_status,reached waypoint 2/4
,navigating,0.9946247970931318,-0.4854697926473356,3.1357409338902915,,,,,,,,,True,0.8,0.2,gyro,-1.0,,,,,,,,,,,,mission_status,going to waypoint 3/4
7700.431315531,navigating,0.9946247970931318,-0.4854697926473356,3.1303754145572387,-6.834212360140854,-6.538012471720998,1.30999849840908,1.2546174544761488,-0.009610760025680065,-3.036929821300994,3.036929821300994,0.09439958599978127,pixhawk_fused,0.8,0.2,gyro,-1.0,0.0,0.0,0.0,0.0,0.06691450299967983,0.0,0.0,0.0,0.0,,,odom,
7700.548543211,navigating,0.9946247970931318,-0.4854697926473356,3.131755921170329,-6.834212360140854,-6.538012471720998,1.3113790050221703,1.2546174544761488,-0.009506302885711193,-3.0352046966308013,3.0352046966308013,0.048638713999935135,pixhawk_fused,0.8,0.2,gyro,-1.0,0.0,0.0,0.24,0.14283893865808728,0.0433878249996269,0.0,0.0,0.22913281354689272,0.2508671864531073,,,odom,
7700.649541399,navigating,0.9945263449425683,-0.48546325520132194,3.1321653121007547,-6.834181707808922,-6.537918684735238,1.311788395952596,1.255960183491099,-0.009405811317265034,-3.0350282936300834,3.0350282936300834,0.03154240999992908,pixhawk_fused,0.8,0.2,gyro,-1.0,0.0025815169792622328,0.033931609243154526,0.24,0.13621530756042838,0.042499660000430595,1.4804303659701756e-10,0.005163033810481429,0.2296367394008026,0.2503632605991974,,,odom,
7700.750714878,navigating,0.9930499537702012,-0.48537784122147465,3.1362145715678587,-6.833734275262219,-6.536509134963875,1.3158376554197,1.2762239544867726,-0.009405811317265034,-3.0350282936300834,3.0350282936300834,0.13267767900015315,pixhawk_fused,0.8,0.2,gyro,-1.0,0.025812581181526184,0.3392820656299591,0.24,0.1333318279112584,0.045337249000112934,1.6283988983623043e-09,0.051625160734653466,0.22985611453251145,0.2501438854674885,0.051625159106254565,1.0000000630854773,odom,
7700.864816045,navigating,0.9872757931365966,-0.48530721217156947,-3.122188098808391,-6.832239630957435,-6.530931325547309,1.3406202922230364,1.3539826473478198,-0.022020867094397545,-3.0234871494602165,3.0234871494602165,0.06464724800025579,pixhawk_fused,0.8,0.2,gyro,-1.0,0.06691878288984299,0.8119044899940491,0.24,0.05061020977496997,0.011926115999813192,0.00514908929109574,0.12868847648859022,0.23614957524032026,0.24385042475967972,0.12353938719749448,1.0833594760003824,odom,
7700.968833992,navigating,0.9788087097386624,-0.48588333767700986,-3.023966069677818,-6.8307065568633645,-6.522584283814594,1.4388423213536097,1.4284150142519343,-0.13256214559078217,-2.9193178422581156,2.9193178422581156,0.05108739599927503,pixhawk_fused,0.8,0.2,gyro,-1.0,0.10805122554302216,0.6086416840553284,0.24,-0.44081738457932235,0.011266686000453774,0.06174576622009278,0.15435668486595153,0.27353738661879484,0.20646261338120514,0.09261091864585874,2.333444633158357,odom,
7701.088491834,navigating,0.9634985817985006,-0.4878354643628834,-2.967469952150352,-6.828816634725911,-6.507266352803645,1.4953384388810758,1.4581391573897047,-0.19204385578632355,-2.856130697561403,2.856130697561403,0.06444923799972457,pixhawk_fused,0.8,0.2,gyro,-1.0,0.1514398753643036,-0.032631631940603256,0.24,-0.4991444202137996,0.032326421000107075,0.1539224899223447,0.14895726080626248,0.27797490748986586,0.20202509251013412,,,odom,
7701.188536114,navigating,0.9483815939539564,-0.4898507265008664,-2.970708579044027,-6.827035596991437,-6.492119983352016,1.4920998119874005,1.4419343410645071,-0.19204385578632355,-2.856130697561403,2.856130697561403,0.1645240219995685,pixhawk_fused,0.8,0.2,gyro,-1.0,0.16403549909591675,-0.3368370532989502,0.18981530836330912,-0.6666666666666666,0.031179550999695493,0.18966206211090086,0.13840893608093263,0.2405353083633091,0.13909530836330913,0.05125312602996823,6.4009948973650275,odom,
7701.311234322,navigating,0.9308358214395752,-0.4916800997533802,-3.0076518840858997,-6.82447452603393,-6.474665996553177,1.455156506945528,1.3939302021149576,-0.16173988580703735,-2.890312827704449,2.890312827704449,0.02905863199976011,pixhawk_fused,0.8,0.2,gyro,-1.0,0.15064534544944763,-0.5569007396697998,0.20171391557078294,-0.6666666666666666,0.006044708999979775,0.193014353723526,0.10827633717536927,0.25243391557078293,0.15099391557078296,0.08473801654815671,3.555555147171416,odom,
7701.429758018,navigating,0.9134009987898349,-0.4924944495162324,-3.0324802200592176,-6.820957285319152,-6.457570230290196,1.43032817097221,1.3303926495945086,-0.14330212771892548,-2.9054938732366757,2.9054938732366757,0.0921043339994867,pixhawk_fused,0.8,0.2,gyro,-1.0,0.16410265862941742,-0.606698751449585,0.22002551724192326,-0.6666666666666666,0.024377009999625443,0.21026029963970183,0.11794501761913301,0.27074551724192325,0.16930551724192328,0.09231528202056882,3.5552652830081497,odom,
7701.54833324,navigating,0.8927574470591361,-0.49213384600378396,-3.0851174328505193,-6.815508947692685,-6.437655364484491,1.3776909581809083,1.2708223365950488,-0.09208077192306519,-2.9564064977746205,2.9564064977746205,0.04568552199998521,pixhawk_fused,0.8,0.2,gyro,-1.0,0.19369153678417206,-0.37339767813682556,0.23794779316388226,-0.6666666666666666,0.04322112800036848,0.22209963213682174,0.16528344143152238,0.28866779316388225,0.18722779316388227,0.05681619070529936,6.81818102832107,odom,
7701.66442892,navigating,0.8682390640138629,-0.49033183125717084,3.1112115321860006,-6.807706785472365,-6.414341749814312,1.2908346160378419,1.2234894611567249,0.0030150669626891613,-3.0531079712193208,3.0531079712193208,0.054683289999957196,pixhawk_fused,0.8,0.2,gyro,-1.0,0.2264639139175415,-0.270678848028183,0.24,0.08895044521767778,0.009800681000342593,0.24705716067552566,0.20587066715955735,0.23323265012783906,0.24676734987216092,0.041186493515968314,10.996998995786797,odom,
7701.765190608,navigating,0.8461957929169135,-0.48800467850010343,3.1091829570314875,-6.800007102690146,-6.3935562662822525,1.2888060408833288,1.2133271244587496,0.0030150669626891613,-3.0531079712193208,3.0531079712193208,0.15506590400036657,pixhawk_fused,0.8,0.2,gyro,-1.0,0.23669207096099854,0.0,0.24,0.1566964265084727,0.01234104900049715,0.23669207096099854,0.23669207096099854,0.2280785358712354,0.2519214641287646,,,odom,
7701.868450436,navigating,0.8230902104004705,-0.4856107338990369,3.0832038041742416,-6.7919803092014925,-6.371757883303975,1.262826888026083,1.2248017783769316,0.03678688406944275,-3.0884359282832343,3.0884359282832343,0.05497523199937859,pixhawk_fused,0.8,0.2,gyro,-1.0,0.2390120029449463,0.06544976681470871,0.24,0.37842949479378535,0.011370353000529576,0.23403258468568325,0.24399142120420933,0.2112090840360888,0.2687909159639112,,,odom,
7701.988609122,navigating,0.7957522697258612,-0.48329185770358785,3.1006403623426224,-6.782980876045875,-6.345839735414594,1.2802634461944638,1.2614228954436189,0.020426034927368164,-3.0757936234567063,3.0757936234567063,0.06772047000049497,pixhawk_fused,0.8,0.2,gyro,-1.0,0.22842316329479218,0.4568881392478943,0.24,0.4452177420705786,0.03173554699969827,0.19366311366081237,0.26318321292877195,0.20612783418327038,0.27387216581672963,0.06952009926795957,6.57142799564637,odom,
7702.109496026,navigating,0.7676472965525566,-0.48218686974847264,3.137173743871676,-6.774968264979459,-6.318878493244555,1.3167968277235174,1.3147066269701988,-0.014536307193338871,-3.043447568545093,3.043447568545093,0.01073177900070732,pixhawk_fused,0.8,0.2,gyro,-1.0,0.24521952867507935,0.5767794847488403,0.24,0.41010164439597174,0.0041930710003725835,0.2013381454753876,0.2891009118747711,0.20879946689435447,0.2712005331056455,0.08776276639938352,5.588236076314063,odom,
7702.229509987,navigating,0.7391434891183869,-0.4826400507981778,-3.098726484046453,-6.76836703367437,-6.29114591030382,1.3640819069849748,1.3688142719751166,-0.058745067566633224,-2.997868126222839,2.997868126222839,0.013411871000243991,pixhawk_fused,0.8,0.2,gyro,-1.0,0.24615150690078735,0.40434935688972473,0.24,0.2772397107476808,0.02436977500019566,0.2153886078286171,0.27691440597295763,0.21890760280631644,0.26109239719368355,0.06152579814434053,8.001570538697019,odom,
7702.349582902,navigating,0.711101561813815,-0.48450518837218304,-3.0284889557717127,-6.763248094241795,-6.2635121468212525,1.4343194352597148,1.4087311700258398,-0.13534806668758392,-2.920051098981847,2.920051098981847,0.013457914999889908,pixhawk_fused,0.8,0.2,gyro,-1.0,0.23752978444099426,0.20369349420070648,0.24,0.12998849005692048,0.044303462999778276,0.2220327834022045,0.253026785479784,0.23011047567646947,0.2498895243235305,0.03099400207757952,15.327467801444012,odom,
7702.467561939,navigating,0.6848591950895591,-0.486997515884813,-3.0276834728129707,-6.759181399039706,-6.237467272126721,1.435124918218457,1.412759454588347,-0.13534806668758392,-2.920051098981847,2.920051098981847,0.13159006600017165,pixhawk_fused,0.8,0.2,gyro,-1.0,0.2212999016046524,-0.20293810963630676,0.24,-0.22497946492561036,0.012065305000760418,0.23673943298578262,0.2058603702235222,0.2571164376915404,0.22288356230845957,0.030879062762260434,14.333330212024391,odom,
7702.568101242,navigating,0.6634606702554585,-0.4887834800455657,-3.015888604720506,-6.755626643530625,-6.216290628239415,1.4469197863109216,1.391824434392601,-0.15412253141403198,-2.9000798542592423,2.9000798542592423,0.05214291399988724,pixhawk_fused,0.8,0.2,gyro,-1.0,0.22897200286388397,-0.20997361838817596,0.24,-0.2571992150139801,0.010497892999410396,0.2449467957508564,0.21299720997691154,0.2595677162782636,0.2204322837217364,0.031949585773944855,14.333331548267676,odom,
7702.668721562,navigating,0.6414093002204541,-0.4901697725011362,-3.044985233111997,-6.751523348529215,-6.194580084779509,1.4178231579194307,1.368692097930288,-0.12226978689432144,-2.9306656555775303,2.9306656555775303,0.049389797000003455,pixhawk_fused,0.8,0.2,gyro,-1.0,0.23906344175338745,-0.32724401354789734,0.24,-0.3540588876981405,0.013409948000116856,0.26396016630411145,0.21416671720266342,0.2669368001760745,0.21306319982392546,0.049793449101448034,9.602204549691868,odom,
7702.789115183,navigating,0.6143682085774517,-0.4910159023283996,-3.051981399180277,-6.745664178155366,-6.168167839599289,1.4108269918511507,1.3336580025590496,-0.12226978689432144,-2.9306656555775303,2.9306656555775303,0.1695334930000172,pixhawk_fused,0.8,0.2,gyro,-1.0,0.24584513902664185,-0.2285606563091278,0.24,-0.25389069837473205,0.030839388000458712,0.2632340337586403,0.2284562442946434,0.2593160043323496,0.22068399566765037,0.0347777894639969,14.13805436260685,odom,
7702.910638283,navigating,0.5871297394703834,-0.491071014569333,-3.100433344185892,-6.738989747251634,-6.141759711896494,1.3623750468455356,1.310098440726701,-0.06902800500392914,-2.9853283280078076,2.9853283280078076,0.092270572000416,pixhawk_fused,0.8,0.2,gyro,-1.0,0.2478007823228836,-0.20356924831867218,0.24,-0.04483627347892495,0.00430027299989888,0.26328833073496816,0.23231323391079903,0.2434111436862766,0.2365888563137234,0.03097509682416913,16.000000499080304,odom,
7703.026119357,navigating,0.5587683401273617,-0.4905455334022543,-3.120334407708283,-6.731475350953479,-6.114406851873718,1.3424739833231447,1.2958771604947128,-0.04736771434545517,-3.006647708991518,3.006647708991518,0.09019197399993573,pixhawk_fused,0.8,0.2,gyro,-1.0,0.2542840838432312,-0.03672874718904495,0.24,0.05879483401598135,0.023585833999277384,0.2570784069293737,0.2514897607570887,0.23552688902806412,0.24447311097193586,,,odom,
7703.128765511,navigating,0.5348324483290064,-0.4899136917555448,-3.1331924940735147,-6.724950979226965,-6.091368650693432,1.3296158969579128,1.2938629562165402,-0.032447557896375656,-3.0222145991418268,3.0222145991418268,0.015072245999363076,pixhawk_fused,0.8,0.2,gyro,-1.0,0.2461216151714325,0.0,0.24,0.1016650756866851,0.02572721900014585,0.2461216151714325,0.2461216151714325,0.23226532104175698,0.247734678958243,,,odom,
7703.229220402,navigating,0.5122768947630081,-0.48935161683117206,-3.1319905982463627,-6.718835152760375,-6.069650787273662,1.3308177927850648,1.2998749470437327,-0.032447557896375656,-3.0222145991418268,3.0222145991418268,0.11527380400002585,pixhawk_fused,0.8,0.2,gyro,-1.0,0.24091006815433502,0.0,0.24,0.1814124422420768,0.02425169000071037,0.24091006815433502,0.24091006815433502,0.22619814139422278,0.2538018586057772,,,odom,
7703.329504972,navigating,0.4898872464296956,-0.48901069964777266,-3.1203429709976804,-6.712974609894052,-6.048039063271923,1.3424654200337471,1.314767609805466,-0.04088319465517998,-3.01137790353035,3.01137790353035,0.03273527399960585,pixhawk_fused,0.8,0.2,gyro,-1.0,0.23350057005882263,0.10118064284324646,0.24,0.23812948573995313,0.024458830999719794,0.22580274675130843,0.24119839336633683,0.22188310872490435,0.25811689127509563,,,odom,
7703.431338601,navigating,0.4669105421796769,-0.48903943082527507,-3.1124197798754656,-6.707327260858774,-6.025767170389926,1.350388611155962,1.3363741010437358,-0.0466313436627388,-3.006874814936867,3.006874814936867,0.022904809999999998,pixhawk_fused,0.8,0.2,gyro,-1.0,0.24732741713523865,0.27857351303100586,0.24,0.19079492983328172,0.026066675999572908,0.22613354426383972,0.26852129000663755,0.22548432173828392,0.25451567826171606,0.04238774574279783,11.669760342339618,odom,
7703.546501018,navigating,0.43935835353093244,-0.4897623052836748,-3.0770396824734894,-6.701222414331981,-5.998890107758327,1.3857687085579382,1.362680176631188,-0.08454738557338715,-2.969226585337868,2.969226585337868,0.027642071000627766,pixhawk_fused,0.8,0.2,gyro,-1.0,0.25300824642181396,0.27155664563179016,0.24,0.14539556102562703,0.04394986599982076,0.23234821682214737,0.2736682760214806,0.22893830571717028,0.2510616942828297,0.04132005919933321,12.246267373493838,odom,
7703.649803952,navigating,0.4154937731186168,-0.4909068368323243,-3.0615660890983962,-6.69643699057072,-5.975482248604895,1.4012423019330313,1.3775422732222307,-0.09955256432294846,-2.953600156987062,2.953600156987062,0.012083478000022296,pixhawk_fused,0.8,0.2,gyro,-1.0,0.24515801668167114,0.16959847509860992,0.24,-0.0030277006762505676,0.043393099999775586,0.2322549646961689,0.2580610686671734,0.24023034746744915,0.23976965253255084,0.025806103971004468,19.000002244207693,odom,
7703.75107167,navigating,0.39158493752052415,-0.4922481942512962,-3.0605883650249153,-6.691831363323626,-5.95198288995316,1.4022200260065123,1.3755585970989754,-0.10246964544057846,-2.95188230315966,2.95188230315966,0.00837929399949644,pixhawk_fused,0.8,0.2,gyro,-1.0,0.25301408767700195,0.0,0.24,-0.08245714996252188,0.045808980999936466,0.25301408767700195,0.25301408767700195,0.24627333996914866,0.23372666003085132,,,odom,
7703.868174805,navigating,0.3631828012254008,-0.4936485110667343,-3.0657100988007757,-6.686173034348552,-5.9241148877549366,1.3970982922306519,1.3660981491731956,-0.09828323125839233,-2.9559197818077863,2.9559197818077863,0.04397112200058473,pixhawk_fused,0.8,0.2,gyro,-1.0,0.24192224442958832,0.0,0.24,-0.11451697724139985,0.012239743999998609,0.24192224442958832,0.24192224442958832,0.24871245162852568,0.2312875483714743,,,odom,
7703.968178063,navigating,0.3396561461196854,-0.49461106553708245,-3.067729413734104,-6.681294738596514,-5.901079431559599,1.3950789772973238,1.3559969023947873,-0.09828323125839233,-2.9559197818077863,2.9559197818077863,0.14382609800031787,pixhawk_fused,0.8,0.2,gyro,-1.0,0.24443474411964417,-0.10145888477563858,0.24,-0.11856638806178173,0.014807339999606484,0.25215373607337477,0.2367157521659136,0.24902053080374034,0.23097946919625964,,,odom,
7704.068879199,navigating,0.31706016384800184,-0.4953425335924079,-3.0750984173632174,-6.676422390311865,-5.87900289010648,1.3877099736682101,1.3492524863035937,-0.09070929884910583,-2.963444822307652,2.963444822307652,0.06731098100044619,pixhawk_fused,0.8,0.2,gyro,-1.0,0.23416616022586823,-0.10146911442279816,0.24,-0.12263696141811264,0.011445183999967412,0.2418859304511547,0.22644639000058175,0.24933022002469,0.23066977997531,,,odom,
7704.188738624,navigating,0.2904749473212427,-0.49598228700898916,-3.0917705485325593,-6.670475837917136,-5.853083369724624,1.3710378424988683,1.337777919299639,-0.07254718244075775,-2.981415559988445,2.981415559988445,0.0715509320007186,pixhawk_fused,0.8,0.2,gyro,-1.0,0.24105989933013916,-0.13475120067596436,0.24,-0.10270768783313845,0.03185961799954384,0.25131177067756655,0.2308080279827118,0.24781400089034517,0.23218599910965482,0.02050374269485475,23.513746043119376,odom,
7704.290400623,navigating,0.26862036707643366,-0.49624763739823896,-3.093942264975765,-6.665334938604968,-5.831840388701048,1.3688661260556625,1.3269135491942874,-0.07254718244075775,-2.981415559988445,2.981415559988445,0.1732483610003328,pixhawk_fused,0.8,0.2,gyro,-1.0,0.22324126958847046,-0.09259512275457382,0.22251898076983,-0.030870974132820313,0.03316601200003788,0.23028590652763845,0.21619663264930247,0.22486764448185498,0.22017031705780504,,,odom,
7704.405641746,navigating,0.2436630841409488,-0.4962429852015343,-3.115028286867849,-6.659166042429362,-5.807657528796988,1.3477801041635784,1.3134248094108456,-0.05039820447564125,-3.004399602156109,3.004399602156109,0.09565368000039598,pixhawk_fused,0.8,0.2,gyro,-1.0,0.21421734988689423,-0.10170125216245651,0.20185674139401383,0.06087333737702866,0.003703334999954677,0.22195478115141393,0.20647991862237453,0.19722549788636948,0.20648798490165818,,,odom,
7704.507298855,navigating,0.2236643819716899,-0.49603953028547526,-3.1285053381437873,-6.6540292605946165,-5.788328717277916,1.3343030528876403,1.3058564365733738,-0.03605072572827339,-3.0193531383089485,3.0193531383089485,0.09391109299940581,pixhawk_fused,0.8,0.2,gyro,-1.0,0.21415264904499054,-0.23732568323612213,0.18210934917758456,0.14564467642517953,0.004724205999991682,0.2322083870255947,0.19609691106438637,0.1710287021951569,0.19318999616001223,0.03611147596120834,11.86064226646607,odom,
7704.608961669,navigating,0.20500343380193553,-0.49579063902303266,-3.1314891274675043,-6.649178872189561,-5.770307433589597,1.3313192635639233,1.3099153421637857,-0.03261840343475342,-3.024097085218853,3.024097085218853,0.07331704100033676,pixhawk_fused,0.8,0.2,gyro,-1.0,0.1935749500989914,0.10177432745695114,0.16402218474967276,0.1669607331297673,0.004236949999722128,0.18583195926606655,0.20131794093191624,0.15131981217316007,0.17672455732618544,,,odom,
7704.710814524,navigating,0.1870923855546155,-0.4956201856859803,-3.130408969645079,-6.644589714852161,-5.752993441023163,1.3323994213863486,1.3153168845194434,-0.03261840343475342,-3.024097085218853,3.024097085218853,0.17519601000003604,pixhawk_fused,0.8,0.2,gyro,-1.0,0.18021036684513092,0.062334079295396805,0.1553357056349004,0.16583784585204353,0.006229427000107535,0.17546799009233713,0.1849527435979247,0.14271876232247693,0.16795264894732387,,,odom,
7704.829298166,navigating,0.16847864520569528,-0.49562317969237973,-3.120405530774767,-6.639995067544863,-5.73495568742515,1.3424028602566604,1.330179009003237,-0.04056616500020027,-3.0153081943783677,3.0153081943783677,0.0732819599998038,pixhawk_fused,0.8,0.2,gyro,-1.0,0.15899315476417542,0.13482674956321716,0.1391211528016283,0.1369636254777598,0.024708176000785897,0.14873553565740585,0.16925077387094498,0.12870096017528032,0.14954134542797626,0.020515238213539122,15.500005713728168,odom,
7704.929699079,navigating,0.1553876233914094,-0.49576797602290856,-3.1133565428947003,-6.636901927004721,-5.722234512176048,1.3494518481367272,1.3362520085005887,-0.048259805887937546,-3.008015227893344,3.008015227893344,0.02752640199923917,pixhawk_fused,0.8,0.2,gyro,-1.0,0.13126571476459503,0.10153503715991974,0.12527952970043993,0.12295888031272753,0.02498414099954971,0.12354092913746834,0.13899050039172173,0.11592481808624762,0.13463424131463225,,,odom,
7705.049521972,navigating,0.1427028664581541,-0.4959692680227196,-3.1068692072820454,-6.633963878114203,-5.709893059844904,1.3559391837493822,1.339608861388036,-0.05492284148931503,-3.000745351875177,3.000745351875177,0.0327920030003952,pixhawk_fused,0.8,0.2,gyro,-1.0,0.11097455769777298,0.033885709941387177,0.11966993935675724,0.10306808107845582,0.04494925600010902,0.10839653288543225,0.11355258251011371,0.11182851974830832,0.12751135896520616,,,odom,
7705.151126634,navigating,0.13204866211670224,-0.49616476624301964,-3.106617449847442,-6.6315217565044895,-5.699520676717246,1.3561909411839856,1.3409212153158283,-0.05532199889421463,-3.0007587125249904,3.0007587125249904,0.026034702000288235,pixhawk_fused,0.8,0.2,gyro,-1.0,0.1064160093665123,0.0,0.10948754307395311,0.08039271377846473,0.045641931000318436,0.1064160093665123,0.1064160093665123,0.10337126540968752,0.1156038207382187,,,odom,
7705.265198466,navigating,0.12059006345812906,-0.49637550615671583,-3.1074230516630115,-6.628895720903186,-5.688365057884113,1.355385339368416,1.3368927744244612,-0.05532199889421463,-3.0007587125249904,3.0007587125249904,0.1417107120005312,pixhawk_fused,0.8,0.2,gyro,-1.0,0.09778136014938354,-0.06767647713422775,0.09508562431255459,0.07063027641205356,0.012163216999397264,0.1029301865297556,0.0926325337690115,0.08971207288312555,0.10045917574198363,,,odom,
7705.368260212,navigating,0.11141154715793009,-0.4965036288257853,-3.113342214419734,-6.626752802652923,-5.67943928182463,1.3494661766116938,1.3328340686426754,-0.050357669591903687,-3.0071429222174686,3.0071429222174686,0.05063758500000404,pixhawk_fused,0.8,0.2,gyro,-1.0,0.09514380991458893,-0.03379938006401062,0.0905892297798387,0.06900344836163756,0.011961725000219303,0.09771526674985885,0.092572353079319,0.08533944742848532,0.09583901213119209,,,odom,
7705.46852216,navigating,0.10311711021241202,-0.49659572634104554,-3.1149578967681233,-6.624793340896759,-5.671379091019095,1.3478504942633043,1.3314911787324961,-0.048929113894701004,-3.0088267939765703,3.0088267939765703,0.04592169399984414,pixhawk_fused,0.8,0.2,gyro,-1.0,0.07977090030908585,-0.033822979778051376,0.082195436392316,0.07500356556232766,0.01242912699945009,0.08234415261059999,0.0771976480075717,0.07648916512433411,0.08790170766029788,,,odom,
7705.568798055,navigating,0.09551506356440825,-0.49668696767765813,-3.1144208319475384,-6.623004068207439,-5.6639900490336155,1.3483875590838892,1.3341767385145367,-0.048929113894701004,-3.0088267939765703,3.0088267939765703,0.14619825599947944,pixhawk_fused,0.8,0.2,gyro,-1.0,0.07976086437702179,-0.03379257768392563,0.07837136641585168,0.0751907437909429,0.011666422999951465,0.08233180368721485,0.07718992506682873,0.07265085462823676,0.08409187820346661,,,odom,
7705.689073355,navigating,0.08697889436290193,-0.4968142425435857,-3.112925716657175,-6.62101898659175,-5.655686927060087,1.3498826743742525,1.3375337401228347,-0.050499267876148224,-3.007797111724014,3.007797111724014,0.08887187000073027,pixhawk_fused,0.8,0.2,gyro,-1.0,0.07436227798461914,0.03372855857014656,0.0712329149354221,0.08259811724685995,0.03266386199993576,0.07179620924860239,0.07692834672063589,0.06494885017528099,0.0775169796955632,,,odom,
7705.790803319,navigating,0.08002332360560305,-0.49693379971827084,-3.1079104487571456,-6.619416830376459,-5.64891733667812,1.354897942274282,1.3395478751442715,-0.05575575307011604,-3.0020316283260238,3.0020316283260238,0.029884659000344982,pixhawk_fused,0.8,0.2,gyro,-1.0,0.06738424301147461,0.030561435967683792,0.06445844249444942,0.08898272109727873,0.034029117000500264,0.06505912896305323,0.06970935705989599,0.05768863707336845,0.07122824791553038,,,odom,
7705.908873983,navigating,0.07285686188376612,-0.49708728270712355,-3.1066959285916003,-6.617795459266525,-5.641935009962598,1.3561124624398273,1.3456208606575388,-0.05575575307011604,-3.0020316283260238,3.0020316283260238,0.14810288199987554,pixhawk_fused,0.8,0.2,gyro,-1.0,0.06453300267457962,0.03390777111053467,0.058387891547848514,0.09520193182518337,0.004406105999805732,0.061953299448490144,0.0671127059006691,0.05114492857458856,0.06563085452110846,,,odom,
7706.029777746,navigating,0.06585434204637086,-0.49727640632391434,-3.095381314432303,-6.616249117745201,-5.635102742424293,1.3674270765991245,1.3523652361668708,-0.06862108409404755,-2.9895745428655993,2.9895745428655993,0.011267830999713624,pixhawk_fused,0.8,0.2,gyro,-1.0,0.061548806726932526,0.0,0.05275584638370297,0.10254135848489003,0.025252630999602843,0.061548806726932526,0.061548806726932526,0.04495449983017254,0.0605571929372334,,,odom,
7706.149686364,navigating,0.059533998576656866,-0.49748757865283083,-3.091260351547133,-6.614892637682855,-5.6289260687913325,1.3715480394842947,1.3577669365093465,-0.07254011183977127,-2.985773733109678,2.985773733109678,0.012904365999929723,pixhawk_fused,0.8,0.2,gyro,-1.0,0.0464719720184803,0.0,0.05,0.10750034176677632,0.044983105000028445,0.0464719720184803,0.0464719720184803,0.04182137399838366,0.05817862600161634,,,odom,
7706.24993,navigating,0.05479724395999265,-0.4976657205085474,-3.090180110717272,-6.61389529315135,-5.6242920766997635,1.3726282803141556,1.363168417334833,-0.07254011183977127,-2.985773733109678,2.985773733109678,0.11323681100020622,pixhawk_fused,0.8,0.2,gyro,-1.0,0.05163034796714783,0.13572648167610168,0.05,0.11296298806514407,0.04528474099970481,0.04130427724123001,0.061956418693065646,0.04140577586800384,0.058594224131996164,0.020652141451835637,4.999999451636406,odom,
7706.365777821,navigating,0.04907581904646156,-0.49793904859877164,-3.074173010111335,-6.612746974447643,-5.618680412468825,1.3886353809200926,1.3752839819274296,-0.08547079563140869,-2.968793808401073,2.968793808401073,0.033735759000592225,pixhawk_fused,0.8,0.2,gyro,-1.0,0.048891834914684296,0.101469025015831,0.05,0.1293495050780538,0.013397697000073094,0.041172071491479875,0.056611598337888716,0.040159089653661675,0.05984091034633833,,,odom,
7706.468306309,navigating,0.04429384493116015,-0.4982250303493058,-3.071334972521104,-6.611842959404407,-5.613975965763562,1.3914734185103237,1.389474540507122,-0.08547079563140869,-2.968793808401073,2.968793808401073,0.135332574000131,pixhawk_fused,0.8,0.2,gyro,-1.0,0.048896726220846176,0.1014791950583458,0.05,0.14230987122737146,0.010079268000481534,0.04117618906080723,0.05661726338088512,0.039173064997021584,0.06082693500297842,,,odom,
7706.568490621,navigating,0.03912618897791338,-0.4986112090572418,-3.060754119924211,-6.610940774351137,-5.60887303874319,1.4020542711072164,1.4036347775927644,-0.09541399031877518,-2.9591078014601715,2.9591078014601715,0.06657727600031649,pixhawk_fused,0.8,0.2,gyro,-1.0,0.05591920390725136,0.10501941293478012,0.05,0.15994020086404642,0.011630032000539359,0.04792932697117329,0.06390908084332943,0.037831749518263354,0.06216825048173665,,,odom,
7706.66869681,navigating,0.034110609370930564,-0.49905871489989684,-3.0364975721615695,-6.6101355787660685,-5.603902328497865,1.426310818869858,1.419900658375299,-0.1222042366862297,-2.932853597395564,2.932853597395564,0.05286253500071325,pixhawk_fused,0.8,0.2,gyro,-1.0,0.051461491733789444,0.13529881834983826,0.05,0.15072646318503424,0.01180213299994648,0.04116795763373375,0.06175502583384514,0.0385327306808826,0.061467269319117404,0.020587068200111386,4.999399742942611,odom,
7706.788734121,navigating,0.02802582346693798,-0.49970132767989955,-3.0337998451595922,-6.609255353592391,-5.597847349197647,1.4290085458718353,1.4333893476770698,-0.1222042366862297,-2.932853597395564,2.932853597395564,0.1729120520003562,pixhawk_fused,0.8,0.2,gyro,-1.0,0.03845841810107231,0.03369997814297676,0.05,0.0,0.03431646199987881,0.03589452376395464,0.04102231243818998,0.05,0.05,,,odom,
7706.889454256,navigating,0.023611544265430787,-0.5001981068913506,-3.0203643364192603,-6.608646424431183,-5.593447138324243,1.4424440546121673,1.4347322299731207,-0.1388719379901886,-2.916394953243876,2.916394953243876,0.07141835000038554,pixhawk_fused,0.8,0.2,gyro,-1.0,0.05127278342843056,0.0673932433128357,0.05,0.0,0.032899237000492576,0.04614550547719002,0.056400061379671095,0.05,0.05,,,odom,
,turning,0.023611544265430787,-0.5001981068913506,-3.0203643364192603,,,,,,,,,True,0.8,0.2,gyro,-1.0,,,,,,,,,,,,mission_status,final alignment at waypoint 3/4
7707.009924631,turning,0.019147065308616512,-0.5007090981574929,-3.0155190777351732,-6.608038867762449,-5.588994772736807,1.4472893132962543,1.4313141974267989,-0.14445574581623077,-2.909484013090352,2.909484013090352,0.0912910520000878,pixhawk_fused,0.8,0.2,gyro,-1.0,0.020682357251644135,-0.20388461649417877,0.0,0.0,0.04758403199957684,0.036193898874521256,0.005170815628767015,0.0,0.0,0.031023083245754243,1.3333527868784405,odom,
7707.127561943,turning,0.018164542026313485,-0.5008127075182698,-3.0189536549226172,-6.607896586042588,-5.588017100597436,1.4438547361088103,1.417764371963631,-0.14182791113853455,-2.9103903126907293,2.9103903126907293,0.09017159300037747,pixhawk_fused,0.8,0.2,gyro,-1.0,0.0025728687178343534,-0.03381793573498726,0.0,0.0,0.0055242149992409395,0.005145737268552184,1.6711652287698664e-10,0.0,0.0,,,odom,
7707.229972881,turning,0.018213785539139257,-0.5008077095952115,-3.0188193969347745,-6.607903906002452,-5.588066052829029,1.443988994096653,1.4184358298041557,-0.14182791113853455,-2.9103903126907293,2.9103903126907293,0.19278276400018513,pixhawk_fused,0.8,0.2,gyro,-1.0,0.0,0.0,0.0,0.0,0.06556451300002664,0.0,0.0,0.0,0.0,,,odom,
7707.350332258,turning,0.018213785539139257,-0.5008077095952115,-3.029161236276326,-6.607903906002452,-5.588066052829029,1.4336471547551017,1.4184358298041557,-0.12726303935050964,-2.9233170975935403,2.9233170975935403,0.012565078000079666,pixhawk_fused,0.8,0.2,gyro,-1.0,0.0,0.0,-0.0,-1.55,0.010941618000288145,0.0,0.0,0.117924,-0.117924,,,odom,
7707.466714609,turning,0.018213785539139257,-0.5008077095952115,-3.029161236276326,-6.607903906002452,-5.588066052829029,1.4336471547551017,1.4184358298041557,-0.12726303935050964,-2.9233170975935403,2.9233170975935403,0.1294100899995101,pixhawk_fused,0.8,0.2,gyro,-1.0,0.0,0.0,-0.0,-1.55,0.026331721000133257,0.0,0.0,0.117924,-0.117924,,,odom,
7707.569804202,turning,0.018213785539139257,-0.5008077095952115,-3.0291678477799175,-6.607903906002452,-5.588066052829029,1.43364054325151,1.4184358298041557,-0.12720249593257904,-2.9233253617938364,2.9233253617938364,0.0652044600001318,pixhawk_fused,0.8,0.2,gyro,-1.0,0.0,0.0,-0.0,-1.55,0.003944207000131428,0.0,0.0,0.117924,-0.117924,,,odom,
7707.691956498,turning,0.018213785539139257,-0.5008077095952115,-3.0292392380894464,-6.607903906002452,-5.588066052829029,1.4335691529419812,1.4184358298041557,-0.1271381825208664,-2.9234145977557393,2.9234145977557393,0.07467170500058273,pixhawk_fused,0.8,0.2,gyro,-1.0,0.0,0.0,-0.0,-1.55,0.03248620199974539,0.0,0.0,0.117924,-0.117924,,,odom,
7707.808886491,turning,0.018213785539139257,-0.5008077095952115,-3.0292392380894464,-6.607903906002452,-5.588066052829029,1.4335691529419812,1.4184358298041557,-0.1271381825208664,-2.9234145977557393,2.9234145977557393,0.19188740700064955,pixhawk_fused,0.8,0.2,gyro,-1.0,0.0,0.0,-0.0,-1.55,0.010502650000489666,0.0,0.0,0.117924,-0.117924,,,odom,
7707.909692809,turning,0.018213785539139257,-0.5008077095952115,-3.0292948185879327,-6.607903906002452,-5.588066052829029,1.4335135724434949,1.4184358298041557,-0.1270846426486969,-2.923484071892662,2.923484071892662,0.0975792340004773,pixhawk_fused,0.8,0.2,gyro,-1.0,0.0,0.0,-0.0,-1.55,0.03219354800057772,0.0,0.0,0.117924,-0.117924,,,odom,
7708.010527315,turning,0.018213785539139257,-0.5008077095952115,-3.029384357174906,-6.607903906002452,-5.588066052829029,1.4334240338565216,1.4184358298041557,-0.12699362635612488,-2.92359599275512,2.92359599275512,0.08918854300009116,pixhawk_fused,0.8,0.2,gyro,-1.0,0.0,0.0,-0.0,-1.55,0.03202091100047255,0.0,0.0,0.117924,-0.117924,,,odom,
7708.114533676,turning,0.018264028697600868,-0.5008029289930553,-3.0295933774971173,-6.6079116834598075,-5.588115920055603,1.4332150135343102,1.4177339134063063,-0.12690496444702148,-2.9236818024655555,2.9236818024655555,0.015067059000102745,pixhawk_fused,0.8,0.2,gyro,-1.0,-0.0022785759065300226,-0.02994973585009575,-0.0,-1.55,0.003932482999516651,-3.0547383199353018e-12,-0.0045571518100053065,0.117924,-0.117924,,,odom,
7708.227814542,turning,0.018362741724784845,-0.5007938197918099,-3.0299516824820785,-6.607927238374519,-5.588213824518788,1.432856708549349,1.4163911373089122,-0.12679046392440796,-2.9237940191172282,2.9237940191172282,0.013614438999866252,pixhawk_fused,0.8,0.2,gyro,-1.0,-0.002581776352599263,-0.03393501788377762,-0.0,-1.55,0.012684671999522834,-1.9200146203837698e-10,-0.005163552513197065,0.117924,-0.117924,,,odom,
7708.330623857,turning,0.01915178529891802,-0.5007220588282474,-3.0341712184912124,-6.608052592687194,-5.588996145229281,1.4286371725402152,1.396066467015355,-0.12658758461475372,-2.923988446860782,2.923988446860782,0.04724706700017123,pixhawk_fused,0.8,0.2,gyro,-1.0,-0.012901113368570805,-0.44088980555534363,-1.916145492941723e-06,-1.55,0.010658338000212098,0.020641783038079738,-0.04644400977522135,0.11792208385450706,-0.11792591614549294,0.02580222673714161,0.3846153657145989,odom,
7708.449668864,turning,0.019739830044746665,-0.5006878398559458,-3.048097204544253,-6.608164679572616,-5.589574422058558,1.4147111864871746,1.3312165371710525,-0.12082987278699875,-2.925204830958716,2.925204830958716,0.11105965200022183,pixhawk_fused,0.8,0.2,gyro,-1.0,0.0,-0.6107690334320068,0.005128045100718737,-1.55,0.008866002000104345,0.04646730806350708,-0.04646730806350708,0.12305204510071874,-0.11279595489928126,0.0,0.0,odom,
7708.565949818,turning,0.02003817675271656,-0.5007062178661842,-3.106053216631593,-6.60825617907092,-5.589858985498281,1.3567551743998347,1.21347977847618,-0.07318808883428574,-2.9683077589713256,2.9683077589713256,0.04918864799947187,pixhawk_fused,0.8,0.2,gyro,-1.0,-0.010340594686567783,-1.1552977561950684,0.0047471909783780575,-1.55,0.013846230999661202,0.07755445860475302,-0.09823564797788858,0.12267119097837806,-0.11317680902162194,0.020681189373135567,0.11764706089084158,odom,
7708.669618595,turning,0.019842654655243902,-0.5006800432607434,3.010787003955969,-6.608182521974785,-5.589675986501674,1.1904100878078103,1.0980927676237473,0.10788778960704803,3.135877051343942,-3.135877051343942,0.043819030999657116,pixhawk_fused,0.8,0.2,gyro,-1.0,-0.0024953836109489202,-1.2803889513015747,-0.005127534735947847,-1.55,0.010251854999296484,0.09491660780407488,-0.09990737502597272,0.11279646526405215,-0.12305153473594785,0.0049907672218978405,0.02561680112171548,odom,
7708.789148272,turning,0.019642664610896116,-0.5006474535009399,2.9798281415507293,-6.608101544918787,-5.589490242520118,1.1594512254025706,0.9418122949235377,0.10788778960704803,3.135877051343942,-3.135877051343942,0.16332685299948935,pixhawk_fused,0.8,0.2,gyro,-1.0,-0.005143934860825539,-1.4874684810638428,2.6014236027549487e-06,-1.55,0.026898037000137265,0.10802266717851161,-0.11831053690016269,0.11792660142360276,-0.11792139857639725,0.010287869721651077,0.04545453135579247,odom,
7708.906777281,turning,0.019773974400320804,-0.5007051035415861,2.75008078300017,-6.608189841934649,-5.589603244400523,0.9297038668520115,0.7733246941673292,0.35507452487945557,2.8910677199268577,-2.8910677199268577,0.0918928090004556,pixhawk_fused,0.8,0.2,gyro,-1.0,0.0,-1.5610108375549316,-0.0025700372643768787,-1.55,0.01023294500009797,0.11876170452117919,-0.11876170452117919,0.11535396273562312,-0.12049403726437688,0.0,0.0,odom,
7709.00930478,turning,0.019980648393467637,-0.50083985726855,2.610523926726492,-6.608371468438781,-5.589770230984927,0.7901470105783335,0.6279084262109794,0.49198490381240845,2.7529583041572807,-2.7529583041572807,0.07562766499995632,pixhawk_fused,0.8,0.2,gyro,-1.0,-0.005163033492863178,-1.4251277446746826,-0.010293531231582165,-1.55,0.011128410000310396,0.10326068532198666,-0.11358675230771302,0.10763046876841784,-0.12821753123158217,0.010326066985726357,0.0476190408270339,odom,
7709.130720659,turning,0.020153655770872955,-0.501012936379451,2.4650513053556886,-6.608581917284879,-5.58989512780011,0.64467438920753,0.4554841444645819,0.6319401860237122,2.6141260014677283,-2.6141260014677283,0.01491450200046529,pixhawk_fused,0.8,0.2,gyro,-1.0,-0.0025806077755987644,-1.3907077312469482,0.010259158909320831,-1.55,0.012560250000205997,0.10322443641766905,-0.10838565196886658,0.12818315890932083,-0.10766484109067917,0.005161215551197529,0.02439021499660187,odom,
7709.251404487,turning,0.02005801204102646,-0.5008933171425148,2.317703935727548,-6.608442380549967,-5.589831993146281,0.4973270195793895,0.2731415916949052,0.770630955696106,2.475352095236802,-2.475352095236802,0.013471178999679978,pixhawk_fused,0.8,0.2,gyro,-1.0,0.0,-1.5664734840393066,-0.004961409606039524,-1.55,0.03198430100019323,0.11917730266571044,-0.11917730266571044,0.11296259039396048,-0.12288540960603953,0.0,0.0,odom,
7709.353464102,turning,0.020142833128925522,-0.5010723501138281,2.100007228481038,-6.608636816983861,-5.589869965438077,0.27963031233287916,0.12165234488368054,1.0023308992385864,2.241389239540124,-2.241389239540124,0.0563757859999896,pixhawk_fused,0.8,0.2,gyro,-1.0,-0.002482738345861435,-1.5337646007537842,0.002584239700809121,-1.1615244444546808,0.003970101000049908,0.11420607247948646,-0.11917154917120933,0.09095301943492123,-0.08578454003330299,0.00496547669172287,0.021276575948463765,odom,
7709.468902031,turning,0.02024233502559135,-0.5014034425278345,2.022659809092043,-6.608982227589956,-5.589884605357805,0.20228289294388446,-0.03288866609226747,1.0606499910354614,2.182986706008935,-2.182986706008935,0.06290079900009005,pixhawk_fused,0.8,0.2,gyro,-1.0,0.002585929585620761,-1.1216565370559692,-0.007744553033262491,-0.9989567395350012,0.013620404999528546,0.0879215589248389,-0.08274969975359737,0.06825607571056039,-0.08374518177708537,0.005171859171241522,0.030303046988045496,odom,
7709.568993654,turning,0.02029716567644356,-0.5017445050511891,1.796988891200284,-6.609326265703576,-5.5898534955283825,-0.02338802494787462,-0.13634326170790445,1.3129067420959473,1.9272128648662803,-1.9272128648662803,0.04401367699938419,pixhawk_fused,0.8,0.2,gyro,-1.0,-0.01292899064719677,-1.1216001510620117,-0.007744161412119865,-0.49863910686149937,0.01500392300022213,0.07240234884560108,-0.09826033013999462,0.030192301837903,-0.04568062466214273,0.02585798129439354,0.1515151493466009,odom,
7709.686740669,turning,0.02026719687242598,-0.5012361104678335,1.706406693027886,-6.608826220945349,-5.589950027499093,-0.1139702231202726,-0.21855760615797695,1.4080344438552856,1.8345503057146308,-1.8345503057146308,0.04866542100080551,pixhawk_fused,0.8,0.2,gyro,-1.0,0.020828740671277046,-0.2737741768360138,0.02550550363957882,-0.2838229523584546,0.008455612000034307,0.041657480044960976,1.2975931197589663e-09,0.04709875385501004,0.003912253424147593,0.04165747874736786,1.000000062298207,odom,
7709.790507629,turning,0.02027269218502506,-0.5009835388188871,1.6481712818718057,-6.608582832279862,-5.590017737127837,-0.17220563427635294,-0.25990892809301647,1.471319556236267,1.7721122030520675,-1.7721122030520675,0.04477485300049011,pixhawk_fused,0.8,0.2,gyro,-1.0,0.014986955560743809,-0.26264888048171997,-0.012860485352575779,-0.25,0.011917435000214027,0.034969282387793066,-0.004995371266305445,0.00615951464742422,-0.031880485352575774,0.02997391112148762,0.7500105313289434,odom,
7709.909492269,turning,0.020277980077858665,-0.5005412254728241,1.623075464178927,-6.608155529622786,-5.590132111500716,-0.19730145196923177,-0.27001025829639147,1.4993969202041626,1.743279097577357,-1.743279097577357,0.08435733200076356,pixhawk_fused,0.8,0.2,gyro,-1.0,0.0,0.0,0.0,0.0,0.03000131299995701,0.0,0.0,0.0,0.0,,,odom,
7710.012520751,turning,0.020277980077858665,-0.5005412254728241,1.6175905088958797,-6.608155529622786,-5.590132111500716,-0.20278640725227892,-0.27001025829639147,1.5040984153747559,1.7364260510558127,-1.7364260510558127,0.010192423000262352,pixhawk_fused,0.8,0.2,gyro,-1.0,0.0,0.0,0.0,0.0,0.007060017999720003,0.0,0.0,0.0,0.0,,,odom,
7710.130491241,turning,0.020277980077858665,-0.5005412254728241,1.6187095684922588,-6.608155529622786,-5.590132111500716,-0.2016673476558999,-0.27001025829639147,1.504064679145813,1.737824273105511,-1.737824273105511,0.0129212310002913,pixhawk_fused,0.8,0.2,gyro,-1.0,0.0,0.0,0.0,0.0,0.061775608000061766,0.0,0.0,0.0,0.0,,,odom,
,reached,0.020277980077858665,-0.5005412254728241,1.6187095684922588,,,,,,,,,True,0.8,0.2,gyro,-1.0,,,,,,,,,,,,mission_status,reached waypoint 3/4
,navigating,0.020277980077858665,-0.5005412254728241,1.6187095684922588,,,,,,,,,True,0.8,0.2,gyro,-1.0,,,,,,,,,,,,mission_status,going to waypoint 4/4
7710.232190306,navigating,0.020277980077858665,-0.5005412254728241,1.6187095684922588,-6.608155529622786,-5.590132111500716,-0.2016673476558999,-0.27001025829639147,1.504064679145813,1.737824273105511,-1.737824273105511,0.11411970300014218,pixhawk_fused,0.8,0.2,gyro,-1.0,0.0,0.0,0.24,-0.03563139444430066,0.013108147999446373,0.0,0.0,0.24271083648932237,0.2372891635106776,,,odom,
7710.350107085,navigating,0.020279084348757012,-0.5004918429173393,1.6187597505497664,-6.608107949883668,-5.59014537892797,-0.20161716559839227,-0.26933885522471834,1.5041409730911255,1.7377194867988912,-1.7377194867988912,0.027988814000309503,pixhawk_fused,0.8,0.2,gyro,-1.0,0.0,0.0,0.24,-0.03563139444430066,0.03214586900048744,0.0,0.0,0.24271083648932237,0.2372891635106776,,,odom,
7710.45120958,navigating,0.020290667240187493,-0.499801947469883,1.621072972035984,-6.607442291033512,-5.590327005432102,-0.19930394411217467,-0.25990892809301647,1.5029358863830566,1.7382569683518125,-1.7382569683518125,0.03358991400000377,pixhawk_fused,0.8,0.2,gyro,-1.0,0.013980383053421974,0.18375897407531738,0.24,-0.03771839315334997,0.035287681999761844,3.057718279964039e-10,0.02796076580107212,0.24286961535110685,0.23713038464889313,0.027960765495300292,1.000000021871492,odom,
7710.573798805,navigating,0.020256719229135772,-0.4962347199249112,1.6461056834842398,-6.603977205032767,-5.591175205781373,-0.17427123266391886,-0.2138273845186837,1.4809746742248535,1.7580337487634137,-1.7580337487634137,0.03356626200002211,pixhawk_fused,0.8,0.2,gyro,-1.0,0.04494208097457886,0.4594216048717499,0.24,-0.06637905453218386,0.004018182999971032,0.009989285275936129,0.0798948766732216,0.24505011846880853,0.23494988153119145,0.06990559139728547,1.285793598945907,odom,
7710.689927421,navigating,0.019621003798590816,-0.48675406361807794,1.6583656827689255,-6.5946332762660385,-5.592900886319373,-0.16201123337923318,-0.15251758393626674,1.4809746742248535,1.7580337487634137,-1.7580337487634137,0.15144739500010473,pixhawk_fused,0.8,0.2,gyro,-1.0,0.10878954082727432,0.45339441299438477,0.24,-0.20532308859289383,0.02225727299992286,0.07429529388666153,0.1432837877678871,0.25562098058014737,0.22437901941985264,0.06898849388122558,3.1538459446461444,odom,
7710.790098855,navigating,0.018229140695179558,-0.4741013052308711,1.742144537914227,-6.582028762877273,-5.59467734907893,-0.07823237823393159,-0.1287443710725756,1.3813683986663818,1.8568089469846203,-1.8568089469846203,0.03331778800020402,pixhawk_fused,0.8,0.2,gyro,-1.0,0.13854695856571198,0.0674469992518425,0.24,-0.4210247723302444,0.02302303399937955,0.1334155908626318,0.14367832626879215,0.272031564678885,0.207968435321115,,,odom,
7710.909507395,navigating,0.01602971246517343,-0.45566311505853163,1.7516267001651127,-6.563618606321166,-5.597100255794,-0.06875021598304598,-0.14153124639812534,1.3717494010925293,1.8718483448054506,-1.8718483448054506,0.008729117000257247,pixhawk_fused,0.8,0.2,gyro,-1.0,0.17556077241897583,-0.27148008346557617,0.2306948698013851,-0.6666666666666666,0.04247850499996275,0.19621497716903685,0.1549065676689148,0.2814148698013851,0.1799748698013851,0.041308409500122045,8.50000155142536,odom,
7711.009629395,navigating,0.014431218207915958,-0.43885827368106556,1.7443540838552511,-6.546939620272956,-5.599702044028254,-0.07602283229290752,-0.1779997598485878,1.3717494010925293,1.8718483448054506,-1.8718483448054506,0.10885567400055152,pixhawk_fused,0.8,0.2,gyro,-1.0,0.1807062029838562,-0.4071793854236603,0.20107973308693897,-0.6666666666666666,0.042145864000303845,0.21168441062688828,0.14972799534082412,0.251799733086939,0.15035973308693898,0.06195641528606416,5.8333330664630125,odom,
7711.11013386,navigating,0.01355699996148392,-0.4218442672744723,1.6969515820675718,-6.530236844355187,-5.603057330631034,-0.12342533408058687,-0.23097826819038964,1.420217514038086,1.8258326739098742,-1.8258326739098742,0.09617051200075366,pixhawk_fused,0.8,0.2,gyro,-1.0,0.17488569021224976,-0.5911484956741333,0.2010981083765371,-0.6666666666666666,0.042536163000477245,0.21986026776313783,0.12991111266136168,0.2518181083765371,0.15037810837653712,0.08994915510177615,3.8885454791513987,odom,
7711.231116779,navigating,0.013713210076669646,-0.3991985951317324,1.6470935741878199,-6.508331406963896,-5.608802126632004,-0.1732833419603388,-0.28496386796844153,1.4678963422775269,1.7770007537927344,-1.7770007537927344,0.10527857400029461,pixhawk_fused,0.8,0.2,gyro,-1.0,0.21102800965309143,-0.2706111669540405,0.24,-0.28549631686349264,0.012647784999899159,0.23161610723495482,0.19043991207122804,0.2617205597869745,0.21827944021302548,0.04117619516372678,10.25000045846837,odom,
7711.350380817,navigating,0.01495242251445135,-0.3734724436910043,1.5927543596387985,-6.483708434472996,-5.616357240206905,-0.22762255650936014,-0.3092863688112663,1.534392237663269,1.7151904867615415,-1.7151904867615415,0.02857486900029471,pixhawk_fused,0.8,0.2,gyro,-1.0,0.2179037183523178,-0.10101593285799026,0.24,-0.23057482790829562,0.03277776399954746,0.2255890105241537,0.21021842618048192,0.25754213290726313,0.22245786709273685,,,odom,
7711.45120092,navigating,0.01639974608512189,-0.35154484791033735,1.5702342200527735,-6.462817726517888,-5.623175782820463,-0.2501426960953852,-0.32350754811165167,1.5547010898590088,1.6906014548417045,-1.6906014548417045,0.027748820999477175,pixhawk_fused,0.8,0.2,gyro,-1.0,0.22815252840518951,-0.10108480602502823,0.24,0.09359933095394454,0.03191778600012185,0.23584306044757367,0.22046199636280536,0.2328789629010239,0.2471210370989761,,,odom,
7711.571500758,navigating,0.01841605799095744,-0.32445352258325105,1.5715805672219134,-6.43706382022796,-5.631821112917647,-0.24879634892624525,-0.31676317284445715,1.5547010898590088,1.6906014548417045,-1.6906014548417045,0.1479843159995653,pixhawk_fused,0.8,0.2,gyro,-1.0,0.2323482185602188,0.13573317229747772,0.24,0.3081108359043085,0.0039713060004942236,0.2220216388118267,0.2426747983086109,0.2165589276044002,0.2634410723955998,0.0206531594967842,22.500016871161673,odom,
7711.672874187,navigating,0.019703010635832616,-0.3013855458582815,1.5693428417832544,-6.415028453549078,-5.638765924838864,-0.2510340743649042,-0.28700855695318894,1.563542127609253,1.680376088785739,-1.680376088785739,0.07228909599962208,pixhawk_fused,0.8,0.2,gyro,-1.0,0.2478380799293518,0.33933311700820923,0.24,0.38680182202254954,0.004377737000140769,0.22202161638736725,0.2736545434713364,0.21057211738052442,0.26942788261947553,0.05163292708396913,9.600001159194404,odom,
7711.790140342,navigating,0.02024684955318897,-0.2731795178552689,1.6211310225247724,-6.387830685175926,-5.646259733749901,-0.1992458936233863,-0.24123215984459329,1.5099310874938965,1.733666142898412,-1.733666142898412,0.03218162699977256,pixhawk_fused,0.8,0.2,gyro,-1.0,0.24361853301525116,0.4381870627403259,0.23037734730596707,0.3625023175233019,0.023003646000688605,0.21028126128196717,0.27695580474853515,0.20279817098879427,0.25795652362313987,0.06667454346656798,7.307692571975586,odom,
7711.909584762,navigating,0.019506133758044775,-0.24628341046751082,1.629685851230059,-6.361584969082618,-5.652185241260021,-0.19069106491809973,-0.19844652475235752,1.5099310874938965,1.733666142898412,-1.733666142898412,0.15177053200022783,pixhawk_fused,0.8,0.2,gyro,-1.0,0.21165722608566284,0.339203804731369,0.2081068096643635,0.22155793853706068,0.04254494999986491,0.18585060062170028,0.2374638515496254,0.19125068170046394,0.22496293762826308,0.051613250927925125,8.20166225844715,odom,
7712.028719174,navigating,0.01800943393965651,-0.22194110086222432,1.6992718926173196,-6.337627197944385,-5.6567474062454215,-0.12110502353083907,-0.17412402079151543,1.430382490158081,1.8145622654583171,-1.8145622654583171,0.009496341999692959,pixhawk_fused,0.8,0.2,gyro,-1.0,0.19814060628414154,0.23676113784313202,0.18745681722046867,0.16851909337958132,0.012643416999708279,0.18012781891703605,0.21615339365124703,0.17463588459615012,0.20027774984478722,0.036025574734210974,10.99999696026952,odom,
7712.13166898,navigating,0.016512382409833576,-0.20371904751716807,1.7015769889458807,-6.319599966788676,-5.65979754202136,-0.11879992720227794,-0.1625883719119136,1.430382490158081,1.8145622654583171,-1.8145622654583171,0.11237961999995605,pixhawk_fused,0.8,0.2,gyro,-1.0,0.18919037282466888,0.0,0.16908943598553566,-0.013801390601598311,0.011047571000744938,0.18919037282466888,0.18919037282466888,0.17013944578250526,0.16803942618856607,,,odom,
7712.23231817,navigating,0.015066623769110471,-0.18719112671543606,1.714227961833163,-6.303227046562291,-5.662478934819138,-0.1061489543149956,-0.165395989951044,1.4145716428756714,1.831073042484732,-1.831073042484732,0.09407201699923462,pixhawk_fused,0.8,0.2,gyro,-1.0,0.16435256600379944,-0.06546241044998169,0.160957305080486,-0.07285300650332828,0.012488172000303166,0.16933294619083405,0.15937218581676482,0.16649996181525922,0.15541464834571278,,,odom,
7712.351443117,navigating,0.01358719472950002,-0.168554776296605,1.7023583772494653,-6.284802707583946,-5.665648477440363,-0.1180185388986934,-0.17699266748354087,1.423755168914795,1.8191353428687764,-1.8191353428687764,0.028945835999365954,pixhawk_fused,0.8,0.2,gyro,-1.0,0.1539410650730133,0.0,0.1453512017894878,-0.08701001021040032,0.033201721999830625,0.1539410650730133,0.1539410650730133,0.15197092336629506,0.13873148021268053,,,odom,
7712.470629647,navigating,0.012527630389079444,-0.15198979276907812,1.6987388768945964,-6.2684892620314585,-5.66871325313603,-0.12163803925356231,-0.1951201121737293,1.423755168914795,1.8191353428687764,-1.8191353428687764,0.14777664699977322,pixhawk_fused,0.8,0.2,gyro,-1.0,0.1445722132921219,-0.13573329150676727,0.13065880262944077,-0.06292716192937865,0.05145583600005921,0.15489880210995674,0.13424562447428703,0.1354463011090279,0.12587130414985365,0.020653177635669706,13.999997079619748,odom,
7712.571271706,navigating,0.011922907513159508,-0.13921335260961085,1.683290249191198,-6.25595932073381,-5.671283016545877,-0.1370866669569606,-0.21330859808655048,1.4382719993591309,1.8043698809470845,-1.8043698809470845,0.07146724499943957,pixhawk_fused,0.8,0.2,gyro,-1.0,0.1342119574546814,-0.13569922745227814,0.11777991605490523,-0.026172607236502176,0.0040182949996960815,0.1445359546792507,0.12388796023011207,0.11977112801345832,0.11578870409635214,0.020647994449138632,12.999999373816205,odom,
7712.671981871,navigating,0.01156140202848445,-0.1279782566828949,1.6684438715076046,-6.244983040917351,-5.6737077532509135,-0.15193304464055402,-0.22487475962844256,1.4549635648727417,1.7887055873449755,-1.7887055873449755,0.04841972500071279,pixhawk_fused,0.8,0.2,gyro,-1.0,0.1073848083615303,-0.16412466764450073,0.10621672340029906,0.011174298372192307,0.004272055999535951,0.11987141307592392,0.09489820364713669,0.10536658278014267,0.10706686402045544,0.024973209428787224,8.60000062609055,odom,
7712.792097949,navigating,0.011317667721714986,-0.11610126642336872,1.653580133466211,-6.233413844351887,-5.676405158460894,-0.16679678268194764,-0.2362272837655698,1.4710640907287598,1.7729661309745026,-1.7729661309745026,0.07031162499970378,pixhawk_fused,0.8,0.2,gyro,-1.0,0.08948660641908646,-0.15894830226898193,0.09644448273289459,0.04242343330609384,0.02481906600041839,0.1015793932557106,0.07739381958246232,0.09321690792696698,0.0996720575388222,0.02418557367324828,7.399998662679461,odom,
7712.892609823,navigating,0.011213150328396855,-0.10751916575891687,1.641158500603339,-6.225071835091579,-5.678423637393464,-0.17921841554481976,-0.24025561335122095,1.4855839014053345,1.7584503630351138,-1.7584503630351138,0.08829525700002705,pixhawk_fused,0.8,0.2,gyro,-1.0,0.0871788039803505,-0.06737644970417023,0.09184372597386216,0.06579712808957543,0.024929527000495,0.09230480427384377,0.08205280368685722,0.08683788046880726,0.09684957147891705,,,odom,
7713.010106404,navigating,0.011126296097775419,-0.09759125347057375,1.6318639459870574,-6.215430075457872,-5.680791644409552,-0.18851297016110125,-0.24226976615954302,1.4962786436080933,1.7473385220978273,-1.7473385220978273,0.0889223320000383,pixhawk_fused,0.8,0.2,gyro,-1.0,0.08772757649421692,-0.0678292065858841,0.08380375326781025,0.0819415800207701,0.042989727000531275,0.09288802253127099,0.08256713045716285,0.07756963785983007,0.09003786867579044,,,odom,
7713.13152673,navigating,0.011067279949928854,-0.0883356343994358,1.6298769936243407,-6.206446654714458,-5.683020572188219,-0.19049992252381798,-0.2442839395471362,1.498824119567871,1.7453583657692981,-1.7453583657692981,0.1056454270001268,pixhawk_fused,0.8,0.2,gyro,-1.0,0.07469124346971512,0.0,0.07241658757161334,0.1016520457267742,0.013721430000259716,0.07469124346971512,0.07469124346971512,0.06468289993272036,0.08015027521050633,,,odom,
7713.251581539,navigating,0.011009299070155762,-0.08031766526377024,1.6289882347196671,-6.1986627923938,-5.684944806637537,-0.19138868142849152,-0.23961475070199253,1.5015652179718018,1.7430818158656223,-1.7430818158656223,0.025007446000017808,pixhawk_fused,0.8,0.2,gyro,-1.0,0.06920790672302246,0.10107477754354477,0.069006162211067,0.11027319740995065,0.032092842000565724,0.061518137647509574,0.07689767579853535,0.06061657735211795,0.07739574707001604,,,odom,
7713.370899537,navigating,0.010909359115528566,-0.07229622752174009,1.635556483930945,-6.1908652051483966,-5.6868292388050925,-0.18482043221721356,-0.23424365002050185,1.494990587234497,1.7499490177899464,-1.7499490177899464,0.042702479999206844,pixhawk_fused,0.8,0.2,gyro,-1.0,0.062425389885902405,0.03280103579163551,0.06266097312990893,0.12474840493115164,0.052192434999597026,0.05992988708287478,0.06492089268893003,0.05317011448274691,0.07215183177707093,,,odom,
7713.470958195,navigating,0.010810058003180663,-0.06634253790034728,1.6365017278812455,-6.185071456915834,-5.688203561269607,-0.18387518826691318,-0.22951342023583973,1.494990587234497,1.7499490177899464,-1.7499490177899464,0.1428148869999859,pixhawk_fused,0.8,0.2,gyro,-1.0,0.06454764306545258,0.10181017965078354,0.05653555104619622,0.14286961278511315,0.003897610999956669,0.05680192459762096,0.07229336153328418,0.045666030905504806,0.06740507118688763,,,odom,
7713.572303766,navigating,0.010688464968474781,-0.061042286966593515,1.6410529586863065,-6.179905395241632,-5.689394884737516,-0.17932395746185215,-0.2234404251693248,1.4911144971847534,1.7541201666936144,-1.7541201666936144,0.06770175800011202,pixhawk_fused,0.8,0.2,gyro,-1.0,0.059941522777080536,0.06565625220537186,0.05,0.15302631967158598,0.004422985000019253,0.054946395109295845,0.06493665044486523,0.03835775759938574,0.061642242400614264,,,odom,
7713.690308539,navigating,0.010504377948441428,-0.05484487417344308,1.652639299756784,-6.1738545334188375,-5.690747247322438,-0.16773761639137463,-0.21535325817273362,1.4792702198028564,1.7665804382905228,-1.7665804382905228,0.06491461299992807,pixhawk_fused,0.8,0.2,gyro,-1.0,0.04871770367026329,0.03371844068169594,0.05,0.17721896095556663,0.022404826000638423,0.04615240470319986,0.05128300263732672,0.036517181450500494,0.06348281854949951,,,odom,
7713.810711514,navigating,0.01031672651450984,-0.050091186345370096,1.6617939019298766,-6.1692017839301165,-5.691739559381537,-0.15858301421828203,-0.20039965016431702,1.4711034297943115,1.7742866496339305,-1.7742866496339305,0.0029812739994667936,pixhawk_fused,0.8,0.2,gyro,-1.0,0.037452541291713715,0.1640928089618683,0.05,0.19925611404557997,0.04383117300039885,0.024968360385894776,0.04993672219753265,0.03484059484341228,0.06515940515658772,0.024968361811637876,2.999999885796024,odom,
7713.930992212,navigating,0.010034352718127125,-0.04522519844085579,1.6854102732270253,-6.164416817666347,-5.692667821791824,-0.13496664292113336,-0.1822111751986021,1.4455500841140747,1.7992587322115763,-1.7992587322115763,0.00922373199955473,pixhawk_fused,0.8,0.2,gyro,-1.0,0.04631729796528816,0.06762909889221191,0.05,0.2473984213411797,0.014336782999635034,0.04117207612156868,0.051462519809007644,0.031177928104363054,0.06882207189563695,,,odom,
7714.050659449,navigating,0.00957456254658768,-0.039107503577032514,1.6900158785573578,-6.158375105793383,-5.693733333449565,-0.13036103759080087,-0.1591704085396236,1.4455500841140747,1.7992587322115763,-1.7992587322115763,0.1289817229999244,pixhawk_fused,0.8,0.2,gyro,-1.0,0.05213671922683716,0.22844403982162476,0.05,0.23642636515759136,0.03116434100047627,0.034756696677207946,0.06951674177646637,0.03201268213881045,0.06798731786118956,0.034760045099258424,2.9998073407533905,odom,
7714.171173256,navigating,0.00896384248233313,-0.03308115810879977,1.7069834440218974,-6.1523846336394685,-5.694630028532937,-0.11339347212626127,-0.13558032037800916,1.4297541379928589,1.8145711743950708,-1.8145711743950708,0.07118967499991413,pixhawk_fused,0.8,0.2,gyro,-1.0,0.056787677109241486,0.20356924831867218,0.05,0.33134683194200615,0.003992497000581352,0.04130012869715691,0.07227522552132606,0.024791133025852178,0.07520886697414783,0.030975096824169157,3.6666666407274224,odom,
7714.273438109,navigating,0.0083300806050623,-0.028075756336058723,1.7307197773917635,-6.147377781092314,-5.695252225121399,-0.08965713875639514,-0.10304857496371918,1.4092679023742676,1.836108987566815,-1.836108987566815,0.052008602000569226,pixhawk_fused,0.8,0.2,gyro,-1.0,0.052093591541051865,0.37349534034729004,0.05,0.0,0.006420299000637897,0.02367806604743004,0.08050911703467369,0.05,0.05,0.05683105098724364,1.8332791893201075,odom,
7714.391564915,navigating,0.0073768291600511595,-0.02207439987286378,1.780463504633685,-6.1413269192695195,-5.695810829558541,-0.039913411514473696,-0.08479906548855234,1.3572001457214355,1.8937228307098013,-1.8937228307098013,0.05149226699995779,pixhawk_fused,0.8,0.2,gyro,-1.0,0.051326483488082886,0.06746385246515274,0.05,0.0,0.024237410999376152,0.04619383359253407,0.056459133383631704,0.05,0.05,,,odom,
7714.508131343,navigating,0.006469505211343834,-0.016721840690374953,1.7815430870874003,-6.135916096437357,-5.696253687130328,-0.038833829060758385,-0.07939745215168044,1.3572001457214355,1.8937228307098013,-1.8937228307098013,0.16902024399951188,pixhawk_fused,0.8,0.2,gyro,-1.0,0.04644866660237312,0.0,0.05,0.0,0.043482491999384365,0.04644866660237312,0.04644866660237312,0.05,0.05,,,odom,
,turning,0.006469505211343834,-0.016721840690374953,1.7815430870874003,,,,,,,,,True,0.8,0.2,gyro,-1.0,,,,,,,,,,,,mission_status,final alignment at waypoint 4/4
7714.610759472,turning,0.0058236438610824864,-0.01299331839573794,1.7891035108025912,-6.132143572122313,-5.696548773012356,-0.03127340534556744,-0.07872607189454585,1.3502130508422852,1.9030039486780626,-1.9030039486780626,0.09483938700032013,pixhawk_fused,0.8,0.2,gyro,-1.0,0.020579859614372253,-0.06762571632862091,0.0,0.0,0.02206975799981592,0.025724824112653734,0.015434895116090775,0.0,0.0,,,odom,
7714.713783615,turning,0.005732279545238803,-0.012453360655487227,1.790770367653352,-6.131597777614934,-5.696593607766525,-0.029606548494806706,-0.08620287664565027,1.345390796661377,1.906953813626231,-1.906953813626231,0.092963934999716,pixhawk_fused,0.8,0.2,gyro,-1.0,0.0,0.0,0.0,0.0,0.007782724000207963,0.0,0.0,0.0,0.0,,,odom,
7714.832568039,turning,0.005739815721509825,-0.012499596550771062,1.7851989688211787,-6.131644442359069,-5.696589490289101,-0.035177947326979986,-0.08556200133594612,1.3525282144546509,1.8998314313374323,-1.8998314313374323,0.01543031700020947,pixhawk_fused,0.8,0.2,gyro,-1.0,0.0,0.0,-0.0,-1.55,0.004562803999760945,0.0,0.0,0.117924,-0.117924,,,odom,
7714.948973463,turning,0.005739815721509825,-0.012499596550771062,1.7853477535047741,-6.131644442359069,-5.696589490289101,-0.035029162643384515,-0.08556200133594612,1.352616786956787,1.9000173678037573,-1.9000173678037573,0.013325488000191399,pixhawk_fused,0.8,0.2,gyro,-1.0,0.0,0.0,-0.0,-1.55,0.011385664000044926,0.0,0.0,0.117924,-0.117924,,,odom,
7715.051220943,turning,0.005739815721509825,-0.012499596550771062,1.7853477535047741,-6.131644442359069,-5.696589490289101,-0.035029162643384515,-0.08556200133594612,1.352616786956787,1.9000173678037573,-1.9000173678037573,0.11531007700068585,pixhawk_fused,0.8,0.2,gyro,-1.0,0.0,0.0,-0.0,-1.55,0.010484567999810679,0.0,0.0,0.117924,-0.117924,,,odom,
7715.170238604,turning,0.005739815721509825,-0.012499596550771062,1.7853263189610158,-6.131644442359069,-5.696589490289101,-0.03505059718714287,-0.08556200133594612,1.3526581525802612,1.8999905810349484,-1.8999905810349484,0.06217022400051064,pixhawk_fused,0.8,0.2,gyro,-1.0,0.0,0.0,-0.0,-1.55,0.028573204000167607,0.0,0.0,0.117924,-0.117924,,,odom,
7715.287635156,turning,0.005739815721509825,-0.012499596550771062,1.7852909709560545,-6.131644442359069,-5.696589490289101,-0.03508594519210417,-0.08556200133594612,1.3527132272720337,1.8999464065891554,-1.8999464065891554,0.04905104499994195,pixhawk_fused,0.8,0.2,gyro,-1.0,0.0,0.0,-0.0,-1.55,0.029275640999912866,0.0,0.0,0.117924,-0.117924,,,odom,
7715.390584944,turning,0.005739815721509825,-0.012499596550771062,1.7852122395179537,-6.131644442359069,-5.696589490289101,-0.03516467663020495,-0.08556200133594612,1.3528046607971191,1.8998480157598716,-1.8998480157598716,0.09163585700025578,pixhawk_fused,0.8,0.2,gyro,-1.0,0.0,0.0,-0.0,-1.55,0.031930569999531144,0.0,0.0,0.117924,-0.117924,,,odom,
7715.510232217,turning,0.005763901940919862,-0.012645953718786065,1.7847912725782207,-6.131792214048828,-5.696576680359339,-0.035585643569937986,-0.08757616361772383,1.3528192043304443,1.899824858349548,-1.899824858349548,0.10372517999985575,pixhawk_fused,0.8,0.2,gyro,-1.0,-0.005163552705198526,-0.06787003576755524,0.0025637669023126364,-1.55,0.01003629800015915,-3.8400292407675396e-10,-0.01032710502639413,0.12048776690231264,-0.11536023309768736,,,odom,
7715.610713362,turning,0.005835395635676959,-0.013087580837307988,1.7831028961520283,-6.132237816605565,-5.696536878077577,-0.037274019996130336,-0.09502246073458452,1.3530328273773193,1.8995739289943925,-1.8995739289943925,0.08894318100010423,pixhawk_fused,0.8,0.2,gyro,-1.0,0.0,0.0,-0.0,-1.55,0.011222899000131292,0.0,0.0,0.117924,-0.117924,,,odom,
7715.73096896,turning,0.005835508636443487,-0.013088024159743066,1.7789335454614679,-6.132238274103057,-5.696536878077577,-0.041443370686690795,-0.100393551267913,1.3567886352539062,1.8957045338352077,-1.8957045338352077,0.03176264400008222,pixhawk_fused,0.8,0.2,gyro,-1.0,0.0,-0.06741675734519958,-6.383335175996763e-07,-1.55,0.03374899299979006,0.005129066898822784,-0.005129066898822784,0.1179233616664824,-0.1179246383335176,,,odom,
7715.831247055,turning,0.00584272317167721,-0.013136702668736207,1.7707101262196736,-6.1322872263346495,-5.69653184560517,-0.049666789928485056,-0.1051237746248241,1.365358829498291,1.8866091554027848,-1.8866091554027848,0.006494868000118004,pixhawk_fused,0.8,0.2,gyro,-1.0,-0.002565300790593028,-0.03371846303343773,-0.0,-1.55,0.030834876999506378,-1.2300908599008342e-10,-0.005130601458176971,0.117924,-0.117924,,,odom,
7715.951518404,turning,0.005854831309833551,-0.013236067658626031,1.7658290743918537,-6.132386503290308,-5.696519035675408,-0.054547841756305004,-0.12956835000181524,1.365358829498291,1.8866091554027848,-1.8866091554027848,0.12683737599945744,pixhawk_fused,0.8,0.2,gyro,-1.0,-0.007451457437127829,-0.5550069212913513,-0.002566324081271887,-1.55,0.03181044700068014,0.034773469134718175,-0.04967638400897383,0.11535767591872811,-0.12049032408127189,0.014902914874255657,0.17647058365984658,odom,
7716.067228633,turning,0.005887035155231247,-0.013579120640060739,1.7421041092026295,-6.132726881423997,-5.696465508468901,-0.07827280694552918,-0.22746874627625632,1.3717739582061768,1.8813148752202147,-1.8813148752202147,0.06606073600050877,pixhawk_fused,0.8,0.2,gyro,-1.0,0.002585927490144968,-0.9177189469337463,0.007742608431726694,-1.55,0.013704897999559762,0.07240598497286438,-0.06723412999257444,0.1256666084317267,-0.1101813915682733,0.005171854980289936,0.0370370289480926,odom,
7716.171335294,turning,0.005873369064915655,-0.01379222791164823,1.6033122719837016,-6.13293001031023,-5.696399628830122,-0.21706464416445703,-0.33318162273843327,1.5243955850601196,1.734321822499191,-1.734321822499191,0.051448592000269855,pixhawk_fused,0.8,0.2,gyro,-1.0,-0.02067703567445278,-1.223010778427124,0.01748039945960045,-1.55,0.012681432000135828,0.07236962434828281,-0.11372369569718838,0.13540439945960045,-0.10044360054039955,0.04135407134890556,0.22222222344574677,odom,
7716.291112051,turning,0.005895432087042192,-0.013595393208132623,1.575243703894647,-6.132744723826166,-5.696469625946324,-0.2451332122535117,-0.47517993366425915,1.5243955850601196,1.734321822499191,-1.734321822499191,0.17201065100016422,pixhawk_fused,0.8,0.2,gyro,-1.0,-0.0025687592569738626,-1.316792607307434,-0.002585796872153878,-1.55,0.00966246699954354,0.09761282230697571,-0.10275034082092344,0.11533820312784612,-0.12050979687215388,0.005137518513947725,0.025641033180676325,odom,
7716.39439809,turning,0.005768795833502798,-0.014022841468855816,1.4057636096999686,-6.133127649226565,-5.696241334698057,-0.41461330644819006,-0.6047270288174332,1.6973938941955566,1.5550652879227749,-1.5550652879227749,0.0766873829998076,pixhawk_fused,0.8,0.2,gyro,-1.0,-0.0074496581219136715,-1.3382230997085571,-0.0,-1.55,0.004428246999850671,0.09436235530391335,-0.10926167154774069,0.117924,-0.117924,0.014899316243827343,0.07317071798546604,odom,
7716.509298274,turning,0.00576434524788887,-0.01402019889550677,1.2351939219629038,-6.1331239892466325,-5.696237674718125,-0.5851829941852549,-0.771932872999335,1.8730438947677612,1.3836686180581204,-1.3836686180581204,0.09379052399981447,pixhawk_fused,0.8,0.2,gyro,-1.0,-2.6976031222147867e-06,-1.4196081161499023,0.005165231879800558,-1.55,0.0238845889998629,0.10800108787356234,-0.10800648307980677,0.12308923187980056,-0.11275876812019944,5.395206244429573e-06,2.4976931227999734e-05,odom,
7716.61252562,turning,0.005707382197598972,-0.014107898001733742,1.0959793243322784,-6.133194901357817,-5.69616081513955,-0.7243975918158803,-0.9180510109358488,2.009976863861084,1.2461506740798107,-1.2461506740798107,0.079775265000535,pixhawk_fused,0.8,0.2,gyro,-1.0,2.587683866295265e-06,-1.4546321630477905,-0.0025687592569738626,-1.55,0.0031076449995453004,0.1106710026485422,-0.1106658272808096,0.11535524074302614,-0.12049275925697386,5.17536773259053e-06,2.3382316147938182e-05,odom,
7716.731148422,turning,0.00566612701667427,-0.014136826655658487,0.9516067054361997,-6.133212743759986,-5.696113692897924,-0.8687702107119589,-1.0945951792970885,2.1470956802368164,1.109655041073715,-1.109655041073715,0.011762613000428246,pixhawk_fused,0.8,0.2,gyro,-1.0,0.0,-1.4875428676605225,0.005162516143172979,-1.55,0.023929395999402914,0.11317226137161254,-0.11317226137161254,0.12308651614317298,-0.11276148385682702,0.0,0.0,odom,
7716.831412772,turning,0.005598228781359878,-0.01421126081135574,0.7808874651488937,-6.13326810095646,-5.696029513359486,-1.039489450999265,-1.2462064885450295,2.321582555770874,0.9342634393920056,-0.9342634393920056,0.07356420999985858,pixhawk_fused,0.8,0.2,gyro,-1.0,0.0025776352267712355,-1.5263475179672241,-0.002566831186413765,-1.55,0.011752037000405835,0.11870215439371763,-0.11354688394017516,0.11535716881358624,-0.12049083118641377,0.005155270453542471,0.022197165984089016,odom,
7716.951197346,turning,0.005030123186287593,-0.014503371454389636,0.6520334230894531,-6.133410840173814,-5.695406859273532,-1.1683434930587056,-1.4267485175031323,2.4383111000061035,0.818003117298042,-0.818003117298042,0.047213288999955694,pixhawk_fused,0.8,0.2,gyro,-1.0,-0.012818703427910805,-1.584171175956726,0.007961712777614594,-1.4601142058068606,0.031812138000532286,0.10770503963887691,-0.1333424464946985,0.11904720155540054,-0.10312377600017135,0.025637406855821596,0.10635832493857558,odom,
7717.071982716,turning,0.005409390022434149,-0.014383563989706132,0.3927496560298356,-6.133388422796729,-5.695803967096168,-1.427627260118323,-1.5908109904059473,2.719883918762207,0.5354173904408566,-0.5354173904408566,0.052589159000490326,pixhawk_fused,0.8,0.2,gyro,-1.0,0.0074926866218447685,-1.2146403789520264,-0.0,-0.875176069894217,0.01258955000048445,0.09990252665251492,-0.08491715340882539,0.06658339539755202,-0.06658339539755202,0.014985373243689537,0.08108104742263378,odom,
7717.191353877,turning,0.005467752027387867,-0.014382851567708781,0.2578561237265147,-6.133402147721474,-5.6958606967851155,-1.562520792421644,-1.7315886936664628,2.853163242340088,0.4019758881081692,-0.4019758881081692,0.06463875899953564,pixhawk_fused,0.8,0.2,gyro,-1.0,0.005128047429025173,-0.9436464905738831,0.010258645750582218,-0.585278569766253,0.03113383299933048,0.07692067243188619,-0.06666457757383584,0.054786639338398745,-0.03426934783723431,0.010256094858050346,0.07142861023427984,odom,
7717.291548401,turning,0.00601850560487814,-0.014346806916754022,0.24545629526452273,-6.1335032546671,-5.696403288810054,-1.574920620883636,-1.7944853455374794,2.853163242340088,0.4019758881081692,-0.4019758881081692,0.16490105299999414,pixhawk_fused,0.8,0.2,gyro,-1.0,0.0025631284806877375,-0.5729702115058899,-0.012702380307018757,-0.5494838500973799,0.029558174000158033,0.04615470217205584,-0.041028445210680366,0.0291023510083899,-0.05450711162242741,0.005126256961375475,0.05879871414679581,odom,
7717.408632112,turning,0.006018853287808756,-0.014350023174566098,0.1245441762785282,-6.13350645714954,-5.696402831312563,-1.6958327398696305,-1.8431608692612735,3.008235454559326,0.2632927974213711,-0.2632927974213711,0.09037849600008485,pixhawk_fused,0.8,0.2,gyro,-1.0,0.00516173942014575,-0.20353859663009644,-0.0051290676929056644,-0.2757688754107632,0.014349699999911536,0.020646955851763488,-0.010323477011471986,0.0158514283483452,-0.02610956373415653,0.010323478840291502,0.33333337270033264,odom,
7717.528128532,turning,0.006216939832950504,-0.014354770579828683,0.08929214507166217,-6.133559984356047,-5.696593607766525,-1.7310847710764965,-1.8675443727561793,3.0450196266174316,0.22534927145138897,-0.22534927145138897,0.10439496099934331,pixhawk_fused,0.8,0.2,gyro,-1.0,0.0,-0.2714937627315521,-0.0,-0.25,0.011619777000305476,0.020655245468616485,-0.020655245468616485,0.01902,-0.01902,0.0,0.0,odom,
7717.631594134,turning,0.006858582580023419,-0.014393760878869333,0.07142658364635368,-6.133756250779908,-5.697205739410173,-1.748950332501805,-1.8885709723263489,3.062546968460083,0.20826691553488888,-0.20826691553488888,0.029169024000111676,pixhawk_fused,0.8,0.2,gyro,-1.0,0.004994520451873541,-0.13130132853984833,-0.010256089270114899,-0.25,0.011054286000216962,0.0149839255271852,-0.004994884623438119,0.0087639107298851,-0.029276089270114897,0.009989040903747082,0.4999817721094584,odom,
7717.732367664,turning,0.006419468283074287,-0.014360274267933692,0.04564608933255432,-6.133615341552521,-5.6967885016979105,-1.7747308268156043,-1.914846590942538,3.088273286819458,0.1826090680111996,-0.1826090680111996,0.014697919999889564,pixhawk_fused,0.8,0.2,gyro,-1.0,-0.005128555465489626,-0.40446022152900696,0.007955833338201046,-0.25,0.03219860700028221,0.025642778188437222,-0.035899889119416474,0.026975833338201045,-0.011064166661798953,0.010257110930979252,0.16666666200329447,odom,
7717.851105138,turning,0.007009720350195592,-0.01441991781792154,0.022808106621300617,-6.133818927936246,-5.697345733642578,-1.797568809526858,-1.9270537034866566,3.1135621070861816,0.1571360020537726,-0.1571360020537726,0.08537061999959406,pixhawk_fused,0.8,0.2,gyro,-1.0,0.0,0.0,0.0,0.0,0.0072477409994462505,0.0,0.0,0.0,0.0,,,odom,
7717.952199886,turning,0.006960650755117092,-0.014414484642807045,0.007408131613961144,-6.133801543031568,-5.697299526395935,-1.8129687845341975,-1.9263822621055553,3.129119873046875,0.13774597786859194,-0.13774597786859194,0.033352278000165825,pixhawk_fused,0.8,0.2,gyro,-1.0,0.0,0.0,0.0,0.0,0.003961106000133441,0.0,0.0,0.0,0.0,,,odom,
,reached,0.006960650755117092,-0.014414484642807045,0.007408131613961144,,,,,,,,,True,0.8,0.2,gyro,-1.0,,,,,,,,,,,,mission_status,reached waypoint 4/4
7718.070751074,reached,0.006960650755117092,-0.014414484642807045,0.007211942742268551,-6.133801543031568,-5.697299526395935,-1.8131649734058901,-1.9263822621055553,3.1293604373931885,0.1375010368519328,-0.1375010368519328,0.048775453000416746,pixhawk_fused,0.8,0.2,gyro,-1.0,0.0,0.0,0.0,0.0,0.008490999000059674,0.0,0.0,0.0,0.0,,,odom,
7718.171391532,reached,0.006960650755117092,-0.014414484642807045,0.007143481814404495,-6.133801543031568,-5.697299526395935,-1.8132334343337542,-1.9263822621055553,3.129413366317749,0.13741556341879585,-0.13741556341879585,0.031427844999598165,pixhawk_fused,0.8,0.2,gyro,-1.0,0.0,0.0,0.0,0.0,0.004352033999566629,0.0,0.0,0.0,0.0,,,odom,
,done,0.006960650755117092,-0.014414484642807045,0.007143481814404495,,,,,,,,,True,0.8,0.2,gyro,-1.0,,,,,,,,,,,,mission_status,mission complete
