local_t,bridge_t,event_type,mission_state,event_message,x_m,y_m,yaw_rad,raw_x_m,raw_y_m,raw_yaw_rad,encoder_yaw_rad,pixhawk_yaw_rad,pixhawk_yaw_ros_rad,pixhawk_gyro_yaw_rad,pixhawk_age_s,yaw_source,use_pixhawk_yaw,pixhawk_weight,encoder_weight,pixhawk_yaw_mode,pixhawk_yaw_sign,linear_x_mps,angular_z_radps,nearest_path_error_m
1.031922800000757,10023.242873743,odom,idle,,0.003457222728005034,-0.04086304856807948,-0.04369372573382829,1.2441316755172525,-3.2185466332150714,0.3330914998998927,0.15918447862947135,0.782060444355011,4.921436311519607e-05,-4.921436311519607e-05,0.05307234900101321,pixhawk_fused,True,0.8,0.2,gyro,-1.0,0.0,0.0,0.025828626970548902
1.032061000005342,10023.363255453,odom,idle,,0.003457222728005034,-0.04086304856807948,-0.04375178942831148,1.2441316755172525,-3.2185466332150714,0.3330334362054095,0.15918447862947135,0.7820966839790344,-2.3160856200094387e-05,2.3160856200094387e-05,0.04522240099868213,pixhawk_fused,True,0.8,0.2,gyro,-1.0,0.0,0.0,0.025828626970548902
1.0321112000383437,10023.482481258,odom,idle,,0.003457222728005034,-0.04086304856807948,-0.04384261231627268,1.2441316755172525,-3.2185466332150714,0.3329426133174483,0.15918447862947135,0.7821573615074158,-0.0001363700209014966,0.0001363700209014966,0.09667303900096158,pixhawk_fused,True,0.8,0.2,gyro,-1.0,0.0,0.0,0.025828626970548902
1.032152200001292,10023.603171351,odom,idle,,0.003457222728005034,-0.04086304856807948,-0.0438670044877178,1.2441316755172525,-3.2185466332150714,0.33291822114600317,0.15918447862947135,0.7821611166000366,-0.0001667744992130353,0.0001667744992130353,0.11487153399866656,pixhawk_fused,True,0.8,0.2,gyro,-1.0,0.0,0.0,0.025828626970548902
1.0321890000486746,10023.721229827,odom,idle,,0.003457222728005034,-0.04086304856807948,-0.04394406683330826,1.2441316755172525,-3.2185466332150714,0.3328411588004127,0.15918447862947135,0.7821956872940063,-0.0002628317233004524,0.0002628317233004524,0.11563252000087232,pixhawk_fused,True,0.8,0.2,gyro,-1.0,0.0,0.0,0.025828626970548902
1.0322238000808284,10023.822291488,odom,idle,,0.003457222728005034,-0.04086304856807948,-0.04398805894845115,1.2441316755172525,-3.2185466332150714,0.3327971666852698,0.15918447862947135,0.7822061777114868,-0.00031766743770026703,0.00031766743770026703,0.03484129800017399,pixhawk_fused,True,0.8,0.2,gyro,-1.0,0.0,0.0,0.025828626970548902
1.0322587001137435,10023.923415426,odom,idle,,0.003457222728005034,-0.04086304856807948,-0.044107779869003105,1.2441316755172525,-3.2185466332150714,0.33267744576471786,0.15918447862947135,0.782285213470459,-0.0004668987179004504,0.0004668987179004504,0.015134571000089636,pixhawk_fused,True,0.8,0.2,gyro,-1.0,0.0,0.0,0.025828626970548902
1.0323006000835449,10024.041391829,odom,idle,,0.003457222728005034,-0.04086304856807948,-0.044107779869003105,1.2441316755172525,-3.2185466332150714,0.33267744576471786,0.15918447862947135,0.782285213470459,-0.0004668987179004504,0.0004668987179004504,0.13334582099923864,pixhawk_fused,True,0.8,0.2,gyro,-1.0,0.0,0.0,0.025828626970548902
1.0323363000061363,10024.142477675,odom,idle,,0.003457222728005034,-0.04086304856807948,-0.044159602524039276,1.2441316755172525,-3.2185466332150714,0.3326256231096817,0.15918447862947135,0.7823091149330139,-0.0005314954705365851,0.0005314954705365851,0.05700383099974715,pixhawk_fused,True,0.8,0.2,gyro,-1.0,0.0,0.0,0.025828626970548902
1.0323710000375286,10024.262771703,odom,idle,,0.003457222728005034,-0.04086304856807948,-0.0442689693819151,1.2441316755172525,-3.2185466332150714,0.33251625625180586,0.15918447862947135,0.7823845148086548,-0.0006678212210365487,0.0006678212210365487,0.06446095299907029,pixhawk_fused,True,0.8,0.2,gyro,-1.0,0.0,0.0,0.025828626970548902
1.9113539000973105,10024.381648997,odom,idle,,0.0,0.0,0.0,1.2441316755172525,-3.2185466332150714,0.33251625625180586,0.15918447862947135,0.7823845148086548,-0.0006678212210365487,0.0006678212210365487,0.18369299999903888,pixhawk_fused,True,0.8,0.2,gyro,-1.0,0.0,0.0,0.0
1.9114576000720263,10024.48191173,odom,idle,,0.0,0.0,-8.009891586119311e-05,1.2441316755172525,-3.2185466332150714,0.33243615733594467,0.15918447862947135,0.7824175953865051,-0.0007679448658429934,0.0007679448658429934,0.09109966200048802,pixhawk_fused,True,0.8,0.2,gyro,-1.0,0.0,0.0,0.0
1.9115107000106946,10024.602538956,odom,idle,,0.0,0.0,-0.00014747091765293652,1.2441316755172525,-3.2185466332150714,0.3323687853341529,0.15918447862947135,0.7824441194534302,-0.0008521598679774358,0.0008521598679774358,0.10599616299987247,pixhawk_fused,True,0.8,0.2,gyro,-1.0,0.0,0.0,0.0
1.911551200086251,10024.721344215,odom,idle,,0.0,0.0,-0.0002058997522041972,1.2441316755172525,-3.2185466332150714,0.33231035649960167,0.15918447862947135,0.7824693322181702,-0.000925195910950835,0.000925195910950835,0.10941008199915814,pixhawk_fused,True,0.8,0.2,gyro,-1.0,0.0,0.0,0.0
1.9115909000393003,10024.821843276,odom,idle,,0.0,0.0,-0.00024333288938127584,1.2441316755172525,-3.2185466332150714,0.3322729233624246,0.15918447862947135,0.7824795842170715,-0.0009719873322003438,0.0009719873322003438,0.03243941700020514,pixhawk_fused,True,0.8,0.2,gyro,-1.0,0.0,0.0,0.0
1.911630600108765,10024.922427225,odom,idle,,0.0,0.0,-0.0002828935056549131,1.2441316755172525,-3.2185466332150714,0.33223336274615095,0.15918447862947135,0.7824906706809998,-0.0010214381022208288,0.0010214381022208288,0.08746047000022372,pixhawk_fused,True,0.8,0.2,gyro,-1.0,0.0,0.0,0.0
1.9116688000503927,10025.042055728,odom,idle,,0.0,0.0,-0.00032876018545807684,1.2441316755172525,-3.2185466332150714,0.3321874960663478,0.15918447862947135,0.7825322151184082,-0.0010787714514710858,0.0010787714514710858,0.05576468700019177,pixhawk_fused,True,0.8,0.2,gyro,-1.0,0.0,0.0,0.0
1.911714700050652,10025.142148076,odom,idle,,0.0,0.0,-0.0004485416827984534,1.2441316755172525,-3.2185466332150714,0.3320677145690074,0.15918447862947135,0.7826082706451416,-0.0012284983210095121,0.0012284983210095121,0.04956522800057428,pixhawk_fused,True,0.8,0.2,gyro,-1.0,0.0,0.0,0.0
3.151595800067298,10025.257416939,odom,idle,,0.0,0.0,-0.0004885367653448269,1.2441316755172525,-3.2185466332150714,0.33202771948646104,0.15918447862947135,0.7826290726661682,-0.0012784921731629326,0.0012784921731629326,0.02975294899988512,pixhawk_fused,True,0.8,0.2,gyro,-1.0,0.0,0.0,0.0
3.15169060009066,10025.375206366,odom,idle,,0.0,0.0,-0.0004885367653448269,1.2441316755172525,-3.2185466332150714,0.33202771948646104,0.15918447862947135,0.7826290726661682,-0.0012784921731629326,0.0012784921731629326,0.13757061699834594,pixhawk_fused,True,0.8,0.2,gyro,-1.0,0.0,0.0,0.0
3.151734000071883,10025.480649189,odom,idle,,0.0,0.0,-0.0006110410694547541,1.2441316755172525,-3.2185466332150714,0.3319052151823511,0.15918447862947135,0.7827249765396118,-0.0014316225489430978,0.0014316225489430978,0.06269826399875456,pixhawk_fused,True,0.8,0.2,gyro,-1.0,0.0,0.0,0.0
3.15177420002874,10025.581724556,odom,idle,,0.0,0.0,-0.0006844263780470539,1.2441316755172525,-3.2185466332150714,0.3318318298737588,0.15918447862947135,0.782782793045044,-0.0015233541810714558,0.0015233541810714558,0.07514321800044854,pixhawk_fused,True,0.8,0.2,gyro,-1.0,0.0,0.0,0.0
3.1518090000608936,10025.703101584,odom,idle,,0.0,0.0,-0.0007222002065175315,1.2441316755172525,-3.2185466332150714,0.33179405604528833,0.15918447862947135,0.7827770709991455,-0.0015705714644693688,0.0015705714644693688,0.01665417299955152,pixhawk_fused,True,0.8,0.2,gyro,-1.0,0.0,0.0,0.0
3.151841700077057,10025.82160772,odom,idle,,0.0,0.0,-0.000772778773573346,1.2441316755172525,-3.2185466332150714,0.3317434774782325,0.15918447862947135,0.7828046679496765,-0.0016337946699761703,0.0016337946699761703,0.024193237000872614,pixhawk_fused,True,0.8,0.2,gyro,-1.0,0.0,0.0,0.0
3.151954000000842,10025.922264058,odom,idle,,0.0,0.0,-0.0008365015987683022,1.2441316755172525,-3.2185466332150714,0.33167975465303756,0.15918447862947135,0.7828298807144165,-0.0017134481966325,0.0017134481966325,0.07521397599884949,pixhawk_fused,True,0.8,0.2,gyro,-1.0,0.0,0.0,0.0
3.1520071000559255,10026.024676696,odom,idle,,0.0,0.0,-0.0008585840482611684,1.2441316755172525,-3.2185466332150714,0.3316576722035447,0.15918447862947135,0.7828203439712524,-0.0017410512566395954,0.0017410512566395954,0.03141128800052684,pixhawk_fused,True,0.8,0.2,gyro,-1.0,0.0,0.0,0.0
3.1521536000072956,10026.141934689,odom,idle,,0.0,0.0,-0.0009625750880002393,1.2441316755172525,-3.2185466332150714,0.3315536811638056,0.15918447862947135,0.7828924655914307,-0.001871040046198006,0.001871040046198006,0.04086333499981265,pixhawk_fused,True,0.8,0.2,gyro,-1.0,0.0,0.0,0.0
3.1522325000260025,10026.26222859,odom,idle,,0.0,0.0,-0.0010012493700537473,1.2441316755172525,-3.2185466332150714,0.3315150068817521,0.15918447862947135,0.7829068899154663,-0.0019193828943946316,0.0019193828943946316,0.04628429100011999,pixhawk_fused,True,0.8,0.2,gyro,-1.0,0.0,0.0,0.0
3.1522913000080734,10026.381428437,odom,idle,,0.0,0.0,-0.0010522452018160156,1.2441316755172525,-3.2185466332150714,0.33146401104998985,0.15918447862947135,0.7829285860061646,-0.0019831276777961208,0.0019831276777961208,0.02407531300013943,pixhawk_fused,True,0.8,0.2,gyro,-1.0,0.0,0.0,0.0
4.152728900080547,10026.481983129,odom,idle,,0.0,0.0,-1.5260994434440622e-05,1.2441316755172525,-3.2185466332150714,0.3314487500555554,0.15918447862947135,0.782940149307251,-0.0020022039208390666,0.0020022039208390666,0.07557854500009853,pixhawk_fused,True,0.8,0.2,gyro,-1.0,0.0,0.0,0.0
4.1528436000226066,10026.582149811,odom,idle,,0.0,0.0,-1.5260994434440622e-05,1.2441316755172525,-3.2185466332150714,0.3314487500555554,0.15918447862947135,0.782940149307251,-0.0020022039208390666,0.0020022039208390666,0.17617284799962363,pixhawk_fused,True,0.8,0.2,gyro,-1.0,0.0,0.0,0.0
4.152900600107387,10026.702447656,odom,idle,,0.0,0.0,-0.00011081988443217838,1.2441316755172525,-3.2185466332150714,0.33135319116555767,0.15918447862947135,0.782957911491394,-0.0021216525332831693,0.0021216525332831693,0.010369843999797013,pixhawk_fused,True,0.8,0.2,gyro,-1.0,0.0,0.0,0.0
4.152957400074229,10026.803721242,odom,idle,,0.0,0.0,-0.00011081988443217838,1.2441316755172525,-3.2185466332150714,0.33135319116555767,0.15918447862947135,0.782957911491394,-0.0021216525332831693,0.0021216525332831693,0.11149595200004114,pixhawk_fused,True,0.8,0.2,gyro,-1.0,0.0,0.0,0.0
4.153024100000039,10026.921761,odom,idle,,0.0,0.0,-0.00017777696567450318,1.2441316755172525,-3.2185466332150714,0.33128623408431535,0.15918447862947135,0.7830038070678711,-0.002205348884669776,0.002205348884669776,0.03373263499997847,pixhawk_fused,True,0.8,0.2,gyro,-1.0,0.0,0.0,0.0
4.1530698001151904,10027.021872275,odom,idle,,0.0,0.0,-0.0002309583421921113,1.2441316755172525,-3.2185466332150714,0.33123305270779774,0.15918447862947135,0.7829872965812683,-0.0022718256050550294,0.0022718256050550294,0.014358715001435485,pixhawk_fused,True,0.8,0.2,gyro,-1.0,0.0,0.0,0.0
4.1531121000880376,10027.142381523,odom,idle,,0.0,0.0,-0.0002668301118886607,1.2441316755172525,-3.2185466332150714,0.3311971809381012,0.15918447862947135,0.7829962968826294,-0.002316665316914852,0.002316665316914852,0.03210921999925631,pixhawk_fused,True,0.8,0.2,gyro,-1.0,0.0,0.0,0.0
4.15317030006554,10027.262271285,odom,idle,,0.0,0.0,-0.0002668301118886607,1.2441316755172525,-3.2185466332150714,0.3311971809381012,0.15918447862947135,0.7829962968826294,-0.002316665316914852,0.002316665316914852,0.151761170998725,pixhawk_fused,True,0.8,0.2,gyro,-1.0,0.0,0.0,0.0
4.153235700097866,10027.382576187,odom,idle,,0.0,0.0,-0.000326745640086501,1.2441316755172525,-3.2185466332150714,0.33113726540990335,0.15918447862947135,0.7829766869544983,-0.0023915597265415744,0.0023915597265415744,0.01556539700141002,pixhawk_fused,True,0.8,0.2,gyro,-1.0,0.0,0.0,0.0
4.511982800089754,,mission_status,navigating,going to waypoint 1/4,0.0,0.0,-0.000326745640086501,,,,,,,,,,,,,,,,,
4.512042900081724,10027.502363506,odom,navigating,,0.0,0.0,-0.0003365101326989195,1.2441316755172525,-3.2185466332150714,0.33112750091729093,0.15918447862947135,0.7829627394676208,-0.002403765342181261,0.002403765342181261,0.09249391699995613,pixhawk_fused,True,0.8,0.2,gyro,-1.0,0.0,0.0,0.0
4.5121074001071975,10027.621532522,odom,navigating,,0.0,0.0,-0.0003653453484515623,1.2441316755172525,-3.2185466332150714,0.3310986657015383,0.15918447862947135,0.7829604744911194,-0.0024398093614556747,0.0024398093614556747,0.0343573819991434,pixhawk_fused,True,0.8,0.2,gyro,-1.0,0.0,0.0,0.0
4.512149600079283,10027.743068086,odom,navigating,,0.0,0.0,-0.0004669692518345925,1.2441316755172525,-3.2185466332150714,0.33099704179815526,0.15918447862947135,0.7830179333686829,-0.002566839238611694,0.002566839238611694,0.04945838000094227,pixhawk_fused,True,0.8,0.2,gyro,-1.0,0.0,0.0,0.0
4.850442100083455,10027.862442931,odom,navigating,,0.0,0.0,-0.0004669692518345925,1.2441316755172525,-3.2185466332150714,0.33099704179815526,0.15918447862947135,0.7830179333686829,-0.002566839238611694,0.002566839238611694,0.16915084900028887,pixhawk_fused,True,0.8,0.2,gyro,-1.0,0.0,0.0,0.0
4.850542700034566,10027.962634742,odom,navigating,,0.0,0.0,-0.0004797908370439141,1.2441316755172525,-3.2185466332150714,0.33098422021294593,0.15918447862947135,0.7829853296279907,-0.0025828662197866395,0.0025828662197866395,0.07350028800101427,pixhawk_fused,True,0.8,0.2,gyro,-1.0,0.0,0.0,0.0
4.850586100015789,10028.080701334,odom,navigating,,0.0,0.0,-0.0005445439567958177,1.2441316755172525,-3.2185466332150714,0.33091946709319403,0.15918447862947135,0.7830111980438232,-0.0026638076174833733,0.0026638076174833733,0.07268608000049426,pixhawk_fused,True,0.8,0.2,gyro,-1.0,0.0,0.0,0.0
5.172077300027013,10028.181788981,odom,navigating,,0.00036411515322551266,-6.285582435677056e-05,0.0005693430312752046,1.244496425790034,-3.2184875744479844,0.33203335408126505,0.1647539330771415,0.7830111980438232,-0.0026638076174833733,0.0026638076174833733,0.17327766200105543,pixhawk_fused,True,0.8,0.2,gyro,-1.0,0.015335990116000175,0.20157715678215027,0.00029887588300423374
5.1721910000778735,10028.302930628,odom,navigating,,0.0009381703568931848,-0.00015727887712534673,0.0025397300155484137,1.2450699612816711,-3.2183900443009295,0.33400374106553826,0.17352773334289692,0.7814962863922119,-0.002394214598444934,0.002394214598444934,0.014040128999113222,pixhawk_fused,True,0.8,0.2,gyro,-1.0,0.0,0.0,0.0007667251129930668
5.172243400011212,10028.403274642,odom,navigating,,0.0010653274661883828,-0.0001772895997237808,0.007168974001623696,1.2451967088821618,-3.2183675853331644,0.33863298505161354,0.17547322470093626,0.7724451422691345,0.002905932934971814,-0.002905932934971814,0.03147397300017474,pixhawk_fused,True,0.8,0.2,gyro,-1.0,0.00518357940018177,0.06813327223062515,0.0008697082476575926
5.531541300006211,10028.521553434,odom,navigating,,0.0035835407399091687,-0.0005339564732693848,0.015128844645440509,1.2476939173489225,-3.217885341386425,0.34659285569543036,0.2138109324556627,0.7720315456390381,0.0032737215701661155,-0.0032737215701661155,0.10626123700058088,pixhawk_fused,True,0.8,0.2,gyro,-1.0,0.03859688714146614,0.5073197484016418,0.0028807696696572737
5.531628000084311,10028.642818598,odom,navigating,,0.008539791753327251,-0.0009639246097888007,0.044490904763493044,1.252520307931014,-3.2166790036826587,0.3759549158134829,0.28880026986716706,0.7497808933258057,0.021250646794231897,-0.021250646794231897,0.04949813899838773,pixhawk_fused,True,0.8,0.2,gyro,-1.0,0.05368129536509514,0.7055900692939758,0.0066438268737131845
5.531682400032878,10028.762118168,odom,navigating,,0.013656839083354109,-0.0010177406244488564,0.1521933541464508,1.2573763318733517,-3.2150646613978218,0.48365736519644065,0.3659410554078854,0.6341866254806519,0.1365757658127866,-0.1365757658127866,0.054772301999037154,pixhawk_fused,True,0.8,0.2,gyro,-1.0,0.05161998048424721,0.6784960627555847,0.010249258256412078
5.8518159000668675,10028.86256392,odom,navigating,,0.01853921682540121,-0.0007051103866095726,0.16690177682748236,1.261891208254402,-3.213180187639585,0.4983657878774722,0.4396867902445524,0.6341866254806519,0.1365757658127866,-0.1365757658127866,0.1556687679985771,pixhawk_fused,True,0.8,0.2,gyro,-1.0,0.05938383564352989,0.780544638633728,0.013428363136493364
5.851918300031684,10028.964637716,odom,navigating,,0.023723828544275568,2.560350619048614e-05,0.29161533568568604,1.2665558110872213,-3.2108020324973214,0.6230793467356759,0.5200166466677721,0.49741679430007935,0.272340952301415,-0.272340952301415,0.0671753130009165,pixhawk_fused,True,0.8,0.2,gyro,-1.0,0.06012760475277901,0.7903207540512085,0.016518365687367417
5.851985300076194,10029.081415926,odom,navigating,,0.030159973620946474,0.0015331936924623708,0.37249300742114483,1.2721510054084655,-3.2072820052069138,0.7039570184711347,0.6210909263248826,0.42004311084747314,0.34818443819323397,-0.34818443819323397,0.07171857999856002,pixhawk_fused,True,0.8,0.2,gyro,-1.0,0.0587756484746933,0.8397462368011475,0.019923714240934705
6.172939000069164,10029.181585554,odom,navigating,,0.035562562350383825,0.0033474509629430795,0.3898541129802759,1.276669105067297,-3.2038083515258737,0.7213181240302657,0.7084169965384326,0.42004311084747314,0.34818443819323397,-0.34818443819323397,0.17151519599974563,pixhawk_fused,True,0.8,0.2,gyro,-1.0,0.06644199043512344,0.940516471862793,0.02238873422936898
6.173066300107166,10029.282614037,odom,navigating,,0.04091930859349331,0.005689249938132241,0.47238049924200526,1.2809721809051156,-3.1998507902708524,0.8038445102919951,0.7965440925382893,0.33980223536491394,0.42932789489069795,-0.42932789489069795,0.09487563499897078,pixhawk_fused,True,0.8,0.2,gyro,-1.0,0.07159284502267838,0.9410205483436584,0.02444354100496933
6.173126200097613,10029.401799963,odom,navigating,,0.047099326965425806,0.009142252107217117,0.6687752068306017,1.285692099343727,-3.194574596473238,1.0002392178805914,0.9032716770577464,0.12212304025888443,0.64798076518813,-0.64798076518813,0.028193701000418514,pixhawk_fused,True,0.8,0.2,gyro,-1.0,0.07086353749036789,0.9314345121383667,0.026275454248846933
6.513185100047849,10029.503173625,odom,navigating,,0.05248973296947715,0.012921549718814741,0.7153958986205691,1.2895592008674712,-3.1892468302311254,1.0468599096705589,1.0025224638538435,0.08828389644622803,0.6815090287570081,-0.6815090287570081,0.01677791200017964,pixhawk_fused,True,0.8,0.2,gyro,-1.0,0.08504073321819305,1.117780327796936,0.027323006427829487
6.513289800030179,10029.621693951,odom,navigating,,0.059378249431105604,0.019075064367646874,0.9000230644038676,1.2940702301105245,-3.181186556244229,1.2314870754538574,1.1418276353438592,-0.11176986247301102,0.8774069404844366,-0.8774069404844366,0.021580192998953862,pixhawk_fused,True,0.8,0.2,gyro,-1.0,0.08749940246343613,1.1500972509384155,0.027712454107201006
6.513347600004636,10029.742619215,odom,navigating,,0.06681607047388738,0.028134308176776618,1.0265549040126518,1.2981550588495494,-3.1701999619388705,1.3580189150626416,1.3186692724813807,-0.22397007048130035,0.991431022906693,-0.991431022906693,0.032721468998715864,pixhawk_fused,True,0.8,0.2,gyro,-1.0,0.14060084521770477,1.848065733909607,0.02640132545474258
6.851207500090823,10029.862592255,odom,navigating,,0.07463214150062386,0.04326062753537271,1.0766045440023524,1.3006231538395772,-3.1533534486274037,1.4080685550523422,1.5746127083226862,-0.22397007048130035,0.991431022906693,-0.991431022906693,0.1530977049987996,pixhawk_fused,True,0.8,0.2,gyro,-1.0,0.15751206874847412,2.070347785949707,0.021003633881178672
6.851309000048786,10029.963135099,odom,navigating,,0.07792102162358339,0.056110646562279765,1.4260023885803033,1.299551258012295,-3.1401326029362036,1.757466399630293,1.760235817679506,-0.6064997911453247,1.3804664082769476,-1.3804664082769476,0.053698136000093655,pixhawk_fused,True,0.8,0.2,gyro,-1.0,0.15233244001865387,1.595025897026062,0.014082414180416388
6.851361500099301,10030.081416467,odom,navigating,,0.07907434171232795,0.06993074242630695,1.4525624214105444,1.2961443573743352,-3.126689455054808,1.7840264324605342,1.8957720832496838,-0.6064997911453247,1.3804664082769476,-1.3804664082769476,0.1722249260001263,pixhawk_fused,True,0.8,0.2,gyro,-1.0,0.10481154173612595,0.8400300145149231,0.004977033946410159
7.173299800022505,10030.182616041,odom,navigating,,0.0790227704520707,0.07486490515541513,1.5988481665277574,1.2944898800822882,-3.1220406566807863,1.9303121775777472,1.9350938964309996,-0.7717611193656921,1.5528164119962775,-1.5528164119962775,0.09481341399987286,pixhawk_fused,True,0.8,0.2,gyro,-1.0,0.012780626304447651,-0.10079357773065567,0.0014031862465137004
7.173414200078696,10030.302418252,odom,navigating,,0.07900282820799098,0.07553352155545388,1.6786431692410693,1.2942534370605363,-3.1214149248844354,2.010107180291059,1.9262895367936161,-0.8698276281356812,1.6545716060642326,-1.6545716060642326,0.11069760200007295,pixhawk_fused,True,0.8,0.2,gyro,-1.0,0.002589963376522064,-0.03404263034462929,0.0009098732647559438
7.173468100023456,10030.402681066,odom,navigating,,0.07898787249868211,0.07629235025501403,1.6938453884726106,1.293992351560264,-3.120702268564696,2.0253093995226004,1.9148531700317732,-0.8863943219184875,1.6764156646076762,-1.6764156646076762,0.017533362000904162,pixhawk_fused,True,0.8,0.2,gyro,-1.0,0.013037093915045261,-0.1713603287935257,0.0003553520108311067
7.511637100018561,10030.503066266,odom,navigating,,0.07898514823043457,0.07817496251244888,1.6648455244522575,1.2933771214108774,-3.118923019229508,1.9963095355022473,1.8864870423685753,-0.8531297445297241,1.6472576532308185,-1.6472576532308185,0.012529620998975588,pixhawk_fused,True,0.8,0.2,gyro,-1.0,0.028465239331126213,-0.37414878606796265,0.0009964200757688433
7.511718700057827,10030.621715184,odom,navigating,,0.07913919857610946,0.08203044387861148,1.6191319879892088,1.2922681059007608,-3.115227271311677,1.9505959990391986,1.8283281373468134,-0.8094996809959412,1.6046508285943593,-1.6046508285943593,0.013268272999994224,pixhawk_fused,True,0.8,0.2,gyro,-1.0,0.04631395265460014,-0.6087533235549927,0.0036535014433791628
7.511766100069508,10030.742226086,odom,navigating,,0.07966083011523842,0.08697538094224197,1.6041472235642684,1.2911521239515689,-3.110381749016304,1.9356112346142582,1.7533846175798309,-0.8094996809959412,1.6046508285943593,-1.6046508285943593,0.1338084710005205,pixhawk_fused,True,0.8,0.2,gyro,-1.0,0.04601254314184189,-0.6047915816307068,0.006835522852583917
7.851590100093745,10030.862821875,odom,navigating,,0.08062988773172439,0.0922286126505181,1.4821888067308782,1.2903588856873012,-3.1050991086631274,1.813652817780868,1.6728640037961968,-0.6769666075706482,1.4723342192713345,-1.4723342192713345,0.03636251299940341,pixhawk_fused,True,0.8,0.2,gyro,-1.0,0.05420098453760147,-0.7124209403991699,0.009926719196786487
7.851689300034195,10030.980955692,odom,navigating,,0.08217618757108734,0.0978983088689532,1.4225225170722848,1.2899759394915615,-3.099234822635509,1.7539865281222746,1.5842790993510647,-0.6227025985717773,1.419896364146861,-1.419896364146861,0.07316823999826738,pixhawk_fused,True,0.8,0.2,gyro,-1.0,0.0587938018143177,-0.7727891802787781,0.012914162071749584
7.851737100048922,10031.081578924,odom,navigating,,0.08389172725434656,0.10262324329065256,1.4073751324228831,1.2900604725507894,-3.0942087967843923,1.738839143472873,1.5085116137010368,-0.6227025985717773,1.419896364146861,-1.419896364146861,0.17356258799918578,pixhawk_fused,True,0.8,0.2,gyro,-1.0,0.060703858733177185,-0.797895073890686,0.015106221751103642
8.173788900021464,10031.181590521,odom,navigating,,0.08598316337887689,0.10725245710325465,1.335037212637491,1.2905315909903485,-3.089150954062274,1.6665012236874808,1.431942983070676,-0.5521212816238403,1.348614327007922,-1.348614327007922,0.09511111299980257,pixhawk_fused,True,0.8,0.2,gyro,-1.0,0.05904312804341316,-0.7760663032531738,0.016967628634646383
8.173911100020632,10031.302744338,odom,navigating,,0.08906524193453931,0.11276285083433094,1.1998507893937524,1.2916526677979687,-3.0829375142672673,1.5313148004437422,1.336766247891207,-0.4063674211502075,1.2034344853703107,-1.2034344853703107,0.10307213300075091,pixhawk_fused,True,0.8,0.2,gyro,-1.0,0.06213722750544548,-0.8167353272438049,0.018770331780927307
8.173962000058964,10031.403257574,odom,navigating,,0.09217509220089441,0.11732065003242381,1.083783412448734,1.2931100052618534,-3.0776157786739065,1.4152474234987238,1.2535906235105398,-0.2835076153278351,1.0791446484867657,-1.0791446484867657,0.011534232000485645,pixhawk_fused,True,0.8,0.2,gyro,-1.0,0.06472627818584442,-0.8507660031318665,0.019870646029423317
8.511610400048085,10031.521870309,odom,navigating,,0.09637303452338725,0.12240632041047844,0.9762902516593421,1.2954244226854128,-3.071440810258868,1.307754262709332,1.1541796296807487,-0.17308326065540314,0.969631154770049,-0.969631154770049,0.02359448999959568,pixhawk_fused,True,0.8,0.2,gyro,-1.0,0.06431850790977478,-0.8454062342643738,0.020590999260138777
8.511703200056218,10031.641522006,odom,navigating,,0.10146289007419956,0.12742012799835906,0.8890264938791157,1.2986055899019904,-3.0650435396536335,1.2204905049291055,1.0464601613377438,-0.09092072397470474,0.8874810687843885,-0.8874810687843885,0.027472363000924815,pixhawk_fused,True,0.8,0.2,gyro,-1.0,0.07177474349737167,-0.9434114098548889,0.02063811612208168
8.511767900083214,10031.742127962,odom,navigating,,0.10661895838665475,0.13154926329333716,0.8691260764025857,1.302137262583091,-3.0594612384435136,1.2005900874525754,0.9468736985991134,-0.09092072397470474,0.8874810687843885,-0.8874810687843885,0.1278459160002967,pixhawk_fused,True,0.8,0.2,gyro,-1.0,0.07994280755519867,-1.0507729053497314,0.020004750398725717
8.85174530011136,10031.862649495,odom,navigating,,0.11413048006982046,0.13625656600542088,0.6742767195526205,1.3077080223792201,-3.0525657114793368,1.0057407306026103,0.8131914472406706,0.12136837095022202,0.6773607042972173,-0.6773607042972173,0.026807819998794002,pixhawk_fused,True,0.8,0.2,gyro,-1.0,0.09294860064983368,-1.221721887588501,0.018144071364642675
8.85185510001611,10031.963537076,odom,navigating,,0.1274354404325153,0.14250219899519428,0.6583145774338566,1.3182562509063442,-3.042330244873686,0.9897785884838464,0.7332887450470855,0.12136837095022202,0.6773607042972173,-0.6773607042972173,0.12726214899885235,pixhawk_fused,True,0.8,0.2,gyro,-1.0,0.21431967616081238,-0.5091018676757812,0.013348084364846793
8.851918300031684,10032.081323511,odom,navigating,,0.15387317633590697,0.1530285385606785,0.5776623783164201,1.33982933716539,-3.023773314804164,0.9091263893664099,0.6876573782025865,0.21200112998485565,0.587971971387061,-0.587971971387061,0.0957182689999172,pixhawk_fused,True,0.8,0.2,gyro,-1.0,0.285488486289978,-0.16903044283390045,0.0024672378702296827
9.17412790004164,10032.202545291,odom,navigating,,0.18288029824437146,0.16407921138664688,0.4966466871367065,1.3636613172887977,-3.0038844431741136,0.8281106981866964,0.7192735897584367,0.3125564455986023,0.4788129272703256,-0.4788129272703256,0.1078867119995266,pixhawk_fused,True,0.8,0.2,gyro,-1.0,0.29711297154426575,0.44146525859832764,0.009828644179975417
9.174195400089957,10032.302563593,odom,navigating,,0.20494218476164588,0.17351599983696273,0.5213372202731414,1.3814513151998142,-2.9877817791931713,0.8528012313231312,0.7600831943575155,0.28770366311073303,0.49948338892498867,-0.49948338892498867,0.09274934399945778,pixhawk_fused,True,0.8,0.2,gyro,-1.0,0.2521285116672516,0.40579482913017273,0.01844053084530358
9.174227900104597,10032.403586895,odom,navigating,,0.22233892006554543,0.1817507964213049,0.5867261029055011,1.3952212618575364,-2.9743338483834547,0.9181901139554909,0.7956895936622072,0.21807874739170074,0.5723030402902688,-0.5723030402902688,0.0034630469999683555,pixhawk_fused,True,0.8,0.2,gyro,-1.0,0.2149730771780014,0.37454941868782043,0.024662421901767602
9.491901900037192,10032.521556606,odom,navigating,,0.23756355287100006,0.18960053541473196,0.6094391937719954,1.4070626486351123,-2.961956877610697,0.9409032048219852,0.8234835103822604,0.19778995215892792,0.5937475556377496,-0.5937475556377496,0.012660303998927702,pixhawk_fused,True,0.8,0.2,gyro,-1.0,0.13636203110218048,0.23672552406787872,0.02964634073604398
9.492019700002857,10032.621574111,odom,navigating,,0.24627479727826296,0.19430729837821864,0.6116289898886118,1.413768002210202,-2.9546714380117054,0.9430930009386016,0.8344469515510508,0.19778995215892792,0.5937475556377496,-0.5937475556377496,0.11236307400031365,pixhawk_fused,True,0.8,0.2,gyro,-1.0,0.1003468930721283,0.1690981537103653,0.03234367498592496
9.49207490007393,10032.722358972,odom,navigating,,0.25255113982350097,0.19780566255240295,0.6252438728213812,1.4185642395485347,-2.949321004848422,0.956707883871371,0.8503999900341223,0.1856279969215393,0.6067790502701129,-0.6067790502701129,0.036452178999752505,pixhawk_fused,True,0.8,0.2,gyro,-1.0,0.06947246938943863,0.10143859684467316,0.03421020558868612
9.851599400048144,10032.842824304,odom,navigating,,0.25901158342638286,0.20163191205733097,0.6429869408075279,1.4234278537901635,-2.9436006225772267,0.9744509518575177,0.8941316910307432,0.17352303862571716,0.6180441177133645,-0.6180441177133645,0.04305622300125833,pixhawk_fused,True,0.8,0.2,gyro,-1.0,0.06665129959583282,0.40433934330940247,0.03596996328700883
9.851709700073116,10032.963653518,odom,navigating,,0.2653546664540575,0.2058469130773588,0.6813024862363835,1.428053985243014,-2.937550842112139,1.0127664972863732,0.9523668281501894,0.14092101156711578,0.6514040813092317,-0.6514040813092317,0.0829606719998992,pixhawk_fused,True,0.8,0.2,gyro,-1.0,0.07742997258901596,0.6106464862823486,0.03736917152584742
9.8517625000095,10033.081831817,odom,navigating,,0.2712338640362653,0.21035088124145707,0.724961152809315,1.4321474440483564,-2.9313787850447737,1.0564251638593047,1.037945736305574,0.10604359954595566,0.6846700367573822,-0.6846700367573822,0.08664653000050748,pixhawk_fused,True,0.8,0.2,gyro,-1.0,0.06390630453824997,0.7055901288986206,0.03823783223874973
10.173390100011602,10033.182821898,odom,navigating,,0.2757699473487061,0.2144972187596089,0.8383642025908897,1.435087281338159,-2.9259819782721235,1.1698282136408795,1.1238908388467128,-0.01704367622733116,0.8048742859009828,-0.8048742859009828,0.07482887799960736,pixhawk_fused,True,0.8,0.2,gyro,-1.0,0.0723617896437645,0.9511275887489319,0.03842670229234574
10.173519700067118,10033.302553189,odom,navigating,,0.2812155436823315,0.22055617365136304,0.8597619284876621,1.4382647053934423,-2.918480683038498,1.1912259395376519,1.2320756367917411,-0.01704367622733116,0.8048742859009828,-0.8048742859009828,0.19479368300017086,pixhawk_fused,True,0.8,0.2,gyro,-1.0,0.09063541889190674,0.9870820641517639,0.037878162078975014
10.173585400101729,10033.402704415,odom,navigating,,0.2869284645588551,0.2284628604945932,1.0679063073259951,1.4410935995415524,-2.9091452387707024,1.399370318375985,1.3384751592804565,-0.2450997531414032,1.0381310516242113,-1.0381310516242113,0.032373829000789556,pixhawk_fused,True,0.8,0.2,gyro,-1.0,0.13305184245109558,1.1434482336044312,0.03619109755902126
10.490922300028615,10033.502869678,odom,navigating,,0.2939058984972307,0.24107222860885613,1.124988506143122,1.443587792683937,-2.8949515870498144,1.4564525171931118,1.4676561113852553,-0.2848048210144043,1.077375712955388,-1.077375712955388,0.09373910400063323,pixhawk_fused,True,0.8,0.2,gyro,-1.0,0.21617501974105835,1.2854028940200806,0.032013540680512924
10.49102810001932,10033.603554042,odom,navigating,,0.3016946449931669,0.2600034103445721,1.236649314469055,1.4447918429002458,-2.8745162138708076,1.5681133255190447,1.561535782653128,-0.4038087725639343,1.1934183048848237,-1.1934183048848237,0.015678154999477556,pixhawk_fused,True,0.8,0.2,gyro,-1.0,0.24121499061584473,0.5467284321784973,0.023868635052494497
10.491092100040987,10033.721247149,odom,navigating,,0.3101971690200884,0.2848765152969554,1.349826782625439,1.4447371511546692,-2.848230071635523,1.6812907936754289,1.572293234694885,-0.5302354097366333,1.3320330599192705,-1.3320330599192705,0.028549307000503177,pixhawk_fused,True,0.8,0.2,gyro,-1.0,0.24183125793933868,-0.13518209755420685,0.011960783285136565
10.811203200020827,10033.821350857,odom,navigating,,0.3161802190043598,0.3018692261252967,1.3440465466269178,1.444864626592078,-2.8302152760934476,1.6755105576769076,1.5433625599956953,-0.5302354097366333,1.3320330599192705,-1.3320330599192705,0.1285702389996004,pixhawk_fused,True,0.8,0.2,gyro,-1.0,0.18528759479522705,-0.33819451928138733,0.003947139651708837
10.81130010006018,10033.921595933,odom,navigating,,0.3210192473279386,0.3142789918996543,1.3152923070069116,1.4454017702377993,-2.816906258158428,1.6467563180569014,1.503972052183778,-0.5077835917472839,1.305936365017685,-1.305936365017685,0.03323673800150573,pixhawk_fused,True,0.8,0.2,gyro,-1.0,0.12863700091838837,-0.4734273850917816,0.0015778763641682658
10.81137990008574,10034.041537443,odom,navigating,,0.3251089830736471,0.32337000192999477,1.239058135383834,1.446310422641972,-2.80697918645274,1.5705221464338237,1.434826832101662,-0.42772045731544495,1.2279308658037509,-1.2279308658037509,0.03171665499939991,pixhawk_fused,True,0.8,0.2,gyro,-1.0,0.056388817727565765,-0.6737982034683228,0.00524556906037764
11.132514800061472,10034.141578078,odom,navigating,,0.3271258485018683,0.3271636554642787,1.2285204233498275,1.446982943954501,-2.8027356892655213,1.5599844343998173,1.3821305943883875,-0.42772045731544495,1.2279308658037509,-1.2279308658037509,0.13144855599966832,pixhawk_fused,True,0.8,0.2,gyro,-1.0,0.038687948137521744,-0.44071128964424133,0.006559841003312759
11.132615600014105,10034.24190121,odom,navigating,,0.3290212750475042,0.33031689754838495,1.169637258990296,1.4477490442993857,-2.7991372635413403,1.5011012700402857,1.327977158941352,-0.3669196367263794,1.1678652759585704,-1.1678652759585704,0.062045856000622734,pixhawk_fused,True,0.8,0.2,gyro,-1.0,0.043586209416389465,-0.5728996992111206,0.007499573403681021
11.132665700046346,10034.362197677,odom,navigating,,0.33232039031087823,0.3350233257157398,1.1112020900143045,1.4493369765017576,-2.7936133972380914,1.4426661010642943,1.2400484329999961,-0.3183060586452484,1.116802405515703,-1.116802405515703,0.07354671800021606,pixhawk_fused,True,0.8,0.2,gyro,-1.0,0.061965737491846085,-0.814481258392334,0.00857453039278821
11.451581200002693,10034.462725119,odom,navigating,,0.33615249339406716,0.33959492334647345,0.9806576951911472,1.4514727619502206,-2.7880435732322857,1.312121706241137,1.1514864132261906,-0.17978596687316895,0.9757635693345392,-0.9757635693345392,0.04688161699959892,pixhawk_fused,True,0.8,0.2,gyro,-1.0,0.069707952439785,-0.9162454009056091,0.009181291194930141
11.451697800075635,10034.581293637,odom,navigating,,0.3424432122892562,0.34570390271326923,0.9566790032963284,1.4554330265995097,-2.7802199502205465,1.2881430143463182,1.0314989005961912,-0.17978596687316895,0.9757635693345392,-0.9757635693345392,0.16596295799899963,pixhawk_fused,True,0.8,0.2,gyro,-1.0,0.09458133578300476,-1.1759834289550781,0.009176606299697543
11.451757800066844,10034.681516196,odom,navigating,,0.3496334962563683,0.3511747191328023,0.8657590199833922,1.4604515661280384,-2.772707009596228,1.197223031033382,0.9227190386744475,-0.09385545551776886,0.8892902891431177,-0.8892902891431177,0.08918948499922408,pixhawk_fused,True,0.8,0.2,gyro,-1.0,0.1252874881029129,-0.9074127078056335,0.008087302020658873
11.773550800047815,10034.781935881,odom,navigating,,0.36220277414713303,0.3589724202222431,0.6879971512932184,1.4697990716933373,-2.761243370179261,1.0194611623432082,0.8424654321509464,0.10923360288143158,0.6871930689606989,-0.6871930689606989,0.07252164399869798,pixhawk_fused,True,0.8,0.2,gyro,-1.0,0.19431377947330475,-0.6721240878105164,0.004916989317948643
11.773654000018723,10034.90279819,odom,navigating,,0.3856353277096126,0.3717624061167256,0.6013817795571057,1.48779390370851,-2.741523980574477,0.9328457906070955,0.8366136311580347,0.20191223919391632,0.580403986046108,-0.580403986046108,0.005976557000394678,pixhawk_fused,True,0.8,0.2,gyro,-1.0,0.2822633981704712,0.30633747577667236,0.0022460084331403216
11.773738000076264,10035.003386446,odom,navigating,,0.40729514645712783,0.3841251147953206,0.609702627764948,1.504251544152188,-2.722785507182185,0.9411666388149378,0.8783540687554929,0.20191223919391632,0.580403986046108,-0.580403986046108,0.1067736610002612,pixhawk_fused,True,0.8,0.2,gyro,-1.0,0.29006126523017883,0.6127364635467529,0.008479686069749743
12.13247870001942,10035.12186328,odom,navigating,,0.4324680361002774,0.4006350228948076,0.6515552366089623,1.5226814146911116,-2.6989823286054024,0.9830192476589521,0.9629335338376754,0.17111030220985413,0.6116612896118486,-0.6116612896118486,0.11128446600014286,pixhawk_fused,True,0.8,0.2,gyro,-1.0,0.2831287980079651,0.8119552135467529,0.014188523690414992
12.13258100009989,10035.242536481,odom,navigating,,0.4560851616131071,0.4192919723438899,0.7198684587642485,1.5389414993998165,-2.67365526747506,1.0513324698142383,1.056759916159223,0.10865605622529984,0.6736776506100023,-0.6736776506100023,0.05421614900114946,pixhawk_fused,True,0.8,0.2,gyro,-1.0,0.27354615926742554,0.8400716185569763,0.0172734395755603
12.132620300049894,10035.362753433,odom,navigating,,0.4770512473493048,0.43930247621978824,0.7970466014331221,1.552254364472833,-2.647911051813817,1.128510612483112,1.146229691338849,0.037556011229753494,0.7478315316233957,-0.7478315316233957,0.04582276700057264,pixhawk_fused,True,0.8,0.2,gyro,-1.0,0.2814277410507202,0.7126711010932922,0.017539917528414304
12.491178000112996,10035.482212213,odom,navigating,,0.49616508035318957,0.4609563891149643,0.9019136575586602,1.5632809898086995,-2.6212156572770304,1.23337766860865,1.2136888957856422,-0.07470350712537766,0.8619215546641672,-0.8619215546641672,0.10711215500123217,pixhawk_fused,True,0.8,0.2,gyro,-1.0,0.27607524394989014,0.33599531650543213,0.015336921119979563
12.491259000031278,10035.603609123,odom,navigating,,0.5138119600358831,0.48268873705915527,0.9747427476064134,1.5728949876628067,-2.594923484392994,1.3062067586564032,1.2203874692430654,-0.1549852192401886,0.9511698020193898,-0.9511698020193898,0.0020554989987431327,pixhawk_fused,True,0.8,0.2,gyro,-1.0,0.2666652202606201,-0.17006069421768188,0.012055143487062651
12.491291900048964,10035.721399916,odom,navigating,,0.5319831095726487,0.5048612786758438,0.9603967333246644,1.5828614665387866,-2.568044466999385,1.2918607443746541,1.202183729882007,-0.14073660969734192,0.9377849889490926,-0.9377849889490926,0.012366585999188828,pixhawk_fused,True,0.8,0.2,gyro,-1.0,0.2727167308330536,-0.2704471945762634,0.008823180552994235
12.833969100029208,10035.821938507,odom,navigating,,0.5478301148793324,0.5230745333538959,0.9520427350654537,1.5919187731270805,-2.545665561295055,1.2835067461154435,1.1603442011081615,-0.14073660969734192,0.9377849889490926,-0.9377849889490926,0.11232361499969556,pixhawk_fused,True,0.8,0.2,gyro,-1.0,0.28043484687805176,-0.4395298957824707,0.006810063176801809
12.83406940009445,10035.94165206,odom,navigating,,0.5677325480436217,0.5437055581891208,0.8722245392437447,1.6040239487991965,-2.519680743543955,1.2036885502937344,1.097668646088261,-0.057028878480196,0.8536878667865121,-0.8536878667865121,0.03477045200088469,pixhawk_fused,True,0.8,0.2,gyro,-1.0,0.2691284418106079,-0.5727283954620361,0.005890194033138176
12.834125900059007,10036.062755328,odom,navigating,,0.5886370084519212,0.5630216365588518,0.863493965620701,1.6175045282935347,-2.494613208263346,1.1949579766706908,1.0539751185424016,-0.057028878480196,0.8536878667865121,-0.8536878667865121,0.15501434700126993,pixhawk_fused,True,0.8,0.2,gyro,-1.0,0.27368202805519104,-0.2714938223361969,0.00661163387052807
13.1738698000554,10036.181497252,odom,navigating,,0.6112136978994842,0.5824787124034004,0.8191571836360176,1.6325204277787206,-2.4688681607884817,1.1506211946860074,1.0301485409222368,-0.009111154824495316,0.8042277675066316,-0.8042277675066316,0.09601021200069226,pixhawk_fused,True,0.8,0.2,gyro,-1.0,0.2863002419471741,-0.1343982070684433,0.008397604826255076
13.173967500100844,10036.282702814,odom,navigating,,0.6302977452652448,0.5984090028309395,0.7783370949362609,1.6453815140788648,-2.447594527432974,1.1098011059862507,1.0247088122667716,0.03831283003091812,0.7545830424819315,-0.7545830424819315,0.08609956299915211,pixhawk_fused,True,0.8,0.2,gyro,-1.0,0.2862504720687866,9.342948760604486e-05,0.010277805657756154
13.174022100050934,10036.402851953,odom,navigating,,0.6526832542590062,0.6171715963621365,0.7832437664504064,1.6604426434296893,-2.4225683748800058,1.1147077775003962,1.0395937071896066,0.041041165590286255,0.7570050998721446,-0.7570050998721446,0.01341671600130212,pixhawk_fused,True,0.8,0.2,gyro,-1.0,0.2770702838897705,0.17017880082130432,0.012428472669679952
13.512587200035341,10036.503807204,odom,navigating,,0.6688431954990453,0.6311161775801741,0.7962807889265584,1.6711849964605998,-2.4041239476027156,1.1277447999765482,1.0497713445050325,0.026684435084462166,0.7707538982797588,-0.7707538982797588,0.008528435999323847,pixhawk_fused,True,0.8,0.2,gyro,-1.0,0.2225687950849533,0.13606776297092438,0.013694217564771287
13.512648700037971,10036.621636738,odom,navigating,,0.6851277195331312,0.6455102933264325,0.8061720841057651,1.6818988598749933,-2.385213912651105,1.137636095155755,1.0660753929911875,0.017159270122647285,0.7790491509381856,-0.7790491509381856,0.011146332000862458,pixhawk_fused,True,0.8,0.2,gyro,-1.0,0.19414417445659637,0.23810842633247375,0.014724477207823815
13.512686000089161,10036.742214591,odom,navigating,,0.698404788787698,0.657662143083199,0.8101870257859112,1.690498668971771,-2.369402799344302,1.141651036835901,1.0862398264125221,0.017159270122647285,0.7790491509381856,-0.7790491509381856,0.1317035370011581,pixhawk_fused,True,0.8,0.2,gyro,-1.0,0.15373410284519196,0.20206908881664276,0.015266139314422982
13.85156080010347,10036.861948293,odom,navigating,,0.7090244043478127,0.6677991906436611,0.8401264471945149,1.6972413501831,-2.3563616253952246,1.1715904582445047,1.1049546919657192,-0.016600145027041435,0.8117784232888545,-0.8117784232888545,0.029348570000365726,pixhawk_fused,True,0.8,0.2,gyro,-1.0,0.13939492404460907,0.20357942581176758,0.015400076182608155
13.851672400021926,10036.962848546,odom,navigating,,0.716253053115499,0.6749346079649585,0.8425855197232464,1.7017544589602058,-2.3472622082423706,1.1740495307732361,1.117306782739909,-0.016600145027041435,0.8117784232888545,-0.8117784232888545,0.13031760000012582,pixhawk_fused,True,0.8,0.2,gyro,-1.0,0.09957119822502136,3.515645948937163e-05,0.015322568351881494
13.85173150000628,10037.081390918,odom,navigating,,0.7223218448065429,0.6810495902588083,0.8532946861536321,1.7055029230662637,-2.3395051303203065,1.184758697203622,1.1231203646754253,-0.02952534705400467,0.8237041509989823,-0.8237041509989823,0.09349168500011729,pixhawk_fused,True,0.8,0.2,gyro,-1.0,0.04600796848535538,-0.13438476622104645,0.015168254389044507
14.173442500061356,10037.181543296,odom,navigating,,0.7254069682532611,0.6841958464903302,0.8672347326504213,1.7073962348442229,-2.3355261498645463,1.198698743700411,1.1274920489862579,-0.04564301297068596,0.8400237197820272,-0.8400237197820272,0.09059333199911634,pixhawk_fused,True,0.8,0.2,gyro,-1.0,0.033241186290979385,-0.1008286327123642,0.015062810686187072
14.173530100029893,10037.302468274,odom,navigating,,0.7282123375000701,0.6871056374536165,0.8737305128219817,1.7091019726506602,-2.3318618029109057,1.2051945238719715,1.1496629662199092,-0.04799331724643707,0.8426225324515427,-0.8426225324515427,0.09365209099996719,pixhawk_fused,True,0.8,0.2,gyro,-1.0,0.036255836486816406,0.2042352259159088,0.014931914612781032
14.173586800112389,10037.403567913,odom,navigating,,0.7306158614854894,0.6897044221619114,0.9042688764139946,1.7105289489173807,-2.32862230476416,1.2357328874639844,1.1652422630912274,-0.07713084667921066,0.876879708969983,-0.876879708969983,0.006953538999368902,pixhawk_fused,True,0.8,0.2,gyro,-1.0,0.04402494430541992,0.17019599676132202,0.014743909920799669
14.512155600008555,,mission_status,reached,reached waypoint 1/4,0.7306158614854894,0.6897044221619114,0.9042688764139946,,,,,,,,,,,,,,,,,
14.512230300111696,,mission_status,turning,aligning for waypoint 2/4,0.7306158614854894,0.6897044221619114,0.9042688764139946,,,,,,,,,,,,,,,,,
14.512261500000022,10037.521372948,odom,turning,,0.7339267864198561,0.6934195444755119,0.9235752378804265,1.7124506463351543,-2.32403194129701,1.2550392489304163,1.190373505467088,-0.09685800969600677,0.8947373320851649,-0.8947373320851649,0.013579342999946675,pixhawk_fused,True,0.8,0.2,gyro,-1.0,0.03887292742729187,0.10218963027000427,0.014387972312462523
14.512339500011876,10037.622411459,odom,turning,,0.7352738916317572,0.6949530578464465,0.9182916005514068,1.713225376746356,-2.3221435164240734,1.2497556116013966,1.1638613513001923,-0.09685800969600677,0.8947373320851649,-0.8947373320851649,0.11425732300085656,pixhawk_fused,True,0.8,0.2,gyro,-1.0,0.023085402324795723,-0.30343589186668396,0.014227411875407088
14.512397000100464,10037.742305863,odom,turning,,0.737422060164385,0.6972172509511347,0.9092132665427843,1.7145197827172394,-2.3193034967687836,1.2406772775927741,1.1155290609905895,-0.09258575737476349,0.8954513993859465,-0.8954513993859465,0.05549560799954634,pixhawk_fused,True,0.8,0.2,gyro,-1.0,0.030982868745923042,-0.407240629196167,0.014101320664485445
14.852790500037372,10037.842945251,odom,turning,,0.7397092104274747,0.6994127190654471,0.8258623840149062,1.7159679702312938,-2.316483232686991,1.157326395064896,1.0677461537837445,-0.001022414187900722,0.8032265237868006,-0.8032265237868006,0.002017111000895966,pixhawk_fused,True,0.8,0.2,gyro,-1.0,0.033342260867357254,-0.43825262784957886,0.014121384123741266
14.852937100105919,10037.963468903,odom,turning,,0.7428536360194468,0.7021171902969467,0.813375915886114,1.7180611252316835,-2.31290269095566,1.1448399269361038,1.0052309007081617,-0.001022414187900722,0.8032265237868006,-0.8032265237868006,0.122448672000246,pixhawk_fused,True,0.8,0.2,gyro,-1.0,0.041310492902994156,-0.5429875254631042,0.014374046319698295
14.853012700099498,10038.081204791,odom,turning,,0.7462527213706046,0.7046851941973571,0.7698254486005072,1.7204394883273524,-2.3093683148802913,1.101289459650497,0.9410142834363041,0.03847924619913101,0.7648412994444544,-0.7648412994444544,0.0908057730011933,pixhawk_fused,True,0.8,0.2,gyro,-1.0,0.04130220413208008,-0.5428785681724548,0.014902069401210446
15.173446800094098,10038.182411669,odom,turning,,0.7490105559712212,0.7065299756155338,0.6772410551868004,1.7224468625480829,-2.30672647482019,1.0087050662367902,0.8910113012053998,0.14115825295448303,0.66161783853175,-0.66161783853175,0.08306856399940443,pixhawk_fused,True,0.8,0.2,gyro,-1.0,0.04130842164158821,-0.5429602861404419,0.015501673797393242
15.173572500003502,10038.302549793,odom,turning,,0.7526326108552495,0.7086678232022277,0.6252289486143365,1.725176043038383,-2.3035262798670333,0.9566929596643263,0.8276186369898946,0.1897238940000534,0.6124476687908348,-0.6124476687908348,0.08963012900130707,pixhawk_fused,True,0.8,0.2,gyro,-1.0,0.03849678486585617,-0.5060039758682251,0.016493549316078913
15.173654700047337,10038.402922835,odom,turning,,0.7560640180211733,0.7104232980259002,0.5459893778227034,1.7278493880393773,-2.30074968600034,0.8774533888726932,0.769528391513007,0.2740599513053894,0.5279280265569862,-0.5279280265569862,0.04668247500012512,pixhawk_fused,True,0.8,0.2,gyro,-1.0,0.04359489679336548,-0.5730139017105103,0.014726976611051068
15.514711400028318,10038.522579319,odom,turning,,0.7602783565494048,0.7122513007616156,0.5137706358698981,1.7312394444515131,-2.2976497245885064,0.8452346469198879,0.7002840116030119,0.2967419922351837,0.5049560812115844,-0.5049560812115844,0.11685357200076396,pixhawk_fused,True,0.8,0.2,gyro,-1.0,0.04389019310474396,-0.5768952965736389,0.010476393777712348
15.514819300035015,10038.641677572,odom,turning,,0.7647264088513936,0.7138209492413227,0.4540055272909835,1.7349345685091282,-2.294717997481508,0.7854695383409733,0.6291856686825247,0.35352885723114014,0.44802364379169307,-0.44802364379169307,0.05670871599977545,pixhawk_fused,True,0.8,0.2,gyro,-1.0,0.04173139110207558,-0.5485198497772217,0.006247696436263489
15.514886400080286,10038.742435663,odom,turning,,0.7685166610321876,0.7148863977327966,0.3504919661878731,1.7381717791684164,-2.292477091586699,0.6819559772378629,0.5698518923922993,0.4692729413509369,0.3334734876752075,-0.3334734876752075,0.05297254399920348,pixhawk_fused,True,0.8,0.2,gyro,-1.0,0.043629683554172516,-0.5734711289405823,0.0028391963597118606
15.853553500026464,10038.862449603,odom,turning,,0.7730040153774269,0.7158408063248116,0.33666972910263365,1.7421042820381067,-2.2901143249964226,0.6681337401526235,0.5007066805835403,0.4692729413509369,0.3334734876752075,-0.3334734876752075,0.17338443999869924,pixhawk_fused,True,0.8,0.2,gyro,-1.0,0.04133745655417442,-0.5433419346809387,0.0009763476871175032
15.853671600110829,10038.962703778,odom,turning,,0.7770461165485931,0.7164296518266653,0.2689603818907574,1.7457347325866939,-2.2882421204890946,0.6004243929407472,0.4391451209594523,0.5370608568191528,0.2642272410988983,-0.2642272410988983,0.0754547039996396,pixhawk_fused,True,0.8,0.2,gyro,-1.0,0.04644866660237312,-0.6105239987373352,0.004219328087693322
15.853726500063203,10039.083747736,odom,turning,,0.781789366941489,0.7167994011687124,0.170995979531611,1.7500994666091647,-2.286348912687838,0.5024599905816008,0.36743641622998013,0.6418282389640808,0.15970088225604856,-0.15970088225604856,0.08601041799920495,pixhawk_fused,True,0.8,0.2,gyro,-1.0,0.043894603848457336,-0.5769532322883606,0.00779479602539264
16.192731200018898,10039.202948784,odom,turning,,0.7862604598723779,0.7168346234722592,0.1119561914266089,1.7543157219002978,-2.2848605901665735,0.44342020247659875,0.3000383623584115,0.6994901895523071,0.1027495833039459,-0.1027495833039459,0.09426678499949048,pixhawk_fused,True,0.8,0.2,gyro,-1.0,0.03578575327992439,-0.47037002444267273,0.01094074279281804
16.192810000036843,10039.303575545,odom,turning,,0.7899926985981252,0.7166330393425743,0.10069151261217485,1.7579104044631846,-2.283836627599198,0.4321555236621647,0.2437105377067075,0.6994901895523071,0.1027495833039459,-0.1027495833039459,0.19465551299981598,pixhawk_fused,True,0.8,0.2,gyro,-1.0,0.041426900774240494,-0.5445176362991333,0.01340140407205671
16.19285570003558,10039.422453434,odom,turning,,0.7947487880937858,0.7160700683263975,-0.048031352324731824,1.7625908117548015,-2.282821191121437,0.283432658725258,0.17152120056211675,0.8653181791305542,-0.06509790551660692,0.06509790551660692,0.012983817001440912,pixhawk_fused,True,0.8,0.2,gyro,-1.0,0.04359055310487747,-0.5729568004608154,0.016317894233347043
16.534201000002213,10039.543040476,odom,turning,,0.7991982123492565,0.7152218336970069,-0.06167957388026163,1.767074079218256,-2.2821752878447783,0.2697844371697282,0.10324575014632226,0.8653181791305542,-0.06509790551660692,0.06509790551660692,0.13407501600158866,pixhawk_fused,True,0.8,0.2,gyro,-1.0,0.043697256594896317,-0.5743592977523804,0.01881605605966901
16.534288700087927,10039.662122731,odom,turning,,0.8035883856149457,0.7140691623767051,-0.11908642805077774,1.771600393036594,-2.281836531747651,0.2123775829992121,0.03483297295565934,0.9205038547515869,-0.11975329202411807,0.11975329202411807,0.07415715499882936,pixhawk_fused,True,0.8,0.2,gyro,-1.0,0.04386598616838455,-0.5765770673751831,0.02105484897948733
16.534341700025834,10039.763150077,odom,turning,,0.8071160765160709,0.7129038903708786,-0.21938970616794934,1.7753152726677064,-2.281790366091689,0.11207430488204051,-0.021166784423467477,1.032499074935913,-0.23113012069461977,0.23113012069461977,0.07093560300017998,pixhawk_fused,True,0.8,0.2,gyro,-1.0,0.04103458300232887,-0.5393609404563904,0.022682624801799427
16.874899900052696,10039.8841865,odom,turning,,0.8106902778166687,0.7114897111523072,-0.23097535986496576,1.779155132295365,-2.2819644230918703,0.10048865118502409,-0.07910440975046228,1.032499074935913,-0.23113012069461977,0.23113012069461977,0.1919863589992019,pixhawk_fused,True,0.8,0.2,gyro,-1.0,0.0337313748896122,-0.4433671534061432,0.0241646165533218
16.87498190009501,10040.003340439,odom,turning,,0.8137141192482427,0.7100975819893754,-0.3541455640034258,1.782467414133943,-2.2822967326334354,-0.022681552953435935,-0.12926767780615156,1.1716816425323486,-0.37254097008703385,0.37254097008703385,0.0017071540005417774,pixhawk_fused,True,0.8,0.2,gyro,-1.0,0.02821268141269684,-0.37082913517951965,0.025278259834494016
16.875045799999498,10040.10431449,odom,turning,,0.8160404209603014,0.7088966958610333,-0.3620297907500285,1.7850578897029512,-2.2826752078309624,-0.030565779700038653,-0.16872690000348614,1.1716816425323486,-0.37254097008703385,0.37254097008703385,0.10220943599961174,pixhawk_fused,True,0.8,0.2,gyro,-1.0,0.030971990898251534,-0.4070976674556732,0.026041988766234102
17.1910976000363,10040.221607149,odom,turning,,0.818630954229423,0.7074174956749796,-0.4017831936676625,1.787988784996329,-2.2832308593297492,-0.07031918261767267,-0.2136793072748493,1.210570216178894,-0.4109952285289589,0.4109952285289589,0.042357574000561726,pixhawk_fused,True,0.8,0.2,gyro,-1.0,0.023006271570920944,-0.3023957908153534,0.02679083933775782
17.19120710005518,10040.322289799,odom,turning,,0.8199149664713669,0.7066228291239058,-0.4369613558069749,1.789461511012201,-2.2835644165917457,-0.10549734475698508,-0.23643778757380454,1.2485288381576538,-0.4492764964103524,0.4492764964103524,0.034258981999300886,pixhawk_fused,True,0.8,0.2,gyro,-1.0,0.016742343083024025,-0.22006234526634216,0.02711797514653704
17.191259100101888,10040.422978875,odom,turning,,0.8215425956221976,0.7055574951438226,-0.4797598317369788,1.791347232490869,-2.28404208556357,-0.14829582068698893,-0.2657499227402856,1.301385521888733,-0.49544288009403387,0.49544288009403387,0.008640785999887157,pixhawk_fused,True,0.8,0.2,gyro,-1.0,0.02052854560315609,-0.2698284089565277,0.027491117703969645
17.53353610006161,10040.541933263,odom,turning,,0.8231660082852308,0.7044236763012912,-0.485720272368263,1.7932512538691978,-2.2845858837182584,-0.15425626131827314,-0.29557323564647214,1.301385521888733,-0.49544288009403387,0.49544288009403387,0.12797335299910628,pixhawk_fused,True,0.8,0.2,gyro,-1.0,0.023084253072738647,-0.3034207820892334,0.027812273905100094
17.533634700113907,10040.642493156,odom,turning,,0.8244173888114414,0.7034990487516757,-0.5108214139348518,1.7947354173223578,-2.285052947066416,-0.17935740288486196,-0.31902596646094433,1.326155424118042,-0.5209559291302983,0.5209559291302983,0.05048253499990096,pixhawk_fused,True,0.8,0.2,gyro,-1.0,0.012911472469568253,-0.16970914602279663,0.028023565904263484
17.533689000061713,10040.763109032,odom,turning,,0.8255504468527309,0.702620421431395,-0.5505972189435795,1.7960927291983244,-2.285515019532847,-0.21913320789358964,-0.3406400565321146,1.3695366382598877,-0.56526840515433,0.56526840515433,0.06284840099942812,pixhawk_fused,True,0.8,0.2,gyro,-1.0,0.018137045204639435,-0.2383943796157837,0.028185213100103253
17.892211400088854,10040.882456413,odom,turning,,0.8269207173332221,0.7015051079051561,-0.5559192443675012,1.7977513655584763,-2.286123699149969,-0.22445523331751133,-0.3672666350556708,1.3695366382598877,-0.56526840515433,0.56526840515433,0.1819922119993862,pixhawk_fused,True,0.8,0.2,gyro,-1.0,0.01281819585710764,-0.16848312318325043,0.028342933706651464
17.89231850008946,10041.002757221,odom,turning,,0.8273259493541384,0.7011661710698563,-0.5964263971650138,1.7982448389890981,-2.286312312888517,-0.26496238611502393,-0.3957013946792081,1.410725712776184,-0.6087918557971542,0.6087918557971542,0.10637582299932546,pixhawk_fused,True,0.8,0.2,gyro,-1.0,-0.012856628745794296,-0.5069648027420044,0.02838305738337654
17.89237310003955,10041.121874014,odom,turning,,0.8283746419814377,0.7002072765597833,-0.6136714952645179,1.7995484988865145,-2.28687773819735,-0.28220748421452807,-0.42265605300074033,1.4260482788085938,-0.6236111040562218,0.6236111040562218,0.11146617400117975,pixhawk_fused,True,0.8,0.2,gyro,-1.0,0.012904348783195019,-0.16961552202701569,0.02842833850191022
18.233701800112613,10041.222774401,odom,turning,,0.8287703906940939,0.6998331167129896,-0.6349422955608892,1.800044467757999,-2.287102743781814,-0.30347828451089937,-0.4308652599054246,1.451183557510376,-0.6481450285166328,0.6481450285166328,0.035229168001023936,pixhawk_fused,True,0.8,0.2,gyro,-1.0,0.005129322875291109,-0.0674201175570488,0.028436619157045664
18.233820300083607,10041.342442185,odom,turning,,0.829442945344987,0.6991820332300297,-0.6490943385570653,1.800892293791141,-2.2874995188790015,-0.3176303275070755,-0.44626902537260027,1.4635264873504639,-0.6619844283312385,0.6619844283312385,0.026607919000525726,pixhawk_fused,True,0.8,0.2,gyro,-1.0,0.012911472469568253,-0.16970914602279663,0.028439793798168047
18.23389890010003,10041.463301225,odom,turning,,0.8304542095243346,0.6981680634554853,-0.6680518582969929,1.8021784856025174,-2.2881292017900523,-0.336587847247003,-0.4678449422822163,1.4807212352752686,-0.6802878987714474,0.6802878987714474,0.083700739998676,pixhawk_fused,True,0.8,0.2,gyro,-1.0,0.012938093394041061,-0.17005905508995056,0.028419510224975283
18.552310400060378,10041.563445182,odom,turning,,0.8307365288076964,0.6978764867130065,-0.6737507207813819,1.8025403245276257,-2.28831303260028,-0.342286709731392,-0.4739560751093138,1.4877731800079346,-0.6858837741538708,0.6858837741538708,0.07636791299955803,pixhawk_fused,True,0.8,0.2,gyro,-1.0,0.0,0.0,0.028407759028848407
18.552408800111152,10041.681943784,odom,turning,,0.8309833328028868,0.697618465647903,-0.6922421878109022,1.802857661424014,-2.2884766919301995,-0.36077817676091234,-0.4793424415491393,1.5078771114349365,-0.7076480786278669,0.7076480786278669,0.07260225899881334,pixhawk_fused,True,0.8,0.2,gyro,-1.0,0.005178362596780062,-0.06806470453739166,0.028395248824767537
18.552467900095508,10041.782294422,odom,turning,,0.831442106041562,0.697131566413708,-0.6985220673995701,1.8034499127221222,-2.2887877902244305,-0.3670580563495803,-0.49077127513979696,1.5138676166534424,-0.7126422990001564,0.7126422990001564,0.0029880370002501877,pixhawk_fused,True,0.8,0.2,gyro,-1.0,0.010354640893638134,-0.13610200583934784,0.028366784329426926
18.88181190006435,10041.903078908,odom,turning,,0.8326261514977014,0.6958285307251779,-0.715769807383405,1.8049935508491792,-2.2896345764905464,-0.38430579633341516,-0.5172910702853779,1.5284862518310547,-0.7275741297639733,0.7275741297639733,0.07532557900049142,pixhawk_fused,True,0.8,0.2,gyro,-1.0,0.017949050292372704,-0.23592336475849152,0.028260092521674194
18.881924000103027,10042.022479549,odom,turning,,0.8329204754625414,0.6954932360103411,-0.7302126112109375,1.8053809680431314,-2.289855838913716,-0.39874860016094765,-0.5240201851084815,1.546647548675537,-0.7439436683095818,0.7439436683095818,0.11705031300152768,pixhawk_fused,True,0.8,0.2,gyro,-1.0,0.0,0.0,0.028225413036069118
18.881980500067584,,mission_status,navigating,going to waypoint 2/4,0.8329204754625414,0.6954932360103411,-0.7302126112109375,,,,,,,,,,,,,,,,,
19.235210700077005,10042.123449305,odom,navigating,,0.8329204754625414,0.6954932360103411,-0.7400714650051587,1.8053809680431314,-2.289855838913716,-0.4086074539551689,-0.5240201851084815,1.5562703609466553,-0.7562641100026494,0.7562641100026494,0.03658968000127061,pixhawk_fused,True,0.8,0.2,gyro,-1.0,0.0,0.0,0.028225413036069118
19.235316600068472,10042.241151053,odom,navigating,,0.8329204754625414,0.6954932360103411,-0.7391575099229833,1.8053809680431314,-2.289855838913716,-0.4076934988729935,-0.5240201851084815,1.5558700561523438,-0.7551220069303936,0.7551220069303936,0.04557475599904137,pixhawk_fused,True,0.8,0.2,gyro,-1.0,0.0,0.0,0.028225413036069118
19.23536890000105,10042.362130036,odom,navigating,,0.8337565899707327,0.6945448241926859,-0.7356090630340743,1.806480209743202,-2.2904805309430407,-0.4041450519840844,-0.5062513326790944,1.5558700561523438,-0.7551220069303936,0.7551220069303936,0.16636113200002,pixhawk_fused,True,0.8,0.2,gyro,-1.0,0.012941999360918999,0.10205255448818207,0.02812982621686114
19.235465400037356,10042.463195273,odom,navigating,,0.8359920251787674,0.6921137234473616,-0.7235167142164154,1.8093851108609253,-2.292051826872994,-0.39205270316642554,-0.48460671321367593,1.5484193563461304,-0.7454114303961223,0.7454114303961223,0.07412889800070843,pixhawk_fused,True,0.8,0.2,gyro,-1.0,0.06733904778957367,0.2723410427570343,0.02794915174271705
19.59967210004106,10042.581536824,odom,navigating,,0.8445810372730317,0.683116608310465,-0.7004247381760965,1.8204345070946648,-2.2977640989613857,-0.36896072712610667,-0.4723157587249283,1.5224592685699463,-0.7196262020841069,0.7196262020841069,0.0873926370004483,pixhawk_fused,True,0.8,0.2,gyro,-1.0,0.1517992466688156,0.03381786495447159,0.027501082001640316
19.599775100010447,10042.703707767,odom,navigating,,0.8573424853113025,0.6697787377194848,-0.6964834162949699,1.836841822814276,-2.306223019626117,-0.36501940524498006,-0.4858884772963072,1.5165150165557861,-0.711313851572556,0.711313851572556,0.09366976199999044,pixhawk_fused,True,0.8,0.2,gyro,-1.0,0.18713632225990295,-0.16847480833530426,0.02685678033633721
19.599823600030504,10042.827151649,odom,navigating,,0.872536547153665,0.6530841992640374,-0.7107299937823325,1.8566416903868856,-2.3170642545012163,-0.37926598273234263,-0.5216398342913879,1.526397466659546,-0.7201884969249196,0.7201884969249196,0.039514219000921,pixhawk_fused,True,0.8,0.2,gyro,-1.0,0.22834615409374237,-0.2843426465988159,0.025506613859130365
19.9331661000615,10042.942534809,odom,navigating,,0.8885906385258491,0.6341119314361529,-0.7426999166885614,1.8779960096636248,-2.3297793575108856,-0.41123590563857154,-0.5555829810623232,1.5566684007644653,-0.7516653073206372,0.7516653073206372,0.10875317099998938,pixhawk_fused,True,0.8,0.2,gyro,-1.0,0.2479318231344223,-0.23517334461212158,0.023125602567298127
19.93328990007285,10043.061988894,odom,navigating,,0.9053625090497259,0.6132000921510675,-0.7636524795049009,1.900660227439937,-2.344094869927241,-0.43218846845491105,-0.5692091022415383,1.5787471532821655,-0.7744486196413464,0.7744486196413464,0.07571946200005186,pixhawk_fused,True,0.8,0.2,gyro,-1.0,0.26606979966163635,0.10186125338077545,0.01985662032005102
19.933348100050353,10043.162627881,odom,navigating,,0.9202397303704157,0.5944212902001137,-0.7920942499395647,1.920838778163479,-2.3570100241127463,-0.46063023888957483,-0.5677976372963506,1.6120420694351196,-0.8103446289673275,0.8103446289673275,0.07200588200066704,pixhawk_fused,True,0.8,0.2,gyro,-1.0,0.2796034514904022,0.0,0.016792724592031953
20.270756200072356,10043.28179414,odom,navigating,,0.9382980447989506,0.5718074183785146,-0.7902464956919562,1.945273303278554,-2.3725162777274758,-0.4587824846419663,-0.5589933032786437,1.6111983060836792,-0.8102321816952727,0.8102321816952727,0.07509604900042177,pixhawk_fused,True,0.8,0.2,gyro,-1.0,0.2778770327568054,0.13536645472049713,0.01320279297489396
20.270867200102657,10043.402383891,odom,navigating,,0.9568812960106292,0.5492081765688148,-0.7637639710342621,1.970199430243604,-2.3878378687183566,-0.43229995998427223,-0.5364561024733181,1.5853466987609863,-0.7827655979664824,0.7827655979664824,0.006918742999914684,pixhawk_fused,True,0.8,0.2,gyro,-1.0,0.27940884232521057,0.23585288226604462,0.009989732389363497
20.270923000061885,10043.503156635,odom,navigating,,0.9728316761840098,0.5308585808312607,-0.7570107401433772,1.9912530488963738,-2.3999979440894545,-0.42554672909338737,-0.5026044623894421,1.5853466987609863,-0.7827655979664824,0.7827655979664824,0.10739306699906592,pixhawk_fused,True,0.8,0.2,gyro,-1.0,0.27939489483833313,0.43799057602882385,0.007982240579399127
20.612725400016643,10043.621617888,odom,navigating,,0.9927206006240306,0.5096133581334223,-0.7253980574175739,2.01697314196261,-2.413614317157411,-0.39393404636758406,-0.4659070772907239,1.5543924570083618,-0.7524183963807127,0.7524183963807127,0.11612164799953462,pixhawk_fused,True,0.8,0.2,gyro,-1.0,0.27108651399612427,0.30541521310806274,0.0066501502718489215
20.612840700079687,10043.722775995,odom,navigating,,1.0098612449907363,0.49234762712297114,-0.6988079335770677,2.0387995154692313,-2.4243621809535605,-0.36734392252707787,-0.44951915205471754,1.526389718055725,-0.723288566377928,0.723288566377928,0.037056598001072416,pixhawk_fused,True,0.8,0.2,gyro,-1.0,0.28402388095855713,0.06787688285112381,0.006249612993241274
20.612917500082403,10043.84154652,odom,navigating,,1.030390598401742,0.47218108792190033,-0.674150813940327,2.0647741435034743,-2.4367501732567955,-0.3426868028903372,-0.440363871192396,1.4986193180084229,-0.6947683407934211,0.6947683407934211,0.0018277259987371508,pixhawk_fused,True,0.8,0.2,gyro,-1.0,0.268379807472229,0.10078850388526917,0.006136994085033751
20.951984100043774,10043.941795478,odom,navigating,,1.0474724229576464,0.4555489700650862,-0.6742543570499852,2.0863387036729057,-2.4469180550057454,-0.3427903459999953,-0.44088266382422636,1.4986193180084229,-0.6947683407934211,0.6947683407934211,0.1015408409984957,pixhawk_fused,True,0.8,0.2,gyro,-1.0,0.2760820984840393,-9.017872071126476e-05,0.006149144586530675
20.952067400095984,10044.062910367,odom,navigating,,1.0678417094882693,0.43558574887973983,-0.6731535193161235,2.1120958124452733,-2.459165886713852,-0.3416895082661337,-0.4487867202329914,1.4954968690872192,-0.6914214100511573,0.6914214100511573,0.0713407469993399,pixhawk_fused,True,0.8,0.2,gyro,-1.0,0.27708423137664795,-0.1021125316619873,0.006070402541460365
20.952100100112148,10044.181624709,odom,navigating,,1.088592962955296,0.41483833325419533,-0.6840679089374063,2.1384692951107565,-2.472030924128696,-0.3526038978874165,-0.4610013846373043,1.5070828199386597,-0.7020113654564895,0.7020113654564895,0.08263083699966955,pixhawk_fused,True,0.8,0.2,gyro,-1.0,0.288168340921402,-0.0675429031252861,0.005696688033208612
21.292965300031938,10044.303869856,odom,navigating,,1.1092054041775994,0.3935847014478101,-0.6994074248792952,2.1648762582744827,-2.4854197961713256,-0.36794341382930534,-0.48070809515230467,1.5215377807617188,-0.7162610314916648,0.7162610314916648,0.08988766699985717,pixhawk_fused,True,0.8,0.2,gyro,-1.0,0.2792836129665375,-0.1683908849954605,0.0048635744164447275
21.293082800111733,10044.422445997,odom,navigating,,1.1289856399825093,0.3723955787785754,-0.7291001064701403,2.1904753224588718,-2.4990184931998374,-0.3976360954201505,-0.49908729204113855,1.5544116497039795,-0.7487764398883856,0.7487764398883856,0.013801173001411371,pixhawk_fused,True,0.8,0.2,gyro,-1.0,0.2787759006023407,-0.06785641610622406,0.0034957961810391613
21.293131800019182,10044.52255931,odom,navigating,,1.1451548665213986,0.3545860135183684,-0.7296529927037364,2.211560134122427,-2.510596714943089,-0.39818898165374655,-0.5018567733366329,1.5544116497039795,-0.7487764398883856,0.7487764398883856,0.11431723800160398,pixhawk_fused,True,0.8,0.2,gyro,-1.0,0.27156585454940796,-9.607826359570026e-05,0.002027780590480914
21.634010400041007,10044.641394354,odom,navigating,,1.1646604243418255,0.33331064642494673,-0.7339750602274587,2.2369275382133846,-2.524366349670703,-0.4025110491774689,-0.49100778367074405,1.5608102083206177,-0.756880917554704,0.756880917554704,0.054785033000371186,pixhawk_fused,True,0.8,0.2,gyro,-1.0,0.28133437037467957,0.06714221090078354,0.0004065219239477014
21.63415400008671,10044.742231079,odom,navigating,,1.181233785929393,0.3156382187221487,-0.7218586581133049,2.2583498582536357,-2.5356833819369795,-0.390394647063315,-0.4788388822686649,1.5493626594543457,-0.7447775970604098,0.7447775970604098,0.05240479799977038,pixhawk_fused,True,0.8,0.2,gyro,-1.0,0.2812715768814087,0.1344381719827652,0.0006812095226158477
21.634230900090188,10044.862308637,odom,navigating,,1.201186201148371,0.2948292478360214,-0.7201287004621465,2.283988017678209,-2.5488665880618324,-0.38866468941215665,-0.4701642739064026,1.5493626594543457,-0.7447775970604098,0.7447775970604098,0.17210725199947774,pixhawk_fused,True,0.8,0.2,gyro,-1.0,0.27450844645500183,0.0680784285068512,0.0016565762741070301
21.971192700089887,10044.963778407,odom,navigating,,1.2181384485416653,0.27736884480429796,-0.7134382148924735,2.305699600905141,-2.5598598368761585,-0.38197420384248365,-0.4660825781989014,1.5422981977462769,-0.7374373610187149,0.7374373610187149,0.07754322599976149,pixhawk_fused,True,0.8,0.2,gyro,-1.0,0.2762778103351593,0.03393837809562683,0.0023280188682871287
21.97129340004176,10045.081480175,odom,navigating,,1.2384658982071326,0.25669361138228886,-0.7041908028347601,2.3316488586239457,-2.5727945386817557,-0.37272679178477025,-0.45793434828339036,1.5329843759536743,-0.7279161421079016,0.7279161421079016,0.08208312499846215,pixhawk_fused,True,0.8,0.2,gyro,-1.0,0.270158052444458,0.033907558768987656,0.0029458479215864718
21.97135490004439,10045.203557327,odom,navigating,,1.2590901814380777,0.23605653116537778,-0.6974178713440211,2.3578663762355028,-2.585596566214813,-0.36595386029403126,-0.45178507835706205,1.5256210565567017,-0.7209878452140664,0.7209878452140664,0.09482385499904922,pixhawk_fused,True,0.8,0.2,gyro,-1.0,0.27688682079315186,0.0,0.0033291714982336246
22.33271660003811,10045.322303077,odom,navigating,,1.2795184153415633,0.2156894741060058,-0.6970698662594634,2.383810643072582,-2.5982070686616496,-0.3656058552094736,-0.4557218573253911,1.5248571634292603,-0.719572212791053,0.719572212791053,0.013104853000186267,pixhawk_fused,True,0.8,0.2,gyro,-1.0,0.2916821837425232,-0.10178456455469131,0.0036559643101713203
22.332801300100982,10045.442089808,odom,navigating,,1.300114974425764,0.19479802598121532,-0.7126650114920839,2.4100847240103627,-2.6112586402809885,-0.3812010004420941,-0.4685468549791363,1.5397363901138306,-0.735857629274932,0.735857629274932,0.03364399400015827,pixhawk_fused,True,0.8,0.2,gyro,-1.0,0.2813414931297302,-0.06723576039075851,0.004240796529230538
22.332858700072393,10045.562169682,odom,navigating,,1.3202889347214073,0.17391324766652905,-0.7134624886773444,2.4359570389692307,-2.6244414304990307,-0.38199847762735456,-0.47254465731162537,1.5397363901138306,-0.735857629274932,0.735857629274932,0.15349828000034904,pixhawk_fused,True,0.8,0.2,gyro,-1.0,0.2821923792362213,-0.03402892127633095,0.005115816919841158
22.655035100062378,10045.663141777,odom,navigating,,1.3372581637588585,0.15637310554988854,-0.7199858067038659,2.45771062878402,-2.6355045516575157,-0.38852179565387607,-0.468432422552433,1.5484434366226196,-0.7450303816404019,0.7450303816404019,0.07713236400013557,pixhawk_fused,True,0.8,0.2,gyro,-1.0,0.27956125140190125,0.06804760545492172,0.0058325094133833905
22.655142900068313,10045.763434272,odom,navigating,,1.3548778446863472,0.13832342093537364,-0.7171830680260213,2.4802450836354657,-2.6468378042894005,-0.3857190569760314,-0.4617185414789095,1.546181321144104,-0.7432013514311809,0.7432013514311809,0.07185405399832234,pixhawk_fused,True,0.8,0.2,gyro,-1.0,0.2857597768306732,0.09460253268480301,0.006460094249563311
22.655197100015357,10045.8819876,odom,navigating,,1.375433460594047,0.11746189844355531,-0.7170690255553297,2.5064707114298272,-2.659874403263563,-0.38560501450533985,-0.4611463294604338,1.546181321144104,-0.7432013514311809,0.7432013514311809,0.19061135899937653,pixhawk_fused,True,0.8,0.2,gyro,-1.0,0.28558841347694397,0.03381786495447159,0.007052073567248782
22.992952800006606,10046.003062864,odom,navigating,,1.3950678060754786,0.0974413020686869,-0.7227871932023546,2.5315515557283716,-2.672415657226456,-0.3913231821523648,-0.46788308926418964,1.5528054237365723,-0.7486659760074514,0.7486659760074514,0.0017708380000840407,pixhawk_fused,True,0.8,0.2,gyro,-1.0,0.2538318336009979,-0.03361763805150986,0.007684875602203348
22.993058400112204,10046.103927516,odom,navigating,,1.4090255390218578,0.08297718136724319,-0.7244116072816016,2.549456551872483,-2.681550218504795,-0.39294759623161174,-0.476031303689037,1.5528054237365723,-0.7486659760074514,0.7486659760074514,0.10239490100138937,pixhawk_fused,True,0.8,0.2,gyro,-1.0,0.22302547097206116,-0.03369493409991264,0.00830072662019261
22.993110800045542,10046.222391902,odom,navigating,,1.4228128731071361,0.06851254567628307,-0.7296447425372015,2.5672005920809426,-2.6907407192491415,-0.3981807314872116,-0.4795560761156183,1.558575987815857,-0.7543245789902109,0.7543245789902109,0.04361681199952727,pixhawk_fused,True,0.8,0.2,gyro,-1.0,0.18071061372756958,-0.06780536472797394,0.009035881046130234
23.313794500078075,10046.323094076,odom,navigating,,1.4324730441683713,0.05835087186289567,-0.7337617287574024,2.579641820455918,-2.6972055747110772,-0.40229771770741257,-0.47944925396516447,1.5636452436447144,-0.7594932353803712,0.7594932353803712,0.034984137000719784,pixhawk_fused,True,0.8,0.2,gyro,-1.0,0.14199769496917725,-0.0339350700378418,0.009570268771962077
23.31389620003756,10046.441276023,odom,navigating,,1.442410335366304,0.0479310797918463,-0.734113145355835,2.592429083297204,-2.7038243156928865,-0.4026491343058452,-0.47515389027636096,1.5662180185317993,-0.7610011764522466,0.7610011764522466,0.028469515000324463,pixhawk_fused,True,0.8,0.2,gyro,-1.0,0.13039477169513702,0.10081860423088074,0.010096076311070217
23.313945200061426,10046.542332265,odom,navigating,,1.4494770903630871,0.040583440862908216,-0.7331692552762678,2.601502298320998,-2.708472282253287,-0.4017052442262779,-0.4704160610292889,1.5662180185317993,-0.7610011764522466,0.7610011764522466,0.12896800900125527,pixhawk_fused,True,0.8,0.2,gyro,-1.0,0.11505699902772903,0.03356948122382164,0.010425425653166799
23.652033300022595,10046.662740468,odom,navigating,,1.4564450184470867,0.0334202427586065,-0.7311213925534915,2.6104220437317296,-2.712978008684507,-0.39965738150350166,-0.4634275298670631,1.565081238746643,-0.7601819720770988,0.7601819720770988,0.07147952400009672,pixhawk_fused,True,0.8,0.2,gyro,-1.0,0.07510515302419662,0.03404092788696289,0.010691672320824167
23.65215140010696,10046.762956707,odom,navigating,,1.4601930042026492,0.029599658405543794,-0.7243571683065722,2.615209339073637,-2.7153709285185426,-0.3928931572565823,-0.46397684806466677,1.5564175844192505,-0.7515987847726616,0.7515987847726616,0.06307458499941276,pixhawk_fused,True,0.8,0.2,gyro,-1.0,0.051792748272418976,-1.715683174552396e-05,0.010811656393504817
23.652229700004682,10046.881354854,odom,navigating,,1.4631586771769516,0.026586031551292855,-0.7232492644335798,2.6189942990023134,-2.717255402276779,-0.39178525338359,-0.45841500246055283,1.5564175844192505,-0.7515987847726616,0.7515987847726616,0.18229647599946475,pixhawk_fused,True,0.8,0.2,gyro,-1.0,0.038593798875808716,0.10144365578889847,0.010899799426767498
23.97401110001374,,mission_status,reached,reached waypoint 2/4,1.4631586771769516,0.026586031551292855,-0.7232492644335798,,,,,,,,,,,,,,,,,
23.97405380010605,,mission_status,turning,aligning for waypoint 3/4,1.4631586771769516,0.026586031551292855,-0.7232492644335798,,,,,,,,,,,,,,,,,
23.97407800005749,10046.981685183,odom,turning,,1.4641583718960718,0.02557934240774168,-0.7217124216628438,2.620267181795755,-2.7178819658867512,-0.3902484106128539,-0.4630384360559199,1.551956295967102,-0.7485294671160925,0.7485294671160925,0.0863470669992239,pixhawk_fused,True,0.8,0.2,gyro,-1.0,0.01282075047492981,-0.16851669549942017,0.010922944424376897
23.97413740004413,10047.08284522,odom,turning,,1.4655993150994364,0.024075730881096824,-0.7279904278375345,2.6221190068693696,-2.7188348083895364,-0.3965264167875447,-0.49442576151294365,1.554579496383667,-0.7485525300949636,0.7485525300949636,0.0736193180000555,pixhawk_fused,True,0.8,0.2,gyro,-1.0,0.03356477618217468,-0.4411773979663849,0.010993963577839301
23.97418130002916,10047.202743136,odom,turning,,1.4681929309156463,0.021119775898493898,-0.7656458056117083,2.625533393829918,-2.720785827237448,-0.4341817945617184,-0.5537137671368944,1.5897479057312012,-0.7808100907951417,0.7808100907951417,0.01560884399987117,pixhawk_fused,True,0.8,0.2,gyro,-1.0,0.038468003273010254,-0.5056256651878357,0.011300494281096798
24.292766600032337,10047.30335311,odom,turning,,1.4701946989894965,0.018572701729871965,-0.7754054026019784,2.6282550879976294,-2.722542825558276,-0.4439413915519886,-0.6025342813128028,1.5897479057312012,-0.7808100907951417,0.7808100907951417,0.11623940999925253,pixhawk_fused,True,0.8,0.2,gyro,-1.0,0.038829904049634933,-0.5103825330734253,0.011727314039605294
24.292879300075583,10047.403854585,odom,turning,,1.4721911182626901,0.0157525626927435,-0.884296129009797,2.6310605873876507,-2.724559765635647,-0.5528321179598072,-0.6546201592458278,1.7126624584197998,-0.9038884483128611,0.9038884483128611,0.025051616001292132,pixhawk_fused,True,0.8,0.2,gyro,-1.0,0.04389239847660065,-0.5769242644309998,0.01235341420382472
24.292927300091833,10047.522202475,odom,turning,,1.4744635835649094,0.012110128678718357,-0.9125330425164815,2.6343947043337783,-2.7272644076241295,-0.5810690314664917,-0.7193250392386382,1.7327978610992432,-0.9230205128937784,0.9230205128937784,0.03590173100019456,pixhawk_fused,True,0.8,0.2,gyro,-1.0,0.04104071855545044,-0.5394415855407715,0.013375701803165002
24.63524500001222,10047.623224089,odom,turning,,1.4762061040159855,0.008905633616892894,-1.006102710712556,2.637085205490705,-2.729727407755729,-0.6746386996625662,-0.7743024837981289,1.8371084928512573,-1.026224819913489,1.026224819913489,0.02194032100123877,pixhawk_fused,True,0.8,0.2,gyro,-1.0,0.041310492902994156,-0.5429875254631042,0.0144542625191395
24.63535520003643,10047.74243426,odom,turning,,1.4780818949792398,0.004892133703101875,-1.019448506230574,2.6401649954222304,-2.732912006203493,-0.6879844951805842,-0.8410901821828448,1.8371084928512573,-1.026224819913489,1.026224819913489,0.14136419100032072,pixhawk_fused,True,0.8,0.2,gyro,-1.0,0.04103458300232887,-0.5393609404563904,0.016019147487585754
24.635425400105305,10047.86370717,odom,turning,,1.479714230108014,0.0006824579206803905,-1.1263524014472026,2.6430784226295683,-2.7363613293361206,-0.7948883903972128,-0.9091367794160882,1.9538516998291016,-1.1428356816917482,1.1428356816917482,0.03622666999945068,pixhawk_fused,True,0.8,0.2,gyro,-1.0,0.043086450546979904,-0.5663308501243591,0.01250180302091812
24.970538800000213,10047.982888174,odom,turning,,1.4811024999978313,-0.0037929000873176966,-1.1752598034247497,2.6458475301736732,-2.7401412983830715,-0.8437957923747599,-0.9797620531691081,1.9984015226364136,-1.1863193785697046,1.1863193785697046,0.07423777100120788,pixhawk_fused,True,0.8,0.2,gyro,-1.0,0.046288490295410156,-0.6084186434745789,0.008016138528189356
24.97066920006182,10048.102180695,odom,turning,,1.4821682358132717,-0.008338911995893039,-1.2357667767446554,2.64833465290028,-2.744093036942746,-0.9043027656946656,-1.0501355951210705,2.0561115741729736,-1.2443608576208178,1.2443608576208178,0.014616065000154776,pixhawk_fused,True,0.8,0.2,gyro,-1.0,0.04648829996585846,-0.6110449433326721,0.0036524590159947245
24.97072000009939,10048.202695319,odom,turning,,1.4828101748584603,-0.01217562262517119,-1.3380931879638605,2.650190221135189,-2.7475119988782097,-1.0066291769138707,-1.1087675421509051,2.1698074340820312,-1.35759812922774,1.35759812922774,0.007587583000713494,pixhawk_fused,True,0.8,0.2,gyro,-1.0,0.04360359162092209,-0.5731281638145447,0.00011377122347216881
25.33325310004875,10048.323118579,odom,turning,,1.483266269919222,-0.016600889132837915,-1.3514934889266352,2.652061593828896,-2.7515479585670044,-1.0200294778766454,-1.175822259603044,2.1698074340820312,-1.35759812922774,1.35759812922774,0.12709054600054515,pixhawk_fused,True,0.8,0.2,gyro,-1.0,0.043631862848997116,-0.5734997391700745,0.0038086123634060707
25.333362700068392,10048.442736632,odom,turning,,1.483425242255723,-0.021182088900842833,-1.4355920165046727,2.653702762103008,-2.7558280555535446,-1.104128005454683,-1.2449064674799728,2.2566747665405273,-1.4454491907507006,1.4454491907507006,0.05461076000028697,pixhawk_fused,True,0.8,0.2,gyro,-1.0,0.04389680549502373,-0.5769822001457214,0.007693903158673564
25.333435200038366,10048.562574959,odom,turning,,1.4832476799973933,-0.02607016146473845,-1.5123756486221378,2.6551255793016235,-2.7605078389849456,-1.180911637572148,-1.318636852797187,2.3346846103668213,-1.522995744004828,1.522995744004828,0.06885179699929722,pixhawk_fused,True,0.8,0.2,gyro,-1.0,0.048718854784965515,-0.6403634548187256,0.0116451201776208
25.67473000008613,10048.683986312,odom,turning,,1.4826853242811875,-0.031108186104349345,-1.5741293029637713,2.656233347091309,-2.7654546345886684,-1.2426652919137815,-1.3950453036265569,2.392970323562622,-1.5810870030075137,1.5810870030075137,0.07431293700028618,pixhawk_fused,True,0.8,0.2,gyro,-1.0,0.05127278342843056,-0.6739324927330017,0.015505215530850791
25.674837000085972,10048.802992173,odom,turning,,1.4818089851825382,-0.035776659443241765,-1.6345142736075902,2.656923960350093,-2.770154173593567,-1.3030502625576004,-1.466639577590972,2.4509894847869873,-1.6386699299961154,1.6386699299961154,0.01613133399951039,pixhawk_fused,True,0.8,0.2,gyro,-1.0,0.048855192959308624,-0.6421555280685425,0.01888332665904086
25.674891600036062,10048.90376357,odom,turning,,1.480815596570838,-0.03964522936617032,-1.698777001926338,2.657243584733939,-2.7741354415367847,-1.3673129908763482,-1.526827804109993,2.516937732696533,-1.7039512281566684,1.7039512281566684,0.07250845199996547,pixhawk_fused,True,0.8,0.2,gyro,-1.0,0.04644167795777321,-0.6104321479797363,0.02153306407435194
26.013693000073545,10049.021824189,odom,turning,,1.4794079140920773,-0.04395203610999049,-1.7490166620902718,2.6573140809383133,-2.7786659144232275,-1.417552651040282,-1.5951108487740953,2.562880516052246,-1.7496801291853015,1.7496801291853015,0.03503178499886417,pixhawk_fused,True,0.8,0.2,gyro,-1.0,0.046297743916511536,-0.6085402369499207,0.02431406065746122
26.013755900086835,10049.124264334,odom,turning,,1.4780374878830058,-0.04740230317853639,-1.845857773004532,2.6571410637051582,-2.7823743474987777,-1.5143937619545422,-1.651064790608064,2.670372247695923,-1.8567412629872384,1.8567412629872384,0.03584864000004018,pixhawk_fused,True,0.8,0.2,gyro,-1.0,0.043026402592659,-0.5655415654182434,0.026406121144731842
26.013786900090054,10049.241956367,odom,turning,,1.4761227840358064,-0.05147039473032072,-1.9028896443415069,2.656654452736909,-2.786844097990892,-1.571425633291517,-1.718836806499922,2.7242469787597656,-1.9110892610698762,1.9110892610698762,0.03289430599943444,pixhawk_fused,True,0.8,0.2,gyro,-1.0,0.0437212772667408,-0.5746750235557556,0.02870550336734745
26.353331600083038,10049.34323472,odom,turning,,1.4743545820180413,-0.054694253392300496,-1.9139729166530268,2.656031632288231,-2.7904678940305114,-1.582508905603037,-1.7742567239884115,2.7242469787597656,-1.9110892610698762,1.9110892610698762,0.13400325499969767,pixhawk_fused,True,0.8,0.2,gyro,-1.0,0.04370816797018051,-0.57450270652771,0.030387296411684053
26.353425500099547,10049.462733591,odom,turning,,1.472209429975113,-0.0581136488295258,-1.9935275260577106,2.655116013444983,-2.7943992531564734,-1.6620635150077208,-1.8350934470294655,2.8098342418670654,-1.995323053851706,1.995323053851706,0.07041489800030831,pixhawk_fused,True,0.8,0.2,gyro,-1.0,0.03859109804034233,-0.5072436332702637,0.0320201327671499
26.35346190002747,10049.582606844,odom,turning,,1.4700616981836305,-0.06112837489581435,-2.0587830047194995,2.6540662646553583,-2.797948809830424,-1.7273189936695097,-1.8908871774890414,2.876675605773926,-2.0629439437240187,2.0629439437240187,0.08148153000001912,pixhawk_fused,True,0.8,0.2,gyro,-1.0,0.0335715152323246,-0.4412659704685211,0.03331618729246197
26.692272000014782,10049.703033902,odom,turning,,1.4676909694375224,-0.06408812653693963,-2.1068982586055225,2.6527877671199755,-2.801518953891493,-1.7754342475555327,-1.9480467209906158,2.922309398651123,-2.108798151031119,2.108798151031119,0.02459008799996809,pixhawk_fused,True,0.8,0.2,gyro,-1.0,0.03322962671518326,-0.4367721676826477,0.03444186674043859
26.69238060002681,10049.803107129,odom,turning,,1.4659517645199631,-0.06605322000640651,-2.1520836421424185,2.6517827283124764,-2.8039430667363137,-1.8206196310924287,-1.9875974251988695,2.968963623046875,-2.1553921985775055,2.1553921985775055,0.010811486999955378,pixhawk_fused,True,0.8,0.2,gyro,-1.0,0.02847812883555889,-0.3743181824684143,0.035096788035357714
26.69244830007665,10049.921267709,odom,turning,,1.4639738196925776,-0.06810812941738692,-2.1980742815486405,2.6505811735370304,-2.806529799144028,-1.8666102704986507,-2.031870877759293,3.0163235664367676,-2.2018121270090165,2.2018121270090165,0.08457165800064104,pixhawk_fused,True,0.8,0.2,gyro,-1.0,0.020519336685538292,-0.2697073519229889,0.03569250596578959
27.03443550004158,10050.022503637,odom,turning,,1.4625968615961031,-0.06943475600525661,-2.228019244564032,2.649710888536123,-2.808232313672684,-1.896555233514042,-2.0606718471045946,3.0470006465911865,-2.2320430807024065,2.2320430807024065,0.03412224699968647,pixhawk_fused,True,0.8,0.2,gyro,-1.0,0.023300286382436752,-0.3062603175640106,0.03602111061917786
27.0345356001053,10050.142656477,odom,turning,,1.4615284613574109,-0.07040991327495388,-2.274102647787961,2.649017987789881,-2.8095020771650474,-1.9426386367379713,-2.083888020373598,3.097940444946289,-2.2838421455770557,2.2838421455770557,0.04586775399911858,pixhawk_fused,True,0.8,0.2,gyro,-1.0,0.012823945842683315,-0.16855870187282562,0.036231173617048036
27.034595900098793,10050.2624779,odom,turning,,1.4599001009240988,-0.07181649977053967,-2.296367976580106,2.647936006222445,-2.811362012421466,-1.9649039655301164,-2.11766337787695,3.118246078491211,-2.303230843737704,2.303230843737704,0.05208593799943628,pixhawk_fused,True,0.8,0.2,gyro,-1.0,0.01794457994401455,-0.23586460947990417,0.03648531988226988
27.352973800036125,10050.36268581,odom,turning,,1.4589269683086645,-0.072611337571028,-2.3001564955986114,2.6472745064403935,-2.8124302690641567,-1.9686924845486216,-2.1366071221300036,3.118246078491211,-2.303230843737704,2.303230843737704,0.15269152600012603,pixhawk_fused,True,0.8,0.2,gyro,-1.0,0.015386434271931648,-0.2022401988506317,0.03659928201833545
27.353064800030552,10050.463399951,odom,turning,,1.457653709601597,-0.0736072591494325,-2.3375150778583693,2.6463946555828457,-2.813786333219692,-2.0060510668083795,-2.1609677567964467,-3.1197924613952637,-2.3438387116789645,2.3438387116789645,0.06104334799965727,pixhawk_fused,True,0.8,0.2,gyro,-1.0,0.017953524366021156,-0.23598217964172363,0.03671188520441515
27.353104900103062,10050.582213707,odom,turning,,1.4567219855832687,-0.07430286711224543,-2.3605285157742575,2.645740018263167,-2.814747285905282,-2.0290645047242677,-2.181323057587794,-3.0959267616271973,-2.367516574859602,2.367516574859602,0.0025140470006590476,pixhawk_fused,True,0.8,0.2,gyro,-1.0,0.007694239728152752,-0.16856037080287933,0.036766796301638024
27.694679200067185,10050.682845516,odom,turning,,1.4565502569062954,-0.07442674196647875,-2.3687145355955854,2.645617949614294,-2.814920303138437,-2.0372505245455956,-2.222254732549153,-3.0959267616271973,-2.367516574859602,2.367516574859602,0.10270606799895177,pixhawk_fused,True,0.8,0.2,gyro,-1.0,0.0025880078319460154,-0.5104458332061768,0.03677332515592641
27.694786500069313,10050.804102283,odom,turning,,1.4566577931783953,-0.07435774816174784,-2.4221333780156002,2.6456971798616884,-2.814820069597114,-2.0906693669656105,-2.2732267199602427,-3.03844952583313,-2.4215470929592673,2.4215470929592673,0.0017323570009466494,pixhawk_fused,True,0.8,0.2,gyro,-1.0,-0.002399160759523511,-0.34679362177848816,0.03677634386662354
27.69484360003844,10050.92275543,odom,turning,,1.4556819050814365,-0.07490818112643488,-2.4675805281845484,2.644953538484569,-2.8156581218202095,-2.1361165171345586,-2.3105878864613665,-2.9925906658172607,-2.4690156970470967,2.4690156970470967,0.035181449999072356,pixhawk_fused,True,0.8,0.2,gyro,-1.0,0.02051115594804287,-0.2695998251438141,0.03668623241300809
28.02327820006758,10051.041626165,odom,turning,,1.4552085452560255,-0.07516466508215602,-2.5080839031764612,2.6445894120720035,-2.816054688963992,-2.1766198921264714,-2.3253507302497187,-2.945812463760376,-2.515953694328648,2.515953694328648,0.04586164300053497,pixhawk_fused,True,0.8,0.2,gyro,-1.0,0.0,0.0,0.03663381689108289
28.023380000027828,10051.142406139,odom,turning,,1.4552464217002894,-0.07514471200828021,-2.5099107201573623,2.6446187335021416,-2.816023495953207,-2.1784467091073725,-2.3247022035946663,-2.9438633918762207,-2.5183991688601495,2.5183991688601495,0.03372527299870853,pixhawk_fused,True,0.8,0.2,gyro,-1.0,0.0,0.0,0.03663848315113862
28.023427200037986,,mission_status,navigating,going to waypoint 3/4,1.4552464217002894,-0.07514471200828021,-2.5099107201573623,,,,,,,,,,,,,,,,,
28.37443710002117,10051.263998993,odom,navigating,,1.4552464217002894,-0.07514471200828021,-2.5099107201573623,2.6446187335021416,-2.816023495953207,-2.1784467091073725,-2.3247022035946663,-2.9438633918762207,-2.5183991688601495,2.5183991688601495,0.15541532899987942,pixhawk_fused,True,0.8,0.2,gyro,-1.0,0.0,0.0,0.03663848315113862
28.374548400053754,10051.381281778,odom,navigating,,1.4552464217002894,-0.07514471200828021,-2.509468274102842,2.6446187335021416,-2.816023495953207,-2.178004263052852,-2.3247022035946663,-2.943702220916748,-2.517846145812404,2.517846145812404,0.01366282399976626,pixhawk_fused,True,0.8,0.2,gyro,-1.0,0.0,0.0,0.03663848315113862
28.374651100020856,10051.482454264,odom,navigating,,1.4551292210203195,-0.07520664097847352,-2.50906991736551,2.6445280658174593,-2.816120194286641,-2.17760590631552,-2.3227033720890513,-2.9437363147735596,-2.5178477771915313,2.5178477771915313,0.07316638599877479,pixhawk_fused,True,0.8,0.2,gyro,-1.0,0.005146509036421776,0.06764601916074753,0.03662420050151594
28.374701000051573,10051.602779048,odom,navigating,,1.4520143657899245,-0.07691491433068609,-2.5040661433330165,2.642138681191313,-2.818749141235618,-2.1726021322830267,-2.298022212883458,-2.943817615509033,-2.5177601148476643,2.5177601148476643,0.016872988000613987,pixhawk_fused,True,0.8,0.2,gyro,-1.0,0.06410375237464905,0.16851669549942017,0.03629630178331043
28.71417840011418,10051.703722131,odom,navigating,,1.4445605025894175,-0.08111952007876494,-2.4862067624192825,2.636458849834138,-2.825150570908957,-2.1547427513692927,-2.2967557910552348,-2.9640729427337646,-2.495755430257861,2.495755430257861,0.0128335249992233,pixhawk_fused,True,0.8,0.2,gyro,-1.0,0.1231774091720581,-0.06746047735214233,0.03560834419965424
28.714289200026542,10051.821957621,odom,navigating,,1.4297682292555427,-0.08938944746683858,-2.4887726748159458,2.6251630288151953,-2.8377841561837744,-2.157308663765956,-2.309588435185748,-2.9640729427337646,-2.495755430257861,2.495755430257861,0.13144376700074645,pixhawk_fused,True,0.8,0.2,gyro,-1.0,0.18472005426883698,-0.20233094692230225,0.03418163150582379
28.714344200096093,10051.942082502,odom,navigating,,1.410984918001797,-0.09933506764686412,-2.504124653475489,2.610638731179984,-2.8533010154221707,-2.172660642425499,-2.3414563766986203,-2.954145908355713,-2.506978729038481,2.506978729038481,0.055598725000891136,pixhawk_fused,True,0.8,0.2,gyro,-1.0,0.21792016923427582,-0.30328476428985596,0.03190959079858782
29.051395200076513,10052.063876556,odom,navigating,,1.3888796127972682,-0.11020863518213908,-2.5412283471745,2.593275245703104,-2.8707763798310673,-2.2097643361245103,-2.365504200417999,-2.913564443588257,-2.54734621514285,2.54734621514285,0.06307384799947613,pixhawk_fused,True,0.8,0.2,gyro,-1.0,0.2360312044620514,-0.12662886083126068,0.02854707475881046
29.05149550002534,10052.181820977,odom,navigating,,1.3648926497124703,-0.12160614680293769,-2.5560035483006764,2.574303032683328,-2.8893595120296487,-2.2245395372506866,-2.364932089650582,-2.896547794342041,-2.5659571545263566,2.5659571545263566,0.003986704999988433,pixhawk_fused,True,0.8,0.2,gyro,-1.0,0.26244574785232544,0.0,0.02456550501847997
29.051545300055295,10052.282379457,odom,navigating,,1.3438201119122724,-0.13174036854144688,-2.554530212522605,2.5576754943075732,-2.905799684387287,-2.2230662014726152,-2.357562048688766,-2.896547794342041,-2.5659571545263566,2.5659571545263566,0.10402256499946816,pixhawk_fused,True,0.8,0.2,gyro,-1.0,0.270076721906662,0.10133715718984604,0.021168391187676217
29.41245910001453,10052.403143568,odom,navigating,,1.3184574076315048,-0.1441970574272281,-2.5474316564511725,2.537747111530529,-2.925832043866949,-2.2159676454011827,-2.3438520319433596,-2.9022631645202637,-2.5605101527897456,2.5605101527897456,0.031218115998854046,pixhawk_fused,True,0.8,0.2,gyro,-1.0,0.26922234892845154,0.23591162264347076,0.01729447969230988
29.412560400087386,10052.522107026,odom,navigating,,1.2930213801980657,-0.1572220877392006,-2.540672222885271,2.517934350846794,-2.9464256695873394,-2.209208211835281,-2.3223600439813787,-2.9070186614990234,-2.5574292014268973,2.5574292014268973,0.10897651199957181,pixhawk_fused,True,0.8,0.2,gyro,-1.0,0.27535203099250793,0.3044222891330719,0.013850494782490494
29.41261030000169,10052.64207006,odom,navigating,,1.2670259302171254,-0.17142207738018947,-2.5217880554321046,2.4979749830123694,-2.9683123495814794,-2.190324044382115,-2.290385291395834,-2.9231648445129395,-2.5418110431311467,2.5418110431311467,0.05155731900049432,pixhawk_fused,True,0.8,0.2,gyro,-1.0,0.2795202136039734,0.30336037278175354,0.011067036062357831
29.736448700074106,10052.743033477,odom,navigating,,1.2459700184150702,-0.18380525181820656,-2.475579539263753,2.4820950371284334,-2.986873646672511,-2.144115528213763,-2.2620572989104235,-2.9738125801086426,-2.491140840697084,2.491140840697084,0.04370294299951638,pixhawk_fused,True,0.8,0.2,gyro,-1.0,0.287141889333725,0.2695864737033844,0.009542870726116738
29.736558100092225,10052.862643887,odom,navigating,,1.2216319649092566,-0.19902561913666944,-2.4716622347632384,2.464034907744017,-3.0091857993337614,-2.1401982237132486,-2.2424421733537696,-2.9738125801086426,-2.491140840697084,2.491140840697084,0.16324820599947998,pixhawk_fused,True,0.8,0.2,gyro,-1.0,0.27625006437301636,0.03393501043319702,0.008532673560921264
29.736613200046122,10052.963128942,odom,navigating,,1.2014127024112784,-0.21188917002691066,-2.4487221850282075,2.4491023975743302,-3.0279290556543734,-2.1172581739782177,-2.243746814232399,-3.0000739097595215,-2.4621492853490454,2.4621492853490454,0.06819864499993855,pixhawk_fused,True,0.8,0.2,gyro,-1.0,0.2762778103351593,0.03393837809562683,0.007874884831782478
30.0526687001111,10053.063864159,odom,navigating,,1.1810197673299316,-0.22473143630751286,-2.4520270026071422,2.4339987417521356,-3.046708703820902,-2.1205629915571524,-2.251315124395667,-2.997422456741333,-2.464389182823692,2.464389182823692,0.053429802999744425,pixhawk_fused,True,0.8,0.2,gyro,-1.0,0.27885982394218445,0.0,0.007102247416168792
30.05279100011103,10053.181186204,odom,navigating,,1.1565263399257155,-0.23988821338730537,-2.4536679452218126,2.4157710019231,-3.069011290625511,-2.122203934171823,-2.2595243513051306,-2.997422456741333,-2.464389182823692,2.464389182823692,0.1717874580008356,pixhawk_fused,True,0.8,0.2,gyro,-1.0,0.27788370847702026,0.0,0.005952386535240949
30.052845900063403,10053.281616706,odom,navigating,,1.1360014966513867,-0.2524447043900373,-2.4590841082691255,2.400449618885624,-3.087563645720118,-2.1276200972191357,-2.2635756050356886,-2.991389036178589,-2.4701463699964625,2.4701463699964625,0.09556436799903167,pixhawk_fused,True,0.8,0.2,gyro,-1.0,0.2778976261615753,-0.06764259189367294,0.004869101653902582
30.35371770011261,10053.381640567,odom,navigating,,1.115109590454197,-0.2650996293965331,-2.4775529810717205,2.384813186439218,-3.1063285291948746,-2.1460889700217307,-2.2717466461911386,-2.970749855041504,-2.4911876145181995,2.4911876145181995,0.003789782998865121,pixhawk_fused,True,0.8,0.2,gyro,-1.0,0.2881825268268585,-0.2028280794620514,0.003661927977663721
30.353817000053823,10053.481826888,odom,navigating,,1.0942280091511927,-0.27743635817953705,-2.4798966840186987,2.369082967007051,-3.124789176837773,-2.148432672968709,-2.283472925270311,-2.970749855041504,-2.4911876145181995,2.4911876145181995,0.10421500699885655,pixhawk_fused,True,0.8,0.2,gyro,-1.0,0.2749532461166382,-0.1688784956932068,0.0021968534671688708
30.35386560007464,10053.582340036,odom,navigating,,1.0732637887874303,-0.28958761963547147,-2.4838917197549293,2.3532142506069977,-3.143101345749334,-2.1524277087049395,-2.2855940260411867,-2.965324878692627,-2.4956508138952596,2.4956508138952596,0.09563440400052059,pixhawk_fused,True,0.8,0.2,gyro,-1.0,0.2830580174922943,0.0,0.0005318314925861717
30.67534100008197,10053.702384162,odom,navigating,,1.0477645893630274,-0.304403966784297,-2.4926398986405545,2.333924700690834,-3.1654093393424794,-2.1611758875905647,-2.280123723328727,-2.9540297985076904,-2.5079500254774283,2.5079500254774283,0.10150498199982394,pixhawk_fused,True,0.8,0.2,gyro,-1.0,0.27692821621894836,0.06740660220384598,0.0014631003642678463
30.67545280000195,10053.80294905,odom,navigating,,1.0265619825006431,-0.31695393991647863,-2.4871963056334248,2.3179603257243726,-3.184176094397883,-2.155732294583435,-2.2686261583485368,-2.957726001739502,-2.5040176701331327,2.5040176701331327,0.024924138000642415,pixhawk_fused,True,0.8,0.2,gyro,-1.0,0.2921142876148224,0.1018391028046608,0.00293115488760461
30.675505400053225,10053.903955541,odom,navigating,,1.0059661136579072,-0.329463114499807,-2.47949237768908,2.302556385185019,-3.2027068223383455,-2.1480283666390902,-2.259219169075431,-2.9649951457977295,-2.4967387833976935,2.4967387833976935,0.07799279999926512,pixhawk_fused,True,0.8,0.2,gyro,-1.0,0.2791875898838043,0.06923883408308029,0.004093405068564136
31.014540200005285,10054.02191876,odom,navigating,,0.9811660320502625,-0.3447415351069558,-2.474616469101222,2.2840782694560806,-3.225224225010562,-2.1431524580512322,-2.2545423711564663,-2.969067335128784,-2.4918131839232336,2.4918131839232336,0.11157892799928959,pixhawk_fused,True,0.8,0.2,gyro,-1.0,0.2762362062931061,0.10179997235536575,0.005314108764325978
31.01463250000961,10054.142312509,odom,navigating,,0.9560744106457296,-0.36031878205588885,-2.4719904045219385,2.265421729705451,-3.2481190631132795,-2.1405263934719487,-2.2525205337539775,-2.9714579582214355,-2.4890363224418652,2.4890363224418652,0.05727906700121821,pixhawk_fused,True,0.8,0.2,gyro,-1.0,0.27939489483833313,0.033691562712192535,0.006450368906855951
31.014664700021967,10054.243130135,odom,navigating,,0.9353113376317129,-0.3733323186978001,-2.464436025480985,2.2500238198148494,-3.2671811120041165,-2.132972014430995,-2.2457227474474326,-2.9803404808044434,-2.481293113379721,2.481293113379721,0.04828521300078137,pixhawk_fused,True,0.8,0.2,gyro,-1.0,0.2819513976573944,0.13485535979270935,0.007288258918372698
31.33431260008365,10054.362185131,odom,navigating,,0.9101233425401878,-0.38940685561409694,-2.463198803900513,2.2314379842219996,-3.2905775337202603,-2.1317347928505233,-2.239527700438507,-2.9803404808044434,-2.481293113379721,2.481293113379721,0.16736043099990638,pixhawk_fused,True,0.8,0.2,gyro,-1.0,0.29176998138427734,-0.03393837809562683,0.00806637297969231
31.33441740006674,10054.46239999,odom,navigating,,0.8896340118316572,-0.4025387955116772,-2.4617494368135038,2.2163374477008833,-3.3096624574856732,-2.130285425763514,-2.243494984212568,-2.984006643295288,-2.4784920074036165,2.4784920074036165,0.07457475200135377,pixhawk_fused,True,0.8,0.2,gyro,-1.0,0.2788386940956116,-0.06777984648942947,0.008652922284810625
31.33447950007394,10054.563165653,odom,navigating,,0.8699129818596072,-0.4149413157573888,-2.471014750917684,2.2017260175888786,-3.3278076398128307,-2.139550739867694,-2.254954240948547,-2.9736852645874023,-2.4872096999352618,2.4872096999352618,0.06967224899926805,pixhawk_fused,True,0.8,0.2,gyro,-1.0,0.25817760825157166,-0.13574004173278809,0.009413875303676426
31.676947600091808,10054.682127577,odom,navigating,,0.8479272093450206,-0.42845113183082106,-2.480251887483209,2.185333466561039,-3.347736854403496,-2.1487878764332193,-2.2674360492339405,-2.966651678085327,-2.4956368296211404,2.4956368296211404,0.07365736100109643,pixhawk_fused,True,0.8,0.2,gyro,-1.0,0.22457805275917053,-0.16590729355812073,0.010524901393650749
31.677035200060345,10054.782363269,odom,navigating,,0.832353159060597,-0.43778166570423604,-2.4817732348581503,2.173643573839177,-3.3616277259663625,-2.1503092238081605,-2.2750501021982275,-2.966651678085327,-2.4956368296211404,2.4956368296211404,0.17333360000156972,pixhawk_fused,True,0.8,0.2,gyro,-1.0,0.19815051555633545,-0.10147405415773392,0.011510308501341581
31.677089300006628,10054.903848481,odom,navigating,,0.81714907889474,-0.4467957212412632,-2.4959967060062405,2.162200521809328,-3.3750989475574653,-2.1645326949562507,-2.27484420414036,-2.9478628635406494,-2.513462544984166,2.513462544984166,0.07313657400118245,pixhawk_fused,True,0.8,0.2,gyro,-1.0,0.16902391612529755,-0.034123193472623825,0.012550886611485701
32.0139508000575,10055.003953156,odom,navigating,,0.8063422861034876,-0.4532444324543988,-2.4968145570721725,2.1540805651951294,-3.3847134652950857,-2.1653505460221827,-2.2686720234462667,-2.946042060852051,-2.5160243908380906,2.5160243908380906,0.01684128499982762,pixhawk_fused,True,0.8,0.2,gyro,-1.0,0.13589045405387878,0.03133595734834671,0.013255972990567801
32.01403600000776,10055.122173409,odom,navigating,,0.7960381909476295,-0.45949008179682216,-2.4897896762908354,2.146369860882433,-3.3939723827097543,-2.1583256652408456,-2.2599592362464573,-2.9530856609344482,-2.509420523033459,2.509420523033459,0.032919010998739395,pixhawk_fused,True,0.8,0.2,gyro,-1.0,0.1032555028796196,0.06785985082387924,0.013847953085139416
32.01407190004829,10055.241917338,odom,navigating,,0.7882824464824973,-0.46430664614096007,-2.4812168355896866,2.1406037288620854,-3.4010507007171324,-2.149752824539697,-2.253230117355727,-2.962057590484619,-2.5003878021249366,2.5003878021249366,0.03307800800030236,pixhawk_fused,True,0.8,0.2,gyro,-1.0,0.05639929696917534,-0.20214278995990753,0.014197771923558714
32.35279720008839,10055.362397144,odom,navigating,,0.7838230343913954,-0.4670863686766322,-2.4806746087337497,2.1372916549769125,-3.4051303306210263,-2.14921059768376,-2.2505140062192655,-2.962057590484619,-2.5003878021249366,2.5003878021249366,0.15366395999990345,pixhawk_fused,True,0.8,0.2,gyro,-1.0,0.04389019310474396,0.10180506110191345,0.014390388025950406
32.35291120002512,10055.463057273,odom,navigating,,0.7809790398024968,-0.4688779652175936,-2.4792287271786684,2.135185502888696,-3.407749919666768,-2.1477647161286786,-2.243105932717078,-2.962339162826538,-2.500428645624761,2.500428645624761,0.06818098000076134,pixhawk_fused,True,0.8,0.2,gyro,-1.0,0.04390121251344681,0.1018306165933609,0.01449762884905817
32.35296220006421,10055.581368673,odom,navigating,,0.7772956337922114,-0.47126564518812075,-2.4683397969982814,2.132479613179782,-3.4112063132151733,-2.1368757859482916,-2.2206449130840173,-2.9718053340911865,-2.4924234447618767,2.4924234447618767,0.07377741500022239,pixhawk_fused,True,0.8,0.2,gyro,-1.0,0.04086146503686905,0.2014070600271225,0.014580761033988601
32.67563589999918,,mission_status,reached,reached waypoint 3/4,0.7772956337922114,-0.47126564518812075,-2.4683397969982814,,,,,,,,,,,,,,,,,
32.67568340001162,,mission_status,turning,aligning for waypoint 4/4,0.7772956337922114,-0.47126564518812075,-2.4683397969982814,,,,,,,,,,,,,,,,,
32.675709500093944,10055.682503979,odom,turning,,0.7743295473761646,-0.4732841901832512,-2.4516811673348142,2.1303318704105183,-3.4140802292755166,-2.1202171562848244,-2.211367632442679,-2.990654230117798,-2.4739257032861754,2.4739257032861754,0.0019280760006950004,pixhawk_fused,True,0.8,0.2,gyro,-1.0,0.020514221861958504,-0.26964014768600464,0.014568275362720486
32.675778400036506,10055.802908045,odom,turning,,0.7724627139113203,-0.47452293286690944,-2.44345306911243,2.1289697756062314,-3.4158590627038943,-2.11198905806244,-2.2437773090470805,-3.00651478767395,-2.4555564239909695,2.4555564239909695,0.008454438999251579,pixhawk_fused,True,0.8,0.2,gyro,-1.0,0.023078499361872673,-0.3033451437950134,0.0145866982974985
32.67582620005123,10055.903995759,odom,turning,,0.7703986753346299,-0.4757934309835299,-2.478234697189933,2.12743154426771,-3.417732099024843,-2.146770686139943,-2.2802991206199312,-2.9711427688598633,-2.4899033263614223,2.4899033263614223,0.06480683799964027,pixhawk_fused,True,0.8,0.2,gyro,-1.0,0.02820284105837345,-0.37069979310035706,0.01468918915914564
33.01377180009149,10056.021809928,odom,turning,,0.767300708864767,-0.4775165337038778,-2.510904139679904,2.125062954982087,-3.4203695720634344,-2.1794401286299143,-2.3337278239758725,-2.9434986114501953,-2.517384999125247,2.517384999125247,0.031720867000331054,pixhawk_fused,True,0.8,0.2,gyro,-1.0,0.03077593445777893,-0.4045206904411316,0.014995345965028842
33.01387770008296,10056.122556445,odom,turning,,0.7642796569449042,-0.47899889908886306,-2.592947672554451,2.1226887509545227,-3.422754381714666,-2.261483661504461,-2.384448054172702,-2.85376238822937,-2.60725490051413,2.60725490051413,0.024666421000802075,pixhawk_fused,True,0.8,0.2,gyro,-1.0,0.03599856048822403,-0.47316718101501465,0.015457943048448174
33.01393110002391,10056.242232729,odom,turning,,0.7602720033785861,-0.48068580760795004,-2.646293643676683,2.1194482130407506,-3.425653668090448,-2.3148296326266933,-2.449984544685687,-2.803434133529663,-2.657555927812104,2.657555927812104,0.029658866998943267,pixhawk_fused,True,0.8,0.2,gyro,-1.0,0.04371253773570061,-0.5745601654052734,0.016303277282148865
33.35435490007512,10056.342897655,odom,turning,,0.7568874056464887,-0.4818774513288539,-2.657108996488786,2.1166356432349516,-3.4278818888275375,-2.3256449854387964,-2.5040693395305254,-2.803434133529663,-2.657555927812104,2.657555927812104,0.1301577600006567,pixhawk_fused,True,0.8,0.2,gyro,-1.0,0.0437234602868557,-0.5747036933898926,0.017210276601993247
33.354454900021665,10056.463275334,odom,turning,,0.7524770001595404,-0.48313258869835596,-2.754284789436871,2.1128737661342565,-3.4305039733141416,-2.4228207783868814,-2.573184013721064,-2.6981253623962402,-2.7617465801825567,2.7617465801825567,0.0530938480005716,pixhawk_fused,True,0.8,0.2,gyro,-1.0,0.0438791885972023,-0.576750636100769,0.01863884177656985
33.354511200101115,10056.582805454,odom,turning,,0.7479572650172386,-0.4840861895229359,-2.8127573277327786,2.1089103821838884,-3.432876513714464,-2.481293316682789,-2.6428098389038395,-2.6417152881622314,-2.8174311592569397,2.8174311592569397,0.0021870900000067195,pixhawk_fused,True,0.8,0.2,gyro,-1.0,0.043894603848457336,-0.5769532322883606,0.020378477311572375
33.69391110003926,10056.683771375,odom,turning,,0.744076550866753,-0.48464766665291825,-2.824575229409341,2.1054236274383187,-3.4346703197880184,-2.4931112183593513,-2.7019071501128122,-2.6417152881622314,-2.8174311592569397,2.8174311592569397,0.10325367599944002,pixhawk_fused,True,0.8,0.2,gyro,-1.0,0.04322923347353935,-0.5682075619697571,0.019950787948947894
33.69399730011355,10056.803411882,odom,turning,,0.7393999249966645,-0.4850168136586128,-2.9284011159549386,2.101121695344229,-3.4365412765749146,-2.596937104904949,-2.7726087662743284,-2.529191493988037,-2.929536212920193,2.929536212920193,0.11284177900051873,pixhawk_fused,True,0.8,0.2,gyro,-1.0,0.04905621334910393,-0.6447977423667908,0.017031555042609375
33.69404440000653,10056.921944798,odom,turning,,0.7346538595558695,-0.48505350806042036,-2.9983188165732524,2.096645914203363,-3.438120474734267,-2.6668548055232626,-2.844141925192863,-2.4605908393859863,-2.9990500523438497,2.9990500523438497,0.035745608000070206,pixhawk_fused,True,0.8,0.2,gyro,-1.0,0.046168506145477295,-0.6068415641784668,0.014349236328241009
34.0135384000605,10057.023045921,odom,turning,,0.7308854401994395,-0.48483947195194654,-3.092261596253113,2.093012968213913,-3.4391444373016427,-2.760797585203123,-2.901026706223345,-2.3578248023986816,-3.1022560407509845,3.1022560407509845,0.02487186200050928,pixhawk_fused,True,0.8,0.2,gyro,-1.0,0.04389680549502373,-0.5769822001457214,0.012421121118447443
34.01362310000695,10057.141795351,odom,turning,,0.7264267125442805,-0.4843058264627269,3.1342895148051717,2.088623279782814,-3.4400908332488656,-2.8174317813244247,-2.968714705794904,-2.3030638694763184,3.1270575967189194,-3.1270575967189194,0.030748014998607687,pixhawk_fused,True,0.8,0.2,gyro,-1.0,0.041410233825445175,-0.544298529624939,0.010372355411945243
34.01367530005518,10057.242289541,odom,turning,,0.7229393749548864,-0.4836712652644885,3.1236028729879717,2.0851192649046095,-3.440625689407129,-2.8281184231416248,-3.0221509695222397,-2.3030638694763184,3.1270575967189194,-3.1270575967189194,0.13109891099884408,pixhawk_fused,True,0.8,0.2,gyro,-1.0,0.038728583604097366,-0.5090507864952087,0.008950051284560683
34.35370460001286,10057.342550995,odom,turning,,0.7196774217069271,-0.4829000661342545,3.0700407195390267,2.0817839002380505,-3.440957998948694,-2.8816805765905698,-3.0726651944066616,-2.248669147491455,3.072733607566011,-3.072733607566011,0.030337373998918338,pixhawk_fused,True,0.8,0.2,gyro,-1.0,0.03849294036626816,-0.5059534907341003,0.007767000073188934
34.3538088001078,10057.463394703,odom,turning,,0.7160029314663818,-0.48181754574584845,2.981352788532248,2.077957141674922,-3.4411301843682285,-2.9703685075973483,-3.130396827185571,-2.1506028175354004,2.9763069294747235,-2.9763069294747235,0.05409097799929441,pixhawk_fused,True,0.8,0.2,gyro,-1.0,0.03614305332303047,-0.4750664234161377,0.00661163080250975
34.3538696001051,10057.581635848,odom,turning,,0.7129119635045101,-0.4807214247773147,2.971468837118471,2.074677716474371,-3.441099615217659,-2.9802524590111252,3.1033652607070192,-2.1506028175354004,2.9763069294747235,-2.9763069294747235,0.17266150599971297,pixhawk_fused,True,0.8,0.2,gyro,-1.0,0.031070174649357796,-0.4083881974220276,0.005793586813799622
34.67443860007916,10057.682762934,odom,turning,,0.7106823813304869,-0.47982037437237735,2.928948445222776,2.072276270550721,-3.440973179547276,-3.0227728509068204,3.067125642267648,-2.1068263053894043,2.932216775810373,-2.932216775810373,0.09506027099996572,pixhawk_fused,True,0.8,0.2,gyro,-1.0,0.028376759961247444,-0.3729857802391052,0.0052950678293651144
34.67453800002113,10057.782788503,odom,turning,,0.7090009340861401,-0.47907564197415,2.8660585669591034,2.070443993097198,-3.440816174726324,-3.085662729170493,3.0394080519068276,-2.035736083984375,2.8605342987235907,-2.8605342987235907,0.0923176729993429,pixhawk_fused,True,0.8,0.2,gyro,-1.0,0.020580891519784927,-0.27051645517349243,0.004973182199808035
34.674586300039664,10057.902704673,odom,turning,,0.7070174705146447,-0.4781240424935088,2.8355803044328516,2.068258818714992,-3.440561847711722,-3.116140991696745,3.0062506986935373,-2.004889488220215,2.830725757038248,-2.830725757038248,0.014293202999397181,pixhawk_fused,True,0.8,0.2,gyro,-1.0,0.017953524366021156,-0.23598217964172363,0.004654105177587228
34.99346750008408,10058.002977645,odom,turning,,0.70577868717895,-0.4774867933402771,2.797489251436868,2.0668800876382862,-3.440362420396102,3.1289532624868577,2.985262223420613,-1.9626100063323975,2.788359913116348,-2.788359913116348,0.003160758000376518,pixhawk_fused,True,0.8,0.2,gyro,-1.0,0.01794547401368618,-0.23587636649608612,0.0044904207388269425
34.993567800032906,10058.103631258,odom,turning,,0.70424214958577,-0.47665074168203214,2.792219585254386,2.0651551141418643,-3.440071909488989,3.123683596304376,2.9589103078074843,-1.9626100063323975,2.788359913116348,-2.788359913116348,0.1036591510001017,pixhawk_fused,True,0.8,0.2,gyro,-1.0,0.017891988158226013,-0.23517334461212158,0.004325238139838101
34.993617200059816,10058.222136658,odom,turning,,0.7032338965777388,-0.47607149949980165,2.7692792700492417,2.0640132419937207,-3.439852310693061,3.1007432810992315,2.9413779654221197,-1.9370096921920776,2.764067672317875,-2.764067672317875,0.04484575800051971,pixhawk_fused,True,0.8,0.2,gyro,-1.0,0.007671424653381109,-0.10083365440368652,0.004242256537832347
35.314725700067356,10058.322148487,odom,turning,,0.7023467546648459,-0.4755422962231374,2.7524908491811093,2.0630021725374696,-3.4396406141265325,3.083954860231099,2.925798755980862,-1.9216656684875488,2.746976974507821,-2.746976974507821,0.03311139800098317,pixhawk_fused,True,0.8,0.2,gyro,-1.0,0.012823306955397129,-0.1685502976179123,0.0041854474302439855
35.31481980008539,10058.422404886,odom,turning,,0.7013628614648196,-0.47493317087190523,2.7236100956451312,2.061873609407261,-3.439384831438094,3.055074106695121,2.908357916837153,-1.890181064605713,2.7152367848661068,-2.7152367848661068,0.009421958999155322,pixhawk_fused,True,0.8,0.2,gyro,-1.0,0.010356725193560123,-0.13612940907478333,0.0041408600833517705
35.31487130001187,10058.542308187,odom,turning,,0.7009793378977357,-0.47468835553264377,2.7222355567443257,2.0614312925143268,-3.4392781513412083,3.0536995677943155,2.901483874172398,-1.890181064605713,2.7152367848661068,-2.7152367848661068,0.12973806700028945,pixhawk_fused,True,0.8,0.2,gyro,-1.0,0.005129834171384573,-0.06742683798074722,0.004129597867525107
35.65452110010665,10058.662356263,odom,turning,,0.7002663624866876,-0.4742243718438791,2.711776159171556,2.0606061334023558,-3.439071445656405,3.0432401702215457,2.888666453594015,-1.8817687034606934,2.7053667943682793,-2.7053667943682793,0.07204483799978334,pixhawk_fused,True,0.8,0.2,gyro,-1.0,0.007693600840866566,-0.10112514346837997,0.004116016377990955
35.65460770006757,10058.762850214,odom,turning,,0.699368289866656,-0.4736221303977234,2.69585618619691,2.059560959587646,-3.4387942437672274,3.0273201972468997,2.8723700856550383,-1.8643462657928467,2.6895409065988187,-2.6895409065988187,0.06486348700127564,pixhawk_fused,True,0.8,0.2,gyro,-1.0,0.015384901314973831,-0.20222003757953644,0.004113672642959255
35.65466620004736,10058.882401892,odom,turning,,0.6988520196201521,-0.4732658713189415,2.6939657606058502,2.0589568549454396,-3.438625385602177,3.02542977165584,2.862917290134865,-1.8643462657928467,2.6895409065988187,-2.6895409065988187,0.1839686540006369,pixhawk_fused,True,0.8,0.2,gyro,-1.0,0.0025636390782892704,-0.03369662165641785,0.004120661543775418
35.97811560006812,10059.002872164,odom,turning,,0.698739995976507,-0.473187510749658,2.673418047399473,2.058825428393331,-3.438587746035829,3.004882058449463,2.860857347262021,-1.8431745767593384,2.6643720955234294,-2.6643720955234294,0.10912862599980144,pixhawk_fused,True,0.8,0.2,gyro,-1.0,0.0025812580715864897,-0.03392820805311203,0.004123054794264218
35.978198200115,10059.103382447,odom,turning,,0.6986682770965711,-0.4731370966996615,2.6724990490394074,2.058741207264211,-3.4385634154874167,3.003963060089397,2.859529811011649,-1.8415558338165283,2.663555193966282,-2.663555193966282,0.09484655300002487,pixhawk_fused,True,0.8,0.2,gyro,-1.0,0.0,0.0,0.004124791556724613
35.97823100001551,10059.203669457,odom,turning,,0.6986682770965711,-0.4731370966996615,2.6710085903230523,2.058741207264211,-3.4385634154874167,3.002472601373042,2.859529811011649,-1.839597225189209,2.6616922633815827,-2.6616922633815827,0.016942858999755117,pixhawk_fused,True,0.8,0.2,gyro,-1.0,0.0,0.0,0.004124791556724613
36.31392440001946,10059.32247365,odom,turning,,0.6986682770965711,-0.4731370966996615,2.670765994234894,2.058741207264211,-3.4385634154874167,3.0022300052848836,2.859529811011649,-1.8395090103149414,2.6613890429409492,-2.6613890429409492,0.010709639000197058,pixhawk_fused,True,0.8,0.2,gyro,-1.0,0.0,0.0,0.004124791556724613
36.31402920000255,10059.441911868,odom,turning,,0.6986682770965711,-0.4731370966996615,2.6706280142051173,2.058741207264211,-3.4385634154874167,3.002092025255107,2.859529811011649,-1.8393300771713257,2.661216582116698,-2.661216582116698,0.0739989150006295,pixhawk_fused,True,0.8,0.2,gyro,-1.0,0.0,0.0,0.004124791556724613
36.31407580000814,10059.54215288,odom,turning,,0.6985932282160361,-0.473084217044333,2.6703012085338202,2.0586530350203915,-3.438537837218573,3.00176521958381,2.8581412798347787,-1.8392525911331177,2.66115510182551,-2.66115510182551,0.05425108800045564,pixhawk_fused,True,0.8,0.2,gyro,-1.0,0.0025719685945659876,-0.033806104212999344,0.004126712473015262
36.65407590009272,10059.663319566,odom,turning,,0.6976813161250089,-0.472430808500129,2.664060725621964,2.0575781238687334,-3.4382167571608906,2.9955247366719537,2.841234539026988,-1.834818720817566,2.6575804916564643,-2.6575804916564643,0.06650812400039285,pixhawk_fused,True,0.8,0.2,gyro,-1.0,0.015436438843607903,-0.20289745926856995,0.004159070425459688
36.65417640004307,10059.781599954,odom,turning,,0.6959349109561555,-0.4711156680450408,2.643704722281062,2.055498797769792,-3.4375415324540937,2.975168733331052,2.80829082103754,-1.8163774013519287,2.640371195727986,-2.640371195727986,0.07244762699883722,pixhawk_fused,True,0.8,0.2,gyro,-1.0,0.01806880719959736,-0.2374974638223648,0.004273947417381692
36.65422500006389,10059.882503157,odom,turning,,0.6948340677211993,-0.47023801128915854,2.6394612960990904,2.0541722629978,-3.4370698941310214,2.97092530714908,2.78707342335229,-1.8163774013519287,2.640371195727986,-2.640371195727986,0.1729640779994952,pixhawk_fused,True,0.8,0.2,gyro,-1.0,0.01285984180867672,-0.16903051733970642,0.004386715608439293
36.96060980006587,10060.002334405,odom,turning,,0.6938057466453277,-0.46938223492158937,2.596102097834909,2.0529214232653135,-3.436595344460276,2.927566108884899,2.766908931863075,-1.7699217796325684,2.591213442632955,-2.591213442632955,0.10297923999860359,pixhawk_fused,True,0.8,0.2,gyro,-1.0,0.012910176999866962,-0.16969212889671326,0.004521859777783036
36.96071460004896,10060.103244108,odom,turning,,0.6934281212249658,-0.46905829732871684,2.581371832004001,2.0524589348920714,-3.4364119295568587,2.912835843053991,2.759409253707143,-1.753151297569275,2.5746757303122694,-2.5746757303122694,0.025212152999301907,pixhawk_fused,True,0.8,0.2,gyro,-1.0,0.005145994480699301,-0.06763925403356552,0.004579511868547767
36.96077690005768,,mission_status,navigating,going to waypoint 4/4,0.6934281212249658,-0.46905829732871684,2.581371832004001,,,,,,,,,,,,,,,,,
37.31371770007536,10060.204729449,odom,navigating,,0.6934619664198278,-0.4690877594311247,2.5732695098831813,2.052500525573118,-3.4364287737826826,2.904733520933171,2.7600882764810355,-1.7439225912094116,2.564378634536665,-2.564378634536665,0.01675936200081196,pixhawk_fused,True,0.8,0.2,gyro,-1.0,0.0,0.0,0.004573989142470071
37.31387900002301,10060.321931376,odom,navigating,,0.6934279245911034,-0.4690582296549191,2.5734052708998005,2.0524587269386663,-3.4364119295568587,2.9048692819497903,2.7607672798668417,-1.7439225912094116,2.564378634536665,-2.564378634536665,0.13370501600002171,pixhawk_fused,True,0.8,0.2,gyro,-1.0,0.0025776377879083157,0.03388062119483948,0.004579458122541145
37.31393010006286,10060.422418458,odom,navigating,,0.6924269190485556,-0.4682067959760218,2.576997611949338,2.0512351291022655,-3.4359325969577927,2.9084616229993276,2.779169405765339,-1.7435098886489868,2.5642707583438864,-2.5642707583438864,0.03415789800055791,pixhawk_fused,True,0.8,0.2,gyro,-1.0,0.02041616663336754,0.2012489140033722,0.004726263442572882
37.31397570006084,10060.542285299,odom,navigating,,0.6892659807484265,-0.465681935648808,2.6043033710789425,2.047424590904745,-3.4345738294079893,2.9357673821289323,2.8227408722424436,-1.7723335027694702,2.587515113418948,-2.587515113418948,0.05539501299972471,pixhawk_fused,True,0.8,0.2,gyro,-1.0,0.06468396633863449,0.5101258754730225,0.005054023761114568
37.634823300060816,10060.642504312,odom,navigating,,0.6820412517465825,-0.4603934033271967,2.6464285895007738,2.0388720912076583,-3.4319242950718944,2.9778926005507635,2.861963609613632,-1.8147152662277222,2.6303648155983796,-2.6303648155983796,0.04142267399947741,pixhawk_fused,True,0.8,0.2,gyro,-1.0,0.13467131555080414,0.40849098563194275,0.005403125661227165
37.63492780004162,10060.762526595,odom,navigating,,0.6679100796356015,-0.45078556558869476,2.6509409483255664,2.0223834657066004,-3.4274381162607663,2.982404959375556,2.8845618825306025,-1.8147152662277222,2.6303648155983796,-2.6303648155983796,0.16146367799956352,pixhawk_fused,True,0.8,0.2,gyro,-1.0,0.19415926933288574,0.03402723744511604,0.005475361462284532
37.6349884000374,10060.86293916,odom,navigating,,0.6533918770145207,-0.44107729562537545,2.6822412326388863,2.0054961935277076,-3.4229829225070185,3.013705243688876,2.8779242808011927,-1.8547648191452026,2.6711353617962708,-2.6711353617962708,0.0357274990001315,pixhawk_fused,True,0.8,0.2,gyro,-1.0,0.19813597202301025,-0.16917599737644196,0.005414633857866138
37.955406600027345,10060.962989398,odom,navigating,,0.6365443357713843,-0.42951941647102754,2.6713800204595475,1.9858044617258197,-3.4175368307773275,3.0028440315095373,2.85865243245373,-1.8446273803710938,2.6623757750299086,-2.6623757750299086,0.05305316600060905,pixhawk_fused,True,0.8,0.2,gyro,-1.0,0.23670943081378937,-0.20283493399620056,0.005586318893060031
37.95557190000545,10061.081493042,odom,navigating,,0.6150063735685292,-0.41376602043255095,2.662934977761794,1.9603122855917212,-3.409649989930397,2.994398988811784,2.816423727736239,-1.8446273803710938,2.6623757750299086,-2.6623757750299086,0.17170764100046654,pixhawk_fused,True,0.8,0.2,gyro,-1.0,0.2588815689086914,-0.4378949999809265,0.006616688934852229
37.95567200006917,10061.182524467,odom,navigating,,0.5972015009529267,-0.39964313140094276,2.634616538208811,1.9388806076482348,-3.4020900518364954,2.966080549258801,2.781114880692528,-1.8175746202468872,2.635804864814531,-2.635804864814531,0.09842667599878041,pixhawk_fused,True,0.8,0.2,gyro,-1.0,0.26144495606422424,-0.33682185411453247,0.008380707576733423
38.314944000099786,10061.30392517,odom,navigating,,0.5755841526853095,-0.38124355189139547,2.573459649809045,1.9124522252837697,-3.3917269018400305,2.9049236608590348,2.753259966271867,-1.7498855590820312,2.5663229049351326,-2.5663229049351326,0.1073368470006244,pixhawk_fused,True,0.8,0.2,gyro,-1.0,0.27418190240859985,-0.12645140290260315,0.011561287311514224
38.315050700097345,10061.422552387,odom,navigating,,0.5538827226072864,-0.3623872813633195,2.563229696607308,1.885795718033762,-3.380959282470384,2.894693707657298,2.7667945389166313,-1.726354718208313,2.550154892405521,-2.550154892405521,0.03314900899931672,pixhawk_fused,True,0.8,0.2,gyro,-1.0,0.2872563898563385,0.13484691083431244,0.015073634822480357
38.31510200002231,10061.541874295,odom,navigating,,0.5312774174421421,-0.3435328845340252,2.581808730351685,1.8582851461484555,-3.3704875807963863,2.913272741401675,2.795709913206949,-1.7461014986038208,2.5661528253117836,-2.5661528253117836,0.04681520600024669,pixhawk_fused,True,0.8,0.2,gyro,-1.0,0.28393179178237915,0.2715124487876892,0.01807938387115159
38.65475960006006,10061.642191029,odom,navigating,,0.5111910920016948,-0.32776248309926587,2.6071772833719797,1.8341600557003694,-3.3621122574005593,2.9386412944219695,2.8260749194340526,-1.7698489427566528,2.590274182752732,-2.590274182752732,0.030288801999631687,pixhawk_fused,True,0.8,0.2,gyro,-1.0,0.2873702049255371,0.3062603175640106,0.019934966054492135
38.65486070001498,10061.76259264,odom,navigating,,0.48700160218081523,-0.30991026027545227,2.6128640110345214,1.8054776663765657,-3.353103715885793,2.944328022084511,2.8545630623050458,-1.7698489427566528,2.590274182752732,-2.590274182752732,0.15082117000019934,pixhawk_fused,True,0.8,0.2,gyro,-1.0,0.2821705937385559,0.23809121549129486,0.021224408440985793
38.654908500029705,10061.88288503,odom,navigating,,0.46251041238347773,-0.2929289096656422,2.6620652977965147,1.7767934054721146,-3.3450168238630265,2.9935293088465045,2.8864768521118056,-1.8228803873062134,2.643786240548853,-2.643786240548853,0.04985865000162448,pixhawk_fused,True,0.8,0.2,gyro,-1.0,0.281972199678421,0.26954612135887146,0.02162303153070647
39.0141997000901,10062.00349597,odom,navigating,,0.4379078443453054,-0.27702138553659617,2.684730979125136,1.748353281865409,-3.337981552210532,3.016194990175126,2.912958472707543,-1.8450361490249634,2.6654999527642764,-2.6654999527642764,0.01736340699972061,pixhawk_fused,True,0.8,0.2,gyro,-1.0,0.27981308102607727,0.10122603178024292,0.021068861854120106
39.01430990011431,10062.122682195,odom,navigating,,0.41299145052292435,-0.26165221299436753,2.711288849138035,1.7197916094933439,-3.3315574556160223,3.042752860188025,2.9249823931044565,-1.873596429824829,2.6956847812542954,-2.6956847812542954,0.03102830699936021,pixhawk_fused,True,0.8,0.2,gyro,-1.0,0.2888278067111969,0.033596206456422806,0.019892867826766754
39.01437940006144,10062.24257689,odom,navigating,,0.38864496043450325,-0.24672021668991623,2.7080424462314263,1.6919110885001247,-3.3253612759536497,3.039506457281416,2.916399306859887,-1.8707771301269531,2.6937708671456466,-2.6937708671456466,0.032393801000580424,pixhawk_fused,True,0.8,0.2,gyro,-1.0,0.27708423137664795,-0.1021125316619873,0.01867274560416437
39.354090000037104,10062.363079241,odom,navigating,,0.3640441745542663,-0.23113021722446864,2.704089928441406,1.6635759813630628,-3.3186256651580983,3.035553939491396,2.896623936878501,-1.8707771301269531,2.6937708671456466,-2.6937708671456466,0.1530714820000867,pixhawk_fused,True,0.8,0.2,gyro,-1.0,0.28291651606559753,-0.20283661782741547,0.017856238063718513
39.35419150011148,10062.481813438,odom,navigating,,0.33977143883431293,-0.215192817845287,2.680591191768065,1.6354380140541633,-3.311454807885391,3.012055202818055,2.882982581503139,-1.8473010063171387,2.667809486976851,-2.667809486976851,0.08558876200004306,pixhawk_fused,True,0.8,0.2,gyro,-1.0,0.2614521086215973,-0.20214949548244476,0.017511140305781214
39.35423990001436,10062.582426039,odom,navigating,,0.3193339453244701,-0.2014185518592358,2.6680263980312997,1.6116304684558707,-3.305081243968353,2.9994904090812895,2.8769019240101605,-1.8327183723449707,2.65362530111431,-2.65362530111431,0.07119050400069682,pixhawk_fused,True,0.8,0.2,gyro,-1.0,0.2816995084285736,-0.0365598239004612,0.017515044825449078
39.69481320003979,10062.702914853,odom,navigating,,0.29501524686106645,-0.18474596058806209,2.6565364226312855,1.5832097884925547,-3.297230171107123,2.9880004336812753,2.8662589534150342,-1.8217262029647827,2.6419238237804064,-2.6419238237804064,0.0151581329992041,pixhawk_fused,True,0.8,0.2,gyro,-1.0,0.27447405457496643,-0.0681605413556099,0.017753983995013586
39.69492980011273,10062.803862151,odom,navigating,,0.27476966649944584,-0.17057414270639926,2.646784983140885,1.5594543352222734,-3.2904182414118504,2.9782489941908747,2.858820262437806,-1.8109256029129028,2.6315949214762338,-2.6315949214762338,0.007310552999115316,pixhawk_fused,True,0.8,0.2,gyro,-1.0,0.28154075145721436,-0.03395030274987221,0.018194823777495196
39.694983300054446,10062.922227929,odom,navigating,,0.25101660577995816,-0.15384022994265206,2.641358179088668,1.5315485478903184,-3.2823251107869273,2.972822190138658,2.8644736821023042,-1.8025438785552979,2.6234025013288744,-2.6234025013288744,0.044926943999598734,pixhawk_fused,True,0.8,0.2,gyro,-1.0,0.27870070934295654,0.16803930699825287,0.01880067168258429
40.03413500008173,10063.041884128,odom,navigating,,0.22734908108265667,-0.1375859409878033,2.645504868641384,1.5038797234636283,-3.2746576607825193,2.976968879691374,2.881906848910509,-1.8048168420791626,2.6242353480737917,-2.6242353480737917,0.049860983999678865,pixhawk_fused,True,0.8,0.2,gyro,-1.0,0.2745223045349121,0.1361636072397232,0.019056545441533967
40.03421540011186,10063.142330843,odom,navigating,,0.20708911059801402,-0.12419144229594681,2.666028718889178,1.4803636245627723,-3.2685854213496666,2.9974927299391676,2.898805929223676,-1.8270814418792725,2.645662975585114,-2.645662975585114,0.04237448999992921,pixhawk_fused,True,0.8,0.2,gyro,-1.0,0.27450844645500183,0.13615675270557404,0.018844688288291916
40.03425910009537,10063.262279835,odom,navigating,,0.18272191063743387,-0.10863938865924883,2.668475134489932,1.4522617371696809,-3.261809675546905,2.999939145539922,2.911066385936514,-1.8270814418792725,2.645662975585114,-2.645662975585114,0.16276471399942238,pixhawk_fused,True,0.8,0.2,gyro,-1.0,0.28045669198036194,0.03381954878568649,0.018127228276764277
40.35482640005648,10063.363308095,odom,navigating,,0.16272449104197048,-0.09609904791677376,2.686364375931848,1.4292718643607711,-3.2564596582904324,3.017828386981838,2.9151557238741423,-1.849217414855957,2.6669927034881225,-2.6669927034881225,0.0028033750004397007,pixhawk_fused,True,0.8,0.2,gyro,-1.0,0.2701512277126312,0.03381798416376114,0.017353691395230804
40.35490680008661,10063.481784947,odom,navigating,,0.13825293110218623,-0.08096940041261279,2.6896882888254052,1.401208760277756,-3.2501172873841795,3.021152299875395,2.9221366054428666,-1.852066159248352,2.66940456118251,-2.66940456118251,0.06861307100007252,pixhawk_fused,True,0.8,0.2,gyro,-1.0,0.2708214819431305,-0.033812686800956726,0.016227604437580603
40.35495410009753,10063.581897057,odom,navigating,,0.11890125619345657,-0.06908807031351011,2.6894294130104948,1.3790439426041148,-3.245180265590503,3.0208934240604846,2.920839651834985,-1.852066159248352,2.66940456118251,-2.66940456118251,0.1684205199999269,pixhawk_fused,True,0.8,0.2,gyro,-1.0,0.25886306166648865,-0.03368819132447243,0.015268341284028528
40.67708690010477,10063.683359254,odom,navigating,,0.10200162198914926,-0.05859055296386052,2.6910873571561313,1.3596480245211735,-3.2407537694066777,3.022551368206121,2.910021137401292,-1.856369137763977,2.674175235601168,-2.674175235601168,0.09442939899963676,pixhawk_fused,True,0.8,0.2,gyro,-1.0,0.21020793914794922,-0.13477973639965057,0.014531526186391365
40.67719320009928,10063.80321397,odom,navigating,,0.08520803650950326,-0.04777435530876191,2.671958853294945,1.3402486752070457,-3.2359914284733984,3.0034228643449348,2.8865454965741972,-1.8372066020965576,2.656131826641064,-2.656131826641064,0.1139146380010061,pixhawk_fused,True,0.8,0.2,gyro,-1.0,0.18329693377017975,-0.23753315210342407,0.014118258387516668
40.677241800003685,10063.9045218,odom,navigating,,0.07382605109873361,-0.04009948325808218,2.649174496685295,1.3269886302989589,-3.2324383365915583,2.980638507735285,2.8688605859230036,-1.8138304948806763,2.632074616553288,-2.632074616553288,0.01604274600140343,pixhawk_fused,True,0.8,0.2,gyro,-1.0,0.14976556599140167,-0.13576044142246246,0.014123543391272834
41.015678800060414,10064.023137741,odom,navigating,,0.06310829771943605,-0.032595374111743694,2.6232742837779277,1.3144122322105811,-3.228830552964142,2.9547382948279175,2.8561576164625935,-1.7855639457702637,2.6028820773232986,-2.6028820773232986,0.023189895000541583,pixhawk_fused,True,0.8,0.2,gyro,-1.0,0.11315812170505524,-3.714303966262378e-05,0.014358351933651764
41.01576500001829,10064.142713888,odom,navigating,,0.054198755888242876,-0.02627219011941366,2.6234143811740203,1.3039299249129164,-3.2257509709860215,2.95487839222401,2.856859544522586,-1.7855639457702637,2.6028820773232986,-2.6028820773232986,0.14353589799975452,pixhawk_fused,True,0.8,0.2,gyro,-1.0,0.09321991354227066,-0.06807156652212143,0.014624127261265161
41.01581240002997,10064.243428988,odom,navigating,,0.048205629579666516,-0.022062243444298912,2.6221969254782294,1.29689298963318,-3.22372051393731,2.953660936528219,2.862291667400823,-1.7845666408538818,2.6000069195051005,-2.6000069195051005,0.06652801699965494,pixhawk_fused,True,0.8,0.2,gyro,-1.0,0.05565820261836052,-0.09542278200387955,0.014766886503617327
41.348095800029114,10064.343623154,odom,navigating,,0.044495004520151246,-0.019473119276741717,2.6290457510383707,1.2925417725820496,-3.22247986392168,2.9605097620883605,2.867258384756613,-1.7913627624511719,2.607324861886006,-2.607324861886006,0.05633975700038718,pixhawk_fused,True,0.8,0.2,gyro,-1.0,0.028485294431447983,-0.10211247205734253,0.014840802825343549
41.34820570005104,10064.462809031,odom,navigating,,0.04126927745936472,-0.017271022814072997,2.638456893462838,1.2887750085763312,-3.22144737526469,2.969920904512828,2.8853629723380574,-1.803266167640686,2.6145697294287644,-2.6145697294287644,0.05152938100036408,pixhawk_fused,True,0.8,0.2,gyro,-1.0,0.033436745405197144,0.16904571652412415,0.014864683418051654
41.34825800010003,,mission_status,turning,final alignment at waypoint 4/4,0.04126927745936472,-0.017271022814072997,2.638456893462838,,,,,,,,,,,,,,,,,
41.675675100064836,10064.582365753,odom,turning,,0.03744043773728552,-0.01477712710305103,2.6434604819573955,1.284343001627267,-3.220335240453495,2.9749244930073853,2.910471292046882,-1.803266167640686,2.6145697294287644,-2.6145697294287644,0.17093756899885193,pixhawk_fused,True,0.8,0.2,gyro,-1.0,0.0485905185341835,0.2353018969297409,0.014793570636866732
41.67578780010808,10064.682661806,odom,turning,,0.036168278510896386,-0.013970705333704715,2.6502361387870117,1.282877657957281,-3.2199867105463214,2.9817001498370015,2.8981040171382326,-1.8145383596420288,2.6261094014980157,-2.6261094014980157,0.09311099799924705,pixhawk_fused,True,0.8,0.2,gyro,-1.0,0.013884187676012516,-0.18249458074569702,0.014751537676985244
41.67618820001371,10064.802687871,odom,turning,,0.03392936818257772,-0.012466050446004457,2.6535310468732454,1.2802709620226642,-3.219292562079648,2.984995057923235,2.857454597805627,-1.8261973857879639,2.6403666489757858,-2.6403666489757858,0.10512581699913426,pixhawk_fused,True,0.8,0.2,gyro,-1.0,0.03590168058872223,-0.4718937873840332,0.014748395603562824
41.67624420009088,10064.903201883,odom,turning,,0.031147704258412838,-0.01041018566484004,2.57572921490236,1.2769716772719133,-3.218253834820501,2.9071932259523496,2.8053229868861767,-1.7429677248001099,2.5561573972441516,-2.5561573972441516,0.009695046001070295,pixhawk_fused,True,0.8,0.2,gyro,-1.0,0.041182372719049454,-0.5413035154342651,0.014899123858814608
42.01413530006539,10065.003698988,odom,turning,,0.028442874095091903,-0.00818283198512899,2.565177292172092,1.2736892367469865,-3.2170279494966425,2.896641303222082,2.752512325368546,-1.7429677248001099,2.5561573972441516,-2.5561573972441516,0.10960858700127574,pixhawk_fused,True,0.8,0.2,gyro,-1.0,0.04358837753534317,-0.5729281902313232,0.015235004733839527
42.01422450004611,10065.122803237,odom,turning,,0.02531192950869563,-0.005281666934316627,2.5117040842582536,1.2697845996335975,-3.2153035998604365,2.8431680953082434,2.6881735708762826,-1.6921738386154175,2.5053999063112102,-2.5053999063112102,0.11368716099968879,pixhawk_fused,True,0.8,0.2,gyro,-1.0,0.036012958735227585,-0.4733564257621765,0.01589160607520497
42.014272800064646,10065.242314127,odom,turning,,0.022492116736624563,-0.002315820370330046,2.457134670186665,1.2661531093179843,-3.213416838614742,2.788598681236655,2.6264899271748456,-1.6394108533859253,2.4526088890172804,-2.4526088890172804,0.05496287400092115,pixhawk_fused,True,0.8,0.2,gyro,-1.0,0.04129806160926819,-0.5428241491317749,0.016775696318334334
42.33652010001242,10065.362461173,odom,turning,,0.019669528876657186,0.0010582815860765982,2.4036715779849755,1.2623861373588605,-3.2111449476625533,2.7351355890349653,2.5601829258465583,-1.590140461921692,2.4023567322530113,-2.4023567322530113,0.04942790099994454,pixhawk_fused,True,0.8,0.2,gyro,-1.0,0.04389019310474396,-0.5768952965736389,0.012951858900199308
42.336605600081384,10065.46295489,odom,turning,,0.017311031373590472,0.004266063789008137,2.3241964296592235,1.2591121189468457,-3.2088792953125216,2.6556604407092133,2.5001777320399774,-1.506183385848999,2.31801428115743,-2.31801428115743,0.09099257399975613,pixhawk_fused,True,0.8,0.2,gyro,-1.0,0.046173110604286194,-0.6069020628929138,0.009007817066810489
42.33664830005728,10065.563099872,odom,turning,,0.01514140559981807,0.007622610308797555,2.2950828742964373,1.255968279366508,-3.2064115122526013,2.626546885346427,2.439935979583038,-1.484497308731079,2.2966824749745687,-2.2966824749745687,0.0741893969989178,pixhawk_fused,True,0.8,0.2,gyro,-1.0,0.043579693883657455,-0.5728140473365784,0.005088761317945696
42.67482150008436,10065.682133661,odom,turning,,0.01278656249327129,0.011859921295363273,2.1890041720582003,1.2523626792498463,-3.2031711822922344,2.52046818310819,2.3668693558297558,-1.3689591884613037,2.182351122740682,-2.182351122740682,0.0846199859988701,pixhawk_fused,True,0.8,0.2,gyro,-1.0,0.04629543051123619,-0.6085098385810852,0.0004090726953572786
42.67493000009563,10065.783131054,odom,turning,,0.011192990709889841,0.01522626087960747,2.1310877970284525,1.2497603503367394,-3.2005066753109626,2.4625518080784423,2.310739797422187,-1.3114311695098877,2.1239881238378846,-2.1239881238378846,0.07616430499911075,pixhawk_fused,True,0.8,0.2,gyro,-1.0,0.041038673371076584,-0.5394147038459778,0.0031154657450470414
42.674984400044195,10065.902669889,odom,turning,,0.009574702570995271,0.019263959551944335,2.066447179537904,1.2469161716133448,-3.1972153967663135,2.3979111905878936,2.2451727399245573,-1.246333360671997,2.059579072896417,-2.059579072896417,0.08282172200051718,pixhawk_fused,True,0.8,0.2,gyro,-1.0,0.041155606508255005,-0.5409517288208008,0.007138611533289835
42.99554170004558,10066.00432764,odom,turning,,0.008414171014065927,0.022757488645326063,2.0222782461932796,1.2446819202275032,-3.1942897003080666,2.3537422572432694,2.189691863727983,-1.2044073343276978,2.0182378555573783,-2.0182378555573783,0.09886737600027118,pixhawk_fused,True,0.8,0.2,gyro,-1.0,0.04359489679336548,-0.5730139017105103,0.010452496339892762
42.99564420001116,10066.122211171,odom,turning,,0.007254044830770454,0.027135634792577627,1.9669029998217846,1.242160173258925,-3.1905274073005607,2.2983670108717744,2.1214317053958265,-1.1525064706802368,1.966083811465677,-1.966083811465677,0.042459248999875854,pixhawk_fused,True,0.8,0.2,gyro,-1.0,0.0462908037006855,-0.6084490418434143,0.014400387870870189
42.995691500022076,10066.222922533,odom,turning,,0.00649472918408577,0.03096677768843928,1.8674755449749498,1.2401954294862676,-3.1871519076267916,2.1989395560249396,2.062563228507793,-1.041874885559082,1.856518423859056,-1.856518423859056,0.028964197999812313,pixhawk_fused,True,0.8,0.2,gyro,-1.0,0.04614780843257904,-0.6065694689750671,0.017676680927799174
43.35517550003715,10066.343632144,odom,turning,,0.005886978995755626,0.03557443339547186,1.8534651056556113,1.2381213022224569,-3.1829928395220977,2.184929116705601,1.9925025229942233,-1.041874885559082,1.856518423859056,-1.856518423859056,0.15054114499980642,pixhawk_fused,True,0.8,0.2,gyro,-1.0,0.045429423451423645,-0.5971270203590393,0.021404101338457802
43.35528360004537,10066.463165517,odom,turning,,0.005609175165384473,0.04003752491606279,1.7686788602517445,1.2364062065127839,-3.1788630928475423,2.1001428713017343,1.9251044928002068,-0.9519750475883484,1.7673854432739577,-1.7673854432739577,0.0766651499998261,pixhawk_fused,True,0.8,0.2,gyro,-1.0,0.04389239847660065,-0.5769242644309998,0.024797876629090262
43.35533180006314,10066.581886146,odom,turning,,0.005639241503130476,0.044703433493391044,1.6925091592215997,1.2349162203642774,-3.174441379592037,2.0239731702715895,1.854776649233857,-0.8753207921981812,1.6897552798427902,-1.6897552798427902,0.09006712900009006,pixhawk_fused,True,0.8,0.2,gyro,-1.0,0.046502307057380676,-0.6112290620803833,0.0281224747937226
43.69514419999905,10066.682246329,odom,turning,,0.005924743731086686,0.048686534903894185,1.6345418555836222,1.2338899703094444,-3.170582180297692,1.966005866633612,1.7945960122644256,-0.8171067237854004,1.6323413084186873,-1.6323413084186873,0.07375308999871777,pixhawk_fused,True,0.8,0.2,gyro,-1.0,0.04646730795502663,-0.6107690334320068,0.030779433757729447
43.69522690004669,10066.803638558,odom,turning,,0.006547295081203074,0.053222427629965464,1.5743894939100742,1.2330025291526052,-3.1660905946980282,1.905853504960064,1.7255881754278461,-0.7586339712142944,1.5744027956165634,-1.5744027956165634,0.017904620999615872,pixhawk_fused,True,0.8,0.2,gyro,-1.0,0.04389239847660065,-0.5769242644309998,0.03359781537601423
43.695273800054565,10066.922609256,odom,turning,,0.0075415614035261504,0.0579565385330689,1.506408378251195,1.2324020636949902,-3.161290614198401,1.8378723893011848,1.6526740678887148,-0.6925782561302185,1.5076548635997138,-1.5076548635997138,0.0938719490004587,pixhawk_fused,True,0.8,0.2,gyro,-1.0,0.04856396093964577,-0.6383275389671326,0.036299219274051615
44.05138600000646,10067.042427827,odom,turning,,0.008840377332127558,0.062487308988220046,1.4566324608119592,1.2321557428864895,-3.1565837968243193,1.788096471861949,1.581636727856104,-0.646770179271698,1.4631928262152039,-1.4631928262152039,0.06327061399861122,pixhawk_fused,True,0.8,0.2,gyro,-1.0,0.043592724949121475,-0.5729853510856628,0.038642537056339576
44.0514943000162,10067.163245807,odom,turning,,0.010390939862049944,0.06674758101950358,1.3501638120604575,1.232235493017397,-3.1520508284970137,1.6816278231104473,1.5133079227382333,-0.5306985378265381,1.3471907787956559,-1.3471907787956559,0.07528869300040242,pixhawk_fused,True,0.8,0.2,gyro,-1.0,0.041155606508255005,-0.5409517288208008,0.04061642142184982
44.051543300040066,10067.281995011,odom,turning,,0.01225087020847318,0.07093832789915776,1.293337172411937,1.2326303965339378,-3.1474829239976287,1.6248011834619267,1.4441932648137434,-0.4775289297103882,1.2934361187257133,-1.2934361187257133,0.07440543200027605,pixhawk_fused,True,0.8,0.2,gyro,-1.0,0.04646264389157295,-0.610707700252533,0.042324809553077554
44.376779600046575,10067.382353121,odom,turning,,0.013716243254814306,0.07374716669987166,1.2799595455169,1.2331019308803075,-3.144350105947768,1.6114235565668897,1.3772682082688026,-0.4775289297103882,1.2934361187257133,-1.2934361187257133,0.17463669200151344,pixhawk_fused,True,0.8,0.2,gyro,-1.0,0.030861051753163338,-0.6760478019714355,0.04331736677754659
44.37688580004033,10067.482667528,odom,turning,,0.01526824234237816,0.0762495270393306,1.1742009802445668,1.2337551125261497,-3.141478893281693,1.5056649912945566,1.2983878925459347,-0.3632512390613556,1.1809655697383248,-1.1809655697383248,0.08922849699956714,pixhawk_fused,True,0.8,0.2,gyro,-1.0,0.020511535927653313,-1.0109305381774902,0.0440297896212913
44.37693470006343,10067.603841521,odom,turning,,0.016912424149410753,0.07841490632818503,1.0926123671973575,1.2346051220700462,-3.1388963199420834,1.4240763782473473,1.1950247779980823,-0.28514978289604187,1.1048151093162857,-1.1048151093162857,0.10379699199984316,pixhawk_fused,True,0.8,0.2,gyro,-1.0,0.02884642221033573,-0.8215113282203674,0.04443633378790778
44.694402200053446,10067.703867693,odom,turning,,0.01790161563839831,0.07946152903677083,1.0078827948046694,1.2351998688090176,-3.1375847578152682,1.3393468058546592,1.099962587594574,-0.20141641795635223,1.0226640360392891,-1.0226640360392891,0.025690608999866527,pixhawk_fused,True,0.8,0.2,gyro,-1.0,0.03600434213876724,-0.6760494112968445,0.04449726743995111
44.69450370001141,10067.822141812,odom,turning,,0.019507075738643617,0.08084630712677586,0.913542367653372,1.2362672936380872,-3.135752896268556,1.2450063787033618,0.9883597270812244,-0.10961276292800903,0.9326275660433136,-0.9326275660433136,0.029203860000052373,pixhawk_fused,True,0.8,0.2,gyro,-1.0,0.036126744002103806,-0.8140319585800171,0.04437109491548559
44.69455440004822,10067.922411739,odom,turning,,0.02027283708209445,0.0813718509599314,0.8062855537228866,1.2368203457193088,-3.135006759450574,1.1377495647728764,0.8821128222997547,-0.0013784917537122965,0.8251191069521271,-0.8251191069521271,0.08414845900006185,pixhawk_fused,True,0.8,0.2,gyro,-1.0,0.02059015817940235,-1.0148932933807373,0.0442141461612526
45.03658430010546,10068.024717536,odom,turning,,0.020650744726445642,0.08156441906464766,0.7233375792641266,1.2371150156945263,-3.1347016918050947,1.0548015903141164,0.7686408529536685,0.07464080303907394,0.7497670771517121,-0.7497670771517121,0.03694029500002216,pixhawk_fused,True,0.8,0.2,gyro,-1.0,0.014340025372803211,-1.005379557609558,0.04408880060892037
45.036692000110634,10068.142404925,odom,turning,,0.020230177719972063,0.08138081462944416,0.5192065861812851,1.2367770914110199,-3.13501216623911,0.8506705972312749,0.6270850333623186,0.2957117259502411,0.5300446911491715,-0.5300446911491715,0.04572193199965113,pixhawk_fused,True,0.8,0.2,gyro,-1.0,-0.0025699089746922255,-1.1156286001205444,0.044250309064410694
45.03674430004321,10068.263582067,odom,turning,,0.020116496247634324,0.08136297894618832,0.4045865920980147,1.2366754021958601,-3.135066026171066,0.7360506031480045,0.5016883051749627,0.4073164463043213,0.41811480957644814,-0.41811480957644814,0.05362317800063465,pixhawk_fused,True,0.8,0.2,gyro,-1.0,-0.007746884133666754,-0.9843131303787231,0.044316762309706256
45.37621350004338,10068.382742783,odom,turning,,0.020636706391250793,0.08142585969530083,0.26970443380213144,1.2371468325655273,-3.1348372774253077,0.6011684448521213,0.39773020833786554,0.5552128553390503,0.27550980049746865,-0.27550980049746865,0.029439133999403566,pixhawk_fused,True,0.8,0.2,gyro,-1.0,0.01796247810125351,-0.7082996368408203,0.04399923602541997
45.376306000049226,10068.483272428,odom,turning,,0.021041050253334095,0.08144570558835965,0.2303597182073956,1.237522708345489,-3.134686927113323,0.5618237292573854,0.33545144484812867,0.5881094932556152,0.24189359623568885,-0.24189359623568885,0.08158767299937608,pixhawk_fused,True,0.8,0.2,gyro,-1.0,-0.01290577370673418,-0.7804032564163208,0.04373161756614841
45.37634310009889,10068.602841414,odom,turning,,0.021008867384655208,0.0814499640296832,0.17500515195428673,1.237490891474488,-3.134693373668885,0.5064691630042766,0.2902014991369642,0.6437686085700989,0.18401573247092595,-0.18401573247092595,0.023696942000242416,pixhawk_fused,True,0.8,0.2,gyro,-1.0,0.002581906272098422,-0.37330392003059387,0.043757104067687645
45.69566580001265,10068.703277857,odom,turning,,0.02227548628097536,0.08138659484839034,0.12337017171313575,1.2387091864990554,-3.134341100600418,0.4548341827631256,0.26967079386620685,0.7049741148948669,0.12460792461412777,-0.12460792461412777,0.015122079001230304,pixhawk_fused,True,0.8,0.2,gyro,-1.0,0.017954420298337936,-0.23599395155906677,0.04282876874956058
45.695773000014015,10068.80420231,odom,turning,,0.023210200691617933,0.0813237533948597,0.12054461789789783,1.2396134718817184,-3.1340963394424564,0.4520086289478877,0.2555411478349795,0.7049741148948669,0.12460792461412777,-0.12460792461412777,0.11569503800092207,pixhawk_fused,True,0.8,0.2,gyro,-1.0,0.005145222879946232,-0.06762911379337311,0.042132166254597474
45.69582420005463,10068.922567355,odom,turning,,0.02316127709999001,0.08132761545976694,0.10722028583496807,1.2395659545286224,-3.1341086086933654,0.4386842968849579,0.25350411038765047,0.7216808199882507,0.10846223780887951,-0.10846223780887951,0.03623451200110139,pixhawk_fused,True,0.8,0.2,gyro,-1.0,0.0025820352602750063,-0.03393842279911041,0.04216903768737345
46.03656600008253,10069.0431626,odom,turning,,0.023114455194581517,0.08133119405442171,0.10526151492939367,1.2395205167095784,-3.1341204620374636,0.4367255259793835,0.2527946024131331,0.7233554720878601,0.1061911732517444,-0.1061911732517444,0.04742947600061598,pixhawk_fused,True,0.8,0.2,gyro,-1.0,0.0,0.0,0.04220424088296245
46.03664560010657,10069.163067673,odom,turning,,0.023344243869660195,0.08131192913239824,0.10131084451854239,1.2397440666202058,-3.13406389871124,0.43277485556853224,0.23844370075485194,0.7252138257026672,0.10484020357115943,-0.10484020357115943,0.061035266999169835,pixhawk_fused,True,0.8,0.2,gyro,-1.0,0.0025645331479609013,-0.23595865070819855,0.04203025304370011
46.03669480001554,10069.26430614,odom,turning,,0.02356525419869615,0.0812860086974631,0.09474207632181736,1.2399614819053786,-3.1340164853348464,0.4262060873718072,0.2055838834120271,0.7252138257026672,0.10484020357115943,-0.10484020357115943,0.1619859610000276,pixhawk_fused,True,0.8,0.2,gyro,-1.0,0.002581516746431589,-0.3053845167160034,0.041857612016698804
46.3561857000459,10069.381721444,odom,turning,,0.02414720798903561,0.08119568491739498,0.020816968408728542,1.2405411520224703,-3.1339125086322293,0.3522809794587184,0.16416391430566368,0.8061284422874451,0.02279306873961169,-0.02279306873961169,0.022671311999147292,pixhawk_fused,True,0.8,0.2,gyro,-1.0,0.007668375503271818,-0.16798929870128632,0.041387196333064646
46.356295700068586,10069.482419365,odom,turning,,0.023794031565297184,0.08125741514751621,0.0043900715030574244,1.2401871113500582,-3.133969071958453,0.3358540825530473,0.14793619213679238,0.816814661026001,0.0063163839308806105,-0.0063163839308806105,0.07292447799954971,pixhawk_fused,True,0.8,0.2,gyro,-1.0,0.0,-0.06757504492998123,0.04167764028612005
46.35634550009854,10069.582530741,odom,turning,,0.0240147289903939,0.08121620768176302,-0.005227007440791798,1.240409205586849,-3.1339362153204258,0.32623700360919805,0.14455636513659198,0.8253698348999023,-0.004859891061644967,0.004859891061644967,0.0017490789996372769,pixhawk_fused,True,0.8,0.2,gyro,-1.0,0.0,0.0,0.041494256242129275
46.678572300006635,,mission_status,navigating,correcting final position at waypoint 4/4,0.0240147289903939,0.08121620768176302,-0.005227007440791798,,,,,,,,,,,,,,,,,
46.67860920005478,10069.683257846,odom,navigating,,0.0240147289903939,0.08121620768176302,-0.005227007440791798,1.240409205586849,-3.1339362153204258,0.32623700360919805,0.14455636513659198,0.8253698348999023,-0.004859891061644967,0.004859891061644967,0.1026091820003785,pixhawk_fused,True,0.8,0.2,gyro,-1.0,0.0,0.0,0.041494256242129275
46.67865430004895,10069.803156309,odom,navigating,,0.0240147289903939,0.08121620768176302,-0.007292486986723579,1.240409205586849,-3.1339362153204258,0.32417152406326627,0.14455636513659198,0.8283774256706238,-0.00744172345751148,0.00744172345751148,0.11381531299957715,pixhawk_fused,True,0.8,0.2,gyro,-1.0,0.0,0.0,0.041494256242129275
46.67869110009633,10069.903779954,odom,navigating,,0.0240147289903939,0.08121620768176302,-0.00736487802387531,1.240409205586849,-3.1339362153204258,0.32409913302611454,0.14455636513659198,0.8284967541694641,-0.007532211801942404,0.007532211801942404,0.015398092000395991,pixhawk_fused,True,0.8,0.2,gyro,-1.0,0.0,0.0,0.041494256242129275
47.01491290004924,10070.003990957,odom,navigating,,0.0240147289903939,0.08121620768176302,-0.007503619747691592,1.240409205586849,-3.1339362153204258,0.32396039130229826,0.14455636513659198,0.8286515474319458,-0.0077056381152681664,0.0077056381152681664,0.005170833001102437,pixhawk_fused,True,0.8,0.2,gyro,-1.0,0.0,0.0,0.041494256242129275
47.01501120009925,10070.123877457,odom,navigating,,0.0240147289903939,0.08121620768176302,-0.007503619747691592,1.240409205586849,-3.1339362153204258,0.32396039130229826,0.14455636513659198,0.8286515474319458,-0.0077056381152681664,0.0077056381152681664,0.1256157300013001,pixhawk_fused,True,0.8,0.2,gyro,-1.0,0.0,0.0,0.041494256242129275
47.015046400018036,10070.242564351,odom,navigating,,0.0240147289903939,0.08121620768176302,-0.007602895763054618,1.240409205586849,-3.1339362153204258,0.32386111528693523,0.14455636513659198,0.8287674188613892,-0.007829732552144641,0.007829732552144641,0.06611378700108617,pixhawk_fused,True,0.8,0.2,gyro,-1.0,0.0,0.0,0.041494256242129275
47.35562240006402,10070.362424093,odom,navigating,,0.0240147289903939,0.08121620768176302,-0.007838588010892877,1.240409205586849,-3.1339362153204258,0.32362542303909697,0.14455636513659198,0.8290372490882874,-0.008124346544008667,0.008124346544008667,0.0029269659989950014,pixhawk_fused,True,0.8,0.2,gyro,-1.0,0.0,0.0,0.041494256242129275
47.355727300047874,10070.463817095,odom,navigating,,0.0240147289903939,0.08121620768176302,-0.007873133489386175,1.240409205586849,-3.1339362153204258,0.3235908775606037,0.14455636513659198,0.8290789723396301,-0.008167528206456418,0.008167528206456418,0.052489532999970834,pixhawk_fused,True,0.8,0.2,gyro,-1.0,0.0,0.0,0.041494256242129275
47.35577700007707,10070.583191457,odom,navigating,,0.024057560730776025,0.08120806438459897,-0.008004358955378876,1.240452355918435,-3.1339299767182687,0.32345965209461097,0.14390022568424174,0.8290789723396301,-0.008167528206456418,0.008167528206456418,0.17140183000083198,pixhawk_fused,True,0.8,0.2,gyro,-1.0,0.0,0.0,0.04145856140695969
47.7148109000409,10070.702906221,odom,navigating,,0.024844121031521987,0.08105502028871349,-0.01580845634451622,1.2412459061128107,-3.133818721646468,0.31565555470547363,0.13180765217946694,0.8373531699180603,-0.014899551970858094,0.014899551970858094,0.006098723000832251,pixhawk_fused,True,0.8,0.2,gyro,-1.0,0.01807062141597271,-0.23752130568027496,0.04080055269904512
47.71490260004066,10070.822288306,odom,navigating,,0.0276462497907335,0.08043569721456634,-0.024457162802599797,1.2440970512752807,-3.133492442753655,0.30700684824739005,0.0885489761794398,0.8373531699180603,-0.014899551970858094,0.014899551970858094,0.12543238299986115,pixhawk_fused,True,0.8,0.2,gyro,-1.0,0.0334489643573761,-0.4396551549434662,0.038403257541184496
47.71494460001122,10070.942604632,odom,navigating,,0.03199903673214557,0.07922551696211591,-0.0992961257400494,1.2486067288212002,-3.133220231746203,0.23216788530994045,0.020441374285148056,0.9154995083808899,-0.09141990642060709,0.09141990642060709,0.049541067999598454,pixhawk_fused,True,0.8,0.2,gyro,-1.0,0.04614550620317459,-0.606539249420166,0.03450141698901262
48.0542914000107,10071.043383442,odom,navigating,,0.03619078660588942,0.0777531883752317,-0.15956458767388698,1.2530494453706338,-3.1332483054559095,0.17189942337610287,-0.04652182327062966,0.9740114212036133,-0.1500161240529008,0.1500161240529008,0.033999090001088916,pixhawk_fused,True,0.8,0.2,gyro,-1.0,0.05383642390370369,-0.7076290845870972,0.03052386157782599
48.05444630002603,10071.162619399,odom,navigating,,0.041248508503219955,0.07553901779610545,-0.1761686708588578,1.2585524123566565,-3.1336960291373797,0.15529534019113206,-0.12975088677144916,0.9740114212036133,-0.1500161240529008,0.1500161240529008,0.15382255500117026,pixhawk_fused,True,0.8,0.2,gyro,-1.0,0.054214585572481155,-0.7125996947288513,0.0254107627725811
48.0545364000136,10071.281753564,odom,navigating,,0.046575595357337046,0.07263394733358758,-0.24711492582873484,1.2645349198951505,-3.1347093860810884,0.084349085221255,-0.2212196967228303,1.0395642518997192,-0.21586820582856608,0.21586820582856608,0.09488587899977574,pixhawk_fused,True,0.8,0.2,gyro,-1.0,0.05898721143603325,-0.7753313779830933,0.019614512843332377
48.39519590011332,10071.383776611,odom,navigating,,0.051048086697798305,0.06967177616602392,-0.4124837014171663,1.269727932330671,-3.1360548446129566,-0.08101969036717643,-0.3020760163784946,1.2254219055175781,-0.40227716360797355,0.40227716360797355,0.007261739001478418,pixhawk_fused,True,0.8,0.2,gyro,-1.0,0.062331680208444595,-0.8192912340164185,0.014373017347825102
48.39529100002255,10071.503785944,odom,navigating,,0.05611305569743446,0.06562423932125204,-0.4561472962703518,1.2758343800986849,-3.138233780393006,-0.12468328522036193,-0.3998162120679003,1.2563166618347168,-0.432459568126101,0.432459568126101,0.015210706998914247,pixhawk_fused,True,0.8,0.2,gyro,-1.0,0.06453792750835419,-0.8482903242111206,0.007940304235120878
48.395360200083815,10071.622062995,odom,navigating,,0.06083200318404687,0.06102436001717056,-0.603008923114418,1.2817933889023871,-3.1410475979192363,-0.27154491206442816,-0.4991661578502851,1.4159762859344482,-0.5911632429193443,0.5911632429193443,0.024020511000344413,pixhawk_fused,True,0.8,0.2,gyro,-1.0,0.06434423476457596,-0.8457443714141846,0.0013527445237649933
48.715512500028126,10071.722770491,odom,navigating,,0.06435698381089588,0.056902475089919746,-0.6193089628091901,1.286467869521955,-3.14379798965687,-0.2878449517592003,-0.5809151585951786,1.4159762859344482,-0.5911632429193443,0.5911632429193443,0.12432449700099824,pixhawk_fused,True,0.8,0.2,gyro,-1.0,0.06432171911001205,-0.8454484343528748,0.004059826954781513
48.7156202000333,10071.842129114,odom,navigating,,0.06830345146259947,0.05132236093032434,-0.7828658546978641,1.2920154425134005,-3.1477900711771603,-0.4514018436478742,-0.6839500844759461,1.5939373970031738,-0.7697903559636062,0.7697903559636062,0.021873976000279072,pixhawk_fused,True,0.8,0.2,gyro,-1.0,0.0666479766368866,-0.8760249018669128,0.010811777937684265
48.71567600010894,10071.943106181,odom,navigating,,0.07107465308032174,0.04650366563470951,-0.8516266813112967,1.2962039360249349,-3.1514446443207547,-0.5201626702613069,-0.7677437690852124,1.6592684984207153,-0.8348010943960136,0.8348010943960136,0.041687136001201,pixhawk_fused,True,0.8,0.2,gyro,-1.0,0.06409098207950592,-0.8424156308174133,0.016198554720626725
49.035373100079596,10072.062418693,odom,navigating,,0.0738371086369205,0.040479934702223684,-0.8715028313754687,1.3007763115225326,-3.156241505519303,-0.5400388203254789,-0.8676430202971519,1.6592684984207153,-0.8348010943960136,0.8348010943960136,0.16124466300061613,pixhawk_fused,True,0.8,0.2,gyro,-1.0,0.06454764306545258,-0.8484179973602295,0.022443271297830296
49.035480400081724,10072.162818659,odom,navigating,,0.07573895930084883,0.0350532476281768,-0.9542325677536867,1.304340632888255,-3.1607538864594904,-0.6227685567036969,-0.954335857383479,1.7403595447540283,-0.9165515380929893,0.9165515380929893,0.083719543999905,pixhawk_fused,True,0.8,0.2,gyro,-1.0,0.06454116851091385,-0.8483328819274902,0.027660008995709136
49.03553460002877,10072.263186626,odom,navigating,,0.07717157728680504,0.029446289568513417,-1.1033718320931643,1.3075199285241854,-3.1655894269914127,-0.7719078210431745,-1.041570328855745,1.9057482481002808,-1.0810452836584037,1.0810452836584037,0.07064441100010299,pixhawk_fused,True,0.8,0.2,gyro,-1.0,0.06712955236434937,-0.8823547959327698,0.032678925617322406
49.37372530007269,10072.381634156,odom,navigating,,0.07823089841179062,0.022648918222471157,-1.1239613420670036,1.3107336404486822,-3.171672064094527,-0.7924973310170138,-1.1452920450345467,1.9057482481002808,-1.0810452836584037,1.0810452836584037,0.18930988099964452,pixhawk_fused,True,0.8,0.2,gyro,-1.0,0.06666457653045654,-0.8762431144714355,0.03829118691143472
49.37383720010985,10072.48220973,odom,navigating,,0.07856853849126769,0.017057693207856613,-1.2465472698114612,1.312872441221521,-3.176849064117844,-0.9150832587614715,-1.2297265377040048,2.037890911102295,-1.2130521195959036,1.2130521195959036,0.09499871200023335,pixhawk_fused,True,0.8,0.2,gyro,-1.0,0.061554938554763794,-0.8090817332267761,0.04253556690403383
49.373886900022626,10072.602452412,odom,navigating,,0.07832640607171032,0.010119274004160236,-1.358358370807665,1.3149014425963956,-3.1834886004401772,-1.0268943597576752,-1.335759868312619,2.1518445014953613,-1.3262944992612784,1.3262944992612784,0.11166233800031478,pixhawk_fused,True,0.8,0.2,gyro,-1.0,0.06710261106491089,-0.8820006251335144,0.04734178272127876
49.67565820005257,10072.702934637,odom,navigating,,0.07754878044859219,0.0042899337654616065,-1.44417536697416,1.3160631742947393,-3.1892536926934985,-1.1127113559241701,-1.4257942972126718,2.2365734577178955,-1.4110666383933013,1.4110666383933013,0.09363382899937278,pixhawk_fused,True,0.8,0.2,gyro,-1.0,0.06712618470191956,-0.8823105096817017,0.05097949907340572
49.67574550001882,10072.803333955,odom,navigating,,0.07623127265934065,-0.001535477461145903,-1.5306014968939428,1.3167131326628,-3.1951907624129485,-1.199137485843953,-1.515828742285472,2.323199510574341,-1.4965992830227797,1.4965992830227797,0.01699773099971935,pixhawk_fused,True,0.8,0.2,gyro,-1.0,0.06711944937705994,-0.8822219967842102,0.04744987161641403
49.67580180009827,10072.903516907,odom,navigating,,0.07433799176090895,-0.007375616761361194,-1.6323017103735846,1.3168234519442772,-3.2013291310286656,-1.3008376993235948,-1.608373406167026,2.427377223968506,-1.6005674121807998,1.6005674121807998,0.07444045299962454,pixhawk_fused,True,0.8,0.2,gyro,-1.0,0.07487151771783829,-0.9841156005859375,0.041548572110591916
49.99469270010013,10073.022219598,odom,navigating,,0.0713283778835208,-0.014183213712284159,-1.7124200157633602,1.3161930411963083,-3.2087455812729555,-1.3809560047133704,-1.7234321624395104,2.498685836791992,-1.6720464451145118,1.6720464451145118,0.042299902999729966,pixhawk_fused,True,0.8,0.2,gyro,-1.0,0.06649215519428253,-0.9412093758583069,0.034221171727526686
49.99479190004058,10073.122229609,odom,navigating,,0.0682467393684879,-0.019533213948160787,-1.879736044597458,1.3150201839907847,-3.2148072150821414,-1.5482720335474682,-1.8205696370134532,2.685073137283325,-1.8567537296246475,1.8567537296246475,0.03504886799964879,pixhawk_fused,True,0.8,0.2,gyro,-1.0,0.06947092711925507,-0.9807692170143127,0.028062360157393718
49.99484610010404,10073.222493912,odom,navigating,,0.06446537961278834,-0.024825154420509116,-1.9751161049857955,1.3131667992666305,-3.221041658171077,-1.6436520939358057,-1.9186226387434393,2.7789719104766846,-1.951468771440882,1.951468771440882,0.011121170000478742,pixhawk_fused,True,0.8,0.2,gyro,-1.0,0.07975892722606659,-1.048356056213379,0.02156072685900269
50.334482600097544,10073.342577598,odom,navigating,,0.05916587419817364,-0.03075580942125388,-1.9988912508662917,1.3100857616146735,-3.228374095239652,-1.667427239816302,-2.0385566891559397,2.7789719104766846,-1.951468771440882,1.951468771440882,0.1314827959995455,pixhawk_fused,True,0.8,0.2,gyro,-1.0,0.07948072999715805,-1.0446993112564087,0.013681115410481256
50.334595300024375,10073.442961233,odom,navigating,,0.054323376308990916,-0.035107444275781406,-2.170345795253905,1.3069229982744592,-3.234064740173899,-1.8388817842039153,-2.1380669536733925,2.967377185821533,-2.140682322187323,2.140682322187323,0.05035786899861705,pixhawk_fused,True,0.8,0.2,gyro,-1.0,0.07948072999715805,-1.0446993112564087,0.007366392482083081
50.33465390000492,10073.562324173,odom,navigating,,0.048128845430059325,-0.03955346952353961,-2.270428163634556,1.302512514502837,-3.2402846265244682,-1.9389641525845662,-2.2569328565873543,3.0642905235290527,-2.2361097351144736,2.2361097351144736,0.06145335399924079,pixhawk_fused,True,0.8,0.2,gyro,-1.0,0.06712955236434937,-0.9502280950546265,0.00021793357338046544
50.679556600051,10073.662790528,odom,navigating,,0.042258418164577954,-0.042853290096912966,-2.2912370075052957,1.2980354856415395,-3.2453152273505004,-1.959772996455306,-2.3624016526840923,3.0642905235290527,-2.2361097351144736,2.2361097351144736,0.16193876499892212,pixhawk_fused,True,0.8,0.2,gyro,-1.0,0.07228610664606094,-1.0858662128448486,0.0057988456283767885
50.67966170003638,10073.782414704,odom,navigating,,0.03694141568842358,-0.04506075810566855,-2.4013546102020724,1.2937262751782663,-3.2491328359637985,-2.0698905991520826,-2.5267540629349297,-3.122201442718506,-2.3330904419850294,2.3330904419850294,0.10322117599935154,pixhawk_fused,True,0.8,0.2,gyro,-1.0,0.03846033290028572,-1.6513813734054565,0.010600472142640269
50.67972430004738,10073.90619738,odom,navigating,,0.03250743983984987,-0.04602078189380226,-2.6510220461860285,1.2898460725899925,-3.2514835412565715,-2.3195580351360388,-2.710714036653928,-2.854408025741577,-2.598695220632452,2.598695220632452,0.06714508500044758,pixhawk_fused,True,0.8,0.2,gyro,-1.0,0.04120180755853653,-1.5603123903274536,0.013874156746328891
51.03642900008708,10074.022652169,odom,navigating,,0.02736720034385791,-0.046130525198382566,-2.782711707600195,1.2850213456351425,-3.2532600871974915,-2.451247696550205,-2.899877221153197,-2.735692024230957,-2.716430339498419,2.716430339498419,0.0339815350016579,pixhawk_fused,True,0.8,0.2,gyro,-1.0,0.05403294041752815,-1.589522361755371,0.016837303964594024
51.03651590005029,10074.142408028,odom,navigating,,0.02192472659044019,-0.04518925589598874,-3.067660628860461,1.2795688073498892,-3.2541411857754707,-2.7361966178104713,-3.0896965625750803,-2.4273276329040527,-3.0245709630679074,3.0245709630679074,0.04696296799920674,pixhawk_fused,True,0.8,0.2,gyro,-1.0,0.061535127460956573,-1.5502948760986328,0.019097686681032885
51.03656960010994,10074.263289016,odom,navigating,,0.017101293618278057,-0.043373949397088406,3.051521555618659,1.2744171776420103,-3.253994370671375,-2.9001997405109377,2.9947125064164135,-2.273214340209961,3.1031435907995677,-3.1031435907995677,0.05056540300029155,pixhawk_fused,True,0.8,0.2,gyro,-1.0,0.05421457812190056,-1.5948659181594849,0.02028730957908929
51.37530550011434,10074.381844361,odom,navigating,,0.012347206882450949,-0.040390957849451195,2.811380860278412,1.2689511223854169,-3.252720864017718,-3.1403404358511846,2.807395572816615,-2.015390157699585,2.850020574561355,-2.850020574561355,0.03217501200015249,pixhawk_fused,True,0.8,0.2,gyro,-1.0,0.025822944939136505,-1.7649753093719482,0.020469785295770784
51.37541340000462,10074.483034149,odom,navigating,,0.010320128693313238,-0.03870277536547477,2.738211864653891,1.2664850029527388,-3.2517842418805407,3.0696758757038807,2.6832501426335877,-1.9669955968856812,2.789382064453361,-2.789382064453361,0.08177319300011732,pixhawk_fused,True,0.8,0.2,gyro,-1.0,0.0,-1.4872455596923828,0.02020235966950904
51.375466100056656,10074.602717788,odom,navigating,,0.010080721429044641,-0.038451698461620276,2.6167639406283887,1.2661769199828836,-3.251624741618726,2.9482279516783785,2.5462566767764034,-1.8477429151535034,2.6717309356844403,-2.6717309356844403,0.024232952999227564,pixhawk_fused,True,0.8,0.2,gyro,-1.0,-0.005159800406545401,-1.0855649709701538,0.020127903288002985
51.715847500017844,10074.7037683,odom,navigating,,0.009909449177694981,-0.03820361801795883,2.4270744737856953,1.2659342383589747,-3.251445901690224,2.758538484835685,2.447059230790364,-1.6353071928024292,2.4597859615004043,-2.4597859615004043,0.01616326399926038,pixhawk_fused,True,0.8,0.2,gyro,-1.0,0.007715905085206032,-0.8451526165008545,0.02001786120412892
51.71595060010441,10074.822842339,odom,navigating,,0.009949248202091233,-0.03825316301425314,2.4020818764228093,1.2659879943142278,-3.251479798095277,2.733545887472799,2.320335069109513,-1.6353071928024292,2.4597859615004043,-2.4597859615004043,0.13527185899874894,pixhawk_fused,True,0.8,0.2,gyro,-1.0,0.015389503911137581,-0.8765489459037781,0.02003671260420623
51.715998700005,10074.943277632,odom,navigating,,0.010012759049607998,-0.03839707913994017,2.2769790813420534,1.2660948823645184,-3.2515952122351828,2.608443092392043,2.183601065447417,-1.5128802061080933,2.337508153907059,-2.337508153907059,0.05766975700134935,pixhawk_fused,True,0.8,0.2,gyro,-1.0,0.0,-1.0861387252807617,0.020120579992661407
52.05595380009618,10075.062827385,odom,navigating,,0.009969887415888704,-0.03819670803390553,2.0938223220928456,1.2659891380579567,-3.2514196995611644,2.4252863331428354,2.050498554926638,-1.316066861152649,2.1421421438372117,-2.1421421438372117,0.06606610599919804,pixhawk_fused,True,0.8,0.2,gyro,-1.0,0.007693218532949686,-0.9774944186210632,0.01997836037134055
52.056066300021484,10075.163646605,odom,navigating,,0.010002987007937007,-0.03846541139144491,1.9845245084519525,1.2661078794523457,-3.2516630050452893,2.3159885195019423,1.9305492079335513,-1.207615613937378,2.0354533706819993,-2.0354533706819993,0.05495449099908001,pixhawk_fused,True,0.8,0.2,gyro,-1.0,-0.007212277967482805,-1.2323819398880005,0.02018271035280236
52.05612040008418,10075.281921716,odom,navigating,,0.009989360574206073,-0.03845324426250386,1.958676710555879,1.2660910352265216,-3.251655934629511,2.290140721605869,1.7977063362090413,-1.207615613937378,2.0354533706819993,-2.0354533706819993,0.17306316000031075,pixhawk_fused,True,0.8,0.2,gyro,-1.0,-2.047247107839212e-06,-1.0788562297821045,0.02018023358758971
52.375601100036874,10075.382857361,odom,navigating,,0.009961251352234194,-0.03860169592144029,1.7013815978665572,1.2661127663573686,-3.251805453127875,2.032845608916547,1.6789777120612863,-0.9191278219223022,1.74456183444619,-1.74456183444619,0.02396632700038026,pixhawk_fused,True,0.8,0.2,gyro,-1.0,-0.005162255372852087,-1.221354365348816,0.020319055596503138
52.37570230010897,10075.502579149,odom,navigating,,0.010002404873475859,-0.03844409828393419,1.6368529110367993,1.2661003931297572,-3.2516430415183866,1.968316922086789,1.535392387023627,-0.8731268048286438,1.6993403912699203,-1.6993403912699203,0.09213113700025133,pixhawk_fused,True,0.8,0.2,gyro,-1.0,0.0025640190578997135,-1.2469614744186401,0.020165359961759652
52.37575850007124,10075.603041043,odom,navigating,,0.009957183497539086,-0.03856686738711764,1.5219883760065904,1.2660975857587866,-3.251773844210279,1.8534523870565802,1.411521651074793,-0.7586240768432617,1.5866533940947036,-1.5866533940947036,0.02339759699862043,pixhawk_fused,True,0.8,0.2,gyro,-1.0,0.00569473672658205,-1.1976314783096313,0.020292444080124185
52.71521900000516,10075.703457919,odom,navigating,,0.010013700879322057,-0.03849307047184128,1.3124481820553904,1.2661270111656273,-3.2516856719664595,1.6439121931053802,1.2963940792356425,-0.5257894396781921,1.3540646338379363,-1.3540646338379363,0.015265447000274435,pixhawk_fused,True,0.8,0.2,gyro,-1.0,0.0103281419724226,-1.0181527137756348,0.020199662511378908
52.71531830006279,10075.822623736,odom,navigating,,0.010203759224692296,-0.038259383807155205,1.2860621524648712,1.2662306759381368,-3.2514028553353405,1.617526163514861,1.1617504605094122,-0.5257894396781921,1.3540646338379363,-1.3540646338379363,0.13436265400014236,pixhawk_fused,True,0.8,0.2,gyro,-1.0,-0.005166922230273485,-1.290372371673584,0.019899662457318158
52.715378000051714,10075.941942346,odom,navigating,,0.010618996556284682,-0.037845883318294624,1.1591856485828869,1.266488746114033,-3.2508767332200965,1.4906496596328767,1.034278571871133,-0.39710700511932373,1.227331373683212,-1.227331373683212,0.0541033219997189,pixhawk_fused,True,0.8,0.2,gyro,-1.0,0.010258132591843605,-0.9438346028327942,0.019324717042166116
53.03508640010841,10076.042518757,odom,navigating,,0.010781414473405766,-0.03772254277711493,0.9896875922256452,1.2666021846965885,-3.2507072511948305,1.321151603275635,0.9287793021804787,-0.211492657661438,1.0423116384661175,-1.0423116384661175,0.044787508000808884,pixhawk_fused,True,0.8,0.2,gyro,-1.0,-0.010327620431780815,-1.2217220067977905,0.019131674881703573
53.0351948000025,10076.142597362,odom,navigating,,0.010873135704090393,-0.037660201896253374,0.9678835146419138,1.266668625809561,-3.250618455090795,1.2993475256919036,0.8167644827702903,-0.211492657661438,1.0423116384661175,-1.0423116384661175,0.14477483600057894,pixhawk_fused,True,0.8,0.2,gyro,-1.0,-0.007746105547994375,-1.1878448724746704,0.019028723859811237
53.035249300068244,10076.262447352,odom,navigating,,0.01106726398275289,-0.0375559120487939,0.8571501050098735,1.2668182482846273,-3.2504566673415227,1.1886141160598633,0.6795422203346195,-0.10586832463741302,0.9378765879785992,-0.9378765879785992,0.08688969499962695,pixhawk_fused,True,0.8,0.2,gyro,-1.0,-0.002581647364422679,-1.2555326223373413,0.01883376274992757
53.354218500084244,10076.362880804,odom,navigating,,0.011410788244829422,-0.037460373173878916,0.7478866567977165,1.2671119824695214,-3.2502545366316347,1.0793506678477063,0.565772691024333,0.0017022006213665009,0.8296792207872845,-0.8296792207872845,0.07567702600135817,pixhawk_fused,True,0.8,0.2,gyro,-1.0,0.018071915954351425,-0.916136622428894,0.018562583386947867
53.35433570004534,10076.464202424,odom,navigating,,0.011279279385215139,-0.037492306418407916,0.542677477253948,1.2669980240034526,-3.250327528276872,0.8741414883039378,0.45044676406724377,0.22473250329494476,0.6029282413637616,-0.6029282413637616,0.05349429600028088,pixhawk_fused,True,0.8,0.2,gyro,-1.0,-0.0025730004999786615,-1.1836869716644287,0.018662547883911976
53.354396100039594,10076.581606885,odom,navigating,,0.01122937132975423,-0.03749162433219779,0.5184567087183172,1.2669506106270592,-3.2503431247822645,0.849920719768307,0.32498898614231897,0.22473250329494476,0.6029282413637616,-0.6029282413637616,0.17166952099978516,pixhawk_fused,True,0.8,0.2,gyro,-1.0,-0.0025812580715864897,-0.9839180111885071,0.018689868572846543
53.67702740000095,10076.682283035,odom,navigating,,0.011509087307960577,-0.03749266445123035,0.4125446968133772,1.2672154392886255,-3.250253080957798,0.744008707863367,0.2295605097036277,0.3352816700935364,0.4945429592049099,-0.4945429592049099,0.09428819200002181,pixhawk_fused,True,0.8,0.2,gyro,-1.0,-0.015389246866106987,-1.14639413356781,0.018534438532732025
53.67713950003963,10076.782699469,odom,navigating,,0.012022555111479006,-0.03754842176509454,0.2455713167278108,1.2677191024361039,-3.2501387065849188,0.5770353277778006,0.16034664519754888,0.5249027609825134,0.3041209189808346,-0.3041209189808346,0.08601106300011452,pixhawk_fused,True,0.8,0.2,gyro,-1.0,-0.01794636808335781,-0.8424575328826904,0.018293777308950463
53.677197300014086,10076.90377827,odom,navigating,,0.012416115538339502,-0.03762317091451018,0.13442769450773923,1.268115565603184,-3.250081311445074,0.4658917055577291,0.0920177908623282,0.6520461440086365,0.18252341585516704,-0.18252341585516704,0.011410535998948035,pixhawk_fused,True,0.8,0.2,gyro,-1.0,0.005131624639034271,-0.47207191586494446,0.018135865461497893
54.015224200091325,10077.022530299,odom,navigating,,0.01293680856366983,-0.03776784522951604,0.08469221530923815,1.2686549967363627,-3.2500486627604523,0.416156226359228,0.039680148317203214,0.6991060972213745,0.133425943008659,-0.133425943008659,0.012360500000795582,pixhawk_fused,True,0.8,0.2,gyro,-1.0,-0.002581906272098422,-0.37330392003059387,0.017964908905635166
54.015332400100306,10077.142608842,odom,navigating,,0.01288961514217131,-0.03775512186573825,0.08077712090568057,1.268606231662835,-3.250051990014936,0.4122411319556704,0.019767427956679552,0.6991060972213745,0.133425943008659,-0.133425943008659,0.13276425900039612,pixhawk_fused,True,0.8,0.2,gyro,-1.0,0.002587749157100916,-0.034013524651527405,0.017980726552055327
54.01538730005268,10077.242709948,odom,navigating,,0.012936291428890145,-0.03777030634656155,0.055949961533276416,1.2686553086664705,-3.250051158201315,0.38741397258326626,0.017692232742524766,0.7273316383361816,0.10302698110699428,-0.10302698110699428,0.05434396599957836,pixhawk_fused,True,0.8,0.2,gyro,-1.0,0.0,0.0,0.01796723894253521
54.376455200021155,10077.363228409,odom,navigating,,0.012724060910566319,-0.03770034372493626,0.048470758922997126,1.268431862732546,-3.2500540695489883,0.379934769972987,0.0023724078829808135,0.7311034202575684,0.09747072971522583,-0.09747072971522583,0.05098052699941036,pixhawk_fused,True,0.8,0.2,gyro,-1.0,-0.0025817768182605505,-0.30541515350341797,0.01802780145848916
54.37656930007506,10077.483465135,odom,navigating,,0.013227949167490186,-0.037885858496299864,0.035431550963901326,1.268968694448159,-3.2500655069862763,0.3668955620138912,-0.02487979011100968,0.7395578622817993,0.08790973342120423,-0.08790973342120423,0.11221731400110002,pixhawk_fused,True,0.8,0.2,gyro,-1.0,0.010252002626657486,-0.20212937891483307,0.017900104982116173
54.37662770005409,10077.603809025,odom,navigating,,0.01402156585505461,-0.038185821574800674,-0.00017726859971944897,1.2698167284347062,-3.250090877301715,0.3312867424502704,-0.037681912132861976,0.7847771644592285,0.04671490202009453,-0.04671490202009453,0.0075319010011298815,pixhawk_fused,True,0.8,0.2,gyro,-1.0,0.0025663243141025305,-0.03373191878199577,0.017705437102408243
54.728290600003675,10077.722868605,odom,navigating,,0.01397963433115719,-0.038169630963583834,-0.0006626966494675535,1.2697718104991755,-3.250089213674473,0.3308013144005223,-0.037010527230387905,0.7850001454353333,0.045945477069390554,-0.045945477069390554,0.013904082999943057,pixhawk_fused,True,0.8,0.2,gyro,-1.0,0.0,0.0,0.017715439135887096
54.72838920005597,,mission_status,reached,reached waypoint 4/4,0.01397963433115719,-0.038169630963583834,-0.0006626966494675535,,,,,,,,,,,,,,,,,
54.72840890008956,10077.842356585,odom,reached,,0.01397963433115719,-0.038169630963583834,-0.0004885885280561664,1.2697718104991755,-3.250089213674473,0.3309754225219337,-0.037010527230387905,0.7850983142852783,0.04616233255065753,-0.04616233255065753,0.02379231299892126,pixhawk_fused,True,0.8,0.2,gyro,-1.0,0.0,0.0,0.017715439135887096
54.72844580002129,,mission_status,done,mission complete,0.01397963433115719,-0.038169630963583834,-0.0004885885280561664,,,,,,,,,,,,,,,,,
55.75515070010442,10077.962947453,odom,done,,0.01397963433115719,-0.038169630963583834,-0.0005525006909842811,1.2697718104991755,-3.250089213674473,0.33091151035900557,-0.037010527230387905,0.7851824164390564,0.0460827287119232,-0.0460827287119232,0.061995680998734315,pixhawk_fused,True,0.8,0.2,gyro,-1.0,0.0,0.0,0.017715439135887096
55.7552462000167,10078.083671947,odom,done,,0.01397963433115719,-0.038169630963583834,-0.0006483776102232386,1.2697718104991755,-3.250089213674473,0.3308156334397666,-0.037010527230387905,0.7852826118469238,0.045963311798905566,-0.045963311798905566,0.0048960790009004995,pixhawk_fused,True,0.8,0.2,gyro,-1.0,0.0,0.0,0.017715439135887096
55.755337800015695,10078.202914821,odom,done,,0.01397963433115719,-0.038169630963583834,-0.0008035436258950202,1.2697718104991755,-3.250089213674473,0.33066046742409483,-0.037010527230387905,0.7855051159858704,0.04577004805955811,-0.04577004805955811,0.010664252999049495,pixhawk_fused,True,0.8,0.2,gyro,-1.0,0.0,0.0,0.017715439135887096
55.75542470009532,10078.322360933,odom,done,,0.01397963433115719,-0.038169630963583834,-0.0008035436258950202,1.2697718104991755,-3.250089213674473,0.33066046742409483,-0.037010527230387905,0.7855051159858704,0.04577004805955811,-0.04577004805955811,0.13021630699950038,pixhawk_fused,True,0.8,0.2,gyro,-1.0,0.0,0.0,0.017715439135887096
55.75548990000971,10078.42293705,odom,done,,0.01397963433115719,-0.038169630963583834,-0.0009000776225177587,1.2697718104991755,-3.250089213674473,0.3305639334274721,-0.037010527230387905,0.7856483459472656,0.04564981163296623,-0.04564981163296623,0.03628816300079052,pixhawk_fused,True,0.8,0.2,gyro,-1.0,0.0,0.0,0.017715439135887096
55.75559010007419,10078.524820366,odom,done,,0.01397963433115719,-0.038169630963583834,-0.0010243201821225068,1.2697718104991755,-3.250089213674473,0.33043969086786734,-0.037010527230387905,0.7858235836029053,0.04549506260830684,-0.04549506260830684,0.03373952299989469,pixhawk_fused,True,0.8,0.2,gyro,-1.0,0.0,0.0,0.017715439135887096
55.755636000074446,10078.642620396,odom,done,,0.01397963433115719,-0.038169630963583834,-0.001103089408877822,1.2697718104991755,-3.250089213674473,0.330360921641112,-0.037010527230387905,0.7859312295913696,0.04539695205449833,-0.04539695205449833,0.034657580999919446,pixhawk_fused,True,0.8,0.2,gyro,-1.0,0.0,0.0,0.017715439135887096
55.755679100053385,10078.762278837,odom,done,,0.01397963433115719,-0.038169630963583834,-0.001103089408877822,1.2697718104991755,-3.250089213674473,0.330360921641112,-0.037010527230387905,0.7859312295913696,0.04539695205449833,-0.04539695205449833,0.15467205200002354,pixhawk_fused,True,0.8,0.2,gyro,-1.0,0.0,0.0,0.017715439135887096
55.75572040001862,10078.863194189,odom,done,,0.01397963433115719,-0.038169630963583834,-0.0012821808791771416,1.2697718104991755,-3.250089213674473,0.3301818301708127,-0.037010527230387905,0.7861830592155457,0.045173884659109244,-0.045173884659109244,0.0350236850008514,pixhawk_fused,True,0.8,0.2,gyro,-1.0,0.0,0.0,0.017715439135887096
55.755761000094935,10078.982739188,odom,done,,0.01397963433115719,-0.038169630963583834,-0.0013385849208163991,1.2697718104991755,-3.250089213674473,0.33012542612917345,-0.037010527230387905,0.7862668037414551,0.04510363029785229,-0.04510363029785229,0.004548400000203401,pixhawk_fused,True,0.8,0.2,gyro,-1.0,0.0,0.0,0.017715439135887096
