local_t,bridge_t,event_type,mission_state,event_message,x_m,y_m,yaw_rad,raw_x_m,raw_y_m,raw_yaw_rad,encoder_yaw_rad,pixhawk_yaw_rad,pixhawk_yaw_ros_rad,pixhawk_gyro_yaw_rad,pixhawk_age_s,yaw_source,use_pixhawk_yaw,pixhawk_weight,encoder_weight,pixhawk_yaw_mode,pixhawk_yaw_sign,linear_x_mps,angular_z_radps,nearest_path_error_m
1.0148715999675915,9483.213768193,odom,idle,,0.0,0.0,0.00015083245049707372,1.121004231881742,-3.002433344312386,0.7083847949120198,0.7082339624615227,0.7112475633621216,0.00015589780826121555,-0.00015589780826121555,0.1433374959997309,pixhawk_fused,True,0.8,0.2,gyro,-1.0,0.0,0.0,0.0
1.014970500022173,9483.334133214,odom,idle,,0.0,0.0,0.00015359900009037641,1.121004231881742,-3.002433344312386,0.7083875614616131,0.7082339624615227,0.7112339735031128,0.00015935599524527776,-0.00015935599524527776,0.08554602000003797,pixhawk_fused,True,0.8,0.2,gyro,-1.0,0.0,0.0,0.0
1.0150002000154927,9483.45337786,odom,idle,,0.0,0.0,0.00015412563320515993,1.121004231881742,-3.002433344312386,0.7083880880947279,0.7082339624615227,0.7112135887145996,0.00016001428663730608,-0.00016001428663730608,0.013506642999345786,pixhawk_fused,True,0.8,0.2,gyro,-1.0,0.0,0.0,0.0
1.0150272999890149,9483.553584266,odom,idle,,0.0,0.0,0.00015280777450621397,1.121004231881742,-3.002433344312386,0.7083867702360289,0.7082339624615227,0.7112175822257996,0.00015836696326732624,-0.00015836696326732624,0.006411330999981146,pixhawk_fused,True,0.8,0.2,gyro,-1.0,0.0,0.0,0.0
1.0150502000469714,9483.673555873,odom,idle,,0.0,0.0,0.00013431001611174942,1.121004231881742,-3.002433344312386,0.7083682724776345,0.7082339624615227,0.7112089991569519,0.00013524476531893002,-0.00013524476531893002,0.011385333998987335,pixhawk_fused,True,0.8,0.2,gyro,-1.0,0.0,0.0,0.0
1.015073399990797,9483.773979421,odom,idle,,0.0,0.0,0.00013431001611174942,1.121004231881742,-3.002433344312386,0.7083682724776345,0.7082339624615227,0.7112089991569519,0.00013524476531893002,-0.00013524476531893002,0.11171360699881916,pixhawk_fused,True,0.8,0.2,gyro,-1.0,0.0,0.0,0.0
1.0151001999620348,9483.874363044,odom,idle,,0.0,0.0,0.00015392620276877267,1.121004231881742,-3.002433344312386,0.7083878886642915,0.7082339624615227,0.7111729979515076,0.00015976499859243618,-0.00015976499859243618,0.03372694100107765,pixhawk_fused,True,0.8,0.2,gyro,-1.0,0.0,0.0,0.0
1.0151235000230372,9483.994302541,odom,idle,,0.0,0.0,0.00014259617859246898,1.121004231881742,-3.002433344312386,0.7083765586401152,0.7082339624615227,0.7111794948577881,0.0001456024684011935,-0.0001456024684011935,0.028573090999998385,pixhawk_fused,True,0.8,0.2,gyro,-1.0,0.0,0.0,0.0
1.015145399956964,9484.11330812,odom,idle,,0.0,0.0,0.00014259617859246898,1.121004231881742,-3.002433344312386,0.7083765586401152,0.7082339624615227,0.7111794948577881,0.0001456024684011935,-0.0001456024684011935,0.14871200699963083,pixhawk_fused,True,0.8,0.2,gyro,-1.0,0.0,0.0,0.0
1.8376617999747396,9484.233834639,odom,idle,,0.0,0.0,-2.171198129685692e-05,1.121004231881742,-3.002433344312386,0.7083548466588183,0.7082339624615227,0.7111932635307312,0.00011846249178051936,-0.00011846249178051936,0.09054232100061199,pixhawk_fused,True,0.8,0.2,gyro,-1.0,0.0,0.0,0.0
1.8377442000200972,9484.354273329,odom,idle,,0.0,0.0,-4.6881830695566507e-05,1.121004231881742,-3.002433344312386,0.7083296768094196,0.7082339624615227,0.7112123370170593,8.700018003582941e-05,-8.700018003582941e-05,0.09438498700001219,pixhawk_fused,True,0.8,0.2,gyro,-1.0,0.0,0.0,0.0
1.837791100027971,9484.473589218,odom,idle,,0.0,0.0,-4.523590803440225e-05,1.121004231881742,-3.002433344312386,0.7083313227320808,0.7082339624615227,0.7111963033676147,8.905758336186395e-05,-8.905758336186395e-05,0.02393320900046092,pixhawk_fused,True,0.8,0.2,gyro,-1.0,0.0,0.0,0.0
1.8378308999817818,9484.5936549,odom,idle,,0.0,0.0,-7.198014931053542e-05,1.121004231881742,-3.002433344312386,0.7083045784908046,0.7082339624615227,0.7112195491790771,5.562728177756057e-05,-5.562728177756057e-05,0.03412148600000364,pixhawk_fused,True,0.8,0.2,gyro,-1.0,0.0,0.0,0.0
1.8378847000421956,9484.713183541,odom,idle,,0.0,0.0,-7.690614612332336e-05,1.121004231881742,-3.002433344312386,0.7082996524939918,0.7082339624615227,0.7112244367599487,4.946978576481328e-05,-4.946978576481328e-05,0.043048780999015435,pixhawk_fused,True,0.8,0.2,gyro,-1.0,0.0,0.0,0.0
1.8379297000356019,9484.813728737,odom,idle,,0.0,0.0,-7.690614612332336e-05,1.121004231881742,-3.002433344312386,0.7082996524939918,0.7082339624615227,0.7112244367599487,4.946978576481328e-05,-4.946978576481328e-05,0.14332074400044803,pixhawk_fused,True,0.8,0.2,gyro,-1.0,0.0,0.0,0.0
1.8379651999566704,9484.932988535,odom,idle,,0.0,0.0,-0.00011079173092320982,1.121004231881742,-3.002433344312386,0.708265766909192,0.7082339624615227,0.7112576961517334,7.1128048002718395e-06,-7.1128048002718395e-06,0.03371205399889732,pixhawk_fused,True,0.8,0.2,gyro,-1.0,0.0,0.0,0.0
3.0394825000548735,9485.037480431,odom,idle,,0.0,0.0,-0.00011079173092320982,1.121004231881742,-3.002433344312386,0.708265766909192,0.7082339624615227,0.7112576961517334,7.1128048002718395e-06,-7.1128048002718395e-06,0.13792836499851546,pixhawk_fused,True,0.8,0.2,gyro,-1.0,0.0,0.0,0.0
3.0395860000280663,9485.170105969,odom,idle,,0.0,0.0,-0.0001338331968341322,1.121004231881742,-3.002433344312386,0.708242725443281,0.7082339624615227,0.7112551927566528,-2.1689027547836454e-05,2.1689027547836454e-05,0.011488442998597748,pixhawk_fused,True,0.8,0.2,gyro,-1.0,0.0,0.0,0.0
3.0396408999804407,9485.272538021,odom,idle,,0.0,0.0,-0.00015093481253403151,1.121004231881742,-3.002433344312386,0.7082256238275811,0.7082339624615227,0.7112760543823242,-4.306604713201538e-05,4.306604713201538e-05,0.006944148999536992,pixhawk_fused,True,0.8,0.2,gyro,-1.0,0.0,0.0,0.0
3.039684599963948,9485.372815135,odom,idle,,0.0,0.0,-0.00015093481253403151,1.121004231881742,-3.002433344312386,0.7082256238275811,0.7082339624615227,0.7112760543823242,-4.306604713201538e-05,4.306604713201538e-05,0.10722080099913,pixhawk_fused,True,0.8,0.2,gyro,-1.0,0.0,0.0,0.0
3.0397245000349358,9485.474098849,odom,idle,,0.0,0.0,-0.0001387284652233367,1.121004231881742,-3.002433344312386,0.7082378301748918,0.7082339624615227,0.7112709283828735,-2.7808113023638878e-05,2.7808113023638878e-05,0.015088170999661088,pixhawk_fused,True,0.8,0.2,gyro,-1.0,0.0,0.0,0.0
3.039760799962096,9485.57430054,odom,idle,,0.0,0.0,-0.00015574086543801435,1.121004231881742,-3.002433344312386,0.7082208177746772,0.7082339624615227,0.7112833857536316,-4.907361324876562e-05,4.907361324876562e-05,0.009369801000502775,pixhawk_fused,True,0.8,0.2,gyro,-1.0,0.0,0.0,0.0
3.0397983000148088,9485.693530046,odom,idle,,0.0,0.0,-0.00015574086543801435,1.121004231881742,-3.002433344312386,0.7082208177746772,0.7082339624615227,0.7112833857536316,-4.907361324876562e-05,4.907361324876562e-05,0.1285543640005926,pixhawk_fused,True,0.8,0.2,gyro,-1.0,0.0,0.0,0.0
3.0398340000538155,9485.793596315,odom,idle,,0.0,0.0,-0.00015080344017137648,1.121004231881742,-3.002433344312386,0.7082257551999438,0.7082339624615227,0.7112596035003662,-4.2901831679046305e-05,4.2901831679046305e-05,0.050777020000168704,pixhawk_fused,True,0.8,0.2,gyro,-1.0,0.0,0.0,0.0
3.039870099979453,9485.893931575,odom,idle,,0.0,0.0,-0.00014753333861727835,1.121004231881742,-3.002433344312386,0.7082290253014979,0.7082339624615227,0.7112563252449036,-3.881420474499479e-05,3.881420474499479e-05,0.03488535399992543,pixhawk_fused,True,0.8,0.2,gyro,-1.0,0.0,0.0,0.0
3.03990790003445,9486.013816785,odom,idle,,0.0,0.0,-0.00014053099834654414,1.121004231881742,-3.002433344312386,0.7082360276417686,0.7082339624615227,0.7112409472465515,-3.006127942353502e-05,3.006127942353502e-05,0.11280824899949948,pixhawk_fused,True,0.8,0.2,gyro,-1.0,0.0,0.0,0.0
3.039943899959326,9486.133497259,odom,idle,,0.0,0.0,-0.00013158279142944096,1.121004231881742,-3.002433344312386,0.7082449758486857,0.7082339624615227,0.7112265825271606,-1.887602079659715e-05,1.887602079659715e-05,0.08108454399916809,pixhawk_fused,True,0.8,0.2,gyro,-1.0,0.0,0.0,0.0
4.100139399990439,9486.254171801,odom,idle,,0.0,0.0,-2.37268209462016e-05,1.121004231881742,-3.002433344312386,0.7082212490277395,0.7082339624615227,0.7112448215484619,-4.853454697877184e-05,4.853454697877184e-05,0.09461259700037772,pixhawk_fused,True,0.8,0.2,gyro,-1.0,0.0,0.0,0.0
4.100267500034533,9486.374925563,odom,idle,,0.0,0.0,-2.4867699295771928e-05,1.121004231881742,-3.002433344312386,0.70822010814939,0.7082339624615227,0.7112295627593994,-4.996064491570011e-05,4.996064491570011e-05,0.09654694900018512,pixhawk_fused,True,0.8,0.2,gyro,-1.0,0.0,0.0,0.0
4.100315200048499,9486.493699642,odom,idle,,0.0,0.0,-3.292436972368584e-05,1.121004231881742,-3.002433344312386,0.708212051478962,0.7082339624615227,0.7112310528755188,-6.003148294985309e-05,6.003148294985309e-05,0.02884917899973516,pixhawk_fused,True,0.8,0.2,gyro,-1.0,0.0,0.0,0.0
4.100354399997741,9486.594874808,odom,idle,,0.0,0.0,-3.292436972368584e-05,1.121004231881742,-3.002433344312386,0.708212051478962,0.7082339624615227,0.7112310528755188,-6.003148294985309e-05,6.003148294985309e-05,0.12880282399964926,pixhawk_fused,True,0.8,0.2,gyro,-1.0,0.0,0.0,0.0
4.100400900002569,9486.7140618,odom,idle,,0.0,0.0,-4.212635830280753e-05,1.121004231881742,-3.002433344312386,0.7082028494903829,0.7082339624615227,0.7112374305725098,-7.153396867215648e-05,7.153396867215648e-05,0.07160615599968878,pixhawk_fused,True,0.8,0.2,gyro,-1.0,0.0,0.0,0.0
4.100439400062896,9486.833784889,odom,idle,,0.0,0.0,-5.662353113855545e-05,1.121004231881742,-3.002433344312386,0.7081883523175472,0.7082339624615227,0.7112449407577515,-8.965543471276774e-05,8.965543471276774e-05,0.08314556100049231,pixhawk_fused,True,0.8,0.2,gyro,-1.0,0.0,0.0,0.0
4.100477200001478,9486.953803857,odom,idle,,0.0,0.0,-7.762769089614263e-05,1.121004231881742,-3.002433344312386,0.7081673481577896,0.7082339624615227,0.7112536430358887,-0.00011591063439846053,0.00011591063439846053,0.006650102001003688,pixhawk_fused,True,0.8,0.2,gyro,-1.0,0.0,0.0,0.0
4.100514100049622,9487.074534731,odom,idle,,0.0,0.0,-0.00013135811172060308,1.121004231881742,-3.002433344312386,0.7081136177369651,0.7082339624615227,0.7112959027290344,-0.00018307366035878674,0.00018307366035878674,0.013897781000196119,pixhawk_fused,True,0.8,0.2,gyro,-1.0,0.0,0.0,0.0
4.100551499985158,9487.194810675,odom,idle,,0.0,0.0,-0.00014425348201829724,1.121004231881742,-3.002433344312386,0.7081007223666674,0.7082339624615227,0.711298406124115,-0.00019919287320226446,0.00019919287320226446,0.024829722000504262,pixhawk_fused,True,0.8,0.2,gyro,-1.0,0.0,0.0,0.0
4.4584252999629825,,mission_status,navigating,going to waypoint 1/4,0.0,0.0,-0.00014425348201829724,,,,,,,,,,,,,,,,,
4.458475999999791,9487.313675218,odom,navigating,,0.0,0.0,-0.00014425348201829724,1.121004231881742,-3.002433344312386,0.7081007223666674,0.7082339624615227,0.711298406124115,-0.00019919287320226446,0.00019919287320226446,0.14487384200037923,pixhawk_fused,True,0.8,0.2,gyro,-1.0,0.0,0.0,0.0
4.458527600043453,9487.433847723,odom,navigating,,0.0,0.0,-0.00011024496559519648,1.121004231881742,-3.002433344312386,0.7081347308830905,0.7082339624615227,0.7112293243408203,-0.00015668222773820178,0.00015668222773820178,0.0110257719989022,pixhawk_fused,True,0.8,0.2,gyro,-1.0,0.0,0.0,0.0
4.458569000009447,9487.553465819,odom,navigating,,0.0,0.0,-0.00010028866532618697,1.121004231881742,-3.002433344312386,0.7081446871833595,0.7082339624615227,0.7112009525299072,-0.0001442368524149062,0.0001442368524149062,0.08641122799963341,pixhawk_fused,True,0.8,0.2,gyro,-1.0,0.0,0.0,0.0
4.779251200030558,9487.653668108,odom,navigating,,0.0,0.0,-9.68102559730788e-05,1.121004231881742,-3.002433344312386,0.7081481655927127,0.7082339624615227,0.7111961245536804,-0.00013988884072750824,0.00013988884072750824,0.010083724999276455,pixhawk_fused,True,0.8,0.2,gyro,-1.0,0.0,0.0,0.0
4.779361300054006,9487.754123112,odom,navigating,,0.0,0.0,-0.00012884087271225475,1.121004231881742,-3.002433344312386,0.7081161349759735,0.7082339624615227,0.7112253308296204,-0.00017992711160331982,0.00017992711160331982,0.0019806830005109077,pixhawk_fused,True,0.8,0.2,gyro,-1.0,0.0,0.0,0.0
4.779412999982014,9487.873533825,odom,navigating,,0.0,0.0,-0.00012884087271225475,1.121004231881742,-3.002433344312386,0.7081161349759735,0.7082339624615227,0.7112253308296204,-0.00017992711160331982,0.00017992711160331982,0.12169368300055794,pixhawk_fused,True,0.8,0.2,gyro,-1.0,0.0,0.0,0.0
5.118442800012417,9487.974175435,odom,navigating,,0.0,0.0,-0.00013909325906102943,1.121004231881742,-3.002433344312386,0.7081058825896247,0.7082339624615227,0.711229681968689,-0.0001927425945177676,0.0001927425945177676,0.029119819000698044,pixhawk_fused,True,0.8,0.2,gyro,-1.0,0.0,0.0,0.0
5.118539600051008,9488.094209036,odom,navigating,,0.00022327896789662858,1.5280258990406327e-07,0.0005971567469463812,1.1211737139070082,-3.002287984882127,0.7088421325956321,0.7115985978596593,0.7111297845840454,-0.00011358810868114248,0.00011358810868114248,0.0328187680006522,pixhawk_fused,True,0.8,0.2,gyro,-1.0,0.007687470875680447,0.10104456543922424,0.0001555273172446985
5.118594200001098,9488.213374758,odom,navigating,,0.001256010826959949,1.096731991157647e-05,0.008463727046343683,1.1219510437357754,-3.0016079772470095,0.7167087028950294,0.731217562922319,0.7043906450271606,0.004815002248622477,-0.004815002248622477,0.04515335500036599,pixhawk_fused,True,0.8,0.2,gyro,-1.0,0.0025829426012933254,0.03395034745335579,0.0008676400938337998
5.4394948000553995,9488.33283425,odom,navigating,,0.0025144587829945744,4.8596424624335185e-05,0.01225862068725847,1.1228823630611189,-3.0007607750740832,0.7205035965359442,0.750195647457164,0.7043906450271606,0.004815002248622477,-0.004815002248622477,0.16508183400037524,pixhawk_fused,True,0.8,0.2,gyro,-1.0,0.02830580063164234,0.3720530867576599,0.0017178619232757306
5.439598900033161,9488.433060487,odom,navigating,,0.005426245262969509,0.00022207745466315976,0.07613542573300214,1.1249810288267472,-2.9987348930002873,0.7843804015816879,0.7941524200278552,0.6464256048202515,0.07367082832846791,-0.07367082832846791,0.010377365000749705,pixhawk_fused,True,0.8,0.2,gyro,-1.0,0.0334489643573761,0.4396551549434662,0.0036231366827550334
5.439648500061594,9488.533585826,odom,navigating,,0.009077864581578918,0.000618082043478442,0.10166069651644905,1.1274968491232764,-2.996058740628322,0.8099056723651348,0.8495113147060329,0.6277069449424744,0.09174008528981359,-0.09174008528981359,0.06056761100080621,pixhawk_fused,True,0.8,0.2,gyro,-1.0,0.04334431514143944,0.5697202086448669,0.005884558698322792
5.778156399959698,9488.654562274,odom,navigating,,0.013901152490310365,0.001455971290125549,0.15933958118477787,1.1306151104347706,-2.992284802230123,0.8675845570334636,0.923302797838058,0.5735451579093933,0.1453951521376148,-0.1453951521376148,0.0036620980008592596,pixhawk_fused,True,0.8,0.2,gyro,-1.0,0.043573178350925446,0.5727283954620361,0.00864585302764865
5.778219299972989,9488.773275621,odom,navigating,,0.01881865918115968,0.0026986136624073207,0.2725944572031769,1.1335416387066382,-2.988142162444443,0.9808394330518626,1.0024844665445303,0.4510211944580078,0.26716196619067345,-0.26716196619067345,0.014795422001043335,pixhawk_fused,True,0.8,0.2,gyro,-1.0,0.04129314050078392,0.6106261610984802,0.011182606053511034
5.7782539000036195,9488.873378972,odom,navigating,,0.023119014208576497,0.004131142841653682,0.28624513459627887,1.1358759156803975,-2.984256761021038,0.9944901104449646,1.07080573591342,0.4510211944580078,0.26716196619067345,-0.26716196619067345,0.11499560300035228,pixhawk_fused,True,0.8,0.2,gyro,-1.0,0.05421186238527298,0.7125638723373413,0.013153019861591899
6.118754400056787,9488.994129798,odom,navigating,,0.028124016236647884,0.0062270336197841735,0.4059178250707429,1.1383138574266662,-2.9794091591916123,1.1141628009194287,1.152592872195694,0.3220199644565582,0.3962908967593685,-0.3962908967593685,0.03407493600025191,pixhawk_fused,True,0.8,0.2,gyro,-1.0,0.04870186373591423,0.640140175819397,0.015138964319127616
6.1188572000246495,9489.094455124,odom,navigating,,0.03239751248713601,0.008415259244659622,0.47415816212752215,1.1401361531167378,-2.9749672744558,1.1824031379762079,1.2249614531478563,0.2539295554161072,0.4634999672034756,-0.4634999672034756,0.012854496999352705,pixhawk_fused,True,0.8,0.2,gyro,-1.0,0.05894607678055763,0.7747907042503357,0.016548805718176768
6.1189137999899685,9489.214393883,odom,navigating,,0.03765928232825437,0.011681596329300117,0.49278233696013074,1.14200773376385,-2.9690636852345924,1.2010273128088165,1.3183224196924712,0.2539295554161072,0.4634999672034756,-0.4634999672034756,0.13339823800015438,pixhawk_fused,True,0.8,0.2,gyro,-1.0,0.06455735862255096,0.8485457301139832,0.017874495536961382
6.438543900032528,9489.315197216,odom,navigating,,0.041893247933999636,0.014850484272879175,0.5653811641045621,1.1431620831163076,-2.963902697623478,1.2736261399532478,1.399399969265803,0.1834789216518402,0.5339937904933468,-0.5339937904933468,0.0679029740003898,pixhawk_fused,True,0.8,0.2,gyro,-1.0,0.0660429522395134,0.8680724501609802,0.018553626257883947
6.43862559995614,9489.432835006,odom,navigating,,0.04699253547773387,0.0194535915404462,0.6467181393179808,1.1440406862534243,-2.957089520207774,1.3549631151666666,1.5043269330427451,0.10815875232219696,0.6094856860497967,-0.6094856860497967,0.05398487799902796,pixhawk_fused,True,0.8,0.2,gyro,-1.0,0.06688738614320755,0.9468143582344055,0.018807564865385196
6.43867499998305,9489.533467623,odom,navigating,,0.05101066522775012,0.02386530732475816,0.7698008396076563,1.1442226454830045,-2.9511250006388328,1.478045815456342,1.5942776192936217,-0.02081497386097908,0.7407825972894208,-0.7407825972894208,0.09576198000104341,pixhawk_fused,True,0.8,0.2,gyro,-1.0,0.06943967193365097,0.9127191305160522,0.018445112873887084
6.759709100006148,9489.633806989,odom,navigating,,0.05588430778882787,0.030473418869958538,0.8213022953317235,1.1436256112565757,-2.942935795540691,1.5295472711804092,1.71808359133474,-0.05518166348338127,0.7744082119325176,-0.7744082119325176,0.08894660400073917,pixhawk_fused,True,0.8,0.2,gyro,-1.0,0.11063335090875626,1.4541712999343872,0.017104134547581702
6.759809299954213,9489.734565268,odom,navigating,,0.06146128804546727,0.040942096497237304,1.0231413712961377,1.1410514600298782,-2.931356949937224,1.7313863471448234,1.8970462642826884,-0.26895567774772644,0.9818822783092037,-0.9818822783092037,0.07571263600038947,pixhawk_fused,True,0.8,0.2,gyro,-1.0,0.14601938426494598,1.9192873239517212,0.013485310428649531
6.759868900058791,9489.853673034,odom,navigating,,0.06547468181482445,0.05410691670522143,1.2037294000999625,1.1355359118628388,-2.9187474872574137,1.9119743759486483,2.103459538184011,-0.4441269338130951,1.1561105676749721,-1.1561105676749721,0.08655613600058132,pixhawk_fused,True,0.8,0.2,gyro,-1.0,0.12046702951192856,1.5834256410598755,0.006843394699281106
7.062132699997164,9489.953759148,odom,navigating,,0.06651213877145047,0.0621932881205639,1.2272504812787688,1.1310636659298616,-2.911930982587226,1.9354954571274545,2.223702652204911,-0.4441269338130951,1.1561105676749721,-1.1561105676749721,0.1867142290011543,pixhawk_fused,True,0.8,0.2,gyro,-1.0,0.07621490955352783,0.93497234582901,0.001768454617674299
7.062267299974337,9490.053868761,odom,navigating,,0.06663927555842508,0.06633023523659479,1.4762679869480932,1.1284691352694511,-2.908706249132252,2.184512962796779,2.286088171184914,-0.7306723594665527,1.4508934972146525,-1.4508934972146525,0.09243111400064663,pixhawk_fused,True,0.8,0.2,gyro,-1.0,0.03589273616671562,0.47177621722221375,0.0011092038236525362
7.062325699953362,9490.155437333,odom,navigating,,0.06663433335210739,0.06686920217022081,1.5313305197800593,1.1281147826669313,-2.9083001161318287,2.239575495628745,2.292859167913789,-0.793825089931488,1.5179938850263133,-1.5179938850263133,0.01574371000060637,pixhawk_fused,True,0.8,0.2,gyro,-1.0,0.0,0.0,0.0014990995786171362
7.419037900050171,9490.273674016,odom,navigating,,0.06663433335210739,0.06686920217022081,1.53833119881313,1.1281147826669313,-2.9083001161318287,2.246576174661816,2.292859167913789,-0.7998438477516174,1.5267426965096964,-1.5267426965096964,0.01440641599947412,pixhawk_fused,True,0.8,0.2,gyro,-1.0,0.0,0.0,0.0014990995786171362
7.419136699987575,9490.394300742,odom,navigating,,0.06663433335210739,0.06686920217022081,1.53833119881313,1.1281147826669313,-2.9083001161318287,2.246576174661816,2.292859167913789,-0.7998438477516174,1.5267426965096964,-1.5267426965096964,0.1345134519997373,pixhawk_fused,True,0.8,0.2,gyro,-1.0,0.0,0.0,0.0014990995786171362
7.419182199984789,9490.513425233,odom,navigating,,0.06663368477195926,0.06691383968357917,1.5359039419549607,1.128085253283388,-2.908266635633586,2.2441489178036464,2.2921839797818784,-0.7971627116203308,1.5238778793262318,-1.5238778793262318,0.06681965600000694,pixhawk_fused,True,0.8,0.2,gyro,-1.0,0.0,0.0,0.001531557721105681
7.738871900015511,9490.614087074,odom,navigating,,0.0666277781023196,0.06749771467870261,1.5334612734316748,1.1277009553905144,-2.90782702213492,2.2417062492803606,2.283387385243712,-0.7959038615226746,1.5230221908548847,-1.5230221908548847,0.05508758799987845,pixhawk_fused,True,0.8,0.2,gyro,-1.0,0.012914064340293407,-0.16974322497844696,0.0019543257940994327
7.738971899962053,9490.733166363,odom,navigating,,0.06665715108784061,0.07005669433965439,1.5162033512234736,1.1260586433726734,-2.905864357896315,2.2244483270721593,2.2448206848467898,-0.7822623252868652,1.5110889632264153,-1.5110889632264153,0.0664835919997131,pixhawk_fused,True,0.8,0.2,gyro,-1.0,0.03344729170203209,-0.43963316082954407,0.003768694301068291
7.73902109998744,9490.833645006,odom,navigating,,0.06686108034997928,0.07368677614551591,1.5052451735702082,1.1238521537664308,-2.9029746373771737,2.213490149418894,2.1900264577803976,-0.7822623252868652,1.5110889632264153,-1.5110889632264153,0.16697619700062205,pixhawk_fused,True,0.8,0.2,gyro,-1.0,0.04373876750469208,-0.5749049186706543,0.006229391217443047
8.090121899964288,9490.953563844,odom,navigating,,0.06743803779844126,0.07849533331076768,1.4070938838560003,1.1211623804464228,-2.8989472037779938,2.115338859704686,2.117028438027238,-0.6779248714447021,1.4066498600998896,-1.4066498600998896,0.06453125899861334,pixhawk_fused,True,0.8,0.2,gyro,-1.0,0.04614780843257904,-0.6065694689750671,0.009275060338104466
8.090238100034185,9491.054471549,odom,navigating,,0.06822387806929955,0.08263844118541754,1.3568535576613139,1.1190641305876048,-2.895289303379916,2.0650985335099996,2.0534717902653266,-0.6302971839904785,1.359738552884199,-1.359738552884199,0.013683010000022477,pixhawk_fused,True,0.8,0.2,gyro,-1.0,0.046129416674375534,-0.6063277721405029,0.011697986098856621
8.090296700014733,9491.173259903,odom,navigating,,0.0695798356877163,0.08776000781803638,1.2414116291486301,1.1167623983217647,-2.8905173965899955,1.9496566049973159,1.973607314484746,-0.5053673386573792,1.235402859822847,-1.235402859822847,0.024264371999379364,pixhawk_fused,True,0.8,0.2,gyro,-1.0,0.05164588987827301,-0.6788365840911865,0.014425086652740888
8.418647199985571,9491.27353611,odom,navigating,,0.07109192947591064,0.09212768664381364,1.1743156579676022,1.1150696576031545,-2.8862165042629315,1.882560633816288,1.9039394744118299,-0.4394673705101013,1.1689497007289902,-1.1689497007289902,0.010875833000682178,pixhawk_fused,True,0.8,0.2,gyro,-1.0,0.054239071905612946,-0.7129215598106384,0.016502798664036852
8.418746200040914,9491.394432665,odom,navigating,,0.07330828346033268,0.09722668729131008,1.1575571547734962,1.1134360796283334,-2.880902047038754,1.865802130622182,1.8201305554605323,-0.4394673705101013,1.1689497007289902,-1.1689497007289902,0.13057766300153162,pixhawk_fused,True,0.8,0.2,gyro,-1.0,0.05126512050628662,-0.6738317608833313,0.01861397857728871
8.418795899953693,9491.513441255,odom,navigating,,0.07601534516860775,0.10224519325007025,1.0551671954166948,1.1122275584138122,-2.8753295196386803,1.7634121712653805,1.7341739398121874,-0.3315858840942383,1.062454148666002,-1.062454148666002,0.055825605000791256,pixhawk_fused,True,0.8,0.2,gyro,-1.0,0.05422818660736084,-0.7127784490585327,0.02032539365816519
8.740830500028096,9491.614686768,odom,navigating,,0.07862180091228359,0.10627766030773637,0.965104195732273,1.1115840466013134,-2.8705713377735056,1.6733491715809587,1.6618052549195796,-0.23548690974712372,0.9679684856096282,-0.9679684856096282,0.053089056000317214,pixhawk_fused,True,0.8,0.2,gyro,-1.0,0.05681047961115837,-0.7467202544212341,0.021399925333078187
8.740932999993674,9491.732746368,odom,navigating,,0.08242746854894575,0.1112179784929063,0.9463226687818052,1.111260783032876,-2.8643435491935376,1.6545676446304909,1.567795831929147,-0.23548690974712372,0.9679684856096282,-0.9679684856096282,0.17206607300067844,pixhawk_fused,True,0.8,0.2,gyro,-1.0,0.05917597562074661,-0.7778124809265137,0.022289493495690694
8.740990299964324,9491.834620048,odom,navigating,,0.08628779633972221,0.11539877636140138,0.8725762565310264,1.1114731034596206,-2.858657063327395,1.5808212323797122,1.4820147463729771,-0.16432614624500275,0.8972185888448729,-0.8972185888448729,0.09553775200038217,pixhawk_fused,True,0.8,0.2,gyro,-1.0,0.06331100314855576,-0.8321635127067566,0.02259636846793736
9.07785410003271,9491.954411079,odom,navigating,,0.09153955822604168,0.12009663065987146,0.7114295036251128,1.112405878458801,-2.851672740259183,1.4196744794737985,1.3771372733138338,0.011579864658415318,0.7220391717115416,-0.7220391717115416,0.05508529299913789,pixhawk_fused,True,0.8,0.2,gyro,-1.0,0.06664133816957474,-0.8759376406669617,0.022304083073353846
9.07795599999372,9492.073383782,odom,navigating,,0.10030310564406596,0.1262838921973481,0.6342992135484249,1.1150370089185326,-2.8412727825099915,1.3425441893971106,1.2641155460104443,0.0811939612030983,0.6538659110227599,-0.6538659110227599,0.024822762999974657,pixhawk_fused,True,0.8,0.2,gyro,-1.0,0.14208324253559113,-0.9847084879875183,0.020631839991955607
9.078009200049564,9492.173396016,odom,navigating,,0.11249030711761282,0.13326720979147672,0.47643914997844683,1.1197505847782845,-2.8280411232417193,1.1846841258271326,1.1795742220933645,0.2561410367488861,0.4776949913660064,-0.4776949913660064,0.01531568599966704,pixhawk_fused,True,0.8,0.2,gyro,-1.0,0.18073339760303497,-0.814481258392334,0.017143923795642103
9.401365700061433,9492.273475825,odom,navigating,,0.12977194205204762,0.1415530098650632,0.4151793350900448,1.1274861395229068,-2.8105062841589254,1.1234243109387305,1.131589171871192,0.31815725564956665,0.41311651183757925,-0.41311651183757925,0.002579073001470533,pixhawk_fused,True,0.8,0.2,gyro,-1.0,0.24205707013607025,-0.17874228954315186,0.011038834183025948
9.40145979996305,9492.393980099,odom,navigating,,0.15310371297055353,0.15222101547014888,0.41951155296521603,1.138267171887191,-2.7872265243031187,1.1277565288139018,1.1532527688685452,0.31815725564956665,0.41311651183757925,-0.41311651183757925,0.12254184400080703,pixhawk_fused,True,0.8,0.2,gyro,-1.0,0.23579606413841248,0.20212939381599426,0.0024245819831346486
9.401495300000533,9492.494530746,odom,navigating,,0.16968204637546797,0.16030776385816647,0.46466334232880824,1.1455980493052267,-2.770300364837447,1.172908318177494,1.1782733252255402,0.2928604483604431,0.4633004672685637,-0.4633004672685637,0.03279338500033191,pixhawk_fused,True,0.8,0.2,gyro,-1.0,0.19490455090999603,0.2696671187877655,0.003332994733880706
9.738851399975829,9492.613423288,odom,navigating,,0.18570070277724973,0.16863647955903058,0.4698057807548732,1.1523464492352,-2.7535545009741136,1.178050756603559,1.2039882229950905,0.2928604483604431,0.4633004672685637,-0.4633004672685637,0.1522456329985289,pixhawk_fused,True,0.8,0.2,gyro,-1.0,0.15493768453598022,0.27153459191322327,0.008526952182719816
9.738950100028887,9492.714245668,odom,navigating,,0.19545031535379906,0.17400356271111428,0.4937588048867547,1.156260028345014,-2.7431360353718564,1.2020037807354405,1.2283411946168454,0.27063509821891785,0.48715353657398364,-0.48715353657398364,0.07504414400136739,pixhawk_fused,True,0.8,0.2,gyro,-1.0,0.12397502362728119,0.40738368034362793,0.011474618590283852
9.739000000059605,9492.83315071,odom,navigating,,0.2040346267385418,0.17905911311218647,0.5164880758526216,1.1594912083555506,-2.733712210906836,1.2247330517013073,1.2608081709009793,0.25068843364715576,0.507449502245523,-0.507449502245523,0.08626552300120238,pixhawk_fused,True,0.8,0.2,gyro,-1.0,0.08490466326475143,0.3043614327907562,0.013833385990217998
10.060094799962826,9492.933521862,odom,navigating,,0.2096727151377605,0.18265341845246447,0.5424067022638106,1.161435260764387,-2.7273147323481965,1.2506516781124963,1.3034336386360494,0.22914300858974457,0.529195330039598,-0.529195330039598,0.0725075320005999,pixhawk_fused,True,0.8,0.2,gyro,-1.0,0.07204031944274902,0.4734511375427246,0.015186228891417238
10.060198300052434,9493.053531706,odom,navigating,,0.215557191754908,0.1868370181357931,0.5805430575866344,1.1631831091353844,-2.7203094059860558,1.2887880334353201,1.3608791770710167,0.19521035254001617,0.5625132827917113,-0.5625132827917113,0.1106559660001949,pixhawk_fused,True,0.8,0.2,gyro,-1.0,0.0640941709280014,0.5054745078086853,0.016288280394155433
10.060247199959122,9493.154104908,odom,navigating,,0.21999644052916587,0.19041054366343865,0.6556429766390539,1.1642301545307412,-2.714707557155844,1.3638879524877396,1.4278231607493659,0.11579225212335587,0.6396477584997191,-0.6396477584997191,0.09568225100156269,pixhawk_fused,True,0.8,0.2,gyro,-1.0,0.06151508167386055,0.6737982034683228,0.016820370224903545
10.401737899985164,9493.273604714,odom,navigating,,0.22570624409175039,0.19587016633998997,0.723815062013625,1.1650152826122047,-2.7068467104845677,1.4320600378623107,1.5320293118152124,0.053995054215192795,0.6988401450077071,-0.6988401450077071,0.10830159299985098,pixhawk_fused,True,0.8,0.2,gyro,-1.0,0.08263341337442398,0.950371265411377,0.01688572996437831
10.401866400032304,9493.373867299,odom,navigating,,0.23141427092432854,0.20255848837656112,0.8059824506953481,1.1649997900835147,-2.6980538166510297,1.5142274265440339,1.6294299046902017,-0.024792760610580444,0.7772199250617995,-0.7772199250617995,0.007984269001099165,pixhawk_fused,True,0.8,0.2,gyro,-1.0,0.10589533299207687,0.9845107793807983,0.016068847590970225
10.401936099980958,9493.494942893,odom,navigating,,0.23892675607847655,0.2137101692823233,0.9858425724952664,1.1634513690281372,-2.684697177386211,1.6940875483439521,1.7619106694680193,-0.21606230735778809,0.9688773544589057,-0.9688773544589057,0.027597350999712944,pixhawk_fused,True,0.8,0.2,gyro,-1.0,0.158906027674675,1.2127763032913208,0.013309441633511374
10.759822600055486,9493.613740368,odom,navigating,,0.24878554339844433,0.23287670026217602,1.0017423558721,1.158471300879577,-2.6637269480489407,1.7099873317207857,1.841717947670789,-0.21606230735778809,0.9688773544589057,-0.9688773544589057,0.1471411189995706,pixhawk_fused,True,0.8,0.2,gyro,-1.0,0.23240651190280914,0.3394182622432709,0.006438710088563825
10.759921899996698,9493.733694254,odom,navigating,,0.258693482220281,0.2544617865607435,1.0820867003135233,1.1519552888799536,-2.640887841458826,1.790331676162209,1.8444491954541133,-0.31404781341552734,1.068541885689832,-1.068541885689832,0.09065110300070955,pixhawk_fused,True,0.8,0.2,gyro,-1.0,0.21409764885902405,-0.20100802183151245,0.0021319160764456608
10.75997280003503,9493.854180735,odom,navigating,,0.2680923999425066,0.2740224612096113,1.1052700832177822,1.1463695564386474,-2.61991740416815,1.813515059066468,1.8031893987084693,-0.3463667631149292,1.1078298260727895,-1.1078298260727895,0.10242343000027176,pixhawk_fused,True,0.8,0.2,gyro,-1.0,0.1768328845500946,-0.50522780418396,0.00960580970681436
11.11946109996643,9493.97372941,odom,navigating,,0.2755591926728773,0.28764435897001106,1.0554654555011027,1.1431795512023473,-2.604714346618253,1.7637104313497884,1.7368441335562408,-0.30298423767089844,1.062159644023515,-1.062159644023515,0.02665821099981258,pixhawk_fused,True,0.8,0.2,gyro,-1.0,0.1265324205160141,-0.5770110487937927,0.014168263782535696
11.119571099989116,9494.094166393,odom,navigating,,0.2804673499629469,0.2953646608875791,0.9635567392780995,1.1418852492081666,-2.595657975820283,1.6718017151267852,1.6638271737752928,-0.206151083111763,0.9655287255207075,-0.9655287255207075,0.032278975000735954,pixhawk_fused,True,0.8,0.2,gyro,-1.0,0.056391630321741104,-0.7412148714065552,0.01628264778696716
11.119624700048007,9494.213729811,odom,navigating,,0.28330115530244293,0.29913286164900893,0.9493516693799673,1.1415863161881419,-2.5909526141200376,1.657596645228653,1.5927593400607103,-0.206151083111763,0.9655287255207075,-0.9655287255207075,0.1525944260010874,pixhawk_fused,True,0.8,0.2,gyro,-1.0,0.04389680549502373,-0.5769822001457214,0.017009220576278607
11.45951379998587,9494.333139346,odom,navigating,,0.2868518890290541,0.3031804401942068,0.8852049409768998,1.141650157883549,-2.5855687004585115,1.5934499168255856,1.511605399582729,-0.1453566998243332,0.9056230371752751,-0.9056230371752751,0.0945621780010697,pixhawk_fused,True,0.8,0.2,gyro,-1.0,0.05403023958206177,-0.7101766467094421,0.017436377377320785
11.459633099962957,9494.433533745,odom,navigating,,0.2907477697297347,0.3069633462445653,0.7287836491717847,1.1421483102657886,-2.5801612880621945,1.4370286250204705,1.4297534073375906,0.026454433798789978,0.7305808092514051,-0.7305808092514051,0.011169048000738258,pixhawk_fused,True,0.8,0.2,gyro,-1.0,0.07204031944274902,-0.9469021558761597,0.0174331732319041
11.459683599998243,9494.553892975,odom,navigating,,0.29738062492930345,0.31223475509703813,0.6803198602605338,1.1437569338319815,-2.571842943899402,1.3885648361092195,1.3168766515562698,0.061514757573604584,0.6982058938900007,-0.6982058938900007,0.07246755699998175,pixhawk_fused,True,0.8,0.2,gyro,-1.0,0.08457110077142715,-0.8421151638031006,0.016589445885195814
11.802441100007854,9494.653936198,odom,navigating,,0.3101302492465621,0.32052976665369654,0.5929005579694688,1.1480444131644074,-2.5572491898268424,1.3011455338181546,1.2539759971890236,0.1546403169631958,0.6046672161975873,-0.6046672161975873,0.0025810179995460203,pixhawk_fused,True,0.8,0.2,gyro,-1.0,0.22039610147476196,-0.4715881943702698,0.01365000469275025
11.802542199962772,9494.774432998,odom,navigating,,0.332197602080763,0.3334484858661628,0.5126846604031554,1.1564010207537632,-2.5330825086977096,1.2209296362518411,1.2336665243752654,0.24350446462631226,0.5094788899281991,-0.5094788899281991,0.015157655001530657,pixhawk_fused,True,0.8,0.2,gyro,-1.0,0.2568703591823578,0.09646619111299515,0.007530926327129281
11.802589899976738,9494.895281325,odom,navigating,,0.35533995963680515,0.3473154512440051,0.5212073592461162,1.1649572636121441,-2.5074963376244446,1.229452335094802,1.2762957662158123,0.24350446462631226,0.5094788899281991,-0.5094788899281991,0.13403820600069594,pixhawk_fused,True,0.8,0.2,gyro,-1.0,0.25886306166648865,0.5053235292434692,0.0013424273145582603
12.138906799955294,9495.013625853,odom,navigating,,0.37586106210963593,0.36120940878972707,0.5916521586163641,1.1715050924827686,-2.4835947970869863,1.2998971344650498,1.3453379762910893,0.17464402318000793,0.580273986504413,-0.580273986504413,0.054541944000447984,pixhawk_fused,True,0.8,0.2,gyro,-1.0,0.21183320879936218,0.611198365688324,0.0029995686493281097
12.138991000014357,9495.113729131,odom,navigating,,0.3898228109211205,0.3719813196236761,0.6448557970170101,1.1751019585564102,-2.4663313371980236,1.3531007728656959,1.3987934316390709,0.1243269070982933,0.6334147319654001,-0.6334147319654001,0.04139265699996031,pixhawk_fused,True,0.8,0.2,gyro,-1.0,0.18589720129966736,0.6108609437942505,0.005007933118036774
12.13902640005108,9495.233350755,odom,navigating,,0.40382430703828787,0.38419169124756053,0.6586236673660693,1.1777932915269576,-2.4479495038957095,1.366868643214755,1.467778437643595,0.1243269070982933,0.6334147319654001,-0.6334147319654001,0.16142449200015108,pixhawk_fused,True,0.8,0.2,gyro,-1.0,0.1749725639820099,0.6087837219238281,0.006012596436102535
12.460986600024626,9495.33366077,odom,navigating,,0.4143724662399483,0.394776621843744,0.7103560140465406,1.178919151262898,-2.433048602643618,1.4186009898952263,1.5374347463259141,0.07751231640577316,0.6806914945105089,-0.6806914945105089,0.08624199500081886,pixhawk_fused,True,0.8,0.2,gyro,-1.0,0.18526816368103027,0.8116710782051086,0.005775582874544642
12.461100999964401,9495.45348513,odom,navigating,,0.4290438662853025,0.41225396332018727,0.8734457995277556,1.1786931059114079,-2.4102307073008373,1.5816907753764413,1.6367693718939405,-0.09528722614049911,0.8596610514381899,-0.8596610514381899,0.023231496999869705,pixhawk_fused,True,0.8,0.2,gyro,-1.0,0.23576082289218903,0.8083966970443726,0.003470673858616008
12.461153700016439,9495.55423317,odom,navigating,,0.4407939170009088,0.42878677554709854,0.9090305526162432,1.1768627000385323,-2.390030529423151,1.617275528464929,1.685486894106027,-0.12518368661403656,0.8919684839705004,-0.8919684839705004,0.008441849000519142,pixhawk_fused,True,0.8,0.2,gyro,-1.0,0.2332509309053421,0.23591162264347076,0.0001933176983634968
12.81958630005829,9495.673476288,odom,navigating,,0.45451113505686913,0.4489459435315307,0.9431731100204155,1.1741674159532856,-2.365796471390722,1.6514180858691012,1.6617900506675622,-0.16544058918952942,0.940558533177711,-0.940558533177711,0.014092538000113564,pixhawk_fused,True,0.8,0.2,gyro,-1.0,0.22465962171554565,-0.4412437677383423,0.005086267238445323
12.819693100056611,9495.794063755,odom,navigating,,0.4684484233917854,0.4676415325037585,0.8948890395503166,1.1725913370950118,-2.342530852366471,1.6031340153990024,1.5995914327356713,-0.1205914095044136,0.8957530541280284,-0.8957530541280284,0.02565746400068747,pixhawk_fused,True,0.8,0.2,gyro,-1.0,0.21018697321414948,-0.6064485311508179,0.008776399159088353
12.819780300022103,9495.913119748,odom,navigating,,0.480536287561974,0.4816989837790251,0.81965610579971,1.172627728940928,-2.323990974476178,1.5279010816483958,1.51907461947923,-0.048631928861141205,0.8218410652140156,-0.8218410652140156,0.03136252200056333,pixhawk_fused,True,0.8,0.2,gyro,-1.0,0.14977800846099854,-0.611017644405365,0.010430030845743721
13.139233399997465,9496.013974007,odom,navigating,,0.4903002344642094,0.4913543875530623,0.7607149176261438,1.1737626346499963,-2.3103061847379,1.4689598934748296,1.4433070130702583,0.00832552183419466,0.7671058497885243,-0.7671058497885243,0.050430620000042836,pixhawk_fused,True,0.8,0.2,gyro,-1.0,0.16527514159679413,-0.7467577457427979,0.010547190005802752
13.139311300008558,9496.133308881,odom,navigating,,0.5060935218151971,0.5045729159617276,0.7446414868940794,1.1771590336409916,-2.2899930881611708,1.4528864627427651,1.3628284290902464,0.00832552183419466,0.7671058497885243,-0.7671058497885243,0.16995635900093475,pixhawk_fused,True,0.8,0.2,gyro,-1.0,0.22642377018928528,-0.6087533235549927,0.009016426310147116
13.139343100017868,9496.23363164,odom,navigating,,0.5228903941415786,0.5169573557888758,0.6790653107809208,1.181860236273132,-2.269660651917755,1.3873102866296065,1.3229457453726614,0.07946997135877609,0.695124407039024,-0.695124407039024,0.09188202000041201,pixhawk_fused,True,0.8,0.2,gyro,-1.0,0.2444225251674652,-0.23672552406787872,0.00618805317113663
13.483367100008763,9496.353575371,odom,navigating,,0.5445970700021893,0.5322417839029397,0.6015760259703955,1.1884040100523545,-2.243931824808499,1.3098210018190812,1.3256885850909683,0.1741822510957718,0.597587657169439,-0.597587657169439,0.09459586899902206,pixhawk_fused,True,0.8,0.2,gyro,-1.0,0.25893381237983704,0.1010076254606247,0.0020166488619380134
13.483501699985936,9496.454761049,odom,navigating,,0.5627636923905519,0.5454895923453661,0.6282668970907912,1.1935839214233452,-2.2220526311369477,1.336511872939477,1.362874178712835,0.1601884812116623,0.6216554078320042,-0.6216554078320042,0.006627753000429948,pixhawk_fused,True,0.8,0.2,gyro,-1.0,0.26864248514175415,0.4494066536426544,0.0011474565401880315
13.483555400045589,9496.573350708,odom,navigating,,0.5828171855708756,0.5616787539650637,0.6851675506568811,1.1982835644049463,-2.1967120530352653,1.3934125265055668,1.4265109490120076,0.10102573782205582,0.6768727334300058,-0.6768727334300058,0.01515917399956379,pixhawk_fused,True,0.8,0.2,gyro,-1.0,0.2375711053609848,0.7467202544212341,0.00351779460766237
13.800425600027665,9496.693398639,odom,navigating,,0.6016941536054758,0.579041785187873,0.7381804561424474,1.2013260267002324,-2.1712452472166053,1.4464254319911332,1.4886943523074514,0.05141858011484146,0.7275945488968866,-0.7275945488968866,0.025060740999833797,pixhawk_fused,True,0.8,0.2,gyro,-1.0,0.2589404582977295,0.5054745674133301,0.004226344835022219
13.800534400041215,9496.79399189,odom,navigating,,0.616325228599238,0.5941113563430276,0.7476347825179224,1.2026356132696978,-2.150282296248518,1.455879758366608,1.5360346628355674,0.05141858011484146,0.7275945488968866,-0.7275945488968866,0.12536187099976814,pixhawk_fused,True,0.8,0.2,gyro,-1.0,0.2332562804222107,0.5053738355636597,0.003619749854081272
13.800588299985975,9496.894130969,odom,navigating,,0.630263317324816,0.609702173959481,0.8268126424125173,1.203079801743279,-2.1293742449794126,1.535057618261203,1.5657817042228157,-0.04002819210290909,0.8191111256638544,-0.8191111256638544,0.0037746690013591433,pixhawk_fused,True,0.8,0.2,gyro,-1.0,0.23368138074874878,0.142780601978302,0.002156363112749996
14.142170500010252,9497.013434662,odom,navigating,,0.6456640383698038,0.6279663113172587,0.8316802195423751,1.202895866956349,-2.105484349832647,1.5399251953910609,1.5901348433227065,-0.04002819210290909,0.8191111256638544,-0.8191111256638544,0.12338711300071736,pixhawk_fused,True,0.8,0.2,gyro,-1.0,0.21691274642944336,0.06788374483585358,0.00020432122484430893
14.142294800025411,9497.133209787,odom,navigating,,0.6587372820585673,0.6437707852429408,0.8448021628285785,1.2025442177480972,-2.0849766088686184,1.5530471386772642,1.5786182158103903,-0.05871232971549034,0.8383884181538599,-0.8383884181538599,0.0922180669986119,pixhawk_fused,True,0.8,0.2,gyro,-1.0,0.17752793431282043,-0.1690896600484848,0.002423745395340024
14.142346299951896,9497.233551363,odom,navigating,,0.6683047833766781,0.654836951551863,0.8355454844607615,1.2026122185116088,-2.0703481265773847,1.5437904603094472,1.5461398471573855,-0.05138249695301056,0.8349365088948982,-0.8349365088948982,0.08388251299948024,pixhawk_fused,True,0.8,0.2,gyro,-1.0,0.15952132642269135,-0.2704978585243225,0.0036893840117085924
14.478590799961239,9497.353693943,odom,navigating,,0.6787766904738562,0.6659904375457143,0.7986130281233434,1.2033103180929818,-2.055065006966472,1.5068580039720292,1.4955111407043398,-0.018033228814601898,0.8014280576715248,-0.8014280576715248,0.09040238099987619,pixhawk_fused,True,0.8,0.2,gyro,-1.0,0.1409439742565155,-0.37051522731781006,0.00438721554034015
14.478695000056177,9497.45424968,odom,navigating,,0.6867350364036114,0.6737059928914979,0.7900946532514417,1.204335736334194,-2.044028087937047,1.4983396291001274,1.452904850283509,-0.018033228814601898,0.8014280576715248,-0.8014280576715248,0.19072093899922038,pixhawk_fused,True,0.8,0.2,gyro,-1.0,0.11277764290571213,-0.4042789041996002,0.004372058398258421
14.478749600006267,9497.573376456,odom,navigating,,0.6959010199281579,0.6818531612037664,0.6887330731154842,1.205997595972127,-2.031877786375995,1.3969780489641699,1.4130069128412208,0.09683134406805038,0.6847043889770287,-0.6847043889770287,0.011740292000467889,pixhawk_fused,True,0.8,0.2,gyro,-1.0,0.1265358030796051,-0.10186974704265594,0.0038245916816286247
14.801885399967432,9497.673492447,odom,navigating,,0.702802864338873,0.6875951171756951,0.6844088590114079,1.2075044263464574,-2.0230270814958016,1.3926538348600936,1.3913851972164661,0.09683134406805038,0.6847043889770287,-0.6847043889770287,0.11156232800021826,pixhawk_fused,True,0.8,0.2,gyro,-1.0,0.11362095922231674,-0.0678836852312088,0.0031307573917852827
14.801990999956615,9497.773662157,odom,navigating,,0.7091003056718368,0.6926571262091696,0.6614863581758661,1.2089945164716664,-2.0150859648101047,1.3697313340245518,1.377885088804525,0.12156537920236588,0.6594263113746422,-0.6594263113746422,0.03395330100102001,pixhawk_fused,True,0.8,0.2,gyro,-1.0,0.09554488956928253,-0.03394181281328201,0.0023706865591726256
14.80205149995163,9497.894103063,odom,navigating,,0.7153433463462896,0.6975614726053567,0.649153648767167,1.2105458488747172,-2.007299981364713,1.3573986246158527,1.3731509239086226,0.13596920669078827,0.6451940975794571,-0.6451940975794571,0.03433915999994497,pixhawk_fused,True,0.8,0.2,gyro,-1.0,0.07177117466926575,0.0,0.0015354882998513258
15.142829100019298,,mission_status,reached,reached waypoint 1/4,0.7153433463462896,0.6975614726053567,0.649153648767167,,,,,,,,,,,,,,,,,
15.142893200041726,9498.014304456,odom,reached,,0.7205718425030598,0.7016664861663857,0.6435814664007313,1.21184659742446,-2.000781058017416,1.351826442249417,1.3758784426691455,0.1435087025165558,0.6375473811859268,-0.6375473811859268,0.11318192900034774,pixhawk_fused,True,0.8,0.2,gyro,-1.0,0.0564492791891098,1.8481219740351662e-05,0.0008343408606885201
15.142972800065763,,mission_status,turning,aligning for waypoint 2/4,0.7205718425030598,0.7016664861663857,0.6435814664007313,,,,,,,,,,,,,,,,,
15.142999000032432,9498.114435649,odom,turning,,0.7221668494932969,0.702903147537327,0.6382772283874971,1.2122535622385044,-1.9988042529472554,1.3465222042361829,1.3508732256975033,0.1432465761899948,0.6371678468966859,-0.6371678468966859,0.06624881599964283,pixhawk_fused,True,0.8,0.2,gyro,-1.0,0.020579861477017403,-0.27050289511680603,0.0006092518435431323
15.143051799968816,9498.233459228,odom,turning,,0.7243863634506629,0.7045062841804529,0.6112272755689279,1.2128964501907875,-1.996142865267062,1.3194722514176136,1.3096096238328583,0.16984768211841583,0.6136712657483298,-0.6136712657483298,0.07463831799941545,pixhawk_fused,True,0.8,0.2,gyro,-1.0,0.031135980039834976,-0.40925315022468567,0.0002116200593198066
15.463301999960095,9498.333480372,odom,turning,,0.7265927697047909,0.7059689613862326,0.5716705599396157,1.2136207519012199,-1.9935966837733685,1.2799155357883014,1.2697192109514084,0.2086595594882965,0.5741979705067355,-0.5741979705067355,0.06321999799911282,pixhawk_fused,True,0.8,0.2,gyro,-1.0,0.033319007605314255,-0.43794697523117065,0.0002775873958285008
15.463425199966878,9498.453438277,odom,turning,,0.7297519594270624,0.7078556433303537,0.5605839874868093,1.2147928812698252,-1.9901086813073672,1.268828963335495,1.2142611427278676,0.2086595594882965,0.5741979705067355,-0.5741979705067355,0.18344267300017236,pixhawk_fused,True,0.8,0.2,gyro,-1.0,0.035994965583086014,-0.47311994433403015,0.001126913304024764
15.463528500054963,9498.5554539,odom,turning,,0.732965797655836,0.7095457504968368,0.48141160079268785,1.216134388686994,-1.9867344293540292,1.1896565766413736,1.159535576633229,0.29510319232940674,0.48891915511805595,-0.48891915511805595,0.0947252780006238,pixhawk_fused,True,0.8,0.2,gyro,-1.0,0.04374168813228607,-0.5749433040618896,0.0021552803282669604
15.799399600015022,9498.673592505,odom,turning,,0.7369780964891951,0.7113553239575379,0.42680778979828804,1.218004617636972,-1.9827500421097328,1.1350527656469738,1.0931941644599874,0.3477112054824829,0.4372479481669146,-0.4372479481669146,0.03543081499992695,pixhawk_fused,True,0.8,0.2,gyro,-1.0,0.03858724236488342,-0.5071929693222046,0.0036545554213717885
15.799505300004967,9498.774499735,odom,turning,,0.7404964826492296,0.7126887609417569,0.3704275365824399,1.219809445241004,-1.979448573848227,1.0786725124311256,1.036481092901194,0.40303489565849304,0.3809508306952196,-0.3809508306952196,0.02780534900011844,pixhawk_fused,True,0.8,0.2,gyro,-1.0,0.043192360550165176,-0.5677229166030884,0.005150948082785622
15.799555500037968,9498.893542536,odom,turning,,0.744746909840285,0.7140049738154063,0.31393568961972096,1.2221814657578134,-1.9756839933532635,1.0221806654684067,0.9694187052384121,0.45724785327911377,0.3270988167496401,-0.3270988167496401,0.032984478000798845,pixhawk_fused,True,0.8,0.2,gyro,-1.0,0.04114532843232155,-0.540816605091095,0.007169960902309525
16.138719400041737,9499.014179569,odom,turning,,0.7491566949616713,0.7150502630875387,0.24808396452580228,1.2248507556674058,-1.9720215179802703,0.956328940374488,0.9011127126633709,0.5229049921035767,0.26185982048232137,-0.26185982048232137,0.0717467160011438,pixhawk_fused,True,0.8,0.2,gyro,-1.0,0.03858531266450882,-0.507167637348175,0.009494312362988018
16.138802399975248,9499.114292395,odom,turning,,0.7528719304001947,0.7156888560957206,0.15840042535493448,1.227257088496079,-1.9691197361636257,0.8666454012036202,0.8442966054474569,0.6215749979019165,0.16396555953938544,-0.16396555953938544,0.05539914900145959,pixhawk_fused,True,0.8,0.2,gyro,-1.0,0.04614550620317459,-0.606539249420166,0.011626137003936879
16.13885400001891,9499.23285088,odom,turning,,0.7574668376494796,0.7161824129341352,0.10057567244399901,1.230425882485045,-1.9657558818805494,0.8088206482926847,0.7746440348667701,0.6774119734764099,0.10909663861710608,-0.10909663861710608,0.06830155700117757,pixhawk_fused,True,0.8,0.2,gyro,-1.0,0.04631626605987549,-0.6087837219238281,0.00962362555407503
16.460314900032245,9499.334157027,odom,turning,,0.7613157603714673,0.7163489206832678,0.08897734228125131,1.2332408437550042,-1.9631256872111411,0.797222318129937,0.716576708051184,0.6774119734764099,0.10909663861710608,-0.10909663861710608,0.16929080599948065,pixhawk_fused,True,0.8,0.2,gyro,-1.0,0.04322223737835884,-0.5681155920028687,0.00681792368983646
16.46042260003742,9499.45351086,odom,turning,,0.7657169880253175,0.7162638946853062,-0.03791968244695798,1.2366389063732415,-1.960327258236898,0.6703252934017278,0.6502200755021457,0.8191321492195129,-0.03291532427351891,0.03291532427351891,0.03217655800108332,pixhawk_fused,True,0.8,0.2,gyro,-1.0,0.04612482339143753,-0.6062673926353455,0.0038068534782293917
16.460473399958573,9499.554241839,odom,turning,,0.7695638494190667,0.7159505513602994,-0.06640728994001033,1.2397644460539188,-1.9580628536072975,0.6418376859086754,0.5920459527982619,0.8410784602165222,-0.0539858046201986,0.0539858046201986,0.0881878569998662,pixhawk_fused,True,0.8,0.2,gyro,-1.0,0.04614780843257904,-0.6065694689750671,0.001346221059732628
16.781965899979696,9499.654715214,odom,turning,,0.7732549277301312,0.7154355005406323,-0.1217910585678671,1.2429028788457206,-1.9560529839457044,0.5864539172808186,0.5358783188628301,0.8972892165184021,-0.10917383814137399,0.10917383814137399,0.012259315000846982,pixhawk_fused,True,0.8,0.2,gyro,-1.0,0.0416722446680069,-0.5477424263954163,0.0008612315740188826
16.78207099996507,9499.774156803,odom,turning,,0.7774314848516887,0.7145928100654734,-0.21985467750227738,1.246623165265369,-1.9539761532876256,0.48839029834640835,0.47166553174991016,1.0025298595428467,-0.2156952976016325,0.2156952976016325,0.02336249600011797,pixhawk_fused,True,0.8,0.2,gyro,-1.0,0.03846033662557602,-0.5055249333381653,0.0031729084883799345
16.78211959998589,9499.874998075,odom,turning,,0.7807740021061539,0.7137131485365723,-0.23026654171519362,1.2497340442309772,-1.9524699467735107,0.4779784341334921,0.41957583462000053,1.0025298595428467,-0.2156952976016325,0.2156952976016325,0.1240954929999134,pixhawk_fused,True,0.8,0.2,gyro,-1.0,0.03356646001338959,-0.44119951128959656,0.004875968441127856
17.119735799962655,9499.993679353,odom,turning,,0.7842734438224873,0.7125854565293529,-0.2906790316698541,1.253125452340247,-1.9510500409225684,0.41756594417883164,0.3641597380051435,1.0639855861663818,-0.2773550556926054,0.2773550556926054,0.04628672699982417,pixhawk_fused,True,0.8,0.2,gyro,-1.0,0.033333953469991684,-0.43814343214035034,0.00651093872866929
17.11983630002942,9500.094285483,odom,turning,,0.7867530449504664,0.711652211929808,-0.36277004983082867,1.255615798344635,-1.950145859516608,0.34547492601785706,0.3242274965531523,1.142412781715393,-0.35748019594233454,0.35748019594233454,0.03309925400026259,pixhawk_fused,True,0.8,0.2,gyro,-1.0,0.0258268341422081,-0.33946943283081055,0.007573330544888128
17.119885900057852,9500.213193905,odom,turning,,0.7891498071645965,0.7106382313946019,-0.3706095803845965,1.2580957466787612,-1.9493568842971476,0.3376353954640892,0.2850085817972011,1.142412781715393,-0.35748019594233454,0.35748019594233454,0.1530265910005255,pixhawk_fused,True,0.8,0.2,gyro,-1.0,0.020552121102809906,-0.27013829350471497,0.00852008606890611
17.44243809999898,9500.313733763,odom,turning,,0.7910625895322048,0.7097474460825872,-0.4062207765032908,1.260127971331417,-1.948789171500857,0.30202419934539493,0.2532169075032945,1.1784868240356445,-0.3940451212553305,0.3940451212553305,0.07373020100021677,pixhawk_fused,True,0.8,0.2,gyro,-1.0,0.02582165040075779,-0.3394012749195099,0.00921725692259601
17.442544399993494,9500.433610418,odom,turning,,0.7930641306799973,0.7087329990710374,-0.47048403623391927,1.262308050855195,-1.948257642597077,0.23776093961476646,0.21939961410605824,1.2529659271240234,-0.46591557559650365,0.46591557559650365,0.011824679000710603,pixhawk_fused,True,0.8,0.2,gyro,-1.0,0.02324298396706581,-0.3055071532726288,0.009887822882576362
17.442595100030303,9500.533905301,odom,turning,,0.7947956882189628,0.7077855072574453,-0.48557280096246425,1.2642395220830147,-1.947850885736438,0.22267217488622149,0.18964878408808497,1.2655514478683472,-0.4773399879662317,0.4773399879662317,0.05487257500135456,pixhawk_fused,True,0.8,0.2,gyro,-1.0,0.020660430192947388,-0.2715618908405304,0.01041789420945067
17.800096899969503,9500.655067326,odom,turning,,0.7965722137697185,0.706740907679732,-0.513999273075553,1.2662683155044843,-1.9474886309045192,0.1942457027731327,0.15858952032511778,1.2931169271469116,-0.5051086259214205,0.5051086259214205,0.004576239000016358,pixhawk_fused,True,0.8,0.2,gyro,-1.0,0.014531833119690418,-0.19100727140903473,0.010909811450020856
17.800197000033222,9500.774787264,odom,turning,,0.7975266372507633,0.7061468833872079,-0.5508911543145678,1.2673796185020583,-1.9473189409258478,0.15735382153411792,0.1416446325422619,1.333251953125,-0.5469856375483794,0.5469856375483794,0.015590942000926589,pixhawk_fused,True,0.8,0.2,gyro,-1.0,0.010253023356199265,-0.1347663402557373,0.01115058545919099
17.80024630005937,9500.893900218,odom,turning,,0.7988428412964644,0.7052914635208958,-0.5556209643985034,1.2689357338334295,-1.9471124431944498,0.15262401145018234,0.11798970152109593,1.333251953125,-0.5469856375483794,0.5469856375483794,0.1349160200006736,pixhawk_fused,True,0.8,0.2,gyro,-1.0,0.01552181039005518,-0.20401959121227264,0.011456683800436447
18.13956689997576,9500.994115474,odom,turning,,0.7996601897532415,0.7047373556897567,-0.5882227198975538,1.2699169619760293,-1.9470016040294595,0.12002225595113192,0.10310856427885662,1.3697865009307861,-0.5840161149827761,0.5840161149827761,0.034859129998949356,pixhawk_fused,True,0.8,0.2,gyro,-1.0,0.0076913004741072655,-0.10109490156173706,0.01163036744651087
18.139668800053187,9501.114447134,odom,turning,,0.8003588363296159,0.704248772062526,-0.5995066701202683,1.2707654118693867,-1.9469182147139605,0.10873830572841747,0.09026065961609935,1.379889726638794,-0.5949091339511794,0.5949091339511794,0.04557641499923193,pixhawk_fused,True,0.8,0.2,gyro,-1.0,0.010250470601022243,-0.13473278284072876,0.01176812297747608
18.139721899991855,9501.233547259,odom,turning,,0.8014853203448985,0.7034331809171068,-0.6036970881195538,1.2721515252919786,-1.9468048801081077,0.10454788772913193,0.06930271919437131,1.379889726638794,-0.5949091339511794,0.5949091339511794,0.16481736899913813,pixhawk_fused,True,0.8,0.2,gyro,-1.0,0.01543489657342434,-0.20287717878818512,0.011970323079928673
18.46174279996194,9501.333732093,odom,turning,,0.8019890428680277,0.7030565120927241,-0.6141223811151924,1.272779128668977,-1.9467632894270606,0.09412259473349338,0.05981938120239592,1.3914082050323486,-0.6055697822971267,0.6055697822971267,0.08719981700050994,pixhawk_fused,True,0.8,0.2,gyro,-1.0,0.0,0.0,0.01205217032489071
18.461847500060685,9501.453795968,odom,turning,,0.8019890428680277,0.7030565120927241,-0.6297911818475082,1.272779128668977,-1.9467632894270606,0.07845379400117758,0.05981938120239592,1.4163786172866821,-0.6251544603249055,0.6251544603249055,0.0154610200006573,pixhawk_fused,True,0.8,0.2,gyro,-1.0,0.0,0.0,0.01205217032489071
18.461894299951382,9501.554285515,odom,turning,,0.8019890428680277,0.7030565120927241,-0.6296159592427549,1.272779128668977,-1.9467632894270606,0.0786290166059308,0.05981938120239592,1.4164360761642456,-0.6249354392578822,0.6249354392578822,0.009123887000896502,pixhawk_fused,True,0.8,0.2,gyro,-1.0,0.0,0.0,0.01205217032489071
18.79935980006121,9501.67378274,odom,turning,,0.8019890428680277,0.7030565120927241,-0.6296783839923145,1.272779128668977,-1.9467632894270606,0.07856659185637127,0.05981938120239592,1.4166650772094727,-0.6250134676182639,0.6250134676182639,0.013734272999499808,pixhawk_fused,True,0.8,0.2,gyro,-1.0,0.0,0.0,0.01205217032489071
18.799457899993286,9501.773979296,odom,turning,,0.8019890428680277,0.7030565120927241,-0.6296783839923145,1.272779128668977,-1.9467632894270606,0.07856659185637127,0.05981938120239592,1.4166650772094727,-0.6250134676182639,0.6250134676182639,0.11353321000024152,pixhawk_fused,True,0.8,0.2,gyro,-1.0,0.0,0.0,0.01205217032489071
18.79950560000725,9501.893709755,odom,turning,,0.8019532478931497,0.7030836104140723,-0.6300482650142256,1.2727343147101489,-1.9467659928213288,0.07819671083446011,0.05914418123494553,1.4169613122940063,-0.6253070316696536,0.6253070316696536,0.011043036000046413,pixhawk_fused,True,0.8,0.2,gyro,-1.0,-0.0025717115495353937,-0.03380272537469864,0.012046591863629134
19.138612700044177,9501.994850358,odom,turning,,0.8021676119202089,0.7029205466612216,-0.631621528430742,1.2730031984631172,-1.946750396315936,0.07662344741794369,0.055085341036967043,1.4184308052062988,-0.6262590208863836,0.6262590208863836,0.030645585000456776,pixhawk_fused,True,0.8,0.2,gyro,-1.0,0.005128300748765469,-0.06740668416023254,0.01207944006120037
19.13874439999927,9502.113805321,odom,turning,,0.8032999295315613,0.702038080044145,-0.6359474020524936,1.2744372451456156,-1.9466840591796664,0.07229757379619217,0.03344837826282473,1.4184308052062988,-0.6262590208863836,0.6262590208863836,0.1510387289999926,pixhawk_fused,True,0.8,0.2,gyro,-1.0,0.02050604671239853,-0.2695326805114746,0.012237821058329991
19.138800699962303,9502.233276031,odom,turning,,0.8049295605933056,0.7006987340351781,-0.6489443630090495,1.276546204604803,-1.9466412207781878,0.05930061283963628,0.0016605058281835949,1.4275977611541748,-0.634563441357575,0.634563441357575,0.09237485699850367,pixhawk_fused,True,0.8,0.2,gyro,-1.0,0.01800737902522087,-0.23669004440307617,0.012416135563223333
19.481582200038247,9502.334585465,odom,turning,,0.8059450277448945,0.6998177792078126,-0.6912886346799817,1.2778905193929426,-1.9466497468678026,0.016956341168704037,-0.018599352263323814,1.4753350019454956,-0.6824230948602777,0.6824230948602777,0.07645773799958988,pixhawk_fused,True,0.8,0.2,gyro,-1.0,0.019439829513430595,-0.25551825761795044,0.012494040161184347
19.48168229998555,9502.453999252,odom,turning,,0.8071098805785153,0.6987615106538791,-0.7254101992182874,1.279462335206409,-1.9466942488965226,-0.01716522336960169,-0.04229624955134979,1.5098004341125488,-0.719149691215716,0.719149691215716,0.00588023999989673,pixhawk_fused,True,0.8,0.2,gyro,-1.0,0.007715519517660141,-0.10141324251890182,0.01255066707318386
19.481731800013222,9502.574209756,odom,turning,,0.8070771406039599,0.698792016053104,-0.7335962875467293,1.2794176252242837,-1.9466923773158757,-0.02535131169804361,-0.04162104902693302,1.5161330699920654,-0.7295506504690271,0.7295506504690271,0.017163750000690925,pixhawk_fused,True,0.8,0.2,gyro,-1.0,0.0,0.0,0.012549660808893871
19.82039310003165,9502.693738595,odom,turning,,0.8070771406039599,0.698792016053104,-0.7326257422490361,1.2794176252242837,-1.9466923773158757,-0.024380766400350362,-0.04162104902693302,1.5162352323532104,-0.7283375007426363,0.7283375007426363,0.025065783000172814,pixhawk_fused,True,0.8,0.2,gyro,-1.0,0.0,0.0,0.012549660808893871
19.82049349998124,,mission_status,navigating,going to waypoint 2/4,0.8070771406039599,0.698792016053104,-0.7326257422490361,,,,,,,,,,,,,,,,,
19.820515700033866,9502.813335395,odom,navigating,,0.8070771406039599,0.698792016053104,-0.7326257422490361,1.2794176252242837,-1.9466923773158757,-0.024380766400350362,-0.04162104902693302,1.5162352323532104,-0.7283375007426363,0.7283375007426363,0.14490453899998101,pixhawk_fused,True,0.8,0.2,gyro,-1.0,0.0,0.0,0.012549660808893871
19.82055860001128,9502.914158658,odom,navigating,,0.8070771406039599,0.698792016053104,-0.7327419830086485,1.2794176252242837,-1.9466923773158757,-0.024497007159962725,-0.04162104902693302,1.5163159370422363,-0.7284827976757657,0.7284827976757657,0.023538364001069567,pixhawk_fused,True,0.8,0.2,gyro,-1.0,0.0,0.0,0.012549660808893871
20.160598000045866,9503.033627462,odom,navigating,,0.8072079425605947,0.698670129730273,-0.7322034000987169,1.2795962571993802,-1.946699863638464,-0.02395842425003114,-0.03892787438188654,1.5163159370422363,-0.7284827976757657,0.7284827976757657,0.14318784700117249,pixhawk_fused,True,0.8,0.2,gyro,-1.0,0.0025821649469435215,0.03394012898206711,0.012553672498730987
20.16067670006305,9503.153405387,odom,navigating,,0.809267497187566,0.6967974598703264,-0.7141138272502335,1.2823786737614202,-1.9467824211403422,-0.005868851401547803,-0.01727946568585635,1.4973938465118408,-0.7112828609133137,0.7112828609133137,0.00445504000163055,pixhawk_fused,True,0.8,0.2,gyro,-1.0,0.061748847365379333,0.3381793797016144,0.012650140507309431
20.160707500064746,9503.253846849,odom,navigating,,0.8155035911383754,0.6913780527062209,-0.7103266438280328,1.2906403506212862,-1.9468418958142393,-0.002081667979347057,0.0016566911270351936,1.4973938465118408,-0.7112828609133137,0.7112828609133137,0.10480956000174046,pixhawk_fused,True,0.8,0.2,gyro,-1.0,0.11833420395851135,0.06762572377920151,0.013121852495668176
20.50301930005662,9503.373674868,odom,navigating,,0.8271632112770687,0.6814807875544204,-0.6922965993987894,1.3059340758558657,-1.9467743109575382,0.01594837644989633,0.0036861101235168186,1.476847529411316,-0.6892527340138329,0.6892527340138329,0.10977536199970928,pixhawk_fused,True,0.8,0.2,gyro,-1.0,0.1668027639389038,-0.03373021259903908,0.014172383925077416
20.503118900000118,9503.474671926,odom,navigating,,0.838682032325734,0.6715409286373153,-0.7076172678370116,1.3211485708430508,-1.9468306663303567,0.0006277080116741107,-0.0186413130873367,1.4898854494094849,-0.7028219209210945,0.7028219209210945,0.01710821499909798,pixhawk_fused,True,0.8,0.2,gyro,-1.0,0.1819821149110794,-0.3032091557979584,0.015094138498670315
20.503169600036927,9503.595942811,odom,navigating,,0.8538002031178851,0.6575222034566321,-0.7451093594667193,1.3417500987928401,-1.9476435561914192,-0.03686438361803357,-0.06804545969868263,1.5251063108444214,-0.7373369027571751,0.7373369027571751,0.03318455099906714,pixhawk_fused,True,0.8,0.2,gyro,-1.0,0.20458698272705078,-0.40182000398635864,0.015607203671874955
20.84013100003358,9503.714038824,odom,navigating,,0.8689590188720792,0.6419961629846359,-0.7542893521103167,1.3633630081289885,-1.9495748194658336,-0.04604437626163094,-0.11398967389307156,1.5251063108444214,-0.7373369027571751,0.7373369027571751,0.1511295689997496,pixhawk_fused,True,0.8,0.2,gyro,-1.0,0.21787676215171814,-0.3032243251800537,0.015069220335708804
20.84022230003029,9503.833472725,odom,navigating,,0.8848021800318503,0.624416144232051,-0.7931912644548013,1.3868317976301536,-1.9526209209457113,-0.08494628860611553,-0.14577372820006657,1.5641491413116455,-0.7780148198502137,0.7780148198502137,0.09316885500084027,pixhawk_fused,True,0.8,0.2,gyro,-1.0,0.24024982750415802,-0.16977739334106445,0.013538001082414564
20.840275899972767,9503.933812098,odom,navigating,,0.8983102779271412,0.6088023867305159,-0.8425367487624273,1.407248039095879,-1.9556926006944326,-0.1342917729137416,-0.15252573663870198,1.6221812963485718,-0.8380001235799862,0.8380001235799862,0.03344145200026105,pixhawk_fused,True,0.8,0.2,gyro,-1.0,0.24528107047080994,-0.033936697989702225,0.011785037536168575
21.199915700010024,9504.053964293,odom,navigating,,0.9150363068599128,0.5893208969174601,-0.8472073732319183,1.4326242812065595,-1.959608571268407,-0.13896239738323257,-0.14846309089695206,1.627005696296692,-0.8448538626031948,0.8448538626031948,0.004039809999085264,pixhawk_fused,True,0.8,0.2,gyro,-1.0,0.24698305130004883,0.13526508212089539,0.009508359947098982
21.200020599993877,9504.174179302,odom,navigating,,0.9320552377780404,0.5700635872630437,-0.8290436453732666,1.4580771541470687,-1.9631637426842992,-0.12079866952458085,-0.12208828031272437,1.6089845895767212,-0.828742872125469,0.828742872125469,0.01640292100091756,pixhawk_fused,True,0.8,0.2,gyro,-1.0,0.2460603266954422,0.26951929926872253,0.00759666119779716
21.200070400023833,9504.293622391,odom,navigating,,0.9491997901236999,0.5517892359150233,-0.8019475297791838,1.482986020979484,-1.9658906356871415,-0.09370255393049809,-0.08961757086740145,1.5829191207885742,-0.8029904022281988,0.8029904022281988,0.014272000000346452,pixhawk_fused,True,0.8,0.2,gyro,-1.0,0.2350359857082367,0.23764055967330933,0.006476558966043174
21.53956179996021,9504.41338225,odom,navigating,,0.9668563716525442,0.5342460203131718,-0.7947823358375203,1.5078081712419167,-1.9677291517428213,-0.0865373599888346,-0.053786117357907046,1.5829191207885742,-0.8029904022281988,0.8029904022281988,0.13443006899979082,pixhawk_fused,True,0.8,0.2,gyro,-1.0,0.24607257544994354,0.2021496295928955,0.006237422236462563
21.539670399972238,9504.514162057,odom,navigating,,0.9820256321482492,0.5200471846700909,-0.7432295393034433,1.5285656642456322,-1.9686456023996906,-0.034984563454757533,-0.032801471340931095,1.5276362895965576,-0.7437969412868841,0.7437969412868841,0.05135514500034333,pixhawk_fused,True,0.8,0.2,gyro,-1.0,0.24863584339618683,0.1010746955871582,0.006657166281862672
21.539734999998473,9504.632959832,odom,navigating,,1.000473974267965,0.5034245667052457,-0.7409232188863362,1.5533903099489275,-1.969269878522205,-0.032678243037650434,-0.021269638218047997,1.5276362895965576,-0.7437969412868841,0.7437969412868841,0.17064425699936692,pixhawk_fused,True,0.8,0.2,gyro,-1.0,0.24272947013378143,0.06780187040567398,0.007629918697393396
21.86005560006015,9504.733374316,odom,navigating,,1.0158868012140096,0.4895548667085437,-0.7285152545458816,1.57411868947591,-1.9697779086911933,-0.020270278697195887,-0.030741532771172482,1.5097012519836426,-0.7259191151028498,0.7259191151028498,0.09281068299969775,pixhawk_fused,True,0.8,0.2,gyro,-1.0,0.23498880863189697,-0.16970913112163544,0.008455367142299232
21.86021339998115,9504.833730303,odom,navigating,,1.0309367200378965,0.47562060921330473,-0.7393815821153354,1.5946134333521116,-1.9705710429787584,-0.031136606266649713,-0.05172999561688967,1.5213004350662231,-0.7342552047437055,0.7342552047437055,0.08517869800016342,pixhawk_fused,True,0.8,0.2,gyro,-1.0,0.23241816461086273,-0.27154824137687683,0.008981282912104229
21.860267600044608,9504.953544122,odom,navigating,,1.04851788595914,0.458552140107972,-0.7644262020180137,1.6190694816446285,-1.9720980448333967,-0.05618122616932797,-0.07744106077117205,1.5453388690948486,-0.7591332475012167,0.7591332475012167,0.009245902998372912,pixhawk_fused,True,0.8,0.2,gyro,-1.0,0.2341427505016327,-0.23673732578754425,0.00902948296350097
22.182879599975422,9505.053580599,odom,navigating,,1.063086879849814,0.44379822754378634,-0.7676746046525517,1.6397321478955569,-1.9738265535377073,-0.05942962880386593,-0.09368785090104702,1.5453388690948486,-0.7591332475012167,0.7591332475012167,0.10917358599908766,pixhawk_fused,True,0.8,0.2,gyro,-1.0,0.24700774252414703,-0.20291776955127716,0.008632752897367575
22.18297890003305,9505.17347588,odom,navigating,,1.0804736480819075,0.4256682574628223,-0.8057467048996965,1.6647310585524389,-1.976286226414823,-0.09750172905101073,-0.10457880970403943,1.589868426322937,-0.8039990778854116,0.8039990778854116,0.0065782940000644885,pixhawk_fused,True,0.8,0.2,gyro,-1.0,0.24099408090114594,-0.1347932368516922,0.007785106198134361
22.183030499960296,9505.275344493,odom,navigating,,1.09513570679565,0.41014547860365286,-0.806016017239342,1.6859645569007364,-1.9785381538401094,-0.09777104139065629,-0.10592540065449654,1.589868426322937,-0.8039990778854116,0.8039990778854116,0.10809160200005863,pixhawk_fused,True,0.8,0.2,gyro,-1.0,0.24618355929851532,0.0320381261408329,0.006902733204159047
22.52011979999952,9505.393949925,odom,navigating,,1.1125854279005873,0.39183837993809856,-0.8107361930331477,1.7111265030273224,-1.981091405749581,-0.10249121718446197,-0.0971134504128508,1.5972990989685059,-0.812102257980965,0.812102257980965,0.025428515999010415,pixhawk_fused,True,0.8,0.2,gyro,-1.0,0.24535493552684784,0.03394705057144165,0.005972180986027016
22.52022159995977,9505.513295873,odom,navigating,,1.1300054735592169,0.3738064045731348,-0.8009286546853389,1.736086942304236,-1.9834550041534784,-0.09268367883665318,-0.08967097850908459,1.588955283164978,-0.8017034580549225,0.8017034580549225,0.04831771399949503,pixhawk_fused,True,0.8,0.2,gyro,-1.0,0.240648552775383,0.10203535854816437,0.005217937111698722
22.520270599983633,9505.613654584,odom,navigating,,1.144565517419383,0.35898130275871953,-0.7989000405229087,1.7567891197021592,-1.9852434034384967,-0.09065506467422302,-0.07952769610034792,1.588955283164978,-0.8017034580549225,0.8017034580549225,0.14860665000014706,pixhawk_fused,True,0.8,0.2,gyro,-1.0,0.2332562804222107,0.10107481479644775,0.004763980117090032
22.84121700003743,9505.733386428,odom,navigating,,1.1626848509785708,0.34102668946467846,-0.7903499488266917,1.7822303472519754,-1.9870933569314644,-0.08210497297800601,-0.0646313055795961,1.581451416015625,-0.7947397862439974,0.7947397862439974,0.09129335899888247,pixhawk_fused,True,0.8,0.2,gyro,-1.0,0.24278444051742554,0.06789735704660416,0.00455322412252568
22.841316399979405,9505.833420075,odom,navigating,,1.1780498668718091,0.32625113370970826,-0.7696427092146001,1.803511674883477,-1.9883204899757543,-0.061397733365914364,-0.05045970281075592,1.5598390102386475,-0.7723987949481232,0.7723987949481232,0.08351315499930934,pixhawk_fused,True,0.8,0.2,gyro,-1.0,0.24790027737617493,0.0,0.004696600594192194
22.841365900007077,9505.933713159,odom,navigating,,1.1934484044279081,0.3117020501184468,-0.7690980001218667,1.824671141819511,-1.9893538104463653,-0.060853024273180956,-0.04773600891609778,1.5598390102386475,-0.7723987949481232,0.7723987949481232,0.1837384069986001,pixhawk_fused,True,0.8,0.2,gyro,-1.0,0.25269559025764465,0.034325823187828064,0.005025555560724316
23.179975699982606,9506.053549685,odom,navigating,,1.2114795861778982,0.2945862953774062,-0.763248792253421,1.8494997386375058,-1.9906239898455387,-0.055003816404735284,-0.057185016351319305,1.5496138334274292,-0.7627251220336182,0.7627251220336182,0.10783520199947816,pixhawk_fused,True,0.8,0.2,gyro,-1.0,0.23927679657936096,-0.1690896600484848,0.005353994485283242
23.18007939995732,9506.154446882,odom,navigating,,1.2261192772725544,0.280463180349311,-0.770847364403151,1.8698057647984567,-1.9918274162016318,-0.06260238855446532,-0.06529506219029539,1.5580835342407227,-0.7701958261150865,0.7701958261150865,0.09452202700049384,pixhawk_fused,True,0.8,0.2,gyro,-1.0,0.22968614101409912,-0.13417811691761017,0.005458335875551113
23.180131700006314,9506.273496805,odom,navigating,,1.2438964596496138,0.26299108379115566,-0.7789430232783932,1.8946732489032305,-1.9935334659381772,-0.07069804742970742,-0.07273372074154912,1.566304326057434,-0.7784557346422224,0.7784557346422224,0.033571858000868815,pixhawk_fused,True,0.8,0.2,gyro,-1.0,0.24602355062961578,0.0,0.005354305584886677
23.501241700025275,9506.374241138,odom,navigating,,1.258683375658295,0.2482665541940945,-0.7865194764136872,1.9154823143514441,-1.9950978994057578,-0.07827450056500151,-0.0801800096783625,1.5731431245803833,-0.7860647287685423,0.7860647287685423,0.028274065000005066,pixhawk_fused,True,0.8,0.2,gyro,-1.0,0.24370357394218445,-0.1011553555727005,0.005130722022783407
23.501343699987046,9506.474402766,odom,navigating,,1.2735153927488545,0.23333254430982253,-0.8003007109064973,1.9364619015919502,-1.9967920957982046,-0.09205573505781162,-0.08489116183323363,1.590416669845581,-0.8021134691480546,0.8021134691480546,0.001988128999073524,pixhawk_fused,True,0.8,0.2,gyro,-1.0,0.2511490285396576,-0.13473941385746002,0.004788605105563004
23.501402399968356,9506.59376742,odom,navigating,,1.291344811325895,0.21521717866761414,-0.8002953705949657,1.9617875070484558,-1.998952731678593,-0.09205039474627996,-0.0848644597584633,1.590416669845581,-0.8021134691480546,0.8021134691480546,0.1215842209985567,pixhawk_fused,True,0.8,0.2,gyro,-1.0,0.2453179806470871,0.03394187241792679,0.004260377021394358
23.82102150004357,9506.694050303,odom,navigating,,1.3058786537018763,0.20042957701728203,-0.8046239892685162,1.982445390371064,-2.0007296935263232,-0.09637901341983046,-0.08486063981767752,1.5956703424453735,-0.8075251521710305,0.8075251521710305,0.043706198999643675,pixhawk_fused,True,0.8,0.2,gyro,-1.0,0.2324414998292923,0.0678938627243042,0.0038149865704255707
23.82112139998935,9506.794281855,odom,navigating,,1.3204247168101824,0.1856536864429318,-0.8052880535485699,2.0031049373209138,-2.0024898111482297,-0.09704307769988418,-0.08215602359355503,1.595977783203125,-0.80903131727688,0.80903131727688,0.03559983699960867,pixhawk_fused,True,0.8,0.2,gyro,-1.0,0.2376188188791275,0.06789735704660416,0.003386512447950118
23.821178899961524,9506.914328231,odom,navigating,,1.3380074138364564,0.16803027965687134,-0.8029888879380815,2.027923136468647,-2.0044372947882527,-0.09474391208939581,-0.07065852609980541,1.595977783203125,-0.80903131727688,0.80903131727688,0.15604729400001816,pixhawk_fused,True,0.8,0.2,gyro,-1.0,0.2332562804222107,0.16845794022083282,0.0030383795131268777
24.16211499995552,9507.033354414,odom,navigating,,1.3560730984611689,0.15034229957345013,-0.7887150943359322,2.0531501720110716,-2.0061196378366013,-0.0804701184872465,-0.060545762847181585,1.5823506116867065,-0.7937175031360237,0.7937175031360237,0.07928581499982101,pixhawk_fused,True,0.8,0.2,gyro,-1.0,0.253007709980011,8.343638910446316e-05,0.0029811189824869126
24.162220500060357,9507.153409901,odom,navigating,,1.374491512737226,0.1325863131684949,-0.783263399751662,2.078689345614753,-2.007624180723474,-0.0750184239029763,-0.05920299062704553,1.5759947299957275,-0.7872387325894086,0.7872387325894086,0.0851957399991079,pixhawk_fused,True,0.8,0.2,gyro,-1.0,0.24699538946151733,-0.06763584166765213,0.0031213552516301444
24.1622865999816,9507.254039481,odom,navigating,,1.389364933976486,0.11820606188309035,-0.784850141702415,2.099340158521583,-2.008870861387856,-0.07660516585372923,-0.06532938809461229,1.5770142078399658,-0.7876906593441961,0.7876906593441961,0.008537850000720937,pixhawk_fused,True,0.8,0.2,gyro,-1.0,0.23126305639743805,-0.1350235491991043,0.003204694809045984
24.500779900001362,9507.374962484,odom,navigating,,1.405377579797081,0.1023980396401305,-0.7875554816303102,2.1217849854553728,-2.01046087312428,-0.07931050578162446,-0.07885631238069933,1.5770142078399658,-0.7876906593441961,0.7876906593441961,0.12948657400011143,pixhawk_fused,True,0.8,0.2,gyro,-1.0,0.1966332644224167,-0.09572440385818481,0.0030607332337680335
24.500888400012627,9507.493357707,odom,navigating,,1.4184138471271064,0.08917701551614854,-0.8088198136145711,2.1402863919656974,-2.0120221872907824,-0.10057483776588538,-0.09039576555693003,1.6005371809005737,-0.8113861697018145,0.8113861697018145,0.05293604899998172,pixhawk_fused,True,0.8,0.2,gyro,-1.0,0.15235535800457,-0.03394181281328201,0.0026919253468124906
24.500941499951296,9507.594258168,odom,navigating,,1.4280714426837462,0.07916627609022941,-0.8140258096431968,2.154133385360059,-2.013343107320833,-0.10578083379451109,-0.1012218729947381,1.6039443016052246,-0.8151871754825114,0.8151871754825114,0.049483406999570434,pixhawk_fused,True,0.8,0.2,gyro,-1.0,0.14972048997879028,-0.1357196420431137,0.0022638270257323368
24.840252300025895,9507.714183588,odom,navigating,,1.43801077968695,0.06868752277509504,-0.8298114319061715,2.168498806593671,-2.014836212770418,-0.12156645605748573,-0.10664256636654909,1.6220027208328247,-0.8335639035701751,0.8335639035701751,0.054571799000768806,pixhawk_fused,True,0.8,0.2,gyro,-1.0,0.12816917896270752,0.0,0.00169722411984623
24.840358500019647,9507.833659484,odom,navigating,,1.446037104818403,0.06014512486909429,-0.8304858225756002,2.1801516836094015,-2.0161030649151077,-0.12224084672691449,-0.1100147538969158,1.6220027208328247,-0.8335639035701751,0.8335639035701751,0.1740026770003169,pixhawk_fused,True,0.8,0.2,gyro,-1.0,0.10331251472234726,-0.06789728999137878,0.0011820432482652517
24.840413499972783,9507.933765857,odom,navigating,,1.4522899792162192,0.053456514001078315,-0.8387613080308246,2.189251724622471,-2.0171155900451954,-0.13051633218213887,-0.11272700781687807,1.6324018239974976,-0.8432300481759011,0.8432300481759011,0.05199585299851606,pixhawk_fused,True,0.8,0.2,gyro,-1.0,0.09812718629837036,-0.0678836852312088,0.0007565661643246793
25.161549199954607,9508.053328398,odom,navigating,,1.4591495386783317,0.04610673321888947,-0.8405203609412021,2.1992426380235663,-2.0182356270857893,-0.13227538509251635,-0.11271174574012963,1.6345939636230469,-0.845432607166469,0.845432607166469,0.09130527199886274,pixhawk_fused,True,0.8,0.2,gyro,-1.0,0.08233179897069931,-0.0676359087228775,0.00028106512604273744
25.1616517000366,9508.153779854,odom,navigating,,1.463957916643312,0.04097154757814381,-0.8407264405240148,2.206235071274582,-2.019007966032831,-0.13248146467532906,-0.10932047733627381,1.634590744972229,-0.8465378307159989,0.8465378307159989,0.014588382000511046,pixhawk_fused,True,0.8,0.2,gyro,-1.0,0.07404302805662155,-0.10067857801914215,4.020031994904962e-05
25.161704499972984,9508.254653023,odom,navigating,,1.4679557559509715,0.03672113915198616,-0.8382882009021652,2.212036347420414,-2.019635569409829,-0.13004322505347943,-0.10525783277969814,1.6334195137023926,-0.8445055827852337,0.8445055827852337,0.0018570579995866865,pixhawk_fused,True,0.8,0.2,gyro,-1.0,0.06126787140965462,0.0,0.00029359754842567216
25.48172310006339,,mission_status,reached,reached waypoint 2/4,1.4679557559509715,0.03672113915198616,-0.8382882009021652,,,,,,,,,,,,,,,,,
25.481782800052315,,mission_status,turning,aligning for waypoint 3/4,1.4679557559509715,0.03672113915198616,-0.8382882009021652,,,,,,,,,,,,,,,,,
25.481808400014415,9508.373413721,odom,turning,,1.4708865887164722,0.03361678577953209,-0.8403180503305887,2.21628171618828,-2.0200868282991884,-0.13207307448190297,-0.11540873762718709,1.6334195137023926,-0.8445055827852337,0.8445055827852337,0.12077386300006765,pixhawk_fused,True,0.8,0.2,gyro,-1.0,0.015381834469735622,-0.20217972993850708,0.0004710292960785996
25.4818787999684,9508.473535115,odom,turning,,1.4723004817696648,0.03205096579558431,-0.856350568550257,2.2183741433517516,-2.0203563359123726,-0.1481055927015713,-0.14720041870301936,1.6426713466644287,-0.8565984913874416,0.8565984913874416,0.029736914000750403,pixhawk_fused,True,0.8,0.2,gyro,-1.0,0.02820564992725849,-0.3707367181777954,0.0006054775384037332
25.48192759999074,9508.573600159,odom,turning,,1.4740629730888144,0.029953572853133714,-0.9031223272361579,2.221077121712992,-2.0208028118734114,-0.1948773513874722,-0.18849071027721678,1.695544958114624,-0.9047406066525726,0.9047406066525726,0.022554913999556447,pixhawk_fused,True,0.8,0.2,gyro,-1.0,0.03615574911236763,-0.4752332866191864,0.0008772816784271224
25.819714999990538,9508.693450937,odom,turning,,1.4766335461574829,0.02655294812828013,-0.9535851096476429,2.225241596606222,-2.0217134398349343,-0.24534013379895714,-0.25274548476803776,1.742782473564148,-0.9517554170656948,0.9517554170656948,0.028365156998916063,pixhawk_fused,True,0.8,0.2,gyro,-1.0,0.0462307333946228,-0.6076594591140747,0.001518332355459297
25.819828300038353,9508.794473268,odom,turning,,1.4787216427624406,0.023414417294921552,-0.9649429604891312,2.2288691358071357,-2.0227388580761465,-0.25669798464044546,-0.30955773782662277,1.742782473564148,-0.9517554170656948,0.9517554170656948,0.1288420410000981,pixhawk_fused,True,0.8,0.2,gyro,-1.0,0.04391222819685936,-0.5771849155426025,0.0023084503379254234
25.81987999996636,9508.913195374,odom,turning,,1.4809272829542066,0.019610086563634055,-1.073334149833272,2.233019053961999,-2.024193492145763,-0.3650891739845863,-0.37583429349992925,1.8629614114761353,-1.0706695476341992,1.0706695476341992,0.026304474999051308,pixhawk_fused,True,0.8,0.2,gyro,-1.0,0.03874802589416504,-0.5093063116073608,0.0034933177647859504
26.12027419998776,9509.013429469,odom,turning,,1.4825757586092874,0.01632046781308938,-1.0844205772844415,2.2364109819547817,-2.0256196365988623,-0.3761756014357558,-0.43129238212625964,1.8629614114761353,-1.0706695476341992,1.0706695476341992,0.12654421699880913,pixhawk_fused,True,0.8,0.2,gyro,-1.0,0.0413125641644001,-0.5430147647857666,0.00469847838466729
26.120383900008164,9509.113439366,odom,turning,,1.484005670876561,0.01302693125352572,-1.1293695991484973,2.2396394585710504,-2.0271909325288155,-0.4211246232998116,-0.48540384840824335,1.9049524068832397,-1.113331790583208,1.113331790583208,0.07495159199970658,pixhawk_fused,True,0.8,0.2,gyro,-1.0,0.041376929730176926,-0.5438607931137085,0.006058997005764001
26.120445300010033,9509.213534763,odom,turning,,1.485370755391977,0.009326194202046612,-1.2262111766791755,2.243083582868547,-2.0291136697136154,-0.5179662008304897,-0.5448520943661497,2.0118932723999023,-1.219512090878561,1.219512090878561,0.06649822200051858,pixhawk_fused,True,0.8,0.2,gyro,-1.0,0.04370816797018051,-0.57450270652771,0.0077563681452744735
26.442536000045948,9509.314924032,odom,turning,,1.4865150273072443,0.0055457061689565545,-1.2842112811952622,2.246411877119328,-2.031240617142356,-0.5759663053465764,-0.6043842588756047,2.0686306953430176,-1.2771293175984173,1.2771293175984173,0.05343261200141569,pixhawk_fused,True,0.8,0.2,gyro,-1.0,0.046152401715517044,-0.6066298484802246,0.009664972795578939
26.442616199958138,9509.433254782,odom,turning,,1.487591573640096,0.0009128343853349596,-1.2985309614527767,2.2502432106573718,-2.0340590096435016,-0.590285985604091,-0.676077687956336,2.0686306953430176,-1.2771293175984173,1.2771293175984173,0.17274690800149983,pixhawk_fused,True,0.8,0.2,gyro,-1.0,0.046288490295410156,-0.6084186434745789,0.008283479035774284
26.442656700033695,9509.534222266,odom,turning,,1.4882376290023474,-0.0030296132063070136,-1.384056207683671,2.2532984620870797,-2.0366330568934963,-0.6758112318349854,-0.7362889026496429,2.1607799530029297,-1.3689670545626431,1.3689670545626431,0.0831894889997784,pixhawk_fused,True,0.8,0.2,gyro,-1.0,0.04357535019516945,-0.5727569460868835,0.004654866018294628
26.803814299986698,9509.654371743,odom,turning,,1.4886921779130977,-0.007718976109302833,-1.4627022015433944,2.2566941332411568,-2.039898965122707,-0.7544572256947086,-0.8073032626293752,2.2415106296539307,-1.4495180826950818,1.4495180826950818,0.09503482000036456,pixhawk_fused,True,0.8,0.2,gyro,-1.0,0.046129416674375534,-0.6063277721405029,0.0005144987901920475
26.803893400006928,9509.773624393,odom,turning,,1.4888131578203225,-0.012427931783263735,-1.5232881616419003,2.2598492023053773,-2.0433967413987544,-0.8150431857932146,-0.8796604098145822,2.298137903213501,-1.507166017787531,1.507166017787531,0.03627758099901257,pixhawk_fused,True,0.8,0.2,gyro,-1.0,0.04627911373972893,-0.6758872866630554,0.003455393926184445
26.803925700020045,9509.896103859,odom,turning,,1.4886256786155267,-0.016046639236247162,-1.5875594647187847,2.262060786770048,-2.0462671222512085,-0.879314488870099,-0.9760349827583009,2.354513168334961,-1.5634362952876837,1.5634362952876837,0.0449062440002308,pixhawk_fused,True,0.8,0.2,gyro,-1.0,0.03370217978954315,-0.8859357237815857,0.006349173767815729
27.1407034000149,9510.014356445,odom,turning,,1.4883066517605243,-0.018001867730040533,-1.6748577867363674,2.2630903640793654,-2.0479596550164136,-0.9666128108876817,-1.0982081848516247,2.435173988342285,-1.6420695352721961,1.6420695352721961,0.11465304000012111,pixhawk_fused,True,0.8,0.2,gyro,-1.0,0.015497008338570595,-1.0862255096435547,0.007790844590912252
27.140812700032257,9510.133205532,odom,turning,,1.4877154249836386,-0.020022679254290687,-1.7564204848325828,2.263955866151952,-2.04987906494673,-1.048175508983897,-1.223292145711653,2.508975028991699,-1.712872543351725,1.712872543351725,0.08656307799901697,pixhawk_fused,True,0.8,0.2,gyro,-1.0,0.028208207339048386,-0.9774303436279297,0.009134502171086236
27.140864299959503,9510.233951396,odom,turning,,1.48714991569695,-0.021344050795550795,-1.9398805601896443,2.2643859137939772,-2.051250517654253,-1.2316355843409585,-1.3275173459495153,2.711590528488159,-1.9159661628175528,1.9159661628175528,0.07687048600018898,pixhawk_fused,True,0.8,0.2,gyro,-1.0,0.02066704072058201,-1.0185940265655518,0.00991294897907555
27.461932600010186,9510.353734923,odom,turning,,1.4865410141700433,-0.022441798964506376,-2.0435967410027267,2.2646375374143113,-2.0524803540928107,-1.335351765154041,-1.4425076335205653,2.8100943565368652,-2.016877439038828,2.016877439038828,0.08479533500030811,pixhawk_fused,True,0.8,0.2,gyro,-1.0,0.002569015836343169,-0.9792512059211731,0.010481797353443276
27.46204310003668,9510.453903211,odom,turning,,1.4857223303624134,-0.02362080514218079,-2.059439400487967,2.2647826888911653,-2.0539083701265572,-1.3511944246392813,-1.5223110146023109,2.8100943565368652,-2.016877439038828,2.016877439038828,0.1851537290003762,pixhawk_fused,True,0.8,0.2,gyro,-1.0,0.010330604389309883,-0.7469229698181152,0.011000559269433694
27.4621441999916,9510.554299511,odom,turning,,1.4852037853672513,-0.02424094669761212,-2.2131506838450132,2.264792254747806,-2.0547166850127043,-1.5049057079963275,-1.599413699402251,2.9840331077575684,-2.1895782709289344,2.1895782709289344,0.09360241899958055,pixhawk_fused,True,0.8,0.2,gyro,-1.0,0.015505567193031311,-0.6793019771575928,0.01122420457446655
27.78041939996183,9510.654488335,odom,turning,,1.4846511454637348,-0.024826410563111745,-2.28466052086446,2.264753367461027,-2.055520840830747,-1.5764155450157744,-1.6533992500531725,3.0598416328430176,-2.265454036014155,2.265454036014155,0.016162542000529356,pixhawk_fused,True,0.8,0.2,gyro,-1.0,0.010200558230280876,-0.46930593252182007,0.011400029339512577
27.78052100003697,9510.754624568,odom,turning,,1.4843884637006108,-0.025068533548303518,-2.3377978007849536,2.2647113608731697,-2.0558756093400774,-1.6295528249362679,-1.6927288696237976,3.1154115200042725,-2.3220352625418457,2.3220352625418457,0.009579356999893207,pixhawk_fused,True,0.8,0.2,gyro,-1.0,0.010867622680962086,-0.21426230669021606,0.01145363732572377
27.780570600065403,9510.873647006,odom,turning,,1.4834545717643057,-0.025909563704311633,-2.3744636499848526,2.2645491572170866,-2.0571218740976485,-1.6662186741361669,-1.7116725942377944,-3.129336357116699,-2.363125464873389,2.363125464873389,0.01326997500109428,pixhawk_fused,True,0.8,0.2,gyro,-1.0,0.005143423099070787,-0.06760545074939728,0.01162784214507611
28.10182129999157,9510.973963901,odom,turning,,1.4833869047516888,-0.025969068926847028,-2.391262876785156,2.2645364720593673,-2.0572110861084942,-1.68301790093647,-1.7130306944579228,-3.1088643074035645,-2.383782362626866,2.383782362626866,0.032804643000417855,pixhawk_fused,True,0.8,0.2,gyro,-1.0,0.0,0.0,0.01163927676710643
28.101928399992175,9511.09403592,odom,turning,,1.4833869047516888,-0.025969068926847028,-2.39331641520218,2.2645364720593673,-2.0572110861084942,-1.6850714393534945,-1.7130306944579228,-3.1075127124786377,-2.38634908353258,2.38634908353258,0.03597529400030908,pixhawk_fused,True,0.8,0.2,gyro,-1.0,0.0,0.0,0.01163927676710643
28.10198360006325,9511.194957225,odom,turning,,1.4833869047516888,-0.025969068926847028,-2.3933243094340426,2.2645364720593673,-2.0572110861084942,-1.6850793335853569,-1.7130306944579228,-3.1074635982513428,-2.386358950600029,2.386358950600029,0.030415342000196688,pixhawk_fused,True,0.8,0.2,gyro,-1.0,0.0,0.0,0.01163927676710643
28.440300600021146,9511.313821116,odom,turning,,1.4833869047516888,-0.025969068926847028,-2.3933243094340426,2.2645364720593673,-2.0572110861084942,-1.6850793335853569,-1.7130306944579228,-3.1074635982513428,-2.386358950600029,2.386358950600029,0.15036922000035702,pixhawk_fused,True,0.8,0.2,gyro,-1.0,0.0,0.0,0.01163927676710643
28.44039929995779,9511.414334619,odom,turning,,1.4833869047516888,-0.025969068926847028,-2.3934133642269866,2.2645364720593673,-2.0572110861084942,-1.6851683883783009,-1.7130306944579228,-3.1073880195617676,-2.3864702609702952,2.3864702609702952,0.05018650399870239,pixhawk_fused,True,0.8,0.2,gyro,-1.0,0.0,0.0,0.01163927676710643
28.440448399982415,9511.532888241,odom,turning,,1.4833869047516888,-0.025969068926847028,-2.3935770268633796,2.2645364720593673,-2.0572110861084942,-1.6853320510146939,-1.7130306944579228,-3.1072027683258057,-2.3866748244762426,2.3866748244762426,0.06892026899913617,pixhawk_fused,True,0.8,0.2,gyro,-1.0,0.0,0.0,0.01163927676710643
28.76145950006321,9511.633765289,odom,turning,,1.483285505505557,-0.026057728995578566,-2.394524263528662,2.2645171323926805,-2.0573443842412495,-1.6862792876799764,-1.7177684348215063,-3.1072027683258057,-2.3866748244762426,2.3866748244762426,0.1693018129990378,pixhawk_fused,True,0.8,0.2,gyro,-1.0,0.0025641503743827343,-0.10111001878976822,0.01165599003545039
28.761559500009753,9511.753378955,odom,turning,,1.4831480948411406,-0.026172770426564296,-2.4353009841208197,2.264487603009137,-2.0575211446356994,-1.727056008272134,-1.7624003979590541,-3.062805414199829,-2.426488239139319,2.426488239139319,0.004375931999675231,pixhawk_fused,True,0.8,0.2,gyro,-1.0,0.005128809716552496,-0.4718132019042969,0.011674407902782378
28.761607000022195,9511.854508663,odom,turning,,1.4829693700160047,-0.026308556312884424,-2.4470661532514706,2.2644401896327437,-2.0577405354782217,-1.7388211774027849,-1.8213069947154028,-3.062805414199829,-2.426488239139319,2.426488239139319,0.10517000099935103,pixhawk_fused,True,0.8,0.2,gyro,-1.0,0.0025676051154732704,-0.5064198970794678,0.01168689109248437
29.120842800009996,9511.973725154,odom,turning,,1.482485087406867,-0.026633588380389872,-2.5166333305154827,2.264283808672007,-2.058302425579166,-1.808388354666797,-1.882815134944682,-2.995039463043213,-2.4980643602311616,2.4980643602311616,0.028675187000771984,pixhawk_fused,True,0.8,0.2,gyro,-1.0,0.0,-0.5390653610229492,0.011685165544642214
29.12094499997329,9512.094783575,odom,turning,,1.482368274232598,-0.02670028505965316,-2.5894180909807494,2.264238474829666,-2.058429069202954,-1.8811731151320636,-1.9146297850486118,-2.914276599884033,-2.581077014267445,2.581077014267445,0.03511057899959269,pixhawk_fused,True,0.8,0.2,gyro,-1.0,0.00511148851364851,-0.06718570739030838,0.01167505065898238
29.1209930999903,9512.213802519,odom,turning,,1.4822513031167421,-0.02676684646484684,-2.5898253295726925,2.2641929330339194,-2.0585557128267418,-1.8815803537240068,-1.9166668749041842,-2.914276599884033,-2.581077014267445,2.581077014267445,0.15442995900048118,pixhawk_fused,True,0.8,0.2,gyro,-1.0,0.0,0.0,0.011664735270053659
29.44178620004095,,mission_status,navigating,going to waypoint 3/4,1.4822513031167421,-0.02676684646484684,-2.5898253295726925,,,,,,,,,,,,,,,,,
29.441868699970655,9512.313822595,odom,navigating,,1.4822513031167421,-0.02676684646484684,-2.5970239158081116,2.2641929330339194,-2.0585557128267418,-1.888778939959426,-1.9166668749041842,-2.9071950912475586,-2.590074407666922,2.590074407666922,0.07634833900010563,pixhawk_fused,True,0.8,0.2,gyro,-1.0,0.0,0.0,0.011664735270053659
29.441942000063136,9512.415268649,odom,navigating,,1.482213440272381,-0.026788356498529287,-2.5961529675777357,2.264178168342148,-2.058596679647573,-1.88790799172905,-1.9160106997984139,-2.9070322513580322,-2.5891497858650987,2.5891497858650987,0.07040519200018025,pixhawk_fused,True,0.8,0.2,gyro,-1.0,0.0023823874071240425,0.03131423890590668,0.011661366830098576
29.441999400034547,9512.533426008,odom,navigating,,1.4809978207519814,-0.027493505668432117,-2.5919084126288574,2.2637136004348535,-2.05992300646616,-1.8836634367801717,-1.896189575626432,-2.909092664718628,-2.588798583855853,2.588798583855853,0.06209722299900022,pixhawk_fused,True,0.8,0.2,gyro,-1.0,0.01538081280887127,0.1347663402557373,0.011565278005775179
29.742839599959552,9512.633641559,odom,navigating,,1.4779969762592984,-0.029361383436655064,-2.5823295296492916,2.262649502860268,-2.0632937232116086,-1.874084553800606,-1.8482921700624568,-2.909092664718628,-2.588798583855853,2.588798583855853,0.16247975199985376,pixhawk_fused,True,0.8,0.2,gyro,-1.0,0.05845692381262779,0.6347332000732422,0.011433454749422622
29.742945699952543,9512.733781317,odom,navigating,,1.4723102505829477,-0.03338058933202337,-2.5593046159709116,2.260944908797559,-2.0700455543727685,-1.851059640122226,-1.778513792759171,-2.922659397125244,-2.5774477879833437,2.5774477879833437,0.08449708899934194,pixhawk_fused,True,0.8,0.2,gyro,-1.0,0.09743182361125946,0.7414500117301941,0.011580991590960913
29.742995199980214,9512.834921898,odom,navigating,,1.464244968787869,-0.03997424161528462,-2.4538001991475498,2.2591084722759316,-2.0802999447382957,-1.745555223298864,-1.7077128983900653,-3.0402703285217285,-2.463280291093514,2.463280291093514,0.0738606869999785,pixhawk_fused,True,0.8,0.2,gyro,-1.0,0.12988170981407166,0.6322862505912781,0.01253053525447442
30.080655200057663,9512.95422365,odom,navigating,,1.4527915000469003,-0.050465008955364654,-2.45011502605987,2.2572337723277407,-2.095718234062611,-1.7418700502111844,-1.689272758844028,-3.0402703285217285,-2.463280291093514,2.463280291093514,0.1930557569994562,pixhawk_fused,True,0.8,0.2,gyro,-1.0,0.15751995146274567,-0.16970913112163544,0.014813016762880608
30.080754599999636,9513.073511792,odom,navigating,,1.4394526552467264,-0.06240454955152641,-2.4084339583315226,2.2548695500636278,-2.1134633140380967,-1.700188982482837,-1.729166811460424,-3.0893726348876953,-2.401212079865858,2.401212079865858,0.006602702000236604,pixhawk_fused,True,0.8,0.2,gyro,-1.0,0.192990243434906,-0.5073959231376648,0.017240742670915923
30.080815199995413,9513.174046261,odom,navigating,,1.428649739330952,-0.07124128378942751,-2.418842389104491,2.2524129964875903,-2.1272021716617364,-1.7105974132558053,-1.7812602665875163,-3.0893726348876953,-2.401212079865858,2.401212079865858,0.10687919799966039,pixhawk_fused,True,0.8,0.2,gyro,-1.0,0.141514852643013,-0.5749337077140808,0.018516712220587185
30.420464999973774,9513.293828689,odom,navigating,,1.4173666788251253,-0.07936532772133409,-2.4698347630002377,2.2491281644985035,-2.1407120725862128,-1.761589787151552,-1.8514966045228312,-3.043959379196167,-2.4474080607723447,2.4474080607723447,0.04884133999985352,pixhawk_fused,True,0.8,0.2,gyro,-1.0,0.12043703347444534,-0.7073118686676025,0.018933341775908972
30.42058040003758,9513.394218146,odom,navigating,,1.4081464191844653,-0.08509817551450949,-2.5242375818006755,2.245854561993299,-2.151063993098795,-1.8159926059519897,-1.9110362566524945,-2.9923408031463623,-2.5005318175982687,2.5005318175982687,0.013333881999642472,pixhawk_fused,True,0.8,0.2,gyro,-1.0,0.13583903014659882,-0.43794697523117065,0.018523079227860558
30.42063239996787,9513.513351184,odom,navigating,,1.3942882467445226,-0.0924108797947748,-2.61640538335898,2.2400861424854943,-2.1656327927627266,-1.9081604075102943,-1.9889247836978237,-2.8986682891845703,-2.596256486101076,2.596256486101076,0.07511661700118566,pixhawk_fused,True,0.8,0.2,gyro,-1.0,0.1704656481742859,-0.5431783199310303,0.01682599292303565
30.762463100021705,9513.633458639,odom,navigating,,1.3734949952208415,-0.10183056385774703,-2.6425906681666573,2.230421092070402,-2.1863131350531,-1.9343456923179716,-2.0206706558925416,-2.873870849609375,-2.6210561715792866,2.6210561715792866,0.09000495500004035,pixhawk_fused,True,0.8,0.2,gyro,-1.0,0.24095182120800018,-0.1346907764673233,0.01299308879692623
30.762542000040412,9513.753987564,odom,navigating,,1.3498831938660636,-0.1122882990804166,-2.702519559452763,2.219290594008621,-2.2096153538766723,-1.9942745836040772,-2.0037028664260017,-2.799548387527466,-2.7001841507386417,2.7001841507386417,0.09380693999992218,pixhawk_fused,True,0.8,0.2,gyro,-1.0,0.2530718445777893,0.33951035141944885,0.00844274483220845
30.76257290004287,9513.854175212,odom,navigating,,1.329537069868496,-0.12195924121422341,-2.687638759662995,2.2101285828807913,-2.2301956705791275,-1.9793937838143092,-1.964457399446391,-2.8087825775146484,-2.6913943546693773,2.6913943546693773,0.015672019999328768,pixhawk_fused,True,0.8,0.2,gyro,-1.0,0.2658962607383728,0.5089742541313171,0.005068324267776584
31.077535500051454,9513.973350546,odom,navigating,,1.3061070422869598,-0.13448023629946637,-2.616021034207106,2.2004782971574706,-2.2549467007769697,-1.9077760583584202,-1.910372595439778,-2.883106231689453,-2.615393529979512,2.615393529979512,0.012222080000356073,pixhawk_fused,True,0.8,0.2,gyro,-1.0,0.25472673773765564,0.5072943568229675,0.002329489595829109
31.077638800023124,9514.073525305,odom,navigating,,1.2876469646041868,-0.14558419078072637,-2.60655281135779,2.1936809242005646,-2.275388520511539,-1.8983078355091043,-1.8630246090786506,-2.883106231689453,-2.615393529979512,2.615393529979512,0.11232552700130327,pixhawk_fused,True,0.8,0.2,gyro,-1.0,0.23417788743972778,0.5073705315589905,0.0011982525290932051
31.077689200057648,9514.173643179,odom,navigating,,1.2701482320475208,-0.15727440774923485,-2.5586584753560375,2.187995062194638,-2.295650252597175,-1.8504134995073518,-1.8136853382874665,-2.9302139282226562,-2.56786020800285,2.56786020800285,0.034035928001685534,pixhawk_fused,True,0.8,0.2,gyro,-1.0,0.23417788743972778,0.5750200152397156,0.0010909334791877777
31.423615899984725,9514.293884208,odom,navigating,,1.2502819282966955,-0.1721905436433171,-2.472241962478879,2.1826094849058704,-2.319902194622454,-1.7639969866301934,-1.7555492090557268,-3.02317214012146,-2.474375512598082,2.474375512598082,0.03307871399920259,pixhawk_fused,True,0.8,0.2,gyro,-1.0,0.2255440503358841,0.5390117168426514,0.0023316264345206723
31.423722099978477,9514.394403424,odom,navigating,,1.2346003773407128,-0.18513075958714753,-2.4669662716480576,2.1791169074649535,-2.3399312268476327,-1.7587212957993719,-1.729166811460424,-3.02317214012146,-2.474375512598082,2.474375512598082,0.13356632000068203,pixhawk_fused,True,0.8,0.2,gyro,-1.0,0.2127290517091751,0.16844122111797333,0.004277286933445289
31.423774200025946,9514.515609796,odom,navigating,,1.2161331589657713,-0.20075535581546616,-2.4398399856379487,2.175254796822935,-2.3638111402309465,-1.731595009789263,-1.742647998710366,-3.0671896934509277,-2.437098420364782,2.437098420364782,0.06896910700015724,pixhawk_fused,True,0.8,0.2,gyro,-1.0,0.24243687093257904,-0.3186604380607605,0.006888178583239325
31.761315100011416,9514.63373307,odom,navigating,,1.19781751342882,-0.21542935129372698,-2.4600175033234493,2.170889438940249,-2.3868704694772047,-1.7517725274747635,-1.785975260917928,-3.046361207962036,-2.4514900107216087,2.4514900107216087,0.08176867199836124,pixhawk_fused,True,0.8,0.2,gyro,-1.0,0.2229810655117035,-0.43794697523117065,0.008796175496941705
31.76142490003258,9514.733767262,odom,navigating,,1.1815454576895679,-0.22725569794701156,-2.499211206700567,2.1662237963404034,-2.4064376371893568,-1.7909662308518814,-1.8325374990828744,-3.0074961185455322,-2.4888428230118005,2.4888428230118005,0.06677072499951464,pixhawk_fused,True,0.8,0.2,gyro,-1.0,0.22872191667556763,-0.5344594120979309,0.0094882779923486
31.761494899983518,9514.85407003,odom,navigating,,1.1611398376248618,-0.24066892661008926,-2.5425813566966777,2.159450961885315,-2.429898940367934,-1.834336380847992,-1.8779552359026035,-2.9644954204559326,-2.531701511485502,2.531701511485502,0.009300181000071461,pixhawk_fused,True,0.8,0.2,gyro,-1.0,0.2323431521654129,-0.40726613998413086,0.009181680420878607
32.121155100059696,9514.973888405,odom,navigating,,1.1396955351584879,-0.2535123428351026,-2.585610612725743,2.151518579242638,-2.4536031331238246,-1.8773656368770573,-1.9124477768214905,-2.9194390773773193,-2.5768633920978754,2.5768633920978754,0.08475712400104385,pixhawk_fused,True,0.8,0.2,gyro,-1.0,0.24436141550540924,-0.16904740035533905,0.007821508081171418
32.12126080004964,9515.094075676,odom,navigating,,1.1174822596823635,-0.26599148423962243,-2.610332654023855,2.1427651965560948,-2.4775308757903427,-1.9020876781751694,-1.928667852696974,-2.8922982215881348,-2.6037099723946304,2.6037099723946304,0.05281621100039047,pixhawk_fused,True,0.8,0.2,gyro,-1.0,0.2332274317741394,-0.10113862156867981,0.005729050050113491
32.121321300044656,9515.213742372,odom,navigating,,1.0949566876011383,-0.2784372494844001,-2.633600481164937,2.133752911880034,-2.5016364186183364,-1.9253555053162514,-1.9266537119934448,-2.864292621612549,-2.633297558946535,2.633297558946535,0.06594630600011442,pixhawk_fused,True,0.8,0.2,gyro,-1.0,0.24447141587734222,0.16912350058555603,0.0034341306006450334
32.48150310001802,9515.333306424,odom,navigating,,1.0731195807693141,-0.2907572296640554,-2.625889447912443,2.125181696376476,-2.5251985791984524,-1.9176444720637573,-1.902987317673969,-2.8690061569213867,-2.6295752425994725,2.6295752425994725,0.07038307000038913,pixhawk_fused,True,0.8,0.2,gyro,-1.0,0.23838281631469727,0.3706074357032776,0.001420335262649131
32.48160229995847,9515.45431712,odom,navigating,,1.051891297064207,-0.3037259732992101,-2.616694086560044,2.117494906705381,-2.5488574381120017,-1.9084491107113581,-1.8569896996836308,-2.8690061569213867,-2.6295752425994725,2.6295752425994725,0.19113871800072957,pixhawk_fused,True,0.8,0.2,gyro,-1.0,0.2453179806470871,0.37336012721061707,0.000284931548810032
32.48165880003944,9515.57423831,odom,navigating,,1.031083980257402,-0.31790295631491927,-2.523051610455726,2.1109138052899192,-2.5731601207681583,-1.8148066346070404,-1.806978958868458,-2.967827081680298,-2.525030139943585,2.525030139943585,0.012637346999326837,pixhawk_fused,True,0.8,0.2,gyro,-1.0,0.24731756746768951,0.3016166388988495,0.0003863912089084122
32.820318300044164,9515.694342865,odom,navigating,,1.0109026085997612,-0.33291202911185547,-2.5178933391057923,2.10534938807265,-2.597687601055373,-1.8096483632571065,-1.7811840697830805,-2.967827081680298,-2.525030139943585,2.525030139943585,0.13269631099865364,pixhawk_fused,True,0.8,0.2,gyro,-1.0,0.23267507553100586,0.2038862556219101,0.0015277435463811155
32.820420300005935,9515.813135846,odom,navigating,,0.9913648160719449,-0.34773551620149595,-2.497505583590618,2.1001530483826456,-2.6216554787291018,-1.7892606077419322,-1.7879360022227837,-2.993015766143799,-2.497858364244923,2.497858364244923,0.0744376029997511,pixhawk_fused,True,0.8,0.2,gyro,-1.0,0.241571843624115,-0.03414221853017807,0.002875540562311517
32.820469000027515,9515.9133275,odom,navigating,,0.9751937266756986,-0.35975758541013164,-2.5072054779752153,2.0956914080733355,-2.6413056198499425,-1.7989605021265296,-1.8048428479808711,-2.985456943511963,-2.505756528785452,2.505756528785452,0.013726704999498907,pixhawk_fused,True,0.8,0.2,gyro,-1.0,0.2298189103603363,-0.23766271770000458,0.0037863471681180145
33.14162989996839,9516.033613827,odom,navigating,,0.9551959271020005,-0.37397434126607765,-2.5121976035156672,2.0897510110994015,-2.6651119177278035,-1.8039526276669815,-1.8298061406625725,-2.985456943511963,-2.505756528785452,2.505756528785452,0.1336762649989396,pixhawk_fused,True,0.8,0.2,gyro,-1.0,0.2333144098520279,-0.23589982092380524,0.004373881123391473
33.141730900038965,9516.13380887,odom,navigating,,0.9384377271637452,-0.3853251732478058,-2.5267060932655245,2.0844068165382756,-2.684634167504425,-1.8184611174168388,-1.849429032729054,-2.9704744815826416,-2.518986902644858,2.518986902644858,0.08517876299993077,pixhawk_fused,True,0.8,0.2,gyro,-1.0,0.2256280928850174,-0.13472941517829895,0.004399826046550305
33.14177940005902,9516.234121875,odom,navigating,,0.920864389893826,-0.39674477263444,-2.564904786186477,2.0784882546718912,-2.704738894769109,-1.8566598103377914,-1.8676936929548311,-2.9277806282043457,-2.562167997216806,2.562167997216806,0.07465196900011506,pixhawk_fused,True,0.8,0.2,gyro,-1.0,0.24348504841327667,-0.16844122111797333,0.0040264950798665254
33.48025520006195,9516.353619359,odom,navigating,,0.899524952556256,-0.4101300499358334,-2.583718143423431,2.070987999205292,-2.7287864185970423,-1.8754731675747454,-1.8791988803283377,-2.9071991443634033,-2.5828083466049288,2.5828083466049288,0.08295447599994077,pixhawk_fused,True,0.8,0.2,gyro,-1.0,0.23751148581504822,-0.06786653399467468,0.0031740441633642843
33.48035510000773,9516.454213745,odom,navigating,,0.8820188099906467,-0.42090216189251506,-2.596036168075436,2.06469928027759,-2.748355665843247,-1.8877911922267503,-1.8873166053863721,-2.891909599304199,-2.5961764441486452,2.5961764441486452,0.035713844999918365,pixhawk_fused,True,0.8,0.2,gyro,-1.0,0.22728753089904785,-0.13579457998275757,0.002301770286020911
33.48040210001636,9516.573213927,odom,navigating,,0.8626579715693901,-0.432602269051239,-2.599996328980591,2.0576055737182246,-2.769836212836963,-1.8917513531319055,-1.8940381201895335,-2.888867139816284,-2.599446267044172,2.599446267044172,0.11233068500041554,pixhawk_fused,True,0.8,0.2,gyro,-1.0,0.19297479093074799,-0.1690981090068817,0.0011603598387945858
33.80432680004742,9516.673632189,odom,navigating,,0.8482098915146012,-0.44131374283509117,-2.602379097608183,2.052299018723446,-2.7858511204808964,-1.8941341217594971,-1.8886287338386303,-2.8849587440490723,-2.603777067398653,2.603777067398653,0.03494955199857941,pixhawk_fused,True,0.8,0.2,gyro,-1.0,0.1695888340473175,0.0,0.0002922011891265165
33.804460100014694,9516.794378915,odom,navigating,,0.8331629100339453,-0.45049302495685617,-2.5948861550586577,2.0468419054632774,-2.8026109172223803,-1.886641179209972,-1.8784970396183154,-2.89172625541687,-2.596943798137829,2.596943798137829,0.04682571699959226,pixhawk_fused,True,0.8,0.2,gyro,-1.0,0.15393339097499847,0.26977455615997314,0.0005235246677965464
33.80452350003179,9516.894470649,odom,navigating,,0.8230205843598103,-0.4567887187595677,-2.59381196517183,2.043234121835861,-2.813990127556822,-1.8855669893231444,-1.8731258732474727,-2.89172625541687,-2.596943798137829,2.596943798137829,0.14641648399992846,pixhawk_fused,True,0.8,0.2,gyro,-1.0,0.12815003097057343,0.13475294411182404,0.0009834862067989408
34.16180580004584,9517.013461443,odom,navigating,,0.8128874375681465,-0.4631993304320675,-2.586664829885639,2.039708063896702,-2.8254506476727106,-1.8784198540369534,-1.864313930597995,-2.899094581604004,-2.5902128302175558,2.5902128302175558,0.07050577200061525,pixhawk_fused,True,0.8,0.2,gyro,-1.0,0.1080821081995964,0.06764938682317734,0.0013430808687331073
34.16191160003655,9517.133660517,odom,navigating,,0.8040121267720888,-0.4688842736924336,-2.580156495126269,2.0366652896713076,-2.835541794615129,-1.8719115192775833,-1.862246375096006,-2.9053566455841064,-2.582594375150279,2.582594375150279,0.0739426000000094,pixhawk_fused,True,0.8,0.2,gyro,-1.0,0.09738662093877792,0.06733959913253784,0.0015999603434785105
34.161972200032324,9517.253972166,odom,navigating,,0.7966775151627743,-0.47358585441678575,-2.5808879115390213,2.0341530045826675,-2.843883845466118,-1.8726429356903356,-1.8635967894944185,-2.905855417251587,-2.583171048433055,2.583171048433055,0.08859630100050708,pixhawk_fused,True,0.8,0.2,gyro,-1.0,0.07744356244802475,-2.5524550437694415e-05,0.0018093397058556297
34.50155150005594,9517.373663944,odom,navigating,,0.7902532329192958,-0.4777044062415197,-2.58171349830633,2.0319528575552845,-2.8511909122192542,-1.8734685224576444,-1.8608806411662975,-2.9049594402313232,-2.5848820198779,2.5848820198779,0.008041439999942668,pixhawk_fused,True,0.8,0.2,gyro,-1.0,0.0668979287147522,0.06763924658298492,0.0019923144887750086
34.50166439998429,9517.473940046,odom,navigating,,0.7856329992127369,-0.48069195818206245,-2.5764306314724,2.0303871763672725,-2.8564654423896267,-1.8681856556237142,-1.8561581045851432,-2.9097001552581787,-2.579459080446978,2.579459080446978,0.009958996999557712,pixhawk_fused,True,0.8,0.2,gyro,-1.0,0.06940199434757233,0.07019456475973129,0.0021027259471237242
34.50172509998083,9517.594144216,odom,navigating,,0.7803219135500694,-0.4841712400234617,-2.57494301414945,2.028616661075105,-2.862562844184513,-1.866698038300764,-1.8487193809052906,-2.9097001552581787,-2.579459080446978,2.579459080446978,0.12990186100068968,pixhawk_fused,True,0.8,0.2,gyro,-1.0,0.0619315542280674,0.06783600896596909,0.0021923494960768954
34.84164270001929,,mission_status,reached,reached waypoint 3/4,0.7803219135500694,-0.4841712400234617,-2.57494301414945,,,,,,,,,,,,,,,,,
34.841698799980804,,mission_status,navigating,going to waypoint 4/4,0.7803219135500694,-0.4841712400234617,-2.57494301414945,,,,,,,,,,,,,,,,,
34.84172320005018,9517.714151466,odom,navigating,,0.7769348820742443,-0.486366300360079,-2.5788371686526217,2.027472085532693,-2.8664332729627406,-1.870592192803936,-1.8866375029623357,-2.9143595695495605,-2.5748476315108135,2.5748476315108135,0.07394736199967156,pixhawk_fused,True,0.8,0.2,gyro,-1.0,0.03873441368341446,-0.5091273784637451,0.0022692086191063265
34.84179049998056,9517.814307109,odom,navigating,,0.7732767401957558,-0.48846742929283327,-2.6220683289651894,2.02606049781796,-2.870408718210612,-1.9138233531165036,-1.9502208704132427,-2.870063066482544,-2.6129924607868316,2.6129924607868316,0.0655042289999983,pixhawk_fused,True,0.8,0.2,gyro,-1.0,0.05164588987827301,-0.6788365840911865,0.0025756561598109097
34.841840200009756,9517.933515363,odom,navigating,,0.7676888765798653,-0.49112700663886033,-2.640685489902688,2.0235465491020777,-2.876063595159159,-1.9324405140540024,-2.0435131384617296,-2.870063066482544,-2.6129924607868316,2.6129924607868316,0.1849404950007738,pixhawk_fused,True,0.8,0.2,gyro,-1.0,0.056391630321741104,-0.7412148714065552,0.003499467714713441
35.161657299962826,9518.03424786,odom,navigating,,0.7627294919101165,-0.49298214287342734,-2.7244154329363672,2.020986642683639,-2.8806986686084346,-2.0161704570876813,-2.1233394942270194,-2.786759614944458,-2.6976928564901472,2.6976928564901472,0.08981519300141372,pixhawk_fused,True,0.8,0.2,gyro,-1.0,0.06151508167386055,-0.8085578083992004,0.004738114352686617
35.16175710002426,9518.153382005,odom,navigating,,0.7565865046086468,-0.4946821861983047,-2.855034101665483,2.0174268962928315,-2.8859858839365264,-2.146789125816797,-2.219431715181313,-2.648385524749756,-2.836910049020779,2.836910049020779,0.09372567600075854,pixhawk_fused,True,0.8,0.2,gyro,-1.0,0.06455088406801224,-0.8484606146812439,0.006767786655198633
35.16181580000557,9518.254052692,odom,navigating,,0.7512459323568164,-0.4956605015658312,-2.9330417215293947,2.014007102543747,-2.8902029710412807,-2.2247967456807087,-2.301279823118035,-2.5700745582580566,-2.913960048317444,2.913960048317444,0.08925302600073337,pixhawk_fused,True,0.8,0.2,gyro,-1.0,0.061971958726644516,-0.8145630359649658,0.008946393787085895
35.504860599990934,9518.35417295,odom,navigating,,0.7459340389768244,-0.49619326295308114,-3.013781548371071,2.0103192568553157,-2.8940630021492466,-2.305536572522385,-2.381754654171261,-2.4896576404571533,-2.9947659431691287,2.9947659431691287,0.012549664999824017,pixhawk_fused,True,0.8,0.2,gyro,-1.0,0.05940171331167221,-0.7807796001434326,0.011413525370108216
35.50499010004569,9518.473666496,odom,navigating,,0.7393844041231096,-0.4962617132162574,3.1238343889976186,2.005389305477417,-2.8983755398670037,-2.4511059423332817,-2.480509574018059,-2.332413911819458,3.131162675654058,-3.131162675654058,0.004453782001291984,pixhawk_fused,True,0.8,0.2,gyro,-1.0,0.05917893350124359,-0.7778513431549072,0.007697117410817251
35.50504630000796,9518.594289528,odom,navigating,,0.7329978330603149,-0.49570181185299295,3.1045402406705565,2.000174457934347,-2.902104768283077,-2.470400090660344,-2.57716640329117,-2.332413911819458,3.131162675654058,-3.131162675654058,0.12423724500149547,pixhawk_fused,True,0.8,0.2,gyro,-1.0,0.05895194783806801,-0.774867832660675,0.004592934809834226
35.86158669996075,9518.715949939,odom,navigating,,0.7266533615343498,-0.4945189281353304,3.022161166147945,1.9945863340288803,-2.9053334528527506,-2.5527791651829554,-2.6744640700188445,-2.2539923191070557,3.052490421568517,-3.052490421568517,0.06874812200112501,pixhawk_fused,True,0.8,0.2,gyro,-1.0,0.060896135866642,-0.8004223704338074,0.0020289352957251904
35.86169599997811,9518.833865067,odom,navigating,,0.72078245892862,-0.49283426984984124,2.8820019942433666,1.9890314826682516,-2.9078729798374767,-2.6929383370875337,-2.7665279770198,-2.101048469543457,2.9003622165075584,-2.9003622165075584,0.07508209200022975,pixhawk_fused,True,0.8,0.2,gyro,-1.0,0.05895194783806801,-0.774867832660675,0.00014568285058867277
35.86175769998226,9518.953787267,odom,navigating,,0.7152588516618478,-0.490689455327547,2.747781552865029,1.9834410712753276,-2.909837099749918,-2.827158778465871,-2.8558529029165363,-1.9555989503860474,2.7549325328222554,-2.7549325328222554,0.003974517998358351,pixhawk_fused,True,0.8,0.2,gyro,-1.0,0.04908083751797676,-0.6451213955879211,0.0011618939466085008
36.180482499999925,9519.053802231,odom,navigating,,0.7110174588938856,-0.4886360664416265,2.73359594915512,1.9788839803530147,-2.911036574991312,-2.8413443821757802,-2.926874946036096,-1.9555989503860474,2.7549325328222554,-2.7549325328222554,0.10384937499838998,pixhawk_fused,True,0.8,0.2,gyro,-1.0,0.056804776191711426,-0.7466453313827515,0.0018288495288391164
36.18061789998319,9519.172719813,odom,navigating,,0.7060605688225914,-0.4857349456982214,2.6621625093435988,1.9732320147521414,-2.912057626211014,-2.9127778219873015,-3.0134609447342777,-1.8888498544692993,2.6872718140832226,-2.6872718140832226,0.10818629099958343,pixhawk_fused,True,0.8,0.2,gyro,-1.0,0.05403294786810875,-0.710212230682373,0.0021925407346696075
36.18067160004284,9519.273224452,odom,navigating,,0.7018706958078692,-0.48280078159537787,2.5931344368350393,1.9681411074385913,-2.912554634849525,-2.981805894495861,-3.090555989351113,-1.8202067613601685,2.620250119542245,-2.620250119542245,0.030354296000950853,pixhawk_fused,True,0.8,0.2,gyro,-1.0,0.05660594254732132,-0.7440318465232849,0.0021002535341305435
36.524221100029536,9519.373617686,odom,navigating,,0.6978187329011717,-0.47946423861338505,2.5180357146138803,1.9628931953040887,-2.912656324064685,-3.05690461671702,3.113512498540961,-1.7465296983718872,2.546150148247842,-2.546150148247842,0.00399916599963035,pixhawk_fused,True,0.8,0.2,gyro,-1.0,0.05715756490826607,-0.7512823939323425,0.0015972023523228161
36.5243075999897,9519.494213075,odom,navigating,,0.6931225614273653,-0.47483996480833696,2.4009920798942224,1.9563183324907838,-2.912199034526574,3.1092370557429083,3.014154899440095,-1.6257612705230713,2.4247074297419826,-2.4247074297419826,0.0643664870003704,pixhawk_fused,True,0.8,0.2,gyro,-1.0,0.06406863033771515,-0.8421218395233154,0.0003861482482932228
36.52434220002033,9519.614996255,odom,navigating,,0.6874364582944108,-0.4678326285762071,2.352290341671619,1.9474414254815309,-2.910575750245312,3.060535317520305,2.8930077289559137,-1.5943210124969482,2.393967097138528,-2.393967097138528,0.07335828999930527,pixhawk_fused,True,0.8,0.2,gyro,-1.0,0.11620325595140457,-1.0521966218948364,0.002248128887539806
36.88303999998607,9519.733641532,odom,navigating,,0.6792412815542295,-0.45503229477778917,2.186872876139039,1.9328905098104499,-2.9061848140937814,2.8951178519877248,2.795015782325111,-1.4121793508529663,2.211837603484754,-2.211837603484754,0.07524644099976285,pixhawk_fused,True,0.8,0.2,gyro,-1.0,0.17685584723949432,-0.8422477841377258,0.008284772632808066
36.88312550005503,9519.85385208,odom,navigating,,0.6676497455018229,-0.4340425088639972,2.1245487376471983,1.9104327897655355,-2.897783288568895,2.8327937134958843,2.78957603743681,-1.336045265197754,2.1353283766857425,-2.1353283766857425,0.08980277200134879,pixhawk_fused,True,0.8,0.2,gyro,-1.0,0.24278444051742554,0.27158915996551514,0.019215466466257956
36.88319149997551,9519.974592965,odom,navigating,,0.6553296841229204,-0.41258399974513166,2.1488881417938046,1.8871168460172179,-2.889499672624777,2.8571331176424906,2.8165917286561184,-1.3536021709442139,2.158999258996461,-2.158999258996461,0.016017642999941017,pixhawk_fused,True,0.8,0.2,gyro,-1.0,0.22144180536270142,0.28786587715148926,0.030127820857150787
37.2222555000335,9520.094043775,odom,navigating,,0.6448471865897518,-0.39525280165737575,2.152268017090389,1.8678813639864151,-2.8831554301378772,2.860512992939075,2.8334984312120803,-1.3536021709442139,2.158999258996461,-2.158999258996461,0.1348531740004546,pixhawk_fused,True,0.8,0.2,gyro,-1.0,0.1768423318862915,0.16837908327579498,0.03864400799792745
37.22235749999527,9520.213575604,odom,navigating,,0.6366274974854209,-0.38217163599372184,2.168171774272105,1.8531291494190667,-2.8785671462047793,2.876416750120791,2.8510765771863227,-1.367457389831543,2.174484553368304,-2.174484553368304,0.07563180300167005,pixhawk_fused,True,0.8,0.2,gyro,-1.0,0.1265832483768463,0.03395547717809677,0.044899858450030326
37.22241819999181,9520.313849918,odom,navigating,,0.6319759271962055,-0.37502606732160104,2.1802498345410957,1.8449480545037291,-2.8761659082345346,2.8884948103897816,2.8619179516339908,-1.3801500797271729,2.1868716875030736,-2.1868716875030736,0.06274396100161539,pixhawk_fused,True,0.8,0.2,gyro,-1.0,0.08260025829076767,0.13571283221244812,0.04822682648824584
37.562272700015455,9520.414907267,odom,navigating,,0.6292194788706357,-0.3708731901408142,2.192321680203918,1.8401530648858277,-2.8748048531972734,2.9005666560526038,2.87481927104259,-1.3907763957977295,2.1987362312092524,-2.1987362312092524,0.009328255999207613,pixhawk_fused,True,0.8,0.2,gyro,-1.0,0.06615205854177475,0.34024176001548767,0.05013076547522787
37.56238130002748,9520.533807966,odom,navigating,,0.6269116679734816,-0.3675004794241711,2.209773541415138,1.8362063172078789,-2.8737444987839815,2.9180185172638238,2.8958305997735043,-1.4059884548187256,2.2152984653725367,-2.2152984653725367,0.09124843900099222,pixhawk_fused,True,0.8,0.2,gyro,-1.0,0.030759071931242943,0.20214954018592834,0.051638365054409156
37.562434699968435,9520.653443182,odom,navigating,,0.62466608311023,-0.3644691031769412,2.2387992104912984,1.8325288691897088,-2.872902911352997,2.9470441863399843,2.948626032599825,-1.430241584777832,2.2383821197166185,-2.2383821197166185,0.10395398899891006,pixhawk_fused,True,0.8,0.2,gyro,-1.0,0.03874219208955765,0.5092296600341797,0.05289765381993601
37.87997859995812,9520.753736737,odom,navigating,,0.6223776083038097,-0.3617032691644807,2.2807088788552266,1.8289915817666669,-2.872290904481391,2.9889538547039125,3.002741319282712,-1.4696940183639526,2.2772404859676105,-2.2772404859676105,0.08926486500058672,pixhawk_fused,True,0.8,0.2,gyro,-1.0,0.046490635722875595,0.6110756397247314,0.05391275470970263
37.88009089999832,9520.85380215,odom,navigating,,0.6194422683575234,-0.3585501520540313,2.3331042941543876,1.8247110688733161,-2.8718055412335737,3.0413492700030735,3.0676674766725234,-1.5198222398757935,2.3265038260831576,-2.3265038260831576,0.01250555600017833,pixhawk_fused,True,0.8,0.2,gyro,-1.0,0.05165625736117363,0.6789728999137878,0.05488760321707022
37.88014749996364,9520.972531262,odom,navigating,,0.6154968692629397,-0.35488651056720805,2.409667185209683,1.8193313142798948,-2.871589477645535,3.117912161058369,-3.1343563393890967,-1.5944867134094238,2.4019175097360352,-2.4019175097360352,0.08737656599987531,pixhawk_fused,True,0.8,0.2,gyro,-1.0,0.05403294786810875,0.710212230682373,0.055721470995013275
38.20251710002776,9521.073413948,odom,navigating,,0.6113469650112214,-0.3515975072663951,2.466568067835416,1.8140399398836984,-2.871790984495207,-3.1083722634954842,-3.0558803840856155,-1.6460800170898438,2.4534291216745117,-2.4534291216745117,0.03460871400056931,pixhawk_fused,True,0.8,0.2,gyro,-1.0,0.06175193563103676,0.8116710782051086,0.05613037075819456
38.20261749997735,9521.193343861,odom,navigating,,0.6056837272776735,-0.34788688311428473,2.6054631824047956,1.8073249164752654,-2.872656694521199,-2.9694771489261047,-2.953806701852502,-1.797358751296997,2.6015240919008,-2.6015240919008,0.0491205300004367,pixhawk_fused,True,0.8,0.2,gyro,-1.0,0.06921825557947159,0.9098088145256042,0.05604335222396297
38.202665199991316,9521.294055037,odom,navigating,,0.5998810146191741,-0.344852194153637,2.6926143509106764,1.8009436582822338,-2.8741265091893977,-2.882325980420224,-2.8564251258241966,-1.88192880153656,2.68611818748853,-2.68611818748853,0.03423152200048207,pixhawk_fused,True,0.8,0.2,gyro,-1.0,0.08201602101325989,1.0780234336853027,0.05531782610704361
38.54122919996735,9521.413997044,odom,navigating,,0.5893245735917383,-0.34093389316630834,2.724038683328595,1.7903771298554492,-2.878017525354744,-2.8509016480023055,-2.6987560442686527,-1.88192880153656,2.68611818748853,-2.68611818748853,0.15477467900018382,pixhawk_fused,True,0.8,0.2,gyro,-1.0,0.13425184786319733,1.493147611618042,0.052668939986022505
38.54133549996186,9521.53351186,odom,navigating,,0.5723411385755457,-0.3376898647494205,2.912990382735245,1.775367884879231,-2.8866014260160213,-2.6619499485956553,-2.5284298071835227,-2.0658507347106934,2.8796816869392137,-2.8796816869392137,0.08383442699960142,pixhawk_fused,True,0.8,0.2,gyro,-1.0,0.18195492029190063,1.31371009349823,0.04586974370067245
38.541389400023036,9521.633529425,odom,navigating,,0.5548308745335844,-0.3365880632735535,3.072030595965309,1.7613520333198185,-2.897155061331681,-2.5029097353655914,-2.470896574044043,-2.252781391143799,3.0640069591417056,-3.0640069591417056,0.07575724600064859,pixhawk_fused,True,0.8,0.2,gyro,-1.0,0.20245687663555145,0.2357940971851349,0.03699955986695616
38.864171399967745,9521.733914888,odom,navigating,,0.5394927966183478,-0.33596756196657107,3.070679101606512,1.7492990539524162,-2.906661235345174,-2.5042612297243885,-2.477656231271097,-2.252781391143799,3.0640069591417056,-3.0640069591417056,0.17586799499986228,pixhawk_fused,True,0.8,0.2,gyro,-1.0,0.15635861456394196,-0.10107474774122238,0.02894393738543289
38.864280899986625,9521.853600069,odom,navigating,,0.5269887130923889,-0.3352099014373697,3.095504731082504,1.7393092842950502,-2.9142197177652394,-2.4794356002483964,-2.520296922344957,-2.285680055618286,3.1056957694902163,-3.1056957694902163,0.004176827998890076,pixhawk_fused,True,0.8,0.2,gyro,-1.0,0.09296572208404541,-0.4073428511619568,0.022585573524877483
38.86433710006531,9521.954156953,odom,navigating,,0.5220354503400957,-0.3346936853167366,3.0526718032482787,1.7352114584681981,-2.917049755657078,-2.5222685280826216,-2.575075949282248,-2.2484753131866455,3.0658462807848195,-3.0658462807848195,0.05604239100102859,pixhawk_fused,True,0.8,0.2,gyro,-1.0,0.03874219208955765,-0.5092296600341797,0.020246029210828867
39.22239050001372,9522.074619019,odom,navigating,,0.5183642068704082,-0.3340822689181816,3.012631492055765,1.7320254043465975,-2.918973532608904,-2.5623088392751354,-2.631174882551545,-2.20906400680542,3.0298136231615285,-3.0298136231615285,0.02940304600087984,pixhawk_fused,True,0.8,0.2,gyro,-1.0,0.034158434718847275,-0.4489804804325104,0.01870177204628058
39.22249329998158,9522.195180622,odom,navigating,,0.5143010620617577,-0.33315655272258865,2.9215379587498687,1.7283372467280578,-2.9209135299263385,-2.6534023725810316,-2.693987699636725,-2.1115775108337402,2.931660052002881,-2.931660052002881,0.03473521199884999,pixhawk_fused,True,0.8,0.2,gyro,-1.0,0.04321369528770447,-0.5680033564567566,0.017199197293212395
39.22254990006331,9522.314273712,odom,navigating,,0.5093523438763539,-0.331663198724846,2.861610203611593,1.7236072425492923,-2.9229984707672214,-2.713330127719307,-2.7718990316319094,-2.0565237998962402,2.8762229571952562,-2.8762229571952562,0.04661274899990531,pixhawk_fused,True,0.8,0.2,gyro,-1.0,0.05209821090102196,-0.6847819089889526,0.015672564876503526
39.56288260000292,9522.433376727,odom,navigating,,0.5037640566056116,-0.3294553205289895,2.8435590486669753,1.7179266833551992,-2.9249567679843165,-2.731381282663925,-2.862475233309906,-2.0565237998962402,2.8762229571952562,-2.8762229571952562,0.16596390599988808,pixhawk_fused,True,0.8,0.2,gyro,-1.0,0.061518143862485886,-0.8085981011390686,0.014381148596607548
39.56299620005302,9522.533967002,odom,navigating,,0.49894322293886567,-0.32705788469848956,2.7125197887848618,1.7127057011866746,-2.9262718653190203,-2.8624205425460385,-2.943621462136428,-1.9146655797958374,2.7327774865641334,-2.7327774865641334,0.07587765199968999,pixhawk_fused,True,0.8,0.2,gyro,-1.0,0.06406544148921967,-0.8420799374580383,0.013675757085311699
39.56305540003814,9522.653495543,odom,navigating,,0.4908957047899523,-0.3220597646476859,2.6298265210598863,1.7033422871858752,-2.9277106949298393,-2.945113810271014,-3.041765998864038,-1.835425853729248,2.6539326889528967,-2.6539326889528967,0.015244146999975783,pixhawk_fused,True,0.8,0.2,gyro,-1.0,0.11104981601238251,-0.8486309051513672,0.013324273147735929
39.88167260005139,9522.753628849,odom,navigating,,0.48283663579220076,-0.31604991238956154,2.5511992713883584,1.6933119666144882,-2.928388623030904,-3.023741059942542,-3.122935136437432,-1.7567752599716187,2.5759380564107635,-2.5759380564107635,0.009953201999451267,pixhawk_fused,True,0.8,0.2,gyro,-1.0,0.13688908517360687,-0.9166134595870972,0.013805397933259855
39.881774400011636,9522.854491561,odom,navigating,,0.47183268385597416,-0.3064086527158912,2.5380252937576646,1.6786827564863362,-2.9282241318873634,-3.0369150375732357,3.0939812463556113,-1.7567752599716187,2.5759380564107635,-2.5759380564107635,0.1105271439992066,pixhawk_fused,True,0.8,0.2,gyro,-1.0,0.20662502944469452,-0.5431783199310303,0.015652700923871343
39.881823700037785,9522.973169403,odom,navigating,,0.4544217950699154,-0.28929162389653434,2.4027944417760816,1.6543244462942797,-2.9265494831150085,3.1110394176247675,3.056154713460462,-1.5981781482696533,2.4164875345244146,-2.4164875345244146,0.033956697001485736,pixhawk_fused,True,0.8,0.2,gyro,-1.0,0.23928876221179962,-0.10145888477563858,0.02011999858323322
40.19876719999593,9523.073562554,odom,navigating,,0.43867996207459137,-0.2732999174264873,2.370559112741277,1.63196581604696,-2.924643798109438,3.078804088589963,3.065653309669867,-1.5628185272216797,2.3738250894858575,-2.3738250894858575,0.01498137599992333,pixhawk_fused,True,0.8,0.2,gyro,-1.0,0.25470125675201416,0.2367137223482132,0.02458662231645861
40.19885879999492,9523.175918114,odom,navigating,,0.42251646664871884,-0.25773643410050306,2.4069341778143007,1.6095654911418904,-2.923337642771159,3.1151791536629867,3.1129937031423704,-1.5997437238693237,2.407458910675261,-2.407458910675261,0.010894029001065064,pixhawk_fused,True,0.8,0.2,gyro,-1.0,0.2418980449438095,0.4735458791255951,0.028462500597181816
40.19889520003926,9523.294298986,odom,navigating,,0.40580841189384875,-0.24318726337470198,2.4174759997616864,1.5874113830686187,-2.923156099448389,3.1257209756103723,-3.117472490903408,-1.5997437238693237,2.407458910675261,-2.407458910675261,0.12883034000151383,pixhawk_fused,True,0.8,0.2,gyro,-1.0,0.18970929086208344,0.5391460061073303,0.031192900919687995
40.523002100060694,9523.394923615,odom,navigating,,0.39466616958369605,-0.23434123561926745,2.461800545545308,1.5731944405663445,-2.9236855488181166,-3.1131397857855925,-3.080347851610904,-1.6429353952407837,2.4535823113932347,-2.4535823113932347,0.02887628499956918,pixhawk_fused,True,0.8,0.2,gyro,-1.0,0.1409650295972824,0.37057048082351685,0.03230342149965092
40.523082999978215,9523.513642589,odom,navigating,,0.3838332280187232,-0.22648569183494605,2.531621954314862,1.5598567250614026,-2.924766074711716,-3.043318377016038,-3.0275524528210913,-1.7158160209655762,2.5276589972986914,-2.5276589972986914,0.04958813000121154,pixhawk_fused,True,0.8,0.2,gyro,-1.0,0.12136784940958023,0.5091273784637451,0.032765324401426925
40.523115599993616,9523.613810583,odom,navigating,,0.374141110900894,-0.220319948143273,2.54540942757159,1.5484846891194413,-2.9263879033191413,-3.0295309037593103,-2.958559825014728,-1.7158160209655762,2.5276589972986914,-2.5276589972986914,0.14991128600013326,pixhawk_fused,True,0.8,0.2,gyro,-1.0,0.13944390416145325,0.6788365840911865,0.03246326160974908
40.862083600019105,9523.714227662,odom,navigating,,0.3631445672504999,-0.21443173112042413,2.598262181558211,1.536302466710686,-2.929069046572832,-2.976678149772689,-2.876047938007325,-1.764021635055542,2.573122809173081,-2.573122809173081,0.07470331700096722,pixhawk_fused,True,0.8,0.2,gyro,-1.0,0.1446084976196289,0.8146039247512817,0.031202182233854778
40.862184099969454,9523.834080586,odom,navigating,,0.3449429261550476,-0.20682476406830533,2.7341038020185096,1.5175298889599353,-2.935131720149044,-2.8408365293123907,-2.7773769486448483,-1.9103279113769531,2.7182272645845154,-2.7182272645845154,0.08615908899992064,pixhawk_fused,True,0.8,0.2,gyro,-1.0,0.21531350910663605,0.6738317608833313,0.027340636049194185
40.86223319999408,9523.954225742,odom,navigating,,0.3225830922279104,-0.19921360825659015,2.8044097913412154,1.4955964194496179,-2.943896124366065,-2.770530539989685,-2.7516582505676332,-1.9908164739608765,2.7996703526391724,-2.7996703526391724,0.010332599000321352,pixhawk_fused,True,0.8,0.2,gyro,-1.0,0.2246709018945694,-0.03394355624914169,0.021159153542654595
41.20243169995956,9524.073080861,odom,navigating,,0.3003293497066891,-0.19175191127389396,2.808913263979181,1.473840750100776,-2.952705030611806,-2.766027067351719,-2.772631504560451,-1.996036171913147,2.8105427327170114,-2.8105427327170114,0.014087753999774577,pixhawk_fused,True,0.8,0.2,gyro,-1.0,0.216131791472435,-0.2705569863319397,0.01491299899270914
41.202528699999675,9524.174686093,odom,navigating,,0.2835161928259151,-0.18553375664002342,2.7997300096473703,1.4570261576370127,-2.958919302220434,-2.77521032168353,-2.81856045011981,-1.996036171913147,2.8105427327170114,-2.8105427327170114,0.11550524999984191,pixhawk_fused,True,0.8,0.2,gyro,-1.0,0.1825069636106491,-0.6077168583869934,0.010675487181904645
41.202588199987076,9524.293889668,odom,navigating,,0.2669649244131358,-0.17832395290266356,2.7581905635913815,1.4397654011423184,-2.964210052756415,-2.816749767739519,-2.8875759257194464,-1.9606561660766602,2.775861603261445,-2.775861603261445,0.05466837999847485,pixhawk_fused,True,0.8,0.2,gyro,-1.0,0.16150659322738647,-0.7076643705368042,0.007406714045660669
41.52080139995087,9524.394888271,odom,navigating,,0.2562978037629023,-0.1728117944925,2.703001708673998,1.4280780038613188,-2.966962524028101,-2.871938622656902,-2.952341885223621,-1.9081275463104248,2.7230606021895154,-2.7230606021895154,0.050771876998624066,pixhawk_fused,True,0.8,0.2,gyro,-1.0,0.12451406568288803,-0.7682094573974609,0.00601782356839476
41.520900600007735,9524.513131892,odom,navigating,,0.2443375847026136,-0.16540193035574338,2.580845687549803,1.4141740312339228,-2.96911484177228,-2.9940946437810974,-3.0451763376748446,-1.7802603244781494,2.5935892786993726,-2.5935892786993726,0.04346980300033465,pixhawk_fused,True,0.8,0.2,gyro,-1.0,0.12907715141773224,-1.017931342124939,0.005480237961447981
41.52095969999209,9524.613143967,odom,navigating,,0.23138896146566326,-0.1557995087812505,2.5700523384259064,1.3980930983838273,-2.9702448605763254,-3.004887992904994,-3.099253498417794,-1.7802603244781494,2.5935892786993726,-2.5935892786993726,0.14355743099986285,pixhawk_fused,True,0.8,0.2,gyro,-1.0,0.2133539766073227,-0.3689916729927063,0.006208736817350774
41.843499499955215,9524.714833328,odom,navigating,,0.21537565948537332,-0.14285516040816323,2.504891345680046,1.377510598170617,-2.970830249412061,-3.070048985650854,-3.127718766005829,-1.704825758934021,2.519279674114202,-2.519279674114202,0.06681476199992176,pixhawk_fused,True,0.8,0.2,gyro,-1.0,0.2426748126745224,-0.13573317229747772,0.007996401595172346
41.84360420005396,9524.833789225,odom,navigating,,0.19555689027027365,-0.12635551996068103,2.447419742302265,1.3517251037584348,-2.971190840616738,-3.1275205890286353,-3.1216381386091734,-1.6367852687835693,2.4459275083257896,-2.4459275083257896,0.07515117799994186,pixhawk_fused,True,0.8,0.2,gyro,-1.0,0.246102973818779,0.13470256328582764,0.010606264015586439
41.843652999959886,9524.934374209,odom,navigating,,0.17888675455155445,-0.1129970058779076,2.454989680474541,1.3303743196895848,-2.971888940198111,-3.1199506508563593,-3.083781079687323,-1.6367852687835693,2.4459275083257896,-2.4459275083257896,0.1756315539987554,pixhawk_fused,True,0.8,0.2,gyro,-1.0,0.24089807271957397,0.4715881943702698,0.012370401043305314
42.20202570001129,9525.053960904,odom,navigating,,0.15769488409628718,-0.09777048244837819,2.5034903108851703,1.3043741133864977,-2.974109674612612,-3.07145002044573,-3.015490379701195,-1.6818413734436035,2.4894856200828297,-2.4894856200828297,0.10189729900048405,pixhawk_fused,True,0.8,0.2,gyro,-1.0,0.24535493552684784,0.7128856182098389,0.013157198715996481
42.20212549995631,9525.173640893,odom,navigating,,0.1357146004779897,-0.08408019107400783,2.557336089129733,1.2787744253418927,-2.9780100486811936,-3.017604242201167,-2.957400140935592,-1.7343279123306274,2.5422719623460512,-2.5422719623460512,0.10805964799874346,pixhawk_fused,True,0.8,0.2,gyro,-1.0,0.2549665570259094,0.40215539932250977,0.012229418950341839
42.20217409997713,9525.294184193,odom,navigating,,0.1152486606996048,-0.07272187647648744,2.6033766170411283,1.2558418436961252,-2.9826964866215624,-2.971563714289772,-2.9201458149882105,-1.7812360525131226,2.5905058260574085,-2.5905058260574085,0.05028183700051159,pixhawk_fused,True,0.8,0.2,gyro,-1.0,0.19740021228790283,0.16848310828208923,0.010213800986261668
42.541829900001176,9525.394540484,odom,navigating,,0.10025626788749528,-0.06487448238868995,2.6343605610502054,1.239350306847394,-2.986488932872827,-2.940579770280695,-2.9113567825480797,-1.8153640031814575,2.627034160675023,-2.627034160675023,0.021711153000069316,pixhawk_fused,True,0.8,0.2,gyro,-1.0,0.18458202481269836,0.0673932433128357,0.008344831732771167
42.54193569999188,9525.514445839,odom,navigating,,0.08530627141778528,-0.05712336248411494,2.6444999973652283,1.2229535967514498,-2.9903269209198386,-2.930440333965672,-2.9161022386793913,-1.8355066776275635,2.640893959583257,-2.640893959583257,0.0840175610010192,pixhawk_fused,True,0.8,0.2,gyro,-1.0,0.1523553878068924,-0.10182549804449081,0.006419708290538977
42.541995399980806,9525.633619752,odom,navigating,,0.07306456524578574,-0.05062237544843645,2.6429784439513986,1.2094270595545547,-2.993352642966003,-2.9319618873795017,-2.930292913926843,-1.8357270956039429,2.642539571405862,-2.642539571405862,0.09165358899917919,pixhawk_fused,True,0.8,0.2,gyro,-1.0,0.12047303467988968,-0.16845794022083282,0.0049710787184095995
42.881810900056735,9525.733862694,odom,navigating,,0.06425200722339872,-0.04578494079629328,2.626415662222815,1.19958712032566,-2.9954111737244213,-2.9485246691080853,-2.946528257730615,-1.81788170337677,2.6258949303268535,-2.6258949303268535,0.07571271999950113,pixhawk_fused,True,0.8,0.2,gyro,-1.0,0.11275849491357803,-0.2695091962814331,0.0040588633912224245
42.881893799989484,9525.854603008,odom,navigating,,0.05499437713038584,-0.04046719400029032,2.609472527533658,1.1890967028451913,-2.9973944253501443,-2.9654678037972424,-2.9654796859765975,-1.8008620738983154,2.6094538687109097,-2.6094538687109097,0.09038925399909203,pixhawk_fused,True,0.8,0.2,gyro,-1.0,0.10025885701179504,-0.16070835292339325,0.0032963005766881146
42.88194069999736,9525.973326989,odom,navigating,,0.047130427309631705,-0.03576128091495011,2.5810423922940604,1.1800627910149861,-2.998935775989744,-2.99389793903684,-2.9844311170877997,-1.7703098058700562,2.5786540906964883,-2.5786540906964883,0.013457347000439768,pixhawk_fused,True,0.8,0.2,gyro,-1.0,0.08491057902574539,-0.2367153912782669,0.0028050494704389447
43.194527599960566,9526.073632614,odom,navigating,,0.04148990170562642,-0.03225382998657966,2.578066958776523,1.1734971821282143,-2.9999410227506482,-2.9968733725543775,-2.9993084199301294,-1.7703098058700562,2.5786540906964883,-2.5786540906964883,0.11366999299934832,pixhawk_fused,True,0.8,0.2,gyro,-1.0,0.06687786430120468,-0.2028569132089615,0.0025622232067613994
43.194633200066164,9526.193595229,odom,navigating,,0.035031458038208424,-0.02811813080793331,2.5646801595545865,1.1659016840020175,-3.0010011692105345,-3.0102601717763138,-3.006754732783838,-1.7541712522506714,2.563782172137414,-2.563782172137414,0.054856359000041266,pixhawk_fused,True,0.8,0.2,gyro,-1.0,0.06663801521062851,-0.13475289940834045,0.002383408249722422
43.19469110004138,,mission_status,turning,final alignment at waypoint 4/4,0.035031458038208424,-0.02811813080793331,2.5646801595545865,,,,,,,,,,,,,,,,,
43.521901400061324,9526.294281476,odom,turning,,0.030246948811321624,-0.02500679273651937,2.5465244853373115,1.1602438957057974,-3.001750425329595,-3.028415845993589,-3.0155666690653424,-1.734168529510498,2.5432906448184593,-2.5432906448184593,0.04208756700063532,pixhawk_fused,True,0.8,0.2,gyro,-1.0,0.0571751706302166,-0.17878180742263794,0.002290375816188272
43.52200110000558,9526.394408979,odom,turning,,0.027190526052786202,-0.0229678387980464,2.54057519077334,1.1565961850245758,-3.002190038828261,-3.0343651405575605,-3.04531367865317,-1.734168529510498,2.5432906448184593,-2.5432906448184593,0.14171443600025668,pixhawk_fused,True,0.8,0.2,gyro,-1.0,0.03086979314684868,-0.40575435757637024,0.002273556535912899
43.52206680004019,9526.494653387,odom,turning,,0.02458663374991925,-0.021064024047716394,2.5032151646031213,1.153380081635919,-3.002437919287301,-3.071725166727779,-3.0939281808508037,-1.7043466567993164,2.5087438618480307,-2.5087438618480307,0.04893407999952615,pixhawk_fused,True,0.8,0.2,gyro,-1.0,0.035571932792663574,-0.4675595760345459,0.002397515443124532
43.52210619999096,9526.613784323,odom,turning,,0.02179758859121869,-0.018794087856925216,2.4416746306775625,1.149785191119627,-3.002528171065173,-3.1332657006533378,3.1350579094949795,-1.6380733251571655,2.445368297630463,-2.445368297630463,0.06316055299976142,pixhawk_fused,True,0.8,0.2,gyro,-1.0,0.03342389687895775,-0.4393256604671478,0.002721655863185528
43.88363699999172,9526.733979303,odom,turning,,0.018618636867715473,-0.015880808333102778,2.3930682451780205,1.1454756687262462,-3.0023834354951298,3.1013132210267065,3.070070726105627,-1.5929797887802124,2.4008560495912175,-2.4008560495912175,0.06840685099996335,pixhawk_fused,True,0.8,0.2,gyro,-1.0,0.04396520182490349,-0.5778812170028687,0.0033614799174778442
43.883739699958824,9526.854144729,odom,turning,,0.015669950849179753,-0.012804972192218947,2.3385245911454904,1.1412352908401058,-3.001965449150608,3.0467695669941763,3.005838852848465,-1.5398130416870117,2.348732963973198,-2.348732963973198,0.010858788999030367,pixhawk_fused,True,0.8,0.2,gyro,-1.0,0.03873830661177635,-0.5091785788536072,0.004264779591581263
43.88378769997507,9526.974305452,odom,turning,,0.012840000379435505,-0.009439294947209876,2.2758171774361946,1.1368965509932893,-3.0012500894366005,2.9840621532848806,2.939562311788133,-1.4789525270462036,2.2869170689522362,-2.2869170689522362,0.0864075520003098,pixhawk_fused,True,0.8,0.2,gyro,-1.0,0.04132293164730072,-0.5431510210037231,0.005474798089561535
44.22186900000088,9527.074338772,odom,turning,,0.010595465535050943,-0.006411008432613215,2.231611045361163,1.1332219103460899,-3.0004101656328577,2.939856021209849,2.882746230192425,-1.4363772869110107,2.2458595924913025,-2.2458595924913025,0.035202203998778714,pixhawk_fused,True,0.8,0.2,gyro,-1.0,0.04132708162069321,-0.5432055592536926,0.006732111141214166
44.221968300058506,9527.194447035,odom,turning,,0.008131677110829657,-0.002611738389666058,2.129062950023707,1.128879219384574,-2.999127301075965,2.837307925872393,2.8144936639316205,-1.3257867097854614,2.134744422966156,-2.134744422966156,0.04702582000027178,pixhawk_fused,True,0.8,0.2,gyro,-1.0,0.04358403757214546,-0.5728711485862732,0.007540867675774615
44.222014900064096,9527.313905428,odom,turning,,0.00599317087678552,0.0012303762070318548,2.072224005761389,1.1247557113121756,-2.9976002992213266,2.780468981610075,2.7482094634720755,-1.2717781066894531,2.080265945905361,-2.080265945905361,0.05346152899983281,pixhawk_fused,True,0.8,0.2,gyro,-1.0,0.04101209342479706,-0.5390653610229492,0.0032953411754098523
44.562910399981774,9527.433402784,odom,turning,,0.004132098576192748,0.005164804352574766,2.059123985245275,1.1207828654818695,-2.995822713513381,2.767368961093961,2.682619542130602,-1.2717781066894531,2.080265945905361,-2.080265945905361,0.1735500899994804,pixhawk_fused,True,0.8,0.2,gyro,-1.0,0.041137099266052246,-0.5407084226608276,0.0008229904424114247
44.56301879999228,9527.534963621,odom,turning,,0.0026862393557985,0.008783858915424148,1.9623573077947543,1.117330527024866,-2.994014558654865,2.67060228364344,2.6238885104200356,-1.1640098094940186,1.9740101427971457,-1.9740101427971457,0.083333529999436,pixhawk_fused,True,0.8,0.2,gyro,-1.0,0.041113536804914474,-0.5403987169265747,0.004425767686973315
44.56308790005278,9527.653714738,odom,turning,,0.001299525664341497,0.013012391458755608,1.9037168461138607,1.1135266433363131,-2.991705028136329,2.6119618219625464,2.5568185048951895,-1.1071434020996094,1.917474500411663,-1.917474500411663,0.09531702999993286,pixhawk_fused,True,0.8,0.2,gyro,-1.0,0.046302374452352524,-0.6086010932922363,0.008424326175718802
44.901807000045665,9527.754279769,odom,turning,,0.0003809588506125394,0.01652317664117288,1.848464610492859,1.1105452153654636,-2.9896360997076488,2.5567095863415448,2.5021233129542644,-1.0524448156356812,1.8620832002698515,-1.8620832002698515,0.01642539400017995,pixhawk_fused,True,0.8,0.2,gyro,-1.0,0.038112785667181015,-0.5009567141532898,0.011581922143434675
44.901908900006674,9527.873767847,odom,turning,,-0.0004438819963490659,0.020666392151967205,1.7925474197427935,1.10722357562365,-2.987025868565143,2.5007923955914793,2.4384484013507586,-0.9985387921333313,1.808102329248104,-1.808102329248104,0.021922463998635067,pixhawk_fused,True,0.8,0.2,gyro,-1.0,0.03856988251209259,-0.5069648027420044,0.015127652341354035
44.901959800045006,9527.994296544,odom,turning,,-0.0010175642421548243,0.024985209449673737,1.7302472058571425,1.1039784627349627,-2.9841188879133673,2.4384921817058283,2.372782158730258,-0.9370878338813782,1.7466420059143637,-1.7466420059143637,0.09397923299911781,pixhawk_fused,True,0.8,0.2,gyro,-1.0,0.04138525202870369,-0.5439701676368713,0.01862422235218694
45.26287710003089,9528.113921692,odom,turning,,-0.0013195730090297484,0.029685479814740255,1.6830188783051867,1.1006915512118234,-2.9807454677736507,2.3912638541538724,2.3017907508773705,-0.8953536748886108,1.70533756064764,-1.70533756064764,0.06920125600117899,pixhawk_fused,True,0.8,0.2,gyro,-1.0,0.04390561580657959,-0.57709801197052,0.02220493201258424
45.262976499972865,9528.234660756,odom,turning,,-0.0012824219206525912,0.034531431531299096,1.5781286889629194,1.0975674672049827,-2.977040777859395,2.286373664811605,2.2287392566378648,-0.7818760871887207,1.592508188122425,-1.592508188122425,0.08260073800011014,pixhawk_fused,True,0.8,0.2,gyro,-1.0,0.049075908958911896,-0.6450566053390503,0.025653686512990395
45.26302499999292,9528.354715674,odom,turning,,-0.0009307462583492375,0.039002311405932646,1.5184999037517304,1.094926251005097,-2.9734163579595596,2.226744879600416,2.161135249846961,-0.7240529656410217,1.5348696561991308,-1.5348696561991308,0.08767944800092664,pixhawk_fused,True,0.8,0.2,gyro,-1.0,0.04359055310487747,-0.5729568004608154,0.028614266762789217
45.62251679995097,9528.473728787,odom,turning,,-0.0002464177885103773,0.04361814836805419,1.4158534846449695,1.0924433913232976,-2.9694654512135057,2.1240984604936552,2.090799820117201,-0.6130545139312744,1.4241550745903584,-1.4241550745903584,0.014774145000046701,pixhawk_fused,True,0.8,0.2,gyro,-1.0,0.04357535019516945,-0.5727569460868835,0.0314469082854986
45.622629199991934,9528.59412675,odom,turning,,0.0006724334444099256,0.047820651046353274,1.402904726254434,1.09040752748605,-2.9656759163099142,2.11114970210312,2.0259652610516015,-0.6130545139312744,1.4241550745903584,-1.4241550745903584,0.13509294399955252,pixhawk_fused,True,0.8,0.2,gyro,-1.0,0.0408027358353138,-0.536313533782959,0.03381970593180132
45.622677900013514,9528.713800456,odom,turning,,0.0018653696501725568,0.05196610204956394,1.3476461751225448,1.088616944690277,-2.9617514196463253,2.0558911509712305,1.9609475567591295,-0.5597938299179077,1.3713270309506984,-1.3713270309506984,0.07560009900043951,pixhawk_fused,True,0.8,0.2,gyro,-1.0,0.04114532843232155,-0.540816605091095,0.03596054504216616
45.96126730006654,9528.833777987,odom,turning,,0.003389393865578433,0.05618994762763985,1.2922884875130516,1.0870268289771499,-2.957552008581016,2.0005334633617373,1.8932518179489308,-0.5076025128364563,1.319039064401302,-1.319039064401302,0.09081543499996769,pixhawk_fused,True,0.8,0.2,gyro,-1.0,0.04389900714159012,-0.5770111083984375,0.03792680942886043
45.961471699993126,9528.933898237,odom,turning,,0.004849932060793222,0.05956380197753998,1.2394343925676068,1.0859414161785275,-2.954039467613197,1.9476793684162925,1.8364815720172702,-0.45502039790153503,1.2671585336267086,-1.2671585336267086,0.0744629820001137,pixhawk_fused,True,0.8,0.2,gyro,-1.0,0.046279244124889374,-0.6082971096038818,0.039327864989024235
45.961521100020036,9529.053311802,odom,turning,,0.006466661315937105,0.06272009834090382,1.169478932749494,1.0851161530898537,-2.9505905603873797,1.8777239085981798,1.749147876061294,-0.39038681983947754,1.2015183319985003,-1.2015183319985003,0.11488131999976758,pixhawk_fused,True,0.8,0.2,gyro,-1.0,0.03129536658525467,-0.7541382908821106,0.04046405366282429
46.28211759997066,9529.154149311,odom,turning,,0.007565000519948611,0.06446538216091721,1.061220713834369,1.0848150365590739,-2.948550537482028,1.7694656896830547,1.6680855179022116,-0.2725534737110138,1.086503447526607,-1.086503447526607,0.0962404889996833,pixhawk_fused,True,0.8,0.2,gyro,-1.0,0.02314668521285057,-0.8451660871505737,0.040949860680133066
46.28221630002372,9529.254384949,odom,turning,,0.008750301182800055,0.06603871180953882,0.9805552573125007,1.0846918241664723,-2.946584545988939,1.6888002331611864,1.5720162258881705,-0.19613249599933624,1.009667448812637,-1.009667448812637,0.09388551899974118,pixhawk_fused,True,0.8,0.2,gyro,-1.0,0.028188539668917656,-0.9767489433288574,0.041251756297785366
46.282265400048345,9529.373679299,odom,turning,,0.01003916398763434,0.06741135763520324,0.8830528061377843,1.0847778128995367,-2.944703607438591,1.59129778198647,1.4489082514101244,-0.10201068967580795,0.9185158656179042,-0.9185158656179042,0.012702203001026646,pixhawk_fused,True,0.8,0.2,gyro,-1.0,0.010282346978783607,-1.1490309238433838,0.04133756921633857
46.6224782000063,9529.494379109,odom,turning,,0.011038989228836431,0.06824465376525951,0.6925152489901787,1.084995124208007,-2.9434203269748878,1.4007602248388644,1.318346547330206,0.09851505607366562,0.7130751855908961,-0.7130751855908961,0.031217298999763443,pixhawk_fused,True,0.8,0.2,gyro,-1.0,0.010284404270350933,-1.149260401725769,0.04123813089265627
46.622578499955125,9529.613756049,odom,turning,,0.011758341597276335,0.06870348574453455,0.6671153306725783,1.0852430046670467,-2.9426039019059367,1.375360306521264,1.1904473694186732,0.09851505607366562,0.7130751855908961,-0.7130751855908961,0.1509640060012316,pixhawk_fused,True,0.8,0.2,gyro,-1.0,0.0025825542397797108,-1.1201927661895752,0.04106569774994633
46.622625899966806,9529.71425881,odom,turning,,0.012487223098154945,0.0690457308646355,0.5623249473729273,1.0855739625114778,-2.9418698263854584,1.270569923221613,1.080973092908334,0.20336619019508362,0.6094365550815196,-0.6094365550815196,0.07374856099886529,pixhawk_fused,True,0.8,0.2,gyro,-1.0,0.012859971262514591,-1.1157923936843872,0.04080302704967435
46.942740999977104,9529.833361387,odom,turning,,0.013343098412747726,0.0693153498921793,0.36938546718334875,1.0860486161589258,-2.941108301015489,1.0776304430320345,0.9605049702059488,0.41354718804359436,0.3985824780999751,-0.3985824780999751,0.08626863799872808,pixhawk_fused,True,0.8,0.2,gyro,-1.0,0.02066030167043209,-0.7467458248138428,0.040399760697931095
46.942841300042346,9529.93360447,odom,turning,,0.013860928238333896,0.06944490436625472,0.3538343649304192,1.0863576349191046,-2.9406730545383324,1.062079340779105,0.8820901009860005,0.41354718804359436,0.3985824780999751,-0.3985824780999751,0.18633420699916314,pixhawk_fused,True,0.8,0.2,gyro,-1.0,-0.020748162642121315,-0.9544253945350647,0.04013170009976488
46.94288950006012,9530.03443213,odom,turning,,0.014440663124597027,0.06954252099586247,0.2537921826732319,1.0867344464893898,-2.940221795648973,0.9620371585219176,0.8232979578519296,0.521280825138092,0.288351104789886,-0.288351104789886,0.09125568499985093,pixhawk_fused,True,0.8,0.2,gyro,-1.0,-0.0025623610708862543,-0.6402190327644348,0.03979758838719834
47.28140119998716,9530.153748701,odom,turning,,0.014977867842864596,0.06958456668198973,0.15134150742652697,1.087115105197672,-2.939840409103773,0.8595864832752127,0.7637887254360421,0.6329284906387329,0.17523499422660782,-0.17523499422660782,0.09188733399969351,pixhawk_fused,True,0.8,0.2,gyro,-1.0,0.012857400812208652,-0.43942025303840637,0.03945327682925834
47.28150469996035,9530.254954334,odom,turning,,0.015381338434337553,0.06960041930170979,0.10691061286852044,1.087411230846726,-2.939565910608863,0.8151555887172062,0.738779561063951,0.6828877329826355,0.1259655968784423,-0.1259655968784423,0.015689490999648115,pixhawk_fused,True,0.8,0.2,gyro,-1.0,0.005128044635057449,-0.06740331649780273,0.03918340382220921
47.28154009999707,9530.373240697,odom,turning,,0.015695479888922052,0.0696089974759361,0.08027776571029943,1.0876442426372916,-2.939355045855955,0.7885227415589852,0.7299751769298333,0.7104955911636353,0.09488519304386092,-0.09488519304386092,0.0304391179997765,pixhawk_fused,True,0.8,0.2,gyro,-1.0,0.0025709401816129684,-0.10138452798128128,0.03897058186767076
47.60411459999159,9530.474855245,odom,turning,,0.015785589227573324,0.06961094907009728,0.06260000154830403,1.0877114115871824,-2.939294947321842,0.7708449773969898,0.7070107395865493,0.7307139039039612,0.07852677715710116,-0.07852677715710116,0.005519161999472999,pixhawk_fused,True,0.8,0.2,gyro,-1.0,0.0,-0.3835853338241577,0.03890917037665289
47.604221699992195,9530.594445312,odom,turning,,0.01610115434954393,0.06961255807112227,0.05490357444735128,1.0879500381196892,-2.9390884495904444,0.763148550296037,0.6684365441882897,0.7307139039039612,0.07852677715710116,-0.07852677715710116,0.12427506699896185,pixhawk_fused,True,0.8,0.2,gyro,-1.0,-0.015435155481100082,-0.3381252884864807,0.03869035900721602
47.60426920000464,9530.695207661,odom,turning,,0.015922746883246946,0.0696205198796773,0.021760840095244816,1.087809357641048,-2.9391984569418135,0.7300058159439305,0.6576103742916847,0.7703449726104736,0.0398232580511899,-0.0398232580511899,0.0471462090008572,pixhawk_fused,True,0.8,0.2,gyro,-1.0,-0.00254160538315773,-0.03340701013803482,0.0388204269381482
47.9616049999604,9530.813876532,odom,turning,,0.015922746883246946,0.0696205198796773,0.0023516100649142446,1.087809357641048,-2.9391984569418135,0.7105965859136,0.6576103742916847,0.7900360226631165,0.015570726612123966,-0.015570726612123966,0.055850486000053934,pixhawk_fused,True,0.8,0.2,gyro,-1.0,0.0,0.0,0.0388204269381482
47.96170740004163,,mission_status,navigating,correcting final position at waypoint 4/4,0.015922746883246946,0.0696205198796773,0.0023516100649142446,,,,,,,,,,,,,,,,,
47.9617304999847,9530.935549281,odom,navigating,,0.015922746883246946,0.0696205198796773,0.0023516100649142446,1.087809357641048,-2.9391984569418135,0.7105965859136,0.6576103742916847,0.7900360226631165,0.015570726612123966,-0.015570726612123966,0.17755780900006357,pixhawk_fused,True,0.8,0.2,gyro,-1.0,0.0,0.0,0.0388204269381482
47.96177529997658,9531.053508135,odom,navigating,,0.015922746883246946,0.0696205198796773,0.0028753171210252892,1.087809357641048,-2.9391984569418135,0.711120292969711,0.6576103742916847,0.7901215553283691,0.01622518650955272,-0.01622518650955272,0.102487005000512,pixhawk_fused,True,0.8,0.2,gyro,-1.0,0.0,0.0,0.0388204269381482
48.28382400004193,9531.153779831,odom,navigating,,0.015922746883246946,0.0696205198796773,0.0027937027774378453,1.087809357641048,-2.9391984569418135,0.7110386786261236,0.6576103742916847,0.7901772260665894,0.01612319590943617,-0.01612319590943617,0.08875248000003921,pixhawk_fused,True,0.8,0.2,gyro,-1.0,0.0,0.0,0.0388204269381482
48.28392840002198,9531.273408938,odom,navigating,,0.015922746883246946,0.0696205198796773,0.0027493701611113197,1.087809357641048,-2.9391984569418135,0.710994346009797,0.6576103742916847,0.7902234792709351,0.016067794949288786,-0.016067794949288786,0.03059800200026075,pixhawk_fused,True,0.8,0.2,gyro,-1.0,0.0,0.0,0.0388204269381482
48.28399010002613,9531.374732589,odom,navigating,,0.015922746883246946,0.0696205198796773,0.0026884838732027516,1.087809357641048,-2.9391984569418135,0.7109334597218885,0.6576103742916847,0.790289044380188,0.015991707389715434,-0.015991707389715434,0.0031311720013036393,pixhawk_fused,True,0.8,0.2,gyro,-1.0,0.0,0.0,0.0388204269381482
48.602090700063854,9531.493738231,odom,navigating,,0.015922746883246946,0.0696205198796773,0.0025837559371787444,1.087809357641048,-2.9391984569418135,0.7108287317858645,0.6576103742916847,0.7903944253921509,0.015860832279089215,-0.015860832279089215,0.053457572001207154,pixhawk_fused,True,0.8,0.2,gyro,-1.0,0.0,0.0,0.0388204269381482
48.60223009996116,9531.593843917,odom,navigating,,0.015922746883246946,0.0696205198796773,0.002560595683849476,1.087809357641048,-2.9391984569418135,0.7108055715325352,0.6576103742916847,0.790401816368103,0.015831889641943694,-0.015831889641943694,0.0520557590007229,pixhawk_fused,True,0.8,0.2,gyro,-1.0,0.0,0.0,0.0388204269381482
48.60228970006574,9531.693877956,odom,navigating,,0.015922746883246946,0.0696205198796773,0.0024894308924702235,1.087809357641048,-2.9391984569418135,0.710734406741156,0.6576103742916847,0.7904856204986572,0.015742957207846763,-0.015742957207846763,0.03532029799862357,pixhawk_fused,True,0.8,0.2,gyro,-1.0,0.0,0.0,0.0388204269381482
48.90319380001165,9531.794110712,odom,navigating,,0.015967690042572577,0.06961816866622655,0.002353775084137033,1.0878450216500457,-2.9391710070923227,0.7105987509328228,0.6569313694578712,0.7904856204986572,0.015742957207846763,-0.015742957207846763,0.13542096499986656,pixhawk_fused,True,0.8,0.2,gyro,-1.0,0.0,0.0,0.038787413383328556
48.90330380003434,9531.894525777,odom,navigating,,0.017132774761063015,0.06955094576269323,-0.0073915068015218965,1.0887736375811212,-2.93846417346793,0.7008534690471638,0.6393456770548421,0.7988752126693726,0.007954727744224788,-0.007954727744224788,0.014865105998978834,pixhawk_fused,True,0.8,0.2,gyro,-1.0,0.02315581776201725,-0.3043614327907562,0.03792708938806738
48.903357499977574,9531.994818494,odom,navigating,,0.02026212429043441,0.06927578634772556,-0.035721538983948364,1.0913293849314554,-2.9366375107563485,0.6725234368647374,0.592005273474702,0.8277537226676941,-0.015634007389184714,0.015634007389184714,0.03575885999998718,pixhawk_fused,True,0.8,0.2,gyro,-1.0,0.04374314099550247,-0.5749623775482178,0.035548477271111004
49.24414490000345,9532.112829183,odom,navigating,,0.02536199192231183,0.06851243804256965,-0.05119261781916995,1.095699317789057,-2.9338998041764337,0.6570523580295158,0.5142769497089895,0.8277537226676941,-0.015634007389184714,0.015634007389184714,0.1540286149993335,pixhawk_fused,True,0.8,0.2,gyro,-1.0,0.056383199989795685,-0.7411040663719177,0.031446271236351686
49.24424989998806,9532.21384866,odom,navigating,,0.030304244041454938,0.06738412327641682,-0.10944037826084418,1.1001869522740215,-2.931541820514478,0.5988045975878415,0.4378609528919795,0.8815761208534241,-0.06938881796085525,0.06938881796085525,0.07519728599982045,pixhawk_fused,True,0.8,0.2,gyro,-1.0,0.06149670109152794,-0.8083162307739258,0.027192242554324925
49.24430320004467,9532.334519463,odom,navigating,,0.036711409526140645,0.06531299683788871,-0.2431727808683818,1.106400496045731,-2.9289469779239594,0.46507219498030394,0.33635185883132035,1.0232985019683838,-0.21109758537494827,0.21109758537494827,0.08333433799998602,pixhawk_fused,True,0.8,0.2,gyro,-1.0,0.06715650856494904,-0.8827090859413147,0.02124107813111866
49.58224440005142,9532.453753213,odom,navigating,,0.043155084310039955,0.062465313596748916,-0.3706064539658011,1.1131469204183546,-2.92691818450249,0.3376385218828846,0.23012779262548264,1.1554467678070068,-0.3437989155598848,0.3437989155598848,0.009826560999499634,pixhawk_fused,True,0.8,0.2,gyro,-1.0,0.06956833600997925,-0.9144102931022644,0.014707657069651384
49.58236050000414,9532.553861698,odom,navigating,,0.04835110015330271,0.05953105946241849,-0.4854776952241073,1.1190020564961423,-2.9257667464977053,0.22276728062457846,0.14017723972710142,1.2776267528533936,-0.46487380837881254,0.46487380837881254,0.004231327000525198,pixhawk_fused,True,0.8,0.2,gyro,-1.0,0.06699172407388687,-0.8805431723594666,0.008981845035197543
49.582431499962695,9532.67383552,odom,navigating,,0.05393598786704017,0.055620584353530296,-0.5732273610326135,1.12578757610895,-2.9251037910418174,0.13501761481607222,0.03739403211038006,1.3606617450714111,-0.5488794181295602,0.5488794181295602,0.009002602999316878,pixhawk_fused,True,0.8,0.2,gyro,-1.0,0.06422537565231323,-0.8441820740699768,0.002284998128807257
49.90659280004911,9532.793880508,odom,navigating,,0.05912296725997512,0.05112628327779653,-0.5937681239733901,1.1326506623419101,-2.9251430942354064,0.11447685187529566,-0.06608344661143088,1.3606617450714111,-0.5488794181295602,0.5488794181295602,0.12878576399998565,pixhawk_fused,True,0.8,0.2,gyro,-1.0,0.06429921090602875,-0.8451526165008545,0.004553101959111503
49.906697100028396,9532.896327057,odom,navigating,,0.06320649938741206,0.04683670569273106,-0.7576183130273085,1.1385425021957218,-2.9257447034367505,-0.0493733371786228,-0.1553549924738785,1.5437413454055786,-0.7311910025426117,0.7311910025426117,0.009221317999617895,pixhawk_fused,True,0.8,0.2,gyro,-1.0,0.0694674476981163,-0.9130842089653015,0.010475251661459852
49.906760000041686,9532.996537409,odom,navigating,,0.06685269851128181,0.042251977708982605,-0.7751420770941965,1.1442941814544052,-2.9268549666672983,-0.06689710124551074,-0.24364998107267266,1.5437413454055786,-0.7311910025426117,0.7311910025426117,0.10966975599876605,pixhawk_fused,True,0.8,0.2,gyro,-1.0,0.06445085257291794,-0.8471457958221436,0.016304186983706073
50.24057569995057,9533.113403466,odom,navigating,,0.07062095128065861,0.036442317919387485,-0.8502776086271144,1.15093538140398,-2.928816175232067,-0.1420326327784287,-0.34805060251720954,1.6110715866088867,-0.7991359375663963,0.7991359375663963,0.0733540230012295,pixhawk_fused,True,0.8,0.2,gyro,-1.0,0.06661810725927353,-0.8756322860717773,0.023096502174453082
50.240688499994576,9533.214327985,odom,navigating,,0.0733104717595346,0.03126743831287993,-1.000903554703639,1.1563443534508366,-2.9309969825927626,-0.29265857885495317,-0.4359641240718775,1.7782584428787231,-0.9652136800237863,0.9652136800237863,0.06854008300069836,pixhawk_fused,True,0.8,0.2,gyro,-1.0,0.06659489125013351,-0.8753271698951721,0.0286817347647485
50.2407428000588,9533.335265692,odom,navigating,,0.07593967962714587,0.024728388601293682,-1.0900498744786395,1.1625949129286781,-2.9342531170119277,-0.3818048986299538,-0.5422186701275497,1.8626166582107544,-1.050129181081888,1.050129181081888,0.07449012200049765,pixhawk_fused,True,0.8,0.2,gyro,-1.0,0.06713966280221939,-0.8824876546859741,0.0352030654289025
50.602016799966805,9533.453911759,odom,navigating,,0.07780812448803681,0.018169831344119824,-1.2442498923484473,1.1682803590277944,-2.938018945227322,-0.5360049164997616,-0.6450400558451889,2.030184268951416,-1.2170633443542689,1.2170633443542689,0.0029671400006918702,pixhawk_fused,True,0.8,0.2,gyro,-1.0,0.06240727752447128,-0.820284903049469,0.041208092627064326
50.60212080006022,9533.573696257,odom,navigating,,0.07899892528589364,0.011411329955860264,-1.330057421882046,1.173581195303929,-2.942377440647636,-0.6218124460333603,-0.7485022998262035,2.1128931045532227,-1.2984859692999096,1.2984859692999096,0.014524856998832547,pixhawk_fused,True,0.8,0.2,gyro,-1.0,0.06165635585784912,-0.810414731502533,0.046884131400750415
50.60217139997985,9533.693593122,odom,navigating,,0.07948778095281886,0.004475340663087905,-1.350794185744303,1.17846435716565,-2.9473273555524373,-0.6425492098956174,-0.8533301644058179,2.1128931045532227,-1.2984859692999096,1.2984859692999096,0.1343181510001159,pixhawk_fused,True,0.8,0.2,gyro,-1.0,0.06432171911001205,-0.8454484343528748,0.0521981410673171
50.923330100020394,9533.796040989,odom,navigating,,0.07934236154793145,-0.0012556258271795018,-1.435979697969073,1.1820819146031123,-2.9517746470767863,-0.7277347221203874,-0.9397483037421995,2.196831226348877,-1.3833697686740132,1.3833697686740132,0.05710788199939998,pixhawk_fused,True,0.8,0.2,gyro,-1.0,0.06373848021030426,-0.8377823233604431,0.049420297631553194
50.92341220006347,9533.91355105,odom,navigating,,0.07845852189206913,-0.008429289314690058,-1.6051227586365568,1.1860771154244811,-2.9577980174594085,-0.8968777827878711,-1.0487342231821641,2.3820059299468994,-1.5673169705220433,1.5673169705220433,0.015106729999388335,pixhawk_fused,True,0.8,0.2,gyro,-1.0,0.07176043838262558,-0.9432234168052673,0.04297709276950636
50.92345949995797,9534.013605039,odom,navigating,,0.07708600810749533,-0.014467052861546013,-1.6235356857539816,1.188962260968707,-2.9632765499203164,-0.9152907099052958,-1.1420721467413095,2.3820059299468994,-1.5673169705220433,1.5673169705220433,0.11483248700096738,pixhawk_fused,True,0.8,0.2,gyro,-1.0,0.06984112411737442,-0.917995810508728,0.037202878095997184
51.262717099976726,9534.113832319,odom,navigating,,0.07518782156079346,-0.02026678338004895,-1.6977817399455424,1.1912933146646851,-2.9689162462702807,-0.9895367640968566,-1.234059810111421,2.4525539875030518,-1.6372428843327733,1.6372428843327733,0.06685842699880595,pixhawk_fused,True,0.8,0.2,gyro,-1.0,0.07176043838262558,-0.9432234168052673,0.03133234986817831
51.26281960005872,9534.234199618,odom,navigating,,0.07218112034770005,-0.027035343653536815,-1.861759184632715,1.1934126717941345,-2.97601286417732,-1.1535142087840293,-1.3457159812403772,2.6298904418945312,-1.8140074500390262,1.8140074500390262,0.07542626500071492,pixhawk_fused,True,0.8,0.2,gyro,-1.0,0.07230424880981445,-0.950371265411377,0.024038951351545806
51.26286819996312,9534.353898418,odom,navigating,,0.06868389354446916,-0.033047549714366194,-1.9537987825334902,1.1946674626413205,-2.98285411530273,-1.2455538066848044,-1.450582098612102,2.7180325984954834,-1.9028996401973934,1.9028996401973934,0.08452947600017069,pixhawk_fused,True,0.8,0.2,gyro,-1.0,0.06699172407388687,-0.8805431723594666,0.017098738747538846
51.60362319997512,9534.474073094,odom,navigating,,0.06480701541678027,-0.038366876180990765,-2.105821543527375,1.1951831870863026,-2.9894160850049105,-1.397576567678689,-1.551167906236831,2.883514404296875,-2.06758676826441,2.06758676826441,0.014926402000128292,pixhawk_fused,True,0.8,0.2,gyro,-1.0,0.061389703303575516,-0.8069098591804504,0.010521021994130008
51.6037247000495,9534.593708655,odom,navigating,,0.060527181520150325,-0.0431592743370718,-2.124920806194137,1.1950500969069524,-2.995839973646015,-1.4166758303454514,-1.6480308253927378,2.883514404296875,-2.06758676826441,2.06758676826441,0.13431498799945985,pixhawk_fused,True,0.8,0.2,gyro,-1.0,0.061742670834064484,-0.8115493059158325,0.0041551507601924
51.60377170005813,9534.695070278,odom,navigating,,0.056597868394519746,-0.04684071497177172,-2.2041240531435733,1.194460549003112,-3.0011920704365402,-1.4958790772948876,-1.7291998761743703,2.962251663208008,-2.146310973758337,2.146310973758337,0.05567673699988518,pixhawk_fused,True,0.8,0.2,gyro,-1.0,0.06513609737157822,-0.8561526536941528,0.0010935116772132173
51.945113499998115,9534.814470012,odom,navigating,,0.05164974857856784,-0.050702606349256864,-2.3494218232251605,1.1932145961756484,-3.0073439560235977,-1.6411768473764747,-1.831922138133289,3.119586706161499,-2.3020279606529446,2.3020279606529446,0.06908242300050915,pixhawk_fused,True,0.8,0.2,gyro,-1.0,0.058940205723047256,-0.9094463586807251,0.007061090981214416
51.94521350006107,9534.934982234,odom,navigating,,0.04775831742384763,-0.05311128119016007,-2.374828709213529,1.191825883335491,-3.011704738931369,-1.6665837333648434,-1.9618887490660095,3.119586706161499,-2.3020279606529446,2.3020279606529446,0.18975556600162236,pixhawk_fused,True,0.8,0.2,gyro,-1.0,0.025828128680586815,-1.3579457998275757,0.011233040126482572
51.94527410005685,9535.035071447,odom,navigating,,0.043969793325066786,-0.054860342564985315,-2.482362082438899,1.1900862491240005,-3.0154976010894443,-1.7741171065902133,-2.0680671112326294,-3.055467367172241,-2.4098863484808177,2.4098863484808177,0.09398419699937222,pixhawk_fused,True,0.8,0.2,gyro,-1.0,0.054242443293333054,-1.0524523258209229,0.01480045030535095
52.28518180001993,9535.153525541,odom,navigating,,0.03909764947822091,-0.05643699522906621,-2.659384552249525,1.1874114484491693,-3.0198644146459674,-1.9511395764008392,-2.1992392985847915,-2.8650829792022705,-2.5979768975921838,2.5979768975921838,0.09491552299914474,pixhawk_fused,True,0.8,0.2,gyro,-1.0,0.04638121277093887,-1.151537299156189,0.01883035400053458
52.28528159996495,9535.254542379,odom,navigating,,0.035616413292124074,-0.05709200979782949,-2.7666962821364285,1.1851935214056388,-3.0226264517742947,-2.0584513062877425,-2.314916204442628,-2.757793664932251,-2.703259578461286,2.703259578461286,0.09100893000140786,pixhawk_fused,True,0.8,0.2,gyro,-1.0,0.03864520415663719,-1.185227870941162,0.021318736562650816
52.28534830000717,9535.374754243,odom,navigating,,0.030741790753268043,-0.057432790652067287,-2.8813266278230305,1.1817129012855234,-3.02605622728683,-2.1730816519743446,-2.445424537372057,-2.649838447570801,-2.8140501974769796,2.8140501974769796,0.010708388999773888,pixhawk_fused,True,0.8,0.2,gyro,-1.0,0.030817409977316856,-1.2827085256576538,0.02432507607483901
52.64333059999626,9535.493982485,odom,navigating,,0.026041138018928437,-0.057146072838625196,-3.0700596064076606,1.177956223019959,-3.02889624694212,-2.3618146305589747,-2.5678534735465393,-2.443319797515869,-3.0189128206917015,3.0189128206917015,0.032063614000435336,pixhawk_fused,True,0.8,0.2,gyro,-1.0,0.05403834953904152,-0.9808672666549683,0.026713803828060188
52.64343150006607,9535.614000021,odom,navigating,,0.020935284711268643,-0.05618319895787949,-3.0937914802371926,1.1734519522625757,-3.031486306604318,-2.3855465043885067,-2.6895270652675816,-2.443319797515869,-3.0189128206917015,3.0189128206917015,0.1521789059988805,pixhawk_fused,True,0.8,0.2,gyro,-1.0,0.05637529119849205,-1.0104387998580933,0.02876818086730971
52.64347999996971,9535.734697186,odom,navigating,,0.016140693398676572,-0.05466989205120028,3.084617395454706,1.1688260287631302,-3.033455833305296,-2.4903229358761942,-2.8167395813872464,-2.343493700027466,-3.118340562219259,3.118340562219259,0.09541210399947886,pixhawk_fused,True,0.8,0.2,gyro,-1.0,0.04904882609844208,-1.1197433471679688,0.0301921465502221
52.98402009997517,9535.853756026,odom,navigating,,0.011686935725956062,-0.05254988688896803,2.898331132074099,1.1640643116900664,-3.034742856930293,-2.6766091992568013,-2.9547782051590303,-2.1459403038024902,2.9670125117101858,-2.9670125117101858,0.10661068300032639,pixhawk_fused,True,0.8,0.2,gyro,-1.0,0.07214867323637009,-1.0160605907440186,0.030922514971767463
52.98415400006343,9535.973808412,odom,navigating,,0.007562059321254512,-0.049769685871790245,2.7544944563140765,1.1591229228748798,-3.0353145208412835,-2.8204458750168238,-3.121823801543326,-2.0061745643615723,2.8287503018179128,-2.8287503018179128,0.031666383998526726,pixhawk_fused,True,0.8,0.2,gyro,-1.0,0.056814368814229965,-1.289840579032898,0.030921597257307507
52.98420960002113,9536.074697513,odom,navigating,,0.0047925170570259044,-0.04715394057272608,2.5233853158385253,1.1553178954425984,-3.0351294423106245,-3.051555015492375,3.0037534760629967,-1.7529610395431519,2.579871255377788,-2.579871255377788,0.015873598000325728,pixhawk_fused,True,0.8,0.2,gyro,-1.0,0.04879910126328468,-1.3841131925582886,0.030299768627416065
53.30421129998285,,mission_status,navigating,"retrying waypoint 4, distance 0.05 m",0.0047925170570259044,-0.04715394057272608,2.5233853158385253,,,,,,,,,,,,,,,,,
53.30427029996645,9536.175430398,odom,navigating,,0.0024417569675338827,-0.04427589306987696,2.392750083096689,1.151660306974628,-3.0344727254568933,3.100995058945375,2.8883665043599063,-1.625051498413086,2.4455105125703995,-2.4455105125703995,0.01014458999998169,pixhawk_fused,True,0.8,0.2,gyro,-1.0,0.028083639219403267,-0.9731143712997437,0.029226407597956243
53.304339900030755,9536.293995328,odom,navigating,,0.0005450928707943711,-0.04137962784963484,2.3806655069873965,1.1483357558851413,-3.0335067818895785,3.0889104828360825,2.826629431924798,-1.625051498413086,2.4455105125703995,-2.4455105125703995,0.12870820600073785,pixhawk_fused,True,0.8,0.2,gyro,-1.0,0.023159291595220566,-0.3044070899486542,0.027884209700963468
53.30438550002873,9536.395138037,odom,navigating,,0.00010461721614576924,-0.04064971240721649,2.3129266072518027,1.147526401231968,-3.033238937903636,3.0211715831004886,2.813789148791999,-1.5482434034347534,2.3644025742807573,-2.3644025742807573,0.05509173799873679,pixhawk_fused,True,0.8,0.2,gyro,-1.0,0.0025729972403496504,-0.03381962701678276,0.027524984688967358
53.66313770005945,9536.514133604,odom,navigating,,8.165207242270475e-05,-0.04061115089050782,2.300215717084723,1.1474838747605973,-3.033224589118675,3.008460692933409,2.8131101541257384,-1.5220718383789062,2.3487408081987087,-2.3487408081987087,0.04809157999989111,pixhawk_fused,True,0.8,0.2,gyro,-1.0,0.0,0.0,0.027505836238368667
53.66322960006073,9536.633693692,odom,navigating,,8.165207242270475e-05,-0.04061115089050782,2.300215717084723,1.1474838747605973,-3.033224589118675,3.008460692933409,2.8131101541257384,-1.5220718383789062,2.3487408081987087,-2.3487408081987087,0.16757705899908615,pixhawk_fused,True,0.8,0.2,gyro,-1.0,0.0,0.0,0.027505836238368667
53.66325930005405,9536.754480803,odom,navigating,,8.165207242270475e-05,-0.04061115089050782,2.3006944484921172,1.1474838747605973,-3.033224589118675,3.008939424340803,2.8131101541257384,-1.522204875946045,2.3493370795441004,-2.3493370795441004,0.003796302999035106,pixhawk_fused,True,0.8,0.2,gyro,-1.0,0.0,0.0,0.027505836238368667
53.98442830005661,9536.873538442,odom,navigating,,8.165207242270475e-05,-0.04061115089050782,2.3006944484921172,1.1474838747605973,-3.033224589118675,3.008939424340803,2.8131101541257384,-1.522204875946045,2.3493370795441004,-2.3493370795441004,0.12317585900018457,pixhawk_fused,True,0.8,0.2,gyro,-1.0,0.0,0.0,0.027505836238368667
53.98453230003361,9536.97389545,odom,navigating,,8.165207242270475e-05,-0.04061115089050782,2.300616508929445,1.1474838747605973,-3.033224589118675,3.008861484778131,2.8131101541257384,-1.5221115350723267,2.3492400046806,-2.3492400046806,0.026811075000296114,pixhawk_fused,True,0.8,0.2,gyro,-1.0,0.0,0.0,0.027505836238368667
53.984586099977605,9537.074452767,odom,navigating,,8.165207242270475e-05,-0.04061115089050782,2.300593994483684,1.1474838747605973,-3.033224589118675,3.00883897033237,2.8131101541257384,-1.5220730304718018,2.3492119625578782,-2.3492119625578782,0.012666335000176332,pixhawk_fused,True,0.8,0.2,gyro,-1.0,0.0,0.0,0.027505836238368667
54.322132600005716,9537.195553092,odom,navigating,,8.165207242270475e-05,-0.04061115089050782,2.300593994483684,1.1474838747605973,-3.033224589118675,3.00883897033237,2.8131101541257384,-1.5220730304718018,2.3492119625578782,-2.3492119625578782,0.13409709600091446,pixhawk_fused,True,0.8,0.2,gyro,-1.0,0.0,0.0,0.027505836238368667
54.32223499997053,9537.313826461,odom,navigating,,8.165207242270475e-05,-0.04061115089050782,2.300553216509731,1.1474838747605973,-3.033224589118675,3.008798192358417,2.8131101541257384,-1.522002100944519,2.3491611728430875,-2.3491611728430875,0.07459136899888108,pixhawk_fused,True,0.8,0.2,gyro,-1.0,0.0,0.0,0.027505836238368667
54.322281099972315,9537.413895516,odom,navigating,,8.165207242270475e-05,-0.04061115089050782,2.300498390090298,1.1474838747605973,-3.033224589118675,3.008743365938984,2.8131101541257384,-1.521924614906311,2.349092885411825,-2.349092885411825,0.047794756001167116,pixhawk_fused,True,0.8,0.2,gyro,-1.0,0.0,0.0,0.027505836238368667
54.68249020003714,9537.534456118,odom,navigating,,8.165207242270475e-05,-0.04061115089050782,2.300414051602421,1.1474838747605973,-3.033224589118675,3.008659027451107,2.8131101541257384,-1.5217843055725098,2.3489878398250004,-2.3489878398250004,0.10851395200006664,pixhawk_fused,True,0.8,0.2,gyro,-1.0,0.0,0.0,0.027505836238368667
54.68259380001109,9537.65456088,odom,navigating,,8.165207242270475e-05,-0.04061115089050782,2.3002648499417617,1.1474838747605973,-3.033224589118675,3.0085098257904477,2.8131101541257384,-1.5215721130371094,2.348802004822079,-2.348802004822079,0.0022512710002047243,pixhawk_fused,True,0.8,0.2,gyro,-1.0,0.0,0.0,0.027505836238368667
54.68263910000678,9537.773559469,odom,navigating,,8.165207242270475e-05,-0.04061115089050782,2.3001930794692056,1.1474838747605973,-3.033224589118675,3.0084380553178915,2.8131101541257384,-1.52146577835083,2.3487126122513002,-2.3487126122513002,0.014496767000309774,pixhawk_fused,True,0.8,0.2,gyro,-1.0,0.0,0.0,0.027505836238368667
54.99970519996714,9537.873749299,odom,navigating,,0.00010448194207631281,-0.040649870348803324,2.3000592359180345,1.147526401231968,-3.033239145857041,3.0083042117667205,2.8124311746921333,-1.52146577835083,2.3487126122513002,-2.3487126122513002,0.11493505300131801,pixhawk_fused,True,0.8,0.2,gyro,-1.0,-0.002572611439973116,-0.033814556896686554,0.027525191260158566
54.999809200060554,9537.97390487,odom,navigating,,0.00015004004307226856,-0.04072694841270351,2.2989153173041963,1.1476111422446011,-3.033268051380369,3.0071602931528822,2.8083799426491796,-1.5209102630615234,2.3482822761270365,-2.3482822761270365,0.01574836200052232,pixhawk_fused,True,0.8,0.2,gyro,-1.0,-0.002571325981989503,-0.1013929694890976,0.02756365882762051
54.99987030006014,9538.093570589,odom,navigating,,0.0001041770271435899,-0.04064878779072999,2.2763208817667744,1.1475254654416442,-3.0332385219968256,2.9845658576154603,2.7664182601480536,-1.49953031539917,2.3304311201754175,-2.3304311201754175,0.026483287998416927,pixhawk_fused,True,0.8,0.2,gyro,-1.0,-7.79740162215603e-07,-0.40790584683418274,0.02752446383180353
55.34272139996756,9538.194705506,odom,navigating,,0.00026569641300872027,-0.040968656470381726,2.2636430919342745,1.1478562153326701,-3.0333763951044963,2.9718880677829604,2.701568415300188,-1.49953031539917,2.3304311201754175,-2.3304311201754175,0.12691737199929776,pixhawk_fused,True,0.8,0.2,gyro,-1.0,-1.5434503666256205e-06,-0.8115289807319641,0.027699491722701593
55.342810600064695,9538.314643832,odom,navigating,,0.0002960102240117009,-0.04105458218728641,2.208724766122672,1.1479351336499566,-3.0334219369002424,2.916969741971358,2.598914966504911,-1.4533677101135254,2.286962999749478,-2.286962999749478,0.06971493200035184,pixhawk_fused,True,0.8,0.2,gyro,-1.0,-1.6442096466562361e-06,-0.8716175556182861,0.027753814760157876
55.342843399965204,9538.433710719,odom,navigating,,0.000293670344319822,-0.04109967195444034,2.125344639818591,1.1479626874761502,-3.033457704885943,2.833589615667277,2.485717619838019,-1.3760623931884766,2.2106511828187068,-2.2106511828187068,0.033417300999644795,pixhawk_fused,True,0.8,0.2,gyro,-1.0,-0.005164329893887043,-1.0860841274261475,0.027792516606954358
55.703719999990426,9538.553540418,odom,navigating,,0.00026702137166211004,-0.04092379264736662,1.8741814980136946,1.1478280376462608,-3.0333414589324166,2.5824264738623803,2.3585584248449747,-1.093898892402649,1.929689166236218,-1.929689166236218,0.009991077000449877,pixhawk_fused,True,0.8,0.2,gyro,-1.0,0.00516640255227685,-0.9507052302360535,0.027661544350815574
55.703817400033586,9538.674038876,odom,navigating,,0.00027267216280407736,-0.041014058465535186,1.773705012389548,1.1478910475280468,-3.03340634039485,2.4819499882382337,2.2383497260490155,-0.9980049133300781,1.8340195986512264,-1.8340195986512264,0.016067298000052688,pixhawk_fused,True,0.8,0.2,gyro,-1.0,-0.002558413427323103,-1.0424658060073853,0.027733247357775805
55.703850500052795,9538.794868344,odom,navigating,,0.0002524687792749246,-0.04123824742378376,1.748707018599559,1.1480215382898318,-3.0335897552982667,2.4569519944482447,2.1090544052169546,-0.9980049133300781,1.8340195986512264,-1.8340195986512264,0.13602582700150379,pixhawk_fused,True,0.8,0.2,gyro,-1.0,-0.0025636437349021435,-1.1119885444641113,0.027930463376332627
56.042203600052744,9538.913677794,odom,navigating,,0.00022701385021745707,-0.0413248710765631,1.540667329849401,1.1480585539959633,-3.03367210484674,2.2489123056980866,1.9805601166888227,-0.7705788612365723,1.6069801711919864,-1.6069801711919864,0.033875289000206976,pixhawk_fused,True,0.8,0.2,gyro,-1.0,0.002572098281234503,-1.0480417013168335,0.02801652628609739
56.04230710002594,9539.014412723,odom,navigating,,0.0001426744749780627,-0.04158174516544145,1.4498320724360643,1.1481615949082573,-3.0339220648398317,2.15807704828475,1.8642041568061063,-0.6828722357749939,1.522289306152161,-1.522289306152161,0.05297117100053583,pixhawk_fused,True,0.8,0.2,gyro,-1.0,0.005126508418470621,-1.0781307220458984,0.028276685452271584
56.04236309998669,9539.13335865,odom,navigating,,2.331228252097986e-05,-0.04182532473633943,1.424278769384933,1.1482293877183638,-3.0341847099906434,2.1325237452336188,1.7302625315634945,-0.6828722357749939,1.522289306152161,-1.522289306152161,0.17222575600135315,pixhawk_fused,True,0.8,0.2,gyro,-1.0,-0.015432707965373993,-1.3525432348251343,0.02854538820434594
56.35997460002545,9539.234509329,odom,navigating,,-0.00015585128042459873,-0.042082302648475504,1.3117780571343889,1.1482604767524462,-3.0344964321450902,2.0200230329830746,1.617316974497304,-0.5723983645439148,1.409891412961777,-1.409891412961777,0.09489779599971371,pixhawk_fused,True,0.8,0.2,gyro,-1.0,-0.005126508418470621,-1.0781307220458984,0.028858616944465454
56.36007569998037,9539.354082521,odom,navigating,,-0.0003898103422518666,-0.0423487522986603,1.108742845850463,1.1482561097309365,-3.034850992701015,1.8169878216991486,1.4780882529112842,-0.35481932759284973,1.1919297115686496,-1.1919297115686496,0.0958032340004138,pixhawk_fused,True,0.8,0.2,gyro,-1.0,0.0025631305761635303,-1.1791468858718872,0.02921031815660057
56.36012359999586,9539.454166063,odom,navigating,,-0.0007246151181844566,-0.042647111626719206,0.935743917476102,1.1481959072201209,-3.035295389128002,1.6439888933247877,1.3563307497336685,-0.1726161241531372,1.00670884059697,-1.00670884059697,0.010684280001441948,pixhawk_fused,True,0.8,0.2,gyro,-1.0,-0.007689510937780142,-1.2469277381896973,0.029644831141405082
56.70249050005805,9539.573986784,odom,navigating,,-0.0009514126875533879,-0.04279538915358235,0.7797791445860853,1.148120108203913,-3.0355555388379503,1.488024120434771,1.2142637673728773,-0.011833050288259983,0.8473975925329288,-0.8473975925329288,0.022429159998864634,pixhawk_fused,True,0.8,0.2,gyro,-1.0,-0.01800287887454033,-1.3859809637069702,0.029894526804386604
56.70260349998716,9539.674229711,odom,navigating,,-0.0009106944643173971,-0.04277933651426728,0.6643488231552377,1.1481405916143286,-3.0355168595045767,1.3725937990039234,1.0945432289037735,0.1024504005908966,0.7330016641500552,-0.7330016641500552,0.008640706999358372,pixhawk_fused,True,0.8,0.2,gyro,-1.0,0.010256603360176086,-1.1459137201309204,0.02985846231969321
56.70265270001255,9539.793612759,odom,navigating,,-0.0007780205935963708,-0.04275278296068605,0.636524808678731,1.1482240849065302,-3.0354103873610967,1.3447697845274167,0.9491346275591546,0.1024504005908966,0.7330016641500552,-0.7330016641500552,0.12811952999982168,pixhawk_fused,True,0.8,0.2,gyro,-1.0,0.010252002626657486,-1.0780234336853027,0.02976230842192976
57.02305289998185,9539.894136549,odom,navigating,,-0.0007293138899113136,-0.042746584122996756,0.4109605443401583,1.14825704552126,-3.0353739955151804,1.119205520188844,0.8335340686090472,0.35519668459892273,0.48144786642819243,-0.48144786642819243,0.00610446199971193,pixhawk_fused,True,0.8,0.2,gyro,-1.0,-0.00769245158880949,-1.247023582458496,0.02972995241742594
57.02316370001063,9539.994430733,odom,navigating,,-0.00032630176602974417,-0.0427114465414723,0.3921321459394822,1.1485402780591896,-3.0350851482353094,1.100377121788168,0.7354581917724216,0.35519668459892273,0.48144786642819243,-0.48144786642819243,0.10617144900061248,pixhawk_fused,True,0.8,0.2,gyro,-1.0,0.0,-0.9504665732383728,0.029475626706602403
57.02321979997214,9540.113804449,odom,navigating,,0.0005731639427209584,-0.0427118930285649,0.30720495830108985,1.1492237169254933,-3.0345003832597897,1.0154499341497756,0.6543653560981995,0.4390413463115692,0.3956210021856387,-0.3956210021856387,0.0748456810015341,pixhawk_fused,True,0.8,0.2,gyro,-1.0,0.0,-0.6753455996513367,0.028973416212132785
57.383083699969575,9540.233743095,odom,navigating,,0.0010645187928099605,-0.04274447913117005,0.17676706982702162,1.1496181005585209,-3.0342055053311667,0.8850120456757073,0.5874326902956954,0.5800072550773621,0.25011306022435026,-0.25011306022435026,0.08573375500054681,pixhawk_fused,True,0.8,0.2,gyro,-1.0,0.002563256537541747,-0.43799060583114624,0.028725894059136024
57.38319570000749,9540.354684623,odom,navigating,,0.0015554115146951056,-0.04280733517997083,0.12839625492226292,1.1500318238582354,-3.0339339181839304,0.8366412307709487,0.5530164589885476,0.6304531097412109,0.19839128028183775,-0.19839128028183775,0.093477652000729,pixhawk_fused,True,0.8,0.2,gyro,-1.0,0.0,-0.3186904788017273,0.028503733985044993
57.383244000026025,9540.473765627,odom,navigating,,0.0017331616202688818,-0.0428363642773031,0.0844163358489205,1.150185709378109,-3.0338403391515745,0.7926613116976062,0.539428532419395,0.6734561920166016,0.14706954862504798,-0.14706954862504798,0.016002504000425688,pixhawk_fused,True,0.8,0.2,gyro,-1.0,0.0,0.0,0.028428490046366193
57.70368509995751,9540.574498654,odom,navigating,,0.0017331616202688818,-0.0428363642773031,0.0844505382039692,1.150185709378109,-3.0338403391515745,0.7926955140526549,0.539428532419395,0.6735280752182007,0.14711204514234857,-0.14711204514234857,0.014551618000041344,pixhawk_fused,True,0.8,0.2,gyro,-1.0,0.0,0.0,0.028428490046366193
57.703777899965644,9540.693379516,odom,navigating,,0.0017331616202688818,-0.0428363642773031,0.0844505382039692,1.150185709378109,-3.0338403391515745,0.7926955140526549,0.539428532419395,0.6735280752182007,0.14711204514234857,-0.14711204514234857,0.13352473700069822,pixhawk_fused,True,0.8,0.2,gyro,-1.0,0.0,0.0,0.028428490046366193
57.703820100054145,9540.794322667,odom,navigating,,0.0017331616202688818,-0.0428363642773031,0.08481474839345005,1.150185709378109,-3.0338403391515745,0.7930597242421358,0.539428532419395,0.673627495765686,0.1475645729857643,-0.1475645729857643,0.05551425200064841,pixhawk_fused,True,0.8,0.2,gyro,-1.0,0.0,0.0,0.028428490046366193
58.04382380004972,9540.913206288,odom,navigating,,0.0017331616202688818,-0.0428363642773031,0.08469260545213819,1.150185709378109,-3.0338403391515745,0.7929375813008239,0.539428532419395,0.6737295985221863,0.14741281236756193,-0.14741281236756193,0.05540653299976839,pixhawk_fused,True,0.8,0.2,gyro,-1.0,0.0,0.0,0.028428490046366193
58.04392680001911,9541.014221363,odom,navigating,,0.0017331616202688818,-0.0428363642773031,0.08459502192000223,1.150185709378109,-3.0338403391515745,0.792839997768688,0.539428532419395,0.6738451719284058,0.1472915657819395,-0.1472915657819395,0.0766491890008183,pixhawk_fused,True,0.8,0.2,gyro,-1.0,0.0,0.0,0.028428490046366193
58.04397680005059,9541.134251601,odom,navigating,,0.0017771819906948379,-0.04284394876856902,0.0844053209938933,1.1502240767813747,-3.033817464276999,0.792650296842579,0.5387571429118394,0.6738945245742798,0.14721866416047857,-0.14721866416047857,0.08652889899894944,pixhawk_fused,True,0.8,0.2,gyro,-1.0,0.0,0.0,0.028410183521366057
58.38194300001487,9541.2537883,odom,navigating,,0.0017331616202688818,-0.0428363642773031,0.0840467890182306,1.150185709378109,-3.0338403391515745,0.7922917648669163,0.5380857106428355,0.6741610765457153,0.14693599653571443,-0.14693599653571443,0.09449634900011006,pixhawk_fused,True,0.8,0.2,gyro,-1.0,0.0,0.0,0.028428490046366193
58.38205110002309,9541.35380922,odom,navigating,,0.0016887346965991264,-0.042827336375273146,0.07943305638616005,1.1501460942544117,-3.0338623822125297,0.7876780322348458,0.5143964523177195,0.6741610765457153,0.14693599653571443,-0.14693599653571443,0.19432068199967034,pixhawk_fused,True,0.8,0.2,gyro,-1.0,-0.005186974070966244,-0.47724542021751404,0.02844582666689331
58.38210619997699,9541.473249366,odom,navigating,,0.0019050993270627453,-0.04288368827602355,-0.006871818336753321,1.1503470812205712,-3.033764436158664,0.7013731575119324,0.44736461873613237,0.7490161061286926,0.05596950117826059,-0.05596950117826059,0.012376790000416804,pixhawk_fused,True,0.8,0.2,gyro,-1.0,-9.091243100556312e-07,-0.47584232687950134,0.028371666377197426
58.70118590001948,9541.574592176,odom,navigating,,0.002207186026853672,-0.04296718712825219,-0.011743757076940198,1.150630833642014,-3.033631345979314,0.6965012187717455,0.4223478371610242,0.7490161061286926,0.05596950117826059,-0.05596950117826059,0.11328285200033861,pixhawk_fused,True,0.8,0.2,gyro,-1.0,0.0051094586960971355,-0.1343180537223816,0.02827212233018034
58.70127159997355,9541.693670795,odom,navigating,,0.0026373611659448494,-0.04309550045864598,-0.04373810840947412,1.1510410217338392,-3.033448970842923,0.6645068674392116,0.41423016326587364,0.7822725176811218,0.018197988222833417,-0.018197988222833417,0.05516876299952855,pixhawk_fused,True,0.8,0.2,gyro,-1.0,0.005145222879946232,-0.06762911379337311,0.028138174374636143
58.70130870002322,,mission_status,reached,reached waypoint 4/4,0.0026373611659448494,-0.04309550045864598,-0.04373810840947412,,,,,,,,,,,,,,,,,
58.70132340001874,9541.795145064,odom,reached,,0.002894966100859691,-0.04317403145851663,-0.05634371686691253,1.15128775844915,-3.0333410430256063,0.6519012589817732,0.41017132077397267,0.7971711754798889,0.003516165751512786,-0.003516165751512786,0.04758337900057086,pixhawk_fused,True,0.8,0.2,gyro,-1.0,0.0025728687178343534,-0.03381793573498726,0.028059364723741327
59.04255470004864,,mission_status,done,mission complete,0.002894966100859691,-0.04317403145851663,-0.05634371686691253,,,,,,,,,,,,,,,,,
59.0426169000566,9541.913430779,odom,done,,0.0030235488393337666,-0.04321379326797127,-0.0567391217350669,1.1514112827718597,-3.033287599000461,0.6515058541136188,0.4081495507127742,0.7971711754798889,0.003516165751512786,-0.003516165751512786,0.16717311299908033,pixhawk_fused,True,0.8,0.2,gyro,-1.0,0.0,0.0,0.0280204942787355
59.04268640000373,9542.033569258,odom,done,,0.0030235488393337666,-0.04321379326797127,-0.060825115513752914,1.1514112827718597,-3.033287599000461,0.6474198603349328,0.4081495507127742,0.8019703030586243,-0.0015635053929726871,0.0015635053929726871,0.09217504300067958,pixhawk_fused,True,0.8,0.2,gyro,-1.0,0.0,0.0,0.0280204942787355
59.04273039998952,9542.133914613,odom,done,,0.0030235488393337666,-0.04321379326797127,-0.06095694829169451,1.1514112827718597,-3.033287599000461,0.6472880275569912,0.4081495507127742,0.8017091751098633,-0.0017274143393005523,0.0017274143393005523,0.07479313200019533,pixhawk_fused,True,0.8,0.2,gyro,-1.0,0.0,0.0,0.0280204942787355
60.063241700059734,9542.254969163,odom,done,,0.0030235488393337666,-0.04321379326797127,-0.06098647791682077,1.1514112827718597,-3.033287599000461,0.647258497931865,0.4081495507127742,0.8017564415931702,-0.0017641289359743985,0.0017641289359743985,0.015963506999469246,pixhawk_fused,True,0.8,0.2,gyro,-1.0,0.0,0.0,0.0280204942787355
60.063395200064406,9542.374115654,odom,done,,0.0030235488393337666,-0.04321379326797127,-0.06102299580332893,1.1514112827718597,-3.033287599000461,0.6472219800453568,0.4081495507127742,0.8017923831939697,-0.0018095322032313141,0.0018095322032313141,0.03245877600056701,pixhawk_fused,True,0.8,0.2,gyro,-1.0,0.0,0.0,0.0280204942787355
60.06346860004123,9542.493823222,odom,done,,0.0030235488393337666,-0.04321379326797127,-0.06115169316153979,1.1514112827718597,-3.033287599000461,0.6470932826871459,0.4081495507127742,0.8019180297851562,-0.001969544262145022,0.001969544262145022,0.025559613000950776,pixhawk_fused,True,0.8,0.2,gyro,-1.0,0.0,0.0,0.0280204942787355
60.06353419995867,9542.594585124,odom,done,,0.0030235488393337666,-0.04321379326797127,-0.06115169316153979,1.1514112827718597,-3.033287599000461,0.6470932826871459,0.4081495507127742,0.8019180297851562,-0.001969544262145022,0.001969544262145022,0.1255258529999992,pixhawk_fused,True,0.8,0.2,gyro,-1.0,0.0,0.0,0.0280204942787355
60.063595599960536,9542.713410106,odom,done,,0.0030235488393337666,-0.04321379326797127,-0.06120663332130705,1.1514112827718597,-3.033287599000461,0.6470383425273787,0.4081495507127742,0.8019894957542419,-0.0020378527683059967,0.0020378527683059967,0.0678650829995604,pixhawk_fused,True,0.8,0.2,gyro,-1.0,0.0,0.0,0.0280204942787355
60.06367419997696,9542.814051937,odom,done,,0.0030235488393337666,-0.04321379326797127,-0.061338027618782376,1.1514112827718597,-3.033287599000461,0.6469069482299034,0.4081495507127742,0.8021463751792908,-0.002201219342168728,0.002201219342168728,0.05564215899903502,pixhawk_fused,True,0.8,0.2,gyro,-1.0,0.0,0.0,0.0280204942787355
60.063731999951415,9542.933600343,odom,done,,0.0030235488393337666,-0.04321379326797127,-0.061338027618782376,1.1514112827718597,-3.033287599000461,0.6469069482299034,0.4081495507127742,0.8021463751792908,-0.002201219342168728,0.002201219342168728,0.17546257599860837,pixhawk_fused,True,0.8,0.2,gyro,-1.0,0.0,0.0,0.0280204942787355
60.063803200027905,9543.053836989,odom,done,,0.0030235488393337666,-0.04321379326797127,-0.0614538147316509,1.1514112827718597,-3.033287599000461,0.6467911611170348,0.4081495507127742,0.8022949695587158,-0.0023451818204338944,0.0023451818204338944,0.10386350299995684,pixhawk_fused,True,0.8,0.2,gyro,-1.0,0.0,0.0,0.0280204942787355
60.063866000040434,9543.153872838,odom,done,,0.0030235488393337666,-0.04321379326797127,-0.06148787749329743,1.1514112827718597,-3.033287599000461,0.6467570983553883,0.4081495507127742,0.8023270964622498,-0.002387533477027277,0.002387533477027277,0.09006147399850306,pixhawk_fused,True,0.8,0.2,gyro,-1.0,0.0,0.0,0.0280204942787355
