local_t,bridge_t,event_type,mission_state,mission_index,mission_total,event_message,x_m,y_m,yaw_rad,raw_x_m,raw_y_m,raw_yaw_rad,encoder_yaw_rad,pixhawk_yaw_rad,pixhawk_yaw_ros_rad,pixhawk_gyro_yaw_rad,pixhawk_age_s,yaw_source,use_pixhawk_yaw,pixhawk_weight,encoder_weight,pixhawk_yaw_mode,pixhawk_yaw_sign,linear_x_mps,angular_z_radps,cmd_linear_x_mps,cmd_angular_z_radps,cmd_age_s,nearest_segment,along_track_m,segment_progress_m,segment_ratio,nearest_path_x_m,nearest_path_y_m,nearest_path_yaw_rad,cross_track_error_m,signed_cross_track_error_m,heading_error_rad,distance_to_waypoint_m,turn_kind,turn_target_yaw_rad,turn_yaw_error_rad
1.0459149000234902,3494.201429822,odom,idle,,4,,0.028102972289568384,0.019324743001689803,-0.03562164427332393,-7.051122900808528,-5.892953818612779,-1.2050896000536342,-1.6868935913824892,-0.5012312531471252,0.08555862509054361,-0.08555862509054361,0.08368792199962627,pixhawk_fused,True,0.8,0.2,gyro,-1.0,0.0,0.0,0.0,0.0,35.542234603,1,0.02820618474933755,0.02820618474933755,0.03780935561661283,0.028205779289993172,0.00015123742246645134,0.005361878910097319,0.01917378119922738,0.019173781199227382,0.040983523183421244,,,,
1.0460452999686822,3494.303055863,odom,idle,,4,,0.028102972289568384,0.019324743001689803,-0.03564092931676899,-7.051122900808528,-5.892953818612779,-1.2051088850970793,-1.6868935913824892,-0.5012295842170715,0.08553503865623145,-0.08553503865623145,0.032176437999623886,pixhawk_fused,True,0.8,0.2,gyro,-1.0,0.0,0.0,0.0,0.0,35.643307082999854,1,0.02820618474933755,0.02820618474933755,0.03780935561661283,0.028205779289993172,0.00015123742246645134,0.005361878910097319,0.01917378119922738,0.019173781199227382,0.041002808226866305,,,,
1.0461396999889985,3494.403448211,odom,idle,,4,,0.028102972289568384,0.019324743001689803,-0.03562981502065443,-7.051122900808528,-5.892953818612779,-1.2050977708009647,-1.6868935913824892,-0.5012915134429932,0.08554863192155256,-0.08554863192155256,0.026481873000193445,pixhawk_fused,True,0.8,0.2,gyro,-1.0,0.0,0.0,0.0,0.0,35.743377624999994,1,0.02820618474933755,0.02820618474933755,0.03780935561661283,0.028205779289993172,0.00015123742246645134,0.005361878910097319,0.01917378119922738,0.019173781199227382,0.04099169393075175,,,,
1.0462219999171793,3494.523368491,odom,idle,,4,,0.028102972289568384,0.019324743001689803,-0.035656790379675396,-7.051122900808528,-5.892953818612779,-1.2051247461599857,-1.6868935913824892,-0.5012819766998291,0.08551563986591293,-0.08551563986591293,0.03173754099998405,pixhawk_fused,True,0.8,0.2,gyro,-1.0,0.0,0.0,0.0,0.0,35.86385341000005,1,0.02820618474933755,0.02820618474933755,0.03780935561661283,0.028205779289993172,0.00015123742246645134,0.005361878910097319,0.01917378119922738,0.019173781199227382,0.04101866928977271,,,,
1.0462998999282718,3494.641209507,odom,idle,,4,,0.028102972289568384,0.019324743001689803,-0.035656790379675396,-7.051122900808528,-5.892953818612779,-1.2051247461599857,-1.6868935913824892,-0.5012819766998291,0.08551563986591293,-0.08551563986591293,0.14997360300003493,pixhawk_fused,True,0.8,0.2,gyro,-1.0,0.0,0.0,0.0,0.0,35.98208584199983,1,0.02820618474933755,0.02820618474933755,0.03780935561661283,0.028205779289993172,0.00015123742246645134,0.005361878910097319,0.01917378119922738,0.019173781199227382,0.04101866928977271,,,,
1.0463735000230372,3494.761255931,odom,idle,,4,,0.028102972289568384,0.019324743001689803,-0.03570598782242218,-7.051122900808528,-5.892953818612779,-1.2051739436027324,-1.6868935913824892,-0.5012732744216919,0.08545546901263526,-0.08545546901263526,0.07415906100004577,pixhawk_fused,True,0.8,0.2,gyro,-1.0,0.0,0.0,0.0,0.0,36.10175583099999,1,0.02820618474933755,0.02820618474933755,0.03780935561661283,0.028205779289993172,0.00015123742246645134,0.005361878910097319,0.01917378119922738,0.019173781199227382,0.0410678667325195,,,,
1.0464457999914885,3494.863290035,odom,idle,,4,,0.028102972289568384,0.019324743001689803,-0.03573649080391039,-7.051122900808528,-5.892953818612779,-1.2052044465842207,-1.6868935913824892,-0.5012704133987427,0.0854181622554571,-0.0854181622554571,0.00395749600011186,pixhawk_fused,True,0.8,0.2,gyro,-1.0,0.0,0.0,0.0,0.0,36.20417359200019,1,0.02820618474933755,0.02820618474933755,0.03780935561661283,0.028205779289993172,0.00015123742246645134,0.005361878910097319,0.01917378119922738,0.019173781199227382,0.04109836971400771,,,,
1.0465834999922663,3494.982438981,odom,idle,,4,,0.028102972289568384,0.019324743001689803,-0.03574858548491311,-7.051122900808528,-5.892953818612779,-1.2052165412652234,-1.6868935913824892,-0.5012670755386353,0.08540336979334473,-0.08540336979334473,0.015992147000361,pixhawk_fused,True,0.8,0.2,gyro,-1.0,0.0,0.0,0.0,0.0,36.32298508299982,1,0.02820618474933755,0.02820618474933755,0.03780935561661283,0.028205779289993172,0.00015123742246645134,0.005361878910097319,0.01917378119922738,0.019173781199227382,0.041110464395010426,,,,
1.046709300018847,3495.100721651,odom,idle,,4,,0.028102972289568384,0.019324743001689803,-0.03573374129328011,-7.051122900808528,-5.892953818612779,-1.2052016970735904,-1.6868935913824892,-0.5013031363487244,0.08542152505638308,-0.08542152505638308,0.015462030999970011,pixhawk_fused,True,0.8,0.2,gyro,-1.0,0.0,0.0,0.0,0.0,36.441888256999846,1,0.02820618474933755,0.02820618474933755,0.03780935561661283,0.028205779289993172,0.00015123742246645134,0.005361878910097319,0.01917378119922738,0.019173781199227382,0.041095620203377425,,,,
1.046828499995172,3495.20189798,odom,idle,,4,,0.028102972289568384,0.019324743001689803,-0.035736908981658155,-7.051122900808528,-5.892953818612779,-1.2052048647619684,-1.6868935913824892,-0.5013089179992676,0.08541765080127163,-0.08541765080127163,0.03555585499998415,pixhawk_fused,True,0.8,0.2,gyro,-1.0,0.0,0.0,0.0,0.0,36.54249687699985,1,0.02820618474933755,0.02820618474933755,0.03780935561661283,0.028205779289993172,0.00015123742246645134,0.005361878910097319,0.01917378119922738,0.019173781199227382,0.04109878789175547,,,,
1.9448173999553546,3495.303484187,odom,idle,,4,,0.028102972289568384,0.019324743001689803,-0.035753930198465955,-7.051122900808528,-5.892953818612779,-1.2052218859787762,-1.6868935913824892,-0.5013303756713867,0.0853968329086457,-0.0853968329086457,0.02526703199964686,pixhawk_fused,True,0.8,0.2,gyro,-1.0,0.0,0.0,0.0,0.0,36.64354046800008,1,0.02820618474933755,0.02820618474933755,0.03780935561661283,0.028205779289993172,0.00015123742246645134,0.005361878910097319,0.01917378119922738,0.019173781199227382,0.04111580910856327,,,,
1.94498739996925,3495.424259871,odom,idle,,4,,0.028102972289568384,0.019324743001689803,-0.0357797484485034,-7.051122900808528,-5.892953818612779,-1.2052477042288137,-1.6868935913824892,-0.5013115406036377,0.08536525569497837,-0.08536525569497837,0.03325152200022785,pixhawk_fused,True,0.8,0.2,gyro,-1.0,0.0,0.0,0.0,0.0,36.764074917000016,1,0.02820618474933755,0.02820618474933755,0.03780935561661283,0.028205779289993172,0.00015123742246645134,0.005361878910097319,0.01917378119922738,0.019173781199227382,0.04114162735860072,,,,
1.9451104999752715,3495.54286083,odom,idle,,4,,0.028102972289568384,0.019324743001689803,-0.0357797484485034,-7.051122900808528,-5.892953818612779,-1.2052477042288137,-1.6868935913824892,-0.5013115406036377,0.08536525569497837,-0.08536525569497837,0.15232521000007182,pixhawk_fused,True,0.8,0.2,gyro,-1.0,0.0,0.0,0.0,0.0,36.883145215999775,1,0.02820618474933755,0.02820618474933755,0.03780935561661283,0.028205779289993172,0.00015123742246645134,0.005361878910097319,0.01917378119922738,0.019173781199227382,0.04114162735860072,,,,
1.9452146999537945,3495.661687191,odom,idle,,4,,0.028102972289568384,0.019324743001689803,-0.03587641774583039,-7.051122900808528,-5.892953818612779,-1.2053443735261407,-1.6868935913824892,-0.5012621879577637,0.0852470228950516,-0.0852470228950516,0.014258893000260286,pixhawk_fused,True,0.8,0.2,gyro,-1.0,0.0,0.0,0.0,0.0,37.00201550200018,1,0.02820618474933755,0.02820618474933755,0.03780935561661283,0.028205779289993172,0.00015123742246645134,0.005361878910097319,0.01917378119922738,0.019173781199227382,0.04123829665592771,,,,
1.9453380999621004,3495.763982954,odom,idle,,4,,0.028102972289568384,0.019324743001689803,-0.03588660059571702,-7.051122900808528,-5.892953818612779,-1.2053545563760273,-1.6868935913824892,-0.5012609362602234,0.0852345685510919,-0.0852345685510919,0.07625751000023229,pixhawk_fused,True,0.8,0.2,gyro,-1.0,0.0,0.0,0.0,0.0,37.10403732699979,1,0.02820618474933755,0.02820618474933755,0.03780935561661283,0.028205779289993172,0.00015123742246645134,0.005361878910097319,0.01917378119922738,0.019173781199227382,0.04124847950581434,,,,
1.945447799982503,3495.864176046,odom,idle,,4,,0.028102972289568384,0.019324743001689803,-0.03588660059571702,-7.051122900808528,-5.892953818612779,-1.2053545563760273,-1.6868935913824892,-0.5012609362602234,0.0852345685510919,-0.0852345685510919,0.17638132599995515,pixhawk_fused,True,0.8,0.2,gyro,-1.0,0.0,0.0,0.0,0.0,37.2041672360001,1,0.02820618474933755,0.02820618474933755,0.03780935561661283,0.028205779289993172,0.00015123742246645134,0.005361878910097319,0.01917378119922738,0.019173781199227382,0.04124847950581434,,,,
1.9455450000241399,3495.983587077,odom,idle,,4,,0.028102972289568384,0.019324743001689803,-0.03598662628029903,-7.051122900808528,-5.892953818612779,-1.2054545820606093,-1.6868935913824892,-0.5011981725692749,0.08511222947007274,-0.08511222947007274,0.01129537299993899,pixhawk_fused,True,0.8,0.2,gyro,-1.0,0.0,0.0,0.0,0.0,37.32383694500004,1,0.02820618474933755,0.02820618474933755,0.03780935561661283,0.028205779289993172,0.00015123742246645134,0.005361878910097319,0.01917378119922738,0.019173781199227382,0.041348505190396345,,,,
1.945638999924995,3496.100291785,odom,idle,,4,,0.028102972289568384,0.019324743001689803,-0.03598662628029903,-7.051122900808528,-5.892953818612779,-1.2054545820606093,-1.6868935913824892,-0.5011981725692749,0.08511222947007274,-0.08511222947007274,0.12908760900018024,pixhawk_fused,True,0.8,0.2,gyro,-1.0,0.0,0.0,0.0,0.0,37.44159340499982,1,0.02820618474933755,0.02820618474933755,0.03780935561661283,0.028205779289993172,0.00015123742246645134,0.005361878910097319,0.01917378119922738,0.019173781199227382,0.041348505190396345,,,,
2.9647685999516398,3496.203090387,odom,idle,,4,,-0.0,0.0,-4.703564718688824e-05,-7.051122900808528,-5.892953818612779,-1.686940627029676,-1.6868935913824892,-0.5011781454086304,0.08505343491109317,-0.08505343491109317,0.03246857799967984,pixhawk_fused,True,0.8,0.2,gyro,-1.0,0.0,0.0,0.0,0.0,37.54329771999983,1,0.0,0.0,0.0,0.0,0.0,0.005361878910097319,0.0,0.0,0.005408914557284207,,,,
2.964886699919589,3496.323884625,odom,idle,,4,,-0.0,0.0,-9.467655087669336e-05,-7.051122900808528,-5.892953818612779,-1.6869882679333659,-1.6868935913824892,-0.5011405944824219,0.0849938837815099,-0.0849938837815099,0.03308128500020757,pixhawk_fused,True,0.8,0.2,gyro,-1.0,0.0,0.0,0.0,0.0,37.66379359499979,1,0.0,0.0,0.0,0.0,0.0,0.005361878910097319,0.0,0.0,0.0054565554609740125,,,,
2.964966299943626,3496.440340765,odom,idle,,4,,-0.0,0.0,-9.467655087669336e-05,-7.051122900808528,-5.892953818612779,-1.6869882679333659,-1.6868935913824892,-0.5011405944824219,0.0849938837815099,-0.0849938837815099,0.15095251999991888,pixhawk_fused,True,0.8,0.2,gyro,-1.0,0.0,0.0,0.0,0.0,37.781634793000194,1,0.0,0.0,0.0,0.0,0.0,0.005361878910097319,0.0,0.0,0.0054565554609740125,,,,
2.9650345999980345,3496.543129794,odom,idle,,4,,-0.0,0.0,-0.00013203351989132805,-7.051122900808528,-5.892953818612779,-1.6870256249023805,-1.6868935913824892,-0.5011132955551147,0.08494718757029852,-0.08494718757029852,0.08366577299966593,pixhawk_fused,True,0.8,0.2,gyro,-1.0,0.0,0.0,0.0,0.0,37.88369435799996,1,0.0,0.0,0.0,0.0,0.0,0.005361878910097319,0.0,0.0,0.005493912429988647,,,,
2.965101599926129,3496.661611755,odom,idle,,4,,-0.0,0.0,-0.00016718241493851593,-7.051122900808528,-5.892953818612779,-1.6870607737974277,-1.6868935913824892,-0.5011078715324402,0.08490325145158215,-0.08490325145158215,0.014839952999864181,pixhawk_fused,True,0.8,0.2,gyro,-1.0,0.0,0.0,0.0,0.0,38.00195504700014,1,0.0,0.0,0.0,0.0,0.0,0.005361878910097319,0.0,0.0,0.005529061325035835,,,,
2.9651696999790147,3496.780892898,odom,idle,,4,,-0.0,0.0,-0.00017477962298229066,-7.051122900808528,-5.892953818612779,-1.6870683710054715,-1.6868935913824892,-0.5011215209960938,0.08489375494155331,-0.08489375494155331,0.08761725000022125,pixhawk_fused,True,0.8,0.2,gyro,-1.0,0.0,0.0,0.0,0.0,38.122032134000165,1,0.0,0.0,0.0,0.0,0.0,0.005361878910097319,0.0,0.0,0.00553665853307961,,,,
2.965232599992305,3496.901271867,odom,idle,,4,,-0.0,0.0,-0.0001790057634865061,-7.051122900808528,-5.892953818612779,-1.6870725971459757,-1.6868935913824892,-0.5011368989944458,0.08488847226593872,-0.08488847226593872,0.02985784500015143,pixhawk_fused,True,0.8,0.2,gyro,-1.0,0.0,0.0,0.0,0.0,38.2420250199998,1,0.0,0.0,0.0,0.0,0.0,0.005361878910097319,0.0,0.0,0.005540884673583825,,,,
2.9652964000124484,3497.001833857,odom,idle,,4,,-0.0,0.0,-0.00021142478577518276,-7.051122900808528,-5.892953818612779,-1.6871050161682644,-1.6868935913824892,-0.5011165738105774,0.08484794848822286,-0.08484794848822286,0.021685636999791313,pixhawk_fused,True,0.8,0.2,gyro,-1.0,0.0,0.0,0.0,0.0,38.34247373500011,1,0.0,0.0,0.0,0.0,0.0,0.005361878910097319,0.0,0.0,0.005573303695872502,,,,
2.965354899992235,3497.120782768,odom,idle,,4,,-0.0,0.0,-0.00021142478577518276,-7.051122900808528,-5.892953818612779,-1.6871050161682644,-1.6868935913824892,-0.5011165738105774,0.08484794848822286,-0.08484794848822286,0.14136375299995052,pixhawk_fused,True,0.8,0.2,gyro,-1.0,0.0,0.0,0.0,0.0,38.46208746299999,1,0.0,0.0,0.0,0.0,0.0,0.005361878910097319,0.0,0.0,0.005573303695872502,,,,
3.286684999940917,,mission_status,navigating,1,4,going to waypoint 1/4,-0.0,0.0,-0.00021142478577518276,,,,,,,,,,,,,,,,,,,,,,,,,,,,,,,,,
3.286913299933076,3497.24106411,odom,navigating,1,4,,4.925863846361878e-05,2.1744888136445921e-07,-0.00011991617296680523,-7.051128390778426,-5.893002770844371,-1.687013507555456,-1.6862183338757917,-0.5010929107666016,0.08479351989682993,-0.08479351989682993,0.06529327699990972,pixhawk_fused,True,0.8,0.2,gyro,-1.0,0.002561342203989625,0.03366643190383911,0.28,0.031210339121872085,0.04662226899972666,1,4.925909630764109e-05,4.925909630764109e-05,6.603001101353574e-05,4.925838821609766e-05,2.6412004405414294e-07,0.005361878910097319,4.667183358974398e-08,-4.667183358974399e-08,0.005481795083064124,0.7459614646872063,,,
3.28708319994621,3497.343196672,odom,navigating,1,4,,0.0012849508077011377,8.910127097848841e-06,0.002959669331407344,-7.0512628950409315,-5.894231151609092,-1.6839339220510818,-1.6706466777029731,-0.5010607242584229,0.08475017934981963,-0.08475017934981963,0.051142789000095945,pixhawk_fused,True,0.8,0.2,gyro,-1.0,0.0102453688159585,0.13466572761535645,0.28,0.021696651342488438,0.043970852000256855,1,0.001284980111534727,0.001284980111534727,0.0017224686865327421,0.0012849616401534255,6.889874746130969e-06,0.005361878910097319,2.020281392936183e-06,2.020281392936183e-06,0.002402209578689975,0.7447257436747179,,,
3.2873219000175595,3497.444386054,odom,navigating,1,4,,0.0038582252422147563,8.469848888837121e-05,0.010010881731493448,-7.0514856963193004,-5.896795882546532,-1.6768827096509957,-1.635379812611238,-0.5010607242584229,0.08475017934981963,-0.08475017934981963,0.15140632299971912,pixhawk_fused,True,0.8,0.2,gyro,-1.0,0.048665497452020645,0.6396621465682983,0.28,0.013339225268322876,0.04669487900036984,1,0.003858623921716045,0.003858623921716045,0.005172343772950633,0.003858568454621172,2.0689375091802532e-05,0.005361878910097319,6.401003393045497e-05,6.401003393045498e-05,-0.004649002821396129,0.7421521026222038,,,
3.6291176999220625,3497.564718561,odom,navigating,1,4,,0.014616342364278218,0.0010924478182065406,0.035631872037802825,-7.051730914974753,-5.907598313316215,-1.6512617193446864,-1.552173737213671,-0.5139310359954834,0.09601010124329706,-0.09601010124329706,0.09219239699996251,pixhawk_fused,True,0.8,0.2,gyro,-1.0,0.12351197004318237,0.6087583303451538,0.28,-0.16845997103836224,0.014673493999907805,1,0.014621989801570007,0.014621989801570007,0.01960024076787027,0.014621779612831221,7.840096307148108e-05,0.005361878910097319,0.001014061432104156,0.0010140614321041558,-0.030269993127705508,0.7313894369734202,,,
3.6293014999246225,3497.665200904,odom,navigating,1,4,,0.029294032073188796,0.003408489675418382,0.15489103907704704,-7.051130678265883,-5.922445479408394,-1.5320025523054421,-1.5054931995942034,-0.6597716808319092,0.2333766580665507,-0.2333766580665507,0.007932139999866195,pixhawk_fused,True,0.8,0.2,gyro,-1.0,0.1775190681219101,0.3719787299633026,0.28,-0.2599060841434686,0.013967380999929446,1,0.02931188679754981,0.02931188679754981,0.03929150863795885,0.0293114654439173,0.00015716603455183538,0.005361878910097319,0.003251370378789943,0.003251370378789942,-0.14952916016694973,0.7167062120188239,,,
3.629435300012119,3497.78479165,odom,navigating,1,4,,0.051305687661231704,0.007700466307514178,0.17326729513291683,-7.049417350160155,-5.944806126803744,-1.5136262962495723,-1.487911365665422,-0.6736519932746887,0.2519514561736979,-0.2519514561736979,0.013123882999934722,pixhawk_fused,True,0.8,0.2,gyro,-1.0,0.20672880113124847,0.0,0.1988161329512869,-0.7777777777777778,0.03422716400018544,1,0.05134623892031978,0.05134623892031978,0.06882774909710297,0.051345500826438815,0.0002753109963884119,0.005361878910097319,0.007425262048066922,0.00742526204806692,-0.16790541622281951,0.6947041680073088,,,
3.984364799922332,3497.905462481,odom,navigating,1,4,,0.07300974383123311,0.011865371746625573,0.16932706810360698,-7.047794606557747,-5.966846525955034,-1.5175665232788822,-1.5162621099016504,-0.6717908978462219,0.2541131943160691,-0.2541131943160691,0.024163929000224016,pixhawk_fused,True,0.8,0.2,gyro,-1.0,0.18181908130645752,-0.3029375374317169,0.14362955035349953,-0.7777777777777778,0.00605907399994976,1,0.07307231470965511,0.07307231470965511,0.0979507564436302,0.07307126430694813,0.00039180302577452084,0.005361878910097319,0.011473733653916839,0.01147373365391684,-0.16396518919350966,0.6730362166858593,,,
3.9845230999635532,3498.021425575,odom,navigating,1,4,,0.09044777768307018,0.014473851353531105,0.12578698103879238,-7.047223649688334,-5.984469329328241,-1.5611066103436968,-1.5764886617472462,-0.6313744187355042,0.21474458119217538,-0.21474458119217538,0.033799453000028734,pixhawk_fused,True,0.8,0.2,gyro,-1.0,0.1265852004289627,-0.6451282501220703,0.13815676013231779,-0.7777777777777779,0.026973249000093347,1,0.09052408417735,0.09052408417735,0.12134421301377903,0.09052278290827916,0.0004853768520551161,0.005361878910097319,0.013988675586425348,0.013988675586425347,-0.12042510212869506,0.655635888086399,,,
3.984627299942076,3498.140594221,odom,navigating,1,4,,0.10426588412057264,0.015515121968297222,0.04966587479180129,-7.0477900315828315,-5.99831503341149,-1.6372277165906879,-1.6637002620164363,-0.5584604740142822,0.14139551594797753,-0.14139551594797753,0.03503075500020714,pixhawk_fused,True,0.8,0.2,gyro,-1.0,0.12288324534893036,-0.6056941747665405,0.15137350541760292,-0.7777777777777778,0.04655566000019462,1,0.10434757512200366,0.10434757512200366,0.13987409536526269,0.10434607514248596,0.0005594963814610507,0.005361878910097319,0.01495584057462583,0.014955840574625828,-0.04430399588170397,0.6418374198482784,,,
4.309067199937999,3498.243415802,odom,navigating,1,4,,0.1164053498055225,0.015361589343865655,-0.015408140707458218,-7.0493487255364276,-6.010354994895725,-1.7023017320899474,-1.7529640778160072,-0.4975546598434448,0.0823645960385003,-0.0823645960385003,0.05132374599998002,pixhawk_fused,True,0.8,0.2,gyro,-1.0,0.16101711988449097,-0.9982620477676392,0.20751294386694888,-0.7777777777777779,0.04610661500009883,1,0.11648604308470108,0.11648604308470108,0.1561452662421842,0.11648436861666941,0.0006245810649687368,0.005361878910097319,0.014737220124052956,0.014737220124052954,0.020770019617555535,0.629697156787233,,,
4.309234599932097,3498.343849702,odom,navigating,1,4,,0.13207171313899305,0.013797243400306027,-0.031193848504022847,-7.052717279566462,-6.025734688068028,-1.718087439886512,-1.8321038252263742,-0.4975546598434448,0.0823645960385003,-0.0823645960385003,0.15138778399978037,pixhawk_fused,True,0.8,0.2,gyro,-1.0,0.18693144619464874,-0.7741352319717407,0.28,-0.7100724830760488,0.046162205999735306,1,0.13214379342340063,0.13214379342340063,0.17713390600233236,0.13214189387773995,0.0007085356240093295,0.005361878910097319,0.013088895927058962,0.013088895927058962,0.036555727414120165,0.6140064554923961,,,
4.30933359998744,3498.46461816,odom,navigating,1,4,,0.15839922663598666,0.009091785516305094,-0.1136721096974691,-7.06044075221824,-6.051339907673213,-1.8005657010799583,-1.8983803484487196,-0.4134361445903778,-0.00414276781733848,0.00414276781733848,0.09261368199986464,pixhawk_fused,True,0.8,0.2,gyro,-1.0,0.2565172612667084,-0.47203490138053894,0.28,0.13463596126939925,0.014528720000271278,1,0.15844569849214768,0.15844569849214768,0.21239064458559662,0.15844342086085508,0.0008495625783423865,0.005361878910097319,0.008242341420287704,0.008242341420287702,0.11903398860756642,0.5876228340846964,,,
4.648040400003083,3498.581693079,odom,navigating,1,4,,0.18801045658046392,0.0026159840671423178,-0.2114790279190526,-7.070303025642857,-6.080001668019217,-1.8983726193015418,-1.8861924542639716,-0.29334717988967896,-0.1294117691224418,0.1294117691224418,0.10608881600001041,pixhawk_fused,True,0.8,0.2,gyro,-1.0,0.2651226818561554,0.44853702187538147,0.28,0.6993020632943149,0.036663012000190065,1,0.18802178048314366,0.18802178048314366,0.252036297185597,0.18801907770045537,0.001008145188742388,0.005361878910097319,0.0016078619911560354,0.0016078619911560354,0.21684090682914992,0.5579912598470023,,,
4.6482770999427885,3498.700989313,odom,navigating,1,4,,0.21989585875359155,-0.002724069121774888,-0.14524644570098966,-7.079300628808508,-6.111053852758395,-1.8321400370834788,-1.8043060697252589,-0.3260868191719055,-0.06709186574872353,0.06709186574872353,0.03282240199996522,pixhawk_fused,True,0.8,0.2,gyro,-1.0,0.27916407585144043,0.7068508863449097,0.2498869547421849,0.7777777777777778,0.006068259000130638,1,0.21987809172739597,0.21987809172739597,0.2947385134254494,0.21987493101538524,0.0011789540537017976,0.005361878910097319,0.0039030792816101677,-0.0039030792816101673,0.15060832461108697,0.5261471092215325,,,
4.648452199995518,3498.803545826,odom,navigating,1,4,,0.2466425690021066,-0.005072121842558522,-0.05453799821085181,-7.084731124032807,-6.137348521083294,-1.741431589593341,-1.7285614644244005,-0.4213036298751831,0.027356783240477064,-0.027356783240477064,0.028604189999896334,pixhawk_fused,True,0.8,0.2,gyro,-1.0,0.2818598449230194,0.7409564852714539,0.28,0.43750086847293207,0.00704047699991861,1,0.24661182758223957,0.24661182758223957,0.33057410533123216,0.24660828257709919,0.0013222964213249287,0.005361878910097319,0.006394510183933249,-0.006394510183933249,0.05989987712094913,0.49943983350103555,,,
4.987504299962893,3498.904073648,odom,navigating,1,4,,0.27408300023670745,-0.005477534083251585,0.012406081479222175,-7.0883124143963965,-6.164557269396243,-1.674487509903267,-1.6663475937884937,-0.48615169525146484,0.09548335298840187,-0.09548335298840187,0.01309627199998431,pixhawk_fused,True,0.8,0.2,gyro,-1.0,0.2868560254573822,0.5386359095573425,0.28,0.41278389054485726,0.007166140000208543,1,0.2740496906041516,0.2740496906041516,0.36735355386617613,0.2740457511841674,0.0014694142154647045,0.005361878910097319,0.00694704816141016,-0.0069470481614101595,-0.007044202569124856,0.47201215907843586,,,
4.9876570999622345,3499.023765816,odom,navigating,1,4,,0.3060684711894893,-0.00418343746170554,0.021334421339108678,-7.090732118629026,-6.196477326876827,-1.6655591700433805,-1.6216927902080773,-0.48615169525146484,0.09548335298840187,-0.09548335298840187,0.1329249739997067,pixhawk_fused,True,0.8,0.2,gyro,-1.0,0.2765488624572754,0.2378930300474167,0.28,0.14729959262872985,0.0272198530001333,1,0.30604164052709576,0.30604164052709576,0.4102375887774867,0.3060372412280051,0.0016409503551099466,0.005361878910097319,0.005824471542652001,-0.005824471542652001,-0.01597254242901136,0.44000763480903693,,,
4.987790299928747,3499.142117962,odom,navigating,1,4,,0.3365613318595895,-0.0018561839447946635,0.08673267987978495,-7.091952721936392,-6.227034499330183,-1.6001609115027042,-1.598713025354838,-0.5617513060569763,0.17148293793145797,-0.17148293793145797,0.031698687999778485,pixhawk_fused,True,0.8,0.2,gyro,-1.0,0.258599191904068,0.10104615986347198,0.28,-0.07253102087370696,0.04726643799995145,1,0.33654654125901373,0.33654654125901373,0.45112828881623074,0.33654170345690815,0.001804513155264923,0.005361878910097319,0.003660749722744849,-0.0036607497227448484,-0.08137080096968763,0.40948054637429177,,,
5.309413100010715,3499.26166443,odom,navigating,1,4,,0.36775146926387686,0.0009613982920619879,0.08674030631408391,-7.09276706747129,-6.258341052674644,-1.6001532850684053,-1.5986748931527301,-0.5617513060569763,0.17148293793145797,-0.17148293793145797,0.1515961109998898,pixhawk_fused,True,0.8,0.2,gyro,-1.0,0.2761891484260559,-0.09991500526666641,0.28,-0.26669632353576955,0.01578178099998695,1,0.36775133777250363,0.36775133777250363,0.4929571734671508,0.36774605140649447,0.0019718286938686033,0.005361878910097319,0.001010444926789033,-0.0010104449267890328,-0.0813784274039866,0.3782607356102076,,,
5.309662899933755,3499.36238984,odom,navigating,1,4,,0.39435768222365836,0.0030606168182088847,0.08999962095094327,-7.093763954505304,-6.2850113264400775,-1.596893970431546,-1.6224290695483192,-0.5702242255210876,0.18149497482124946,-0.18149497482124946,0.09657914099989284,pixhawk_fused,True,0.8,0.2,gyro,-1.0,0.28304386138916016,-0.2705705761909485,0.28,-0.3606367062562081,0.015082205999988219,1,0.3943684239738862,0.3943684239738862,0.5286364007929857,0.3943627549915673,0.0021145456031719427,0.005361878910097319,0.0009460848148531577,0.0009460848148531577,-0.08463774204084595,0.35164357251609174,,,
5.3098484999500215,3499.464644249,odom,navigating,1,4,,0.4213281528238619,0.004437722828044971,0.06083520705320744,-7.095520287375235,-6.311959758680354,-1.6260583843292817,-1.657535602847417,-0.5393918752670288,0.15381552289370676,-0.15381552289370676,0.09360850999973991,pixhawk_fused,True,0.8,0.2,gyro,-1.0,0.285704106092453,-0.4023549258708954,0.28,-0.27280777908777337,0.012791984000159573,1,0.4213458907182268,0.4213458907182268,0.5647987050123139,0.42133983393918617,0.0022591948200492555,0.005361878910097319,0.0021785593244336957,0.0021785593244336952,-0.05547332814311012,0.3246721422451267,,,
5.642312599928118,3499.565235255,odom,navigating,1,4,,0.4479870126033147,0.004892758089306858,0.026982533509350537,-7.098156387921352,-6.33849186820335,-1.6599110578731386,-1.687290233208479,-0.5051699876785278,0.11893875510934968,-0.11893875510934968,0.08038294400012092,pixhawk_fused,True,0.8,0.2,gyro,-1.0,0.27322036027908325,-0.30206558108329773,0.28,-0.1654525761896249,0.014546292999966681,1,0.44800680711316143,0.44800680711316143,0.6005366851042347,0.44800036708775914,0.002402146740416939,0.005361878910097319,0.0024906471515399437,0.0024906471515399437,-0.02162065459925322,0.29801432461226246,,,
5.642463299911469,3499.683206132,odom,navigating,1,4,,0.4777168010071391,0.004596349423819937,-0.012274850244060387,-7.101894599924532,-6.367987188978898,-1.6991684416265496,-1.708324575015292,-0.4604392945766449,0.07512638258878368,-0.07512638258878368,0.008986743000150454,pixhawk_fused,True,0.8,0.2,gyro,-1.0,0.2535611391067505,-0.20405036211013794,0.2642651507246054,-0.15714727785174473,0.03294554700005392,1,0.4777345788563284,0.4777345788563284,0.64038567225069,0.4777277114990147,0.0025615426890027598,0.005361878910097319,0.002034835985255399,0.002034835985255399,0.017636729154157704,0.26828386178538266,,,
5.642564699985087,3499.800489617,odom,navigating,1,4,,0.5066140484783909,0.0038122612218989133,-0.026585861046517056,-7.1060207698005176,-6.396599082098327,-1.7134794524290062,-1.7218362587014266,-0.4453525245189667,0.06061554719452041,-0.06061554719452041,0.013059847000022273,pixhawk_fused,True,0.8,0.2,gyro,-1.0,0.2510240077972412,-0.1346723437309265,0.23682909891925571,0.023382347864508792,0.006650559000263456,1,0.5066272067684722,0.5066272067684722,0.6791151797376739,0.5066199240843047,0.0027164607189506954,0.005361878910097319,0.0010958162551296736,0.0010958162551296738,0.031947739956614374,0.2393860251388017,,,
5.969473299919628,3499.905156263,odom,navigating,1,4,,0.5312997018329634,0.0029363483120506476,-0.026855932400343896,-7.109750289351359,-6.421017095713027,-1.713749523782833,-1.72318665560453,-0.4453525245189667,0.06061554719452041,-0.06061554719452041,0.11638534099984099,pixhawk_fused,True,0.8,0.2,gyro,-1.0,0.2397930920124054,0.0,0.20965875868675649,0.08927975997924792,0.00830668600019635,1,0.5313078087543155,0.5313078087543155,0.7121986210328227,0.5313001712904858,0.002848794484131291,0.005361878910097319,8.755508650956633e-05,8.755508650956577e-05,0.03221781131044121,0.21470293288152284,,,
5.969809599919245,3500.024733414,odom,navigating,1,4,,0.5574958500521634,0.0019560876336269795,-0.03362878171206063,-7.113758424874533,-6.446923348667629,-1.7205223730945498,-1.7265893334602949,-0.43770158290863037,0.05300017912630218,-0.05300017912630218,0.06366512899967347,pixhawk_fused,True,0.8,0.2,gyro,-1.0,0.2164348065853119,-0.13546817004680634,0.183485548409787,0.137419517486246,0.027993186000003334,1,0.5574983243942482,0.5574983243942482,0.7473060461742513,0.5574903104459915,0.0029892241846970055,0.005361878910097319,0.0010331514024543586,-0.0010331514024543584,0.03899066062215795,0.18851523048633995,,,
5.970094099990092,3500.12527729,odom,navigating,1,4,,0.575904752540482,0.0012081060328806709,-0.03858844829101438,-7.1166337966087125,-6.4651216838851635,-1.7254820396735036,-1.728622611297742,-0.4318501651287079,0.047308922875116045,-0.047308922875116045,0.005410923999988881,pixhawk_fused,True,0.8,0.2,gyro,-1.0,0.18343965709209442,-0.03402025252580643,0.17236340457781854,0.1768497325923141,0.027537252999991324,1,0.5759029516900175,0.5759029516900175,0.7719767736973455,0.5758946731782197,0.003087907094789382,0.005361878910097319,0.001879828084133422,-0.0018798280841334219,0.043950327201111694,0.17011815858466814,,,
6.310173299978487,3500.240989592,odom,navigating,1,4,,0.5954762084779248,0.00045614216543156394,-0.037094612435844665,-7.119647790082822,-6.484474285273794,-1.7239882038183338,-1.7211534236224744,-0.4318501651287079,0.047308922875116045,-0.047308922875116045,0.1221605890000319,pixhawk_fused,True,0.8,0.2,gyro,-1.0,0.15873999893665314,0.0,0.15251490757289618,0.1994714149893194,0.04643240300038087,1,0.5954700943710637,0.5954700943710637,0.7982058104353273,0.5954615345847541,0.0031928232417413093,0.005361878910097319,0.0027367204162231573,-0.0027367204162231573,0.04245649134594198,0.15056550316235384,,,
6.310555899981409,3500.343716526,odom,navigating,1,4,,0.610624442703968,-1.8515396304416565e-05,-0.03398727151890912,-7.12187397287654,-6.499465563075801,-1.7208808629013983,-1.713722356697823,-0.43584150075912476,0.04933534572962898,-0.04933534572962898,0.0728864220000105,pixhawk_fused,True,0.8,0.2,gyro,-1.0,0.14898571372032166,0.039964884519577026,0.13462700417456008,0.18868291991829883,0.046395440000196686,1,0.6106155657995147,0.6106155657995147,0.8185077591146149,0.6106067882995028,0.0032740310364584597,0.005361878910097319,0.0032925937632657574,-0.0032925937632657582,0.03934915042900644,0.13543518737463164,,,
6.31090659997426,3500.464240969,odom,navigating,1,4,,0.6254302348274312,-0.0003728209963395346,-0.022973984921014656,-7.123940946543211,-6.514130645166356,-1.7098675763035038,-1.7056199872772342,-0.44754549860954285,0.061076350286046445,-0.061076350286046445,0.08519845399996484,pixhawk_fused,True,0.8,0.2,gyro,-1.0,0.1260579526424408,0.10144365578889847,0.11936862572107795,0.1541037046185576,0.014601051000227017,1,0.6254192453574888,0.6254192453574888,0.8383515483337496,0.6254102550569772,0.0033534061933349984,0.005361878910097319,0.0037262807543577765,-0.003726280754357777,0.028335863831111974,0.12064903579073646,,,
6.628181100008078,3500.564423168,odom,navigating,1,4,,0.6371799702972446,-0.0005455505290632573,-0.016625893991343066,-7.12547356313979,-6.5257812762853105,-1.7035194853738322,-1.6988525739359892,-0.45450061559677124,0.0673196115897991,-0.0673196115897991,0.07129907199987429,pixhawk_fused,True,0.8,0.2,gyro,-1.0,0.12101869285106659,-0.0338839590549469,0.10583924966811487,0.1289939019916232,0.014270928999849275,1,0.6371678857763541,0.6371678857763541,0.8541001696930782,0.6371587265910363,0.003416400678772313,0.005361878910097319,0.003962008161062165,-0.003962008161062165,0.021987772901440383,0.10891492502922101,,,
6.628432099940255,3500.683573904,odom,navigating,1,4,,0.6494300727003447,-0.0006603870171199566,-0.010546387067151164,-7.127006637233862,-6.537935612142424,-1.6974399784496403,-1.6934357714076334,-0.4616401493549347,0.07356479315031546,-0.07356479315031546,0.047526153000035265,pixhawk_fused,True,0.8,0.2,gyro,-1.0,0.0982060506939888,0.06793823093175888,0.09971426555310403,0.12298435099670654,0.03611769100007223,1,0.6494171963498201,0.6494171963498201,0.8705199210223107,0.6494078610826438,0.0034820796840892426,0.005361878910097319,0.00414252624935412,-0.004142526249354121,0.01590826597724848,0.0966823151657533,,,
6.628610900021158,3500.784550232,odom,navigating,1,4,,0.6587121408355959,-0.0007164949711874202,-0.009368771199583792,-7.12813757103289,-6.547148696626579,-1.696262362582073,-1.6920738751193305,-0.4621797502040863,0.0746963392751314,-0.0746963392751314,0.09756122599992523,pixhawk_fused,True,0.8,0.2,gyro,-1.0,0.09303731471300125,-0.06793816387653351,0.08845068571254305,0.11025913417193955,0.0333985729998858,1,0.6586988302142289,0.6586988302142289,0.8829616106234139,0.6586893615250667,0.003531846442493656,0.005361878910097319,0.0042484024837797455,-0.004248402483779745,0.014730650109681111,0.08741519137036809,,,
6.965487999957986,3500.904144956,odom,navigating,1,4,,0.6685787930250592,-0.0007417361854743093,-0.005975272237116691,-7.129305562128732,-6.556946005407401,-1.6928688636196059,-1.6853066729667527,-0.4650624394416809,0.07724642646257061,-0.07724642646257061,0.04337116199985758,pixhawk_fused,True,0.8,0.2,gyro,-1.0,0.07939764857292175,0.03366474434733391,0.07381459816565634,0.1233307270545419,0.006631134000144812,1,0.6685652052324764,0.6685652052324764,0.8961871242838727,0.6685555947157691,0.0035847484971354908,0.005361878910097319,0.00432654687602147,-0.00432654687602147,0.01133715114721401,0.07756627715385894,,,
6.965619599912316,3501.02042952,odom,navigating,1,4,,0.6773249881618625,-0.0007092623800923625,-0.00017286205557720535,-7.130286436750542,-6.565637085253735,-1.6870664534380664,-1.6805574125892617,-0.47085267305374146,0.08331211797464866,-0.08331211797464866,0.049492549000206054,pixhawk_fused,True,0.8,0.2,gyro,-1.0,0.07753706723451614,0.0679689273238182,0.06949688134368573,0.12904890551278753,0.026411502999962977,1,0.6773114487639168,0.6773114487639168,0.9079111427900443,0.6773017125213731,0.003631644571160177,0.005361878910097319,0.00434096935198497,-0.004340969351984971,0.0055347409656745245,0.0688362869650367,,,
6.9657185999676585,3501.120808973,odom,navigating,1,4,,0.6835450659977855,-0.0006632485354336748,0.000642719197056163,-7.1309612455505285,-6.57182062134907,-1.686250872185433,-1.6764794036352804,-0.47085267305374146,0.08331211797464866,-0.08331211797464866,0.14978017100020224,pixhawk_fused,True,0.8,0.2,gyro,-1.0,0.06719023734331131,0.0679347962141037,0.061837792577386114,0.1322875673483136,0.026792899999691144,1,0.683531683906708,0.683531683906708,0.9162491397443565,0.6835218582492899,0.003664996558977426,0.005361878910097319,0.00432830731312877,-0.004328307313128769,0.004719159713041156,0.06262878466108207,,,
7.28974279994145,3501.241303675,odom,navigating,1,4,,0.6906426220491881,-0.0005701734620294219,0.004036958218630371,-7.131690954049497,-6.578881180135641,-1.6828566331638588,-1.6683846818542967,-0.47386711835861206,0.08553131825793761,-0.08553131825793761,0.07314836000023206,pixhawk_fused,True,0.8,0.2,gyro,-1.0,0.056337036192417145,0.06733620166778564,0.05496901448274843,0.14096794364517687,0.04735830499976146,1,0.6906296369867722,0.6906296369867722,0.9257636853852901,0.6906197092974264,0.0037030547415411604,0.005361878910097319,0.004273289631417974,-0.004273289631417974,0.0013249206914669482,0.05554570891672973,,,
7.290284999995492,3501.341478541,odom,navigating,1,4,,0.6946891644551328,-0.0004888460012447277,0.01414283229981006,-7.132078911922303,-6.582909903045933,-1.6727507590826791,-1.6630134728205952,-0.4851086437702179,0.09682077626828331,-0.09682077626828331,0.062399937999998656,pixhawk_fused,True,0.8,0.2,gyro,-1.0,0.03840598464012146,0.10097414255142212,0.051109309179377636,0.14400739348781957,0.04677330000004076,1,0.6946765572902316,0.6946765572902316,0.931188433548339,0.6946665714270609,0.003724753734193356,0.005361878910097319,0.004213660306123567,-0.004213660306123567,-0.00878095338971274,0.051506811032476986,,,
7.290516200009733,3501.444047329,odom,navigating,1,4,,0.6985881825305432,-0.0003708330999766529,0.022351298480483894,-7.132413342588602,-6.586796344236364,-1.6645422929020053,-1.6515007806294935,-0.4929209053516388,0.10420323652718443,-0.10420323652718443,0.05309620200023346,pixhawk_fused,True,0.8,0.2,gyro,-1.0,0.04098453372716904,-1.3424469216261059e-05,0.05,0.14436592405773244,0.046688840000115306,1,0.6985761520857419,0.6985761520857419,0.9364156972741645,0.6985661101665267,0.003745662789096658,0.005361878910097319,0.004116555063886641,-0.00411655506388664,-0.016989419570386577,0.04761286189408213,,,
7.644903399981558,,mission_status,turning,1,4,final alignment at waypoint 1/4,0.6985881825305432,-0.0003708330999766529,0.022351298480483894,,,,,,,,,,,,,,,,,,,,,,,,,,,,,,,final,-1.5707963267948966,
7.645007299957797,3501.564436941,odom,turning,1,4,,0.7023380998163009,-0.00024211210170352326,0.01910123337118974,-7.132719865907918,-6.590535928732018,-1.6677923580112994,-1.6677514527549768,-0.4929209053516388,0.10420323652718443,-0.10420323652718443,0.17408602100022108,pixhawk_fused,True,0.8,0.2,gyro,-1.0,0.023192929103970528,-0.30484920740127563,0.0,-0.75,0.0313645479996012,1,0.7023267056501439,0.7023267056501439,0.9414431766988307,0.7023166098173277,0.003765772706795323,0.005361878910097319,0.004007942422023013,-0.004007942422023013,-0.013739354461092422,0.04386749414697313,final,-1.5707963267948966,-1.5898975601660863
7.6451201000018045,3501.683811874,odom,turning,1,4,,0.704954821075532,-0.00023080721186265196,-0.020887972481263617,-7.133011749307505,-6.593136344473797,-1.7077815638637528,-1.7036057801891886,-0.4673781991004944,0.06318031391445775,-0.06318031391445775,0.03225965499996164,pixhawk_fused,True,0.8,0.2,gyro,-1.0,0.020490737631917,-0.2693314552307129,0.0,-0.75,0.00943712099979166,1,0.7049434499095899,0.7049434499095899,0.9449508263558957,0.7049333164614981,0.0037798033054235827,0.005361878910097319,0.004010668169992589,-0.00401066816999259,0.026249851391360934,0.04126265190951186,final,-1.5707963267948966,-1.549908354313633
7.64521549991332,3501.80091251,odom,turning,1,4,,0.707473361886652,-0.0003097145695989123,-0.03953544154547273,-7.1333818647781415,-6.595628790807578,-1.726429032927962,-1.738124858123327,-0.454279363155365,0.0485006817275681,-0.0485006817275681,0.11461275200008458,pixhawk_fused,True,0.8,0.2,gyro,-1.0,0.023251153528690338,-0.30561453104019165,0.0,-0.75,0.031154329999935726,1,0.7074615314274231,0.7074615314274231,0.9483262222283066,0.7074513617823167,0.003793304888913227,0.005361878910097319,0.0041030784396011745,-0.004103078439601174,0.044897320455570044,0.03876693802698753,final,-1.5707963267948966,-1.5312608852494238
7.970532199949957,3501.903652626,odom,turning,1,4,,0.7100837510944337,-0.0004810843876416476,-0.06973828865149545,-7.133854459686877,-6.598201756699866,-1.7566318800339846,-1.7739678202864215,-0.4268600642681122,0.019707722365299652,-0.019707722365299652,0.030613936000008835,pixhawk_fused,True,0.8,0.2,gyro,-1.0,0.02585148811340332,-0.33979347348213196,0.0,-0.75,0.029139972999928432,1,0.7100709642514718,0.7100709642514718,0.9518240711745182,0.7100607570961905,0.003807296284698073,0.005361878910097319,0.004288442318004531,-0.004288442318004531,0.07510016756159277,0.03619471028666703,final,-1.5707963267948966,-1.501058038143401
7.970848899916746,3502.006079751,odom,turning,1,4,,0.7129678063402414,-0.0007794451546793979,-0.13091348742457942,-7.134484891230187,-6.601031836182385,-1.8178070788070686,-1.8136940544924909,-0.3584773540496826,-0.046829511315187033,0.046829511315187033,0.0316078569999263,pixhawk_fused,True,0.8,0.2,gyro,-1.0,0.028748374432325363,-0.3778703212738037,0.0,-0.75,0.01600534899989725,1,0.7129533782728129,0.7129533782728129,0.9556878413985205,0.7129431296832963,0.003822751365594082,0.005361878910097319,0.004602262677055202,-0.004602262677055202,0.13627536633467674,0.03337617284774254,final,-1.5707963267948966,-1.4398828393703171
7.971230200026184,3502.125771379,odom,turning,1,4,,0.7162998839126127,-0.0012701343921766167,-0.1401409141249781,-7.135358253941492,-6.604284643347066,-1.8270345055074673,-1.8598367135300906,-0.3584773540496826,-0.046829511315187033,0.046829511315187033,0.15245173399989653,pixhawk_fused,True,0.8,0.2,gyro,-1.0,0.03083125874400139,-0.40524786710739136,0.0,-0.75,0.010837641999842162,1,0.7162827769434407,0.7162827769434407,0.9601507781425691,0.7162724804943565,0.0038406031125702766,0.005361878910097319,0.005110810971828113,-0.005110810971828113,0.1455027930350754,0.03016407154407186,final,-1.5707963267948966,-1.4306554126699185
8.292912099976093,3502.225964854,odom,turning,1,4,,0.7187248967990392,-0.0017279670250961582,-0.18301831879967412,-7.13609390990785,-6.606640297930884,-1.8699119101821633,-1.8936463384789965,-0.3130386471748352,-0.09197300452049595,0.09197300452049595,0.05838427600019713,pixhawk_fused,True,0.8,0.2,gyro,-1.0,0.028249291703104973,-0.37131035327911377,0.0,-0.75,0.008193595999728132,1,0.718705300139323,0.718705300139323,0.9633980815909647,0.7186949688668597,0.003853592326363859,0.005361878910097319,0.005581639586626434,-0.005581639586626434,0.18838019770977144,0.02787007105953719,final,-1.5707963267948966,-1.3877780079952224
8.293097399990074,3502.343271892,odom,turning,1,4,,0.7222391957915671,-0.0025410114803822575,-0.24415389864098458,-7.1373085657478255,-6.610036759307901,-1.9310474900234738,-1.9430656747535897,-0.2491089403629303,-0.1560371907955013,0.1560371907955013,0.049476271999992605,pixhawk_fused,True,0.8,0.2,gyro,-1.0,0.03617572411894798,-0.475495845079422,0.0,-0.75,0.02946302000009382,1,0.7222151891893422,0.7222151891893422,0.9681029590654042,0.7222048074627916,0.003872411836261617,0.005361878910097319,0.00641351550989216,-0.0064135155098921605,0.2495157775510819,0.024644688024358773,final,-1.5707963267948966,-1.326642428153912
8.293211199925281,3502.448093421,odom,turning,1,4,,0.724835905410029,-0.003262548983878566,-0.25153699027455656,-7.138326040168958,-6.612532408124122,-1.9384305816570457,-1.9799920787042695,-0.2491089403629303,-0.1560371907955013,0.1560371907955013,0.1544748329997674,pixhawk_fused,True,0.8,0.2,gyro,-1.0,0.023452509194612503,-0.3082611560821533,0.0,-0.75,0.004020290999960707,1,0.7248079927023381,0.7248079927023381,0.9715785170303702,0.7247975737046561,0.003886314068121481,0.005361878910097319,0.007148965817227567,-0.007148965817227566,0.2568988691846539,0.022375511559659972,final,-1.5707963267948966,-1.31925933652034
8.622920499998145,3502.561753603,odom,turning,1,4,,0.7278176761212537,-0.0042210660508774644,-0.29229479089621524,-7.1396235030548985,-6.61538307499376,-1.9791883822787044,-2.0228958846225633,-0.20888184010982513,-0.1962589472835861,0.1962589472835861,0.10302897999963534,pixhawk_fused,True,0.8,0.2,gyro,-1.0,0.023070452734827995,-0.3032393753528595,0.0,-0.75,0.021201259999998,1,0.7277845811232708,0.7277845811232708,0.975568524581249,0.7277741193376117,0.003902274098324996,0.005361878910097319,0.00812345692258203,-0.008123456922582028,0.29765666980631256,0.019954519003085938,final,-1.5707963267948966,-1.2785015358986813
8.623305900022388,3502.662213313,odom,turning,1,4,,0.7301844679932511,-0.005084105882286166,-0.3677252098028805,-7.140754894351418,-6.617633962652021,-2.0546188011853697,-2.0574074543564786,-0.12147776037454605,-0.2819158178871475,0.2819158178871475,0.015430400999775884,pixhawk_fused,True,0.8,0.2,gyro,-1.0,0.025846293196082115,-0.33972519636154175,0.0,-0.75,0.029585627999949793,1,0.7301467114801206,0.7301467114801206,0.9787348736450664,0.7301362157392195,0.003914939494580266,0.005361878910097319,0.008999174738547987,-0.008999174738547987,0.3730870887129778,0.01823875084365936,final,-1.5707963267948966,-1.203071116992016
8.62356420001015,3502.781167032,odom,turning,1,4,,0.7332455588811526,-0.0063396702382279985,-0.38676321301796435,-7.142356593069216,-6.620529006778336,-2.0736568044004535,-2.1027299563759656,-0.10993821173906326,-0.2943836554592453,0.2943836554592453,0.08832626499997787,pixhawk_fused,True,0.8,0.2,gyro,-1.0,0.036002159118652344,-0.4732144773006439,0.0,-0.75,0.023397668000143312,1,0.7332010262135533,0.7332010262135533,0.982829070465646,0.733190486567372,0.003931316281862584,0.005361878910097319,0.010271134165983211,-0.010271134165983211,0.39212509192806166,0.01641903008369991,final,-1.5707963267948966,-1.1840331137769322
8.94699640001636,3502.884247324,odom,turning,1,4,,0.7363361637245671,-0.007773268281646498,-0.4248746515908892,-7.144138545798673,-6.6234327433569895,-2.1117682429733784,-2.149418016752429,-0.07225212454795837,-0.33035206332858424,0.33035206332858424,0.013197251000292454,pixhawk_fused,True,0.8,0.2,gyro,-1.0,0.03877333924174309,-0.5096390247344971,0.0,-0.75,0.0029909450004197424,2,0.7577193063021577,0.01170858251864525,0.019513870560992196,0.7460780554822439,-0.007708322336595318,-1.5641297588910283,0.009742108241754964,-0.009742108241755,-1.1392551073001391,0.015231532345433795,final,-1.5707963267948966,-1.1459216752040073
8.947243099915795,3503.000283355,odom,turning,1,4,,0.7397845810029852,-0.00958934848923182,-0.5049079895726867,-7.146341853717815,-6.626647578229875,-2.191801580955176,-2.2028161059772624,0.014545445330440998,-0.4170421810453735,0.4170421810453735,0.019783609000114666,pixhawk_fused,True,0.8,0.2,gyro,-1.0,0.03590884059667587,-0.47198790311813354,0.0,-0.75,0.02118494499973167,2,0.7595583350914135,0.013547611307901001,0.022578850433178053,0.7460903154017328,-0.009547310259906832,-1.5641297588910283,0.006305874524621744,-0.006305874524621691,-1.0592217693183417,0.014943286976774554,final,-1.5707963267948966,-1.0658883372222099
8.94744759995956,3503.102155159,odom,turning,1,4,,0.7422963873909555,-0.011067877685568703,-0.512892772563319,-7.148101389070187,-6.628971207989286,-2.199786363945808,-2.242752205022717,0.014545445330440998,-0.4170421810453735,0.4170421810453735,0.12083884000003309,pixhawk_fused,True,0.8,0.2,gyro,-1.0,0.03360186889767647,-0.4416649341583252,0.0,-0.75,0.031206958999973722,2,0.7610535764364539,0.015042852652941429,0.025070863964115602,0.7461002834558564,-0.011042518378469361,-1.5641297588910283,0.0038039805949853984,-0.0038039805949854188,-1.0512369863277093,0.015516368270479168,final,-1.5707963267948966,-1.0579035542315776
9.266867899917997,3503.202694032,odom,turning,1,4,,0.7448691910858388,-0.01272583550659892,-0.585053715122855,-7.1500462109066225,-6.63133464003046,-2.271947306505344,-2.2846794880073773,0.0952487513422966,-0.4967585209017597,0.4967585209017597,0.03044892100024299,pixhawk_fused,True,0.8,0.2,gyro,-1.0,0.031029580160975456,-0.4078546166419983,0.0,-0.75,0.0026191400002062437,2,0.7627286490586942,0.016717925275181744,0.027862589630190622,0.7461114503585208,-0.012717553778114371,-1.5641297588910283,0.0012422868781368473,-0.0012422868781368282,-0.9790760437681734,0.016764018080226217,final,-1.5707963267948966,-0.9857426116720416
9.26702219992876,3503.32046515,odom,turning,1,4,,0.7480420763723082,-0.014991350610963822,-0.6284529443577664,-7.152664011553079,-6.634223736689385,-2.3153465357402556,-2.3381043863220694,0.1358879953622818,-0.5376517126565776,0.5376517126565776,0.034824277000097936,pixhawk_fused,True,0.8,0.2,gyro,-1.0,0.033605244010686874,-0.4417093098163605,0.0,-0.75,0.028788017999886506,2,0.7650152659184921,0.019004542134979693,0.03167353304316343,0.7461266941321727,-0.015004119825898055,-1.5641297588910283,0.0019154248037124009,0.0019154248037124475,-0.9356768145332619,0.019100823907331733,final,-1.5707963267948966,-0.9423433824371301
9.267189099919051,3503.424562436,odom,turning,1,4,,0.7506736777043488,-0.017074492378309186,-0.6376439374981184,-7.155037966036557,-6.636596318680388,-2.3245375288806076,-2.384090509064591,0.1358879953622818,-0.5376517126565776,0.5376517126565776,0.13748032100011187,pixhawk_fused,True,0.8,0.2,gyro,-1.0,0.033595118671655655,-0.441576212644577,0.0,-0.75,0.0321494720001283,2,0.7671159050143677,0.021105181230855197,0.035174520404101225,0.7461406980816164,-0.017104712242460733,-1.5641297588910283,0.004533080354493634,0.00453308035449366,-0.9264858213929099,0.02158651181380491,final,-1.5707963267948966,-0.9331523892967781
9.585441199946217,3503.524594711,odom,turning,1,4,,0.752655489196605,-0.01878340938888988,-0.6799139514679511,-7.156964945470824,-6.638366833972556,-2.3668075428504403,-2.419933452082571,0.18040089309215546,-0.5815261013811431,0.5815261013811431,0.050443191999875125,pixhawk_fused,True,0.8,0.2,gyro,-1.0,0.028440924361348152,-0.373829185962677,0.0,-0.75,0.03163755900004617,2,0.7688379958333037,0.022827272049791267,0.03804460798997919,0.7461521784319599,-0.018826764793987514,-1.5641297588910283,0.006503455281056326,0.006503455281056323,-0.8842158074230773,0.023735612059264048,final,-1.5707963267948966,-0.8908823753269455
9.585751399979927,3503.624671984,odom,turning,1,4,,0.7547532947070335,-0.020732588538154642,-0.7199238943407344,-7.159144006022916,-6.6402247312856035,-2.4068174857232236,-2.459163740223874,0.2193053662776947,-0.6217307038610779,0.6217307038610779,0.025920625000253494,pixhawk_fused,True,0.8,0.2,gyro,-1.0,0.03101867064833641,-0.4077112376689911,0.0,-0.75,0.029946914999982255,2,0.7708011167282139,0.02479039294470148,0.04131640344240511,0.7461652656137696,-0.020789842065443064,-1.5641297588910283,0.008588219936234346,0.008588219936234343,-0.8442058645502939,0.026235874371284794,final,-1.5707963267948966,-0.8508724324541621
9.585949499974959,3503.740796457,odom,turning,1,4,,0.7570769420632399,-0.02308194347670388,-0.7760849254220168,-7.161746709252152,-6.642260595122852,-2.462978516804506,-2.504436603971389,0.277640700340271,-0.6806109575336776,0.6806109575336776,0.0837649129998681,pixhawk_fused,True,0.8,0.2,gyro,-1.0,0.025610869750380516,-0.33663076162338257,0.0,-0.75,0.013477298999987397,2,0.7731659100987579,0.027155186315245525,0.04525763814462492,0.7461810305525785,-0.023154582886774952,-1.5641297588910283,0.010896153639338109,0.010896153639338062,-0.7880448334690116,0.029259704508893425,final,-1.5707963267948966,-0.7947114013728798
9.929539599921554,3503.862513884,odom,turning,1,4,,0.7590985295802927,-0.025313606575062514,-0.7967805730069815,-7.164197523314205,-6.64401006553041,-2.4836741643894706,-2.5456925994415145,0.29430702328681946,-0.6961730519836745,0.6961730519836745,0.0960717409998324,pixhawk_fused,True,0.8,0.2,gyro,-1.0,0.02561214752495289,-0.33664757013320923,0.0,-0.75,0.012602227999650495,2,0.7754110005568855,0.029400276773373105,0.048999372426110716,0.7461959974897044,-0.025399623455666428,-1.5641297588910283,0.012902818810337833,0.012902818810337837,-0.7673491858840469,0.03210699312616101,final,-1.5707963267948966,-0.7740157537879151
9.929794600000605,3503.981271051,odom,turning,1,4,,0.7610591897574116,-0.027666603454597816,-0.8584805621638436,-7.1667617967541535,-6.645684963846851,-2.545374153546333,-2.5876542266787403,0.3603304326534271,-0.7628012666409812,0.7628012666409812,0.10378420100005314,pixhawk_fused,True,0.8,0.2,gyro,-1.0,0.028442353010177612,-0.37384796142578125,0.0,-0.75,0.0023108140003387234,2,0.7777770159267331,0.03176629214322073,0.05294264374857877,0.7462117705749943,-0.027765586249147264,-1.5641297588910283,0.014847749121399826,0.01484774912139984,-0.7056491967271847,0.035064982111794624,final,-1.5707963267948966,-0.712315764631053
9.92989619995933,3504.084204124,odom,turning,1,4,,0.762771623369283,-0.029897472758419488,-0.8922240033219291,-7.169176011016885,-6.6471274534376015,-2.5791175947044183,-2.6261826338709295,0.39358755946159363,-0.795349586308559,0.795349586308559,0.09720339900013641,pixhawk_fused,True,0.8,0.2,gyro,-1.0,0.036032773554325104,-0.47361689805984497,0.0,-0.75,0.009320512000158487,2,0.7800192516277276,0.03400852784421515,0.056679620207237526,0.746226718480829,-0.030007772124342514,-1.5641297588910283,0.016545272548921953,0.01654527254892201,-0.6719057555690993,0.03781965110691622,final,-1.5707963267948966,-0.6785723234729675
10.284838499967009,3504.203561017,odom,turning,1,4,,0.7649203568543115,-0.03297055976340686,-0.962459271738084,-7.1724773129156665,-6.6489057461871255,-2.649352863120573,-2.677555192856466,0.4682939350605011,-0.8702973360424838,0.8702973360424838,0.022148087000005034,pixhawk_fused,True,0.8,0.2,gyro,-1.0,0.030733047053217888,-0.40395697951316833,0.0,-0.75,0.009449084000152652,2,0.7831065949157487,0.037095871132236384,0.06182507801170327,0.7462473003120468,-0.033095046807021966,-1.5641297588910283,0.018673471494466222,0.01867347149446619,-0.6016704871529444,0.04153073792643384,final,-1.5707963267948966,-0.6083370550568126
10.285009299986996,3504.323578654,odom,turning,1,4,,0.7665284198835474,-0.03551897748872235,-0.9707116091573313,-7.175194848015273,-6.650207784047981,-2.6576052005398205,-2.718849265360871,0.4682939350605011,-0.8702973360424838,0.8702973360424838,0.14197185800003354,pixhawk_fused,True,0.8,0.2,gyro,-1.0,0.025839803740382195,-0.33963990211486816,0.0,-0.75,0.026962709999679646,2,0.7856656761934182,0.0396549524099058,0.06609011869685681,0.7462643604747874,-0.03565407121811409,-1.5641297588910283,0.020264509716187918,0.020264509716187883,-0.593418149733697,0.04453274755356295,final,-1.5707963267948966,-0.6000847176375652
10.28510949993506,3504.440591326,odom,turning,1,4,,0.7679099636353998,-0.03791417901470062,-1.0089054091746257,-7.177733959093189,-6.65130257554518,-2.695799000557115,-2.756729261173791,0.5055204629898071,-0.9085694499021373,0.9085694499021373,0.08272299400005068,pixhawk_fused,True,0.8,0.2,gyro,-1.0,0.023271014913916588,-0.3058755695819855,0.0,-0.7320470438119208,0.0024643470001137757,2,0.7880700345814827,0.04205931079797034,0.07009729362962194,0.7462803891745184,-0.03805837617777316,-1.5641297588910283,0.021630055112751043,0.021630055112751,-0.5552243497164027,0.04729529478691205,final,-1.5707963267948966,-0.5618909176202709
10.630058099981397,3504.562652894,odom,turning,1,4,,0.7692878847742912,-0.0405350354915365,-1.0427685459595808,-7.180496786444456,-6.65236762970543,-2.72966213734207,-2.79729473150332,0.5381004214286804,-0.9407602512245975,0.9407602512245975,0.08867207000002963,pixhawk_fused,True,0.8,0.2,gyro,-1.0,0.02584110014140606,-0.33965691924095154,0.0,-0.6896329844465882,0.03102349900018453,2,0.7907000187558012,0.04468929497228877,0.07448050318324483,0.7462979220127329,-0.04068830190994689,-1.5641297588910283,0.02299047364394325,0.022990473643943205,-0.5213612129314475,0.050256292775065305,final,-1.5707963267948966,-0.5280277808353158
10.630240399972536,3504.680797464,odom,turning,1,4,,0.7706804994749875,-0.04347936064554932,-1.120029250385529,-7.183582607024733,-6.653409808991103,-2.806922841768018,-2.8419228692669476,0.6232732534408569,-1.0261686888044677,1.0261686888044677,0.014601364000100148,pixhawk_fused,True,0.8,0.2,gyro,-1.0,0.02571839839220047,-0.338044136762619,0.0,-0.6468327484951634,0.022956382000302256,2,0.7936535623742452,0.04764283859073284,0.07940296649379344,0.7463176118659751,-0.04364177989627606,-1.5641297588910283,0.024363429000499426,0.02436342900049937,-0.4441005085054994,0.053510903016534835,final,-1.5707963267948966,-0.45076707640936764
10.6303933999734,3504.784660125,odom,turning,1,4,,0.7717030544335183,-0.04588879216859551,-1.166694689733745,-7.186094268253158,-6.6541463799524445,-2.853588281116234,-2.877777221135818,0.6726657152175903,-1.0755357781058155,1.0755357781058155,0.012580802999764273,pixhawk_fused,True,0.8,0.2,gyro,-1.0,0.028440924361348152,-0.373829185962677,0.0,-0.5786251136123913,0.0031251079999492504,2,0.7960697572377257,0.050059033454213295,0.08342986844721173,0.7463337194737888,-0.04605792106832704,-1.5641297588910283,0.025369898716464695,0.025369898716464643,-0.39743506915728344,0.05612075009525194,final,-1.5707963267948966,-0.40410163706115165
10.950073399930261,3504.90049888,odom,turning,1,4,,0.7727544337519581,-0.04865597106365545,-1.2012153840710207,-7.188964607514931,-6.654870140984023,-2.88810897545351,-2.9183350482231347,0.7052596807479858,-1.1085477150982224,1.1085477150982224,0.012911017000078573,pixhawk_fused,True,0.8,0.2,gyro,-1.0,0.02565428614616394,-0.33720144629478455,0.0,-0.5183103970911118,0.020558810999773414,2,0.7988438836816726,0.05283315989816015,0.08805330977845736,0.7463522132391138,-0.04883198586707442,-1.5641297588910283,0.02640280722233672,0.026402807222336722,-0.36291437482000766,0.059063110433200464,final,-1.5707963267948966,-0.36958094272387587
10.95020600000862,3505.001433649,odom,turning,1,4,,0.7731575847966649,-0.049822170323715984,-1.20459497811893,-7.190169655907585,-6.655135489529103,-2.891488569501419,-2.9352417904574266,0.7052596807479858,-1.1085477150982224,1.1085477150982224,0.11343998099982855,pixhawk_fused,True,0.8,0.2,gyro,-1.0,0.010337998159229755,-0.13588325679302216,0.0,-0.4774672365146286,0.029237579999971786,2,0.8000127446409651,0.054002020857452676,0.09000136808757458,0.7463600054723503,-0.050000820852544745,-1.5641297588910283,0.026798174819460813,0.02679817481946078,-0.35953478077209833,0.06028565692055728,final,-1.5707963267948966,-0.36620134867596654
10.950306199956685,3505.103535112,odom,turning,1,4,,0.7736456814059071,-0.05132575406217016,-1.228073628692857,-7.191719657408842,-6.655446130325843,-2.9149672200753463,-2.956890218277776,0.7279119491577148,-1.1324835277354321,1.1324835277354321,0.030586436000248796,pixhawk_fused,True,0.8,0.2,gyro,-1.0,0.023259328678250313,-0.3057219684123993,0.0,-0.473254366051345,0.02927593100002923,2,0.8015195488726478,0.055508825089135364,0.09251265266800844,0.7463700506106721,-0.051507591600805064,-1.5641297588910283,0.027276236913629192,0.027276236913629234,-0.33605613019817127,0.06184838528971192,final,-1.5707963267948966,-0.3427226981020395
11.30926939996425,3505.225681732,odom,turning,1,4,,0.774236590805705,-0.053312029967790386,-1.2503564788344503,-7.193761011215988,-6.655802978369225,-2.9372500702169395,-2.9852791702513666,0.7494543790817261,-1.1532413019990526,1.1532413019990526,0.11390978400004315,pixhawk_fused,True,0.8,0.2,gyro,-1.0,0.012802249751985073,-0.16827352344989777,0.0,-0.41744587204569655,0.010361838999870088,2,0.8035097199487341,0.057498996165221715,0.09582953075390276,0.7463833181230156,-0.05349771845234165,-1.5641297588910283,0.027853891637427308,0.02785389163742731,-0.313773280056578,0.06389032664932717,final,-1.5707963267948966,-0.3204398479604462
11.309665799955837,3505.343357313,odom,turning,1,4,,0.7747216215316798,-0.05512503258627714,-1.2723006184604873,-7.195617993534053,-6.656074731879186,-2.9591942098429764,-3.01100167999123,0.7709841728210449,-1.1742419528519712,1.1742419528519712,0.08278739899969878,pixhawk_fused,True,0.8,0.2,gyro,-1.0,0.01809331402182579,-0.2378195822238922,0.0,-0.3906833748249491,0.02954368400014573,2,0.8053259157459358,0.059315191962423464,0.09885645648497013,0.7463954258259399,-0.05531387389098208,-1.5641297588910283,0.028326825169761625,0.02832682516976162,-0.2918291404305411,0.06573203953733207,final,-1.5707963267948966,-0.2984957083344093
11.30997900001239,3505.464190354,odom,turning,1,4,,0.7750139847943194,-0.056320733637852866,-1.308953003038308,-7.1968395118364015,-6.656226621046369,-2.9958465944207973,-3.027870265880426,0.8121081590652466,-1.215836138517221,1.215836138517221,0.09425258000010217,pixhawk_fused,True,0.8,0.2,gyro,-1.0,0.005142137408256531,-0.06758855283260345,0.0,-0.3412767475962246,0.023877693000031286,2,0.8065235392723688,0.06051281548885634,0.10085245134074318,0.746403409805363,-0.05651147080444591,-1.5641297588910283,0.02861121077244749,0.028611210772447538,-0.25517675585272026,0.06693580671250471,final,-1.5707963267948966,-0.2618433237565885
11.645843999926,3505.566325908,odom,turning,1,4,,0.7752227102986963,-0.057233708867478916,-1.321418984208659,-7.197770519231637,-6.656328185489486,-3.008312575591148,-3.040695286095562,0.8229807019233704,-1.2282124035587512,1.2282124035587512,0.07533858099986901,pixhawk_fused,True,0.8,0.2,gyro,-1.0,0.012803523801267147,-0.16829027235507965,0.0,-0.32506501547403194,0.014347759000429505,2,0.8074378856867739,0.06142716190326146,0.10237632816786514,0.7464095053126715,-0.057425796900719084,-1.5641297588910283,0.02881384527235472,0.02881384527235474,-0.24271077468236935,0.06784934707768893,final,-1.5707963267948966,-0.24937734258623756
11.645975099992938,3505.684503181,odom,turning,1,4,,0.7755597020214131,-0.058831834599093344,-1.344864066565032,-7.199396922813977,-6.656477787169212,-3.031757657947521,-3.0630723053604942,0.8455013036727905,-1.2519243747225008,1.2519243747225008,0.011555198999758431,pixhawk_fused,True,0.8,0.2,gyro,-1.0,0.015481335110962391,-0.2034875750541687,0.0,-0.32048514928319743,0.032072770000013406,2,0.8090382224672287,0.06302749868371622,0.1050434968655328,0.7464201739874621,-0.05902609811931968,-1.5641297588910283,0.02914017557182367,0.029140175571823617,-0.21926569232599635,0.06943785295271275,final,-1.5707963267948966,-0.22593226022986457
11.646074999938719,3505.801273135,odom,turning,1,4,,0.7757715919470329,-0.05994572216240804,-1.3656334793903548,-7.2005278566130055,-6.656559221722702,-3.052527070772844,-3.078609569096007,0.8675652742385864,-1.2740013184478483,1.2740013184478483,0.021092963999763015,pixhawk_fused,True,0.8,0.2,gyro,-1.0,0.00767905730754137,-0.1009339764714241,0.0,-0.26723625194046985,0.012750651000260405,2,0.8101534978464255,0.06414277406291312,0.10690224785907558,0.7464276089914363,-0.06014134871544534,-1.5641297588910283,0.02934463503686145,0.02934463503686149,-0.1984962795006735,0.07053653712745274,final,-1.5707963267948966,-0.20516284740454171
11.974492499954067,3505.903968526,odom,turning,1,4,,0.7759666909530395,-0.061065713294312124,-1.3687473251842968,-7.201662907889458,-6.656623271371514,-3.055640916566786,-3.094184972646995,0.8675652742385864,-1.2740013184478483,1.2740013184478483,0.122542145999887,pixhawk_fused,True,0.8,0.2,gyro,-1.0,0.012861771509051323,-0.16905587911605835,0.0,-0.264425317710674,0.020813415999782592,2,0.8112747647216049,0.06526404093809243,0.10877098445735588,0.7464350839378294,-0.06126259067441352,-1.5641297588910283,0.02953226326585215,0.029532263265852152,-0.19538243370673158,0.07163483519330945,final,-1.5707963267948966,-0.2020490016105998
11.974739499972202,3506.005278044,odom,turning,1,4,,0.7761876636685996,-0.062474706191660276,-1.382486473536722,-7.203088012575531,-6.65667954356297,-3.069380064919211,-3.113720037524785,0.8806084990501404,-1.2862926559975347,1.2862926559975347,0.045907894000265514,pixhawk_fused,True,0.8,0.2,gyro,-1.0,0.014403022825717926,-0.18931417167186737,0.0,-0.24689521453392038,0.01507398200010357,2,0.8126851994277449,0.06667447564423243,0.11112165673100798,0.746444486626924,-0.06267299403860478,-1.5641297588910283,0.0297438379938216,0.029743837993821548,-0.1816432853543064,0.07300809270920619,final,-1.5707963267948966,-0.18830985325817462
11.974934999947436,3506.129179435,odom,turning,1,4,,0.7762508001983328,-0.06291734745521622,-1.4072729479972015,-7.203534987624742,-6.656690981000258,-3.0941665393796907,-3.1198464379783264,0.9106603860855103,-1.315741405383309,1.315741405383309,0.0111764299999777,pixhawk_fused,True,0.8,0.2,gyro,-1.0,0.0,0.0,0.0,-0.2246999021710587,0.005056895000052464,2,0.8131282517560011,0.0671175279724887,0.11186006086930322,0.7464474402434772,-0.06311603652158193,-1.5641297588910283,0.029804022244384807,0.029804022244384797,-0.15685681089382686,0.07343733589313808,final,-1.5707963267948966,-0.16352337879769507
12.307981299934909,3506.240826014,odom,turning,1,4,,0.7762508001983328,-0.06291734745521622,-1.4072729479972015,-7.203534987624742,-6.656690981000258,-3.0941665393796907,-3.1198464379783264,0.9106603860855103,-1.315741405383309,1.315741405383309,0.12371935800001665,pixhawk_fused,True,0.8,0.2,gyro,-1.0,0.0,0.0,0.0,-0.2125803924370036,0.022114495000096213,2,0.8131282517560011,0.0671175279724887,0.11186006086930322,0.7464474402434772,-0.06311603652158193,-1.5641297588910283,0.029804022244384807,0.029804022244384797,-0.15685681089382686,0.07343733589313808,final,-1.5707963267948966,-0.16352337879769507
12.308159400010481,3506.361669813,odom,turning,1,4,,0.7762508001983328,-0.06291734745521622,-1.4079591073737636,-7.203534987624742,-6.656690981000258,-3.094852698756253,-3.1198464379783264,0.911107063293457,-1.3165990529829614,1.3165990529829614,0.09404930699975012,pixhawk_fused,True,0.8,0.2,gyro,-1.0,0.0,0.0,0.0,-0.2116883852474734,0.014678399999866087,2,0.8131282517560011,0.0671175279724887,0.11186006086930322,0.7464474402434772,-0.06311603652158193,-1.5641297588910283,0.029804022244384807,0.029804022244384797,-0.15617065151726472,0.07343733589313808,final,-1.5707963267948966,-0.16283721942113294
12.308400099980645,3506.464881174,odom,turning,1,4,,0.7762574854855994,-0.0629667729995868,-1.407875527923232,-7.203584854851318,-6.656691895995242,-3.094769119305721,-3.1205292714436124,0.9112375974655151,-1.3163239281457828,1.3163239281457828,0.0882398200001262,pixhawk_fused,True,0.8,0.2,gyro,-1.0,0.002594010904431343,-0.03409583121538162,0.0,-0.21197453198378025,0.01486406200001511,2,0.8131777207696542,0.06716699698614186,0.11194250739326721,0.7464477700295731,-0.06316550443596032,-1.5641297588910283,0.02981037788678727,0.02981037788678728,-0.15625423096779634,0.07348512852196318,final,-1.5707963267948966,-0.16292079887166455
12.665639400016516,3506.584113123,odom,turning,1,4,,0.7764114499256038,-0.06414084531226115,-1.4114335083429372,-7.204768858359362,-6.656708823402428,-3.0983270997254264,-3.1367531778921927,0.9117623567581177,-1.3167169756089316,1.3167169756089316,0.0932506219996867,pixhawk_fused,True,0.8,0.2,gyro,-1.0,0.01536575797945261,-0.20196841657161713,0.0,-0.20822146847994985,0.01117754100005186,2,0.8143527933994936,0.06834206961598126,0.11390091825657502,0.7464556036730263,-0.064340550953945,-1.5641297588910283,0.029956511930653462,0.029956511930653486,-0.1526962505480911,0.0746192407254792,final,-1.5707963267948966,-0.15936281845195932
12.665771599975415,3506.703454032,odom,turning,1,4,,0.776660647457441,-0.06644747648582014,-1.4512404522145301,-7.207088828138841,-6.656689151010292,-3.1381340435970193,3.114648068811048,0.9488540291786194,-1.358528521815406,1.358528521815406,0.022129532000235486,pixhawk_fused,True,0.8,0.2,gyro,-1.0,0.017923148348927498,-0.23558291792869568,0.0,-0.15664716269984452,0.011047248000068066,2,0.8166610345962526,0.07065031081274026,0.1177479014302749,0.7464709916057211,-0.06664874085816494,-1.5641297588910283,0.030190326725507033,0.030190326725506998,-0.11288930667649821,0.07683047732332311,final,-1.5707963267948966,-0.11955587458036643
12.665888199931942,3506.820425462,odom,turning,1,4,,0.7767971909762175,-0.06817123160821852,-1.4559761884699647,-7.208816796164298,-6.65662510136148,3.1403155273271324,3.090954988166422,0.9488540291786194,-1.358528521815406,1.358528521815406,0.14022237900007894,pixhawk_fused,True,0.8,0.2,gyro,-1.0,0.015512450598180294,-0.20389655232429504,0.0,-0.150325530539633,0.004008345999864105,2,0.8183856616841556,0.07237493790064324,0.12062221603716496,0.7464824888641487,-0.06837332962229897,-1.5641297588910283,0.03031537576463076,0.030315375764630795,-0.10815357042106366,0.07846753241865537,final,-1.5707963267948966,-0.11482013832493188
12.97122019995004,3506.924869069,odom,turning,1,4,,0.776891741071466,-0.06984691529249183,-1.476519549117187,-7.21049215197823,-6.656524909410838,3.11977216667991,3.067963807538189,0.9676774144172668,-1.3784606615398989,1.3784606615398989,0.06547835899982601,pixhawk_fused,True,0.8,0.2,gyro,-1.0,0.015367288142442703,-0.20198853313922882,0.0,-0.123609155963323,0.01101082300010603,2,0.8200619384522163,0.07405121466870393,0.12341594856834409,0.7464936637942734,-0.07004956914100645,-1.5641297588910283,0.03039875278251542,0.03039875278251545,-0.08761020977384137,0.08004790168794534,final,-1.5707963267948966,-0.09427677767770959
12.971368999918923,3507.025330125,odom,turning,1,4,,0.7769062518853749,-0.07019251399129894,-1.4942347776256728,-7.210837105086834,-6.656499289551313,3.1020569381714242,3.063222136000905,0.9896312952041626,-1.3994161353652343,1.3994161353652343,0.054311613000209036,pixhawk_fused,True,0.8,0.2,gyro,-1.0,0.0,0.0,0.0,-0.12,0.010308155000075203,2,0.8204076262079181,0.07439690242440564,0.1239920820250235,0.7464959683281001,-0.0703952492150141,-1.5641297588910283,0.030410959333845324,0.03041095933384529,-0.06989498126535554,0.08037241776848154,final,-1.5707963267948966,-0.07656154916922375
12.971477799932472,3507.125779608,odom,turning,1,4,,0.7769062518853749,-0.07019251399129894,-1.5083477386561084,-7.210837105086834,-6.656499289551313,3.0879439771409887,3.063222136000905,1.0057564973831177,-1.417055639097558,1.417055639097558,0.044371652999871,pixhawk_fused,True,0.8,0.2,gyro,-1.0,0.0,0.0,0.0,-0.12,0.010289191999618197,2,0.8204076262079181,0.07439690242440564,0.1239920820250235,0.7464959683281001,-0.0703952492150141,-1.5641297588910283,0.030410959333845324,0.03041095933384529,-0.05578202023491996,0.08037241776848154,final,-1.5707963267948966,-0.062448588138788175
13.29010899993591,3507.241208612,odom,turning,1,4,,0.7769062518853749,-0.07019251399129894,-1.5080959817432795,-7.210837105086834,-6.656499289551313,3.0881957340538175,3.063222136000905,1.006164312362671,-1.4167409611715447,1.4167409611715447,0.07181598099987241,pixhawk_fused,True,0.8,0.2,gyro,-1.0,0.0,0.0,0.0,-0.12,0.02393487599965738,2,0.8204076262079181,0.07439690242440564,0.1239920820250235,0.7464959683281001,-0.0703952492150141,-1.5641297588910283,0.030410959333845324,0.03041095933384529,-0.05603377714774882,0.08037241776848154,final,-1.5707963267948966,-0.06270034505161703
13.290236499975435,3507.343082763,odom,turning,1,4,,0.7769082870052408,-0.07024156064988088,-1.5079522216812125,-7.210886057318426,-6.656495629571381,3.0883394941158846,3.06254693112565,1.0062224864959717,-1.416392521714184,1.416392521714184,0.06636355899991031,pixhawk_fused,True,0.8,0.2,gyro,-1.0,0.0,0.0,0.0,-0.12,0.029241078999802994,2,0.8204566853437749,0.07444596156026245,0.12407384543450704,0.746496295381738,-0.07044430726070422,-1.5641297588910283,0.030412667438029943,0.030412667438029926,-0.056177537209815886,0.08041847756161691,final,-1.5707963267948966,-0.0628441051136841
13.290331399999559,3507.443198236,odom,turning,1,4,,0.7769082870052408,-0.07024156064988088,-1.5085711591257969,-7.210886057318426,-6.656495629571381,3.0877205566713,3.06254693112565,1.0070488452911377,-1.417166146417472,1.417166146417472,0.051732732000346004,pixhawk_fused,True,0.8,0.2,gyro,-1.0,0.0,0.0,0.0,-0.12,0.030815040999641496,2,0.8204566853437749,0.07444596156026245,0.12407384543450704,0.746496295381738,-0.07044430726070422,-1.5641297588910283,0.030412667438029943,0.030412667438029926,-0.055558599765231476,0.08041847756161691,final,-1.5707963267948966,-0.06222516766909969
13.628362399991602,3507.543327522,odom,turning,1,4,,0.7769082870052408,-0.07024156064988088,-1.5085711591257969,-7.210886057318426,-6.656495629571381,3.0877205566713,3.06254693112565,1.0070488452911377,-1.417166146417472,1.417166146417472,0.15164708000020255,pixhawk_fused,True,0.8,0.2,gyro,-1.0,0.0,0.0,0.0,-0.12,0.030337608000081673,2,0.8204566853437749,0.07444596156026245,0.12407384543450704,0.746496295381738,-0.07044430726070422,-1.5641297588910283,0.030412667438029943,0.030412667438029926,-0.055558599765231476,0.08041847756161691,final,-1.5707963267948966,-0.06222516766909969
13.628617199952714,3507.663289378,odom,turning,1,4,,0.7769082870052408,-0.07024156064988088,-1.5087774401441827,-7.210886057318426,-6.656495629571381,3.0875142756529144,3.06254693112565,1.007198452949524,-1.41742398249693,1.41742398249693,0.01827008999998725,pixhawk_fused,True,0.8,0.2,gyro,-1.0,0.0,0.0,0.0,-0.12,0.005607436999980564,2,0.8204566853437749,0.07444596156026245,0.12407384543450704,0.746496295381738,-0.07044430726070422,-1.5641297588910283,0.030412667438029943,0.030412667438029926,-0.05535231874684565,0.08041847756161691,final,-1.5707963267948966,-0.06201888665071387
13.628924299962819,3507.782274072,odom,turning,1,4,,0.776910322125106,-0.07029060730846379,-1.5089265671356173,-7.210935009550019,-6.656491969591449,3.0873651486614797,3.0618755514253126,1.007232427597046,-1.417442585264889,1.417442585264889,0.09595744400030526,pixhawk_fused,True,0.8,0.2,gyro,-1.0,0.0,0.0,0.0,-0.12,0.002368590000060067,2,0.8205057444796326,0.07449502069612023,0.12415560884399221,0.746496622435376,-0.07049336530639531,-1.5641297588910283,0.030414375542213785,0.030414375542213774,-0.055203191755410996,0.08046454093660259,final,-1.5707963267948966,-0.06186975965927921
13.945764599950053,3507.885415895,odom,turning,1,4,,0.776910322125106,-0.07029060730846379,-1.5090204670759348,-7.210935009550019,-6.656491969591449,3.0872712487211627,3.0618755514253126,1.0073727369308472,-1.4175599530673098,1.4175599530673098,0.01978396000004068,pixhawk_fused,True,0.8,0.2,gyro,-1.0,0.0,0.0,0.0,-0.12,0.00491265700020449,2,0.8205057444796326,0.07449502069612023,0.12415560884399221,0.746496622435376,-0.07049336530639531,-1.5641297588910283,0.030414375542213785,0.030414375542213774,-0.0551092918150935,0.08046454093660259,final,-1.5707963267948966,-0.06177585971896171
13.946006599930115,3507.986171444,odom,turning,1,4,,0.776910322125106,-0.07029060730846379,-1.5091255972205877,-7.210935009550019,-6.656491969591449,3.0871661185765094,3.0618755514253126,1.00752592086792,-1.4176913578355197,1.4176913578355197,0.013233638000201609,pixhawk_fused,True,0.8,0.2,gyro,-1.0,0.0,0.0,0.0,-0.12,0.003864367999995011,2,0.8205057444796326,0.07449502069612023,0.12415560884399221,0.746496622435376,-0.07049336530639531,-1.5641297588910283,0.030414375542213785,0.030414375542213774,-0.05500416167044064,0.08046454093660259,final,-1.5707963267948966,-0.06167072957430886
13.946207499946468,3508.103570547,odom,turning,1,4,,0.7769410498689895,-0.07127684912414411,-1.511828487957045,-7.211918171659287,-6.656408247550502,3.084463227840052,3.048356270274096,1.00752592086792,-1.4176913578355197,1.4176913578355197,0.1306548150000708,pixhawk_fused,True,0.8,0.2,gyro,-1.0,0.012804797850549221,-0.16830700635910034,0.0,-0.12,0.009358843999962119,2,0.8214921692266325,0.07548144544312005,0.12579961355595978,0.7465031984542239,-0.07147976813357586,-1.5641297588910283,0.03043852780394838,0.030438527803948404,-0.0523012709339834,0.08138766848272809,final,-1.5707963267948966,-0.058967838837851616
14.289819999947213,3508.220784914,odom,turning,1,4,,0.776963260880712,-0.07354869230316416,-1.5275098937244795,-7.214177294272394,-6.656167146372472,3.068781822072617,3.0172245189803784,1.0188599824905396,-1.4295136915811781,1.4295136915811781,0.05091725200009023,pixhawk_fused,True,0.8,0.2,gyro,-1.0,0.020679112523794174,-0.271807461977005,0.0,-0.12,0.027999442999771418,2,0.8237641099920524,0.07775338620854,0.12958609735517684,0.7465183443894207,-0.0737516584131061,-1.5641297588910283,0.03044559303747404,0.030445593037473996,-0.036619865166548804,0.08350163592587789,final,-1.5707963267948966,-0.04328643307041702
14.290024099987932,3508.326868701,odom,turning,1,4,,0.7769460846573862,-0.07472844478967405,-1.5634312445303493,-7.215347115358202,-6.656013427215323,3.0328604712667477,3.0010654740532545,1.0598180294036865,-1.4703715212860589,1.4703715212860589,0.045300703999600955,pixhawk_fused,True,0.8,0.2,gyro,-1.0,0.007155775558203459,-0.09405593574047089,0.0,0.0,0.03331946099979177,2,0.8249437217571033,0.07893299797359085,0.13155207327572657,0.7465262082931029,-0.07493124396543593,-1.5641297588910283,0.030420552354024966,0.030420552354024962,-0.0006985143606790256,0.08459212832541141,final,-1.5707963267948966,-0.00736508226454724
14.290131799993105,3508.443190146,odom,turning,1,4,,0.7769132803867906,-0.07582158500860212,-1.5664249330545612,-7.216429096925638,-6.655854218088275,3.029866782742536,2.986088944694343,1.0598180294036865,-1.4703715212860589,1.4703715212860589,0.16165444399985063,pixhawk_fused,True,0.8,0.2,gyro,-1.0,0.012890123762190342,-0.16942854225635529,0.0,0.0,0.008352386999831651,2,0.8260366189945586,0.08002589521104618,0.13337352819515919,0.7465334941127806,-0.0760241169170955,-1.5641297588910283,0.030380461372870687,0.030380461372870635,0.002295174163532865,0.08559857672623902,final,-1.5707963267948966,-0.00437139374033535
14.623298399965279,3508.544545976,odom,turning,1,4,,0.7768511557506004,-0.07715304965430636,-1.5799999879993827,-7.217744402213747,-6.65563827927228,3.016291727797715,2.967828001170755,1.0714006423950195,-1.4827762730637077,1.4827762730637077,0.08584145100030582,pixhawk_fused,True,0.8,0.2,gyro,-1.0,0.010286846198141575,-0.13521090149879456,0.0,0.0,0.005709582999770646,2,0.8273676398981079,0.0813569161145955,0.13559184707231406,0.7465423673882893,-0.07735510824338843,-1.5641297588910283,0.03030946188345789,0.03030946188345791,0.01587022910835434,0.08681941763996184,final,-1.5707963267948966,0.009203661204486124
14.623475899919868,,mission_status,navigating,1,4,correcting final position at waypoint 1/4,0.7768511557506004,-0.07715304965430636,-1.5799999879993827,,,,,,,,,,,,,,,,,,,,,,,,,,,,,,,,,
14.62354239996057,3508.66118469,odom,navigating,1,4,,0.7767960034444853,-0.07803876340118793,-1.6045612175665456,-7.218617764925051,-6.655480900135198,2.9917304982305515,2.95566675673348,1.1041128635406494,-1.5104348848679547,1.5104348848679547,0.014596012999845698,pixhawk_fused,True,0.8,0.2,gyro,-1.0,0.012864343822002411,-0.1690896898508072,0.05,-0.42802234370472925,0.007776587000080326,2,0.8282529662892475,0.08224224250573509,0.13706735826877334,0.7465482694330751,-0.078240414961264,-1.5641297588910283,0.03024840617580874,0.030248406175808717,0.04043145867551723,0.08762849153413999,,,
14.62367959995754,3508.781284392,odom,navigating,1,4,,0.7764604508582869,-0.08172951792704689,-1.6172255443239063,-7.222244805037793,-6.654720081806806,2.9790661714731907,2.904896928116276,1.1104966402053833,-1.5135869400122648,1.5135869400122648,0.08895841100002144,pixhawk_fused,True,0.8,0.2,gyro,-1.0,0.03876360133290291,-0.5095110535621643,0.05,-0.42460118213094067,0.027625322000403685,2,0.8319414018335415,0.08593067805002912,0.1432146142384263,0.7465728584569536,-0.08192876854305577,-1.5641297588910283,0.02988825656267375,0.02988825656267369,0.05309578543287796,0.0909801588836487,,,
14.966926499968395,3508.884290088,odom,navigating,1,4,,0.7758925817009729,-0.08568733722162845,-1.6581252339184473,-7.226110201343614,-6.653697574913267,2.93816648187865,2.8501064201583444,1.1515369415283203,-1.551024659029532,1.551024659029532,0.011468495999906736,pixhawk_fused,True,0.8,0.2,gyro,-1.0,0.043936487287282944,-0.5775037407875061,0.05,-0.41108731214108823,0.028872496000076353,2,0.8358953474692586,0.08988462368574628,0.1498043771937385,0.746599217508775,-0.0858826263162431,-1.5641297588910283,0.029294015148613805,0.029294015148613853,0.093995475027419,0.09453774324921999,,,
14.967074399930425,3509.003521701,odom,navigating,1,4,,0.7749745238364496,-0.09018113908661295,-1.754390968839032,-7.2304674074528155,-6.65226515026733,2.841900746958065,2.7872669116388296,1.2547521591186523,-1.6556266502061374,1.6556266502061374,0.023675290000028326,pixhawk_fused,True,0.8,0.2,gyro,-1.0,0.03842204064130783,-0.5050215721130371,0.05,-0.4105944343695061,0.04801630399970236,2,0.8403829292255487,0.09437220544203627,0.1572835139196968,0.7466291340556788,-0.09037010835181808,-1.5641297588910283,0.028346019671322813,0.028346019671322796,0.19026120994800366,0.09853735327885015,,,
14.967191300005652,3509.12110802,odom,navigating,1,4,,0.7738728995925173,-0.0942818104763719,-1.7660000199053698,-7.234412865819652,-6.650695933871429,2.8302916958917272,2.7290851973734647,1.2547521591186523,-1.6556266502061374,1.6556266502061374,0.14212156999974468,pixhawk_fused,True,0.8,0.2,gyro,-1.0,0.03601115942001343,-0.47333279252052307,0.05,-0.46188778287825144,0.01290499800006728,2,0.844476165493886,0.09846544171037368,0.16410542277063575,0.7466564216910826,-0.09446325366238144,-1.5641297588910283,0.027217082705334728,0.02721708270533478,0.20187026101434147,0.10215778385521113,,,
15.285004999954253,3509.22198562,odom,navigating,1,4,,0.7726862683030751,-0.09789448897592737,-1.8503113687315453,-7.237863769398159,-6.649098810128546,2.7459803470655517,2.6769764356031254,1.3490420579910278,-1.7479609946229941,1.7479609946229941,0.04792415700012498,pixhawk_fused,True,0.8,0.2,gyro,-1.0,0.0411473847925663,-0.5408436059951782,0.05,-0.44793882040698557,0.013659738999649562,2,0.8480808530149015,0.1020701292313891,0.1701131018031663,0.7466804524072127,-0.09806786108189977,-1.5641297588910283,0.026006393796461233,0.026006393796461275,0.286181609840517,0.10533111505917468,,,
15.285156199941412,3509.34108805,odom,navigating,1,4,,0.770948865445567,-0.10230190799425089,-1.90333232660495,-7.242040263998212,-6.646862562390014,2.6929593891921466,2.612065538918981,1.398428201675415,-1.7980173095086105,1.7980173095086105,0.05133875999990778,pixhawk_fused,True,0.8,0.2,gyro,-1.0,0.04366235435009003,-0.5739005208015442,0.05,-0.4978402655708978,0.03455337499963207,2,0.8524765916655126,0.10646586788200013,0.17743917008780943,0.7467097566803512,-0.10246350205268566,-1.5641297588910283,0.02423964740609235,0.024239647406092336,0.33920256771392165,0.10919039119922222,,,
15.285272100009024,3509.443124066,odom,navigating,1,4,,0.7690878805771154,-0.10628156517170327,-1.9153215989096104,-7.245777561006408,-6.644553115052839,2.680970116887486,2.551865765369073,1.398428201675415,-1.7980173095086105,1.7980173095086105,0.15306902399970568,pixhawk_fused,True,0.8,0.2,gyro,-1.0,0.04367543384432793,-0.5740724802017212,0.05,-0.5234613001091638,0.028345840999918437,2,0.8564437541189891,0.11043303033547673,0.18405096058322526,0.7467362038423329,-0.10643057634993515,-1.5641297588910283,0.022352173433191184,0.022352173433191142,0.35119184001858206,0.11267241830307798,,,
15.607048899983056,3509.543398773,odom,navigating,1,4,,0.7672353872598844,-0.10971396269207913,-1.9684749741402774,-7.248972265989667,-6.642315494821833,2.6278167416568197,2.498429510038334,1.4531471729278564,-1.8511005181291587,1.8511005181291587,0.07103905400026633,pixhawk_fused,True,0.8,0.2,gyro,-1.0,0.04110218957066536,-0.5402495861053467,0.05,-0.5031111448079312,0.032040065999808576,2,0.859863725685393,0.11385300190188065,0.18975078653250693,0.74675900314613,-0.10985047191950414,-1.5641297588910283,0.020476839139456707,0.020476839139456658,0.40434521524924905,0.11567976047352806,,,
15.607293599983677,3509.643703869,odom,navigating,1,4,,0.765041894207284,-0.11329114455053929,-2.025701173938236,-7.252271280400991,-6.639722399039919,2.5705905418588615,2.4409344270325306,1.5101662874221802,-1.9082600254037863,1.9082600254037863,0.04845373699981792,pixhawk_fused,True,0.8,0.2,gyro,-1.0,0.046244580298662186,-0.6078414916992188,0.05,-0.5185541634752492,0.02896738199979154,2,0.8634262050915065,0.11741548130799406,0.19568812027007887,0.7467827524810803,-0.11341287216204732,-1.5641297588910283,0.018259547480400384,0.018259547480400352,0.46157141504720767,0.11882679127611288,,,
15.607520999968983,3509.761178449,odom,navigating,1,4,,0.7620256435456534,-0.11756627952988824,-2.1094701859121123,-7.256168244033726,-6.636231235682158,2.486821529884985,2.369248582852032,1.5955915451049805,-1.9950281870582587,1.9950281870582587,0.09018119499978638,pixhawk_fused,True,0.8,0.2,gyro,-1.0,0.04373876750469208,-0.5749049186706543,0.05,-0.5904213680189838,0.007727903000159131,2,0.8676811371801154,0.12167041339660295,0.20277951616626913,0.746811118064665,-0.11766770969976147,-1.5641297588910283,0.015214863577797994,0.015214863577797966,0.545340427021084,0.12261803117727534,,,
15.926126200007275,3509.861248216,odom,navigating,1,4,,0.7591667446740173,-0.12109347647033182,-2.139739675425144,-7.259340531639901,-6.6329830034923924,2.4565520403719536,2.3070384725718,1.6186097860336304,-2.0173795473793037,2.0173795473793037,0.09483204399975875,pixhawk_fused,True,0.8,0.2,gyro,-1.0,0.04630700498819351,-0.6086620092391968,0.05,-0.5787352178529829,0.008214613999825815,2,0.8711891968387329,0.1251784730552205,0.20862615234016033,0.7468345046093606,-0.12117569140409618,-1.5641297588910283,0.012332514111391003,0.012332514111390991,0.5756099165341155,0.12578450230749502,,,
15.926276799989864,3509.980780598,odom,navigating,1,4,,0.7552218000225313,-0.1253161685820532,-2.249497264224992,-7.263077828648097,-6.628575472659124,2.346794451572105,2.2278492510385672,1.737222671508789,-2.134714449844647,2.134714449844647,0.10133790200006842,pixhawk_fused,True,0.8,0.2,gyro,-1.0,0.049095623195171356,-0.6453157663345337,0.05,-0.6233951223768406,0.0275475829998868,2,0.8753854960693865,0.12937477228587407,0.21561982897794,0.7468624793159118,-0.125371897386764,-1.5641297588910283,0.008359506467237874,0.008359506467237881,0.6853675053339636,0.12964456429946286,,,
15.926378099946305,3510.08122693,odom,navigating,1,4,,0.7517069949175353,-0.12857072505594497,-2.312624676529492,-7.265903333155702,-6.624707331368354,2.283667039267605,2.1622172875637014,1.8001102209091187,-2.1972199626186377,2.1972199626186377,0.023524627000369946,pixhawk_fused,True,0.8,0.2,gyro,-1.0,0.04651632159948349,-0.6114132404327393,0.05,-0.607783550631634,0.028034016000219708,2,0.878616548708873,0.13260582492536052,0.22100479704578996,0.7468840191881831,-0.12860287822747396,-1.5641297588910283,0.004823082905399795,0.004823082905399784,0.7484949176384637,0.13269350750073544,,,
16.267616100027226,3510.201818378,odom,navigating,1,4,,0.7470024022256706,-0.13232238191102602,-2.431526920264126,-7.269084770711706,-6.619599829373066,2.164764795532971,2.0797664361822186,1.9287428855895996,-2.3251890850284584,2.3251890850284584,0.01424505799968756,pixhawk_fused,True,0.8,0.2,gyro,-1.0,0.053793542087078094,-0.7070654630661011,0.05,-0.6605671326368014,0.04805128399993919,2,0.8823367589422549,0.1363260351587425,0.2272050096537884,0.7469088200386151,-0.13232300579227302,-1.5641297588910283,9.35842666365135e-05,9.358426663650272e-05,0.8673971613730977,0.13632606728031754,,,
16.268003599951044,3510.321307372,odom,navigating,1,4,,0.7420421893226732,-0.13565154228630133,-2.5015346053647614,-7.271816945731041,-6.614287368501579,2.0947571104323357,1.997906908725799,1.9950507879257202,-2.392245304546643,2.392245304546643,0.002050616999895283,pixhawk_fused,True,0.8,0.2,gyro,-1.0,0.04897020757198334,-0.6436672806739807,0.05,-0.6536313121376811,0.014078468999741744,2,0.8856327779874564,0.139622054203944,0.2326982526584138,0.7469307930106337,-0.13561895159504828,-1.5641297588910283,0.004888712322390988,-0.004888712322390942,0.937404846473733,0.13970761442491306,,,
16.268404499976896,3510.421623114,odom,navigating,1,4,,0.7390103959645782,-0.13740395164287583,-2.5110796365942925,-7.273206365612777,-6.611072991126186,2.0852120792028046,1.9499370362320987,1.9950507879257202,-2.392245304546643,2.392245304546643,0.10239206200003537,pixhawk_fused,True,0.8,0.2,gyro,-1.0,0.04107348248362541,-0.5398722887039185,0.05,-0.6586823805914358,0.01358773999982077,2,0.8873649368963178,0.14135421311280535,0.23558512002128743,0.7469423404800851,-0.13735107201277244,-1.5641297588910283,0.007932120778982156,-0.007932120778982182,0.9469498777032641,0.1415765944808419,,,
16.606462099938653,3510.541609781,odom,navigating,1,4,,0.7335258753226354,-0.14012362683089036,-2.5721869681278804,-7.275272424284464,-6.605310352723046,2.0241047476692167,1.866048003982309,2.0490777492523193,-2.447714708767224,2.447714708767224,0.0702813870002501,pixhawk_fused,True,0.8,0.2,gyro,-1.0,0.053917013108730316,-0.7086883783340454,0.05,-0.6570070459726554,0.03582115800008978,2,0.8900479889906685,0.14403726520715615,0.24005677414288462,0.7469602270965715,-0.14003406448573077,-1.5641297588910283,0.01343465031176963,-0.013434650311769662,1.008057209236852,0.144662447087543,,,
16.60662430000957,3510.661228272,odom,navigating,1,4,,0.7281599755373478,-0.14225694480267698,-2.628494306691632,-7.276769813574197,-6.599733458301462,1.967797409105465,1.78691976745841,2.10227108001709,-2.4983936613419537,2.4983936613419537,0.042840727000111656,pixhawk_fused,True,0.8,0.2,gyro,-1.0,0.0487917959690094,-0.6413221955299377,0.05,-0.6096507319921594,0.0077540870001939766,2,0.8921454876866557,0.1461347639031433,0.2435525276203157,0.7469742101104813,-0.14213151657218942,-1.5641297588910283,0.01881465266258971,-0.018814652662589706,1.0643645478006036,0.1473409663869534,,,
16.606725599966012,3510.761524366,odom,navigating,1,4,,0.7236414023773542,-0.14368575958823374,-2.7257755070986764,-7.277665593662586,-6.595079793817758,1.8705162086984206,1.7219783946868976,2.20737886428833,-2.60365678008585,2.60365678008585,0.09717261500009045,pixhawk_fused,True,0.8,0.2,gyro,-1.0,0.051457375288009644,-0.6763587594032288,0.05,-0.657571898567966,0.008411683000304038,2,0.8935441475701604,0.14753342378664802,0.24588357562566568,0.7469835343025026,-0.1435301453753994,-1.5641297588910283,0.023342650633427865,-0.023342650633427886,1.161645748207648,0.14936863952250806,,,
16.949492699932307,3510.881219502,odom,navigating,1,4,,0.718407882152012,-0.14494784794303645,-2.8096821646737906,-7.278312952613081,-6.589735308121865,1.7866095511233064,1.648213524786711,2.294840097427368,-2.6900744304874427,2.6900744304874427,0.11119832599979418,pixhawk_fused,True,0.8,0.2,gyro,-1.0,0.04651165008544922,-0.6113518476486206,0.05,-0.6589729371991152,0.02832387899979949,2,0.8947713185199649,0.14876059473645256,0.24792881509274564,0.746991715260371,-0.1447572890556474,-1.5641297588910283,0.02858446829759271,-0.028584468297592685,1.2455524057827623,0.15148196715846796,,,
16.949620299972594,3510.984068125,odom,navigating,1,4,,0.7138823857018483,-0.14571697244536602,-2.8699573785245676,-7.278552681298636,-6.585151183256872,1.7263343372725295,1.5853130596517522,2.3543028831481934,-2.7496993321993832,2.7496993321993832,0.09672751500011145,pixhawk_fused,True,0.8,0.2,gyro,-1.0,0.049095623195171356,-0.6453157663345337,0.05,-0.6689060001749448,0.02845315299964568,2,0.8955102566252958,0.1494995328417834,0.24916035123446462,0.7469966414049378,-0.14549621074067876,-1.5641297588910283,0.033114991567262345,-0.03311499156726238,1.3058276196335392,0.15312319545519984,,,
16.949714999995194,3511.10369567,odom,navigating,1,4,,0.7086805329937584,-0.14624347728436432,-2.9314081223458306,-7.2784730767351125,-6.579923359421315,1.6648835934512665,1.5136730602596327,2.4140443801879883,-2.8086282453158384,2.8086282453158384,0.03212510100001964,pixhawk_fused,True,0.8,0.2,gyro,-1.0,0.04354714974761009,-0.5723862648010254,0.05,-0.6085669930042193,0.047941916000127094,2,0.8960020715171417,0.14999134773362938,0.24998002450611537,0.7469999200980244,-0.1459880147036692,-1.5641297588910283,0.03832023863674025,-0.038320238636740306,1.3672783634548022,0.1548090600841154,,,
17.28881639998872,3511.204139853,odom,navigating,1,4,,0.7041418933219045,-0.14639831489908656,-2.9992942582268043,-7.27810113127451,-6.575397336737744,1.5969974575702928,1.45145143398609,2.483228921890259,-2.877915904126454,2.877915904126454,0.08751563000032547,pixhawk_fused,True,0.8,0.2,gyro,-1.0,0.048667922616004944,-0.6396940350532532,0.05,-0.6200845927123005,0.04885717100023612,2,0.8961266487656991,0.15011592498218673,0.25018764863989257,0.7470007505945596,-0.14611258918393552,-1.5641297588910283,0.042859809681123455,-0.042859809681123406,1.435164499335776,0.15611455479602032,,,
17.289173899916932,3511.326409685,odom,navigating,1,4,,0.6982708711178403,-0.14618299478781066,-3.052018818593954,-7.277207181176086,-6.569590778575419,1.5442728972031432,1.370950001362877,2.530543804168701,-2.9237791198709493,2.9237791198709493,0.06370619500012253,pixhawk_fused,True,0.8,0.2,gyro,-1.0,0.04895549267530441,-0.6434738636016846,0.05,-0.5838422344141938,0.01331339599983039,2,0.89587219416088,0.14986147037736766,0.2497635670557913,0.7469990542682232,-0.14585814023347476,-1.5641297588910283,0.048729265986866034,-0.04872926598686598,1.4878890597029255,0.15758490304367795,,,
17.2893409000244,3511.442446633,odom,navigating,1,4,,0.6927810841876372,-0.14554782691121093,-3.1180938441688726,-7.275940370622078,-6.5642115230701705,1.4781978716282245,1.2952243180886702,2.5950043201446533,-2.98747734012394,2.98747734012394,0.07138678499995876,pixhawk_fused,True,0.8,0.2,gyro,-1.0,0.04624919593334198,-0.6079021692276001,0.05,-0.5829742819922397,0.03256284899998718,2,0.8952004426323915,0.1491897188488791,0.248644006053834,0.7469945760242154,-0.1451864036323004,-1.5641297588910283,0.054214696567455485,-0.05421469656745545,1.5539640852778442,0.158735016723182,,,
17.61010129994247,3511.542937684,odom,navigating,1,4,,0.6883657101668171,-0.1447256390270908,3.0537535156603868,-7.2746122554042065,-6.559921111594731,1.3668599242778976,1.2336818569070023,2.717719793319702,-3.1111172787764554,3.1111172787764554,0.06270140500009802,pixhawk_fused,True,0.8,0.2,gyro,-1.0,0.04877232015132904,-0.6410662531852722,0.05,-0.5648896955474163,0.031643833999623894,2,0.8943488378458064,0.14833811406229408,0.24722469628272561,0.7469888987851309,-0.14433481776963536,-1.5641297588910283,0.058624491341364035,-0.05862449134136407,1.665302032628171,0.1595024359330974,,,
17.61024039995391,3511.64388491,odom,navigating,1,4,,0.6841514251935724,-0.1436727306469326,3.041961967908873,-7.273078266315152,-6.555857161377592,1.355068376526384,1.1741687373123486,2.717719793319702,-3.1111172787764554,3.1111172787764554,0.16369148100011444,pixhawk_fused,True,0.8,0.2,gyro,-1.0,0.046233031898736954,-0.6076896786689758,0.05,-0.5995059327865027,0.03128988000025856,2,0.8932678582539951,0.1472571344704827,0.24542310366465336,0.7469816924146586,-0.14325386219879202,-1.5641297588910283,0.06283166343373336,-0.06283166343373336,1.677093580379685,0.16010147276745387,,,
17.61035279999487,3511.764533466,odom,navigating,1,4,,0.6788406273742467,-0.14195777370193235,2.9535896102999875,-7.2707596690281475,-6.550780769211727,1.2666960189174983,1.0976956432671119,2.81141996383667,3.0807635036834156,-3.0807635036834156,0.09335830000009082,pixhawk_fused,True,0.8,0.2,gyro,-1.0,0.0463116355240345,-0.6087228655815125,0.05,-0.5984355468057804,0.0066179850000480656,2,0.8915175348858421,0.14550681110232963,0.2425059628756955,0.7469700238515028,-0.1415035777254173,-1.5641297588910283,0.06813091044702281,-0.06813091044702281,1.7654659379885702,0.16066752327558076,,,
17.957888299948536,3511.882484255,odom,navigating,1,4,,0.6736332882850609,-0.13982266129879603,2.8710202911427,-7.2680357289636595,-6.545855808715554,1.1841266997602107,1.020581418034864,2.896104335784912,2.9968480683096326,-2.9968480683096326,0.10377139599995644,pixhawk_fused,True,0.8,0.2,gyro,-1.0,0.046383537352085114,-0.609667956829071,0.05,-0.6226738418243088,0.027228386999922805,2,0.8893477551055705,0.14333703132205813,0.2388897436014451,0.7469555589744058,-0.13933384616086705,-1.5641297588910283,0.07332390005503417,-0.07332390005503416,1.8480352571458578,0.16100279148977917,,,
17.95801860000938,3512.00110862,odom,navigating,1,4,,0.6689557308857101,-0.13748297943998283,2.8079871823183495,-7.265169964676801,-6.541480760204183,1.1210935909358604,0.9489185181072762,2.956665515899658,2.935943934989778,-2.935943934989778,0.109304222999981,pixhawk_fused,True,0.8,0.2,gyro,-1.0,0.05122939497232437,-0.6733621954917908,0.05,-0.6217723599127711,0.04804361600008633,2,0.8869769422149072,0.1409662184313948,0.23493847658863093,0.7469397539063545,-0.13696308595317855,-1.5641297588910283,0.0779857559796788,-0.07798575597967883,1.9110683659702081,0.16110013306813165,,,
17.95811549993232,3512.111243267,odom,navigating,1,4,,0.6647641537936848,-0.13501338663176166,2.749852070516832,-7.262231458288792,-6.5376034689635825,1.062958479134343,0.8822567216368439,3.012723922729492,2.87990941770157,-2.87990941770157,0.038971802999640204,pixhawk_fused,True,0.8,0.2,gyro,-1.0,0.05016018822789192,-0.6593084335327148,0.05,-0.5949330616654581,0.005606361999980436,2,0.8844794610583704,0.13846873727485803,0.2307761004906219,0.7469231044019625,-0.13446566029437312,-1.5641297588910283,0.08216077634244996,-0.08216077634244992,1.9692034777717256,0.16100926796829973,,,
18.288214499945752,3512.226758838,odom,navigating,1,4,,0.6602361262396986,-0.13189029169187466,2.6739519706395196,-7.258604875673543,-6.533467691640276,0.9870583792570304,0.8068897682499131,3.088423013687134,2.8038780628569997,-2.8038780628569997,0.10491503499997634,pixhawk_fused,True,0.8,0.2,gyro,-1.0,0.048953041434288025,-0.6434416174888611,0.05,-0.6227767869462085,0.013446187999761605,2,0.8813262493387165,0.13531552555520412,0.22552086440625854,0.746902083457625,-0.13131251864375512,-1.5641297588910283,0.08666788310668823,-0.08666788310668828,2.045103577649038,0.16069104959043515,,,
18.288346800021827,3512.342962077,odom,navigating,1,4,,0.6558247062984998,-0.12832155674709617,2.6197064425315553,-7.25454916041125,-6.529499358398863,0.9328128511490661,0.7291309586809491,3.1367130279541016,2.7554093686469474,-2.7554093686469474,0.07198195499995563,pixhawk_fused,True,0.8,0.2,gyro,-1.0,0.04868003726005554,-0.6398532390594482,0.05,-0.6174624890738777,0.030898481999884098,2,0.8777281848837629,0.13171746110025048,0.21952422357187373,0.7468780968942875,-0.12771453414312423,-1.5641297588910283,0.09105541398198586,-0.09105541398198583,2.0993491057570024,0.16012675595954232,,,
18.288461999967694,3512.443186375,odom,navigating,1,4,,0.6524683589275333,-0.1251898647459426,2.508606751888357,-7.251049762098642,-6.526528369688956,0.8217131605058676,0.6662265757896138,-3.0233194828033447,2.6324438674577153,-2.6324438674577153,0.06833561800021926,pixhawk_fused,True,0.8,0.2,gyro,-1.0,0.04623764753341675,-0.6077503561973572,0.05,-0.6060250771916054,0.02731277400016552,2,0.8745741873215255,0.1285634635380131,0.21426767777897562,0.7468570707111158,-0.12456060666738536,-1.5641297588910283,0.09439080928720574,-0.09439080928720579,2.2104487964002013,0.15949353916313877,,,
18.625753499916755,3512.544053231,odom,navigating,1,4,,0.6494146336903941,-0.1219634632807139,2.447974682245343,-7.247491346609628,-6.523868936770772,0.761081090862854,0.6053554784611771,-2.963452100753784,2.5718708770998395,-2.5718708770998395,0.052793408000070485,pixhawk_fused,True,0.8,0.2,gyro,-1.0,0.046899981796741486,-0.6164560914039612,0.05,-0.6282731593135535,0.03138837799997418,2,0.8713274998358583,0.12531677605234595,0.20885665221320693,0.7468354266088528,-0.12131399132792414,-1.5641297588910283,0.09742295780091405,-0.09742295780091405,2.2710808660432145,0.15873098962342708,,,
18.62591980001889,3512.664707713,odom,navigating,1,4,,0.6459874425129677,-0.11781750540154777,2.4334227158328985,-7.242976303865854,-6.520945070302491,0.7465291244504093,0.5316364311213646,-2.963452100753784,2.5718708770998395,-2.5718708770998395,0.17316106299995226,pixhawk_fused,True,0.8,0.2,gyro,-1.0,0.04373439401388168,-0.5748474597930908,0.05,-0.6201140706985376,0.009389027999986865,2,0.8671587866525509,0.12114806286903847,0.20190895129933265,0.7468076358051974,-0.11714537077959958,-1.5641297588910283,0.10082243371607619,-0.10082243371607615,2.2856328324556596,0.15761350283955072,,,
18.626063099945895,3512.780906951,odom,navigating,1,4,,0.6428998677326814,-0.11346750735542106,2.3246964504070458,-7.238297934517608,-6.518382169355017,0.6378028590245566,0.4585392386431447,-2.8466169834136963,2.4543997162111677,-2.4543997162111677,0.10091733500030386,pixhawk_fused,True,0.8,0.2,gyro,-1.0,0.04908823221921921,-0.6452186107635498,0.05,-0.6462322509889007,0.02746038099985526,2,0.8627883018953599,0.11677757811184755,0.19462497190175815,0.746778499887607,-0.11277498314105489,-1.5641297588910283,0.10388094054332507,-0.10388094054332507,2.3943590978815124,0.1562954015888967,,,
18.9297575999517,3512.881943543,odom,navigating,1,4,,0.6404041421255625,-0.10938195988342803,2.266094172420569,-7.2339507933532206,-6.51637650035221,0.57920058103808,0.39293406791356217,-2.788753032684326,2.397520779503194,-2.397520779503194,0.02452511899991805,pixhawk_fused,True,0.8,0.2,gyro,-1.0,0.051684800535440445,-0.6793480515480042,0.05,-0.6306416594112362,0.029186524000124336,2,0.8586862074092952,0.11267548362578281,0.18778829968267818,0.7467511531987308,-0.1086729798096069,-1.5641297588910283,0.10634937431382303,-0.10634937431382299,2.4529613758679885,0.15493854919691769,,,
18.930234199971892,3512.983962592,odom,navigating,1,4,,0.6382907359237279,-0.10536375101276862,2.20360313698187,-7.229714824079271,-6.514742776810005,0.5167095455993809,0.3307125155129434,-2.7263174057006836,2.3349634660013594,-2.3349634660013594,0.013536020000174176,pixhawk_fused,True,0.8,0.2,gyro,-1.0,0.04392325505614281,-0.5773298144340515,0.05,-0.630317179359201,0.029520923000291077,2,0.8546539987675978,0.1086432749840854,0.1810681012825988,0.7467242724051304,-0.10464086076955927,-1.5641297588910283,0.10843594608877344,-0.10843594608877342,2.515452411306688,0.15349825928470648,,,
18.930552699952386,3513.083994635,odom,navigating,1,4,,0.6363739062759894,-0.10108402722928608,2.142412394353028,-7.225241871104716,-6.513334599531118,0.45551880297053904,0.2664577812656644,-2.665544271469116,2.274526110184995,-2.274526110184995,0.003290677999757463,pixhawk_fused,True,0.8,0.2,gyro,-1.0,0.05168739706277847,-0.6793821454048157,0.05,-0.7038280906934504,0.02646503500000108,1,0.6358227607873084,0.6358227607873084,0.852297079005288,0.6358136209379448,0.003409188316021152,0.005361878910097319,0.10449471763997482,-0.10449471763997481,-2.137050515442931,0.1518569498044488,,,
19.266408899915405,3513.203569235,odom,navigating,1,4,,0.6343361702077576,-0.09547529967073498,2.067590968845769,-7.2194348554448995,-6.511960277066603,0.3806973774632798,0.1846820966537186,-2.5925137996673584,2.2014130764134805,-2.2014130764134805,0.043673390000094514,pixhawk_fused,True,0.8,0.2,gyro,-1.0,0.053798895329236984,-0.7071358561515808,0.05,-0.7080664912356177,0.04829266600017945,1,0.6338151271851118,0.6338151271851118,0.8496059198326497,0.6338060161951566,0.0033984236793305985,0.005361878910097319,0.09887514466428042,-0.09887514466428042,-2.0622290899356717,0.1495464681243038,,,
19.266544500016607,3513.320215091,odom,navigating,1,4,,0.6327160496130538,-0.08952170450094285,2.0099974720937865,-7.213333668898039,-6.511040707108655,0.32310388071129736,0.10012170905329466,-2.5404343605041504,2.1504226379521767,-2.1504226379521767,0.048198983000020235,pixhawk_fused,True,0.8,0.2,gyro,-1.0,0.05668814480304718,-0.7451122999191284,0.05,-0.7137584271420329,0.012968811000064306,1,0.6322269521827997,0.6322269521827997,0.847477029520916,0.6322178640226033,0.003389908118083664,0.005361878910097319,0.09291294822763176,-0.09291294822763176,-2.0046355931836892,0.14689983876108834,,,
19.266651800018735,3513.420873618,odom,navigating,1,4,,0.6317874245778663,-0.08467120308446925,1.8893906060191803,-7.208408250904374,-6.51068019908534,0.20249701463669112,0.032452788537780504,-2.407188653945923,2.0168219503291525,-2.0168219503291525,0.04176625199988848,pixhawk_fused,True,0.8,0.2,gyro,-1.0,0.04897265508770943,-0.6436994671821594,0.05,-0.7193666448498146,0.012701502999789227,1,0.6313243481730757,0.6313243481730757,0.8462671219673807,0.631315272987666,0.003385068487869523,0.005361878910097319,0.08805753738519836,-0.08805753738519835,-1.884028727109083,0.1445928581950152,,,
19.610939399921335,3513.541651355,odom,navigating,1,4,,0.6310980258328767,-0.07864130741727234,1.873018090019316,-7.202339089181919,-6.510693924010085,0.1861244986368269,-0.05071524024272488,-2.407188653945923,2.0168219503291525,-2.0168219503291525,0.16221210699995936,pixhawk_fused,True,0.8,0.2,gyro,-1.0,0.05395200848579407,-0.7091483473777771,0.05,-0.7266256965577118,0.03449676299987914,1,0.630667290753569,0.630667290753569,0.8453863606075784,0.6306582250132535,0.003381545442430314,0.005361878910097319,0.0820240319418972,-0.0820240319418972,-1.8676562111092188,0.14153462247499157,,,
19.611172599950805,3513.64375181,odom,navigating,1,4,,0.6309092684200925,-0.07370912736141262,1.7224548194078035,-7.19741824616317,-6.511077764405468,0.03556122802531436,-0.1183421898137785,-2.235691785812378,1.845900579167215,-1.845900579167215,0.0024885310003810446,pixhawk_fused,True,0.8,0.2,gyro,-1.0,0.048806410282850266,-0.6415143013000488,0.05,-0.7304603399331033,0.03373165299990433,1,0.6305049816796465,0.6305049816796465,0.845168791249997,0.6304959182724977,0.003380675164999988,0.005361878910097319,0.07709091069578701,-0.07709091069578701,-1.7170929404977062,0.13886894890820825,,,
19.611342999967746,3513.764490843,odom,navigating,1,4,,0.6311083744264404,-0.0679873874688993,1.6865498657726719,-7.19175808719813,-6.51193831718701,-0.0003437256098173247,-0.19679525403272569,-2.2102811336517334,1.8204790694244781,-1.8204790694244781,0.07362296900009824,pixhawk_fused,True,0.8,0.2,gyro,-1.0,0.048891838639974594,-0.6426371932029724,0.05,-0.7369526414473596,0.009262031000162096,1,0.6307347639533332,0.6307347639533332,0.8454768059558999,0.6307256972431013,0.0033819072238236,0.005361878910097319,0.07137032062954023,-0.07137032062954021,-1.6811879868625745,0.135581228721134,,,
19.94939500000328,3513.884042905,odom,navigating,1,4,,0.631786199203171,-0.062101117425330865,1.620756241399098,-7.185989958825092,-6.513293424756881,-0.06613734998339127,-0.27800253603656705,-2.147491693496704,1.7584636525638977,-1.7584636525638977,0.012282030999813287,pixhawk_fused,True,0.8,0.2,gyro,-1.0,0.051684800535440445,-0.6793480515480042,0.05,-0.7493302068640748,0.02792011099973024,1,0.6314441403024176,0.6314441403024176,0.8464276989209322,0.6314350633950154,0.0033857107956837286,0.005361878910097319,0.06548776959711212,-0.06548776959711211,-1.6153943624890006,0.13196268418509496,,,
19.94955369993113,3514.001383466,odom,navigating,1,4,,0.6329373091613358,-0.05629598909937436,1.5000307154963999,-7.180357249709544,-6.515109232300709,-0.1868628758860893,-0.3591030065962551,-2.016335964202881,1.6280035067923941,-1.6280035067923941,0.03154372400013017,pixhawk_fused,True,0.8,0.2,gyro,-1.0,0.048650968819856644,-0.639471173286438,0.05,-0.7516767527017894,0.048157205000279646,1,0.6326263599595584,0.6326263599595584,0.8480124209891956,0.6326172660579399,0.0033920496839567825,0.005361878910097319,0.05968889680157,-0.059688896801569996,-1.4946688365863026,0.128135780955794,,,
19.949663699953817,3514.104205902,odom,navigating,1,4,,0.6341676555552884,-0.05182196058431762,1.4875035076098795,-7.1760558582943075,-6.516849552758437,-0.1993900837726097,-0.4226787282647388,-2.016335964202881,1.6280035067923941,-1.6280035067923941,0.13380265599971608,pixhawk_fused,True,0.8,0.2,gyro,-1.0,0.048660654574632645,-0.6395984888076782,0.05,-0.7533557583002293,0.04938423100020373,1,0.6338806777516716,0.6338806777516716,0.8496937879617127,0.6338715658194377,0.0033987751518468508,0.005361878910097319,0.055221529536721346,-0.055221529536721346,-1.4821416286997822,0.12499025781026984,,,
20.2886474999832,3514.210491641,odom,navigating,1,4,,0.6358035935984975,-0.04710533768284779,1.4145441089855189,-7.171560487942668,-6.519020835853174,-0.2723494823969703,-0.49108006127923337,-1.9427461624145508,1.5539306361802496,-1.5539306361802496,0.03811050800004523,pixhawk_fused,True,0.8,0.2,gyro,-1.0,0.05158375948667526,-0.6780199408531189,0.05,-0.7706895538645796,0.005039227999986906,1,0.6355418821182183,0.6355418821182183,0.8519205714563541,0.6355327463064402,0.0034076822858254167,0.005361878910097319,0.05051374609560444,-0.05051374609560443,-1.4091822300754215,0.12147017544847381,,,
20.28893529996276,3514.324770018,odom,navigating,1,4,,0.63824016781109,-0.041497126705734674,1.3039266917467323,-7.1662722744382314,-6.522090644021248,-0.3829668996357569,-0.5748660898144935,-1.8234421014785767,1.436737898064462,-1.436737898064462,0.04383718200006115,pixhawk_fused,True,0.8,0.2,gyro,-1.0,0.05668247491121292,-0.7450377941131592,0.05,-0.7814429610193392,0.013635479999720701,1,0.6380084917095256,0.6380084917095256,0.855226971100045,0.6379993204406336,0.0034209078844001798,0.005361878910097319,0.04491868028889993,-0.04491868028889992,-1.298564812836635,0.11697080820384079,,,
20.289108600001782,3514.442066302,odom,navigating,1,4,,0.641214803657907,-0.03598046643241072,1.287084354845587,-7.1611373225934525,-6.525684286817109,-0.39980923653690215,-0.6607463517223591,-1.8234421014785767,1.436737898064462,-1.436737898064462,0.16190002099983758,pixhawk_fused,True,0.8,0.2,gyro,-1.0,0.053943928331136703,-0.7090421319007874,0.05,-0.7867066266470669,0.034812181999768654,1,0.6410126643190724,0.6410126643190724,0.8592539542435456,0.641003449865685,0.003437015816974182,0.005361878910097319,0.03941804887746298,-0.03941804887746298,-1.2817224759354897,0.11215335513752636,,,
20.626769099966623,3514.56159442,odom,navigating,1,4,,0.6448515608615917,-0.03045798114730236,1.2133473326212838,-7.156073282859858,-6.529936268503261,-0.4735462587612054,-0.7513644583137977,-1.753747820854187,1.3670779377945341,-1.3670779377945341,0.10466579800004183,pixhawk_fused,True,0.8,0.2,gyro,-1.0,0.059184860438108444,-0.7779292464256287,0.05,-0.8011588551761086,0.006669465000413766,1,0.644678980000458,0.644678980000458,0.8641685158771789,0.6446697128443755,0.0034566740635087155,0.005361878910097319,0.03391514273550327,-0.03391514273550327,-1.2079854537111865,0.10685672278749773,,,
20.627018500003032,3514.682832922,odom,navigating,1,4,,0.6489769431211535,-0.025282456119211053,1.045229543986,-7.151410468426325,-6.534633395248659,-0.6416640473964892,-0.8420589374909953,-1.5669234991073608,1.1801264196761525,-1.1801264196761525,0.03659541600018201,pixhawk_fused,True,0.8,0.2,gyro,-1.0,0.05167960748076439,-0.6792798042297363,0.05,-0.8185510382746101,0.02994735700031015,1,0.6488320533638439,0.6488320533638439,0.8697355583217203,0.6488227265080033,0.0034789422332868816,0.005361878910097319,0.02876181179889129,-0.02876181179889129,-1.0398676650759027,0.10134562547288069,,,
20.627119199954905,3514.78427541,odom,navigating,1,4,,0.652700605754354,-0.021330608487098168,1.0064659382974648,-7.1479165600836145,-6.5387897599590845,-0.6804276530850244,-0.9164607566733748,-1.5373302698135376,1.1500734131463444,-1.1500734131463444,0.09190101800004413,pixhawk_fused,True,0.8,0.2,gyro,-1.0,0.05943154916167259,-0.7811717391014099,0.05,-0.8167333156696741,0.030046187000152713,1,0.6525768516969396,0.6525768516969396,0.8747553230700116,0.6525674710102286,0.0034990212922800462,0.005361878910097319,0.024829986706421708,-0.024829986706421704,-1.0011040593873675,0.09667686741372591,,,
20.96557739994023,3514.904229479,odom,navigating,1,4,,0.6574990303857311,-0.01700515790176621,0.9332885486744034,-7.144176060592977,-6.544056928578912,-0.7536050427080858,-1.0049807976875906,-1.4677493572235107,1.0806251021154796,-1.0806251021154796,0.031911177999973006,pixhawk_fused,True,0.8,0.2,gyro,-1.0,0.05635232850909233,-0.7406982779502869,0.05,-0.8373950750968341,0.04878587500024878,1,0.657398399782879,0.657398399782879,0.881218431350126,0.657388949787194,0.003524873725400504,0.005361878910097319,0.02053032674729362,-0.020530326747293617,-0.927926669764306,0.09095954200161672,,,
20.96571519994177,3515.004235094,odom,navigating,1,4,,0.661894572614382,-0.01365249434766426,0.8033536697588419,-7.141355131060288,-6.548811242510749,-0.8835399216236473,-1.0807331531834314,-1.3241736888885498,0.9374649368651782,-0.9374649368651782,0.025139122999917163,pixhawk_fused,True,0.8,0.2,gyro,-1.0,0.05651550740003586,-0.7428431510925293,0.05,-0.8590341520894689,0.0487149320001663,1,0.6618118553161877,0.6618118553161877,0.8871345065385967,0.6618023418777932,0.0035485380261543868,0.005361878910097319,0.01720127963943174,-0.01720127963943174,-0.7979917908487446,0.08593796292914896,,,
20.96585319994483,3515.120856338,odom,navigating,1,4,,0.6675116013431975,-0.01006664113284124,0.7854693790022225,-7.138444074521769,-6.554805832142087,-0.9014242123802667,-1.1720493719942238,-1.3241736888885498,0.9374649368651782,-0.9374649368651782,0.14294654200011792,pixhawk_fused,True,0.8,0.2,gyro,-1.0,0.05668814480304718,-0.7451122999191284,0.05,-0.8588567356790513,0.011545808999926521,1,0.6674480301197228,0.6674480301197228,0.8946895920405187,0.6674384356622269,0.0035787583681620746,0.005361878910097319,0.01364559565423413,-0.013645595654234129,-0.7801075000921252,0.07973894353745409,,,
21.312370599946007,3515.241758496,odom,navigating,1,4,,0.6732512495915057,-0.007093822446320716,0.6505954541314232,-7.136156129566697,-6.560851203994983,-1.036298137251066,-1.2606266710097274,-1.1784422397613525,0.7913493328221713,-0.7913493328221713,0.0680997889999162,pixhawk_fused,True,0.8,0.2,gyro,-1.0,0.05395739525556564,-0.7092191576957703,0.05,-0.7388830782300101,0.035345057000085944,1,0.6732035356789566,0.6732035356789566,0.9024046360415537,0.6731938584869991,0.003609618544166215,0.005361878910097319,0.010703594852931996,-0.010703594852931996,-0.6452335752213259,0.0735897654736573,,,
21.312507499940693,3515.361598309,odom,navigating,1,4,,0.6787696729635231,-0.004810985855107336,0.578204761888792,-7.13452789599439,-6.566596914990937,-1.1086888294936972,-1.3424671512367958,-1.1093549728393555,0.7212630921133434,-0.7212630921133434,0.07216598500008331,pixhawk_fused,True,0.8,0.2,gyro,-1.0,0.04888695105910301,-0.6425729393959045,0.05,-0.6294662286218918,0.008247278999988339,1,0.6787341199592531,0.6787341199592531,0.9098181813217708,0.678724363266041,0.0036392727252870832,0.005361878910097319,0.008450380053241122,-0.008450380053241122,-0.5728428829786947,0.06780523833134532,,,
21.312602399964817,3515.467984675,odom,navigating,1,4,,0.6834652686635521,-0.0032689461798324215,0.5650112113929935,-7.133540158910206,-6.5714395259386365,-1.1218823799894957,-1.4101780508838673,-1.1093549728393555,0.7212630921133434,-0.7212630921133434,0.17769472400004815,pixhawk_fused,True,0.8,0.2,gyro,-1.0,0.04940790310502052,-0.6494203805923462,0.05,-0.6581033783444248,0.012512710999999399,1,0.6834379163512485,0.6834379163512485,0.9161234477771099,0.683428092041724,0.0036644937911084396,0.005361878910097319,0.006933539639451913,-0.006933539639451911,-0.5596493324828962,0.06295577973377046,,,
21.645835499977693,3515.583735218,odom,navigating,1,4,,0.6891642381706954,-0.0018549295389310716,0.4966111518533707,-7.132795810491509,-6.5772639265031305,-1.1902824395291185,-1.4906337747004672,-1.0428828001022339,0.6557549445160304,-0.6557549445160304,0.11078481399999873,pixhawk_fused,True,0.8,0.2,gyro,-1.0,0.05426358804106712,-0.7132437825202942,0.05,-0.6413456784264953,0.028380228000060015,1,0.6891443856863031,0.6891443856863031,0.923772760519041,0.6891344793472046,0.003695091042076164,0.005361878910097319,0.00555010036280241,-0.00555010036280241,-0.49124927294327336,0.05713653842002757,,,
21.645985599956475,3515.683774425,odom,navigating,1,4,,0.6940728325436999,-0.0010176370016836689,0.34512245571034583,-7.132532749433887,-6.582236466738421,-1.3417711356721433,-1.5588634635956014,-0.8728484511375427,0.4841085205801402,-0.4841085205801402,0.024192553000375483,pixhawk_fused,True,0.8,0.2,gyro,-1.0,0.051372602581977844,-0.6752445101737976,0.05,-0.6126480922532731,0.029026877999967837,1,0.6940573989387425,0.6940573989387425,0.9303584744984894,0.6940474219758731,0.0037214338979939575,0.005361878910097319,0.004739139024034702,-0.004739139024034702,-0.3397605768002485,0.05216902722032775,,,
21.646085200016387,3515.800977135,odom,navigating,1,4,,0.6997247086582226,-0.00047549751639827664,0.30844431097835634,-7.132648953796732,-6.587913095613156,-1.3784492804041328,-1.6366641910772197,-0.8457861542701721,0.4574387441404735,-0.4574387441404735,0.03370742999959475,pixhawk_fused,True,0.8,0.2,gyro,-1.0,0.048655807971954346,-0.6395347714424133,0.05,-0.47695523773945914,0.04760290299964254,1,0.699712100680804,0.699712100680804,0.9379383946816507,0.6997020424325114,0.003751753578726603,0.005361878910097319,0.004227311862049272,-0.0042273118620492715,-0.303082432068259,0.04649121064013787,,,
21.986273300019093,3515.920837613,odom,navigating,1,4,,0.7039156882964237,-0.000364889390973025,0.19904014306062945,-7.133024559237267,-6.592088675218225,-1.4878534483218597,-1.6941135932115472,-0.7255977988243103,0.3353749579914485,-0.3353749579914485,0.04121283799986486,pixhawk_fused,True,0.8,0.2,gyro,-1.0,0.028180371969938278,-0.370404452085495,0.0,-0.75,0.012681521000104112,1,0.7039036131388838,0.7039036131388838,0.9435569633220878,0.7038934946382776,0.0037742278532883512,0.005361878910097319,0.004139176744257703,-0.004139176744257703,-0.19367826415053213,0.04231006441686419,,,
21.986403499962762,3516.02134116,odom,navigating,1,4,,0.7065315128841597,-0.000420936396482427,0.16331301206973858,-7.133383237270616,-6.5946803985076645,-1.5235805793127506,-1.729964044199809,-0.6904061436653137,0.29967804278215515,-0.29967804278215515,0.03548307199980627,pixhawk_fused,True,0.8,0.2,gyro,-1.0,0.025640223175287247,-0.33701658248901367,0.0,-0.75,0.02134980800019548,1,0.7065190996087475,0.7065190996087475,0.9470629269583729,0.7065089435109462,0.0037882517078334918,0.005361878910097319,0.004209248611584007,-0.004209248611584007,-0.15795113315964127,0.03971531384535432,,,
21.986519999918528,3516.140963069,odom,navigating,1,4,,0.709684230764777,-0.0006138089744721492,0.12298356478800576,-7.133940011717791,-6.59778955146001,-1.5639100265944834,-1.7732456382541226,-0.6493226289749146,0.26007170860251533,-0.26007170860251533,0.03363570999999865,pixhawk_fused,True,0.8,0.2,gyro,-1.0,0.030789747834205627,-0.40470224618911743,0.0,-0.75,0.012227791999976034,1,0.7096707380151022,0.7096707380151022,0.9512875825911641,0.7096605366130084,0.0038051503303646564,0.005361878910097319,0.004419022827575324,-0.004419022827575325,-0.11762168587790844,0.03660768127591374,,,
22.331510299933143,3516.262555486,odom,navigating,1,4,,0.712484159037612,-0.0009017144553600392,0.09309812603976297,-7.1345503133714745,-6.600537281394057,-1.5937954653427262,-1.811804621935193,-0.6209996938705444,0.2323083219655429,-0.2323083219655429,0.0755623459999697,pixhawk_fused,True,0.8,0.2,gyro,-1.0,0.02585148811340332,-0.33979347348213196,0.0,-0.75,0.00466745899984744,1,0.7124690823324918,0.7124690823324918,0.9550386604619987,0.712458840704651,0.003820154641847995,0.005361878910097319,0.004721936974288426,-0.004721936974288426,-0.08773624712966566,0.03387238403209866,,,
22.331708499928936,3516.362570656,odom,navigating,1,4,,0.7149760213106617,-0.0012494982187933323,0.061207323186493134,-7.135184404894716,-6.602972083043906,-1.625686268195996,-1.8462742088017077,-0.5900574922561646,0.20104770736178504,-0.20104770736178504,0.002937426999778836,pixhawk_fused,True,0.8,0.2,gyro,-1.0,0.025663241744041443,-0.33731916546821594,0.0,-0.75,0.012072759000147926,1,0.7149590440199333,0.7149590440199333,0.9583763627336407,0.714948766599296,0.0038335054509345628,0.005361878910097319,0.00508307673813399,-0.0050830767381339894,-0.05584544427639582,0.03146497235443929,,,
22.33187489991542,3516.48450262,odom,navigating,1,4,,0.7183288302894509,-0.001854761644241379,-0.003528181862371138,-7.136173971968866,-6.606232210168451,-1.6904217732448603,-1.8929546127849504,-0.5199381709098816,0.1318930274375354,-0.1318930274375354,0.010006994999912422,pixhawk_fused,True,0.8,0.2,gyro,-1.0,0.028442353010177612,-0.37384796142578125,0.0,-0.75,0.006440249000206677,1,0.7183085594689901,0.7183085594689901,0.9628662652809783,0.7182982338996098,0.0038514650611239133,0.005361878910097319,0.005706308732630522,-0.005706308732630522,0.008890060772468457,0.028283773918289047,,,
22.668149999924935,3516.603363049,odom,navigating,1,4,,0.7213129158073645,-0.0025329651039377316,-0.011761591048719655,-7.137193276379964,-6.609117646847444,-1.6986551824312088,-1.9348819107438093,-0.5199381709098816,0.1318930274375354,-0.1318930274375354,0.12869431599983727,pixhawk_fused,True,0.8,0.2,gyro,-1.0,0.0258449949324131,-0.3397081196308136,0.0,-0.75,0.030818019999969692,1,0.7212889656637539,0.7212889656637539,0.9668613904175826,0.7212785972515166,0.00386744556167033,0.005361878910097319,0.006400502671798905,-0.0064005026717989045,0.017123469958816973,0.025536870579292676,,,
22.66829639999196,3516.703447013,odom,navigating,1,4,,0.7239325741349973,-0.0032380083466524157,-0.062297830369372864,-7.138197025876351,-6.611638000528208,-1.749191421751862,-1.9720562688616685,-0.46469390392303467,0.07809868635019408,-0.07809868635019408,0.030715095999767072,pixhawk_fused,True,0.8,0.2,gyro,-1.0,0.025649169459939003,-0.3371341824531555,0.0,-0.75,0.013685680999969918,1,0.7239048059958423,0.7239048059958423,0.9703678283931947,0.7238943999813232,0.003881471313572779,0.005361878910097319,0.007119582003065137,-0.007119582003065137,0.06765970927947018,0.023224126445005377,,,
22.668394399923272,3516.824635068,odom,navigating,1,4,,0.7270405883006515,-0.004212662760622474,-0.11060976708436998,-7.139525141094222,-6.614612191720555,-1.7975033584668592,-2.016676684401825,-0.41455361247062683,0.02888496394237624,-0.02888496394237624,0.0511291490001895,pixhawk_fused,True,0.8,0.2,gyro,-1.0,0.025674767792224884,-0.3374706506729126,0.0,-0.75,0.00991886700012401,1,0.7270075495303894,0.7270075495303894,0.9745269422445493,0.7269970989144338,0.003898107768978197,0.005361878910097319,0.008110887122291391,-0.008110887122291391,0.1159716459944673,0.02066173084727187,,,
22.9874289999716,3516.928189872,odom,navigating,1,4,,0.7294588804418595,-0.00507890850523636,-0.1437318142206494,-7.140665682340573,-6.6169138616003735,-1.8306254056031386,-2.0518710857116984,-0.3831254541873932,-0.0037307501606072407,0.0037307501606072407,0.037656666000202677,pixhawk_fused,True,0.8,0.2,gyro,-1.0,0.028433779254555702,-0.373735249042511,0.0,-0.75,0.004394631999730336,1,0.7294211622265057,0.7294211622265057,0.9777623014949837,0.7294106769152578,0.003911049205979935,0.005361878910097319,0.008990086942262245,-0.008990086942262245,0.14909369313074672,0.018868895460072702,,,
22.987574599916115,3517.040746862,odom,navigating,1,4,,0.7324332183712539,-0.006277803412862493,-0.15232806822486533,-7.1422010439221015,-6.619729301163165,-1.8392216596073545,-2.095797327012624,-0.3831254541873932,-0.0037307501606072407,0.0037307501606072407,0.1511725209998076,pixhawk_fused,True,0.8,0.2,gyro,-1.0,0.030779002234339714,-0.40456101298332214,0.0,-0.75,0.009832127999743534,1,0.7323890291017547,0.7323890291017547,0.9817406181339149,0.7323785011279005,0.00392696247253566,0.005361878910097319,0.01020491257936618,-0.010204912579366182,0.15768994713496265,0.017020305718627136,,,
22.987682799925096,3517.141187983,odom,navigating,1,4,,0.7349546431598271,-0.007416210686328847,-0.22332924063484771,-7.143623861120717,-6.622101883154169,-1.910222832017337,-2.1337001267585447,-0.3043191730976105,-0.08278318001547708,0.08278318001547708,0.03303761300003316,pixhawk_fused,True,0.8,0.2,gyro,-1.0,0.028283171355724335,-0.3717556595802307,0.0,-0.75,0.02328485299995009,2,0.7573530467087534,0.011342322925240976,0.018903451470036376,0.7460756138058802,-0.0073420708820218245,-1.5641297588910283,0.011121217775988273,-0.011121217775988249,-1.3408005182561806,0.015884891380220516,,,
23.32586550002452,3517.242044706,odom,navigating,1,4,,0.7374735180598317,-0.008670986055744886,-0.230875094979486,-7.145161967687194,-6.624458452732969,-1.9177686863619752,-2.1722590693313872,-0.3043191730976105,-0.08278318001547708,0.08278318001547708,0.13355649200002517,pixhawk_fused,True,0.8,0.2,gyro,-1.0,0.02843092381954193,-0.3736977279186249,0.0,-0.75,0.03126821200021368,2,0.7586245863213809,0.012613862537868496,0.021022637065258927,0.7460840905482611,-0.008613582239155355,-1.5641297588910283,0.008610763832358615,-0.008610763832358566,-1.3332546639115423,0.015272680900905928,,,
23.326187699916773,3517.364222403,odom,navigating,1,4,,0.7403588034050315,-0.010263484054349417,-0.26340697492195675,-7.147077967181665,-6.627139845530746,-1.950300566304446,-2.217417531092011,-0.27483776211738586,-0.11225882499137772,0.11225882499137772,0.10469542400005594,pixhawk_fused,True,0.8,0.2,gyro,-1.0,0.02640307880938053,-0.34704360365867615,0.0,-0.75,0.02602571200031889,2,0.7602362837405199,0.014225559957007432,0.023708739739983158,0.7460948349589599,-0.010225243843989894,-1.5641297588910283,0.005736159019880026,-0.00573615901988006,-1.3007227839690716,0.015338516107882297,,,
23.326362899970263,3517.481217339,odom,navigating,1,4,,0.7431458315441638,-0.01196923315765136,-0.33043588845988836,-7.14909507362176,-6.629710523935576,-2.0173294798423775,-2.262175303615655,-0.20232120156288147,-0.18468481616893662,0.18468481616893662,0.11279735500011157,pixhawk_fused,True,0.8,0.2,gyro,-1.0,0.02816915325820446,-0.3702569901943207,0.0,-0.75,0.014540252999722725,2,0.7619605747142646,0.01594985093075214,0.026582494169057686,0.7461063299766763,-0.01194949650143461,-1.5641297588910283,0.002960564220635533,-0.002960564220635508,-1.23369387043114,0.016222289764941385,,,
23.628007999970578,3517.581748477,odom,navigating,1,4,,0.745281876513185,-0.013397161677296654,-0.36655313861124217,-7.150760821988371,-6.6316667832093,-2.0534467299937313,-2.297369795444543,-0.16650444269180298,-0.2210263119212712,0.2210263119212712,0.0981470859996989,pixhawk_fused,True,0.8,0.2,gyro,-1.0,0.025702983140945435,-0.3378415107727051,0.0,-0.75,0.022774773000037385,2,0.7634027114865756,0.01739198770306315,0.02898600204555001,0.7461159440081822,-0.013391601227330005,-1.5641297588910283,0.0008340860296244324,-0.0008340860296244764,-1.1975766202797862,0.01741197679094234,,,
23.62817439995706,3517.683885427,odom,navigating,1,4,,0.7474838272363735,-0.014987364858225938,-0.43110362914814715,-7.1525953869293515,-6.633669707227158,-2.1179972205306363,-2.3345744871979375,-0.09683012217283249,-0.2922434966138925,0.2922434966138925,0.009725556999910623,pixhawk_fused,True,0.8,0.2,gyro,-1.0,0.028439493849873543,-0.37381038069725037,0.0,-0.75,0.030456195000169828,2,0.7650075586761181,0.018996834892605733,0.03166068792465073,0.7461266427516986,-0.014996412754790439,-1.5641297588910283,0.0013572146439950377,0.0013572146439950372,-1.1330261297428812,0.019045255774780164,,,
23.628273000009358,3517.785458168,odom,navigating,1,4,,0.7495361764521915,-0.016586263457303033,-0.46645687037222405,-7.154421259417993,-6.635523029565291,-2.1533504617547132,-2.3702227930124833,-0.06133429706096649,-0.3275245929829206,0.3275245929829206,0.004435835000094812,pixhawk_fused,True,0.8,0.2,gyro,-1.0,0.023922452703118324,-0.3144381046295166,0.0,-0.75,0.03189340000017182,2,0.7666201037693634,0.020609379985851023,0.03434820335815793,0.7461373928134326,-0.016608922014894757,-1.5641297588910283,0.003398859166445014,0.0033988591664449955,-1.0976728885188043,0.02088776644436939,,,
23.974222299992107,3517.901320908,odom,navigating,1,4,,0.7521847733277417,-0.018830935504351443,-0.4757694735120799,-7.15695762551096,-6.637893781566328,-2.162663064894569,-2.4177844683689695,-0.06133429706096649,-0.3275245929829206,0.3275245929829206,0.12121381199995085,pixhawk_fused,True,0.8,0.2,gyro,-1.0,0.030772868543863297,-0.4044803977012634,0.0,-0.75,0.01442360800001552,2,0.7688823828566055,0.02287165907309307,0.03811858471823983,0.746152474338873,-0.0188711508309439,-1.5641297588910283,0.006032433038467918,0.006032433038467958,-1.0883602853789485,0.023653816544469106,,,
23.97437790001277,3518.003842663,odom,navigating,1,4,,0.753925847613565,-0.020438499628603293,-0.5157004521668336,-7.15875604815011,-6.639436920605212,-2.2025940435493228,-2.4718578373959414,-0.024335723370313644,-0.3640336419216718,0.3640336419216718,0.045168258999638056,pixhawk_fused,True,0.8,0.2,gyro,-1.0,0.007677909452468157,-0.6391531229019165,0.0,-0.75,0.02316079999991416,2,0.770501518162378,0.024490794378865616,0.04081708359521865,0.7461632683343808,-0.020490250157131188,-1.5641297588910283,0.007762751779029228,0.007762751779029203,-1.0484293067241948,0.025691619732720175,,,
23.974492899957113,3518.128433929,odom,navigating,1,4,,0.755630045790014,-0.022223549196641795,-0.6162003211906169,-7.160726489846071,-6.640922872457658,-2.303093912573106,-2.534144203607532,0.08334660530090332,-0.47380676441112424,0.47380676441112424,0.009589670999957889,pixhawk_fused,True,0.8,0.2,gyro,-1.0,0.005170297343283892,-0.6116282343864441,0.0,-0.75,0.004646460000003572,2,0.7722978891326815,0.02628716534916909,0.043810968682350605,0.7461752438747294,-0.022286581209410364,-1.5641297588910283,0.009455012019659344,0.00945501201965939,-0.9479294377004115,0.02793586072392364,,,
24.308393199928105,3518.243939661,odom,navigating,1,4,,0.756637158189104,-0.023438147768609502,-0.6306892952443586,-7.162049572591536,-6.641782510244217,-2.3175828866268477,-2.60850405837835,0.08334660530090332,-0.47380676441112424,0.47380676441112424,0.1251229939998666,pixhawk_fused,True,0.8,0.2,gyro,-1.0,0.01796068623661995,-0.5733281970024109,0.0,-0.75,0.020498883999607642,2,0.7735191746479332,0.02750845086442082,0.04584639930981433,0.7461833855972393,-0.023507839585888597,-1.5641297588910283,0.010454004895341228,0.010454004895341264,-0.9334404636466698,0.0294278964133027,,,
24.308799499995075,3518.361234922,odom,navigating,1,4,,0.7578786129402265,-0.025157407753453667,-0.6764668831568077,-7.163901064939703,-6.642816454575044,-2.363360474539297,-2.6741092685541865,0.12468178570270538,-0.5148370948306646,0.5148370948306646,0.0905567890004022,pixhawk_fused,True,0.8,0.2,gyro,-1.0,0.023052461445331573,-0.5049914121627808,0.0,-0.75,0.010590517000309774,2,0.7752466726093679,0.029235948825855413,0.04872549859959864,0.7461949019943984,-0.025235299159759184,-1.5641297588910283,0.011683970580964312,0.01168397058096434,-0.8876628757342206,0.03148421624060026,,,
24.309070999966934,3518.46214866,odom,navigating,1,4,,0.7583402499742136,-0.025920671903754633,-0.7778809615315252,-7.1647126654896525,-6.64318657004568,-2.4647745529140144,-2.7470958644298364,0.23421147465705872,-0.6230658511988248,0.6230658511988248,0.08604051200018148,pixhawk_fused,True,0.8,0.2,gyro,-1.0,0.015369582921266556,-0.7407352328300476,0.0,-0.75,0.013956212000266532,2,0.7760129973106468,0.030002273527134363,0.05000267805361326,0.7462000107122144,-0.026001606832167956,-1.5641297588910283,0.012140509042096329,0.012140509042096303,-0.7862487973595031,0.03236554304500714,,,
24.65055040002335,3518.580972772,odom,navigating,1,4,,0.7589925522616496,-0.027193230566343915,-0.8509878020528854,-7.166052218144812,-6.643687072301399,-2.5378813934353746,-2.8289630765521223,0.30514034628868103,-0.6940667312018003,0.6940667312018003,0.09152626600007352,pixhawk_fused,True,0.8,0.2,gyro,-1.0,0.01541562844067812,-0.6078312993049622,0.0,-0.75,0.010329597999771067,2,0.7772898762803794,0.03127915249686694,0.052130762379596865,0.7462085230495183,-0.027278457427758116,-1.5641297588910283,0.012784313298512854,0.012784313298512817,-0.713141956838143,0.03379088704720238,,,
24.650792600004934,3518.701279903,odom,navigating,1,4,,0.7594645482078699,-0.0283375830736122,-0.9767090062206569,-7.16724354161272,-6.644023332957664,-2.663602597603146,-2.91758231801589,0.44001051783561707,-0.8287408981792058,0.8287408981792058,0.015683538999837765,pixhawk_fused,True,0.8,0.2,gyro,-1.0,1.6877195321285399e-06,-0.883529543876648,0.0,-0.75,0.0025379749999956402,2,0.778437349928158,0.03242662614464562,0.054043175961620595,0.7462161727038464,-0.028425905576972357,-1.5641297588910283,0.013248669909096872,0.013248669909096828,-0.5874207526703714,0.035028750155905126,,,
24.65106259996537,3518.804233646,odom,navigating,1,4,,0.7598888533927598,-0.029649627893143155,-0.9895808037380318,-7.168595904197643,-6.644292798980167,-2.676474395120521,-2.9839160798832984,0.44001051783561707,-0.8287408981792058,0.8287408981792058,0.11761177000016687,pixhawk_fused,True,0.8,0.2,gyro,-1.0,0.020685087889432907,-0.6796790957450867,0.0,-0.75,0.02855244500005938,2,0.7797521942304839,0.03374147044697155,0.056234534435849894,0.7462249381377434,-0.029740720661509932,-1.5641297588910283,0.013664218894203915,0.013664218894203896,-0.5745489551529965,0.03640326504467111,,,
24.972453400027007,3518.924634682,odom,navigating,1,4,,0.7600281115419522,-0.030275000537546212,-1.0588859465509417,-7.169233198203325,-6.6443586786189455,-2.745779537933431,-3.0697086225420773,0.5052698850631714,-0.8941160639993276,0.8941160639993276,0.06393870400006563,pixhawk_fused,True,0.8,0.2,gyro,-1.0,0.0025607054121792316,-0.8414514064788818,0.0,-0.6696934103544374,0.01135838700020031,2,0.7803784813452115,0.03436775756169909,0.05727832309868322,0.7462291132923947,-0.03036699385920993,-1.5641297588910283,0.013799304890555898,0.013799304890555888,-0.5052438123400866,0.037034626706397955,,,
24.972623099922203,3519.024974859,odom,navigating,1,4,,0.7600570772537749,-0.03051942428990917,-1.1810002258809575,-7.16947933185376,-6.644359136116437,-2.8678938172634467,3.1397424062349444,0.6422151327133179,-1.027816601025256,1.027816601025256,0.053058581999721355,pixhawk_fused,True,0.8,0.2,gyro,-1.0,0.01027208473533392,-0.6076408624649048,0.0,-0.5098077002033169,0.010133621000022686,2,0.7806230927665709,0.03461236898305856,0.05768599974156871,0.7462307439989663,-0.030611599844941228,-1.5641297588910283,0.013826640503244916,0.013826640503244916,-0.3831295330100708,0.037271867061167835,,,
24.972732899943367,3519.125464662,odom,navigating,1,4,,0.7601166563295142,-0.031255420827477245,-1.1908139239230895,-7.170217275307576,-6.64433305875942,-2.8777075153055787,3.0889954902572665,0.6422151327133179,-1.027816601025256,1.027816601025256,0.15322663400002057,pixhawk_fused,True,0.8,0.2,gyro,-1.0,0.017932964488863945,-0.4377507269382477,0.0,-0.4961692903757376,0.008209242000248196,2,0.7813594701342176,0.035348746350705215,0.05891326808198637,0.746235653072328,-0.03134796084919182,-1.5641297588910283,0.013881311720497936,0.01388131172049797,-0.37331583496793885,0.03797663339012727,,,
25.311164199956693,3519.243182819,odom,navigating,1,4,,0.7601293604104401,-0.03169611344112583,-1.258504251280169,-7.170656472899432,-6.644294628970133,-2.945397842662658,3.03953794292901,0.7146888375282288,-1.0998639215103712,1.0998639215103712,0.07117985800005044,pixhawk_fused,True,0.8,0.2,gyro,-1.0,-0.002584499539807439,-0.37367895245552063,0.0,-0.4092187525127881,0.029119079000338388,2,0.7818002376470142,0.03578951386350185,0.059647864279135536,0.7462385914571166,-0.03178871856748132,-1.5641297588910283,0.013891077633648304,0.013891077633648339,-0.3056255076108594,0.03839077155267704,,,
25.311388699919917,3519.343247782,odom,navigating,1,4,,0.7601261598702558,-0.032138660878738665,-1.3214624404181023,-7.171095670491288,-6.644240186768642,-3.0083560318005915,3.000914140956303,0.7826956510543823,-1.1686728910974586,1.1686728910974586,0.06510119399990799,pixhawk_fused,True,0.8,0.2,gyro,-1.0,0.01292145811021328,-0.3736652731895447,0.0,-0.3282396615964404,0.028484373000082996,2,0.782242753914107,0.03623203013059456,0.06038537500201164,0.7462415415000081,-0.03223122500120698,-1.5641297588910283,0.013884926913894351,0.013884926913894407,-0.242667318472926,0.03880143299916256,,,
25.311535999993794,3519.465261036,odom,navigating,1,4,,0.7601189226613078,-0.032238533487909504,-1.3596835911730354,-7.171194032451964,-6.64422142937149,-3.0465771825555246,2.9671349903657624,0.8243532776832581,-1.207966221051606,1.207966221051606,0.07420646899981875,pixhawk_fused,True,0.8,0.2,gyro,-1.0,0.0025609596632421017,-0.03366140276193619,0.0,-0.2746163503063405,0.013844843999777368,2,0.782342576056973,0.03633185227346056,0.060551741543128465,0.7462422069661725,-0.03233104492587707,-1.5641297588910283,0.013877024063168885,0.01387702406316887,-0.20444616771799295,0.038891840872737414,,,
25.647712799953297,3519.583696805,odom,navigating,1,4,,0.7601189226613078,-0.032238533487909504,-1.3596835911730354,-7.171194032451964,-6.64422142937149,-3.0465771825555246,2.9671349903657624,0.8243532776832581,-1.207966221051606,1.207966221051606,0.1927882159998262,pixhawk_fused,True,0.8,0.2,gyro,-1.0,0.0,0.0,0.0,-0.2744465563084195,0.028681831000085367,2,0.782342576056973,0.03633185227346056,0.060551741543128465,0.7462422069661725,-0.03233104492587707,-1.5641297588910283,0.013877024063168885,0.01387702406316887,-0.20444616771799295,0.038891840872737414,,,
25.647902099997737,3519.684275403,odom,navigating,1,4,,0.7601189226613078,-0.032238533487909504,-1.378278930399869,-7.171194032451964,-6.64422142937149,-3.065172521782358,2.9671349903657624,0.8459853529930115,-1.231063195439371,1.231063195439371,0.04356209300021874,pixhawk_fused,True,0.8,0.2,gyro,-1.0,0.0,0.0,0.0,-0.2502726153135358,0.0319454170003155,2,0.782342576056973,0.03633185227346056,0.060551741543128465,0.7462422069661725,-0.03233104492587707,-1.5641297588910283,0.013877024063168885,0.01387702406316887,-0.1858508284911593,0.038891840872737414,,,
25.648096499964595,3519.800944547,odom,navigating,1,4,,0.7601189756562782,-0.03223898790565541,-1.378640932977115,-7.171194489949455,-6.64422142937149,-3.065534524359604,2.9644303670342254,0.8460675477981567,-1.230856942115667,1.230856942115667,0.10937401000001046,pixhawk_fused,True,0.8,0.2,gyro,-1.0,5.141017709320295e-07,-0.06760883331298828,0.0,-0.2501446797167332,0.02569247799965524,2,0.782343030817913,0.036332307034400574,0.06055249946118606,0.7462422099978447,-0.03233149967671163,-1.5641297588910283,0.013877074027577334,0.013877074027577334,-0.18548882591391336,0.03889228352782612,,,
25.990098399925046,3519.906375784,odom,navigating,1,4,,0.7601124882979108,-0.03233739127164775,-1.3830479613276188,-7.171291479417657,-6.644203586969321,-3.069941552710108,2.9456620507815248,0.8469257950782776,-1.2317875090021069,1.2317875090021069,0.033345327000006364,pixhawk_fused,True,0.8,0.2,gyro,-1.0,0.0,-0.3148479461669922,0.0,-0.24774367864173757,0.03207513500001369,2,0.782441388749142,0.03643066496562962,0.06071642570380288,0.7462428657028152,-0.03242985542228173,-1.5641297588910283,0.013869930805506534,0.013869930805506497,-0.18108179756340959,0.03898164094015914,,,
25.99022709997371,3520.025089378,odom,navigating,1,4,,0.7600319915709568,-0.033124268545781724,-1.424185950223388,-7.172063735183336,-6.644032482907494,-3.111079541605877,2.9008317445871437,0.8903083801269531,-1.272033744030016,1.272033744030016,0.05250292899972919,pixhawk_fused,True,0.8,0.2,gyro,-1.0,0.005121664144098759,-0.40391671657562256,0.0,-0.1926373421167293,0.0115732150002259,2,0.7832277119047759,0.03721698812126347,0.06202693517441687,0.7462481077406977,-0.033216161104650116,-1.5641297588910283,0.01378419013538529,0.013784190135385342,-0.13994380866764033,0.03968763160616568,,,
25.99032989994157,3520.143299707,odom,navigating,1,4,,0.7600181805336836,-0.033223065413554576,-1.4328290880565344,-7.172160267154046,-6.644007320545461,-3.1197226794390236,2.856207416895122,0.8903083801269531,-1.272033744030016,1.272033744030016,0.1712561330000426,pixhawk_fused,True,0.8,0.2,gyro,-1.0,-0.0025617245119065046,-0.3703860342502594,0.0,-0.18121630410752862,0.010487574999842764,2,0.7833264145056001,0.03731569072208774,0.062191435853593956,0.7462487657434144,-0.033314861512156374,-1.5641297588910283,0.013769720773864834,0.013769720773864827,-0.13130067083449393,0.039775193076297066,,,
26.326546599972062,3520.262267406,odom,navigating,1,4,,0.7598969220925069,-0.033853947647893026,-1.4794899304067055,-7.172772856295186,-6.64381379910655,3.116801785390391,2.8270936589295976,0.937055230140686,-1.3228987174856834,1.3228987174856834,0.09372407999990173,pixhawk_fused,True,0.8,0.2,gyro,-1.0,0.010341115295886993,-0.20388633012771606,0.0,-0.1204041753647517,0.03173518099993089,2,0.7839564743491565,0.03794575056564406,0.06324151225808254,0.7462529660490324,-0.03394490735484952,-1.5641297588910283,0.013644259239128955,0.013644259239128981,-0.08463982848432283,0.04032425816025179,,,
26.326702999998815,3520.381144663,odom,navigating,1,4,,0.7598276768982359,-0.03419227198477161,-1.5214968567553484,-7.173100881996604,-6.643705829698551,3.0747948590417487,2.803419603923373,0.9813269972801208,-1.36932021298291,1.36932021298291,0.1022533889999977,pixhawk_fused,True,0.8,0.2,gyro,-1.0,0.0,-0.2038044035434723,0.0,-0.12,0.028385819000050105,2,0.7842943295435968,0.03828360576008438,0.06380459173607815,0.7462552183669443,-0.03428275504164689,-1.5641297588910283,0.013572760138130066,0.013572760138130063,-0.04263290213567994,0.04061839838990181,,,
26.32682079996448,3520.483943427,odom,navigating,1,4,,0.7598048079640256,-0.03428844041501407,-1.5384884532904426,-7.173193753987381,-6.643671974884179,3.0578032625066545,2.7885423381376553,1.0001411437988281,-1.3868223361003569,1.3868223361003569,0.027280846999929054,pixhawk_fused,True,0.8,0.2,gyro,-1.0,0.002585148671641946,-0.10193803906440735,0.0,0.0,0.0029852779998691403,2,0.7843903433806607,0.03837961959714832,0.06396461124190188,0.7462558584449676,-0.03437876674514112,-1.5641297588910283,0.013549250603479796,0.013549250603479748,-0.02564130560058575,0.0407010736017824,,,
26.630786099936813,3520.602211514,odom,navigating,1,4,,0.7598048079640256,-0.03428844041501407,-1.553203578370261,-7.173193753987381,-6.643671974884179,3.043088137426836,2.7885423381376553,1.0176786184310913,-1.4050982289987972,1.4050982289987972,0.03481293899994853,pixhawk_fused,True,0.8,0.2,gyro,-1.0,0.0,0.0,0.0,0.0,0.0024827719998938846,2,0.7843903433806607,0.03837961959714832,0.06396461124190188,0.7462558584449676,-0.03437876674514112,-1.5641297588910283,0.013549250603479796,0.013549250603479748,-0.010926180520767437,0.0407010736017824,,,
26.630974699975923,3520.720464082,odom,navigating,1,4,,0.7598048079640256,-0.03428844041501407,-1.5524318061179025,-7.173193753987381,-6.643671974884179,3.0438599096791945,2.7885423381376553,1.0196455717086792,-1.40413937734844,1.40413937734844,0.029840302000138763,pixhawk_fused,True,0.8,0.2,gyro,-1.0,0.0,0.0,0.0,0.0,0.01191063199985365,2,0.7843903433806607,0.03837961959714832,0.06396461124190188,0.7462558584449676,-0.03437876674514112,-1.5641297588910283,0.013549250603479796,0.013549250603479748,-0.011697952773125797,0.0407010736017824,,,
26.631081599975005,,mission_status,reached,1,4,reached waypoint 1/4,0.7598048079640256,-0.03428844041501407,-1.5524318061179025,,,,,,,,,,,,,,,,,,,,,,,,,,,,,,,,,
27.012411799980327,,mission_status,navigating,2,4,going to waypoint 2/4,0.7598048079640256,-0.03428844041501407,-1.5524318061179025,,,,,,,,,,,,,,,,,,,,,,,,,,,,,,,,,
27.01250660000369,3520.826330196,odom,navigating,2,4,,0.7598048079640256,-0.03428844041501407,-1.5524318061179025,-7.173193753987381,-6.643671974884179,3.0438599096791945,2.7885423381376553,1.0196455717086792,-1.40413937734844,1.40413937734844,0.13460212700010743,pixhawk_fused,True,0.8,0.2,gyro,-1.0,0.0,0.0,0.28,-0.20053782719953897,0.009649374000218813,2,0.7843903433806607,0.03837961959714832,0.06396461124190188,0.7462558584449676,-0.03437876674514112,-1.5641297588910283,0.013549250603479796,0.013549250603479748,-0.011697952773125797,0.5617971256873859,,,
27.012612199992873,3520.926629187,odom,navigating,2,4,,0.7598048079640256,-0.03428844041501407,-1.5523909406043446,-7.173193753987381,-6.643671974884179,3.0439007751927525,2.7885423381376553,1.0196393728256226,-1.404088606926695,1.404088606926695,0.05397159600033774,pixhawk_fused,True,0.8,0.2,gyro,-1.0,0.0,0.0,0.28,-0.20053782719953897,0.01474821100009649,2,0.7843903433806607,0.03837961959714832,0.06396461124190188,0.7462558584449676,-0.03437876674514112,-1.5641297588910283,0.013549250603479796,0.013549250603479748,-0.011738818286683772,0.5617971256873859,,,
27.012704399996437,3521.043174186,odom,navigating,2,4,,0.7594893460474538,-0.035635631741942814,-1.548969845338557,-7.174495334350746,-6.643202582457883,3.04732187045854,2.806147109621833,1.0196384191513062,-1.4041111887284448,1.4041111887284448,0.06537744399975054,pixhawk_fused,True,0.8,0.2,gyro,-1.0,0.01809513196349144,0.23784346878528595,0.28,-0.20177841471713326,0.03252771699999357,2,0.785735401738292,0.03972467795477964,0.06620632535597169,0.7462648253014239,-0.035723795213583015,-1.5641297588910283,0.013224814621003425,0.013224814621003448,-0.015159913552471371,0.560444709941721,,,
27.01279239996802,3521.165211197,odom,navigating,2,4,,0.7584506090084352,-0.04084822252512517,-1.5396959358579254,-7.179552511621966,-6.641567028925713,3.0565957799391716,2.8533959413292425,1.0196384191513062,-1.4041111887284448,1.4041111887284448,0.18790570300006948,pixhawk_fused,True,0.8,0.2,gyro,-1.0,0.07017114013433456,0.4134598672389984,0.28,-0.2067690215794009,0.005744969999796012,2,0.790940951930273,0.04493022814676067,0.07488204955087786,0.7462995281982036,-0.04092922973052672,-1.5641297588910283,0.012151350831249446,0.012151350831249491,-0.02443382303310293,0.5552160920093422,,,
27.349043499911204,3521.282322033,odom,navigating,2,4,,0.7564259628880513,-0.05429751816798381,-1.4860344909975156,-7.192676742161095,-6.637998090994394,3.1102572247995814,2.898836620161417,0.9621177315711975,-1.3484358953722644,1.3484358953722644,0.10932745499985685,pixhawk_fused,True,0.8,0.2,gyro,-1.0,0.1470726877450943,0.30523136258125305,0.28,-0.4326045044562226,0.023133300000154122,2,0.8043764513689923,0.05836572758547989,0.097274051020906,0.7463890962040837,-0.05436443061254359,-1.5641297588910283,0.01003708972297132,0.010037089722971368,-0.07809526789351273,0.5417405945856416,,,
27.34926489996724,3521.401600076,odom,navigating,2,4,,0.7540441238327172,-0.07388632863082455,-1.4543824295410328,-7.211857781990407,-6.633363183907843,-3.141276020923522,2.905584852261371,0.9263278245925903,-1.3107040225156474,1.3107040225156474,0.11331043000018326,pixhawk_fused,True,0.8,0.2,gyro,-1.0,0.18188704550266266,-0.03373190015554428,0.28,-0.5242193897962732,0.04464782600007311,2,0.8239489479652613,0.07793822418174887,0.12989415379823563,0.746519576615193,-0.07393649227894138,-1.5641297588910283,0.007524714427826787,0.007524714427826817,-0.10974732934999554,0.5221293333726555,,,
27.34945580002386,3521.50329807,odom,navigating,2,4,,0.7516084375484711,-0.09328197986764646,-1.445754258464171,-7.230840725405892,-6.628697166991867,-3.13264784984666,2.8907037044682107,0.9143182635307312,-1.2963678112664152,1.2963678112664152,0.028880232999654254,pixhawk_fused,True,0.8,0.2,gyro,-1.0,0.21248561143875122,-0.16824831068515778,0.28,-0.46515058867715936,0.04396315700023479,2,0.8433279306542466,0.0973172068707342,0.16219174056370203,0.7466487669622548,-0.09331504433822121,-1.5641297588910283,0.004959780799893602,0.004959780799893593,-0.1183755004268574,0.502720593209728,,,
27.686408999958076,3521.603661134,odom,navigating,2,4,,0.74840674720659,-0.11531959852363431,-1.4568514431650934,-7.252359119919362,-6.622964265925677,3.1394402726320036,2.86976484510337,0.923564076423645,-1.3050852178075243,1.3050852178075243,0.009641262000059214,pixhawk_fused,True,0.8,0.2,gyro,-1.0,0.245368093252182,-0.1465969979763031,0.28,-0.36392878129864137,0.04111969100040369,2,0.8653437154737285,0.11933299169021608,0.19888389989057972,0.7467955355995624,-0.11533033993434783,-1.5641297588910283,0.0016112474113321533,0.0016112474113321917,-0.10727831572593494,0.4806830419496238,,,
27.686561099952087,3521.724801148,odom,navigating,2,4,,0.7435096363858862,-0.14428105419324488,-1.4892045869259842,-7.280558350301444,-6.614745323490586,3.107087128871113,2.847445028431235,0.9561474919319153,-1.3398645414450099,1.3398645414450099,0.05083163600011176,pixhawk_fused,True,0.8,0.2,gyro,-1.0,0.2573062777519226,-0.0677255392074585,0.28,-0.1823032118669291,0.010043234000022494,2,0.8942718808968898,0.14826115711337737,0.24709643755136013,0.7469883857502054,-0.14425786253081607,-1.5641297588910283,0.003478826669001743,-0.0034788266690017507,-0.07492517196504411,0.45176557064545053,,,
27.68665729998611,3521.840524999,odom,navigating,2,4,,0.7378803295695961,-0.175040864174605,-1.4970427840005254,-7.310459013854475,-6.605590798685346,3.0992489317965717,2.844057569765372,0.9649953842163086,-1.3487809462883402,1.3487809462883402,0.07402250899986029,pixhawk_fused,True,0.8,0.2,gyro,-1.0,0.27649977803230286,0.033965714275836945,0.28,0.06658920412402672,0.03170557099974758,2,0.9249934794715361,0.17898275568802371,0.29829796404337966,0.7471931918561735,-0.1749787784260278,-1.5641297588910283,0.009313069236773186,-0.009313069236773204,-0.06708697489050297,0.4211335660407574,,,
28.013798099942505,3521.941491621,odom,navigating,2,4,,0.733189232757565,-0.20133353979507218,-1.502831163757408,-7.33603129364027,-6.597885625933228,3.0934605520396894,2.8582596942146927,0.9729660153388977,-1.359426347128431,1.359426347128431,0.0621265790000507,pixhawk_fused,True,0.8,0.2,gyro,-1.0,0.2816680073738098,0.16982854902744293,0.28,0.27676297008130374,0.03394453300006717,2,0.9512542975460054,0.20524357376249308,0.3420650215770232,0.7473682600863081,-0.2012390129462139,-1.5641297588910283,0.014179342414738377,-0.014179342414738387,-0.06129859513362024,0.39502432419531736,,,
28.0139274999965,3522.061345444,odom,navigating,2,4,,0.7284119627969894,-0.23225468231919336,-1.485160356082993,-7.366190900773498,-6.58955871409014,3.1111313597141046,2.894789229285074,0.9583848118782043,-1.346357718757669,1.346357718757669,0.0035719859997698222,pixhawk_fused,True,0.8,0.2,gyro,-1.0,0.27198225259780884,0.3371712267398834,0.28,0.44108304866192977,0.004982804000064789,2,0.9821429051978461,0.2361321814143337,0.39354489034571793,0.7475741795613828,-0.23212693420743075,-1.5641297588910283,0.019162642586701348,-0.019162642586701386,-0.07896940280803544,0.36438537221599543,,,
28.014022000017576,3522.16725513,odom,navigating,2,4,,0.7253566205975541,-0.2584777307574828,-1.4486953696797293,-7.391883502399562,-6.583486349885244,-3.1355889610622185,2.933336780547425,0.9238030910491943,-1.3104020800211826,1.3104020800211826,0.062265704999845184,pixhawk_fused,True,0.8,0.2,gyro,-1.0,0.27404242753982544,0.3702133595943451,0.28,0.3453579371731162,0.0052028909999535244,2,1.0083450024257816,0.2623342786422691,0.4372140819765785,0.7477488563279063,-0.2583284491859471,-1.5641297588910283,0.022392733330061834,-0.022392733330061813,-0.115434389211299,0.33842071210697366,,,
28.36727459996473,3522.284744493,odom,navigating,2,4,,0.7231184209596877,-0.2905582526083468,-1.4148972975059575,-7.423488801605982,-6.577547117450379,-3.1017908888884467,2.981398130142965,0.8915891647338867,-1.2800982029655377,1.2800982029655377,0.09277930500002185,pixhawk_fused,True,0.8,0.2,gyro,-1.0,0.2791755497455597,0.2719065248966217,0.28,0.2592498545427615,0.016837937000218517,2,1.0404098904005774,0.29439916661706494,0.4906543743857129,0.7479626174975429,-0.29039262463142773,-1.5641297588910283,0.024844748624977354,-0.02484474862497731,-0.14923246138507085,0.3066223741695427,,,
28.367517299950123,3522.403587896,odom,navigating,2,4,,0.7222678338561634,-0.32310336215441815,-1.3744150444263985,-7.4557162974008655,-6.5729323402534545,-3.0613086358088877,3.0205559933216475,0.853152334690094,-1.2392910921790996,1.2392910921790996,0.030000630999893474,pixhawk_fused,True,0.8,0.2,gyro,-1.0,0.2842806577682495,0.3029676377773285,0.28,0.19551853296752333,0.042413657999986754,2,1.0729486062914173,0.3269378825079049,0.544884362439657,0.7481795374497586,-0.3229306174637942,-1.5641297588910283,0.025912279402832784,-0.025912279402832784,-0.18971471446462984,0.274302110794744,,,
28.3676901999861,3522.520796044,odom,navigating,2,4,,0.7224381205098378,-0.3536160911195444,-1.327546541476961,-7.48604334861599,-6.56956698870586,-3.01444013285945,3.040876905496464,0.8007397055625916,-1.18592889477996,1.18592889477996,0.04833301200005735,pixhawk_fused,True,0.8,0.2,gyro,-1.0,0.25217896699905396,0.0,0.23674254917470336,-0.025147064420480723,0.013292579999870213,2,1.1034617924376322,0.3574510686541197,0.5957385426030121,0.748382954170412,-0.35344312556180724,-1.5641297588910283,0.02594541020602734,-0.02594541020602738,-0.2365832174140674,0.2439459294294521,,,
28.71166239993181,3522.64315438,odom,navigating,2,4,,0.7229650247759831,-0.3812269164718357,-1.3271515205454407,-7.513529340408797,-6.566892000872965,-3.01404511192793,3.0428910649478347,0.8007397055625916,-1.18592889477996,1.18592889477996,0.16990073799979655,pixhawk_fused,True,0.8,0.2,gyro,-1.0,0.22472728788852692,-0.10185620188713074,0.22316993194924387,0.06387106318243148,0.0331503310003427,2,1.1310755168535287,0.3850647930700163,0.6417603939330623,0.7485670415757323,-0.3810562363598374,-1.5641297588910283,0.025602585727134478,-0.025602585727134444,-0.23697823834558762,0.2164679359479344,,,
28.711816199938767,3522.744243035,odom,navigating,2,4,,0.7232699893367706,-0.40191089634630406,-1.3240997017531635,-7.534109407567167,-6.564798949849278,-3.0109932931356527,3.038164649599335,0.7913048267364502,-1.1809807043292917,1.1809807043292917,0.07012028899998768,pixhawk_fused,True,0.8,0.2,gyro,-1.0,0.2067599594593048,0.0,0.19802296606775846,0.09154655444790592,0.032652250999944954,2,1.1517610701512142,0.4057503463677018,0.6762355499898046,0.7487049421999592,-0.40174132999388273,-1.5641297588910283,0.025435518078083284,-0.0254355180780833,-0.24003005713786485,0.1959210903071731,,,
28.711920599918813,3522.86572928,odom,navigating,2,4,,0.7235491344940862,-0.4241547089338142,-1.3287729633685235,-7.55623581624686,-6.562499567456917,-3.0156665547510126,3.037489443616044,0.798048734664917,-1.186628305605928,1.186628305605928,0.09237779599970963,pixhawk_fused,True,0.8,0.2,gyro,-1.0,0.1725246161222458,-0.033902622759342194,0.16533814579641154,0.13330746009871985,0.006644595000125264,2,1.1740062493746164,0.4279955255911039,0.7133100248274101,0.7488532400993096,-0.42398601489644605,-1.5641297588910283,0.025304667912433552,-0.025304667912433545,-0.23535679552250488,0.17386906667844643,,,
29.047096199938096,3522.982886039,odom,navigating,2,4,,0.723816901489641,-0.44440914343240456,-1.3282830869285212,-7.576384920768222,-6.560419326362992,-3.0151766783110103,3.0429101411926833,0.7992483973503113,-1.187341267471517,1.187341267471517,0.09219102300039594,pixhawk_fused,True,0.8,0.2,gyro,-1.0,0.16799651086330414,0.101859450340271,0.15589226288225472,0.11792747800669397,0.023460698999770102,2,1.1942620188633009,0.44825129507978834,0.7470688904532057,0.7489882755618128,-0.4442413342719234,-1.5641297588910283,0.025171933429825103,-0.025171933429825127,-0.2358466719625072,0.15383543948811162,,,
29.047251099953428,3523.101237472,odom,navigating,2,4,,0.7241371647317091,-0.4623609135551995,-1.3255782673634693,-7.594252942796882,-6.558657961020654,-3.0124718587459585,3.042906314454866,0.7963503003120422,-1.1839755331960864,1.1839755331960864,0.036455433999890374,pixhawk_fused,True,0.8,0.2,gyro,-1.0,0.151104137301445,-0.03366302698850632,0.13772273312341096,0.08263737161137402,0.04499518700004046,2,1.2122155251120035,0.46620480132849107,0.7769907359451983,0.7491079629437808,-0.462194441567119,-1.5641297588910283,0.02497135311253315,-0.024971353112533155,-0.23855149152755906,0.1361186676173243,,,
29.04735150001943,3523.203437989,odom,navigating,2,4,,0.7243343560412323,-0.47470359421652836,-1.3260003226609225,-7.60653537795162,-6.557424090286035,-3.0128939140434117,3.03884747629763,0.7964658141136169,-1.183510821255239,1.183510821255239,0.0922340219999569,pixhawk_fused,True,0.8,0.2,gyro,-1.0,0.1178041398525238,-0.06732280552387238,0.12227088715877503,0.051972355019606495,0.042025704000025144,2,1.2245592460802,0.4785485222966875,0.7975631470659136,0.7491902525882637,-0.4745378882395481,-1.5641297588910283,0.024856448894150833,-0.024856448894150826,-0.23812943623010585,0.12398202827751624,,,
29.387221699929796,3523.303587371,odom,navigating,2,4,,0.7244417502998649,-0.48561277208920284,-1.329451984874904,-7.617383558470455,-6.55626707912999,-3.016345576257393,3.0300507913331036,0.7988961338996887,-1.1856604912284188,1.1856604912284188,0.029353515999900992,pixhawk_fused,True,0.8,0.2,gyro,-1.0,0.11268782615661621,-0.13465236127376556,0.11571655972568423,0.04452473334322986,0.04170669400036786,2,1.2354688974805945,0.48945817369708206,0.8157454953522097,0.7492629819814088,-0.48544729721132585,-1.5641297588910283,0.024821783258341626,-0.024821783258341626,-0.23467777401612433,0.11330738816848937,,,
29.387458899989724,3523.424134343,odom,navigating,2,4,,0.724451862380931,-0.49736237177208054,-1.3444935989624778,-7.629055234474019,-6.554916089037542,-3.031387190344967,3.023264438426525,0.8160140514373779,-1.2027136527899078,1.2027136527899078,0.05254468500015719,pixhawk_fused,True,0.8,0.2,gyro,-1.0,0.09776900708675385,0.0,0.09857313875822198,0.06506090100401098,0.013958432999970682,2,1.2472183034823359,0.5012075796988235,0.8353274035397651,0.749341309614159,-0.49719644212385905,-1.5641297588910283,0.024890000325910055,-0.024890000325910103,-0.21963615992855057,0.10189253671507124,,,
29.387632000027224,3523.541450339,odom,navigating,2,4,,0.7244044167430763,-0.5075402142125863,-1.3486126898467403,-7.639159066574156,-6.553689995760279,-3.0355062812292295,3.0178857229761307,0.8192620873451233,-1.206525574479567,1.206525574479567,0.06136417099969549,pixhawk_fused,True,0.8,0.2,gyro,-1.0,0.08269152045249939,0.0,0.09339919678694784,0.06044620126969537,0.031223581999711314,2,1.2573956034588805,0.5113848796753679,0.8522891932428672,0.7494091567729715,-0.5073735159457203,-1.5641297588910283,0.025005295684610847,-0.025005295684610834,-0.21551706904428802,0.0920883683415947,,,
29.729380899923854,3523.662524612,odom,navigating,2,4,,0.724333616357221,-0.5168147838420308,-1.3486111941433956,-7.648363001108481,-6.552545337036505,-3.0355047855258848,3.017893353031599,0.8192620873451233,-1.206525574479567,1.206525574479567,0.1822249130000273,pixhawk_fused,True,0.8,0.2,gyro,-1.0,0.07942533493041992,-0.033676452934741974,0.08040753873701612,0.14929102859521648,0.005262277999918297,2,1.2666694950015636,0.5206587712180513,0.8677453356813236,0.7494709813427253,-0.5166472014087942,-1.5641297588910283,0.0251379235874084,-0.02513792358740842,-0.21551856474763276,0.08324098574189645,,,
29.72963910002727,3523.781812521,odom,navigating,2,4,,0.7242852116288357,-0.5259061871928652,-1.3443992449342375,-7.6573875966261316,-6.551444140574425,-3.0312928363167266,3.025995756487872,0.8169967532157898,-1.2032626164046474,1.2032626164046474,0.0033661209999991115,pixhawk_fused,True,0.8,0.2,gyro,-1.0,0.07755836099386215,0.06796213239431381,0.06636543523752982,0.2006688844231279,0.02516704599975128,2,1.275760373636928,0.5297496498534157,0.8828964633856119,0.7495315858535424,-0.5257378780313671,-1.5641297588910283,0.025246935249011452,-0.025246935249011494,-0.21973051395679088,0.07466185729551211,,,
29.72995319997426,3523.885869917,odom,navigating,2,4,,0.724319109987337,-0.5332704218671962,-1.3422844802923226,-7.664706183997918,-6.55062476256712,-3.029178071674812,3.036768480128203,0.8169967532157898,-1.2032626164046474,1.2032626164046474,0.1069915090001814,pixhawk_fused,True,0.8,0.2,gyro,-1.0,0.06694862246513367,0.06285546720027924,0.052830503755965895,0.1898647567689607,0.024223938999966776,2,1.2831246706510893,0.5371139468675769,0.8951700189998973,0.7495806800759995,-0.5331020113999384,-1.5641297588910283,0.025262131450649494,-0.025262131450649546,-0.22184527859870573,0.06778280080198834,,,
30.068410399951972,3524.003498997,odom,navigating,2,4,,0.7244140498846441,-0.5394755819014552,-1.3312718830839478,-7.670880570143422,-6.5500002784912,-3.018165474466437,3.0510049128193177,0.8068535923957825,-1.1930384424415774,1.1930384424415774,0.03145235300007698,pixhawk_fused,True,0.8,0.2,gyro,-1.0,0.04353771731257439,0.16832545399665833,0.05,0.2626025062730181,0.04270565000024362,2,1.2893303257160835,0.543319601932571,0.9055125476101388,0.7496220501904406,-0.5393075285660832,-1.5641297588910283,0.02520856047735702,-0.025208560477356985,-0.2328578758070805,0.06204555330307387,,,
30.068572200019844,3524.103661692,odom,navigating,2,4,,0.7245345773125068,-0.5433724643360586,-1.3214708877452876,-7.674765181343886,-6.549668592809851,-3.008364479127777,3.062494785123023,0.7966398000717163,-1.1836506877926536,1.1836506877926536,0.03078107400006047,pixhawk_fused,True,0.8,0.2,gyro,-1.0,0.04863504692912102,0.10092058032751083,0.05,0.31757232903810984,0.04239704600013283,2,1.2932279250545162,0.5472172012710038,0.9120084021568073,0.7496480336086272,-0.5432050412940844,-1.5641297588910283,0.02511401436672625,-0.025114014366726282,-0.2426588711457407,0.05846490624906635,,,
30.06868259992916,3524.221586024,odom,navigating,2,4,,0.7247977341947379,-0.5488952059397852,-1.3036272970267744,-7.680281228599099,-6.549290242384367,-2.9905208884092636,3.0908952051865533,0.78118896484375,-1.168393342816586,1.168393342816586,0.10209551900015867,pixhawk_fused,True,0.8,0.2,gyro,-1.0,0.04888450354337692,0.3043614327907562,0.05,0.36634556920768735,0.013752828000178852,2,1.2987522982749724,0.55274157449146,0.9212154862579721,0.7496848619450319,-0.5487292917547832,-1.5641297588910283,0.02488768079143251,-0.024887680791432477,-0.26050246186425396,0.05342298966900227,,,
30.40735729993321,3524.323754744,odom,navigating,2,4,,0.7252339273952363,-0.554361380503123,-1.2879753468812898,-7.685761133552481,-6.549090315980574,-2.974868938263779,3.1240754425613497,0.7678098082542419,-1.1570470002976603,1.1570470002976603,0.05739347300004738,pixhawk_fused,True,0.8,0.2,gyro,-1.0,0.06357117742300034,0.3269864022731781,0.05,0.46438132655595743,0.014475680000032298,2,1.304221259261864,0.5582105354783518,0.9303302186887659,0.7497213208747551,-0.5541981312132594,-1.5641297588910283,0.02448793763777219,-0.024487937637772187,-0.27615441200973856,0.048447218556591364,,,
30.407498999964446,,mission_status,reached,2,4,reached waypoint 2/4,0.7252339273952363,-0.554361380503123,-1.2879753468812898,,,,,,,,,,,,,,,,,,,,,,,,,,,,,,,,,
30.407544699963182,,mission_status,turning,3,4,aligning for waypoint 3/4,0.7252339273952363,-0.554361380503123,-1.2879753468812898,,,,,,,,,,,,,,,,,,,,,,,,,,,,,,,preturn,3.0201769059674173,
30.407600199920125,3524.441319547,odom,turning,3,4,,0.7258878121540703,-0.5602526324578245,-1.2348036504393582,-7.691688471052566,-6.549057376161185,-2.9216972418218474,-3.1266124552275474,0.7100024223327637,-1.0987984171894736,1.0987984171894736,0.06699677300002804,pixhawk_fused,True,0.8,0.2,gyro,-1.0,0.03617754206061363,0.2717255651950836,0.0,-0.75,0.0271060159998342,2,1.3101167394390762,0.5641060156555638,0.9401558006402798,0.7497606232025611,-0.5600934803841678,-1.5641297588910283,0.023873341549508615,-0.02387334154950864,-0.3293261084516701,0.7320523048180987,preturn,3.0201769059674173,-2.0282047507728107
30.407718600006774,3524.561408048,odom,turning,3,4,,0.7261284592976665,-0.5622134304157079,-1.2179427454602019,-7.693663945220933,-6.549069271095965,-2.904836336842691,3.13221600925464,0.6859369874000549,-1.0718789587107844,1.0718789587107844,0.07334556100022382,pixhawk_fused,True,0.8,0.2,gyro,-1.0,0.020581919699907303,-0.27052995562553406,0.0,-0.75,0.02353371600020182,2,1.3120790981037644,0.5660683743202521,0.9434263257372323,0.749773705302949,-0.5620557954423393,-1.5641297588910283,0.02364577144935553,-0.023645771449355504,-0.3461870134308265,0.7324454727535346,preturn,3.0201769059674173,-2.0450656557519675
30.729609899921343,3524.662444,odom,turning,3,4,,0.7263132910424609,-0.5641300718682785,-1.2230882363391982,-7.695589094665234,-6.549030841306677,-2.9099818277216873,3.1058335579703282,0.6859369874000549,-1.0718789587107844,1.0718789587107844,0.1741759810001895,pixhawk_fused,True,0.8,0.2,gyro,-1.0,0.01809149608016014,-0.23779568076133728,0.0,-0.75,0.032177927999782696,2,1.313996929149973,0.5679862053664605,0.9466226397858344,0.7497864905591434,-0.5639735838715006,-1.5641297588910283,0.023473721137542678,-0.023473721137542643,-0.3410415225518302,0.7327845035316689,preturn,3.0201769059674173,-2.039920164872971
30.729880500002764,3524.780665601,odom,turning,3,4,,0.726491950754757,-0.5668903276542624,-1.2796422609126834,-7.69835146451901,-6.548888559586815,-2.9665358522951726,3.067942180249394,0.7405335903167725,-1.1329533217040246,1.1329533217040246,0.10137383199980832,pixhawk_fused,True,0.8,0.2,gyro,-1.0,0.03100932203233242,-0.40758833289146423,0.0,-0.75,0.028013809000185574,2,1.3167583146372652,0.5707475908537528,0.951224846661194,0.7498048993866447,-0.5667349079967163,-1.5641297588910283,0.023313466691656706,-0.02331346669165674,-0.28448749797834494,0.7331941648908227,preturn,3.0201769059674173,-1.983366140299486
30.730142800020985,3524.882406238,odom,turning,3,4,,0.7265597570569893,-0.5691107936219997,-1.3079270702569765,-7.700564837382966,-6.548698698127836,-2.9948206616394657,3.037527596660097,0.7703709006309509,-1.1607212220517342,1.1607212220517342,0.025134842000170465,pixhawk_fused,True,0.8,0.2,gyro,-1.0,0.020682230591773987,-0.2718484401702881,0.0,-0.75,0.004259949999777746,2,1.3189791832949291,0.5729684595114166,0.954926212172314,0.7498197048486892,-0.5689557273033884,-1.5641297588910283,0.023260464673685567,-0.023260464673685616,-0.2562026886340518,0.7334555024520941,preturn,3.0201769059674173,-1.955081330955192
31.071967599913478,3525.00185329,odom,turning,3,4,,0.7265497432567563,-0.5718764713019642,-1.3402052986534838,-7.703310737327047,-6.548368384938962,-3.027098890035973,2.9996438332885123,0.8003244400024414,-1.1916402278331464,1.1916402278331464,0.03515622499980964,pixhawk_fused,True,0.8,0.2,gyro,-1.0,0.023272186517715454,-0.3058909773826599,0.0,-0.75,0.03179471499970532,3,1.372223461828285,0.026199404859584274,0.034491417769463545,0.7239934710018245,-0.5928267895652093,3.0201769059674173,0.021105695041210928,-0.021105695041210973,-1.9228031025586851,0.7336962196501484,preturn,3.0201769059674173,-1.9228031025586851
31.07220980001148,3525.103411136,odom,turning,3,4,,0.7264371528778637,-0.5746393724974866,-1.3715607408998212,-7.706041997351399,-6.54793650730697,-3.0584543322823103,2.961760060235644,0.8307943344116211,-1.2214150607672876,1.2214150607672876,0.022670792000099027,pixhawk_fused,True,0.8,0.2,gyro,-1.0,0.03360355645418167,-0.44168710708618164,0.0,-0.75,0.028814789000080054,3,1.3720005872255359,0.02597653025683518,0.03419800419481091,0.7242147048371126,-0.5928537836140774,3.0201769059674173,0.01834949720341193,-0.018349497203411936,-1.8914476603123482,0.7338449122608661,preturn,3.0201769059674173,-1.8914476603123482
31.072329899994656,3525.225437606,odom,turning,3,4,,0.7261492947309893,-0.5780795266224302,-1.413551181699447,-7.709425648798653,-6.547252091059661,-3.1004447730819362,2.914469296362258,0.8708699941635132,-1.2621241309133715,1.2621241309133715,0.0641238989996964,pixhawk_fused,True,0.8,0.2,gyro,-1.0,0.030726926401257515,-0.40387651324272156,0.0,-0.75,0.011134540000057314,3,1.3718696628117604,0.02584560584305962,0.03402564269744266,0.7243446654061282,-0.5928696408718352,3.0201769059674173,0.014899804244036299,-0.014899804244036296,-1.849457219512722,0.7338976555765555,preturn,3.0201769059674173,-1.849457219512722
31.38912569999229,3525.326474945,odom,turning,3,4,,0.725794045275747,-0.580870727132148,-1.4760821109912525,-7.7121569088230055,-6.5465759097672,3.1202096048058445,2.875914121758917,0.939565122127533,-1.330464774796123,1.330464774796123,0.05155187600030331,pixhawk_fused,True,0.8,0.2,gyro,-1.0,0.025692714378237724,-0.3377065360546112,0.0,-0.75,0.011881540000103996,3,1.371884233321219,0.025860176352518232,0.03404482471823834,0.7243302021624483,-0.5928678761259221,3.0201769059674173,0.01208612512922008,-0.012086125129220058,-1.7869262902209169,0.7338313547469638,preturn,3.0201769059674173,-1.7869262902209169
31.389493499998935,3525.440466021,odom,turning,3,4,,0.7252754514518329,-0.583939833277524,-1.5118569926470116,-7.7151452824375895,-6.545705292040845,3.084434723150086,2.8332734493770335,0.9737328886985779,-1.3645724763361162,1.3645724763361162,0.054710317000171926,pixhawk_fused,True,0.8,0.2,gyro,-1.0,0.025843698531389236,-0.33969107270240784,0.0,-0.75,0.029258184999889636,3,1.3720272864055922,0.02600322943689155,0.03423315356474362,0.7241882022121833,-0.5928505498720436,3.0201769059674173,0.008976802389323576,-0.008976802389323581,-1.751151408565157,0.7336436880630223,preturn,3.0201769059674173,-1.751151408565157
31.389916499960236,3525.541914666,odom,turning,3,4,,0.7247924413039816,-0.5862595418528175,-1.5181810304267964,-7.717393425110901,-6.544956826144724,3.0781106853703006,2.800798927070569,0.9737328886985779,-1.3645724763361162,1.3645724763361162,0.15580082200040124,pixhawk_fused,True,0.8,0.2,gyro,-1.0,0.028433779254555702,-0.373735249042511,0.0,-0.75,0.004306504999931349,3,1.3722257830503668,0.02620172608166598,0.034494473649586965,0.7239911668682114,-0.592826508424238,3.0201769059674173,0.006615670084849568,-0.006615670084849533,-1.744827370785373,0.7334201079379081,preturn,3.0201769059674173,-1.744827370785373
31.711041499977,3525.643794948,odom,turning,3,4,,0.7240866067187249,-0.5891330820265288,-1.6018961983761244,-7.72016585990949,-6.543922881813898,2.9943955174209727,2.7602716114832515,1.0641363859176636,-1.458753684201593,1.458753684201593,0.00395999500005928,pixhawk_fused,True,0.8,0.2,gyro,-1.0,0.030923904851078987,-0.406465619802475,0.0,-0.75,0.0278827749998527,3,1.3725783849508637,0.026554327982163027,0.03495867272286864,0.7236411607669571,-0.5927838021094961,3.0201769059674173,0.0036777954293471964,-0.003677795429347154,-1.661112202836044,0.733046893819572,preturn,3.0201769059674173,-1.661112202836044
31.711200000019744,3525.74418184,odom,turning,3,4,,0.7232343716353111,-0.5920743614673818,-1.6225788544263144,-7.7229886194321455,-6.542735675823413,2.9737128613707826,2.7183137145756073,1.0797744989395142,-1.474266653695459,1.474266653695459,0.05134656599966547,pixhawk_fused,True,0.8,0.2,gyro,-1.0,0.03359680622816086,-0.44159838557243347,0.0,-0.75,0.028622349000215763,3,1.3730681051512073,0.02704404818250645,0.03560338752119015,0.7231550458090227,-0.5927244883480505,3.0201769059674173,0.0006549485076586783,-0.000654948507658695,-1.640429546785855,0.7325482403471412,preturn,3.0201769059674173,-1.640429546785855
31.711328199948184,3525.864777473,odom,turning,3,4,,0.7221765203948498,-0.5952035931411805,-1.6634711871462766,-7.725974248061781,-6.541322466072119,2.932820528650821,2.673044714811395,1.1196532249450684,-1.5140987675574966,1.5140987675574966,0.004012474999854021,pixhawk_fused,True,0.8,0.2,gyro,-1.0,0.02304290235042572,-0.3028772473335266,0.0,-0.75,0.009613835999971343,3,1.3737391634616867,0.027715106492985815,0.036486833258162564,0.7224889277233454,-0.592643211340249,3.0201769059674173,0.0025793707188845887,0.0025793707188845726,-1.5995372140658919,0.7318814345060501,preturn,3.0201769059674173,-1.5995372140658919
32.0488451999845,3525.982681433,odom,turning,3,4,,0.7210688319102312,-0.5980595144647647,-1.727142684554087,-7.728682633211557,-6.539891413918656,2.8691490312430106,2.6310754222660866,1.1882402896881104,-1.5830384927478978,1.5830384927478978,0.014363422999849718,pixhawk_fused,True,0.8,0.2,gyro,-1.0,0.028436636552214622,-0.37377282977104187,0.0,-0.75,0.0026773969998430402,3,1.3744927948306838,0.028468737861983034,0.03747898611551065,0.721740844468905,-0.592551933277373,3.0201769059674173,0.0055484278327041624,0.0055484278327041555,-1.5358657166580816,0.7311443108367967,preturn,3.0201769059674173,-1.5358657166580816
32.04910259996541,3526.101215562,odom,turning,3,4,,0.719740789762803,-0.6010876040061197,-1.7359811617035916,-7.731536502563636,-6.538221548074621,2.860310554093505,2.5857606262787973,1.1882402896881104,-1.5830384927478978,1.5830384927478978,0.1327391859999807,pixhawk_fused,True,0.8,0.2,gyro,-1.0,0.031017109751701355,-0.40769070386886597,0.0,-0.75,0.02932768299979216,3,1.3754443050432779,0.029420248074577167,0.03873164572477996,0.7207963391235159,-0.5924366885933202,3.0201769059674173,0.008715074407732467,0.008715074407732462,-1.5270272395085769,0.7302237558571584,preturn,3.0201769059674173,-1.5270272395085769
32.04928809998091,3526.203700884,odom,turning,3,4,,0.7185744266989551,-0.6034759520060851,-1.7779888950771197,-7.733773665297151,-6.536786378443734,2.8183028207199774,2.5493416683373407,1.2314131259918213,-1.6263951836315342,1.6263951836315342,0.037685291999878245,pixhawk_fused,True,0.8,0.2,gyro,-1.0,0.025504812598228455,-0.3352367579936981,0.0,-0.75,0.005585398999755853,3,1.3763128104222708,0.030288753453569968,0.03987502978340328,0.7199342275433139,-0.5923314972599268,3.0201769059674173,0.011227106925895352,0.011227106925895321,-1.4850195061350497,0.7293896538523429,preturn,3.0201769059674173,-1.4850195061350497
32.38677989994176,3526.324999537,odom,turning,3,4,,0.7171694552785053,-0.6060892629093083,-1.8369367975372342,-7.736206636957034,-6.535088147755226,2.759354918259863,2.5086847010537348,1.294482946395874,-1.6897714308289238,1.6897714308289238,0.0454899880000994,pixhawk_fused,True,0.8,0.2,gyro,-1.0,0.028174763545393944,-0.3703307509422302,0.0,-0.75,0.011305090999940148,3,1.37739092058208,0.03136686361337931,0.04129435774611018,0.7188640542594329,-0.5922009190873578,3.0201769059674173,0.013991345890330596,0.013991345890330598,-1.4260716036749344,0.7283595271760107,preturn,3.0201769059674173,-1.4260716036749344
32.38703209999949,3526.44320536,odom,turning,3,4,,0.7155581745233912,-0.6088095416177489,-1.8453658969099713,-7.7387219581653905,-6.5331726057582475,2.750925818887126,2.4653650252560255,1.294482946395874,-1.6897714308289238,1.6897714308289238,0.1643434799998431,pixhawk_fused,True,0.8,0.2,gyro,-1.0,0.028432350605726242,-0.37371647357940674,0.0,-0.75,0.02922966699998142,3,1.3786608655704198,0.03263680860171908,0.04296623553767917,0.7176034584045899,-0.5920471063305335,3.0201769059674173,0.01688675288244536,0.01688675288244534,-1.4176425043021972,0.7271512954932816,preturn,3.0201769059674173,-1.4176425043021972
32.38720729993656,3526.543388127,odom,turning,3,4,,0.7138338838754451,-0.6114573284837206,-1.8798812630564399,-7.741152184840326,-6.531153211830694,2.716410452740657,2.422075715562952,1.3270578384399414,-1.7221794864920326,1.7221794864920326,0.08565973700024188,pixhawk_fused,True,0.8,0.2,gyro,-1.0,0.03359849378466606,-0.4416205585002899,0.0,-0.75,0.02843418600014047,3,1.3800517685325366,0.03402771156383577,0.0447973540459151,0.71622279504938,-0.5918786434277757,3.0201769059674173,0.019723889198553845,0.0197238891985538,-1.3831271381557286,0.7258323238080295,preturn,3.0201769059674173,-1.3831271381557286
32.74719449994154,3526.662046031,odom,turning,3,4,,0.7117321133365312,-0.6143794367513661,-1.975759636489471,-7.743811160261018,-6.528727102633184,2.620532079307626,2.3727785184005388,1.4333137273788452,-1.829302254774923,1.829302254774923,0.016263542999695346,pixhawk_fused,True,0.8,0.2,gyro,-1.0,0.023152345791459084,-0.3043157756328583,0.0,-0.75,0.02244287199982864,3,1.3817841472741357,0.03576009030543499,0.04707802413104406,0.7145031698051928,-0.591668821779944,3.0201769059674173,0.022879046884271517,0.022879046884271545,-1.2872487647226976,0.7241933982844126,preturn,3.0201769059674173,-1.2872487647226976
32.747354199993424,3526.780915169,odom,turning,3,4,,0.7097062769571464,-0.6169297381378511,-1.997537486093579,-7.746109627658396,-6.526419485285976,2.5987542297035175,2.328161776027685,1.4461348056793213,-1.8455498248127646,1.8455498248127646,0.09094566100020529,pixhawk_fused,True,0.8,0.2,gyro,-1.0,0.02823519892990589,-0.37112510204315186,0.0,-0.75,0.01405615299972851,3,1.3834861832483714,0.03746212627967055,0.04931874807728053,0.7128136639497304,-0.5914626751768902,3.0201769059674173,0.025655937904883297,0.025655937904883352,-1.2654709151185894,0.7225854797350377,preturn,3.0201769059674173,-1.2654709151185894
32.74755730002653,3526.900995018,odom,turning,3,4,,0.7075021894414034,-0.6194602948413845,-2.0346036567596375,-7.748367835276521,-6.5239371038970075,2.561688059037459,2.2821870946239233,1.4819214344024658,-1.8804676288453288,1.8804676288453288,0.03302220299974579,pixhawk_fused,True,0.8,0.2,gyro,-1.0,0.030737634748220444,-0.40401726961135864,0.0,-0.75,0.011462754000149289,3,1.3853675495320474,0.03934349256334676,0.05179555970011863,0.7109461479861106,-0.591234808507589,3.0201769059674173,0.028434818959102562,0.028434818959102527,-1.228404744452531,0.7208095762854224,preturn,3.0201769059674173,-1.228404744452531
33.07169359992258,3527.004078454,odom,turning,3,4,,0.7054626475456557,-0.6216087106445269,-2.1014695327951554,-7.75026553487133,-6.521662426369189,2.4948221830019417,2.2415947508190883,1.5556811094284058,-1.9536838404325194,1.9536838404325194,0.02637036700025419,pixhawk_fused,True,0.8,0.2,gyro,-1.0,0.03334391862154007,-0.43827441334724426,0.0,-0.75,0.011834262999855127,3,1.387131865563564,0.0411078085948633,0.054118275107073274,0.7091948205692667,-0.5910211186901493,3.0201769059674173,0.03081444299424669,0.030814442994246738,-1.1615388684170131,0.7191446704815098,preturn,3.0201769059674173,-1.1615388684170131
33.071894399938174,3527.104313497,odom,turning,3,4,,0.7031587685176788,-0.6238404620781004,-2.110014565253417,-7.752215389180172,-6.519115537833917,2.48627715054368,2.1976533443212403,1.5556811094284058,-1.9536838404325194,1.9536838404325194,0.1264545620001627,pixhawk_fused,True,0.8,0.2,gyro,-1.0,0.035857003182172775,-0.47130656242370605,0.0,-0.75,0.010673218000192719,3,1.3891484793032907,0.043124422334589824,0.05677313949614366,0.7071930528199076,-0.5907768711663548,3.0201769059674173,0.03330880504927303,0.03330880504927307,-1.1529938359587515,0.7172414239588596,preturn,3.0201769059674173,-1.1529938359587515
33.072010300005786,3527.224327718,odom,turning,3,4,,0.7006807744130322,-0.6260326413538064,-2.185147620436375,-7.754105768815118,-6.516400290221768,2.4111440953607217,2.152334692875579,1.6369192600250244,-2.0360092085090824,2.0360092085090824,0.05059825099988302,pixhawk_fused,True,0.8,0.2,gyro,-1.0,0.030919259414076805,-0.4064045548439026,0.0,-0.75,0.030882144999850425,3,1.3913427191990173,0.045318662230316546,0.059661848050233134,0.7050149665701242,-0.5905111099793785,3.0201769059674173,0.03578497467987179,0.03578497467987177,-1.0778607807757936,0.7151691823499791,preturn,3.0201769059674173,-1.0778607807757936
33.40997239993885,3527.340584439,odom,turning,3,4,,0.6983019153269516,-0.6279571667861263,-2.2216929374224232,-7.75574177984478,-6.513814514399718,2.3745987783746743,2.1104073561669052,1.6714837551116943,-2.0712520416465945,2.0712520416465945,0.05127704899996388,pixhawk_fused,True,0.8,0.2,gyro,-1.0,0.030782071873545647,-0.4046013653278351,0.0,-0.75,0.012133885999901395,3,1.3934709714978657,0.04744691452916497,0.06246368418169582,0.7029023821270014,-0.5902533410552839,3.0201769059674173,0.037983453891399795,0.03798345389139977,-1.0413154637897453,0.7131573174759888,preturn,3.0201769059674173,-1.0413154637897453
33.41017579997424,3527.443868647,odom,turning,3,4,,0.696086021723755,-0.6296084367501888,-2.2290443603584045,-7.757125252259126,-6.511422260016579,2.3672473554386926,2.0725351510998333,1.6714837551116943,-2.0712520416465945,2.0712520416465945,0.1534575059999952,pixhawk_fused,True,0.8,0.2,gyro,-1.0,0.02821127511560917,-0.3708106577396393,0.0,-0.75,0.021768184999928053,3,1.3954705541009271,0.049446497132226305,0.06509612714352553,0.7009175201337817,-0.5900111563027957,3.0201769059674173,0.039890951301211126,0.03989095130121116,-1.033964040853764,0.7112650119300261,preturn,3.0201769059674173,-1.033964040853764
33.410292199929245,3527.564161047,odom,turning,3,4,,0.6933547964246466,-0.6314736453416889,-2.265294800035612,-7.7586615288356375,-6.508493361075892,2.3309969157614847,2.027227940573393,1.7066792249679565,-2.105333015241975,2.105333015241975,0.09922378999999637,pixhawk_fused,True,0.8,0.2,gyro,-1.0,0.02816775068640709,-0.3702385723590851,0.0,-0.75,0.012116071000036754,3,1.3979557628652164,0.05193170589651567,0.06836789511660905,0.6984506070820767,-0.5897101536492719,3.0201769059674173,0.042073228121918126,0.04207322812191812,-0.9977136011765566,0.7089098972035579,preturn,3.0201769059674173,-0.9977136011765566
33.74785159993917,3527.664791191,odom,turning,3,4,,0.6908812845474536,-0.6330130949692752,-2.3484332097839733,-7.7599040920225955,-6.505858175524758,2.2478585060131238,1.9873185770625341,1.800327181816101,-2.198875806757564,2.198875806757564,0.006203013999765972,pixhawk_fused,True,0.8,0.2,gyro,-1.0,0.028160743415355682,-0.3701464533805847,0.0,-0.75,0.010989858000357344,3,1.400224610614165,0.054200553645464264,0.07135482462831762,0.6961984622302485,-0.5894353561341947,3.0201769059674173,0.043900930519624404,0.04390093051962438,-0.9145751914281952,0.7067562368227608,preturn,3.0201769059674173,-0.9145751914281952
33.7480170999188,3527.781994369,odom,turning,3,4,,0.6878687381715956,-0.6347093697312283,-2.3700187424303003,-7.7612399846978235,-6.50266941800889,2.2262729733667967,1.9399399772913755,1.8159250020980835,-2.2142386023489182,2.2142386023489182,0.015600077999806672,pixhawk_fused,True,0.8,0.2,gyro,-1.0,0.03102802112698555,-0.40783411264419556,0.0,-0.75,0.005798004999633122,3,1.4030095302830752,0.056985473314374493,0.0750211608779229,0.6934340446980461,-0.589098053199231,3.0201769059674173,0.045949590123475506,0.04594959012347547,-0.8929896587818682,0.7041074422236216,preturn,3.0201769059674173,-0.8929896587818682
33.74814319994766,3527.90164108,odom,turning,3,4,,0.6844247081429412,-0.6364301713564968,-2.444258192999925,-7.762550257513526,-6.499049240358521,2.152033522797172,1.8871902925732786,1.8950684070587158,-2.29365967584526,2.29365967584526,0.024328787999820634,pixhawk_fused,True,0.8,0.2,gyro,-1.0,0.03100465051829815,-0.4075269401073456,0.0,-0.75,0.0021569660002569435,3,1.4062197864544672,0.06019572948576656,0.07924745103023438,0.6902474219232033,-0.5887092345052184,3.0201769059674173,0.0480748563152357,0.04807485631523568,-0.8187502082122435,0.7010465955036119,preturn,3.0201769059674173,-0.8187502082122435
34.06889170000795,3528.021189886,odom,turning,3,4,,0.6816243640124323,-0.6376632093313894,-2.4523918839058005,-7.76345061257683,-6.496124916392749,2.1438998318912965,1.845266840477394,1.8950684070587158,-2.29365967584526,2.29365967584526,0.14355328700003156,pixhawk_fused,True,0.8,0.2,gyro,-1.0,0.023152345791459084,-0.3043157756328583,0.0,-0.75,0.023599268999987544,3,1.4088501722298648,0.06282611526116394,0.08271034399136575,0.6876364006305102,-0.5883906483527943,3.0201769059674173,0.049637987969764485,0.04963798796976447,-0.810616517306368,0.6985317616660098,preturn,3.0201769059674173,-0.810616517306368
34.069361399975605,3528.121409502,odom,turning,3,4,,0.6794239853985147,-0.6385351803020848,-2.518797599273361,-7.764061829225495,-6.49383834393015,2.077494116523736,1.8128342315589732,1.9692381620407104,-2.3682434163478563,2.3682434163478563,0.022004770999956236,pixhawk_fused,True,0.8,0.2,gyro,-1.0,0.022152535617351532,-0.2911742329597473,0.0,-0.75,0.0019095460002063191,3,1.4109287409278422,0.06490468395914135,0.08544677184950629,0.6855731340254723,-0.5881388969898454,3.0201769059674173,0.05077004432265061,0.050770044322650656,-0.7442108019388076,0.6965400624206074,preturn,3.0201769059674173,-0.7442108019388076
34.06958299991675,3528.221925407,odom,turning,3,4,,0.6771004315694511,-0.6393699291875958,-2.5456682802478987,-7.7646218061551115,-6.491433737114741,2.0506234355491983,1.7790094406840782,1.9955366849899292,-2.393434008070583,2.393434008070583,0.03482273300005545,pixhawk_fused,True,0.8,0.2,gyro,-1.0,0.028432350605726242,-0.37371647357940674,0.0,-0.75,0.0029120939998392714,3,1.4131340862961852,0.06711002932748447,0.08835010071644608,0.6833840240597997,-0.5878717907340869,3.0201769059674173,0.05188007130644232,0.051880071306442295,-0.7173401209642698,0.6944226491210862,preturn,3.0201769059674173,-0.7173401209642698
34.3731469999766,3528.324532983,odom,turning,3,4,,0.6745162710020687,-0.6401936166443063,-2.5531321600663057,-7.7651406083104915,-6.4887715592116075,2.0431595557307913,1.7404924355924405,1.9955366849899292,-2.393434008070583,2.393434008070583,0.13642040800004906,pixhawk_fused,True,0.8,0.2,gyro,-1.0,0.028247883543372154,-0.371291846036911,0.0,-0.75,0.008603547000348044,3,1.4155994595916899,0.06957540262298907,0.0915957553696212,0.6809368004513057,-0.5875731905059949,3.0201769059674173,0.05301068237049969,0.05301068237049974,-0.7098762411458637,0.6920498762583582,preturn,3.0201769059674173,-0.7098762411458637
34.373297399957664,3528.424557031,odom,turning,3,4,,0.6715657157355027,-0.6410075254895047,-2.589347685459744,-7.765607255751838,-6.485746585797702,2.006944030337353,1.6985612584996905,2.0301496982574463,-2.42828292701518,2.42828292701518,0.06487113799994404,pixhawk_fused,True,0.8,0.2,gyro,-1.0,0.030826639384031296,-0.4051871597766876,0.0,-0.75,0.010022752000168111,3,1.418429714609219,0.0724056576405182,0.09532177543484441,0.6781273813221274,-0.5872303966599943,3.0201769059674173,0.05417596367778286,0.054175963677782886,-0.6736607157524244,0.6893185753466821,preturn,3.0201769059674173,-0.6736607157524244
34.37341809994541,3528.526784079,odom,turning,3,4,,0.6684595729819053,-0.6417235084884546,-2.6604882244027106,-7.7659586138253225,-6.482578415668951,1.9358034913943865,1.654886737307838,2.1082944869995117,-2.50601123795783,2.50601123795783,0.05355028799976935,pixhawk_fused,True,0.8,0.2,gyro,-1.0,0.030774403363466263,-0.4045005738735199,0.0,-0.7237018843003129,0.012878978000117058,3,1.421426272252084,0.07540221528338328,0.09926673227963811,0.6751528838611529,-0.5868674606302733,3.0201769059674173,0.055262884444673484,0.0552628844446735,-0.6025201768094579,0.6864179791390781,preturn,3.0201769059674173,-0.6025201768094579
34.68987699993886,3528.641083885,odom,turning,3,4,,0.6655739812550072,-0.6422571670943109,-2.6685203553192878,-7.766154422751691,-6.479650431723247,1.9277713604778093,1.613337058346708,2.1082944869995117,-2.50601123795783,2.50601123795783,0.16843143100004454,pixhawk_fused,True,0.8,0.2,gyro,-1.0,0.023148871958255768,-0.3042701184749603,0.0,-0.7145134367278668,0.022415297999941686,3,1.4242259852325458,0.07820192826384503,0.1029525438681548,0.6723737819234112,-0.5865283659641297,3.0201769059674173,0.05614211043893267,0.05614211043893266,-0.5944880458928807,0.6836990278087464,preturn,3.0201769059674173,-0.5944880458928807
34.69007909996435,3528.743463725,odom,turning,3,4,,0.6634751742982763,-0.6425664172665668,-2.7195398249637783,-7.766218472400504,-6.477529930850069,1.8767518908333187,1.582910996055546,2.1674671173095703,-2.5619565199402516,2.5619565199402516,0.07286390299987033,pixhawk_fused,True,0.8,0.2,gyro,-1.0,0.025782834738492966,-0.33889108896255493,0.0,-0.6478602500650914,0.029785819000153424,3,1.4262718854503373,0.08024782848163657,0.10564596379523646,0.6703429432983917,-0.5862805713308382,3.0201769059674173,0.05670328653384672,0.056703286533846715,-0.5434685762483902,0.6817065059823081,preturn,3.0201769059674173,-0.5434685762483902
34.69017810001969,3528.845562294,odom,turning,3,4,,0.6612194446072636,-0.6428294842996481,-2.7602344805732315,-7.766218472400504,-6.475258913302182,1.8360572352238655,1.5504441108329585,2.2100577354431152,-2.604627430447692,2.604627430447692,0.07364564199997403,pixhawk_fused,True,0.8,0.2,gyro,-1.0,0.018094221130013466,-0.30578339099884033,0.0,-0.5949579795406037,0.03177677000030599,3,1.42847914675558,0.08245508978687917,0.10855181498588452,0.6681519315006431,-0.5860132330212986,3.0201769059674173,0.057237625595856406,0.05723762559585639,-0.502773920638937,0.6795517163501998,preturn,3.0201769059674173,-0.502773920638937
35.02687840000726,3528.946076309,odom,turning,3,4,,0.6600522598497349,-0.6429121739904945,-2.7946148366863763,-7.766165402691487,-6.474090007211358,1.8016768791107207,1.4979118928192618,2.2394332885742188,-2.6346540061322394,2.6346540061322394,0.055188376999922184,pixhawk_fused,True,0.8,0.2,gyro,-1.0,0.01824759691953659,-0.4797108769416809,0.0,-0.5528950832653552,0.03192419200013319,3,1.4296277237028172,0.08360366673411639,0.11006391220869766,0.667011810194642,-0.5858741200767998,3.0201769059674173,0.05746107321713399,0.05746107321713405,-0.46839356452579217,0.6784261167542899,preturn,3.0201769059674173,-0.46839356452579217
35.02711849997286,3529.062261604,odom,turning,3,4,,0.658905147456982,-0.6429418570159723,-2.8051797733443404,-7.766062008258405,-6.4729471784775505,1.7911119424527566,1.442877368321101,2.2394332885742188,-2.6346540061322394,2.6346540061322394,0.1710456430000704,pixhawk_fused,True,0.8,0.2,gyro,-1.0,0.012859842739999294,-0.5071253776550293,0.0,-0.5386840182444853,0.022129175000372925,3,1.4307627960977625,0.0847387391290618,0.1115582307393083,0.6658850940225616,-0.5857366427719836,3.0201769059674173,0.05762947328198476,0.057629473281984714,-0.4578286278678281,0.6773094375217357,preturn,3.0201769059674173,-0.4578286278678281
35.027310699922964,3529.180775305,odom,turning,3,4,,0.6576745623248863,-0.6428956035259032,-2.90367341197104,-7.7658735192919,-6.471730235150117,1.6926183038260572,1.3800072954998877,2.345125436782837,-2.74159919262802,2.74159919262802,0.07223465900005976,pixhawk_fused,True,0.8,0.2,gyro,-1.0,0.015371112152934074,-0.471423864364624,0.0,-0.407780070495056,0.013161896999918099,3,1.4319899239715526,0.08596586700285173,0.11317373996092174,0.664667000069465,-0.5855880159235952,3.0201769059674173,0.05773260588617162,0.057732605886171656,-0.3593349892411286,0.6760955665485869,preturn,3.0201769059674173,-0.3593349892411286
35.34915479994379,3529.280885812,odom,turning,3,4,,0.6565920430720171,-0.6427998404735018,-2.9459584999678796,-7.765653005500989,-6.47066609598485,1.6503332158292174,1.3353258212590373,2.385782480239868,-2.7833127368775545,2.7833127368775545,0.01123190699991028,pixhawk_fused,True,0.8,0.2,gyro,-1.0,0.007715647574514151,-0.3718232214450836,0.0,-0.3983221197530032,0.020550326000375208,3,1.4330760724856308,0.08705201551693004,0.11460365038673251,0.6635888476084036,-0.5854564641644205,3.0201769059674173,0.0577686600177406,0.05776866001774056,-0.3170499012442889,0.6750164761585685,preturn,3.0201769059674173,-0.3170499012442889
35.34940750000533,3529.401378926,odom,turning,3,4,,0.6555654488858838,-0.6426662346732517,-3.012792407874838,-7.765401381880656,-6.469661888990972,1.583499307922259,1.2954316521732672,2.457441806793213,-2.8565953187135396,2.8565953187135396,0.03303620199994839,pixhawk_fused,True,0.8,0.2,gyro,-1.0,0.005123449023813009,-0.5387433171272278,0.0,-0.26627862903031596,0.01145745799976794,3,1.434111291069255,0.08808723410055434,0.11596651175102171,0.6625612501397297,-0.585331080918906,3.0201769059674173,0.05776037648092139,0.05776037648092136,-0.25021599333733135,0.6739843514522386,preturn,3.0201769059674173,-0.25021599333733135
35.34951089997776,3529.503698675,odom,turning,3,4,,0.6551305918489678,-0.6425907445584776,-3.057906023731684,-7.76527602756798,-6.469238703811319,1.5383856920654129,1.25548410549762,2.5043749809265137,-2.9029512596515357,2.9029512596515357,0.01273588899994138,pixhawk_fused,True,0.8,0.2,gyro,-1.0,0.007682878989726305,-0.2356298416852951,0.0,-0.2547160667731777,0.010399002999747609,3,1.4345520899432156,0.0885280329745148,0.11654682180751207,0.6621236963571359,-0.5852776923937089,3.0201769059674173,0.057738110976231875,0.057738110976231875,-0.20510237748048432,0.6735432663076989,preturn,3.0201769059674173,-0.20510237748048432
35.69030729995575,3529.625920451,odom,turning,3,4,,0.6547936612233096,-0.6425176520423578,-3.061444441390087,-7.76516439818005,-6.4689125080998675,1.53484727440701,1.2372118116690958,2.5043749809265137,-2.9029512596515357,2.9029512596515357,0.13439201200026218,pixhawk_fused,True,0.8,0.2,gyro,-1.0,0.005168999079614878,-0.06794162839651108,0.0,-0.2011666320751658,0.03274126399992383,3,1.434895392933097,0.08887133596439628,0.11699877890000979,0.6617829207093926,-0.5852361123411991,3.0201769059674173,0.05770636480232678,0.0577063648023268,-0.20156395982208153,0.6731985056395628,preturn,3.0201769059674173,-0.20156395982208153
35.69046690000687,3529.743209458,odom,turning,3,4,,0.6547454027942858,-0.6425066984904837,-3.080042603886458,-7.7651479282703555,-6.468865843355733,1.5162491119106392,1.2365365838544484,2.531848907470703,-2.925855617699528,2.925855617699528,0.07043972100018436,pixhawk_fused,True,0.8,0.2,gyro,-1.0,0.0,0.0,0.0,-0.1761364702833454,0.014666747999854124,3,1.4349446227597222,0.08892056579102138,0.11706358978124717,0.6617340533049396,-0.5852301497401252,3.0201769059674173,0.05770133683643953,0.057701336836439514,-0.1829657973257106,0.6731490260182657,preturn,3.0201769059674173,-0.1829657973257106
35.690641499939375,3529.843343686,odom,turning,3,4,,0.6547454027942858,-0.6425066984904837,-3.0797294380480293,-7.7651479282703555,-6.468865843355733,1.5165622777490677,1.2365365838544484,2.5319724082946777,-2.9254670265329423,2.9254670265329423,0.053464863000044716,pixhawk_fused,True,0.8,0.2,gyro,-1.0,0.0,0.0,0.0,-0.17654358587330252,0.021857904000171402,3,1.4349446227597222,0.08892056579102138,0.11706358978124717,0.6617340533049396,-0.5852301497401252,3.0201769059674173,0.05770133683643953,0.057701336836439514,-0.18327896316414005,0.6731490260182657,preturn,3.0201769059674173,-0.18327896316414005
36.02724879991729,3529.964374453,odom,turning,3,4,,0.6541682253069251,-0.6423759527236068,-3.0817705692910664,-7.764951204349003,-6.468307696416083,1.5145211465060306,1.2270836607996312,2.532461166381836,-2.9257249267970566,2.9257249267970566,0.005432939999991504,pixhawk_fused,True,0.8,0.2,gyro,-1.0,0.0102453688159585,-0.13466572761535645,0.0,-0.17483899363409774,0.01227536299984422,3,1.4355333867784688,0.08950932980976804,0.1178386953932661,0.6611496236734774,-0.5851588400238195,3.0201769059674173,0.05764145998196668,0.05764145998196664,-0.1812378319211021,0.6725572965151989,preturn,3.0201769059674173,-0.1812378319211021
36.02750640001614,3530.064746082,odom,turning,3,4,,0.6534948038573636,-0.6422177408500894,-3.083605107045221,-7.764716050638364,-6.467657134983147,1.512686608751876,1.2176080736554438,2.532461166381836,-2.9257249267970566,2.9257249267970566,0.10579175499970006,pixhawk_fused,True,0.8,0.2,gyro,-1.0,0.0,0.0,0.0,-0.17150521617695327,0.011009337999894342,3,1.4362210128570199,0.09019695588831912,0.11874395253447198,0.6604670597890081,-0.5850755563668285,3.0201769059674173,0.05756597606481954,0.0575659760648195,-0.17940329416694745,0.6718657313668673,preturn,3.0201769059674173,-0.17940329416694745
36.02769139991142,3530.180909729,odom,turning,3,4,,0.6535431682763282,-0.6422296032374553,-3.0980109563677054,-7.764733435543041,-6.467703799727282,1.4982807594293917,1.2169289305580788,2.550933361053467,-2.943429219057167,2.943429219057167,0.06460527299987007,pixhawk_fused,True,0.8,0.2,gyro,-1.0,0.0,0.0,0.0,-0.15277761205772364,0.02390735400013,3,1.436171567744713,0.09014751077601228,0.11867885823044587,0.6605161408942438,-0.585081545042799,3.0201769059674173,0.05757189333824295,0.05757189333824296,-0.1649974448444631,0.6719155016503607,preturn,3.0201769059674173,-0.1649974448444631
36.33270759996958,3530.282649972,odom,turning,3,4,,0.6535915326952928,-0.6422414656248211,-3.0986638086032183,-7.764750820447719,-6.4677504644714165,1.4976279071938787,1.214903359102713,2.5511131286621094,-2.9437516497027483,2.9437516497027483,0.014856725000299775,pixhawk_fused,True,0.8,0.2,gyro,-1.0,-0.0025861880276352167,-0.03399300575256348,0.0,-0.15243800896798784,0.0025862510001388728,3,1.4361221226324061,0.09009806566370548,0.1186137639264198,0.6605652219994794,-0.5850875337187693,3.0201769059674173,0.05757781061166646,0.057577810611666426,-0.16434459260895018,0.6719652719379499,preturn,3.0201769059674173,-0.16434459260895018
36.3328386999201,3530.383136303,odom,turning,3,4,,0.6535915326952928,-0.6422414656248211,-3.1060201219177115,-7.764750820447719,-6.4677504644714165,1.4902715938793856,1.2040810830160007,2.559434175491333,-2.95027423903331,2.95027423903331,0.008409273999859579,pixhawk_fused,True,0.8,0.2,gyro,-1.0,-0.002585668582469225,-0.16993089020252228,0.0,-0.1500581717964726,0.0048461209999004495,3,1.4361221226324061,0.09009806566370548,0.1186137639264198,0.6605652219994794,-0.5850875337187693,3.0201769059674173,0.05757781061166646,0.057577810611666426,-0.1569882792944579,0.6719652719379499,preturn,3.0201769059674173,-0.1569882792944579
36.33293869998306,3530.484259413,odom,turning,3,4,,0.6536425176307928,-0.6422521012068727,-3.111634744471532,-7.764767290357414,-6.467799874200501,1.484656971325565,1.1750359907304235,2.559434175491333,-2.95027423903331,2.95027423903331,0.10889689999976326,pixhawk_fused,True,0.8,0.2,gyro,-1.0,0.0025687587913125753,-0.23634737730026245,0.0,-0.13625169269338533,0.00998408700024811,3,1.4360702248831716,0.09004616791447091,0.11854544073512067,0.660616737685719,-0.5850938194523688,3.0201769059674173,0.05758219272050853,0.05758219272050848,-0.15137365674063652,0.6720173543026126,preturn,3.0201769059674173,-0.15137365674063652
36.650474799913354,3530.585238305,odom,turning,3,4,,0.6537372923498141,-0.6422788174629329,-3.13998386622764,-7.7648048051517184,-6.467890916201312,1.4563078495694572,1.1411843276056222,2.587320327758789,-2.9773104171453397,2.9773104171453397,0.09289038799988703,pixhawk_fused,True,0.8,0.2,gyro,-1.0,0.0051710763946175575,-0.33980369567871094,0.0,-0.12,0.032113798999944265,3,1.4359729120703542,0.0899488551016534,0.11841732878375387,0.6607133340970496,-0.5851056057518946,3.0201769059674173,0.05759723340416948,0.057597233404169494,-0.1230245349845287,0.672115598023593,preturn,3.0201769059674173,-0.1230245349845287
36.65071680000983,3530.703308071,odom,turning,3,4,,0.6533635563387283,-0.6421547454803127,3.077945507794842,-7.764638276064806,-6.46753406815793,1.3910519164123527,1.101980656276534,2.6541500091552734,-3.0488015723524966,3.0488015723524966,0.022074066000186576,pixhawk_fused,True,0.8,0.2,gyro,-1.0,0.0025647892616689205,-0.16855868697166443,0.0,0.0,0.013353687999824615,3,1.4363589240036054,0.0903348670349047,0.11892551203925626,0.6603301639224007,-0.5850588528923883,3.0201769059674173,0.05751934084841965,0.0575193408484196,-0.057768601827424604,0.6717243325211842,preturn,3.0201769059674173,-0.057768601827424604
36.65113759995438,3530.803619182,odom,turning,3,4,,0.6533635563387283,-0.6421547454803127,3.077945507794842,-7.764638276064806,-6.46753406815793,1.3910519164123527,1.101980656276534,2.6541500091552734,-3.0488015723524966,3.0488015723524966,0.12219744100002572,pixhawk_fused,True,0.8,0.2,gyro,-1.0,0.0,0.0,0.0,0.0,0.013678273000095942,3,1.4363589240036054,0.0903348670349047,0.11892551203925626,0.6603301639224007,-0.5850588528923883,3.0201769059674173,0.05751934084841965,0.0575193408484196,-0.057768601827424604,0.6717243325211842,preturn,3.0201769059674173,-0.057768601827424604
36.986501900013536,3530.924774852,odom,turning,3,4,,0.6533635563387283,-0.6421547454803127,3.068461700388532,-7.764638276064806,-6.46753406815793,1.381568109006043,1.101980656276534,2.6628143787384033,-3.0605667465178645,3.0605667465178645,0.06438844399963273,pixhawk_fused,True,0.8,0.2,gyro,-1.0,0.0,0.0,0.0,0.0,0.027303899000344245,3,1.4363589240036054,0.0903348670349047,0.11892551203925626,0.6603301639224007,-0.5850588528923883,3.0201769059674173,0.05751934084841965,0.0575193408484196,-0.048284794421114885,0.6717243325211842,preturn,3.0201769059674173,-0.048284794421114885
36.98661699995864,,mission_status,navigating,3,4,going to waypoint 3/4,0.6533635563387283,-0.6421547454803127,3.068461700388532,,,,,,,,,,,,,,,,,,,,,,,,,,,,,,,,,
36.98666759999469,3531.025643283,odom,navigating,3,4,,0.6533635563387283,-0.6421547454803127,3.0703787007969394,-7.764638276064806,-6.46753406815793,1.3834851094144502,1.101980656276534,2.6622121334075928,-3.0581881253994885,3.0581881253994885,0.0542131590000281,pixhawk_fused,True,0.8,0.2,gyro,-1.0,0.0,0.0,0.28,-0.7482627075728928,0.030461358000138716,3,1.4363589240036054,0.0903348670349047,0.11892551203925626,0.6603301639224007,-0.5850588528923883,3.0201769059674173,0.05751934084841965,0.0575193408484196,-0.05020179482952214,0.6717243325211842,,,
36.986758499988355,3531.140450462,odom,navigating,3,4,,0.6533635563387283,-0.6421547454803127,3.0703787007969394,-7.764638276064806,-6.46753406815793,1.3834851094144502,1.101980656276534,2.6622121334075928,-3.0581881253994885,3.0581881253994885,0.1705293189997974,pixhawk_fused,True,0.8,0.2,gyro,-1.0,0.0,0.0,0.28,-0.7589002644418296,0.003956864999963727,3,1.4363589240036054,0.0903348670349047,0.11892551203925626,0.6603301639224007,-0.5850588528923883,3.0201769059674173,0.05751934084841965,0.0575193408484196,-0.05020179482952214,0.6717243325211842,,,
37.311041799956,3531.241931452,odom,navigating,3,4,,0.6531787789000157,-0.642086938506229,3.0700361669966805,-7.764549521551452,-6.467358389121187,1.3831425756141913,1.100630356516133,2.6622583866119385,-3.0582880820209044,3.0582880820209044,0.07599571299988384,pixhawk_fused,True,0.8,0.2,gyro,-1.0,0.007681095041334629,-0.033651355654001236,0.28,-0.7584532773864189,0.00561102799974833,3,1.436550553761713,0.09052649679301218,0.1191777918936793,0.6601399449121658,-0.5850356431457815,3.0201769059674173,0.057474412868281935,0.05747441286828194,-0.04985926102926319,0.6715295600511856,,,
37.31126139999833,3531.344535821,odom,navigating,3,4,,0.6492812311126887,-0.6406456553391563,3.066200396131901,-7.762666461876371,-6.463654031932379,1.3793068047494117,1.093885945048324,2.6663241386413574,-3.061424095951801,3.061424095951801,0.0680059110000002,pixhawk_fused,True,0.8,0.2,gyro,-1.0,0.07171043753623962,-0.20197848975658417,0.28,-0.7284568390322512,0.006162606000088999,3,1.440593973255625,0.09456991628692432,0.12450093842044851,0.6561262924309819,-0.5845459136653187,3.0201769059674173,0.05651580204086732,0.05651580204086731,-0.046023490164483594,0.6674192101274713,,,
37.31150609999895,3531.464311711,odom,navigating,3,4,,0.636694312112575,-0.6356679532955016,3.047852277076489,-7.756264241980092,-6.451728444821025,1.360958685694,1.0559983109293178,2.6809749603271484,-3.0750862844370657,3.0750862844370657,0.06923352899957536,pixhawk_fused,True,0.8,0.2,gyro,-1.0,0.13955596089363098,-0.33969101309776306,0.28,-0.542728310276923,0.02587491600024805,3,1.4536911169456972,0.10766705997699633,0.14174327873398093,0.6431255678345784,-0.5829596183564737,3.0201769059674173,0.053099243141560455,0.053099243141560414,-0.02767537110907181,0.6540838260486435,,,
37.64823599997908,3531.564568972,odom,navigating,3,4,,0.6208607422172457,-0.6287400971591977,3.041606063601966,-7.747548914766706,-6.43680396165278,1.354712472219477,1.023527616671911,2.6809749603271484,-3.0750862844370657,3.0750862844370657,0.16920451899977706,pixhawk_fused,True,0.8,0.2,gyro,-1.0,0.19643183052539825,-0.339725136756897,0.28,-0.42804106762350785,0.02616400099987004,3,1.4702472082895541,0.12422315132085326,0.1635393105992418,0.6266913598081717,-0.5809543834248697,3.0201769059674173,0.04814011361215045,0.04814011361215043,-0.02142915763454889,0.6371899551967006,,,
37.648398399935104,3531.681712333,odom,navigating,3,4,,0.5982698818270631,-0.6179943066375637,2.974452056673813,-7.734258612638158,-6.415609932860796,1.287558465291324,0.9984917951479776,2.759366989135742,3.13088918101431,-3.13088918101431,0.04266862900021806,pixhawk_fused,True,0.8,0.2,gyro,-1.0,0.21770323812961578,-0.03366471454501152,0.28,-0.04561632363491021,0.04539337699998214,3,1.4939732632811027,0.1479492063124019,0.19477457258785152,0.6031399722687599,-0.5780807393219176,3.0201769059674173,0.04020958389203897,0.04020958389203894,0.04572484929360421,0.6129630596551178,,,
37.64851889992133,3531.80130504,odom,navigating,3,4,,0.5728483600471412,-0.6055833216509602,2.9696045268262523,-7.7189864313763605,-6.391797188427372,1.2827109354437631,1.0167298361020074,2.767404079437256,3.120478142615567,-3.120478142615567,0.112304666,pixhawk_fused,True,0.8,0.2,gyro,-1.0,0.25472673773765564,0.3720158636569977,0.28,0.39979977502864406,0.01311058300007062,3,1.5207108252282988,0.17468676825959814,0.22997447213519912,0.5765992480100599,-0.5748423485635616,3.0201769059674173,0.03096896166923472,0.030968961669234702,0.05057237914116497,0.5857245100955898,,,
37.97018990002107,3531.90896034,odom,navigating,3,4,,0.5507400350032714,-0.5957089016291935,2.977611768836039,-7.706617529195726,-6.370981510060872,1.2907181774535497,1.0654625440289662,2.7661898136138916,3.118591942727725,-3.118591942727725,0.04750189899959878,pixhawk_fused,True,0.8,0.2,gyro,-1.0,0.2374873012304306,0.525408923625946,0.28,0.6525811838970771,0.015713203999894176,3,1.5438523588720783,0.19782830190337755,0.2604402139721439,0.5536280786650035,-0.5720395003145627,3.0201769059674173,0.023844944008848446,0.02384494400884844,0.04256513713137844,0.5622695341857532,,,
37.97045589995105,3532.023928921,odom,navigating,3,4,,0.5236843228950095,-0.5854939428670937,3.06020039899565,-7.693337292011991,-6.3452911959222655,1.3733068076131607,1.1384988206394486,2.678514003753662,-3.0796757718369716,3.0796757718369716,0.05149420799989457,pixhawk_fused,True,0.8,0.2,gyro,-1.0,0.2636110186576843,0.6793122291564941,0.28,0.6733493735034098,0.03234158900022521,3,1.5719461029547952,0.22592204598609447,0.29742552219035356,0.5257411562684734,-0.5686368519584875,3.0201769059674173,0.016982110511570957,0.01698211051157096,-0.040023493028232604,0.5339400784293963,,,
37.97058119997382,3532.124219013,odom,navigating,3,4,,0.499172039607131,-0.5782332665673693,3.073235542477225,-7.683286072123377,-6.321784974808158,1.3863419510947357,1.2047600905110616,2.678514003753662,-3.0796757718369716,3.0796757718369716,0.15237815599994065,pixhawk_fused,True,0.8,0.2,gyro,-1.0,0.2634998559951782,0.5432873964309692,0.28,0.38732327859709226,0.0319364509996376,3,1.5971573267774615,0.2511332698087607,0.3306160033485134,0.5007155334752209,-0.5655833276919368,3.0201769059674173,0.012743756387855597,0.0127437563878556,-0.05305863650980758,0.5086184024469251,,,
38.32433490001131,3532.241345745,odom,navigating,3,4,,0.46807437961053755,-0.5710616664862546,-3.1343161896606233,-7.67256050093227,-6.291727389615537,1.4619755261364737,1.2595124723977387,2.599857807159424,-2.9989120919749492,2.9989120919749492,0.07393531800016717,pixhawk_fused,True,0.8,0.2,gyro,-1.0,0.28419581055641174,0.37018316984176636,0.28,0.08524221678264444,0.005659675000060815,3,1.6288946581078778,0.28287060113917717,0.3723980804480559,0.46921184734216587,-0.5617393765987788,3.0201769059674173,0.009391428090904395,0.00939142809090437,-0.1286922115515452,0.476813891362854,,,
38.32470699993428,3532.363062011,odom,navigating,3,4,,0.43697163227787944,-0.5653788521908957,-3.0626170870288547,-7.66331310413625,-6.261492295396208,1.5336746287682423,1.2838654900061706,2.5222153663635254,-2.9156606857821696,2.9156606857821696,0.08532420399978946,pixhawk_fused,True,0.8,0.2,gyro,-1.0,0.27133816480636597,0.10181009024381638,0.28,-0.2355809728045795,0.02551318399991942,3,1.6604567210815415,0.3144326641128409,0.41394941741640356,0.4378821392680317,-0.5579166535976908,3.0201769059674173,0.0075175415411918136,0.007517541541191781,-0.2003913141833138,0.44522280261694724,,,
38.324946900014766,3532.480830949,odom,navigating,3,4,,0.40627880379208536,-0.5599052462075635,-3.051680911961112,-7.654320990940498,-6.231640126577278,1.544610803835985,1.268980522289688,2.5078296661376953,-2.898477708284592,2.898477708284592,0.025646477000009327,pixhawk_fused,True,0.8,0.2,gyro,-1.0,0.27661117911338806,-0.06732954829931259,0.28,-0.25791310160828756,0.045360636999703274,3,1.691586544146042,0.34556248717734134,0.45493171217316336,0.40698148902143483,-0.5541462824800689,3.0201769059674173,0.00580167473632784,0.005801674736327799,-0.21132748925105638,0.4140701551604423,,,
38.66732020000927,3532.581481143,odom,navigating,3,4,,0.38046650874105625,-0.5548071508370186,-3.064512593674065,-7.646267205099845,-6.20659213891676,1.531779122123032,1.2453217456264059,2.51906156539917,-2.9087025503710264,2.9087025503710264,0.014953259999856527,pixhawk_fused,True,0.8,0.2,gyro,-1.0,0.27915850281715393,-0.30296775698661804,0.28,-0.30914045271870183,0.045261935999860725,3,1.7178262825242951,0.3718022255555944,0.48947622886796405,0.3809349234335551,-0.5509681869441473,3.0201769059674173,0.003867435338169006,0.0038674353381689982,-0.19849580753810336,0.38780905471599325,,,
38.667485199985094,3532.700666472,odom,navigating,3,4,,0.34959886446389477,-0.5478463945560258,-3.1111431359168487,-7.635777702614359,-6.176738597605356,1.4851485798802484,1.2135339025010783,2.5671119689941406,-2.9589086989954465,2.9589086989954465,0.010344707000058406,pixhawk_fused,True,0.8,0.2,gyro,-1.0,0.267564982175827,-0.33816248178482056,0.28,-0.28116904609024324,0.01340751999987333,3,1.7493097545682221,0.4032856975995214,0.5309241011734704,0.34968322771520327,-0.5471549826920407,3.0201769059674173,0.0006965396785759895,0.000696539678575936,-0.15186526529532074,0.3563069789741965,,,
38.66759530000854,3532.820917625,odom,navigating,3,4,,0.3199987071741548,-0.5401740497007397,-3.116270064506949,-7.6247282231992575,-6.148226438939077,1.4800216512901478,1.1871057126696685,2.5671119689941406,-2.9589086989954465,2.9589086989954465,0.13068639499988421,pixhawk_fused,True,0.8,0.2,gyro,-1.0,0.2661970853805542,-0.16993775963783264,0.28,0.011831679557230435,0.03466664200004743,3,1.7796212566010545,0.43359719963235377,0.5708290793757483,0.31959487415068577,-0.5434837246974311,3.0201769059674173,0.003334221002658431,-0.0033342210026584608,-0.1467383367052193,0.3260118465980574,,,
38.99048199993558,3532.92113857,odom,navigating,3,4,,0.2950315102305955,-0.5332188339692889,-3.1392558182246724,-7.614927711935995,-6.124232982996505,1.4570358975724247,1.1810326790123995,2.59458065032959,-2.9859626956180088,2.9859626956180088,0.053396733999761636,pixhawk_fused,True,0.8,0.2,gyro,-1.0,0.271392822265625,0.0338837206363678,0.28,0.0036588413695404897,0.03469875200016759,3,1.8052470484100425,0.45922299144134165,0.6045653377256689,0.29415773535484563,-0.5403799889292384,3.0201769059674173,0.007214265235899022,-0.007214265235899036,-0.12375258298749614,0.3004556279541384,,,
38.99071759998333,3533.041791694,odom,navigating,3,4,,0.2640484126418713,-0.5245848317726611,3.1300737043291016,-7.602762853636577,-6.094458588751133,1.4431801129466124,1.1891313636290906,2.6116392612457275,-3.005126758281922,3.005126758281922,0.06605984699990586,pixhawk_fused,True,0.8,0.2,gyro,-1.0,0.27396097779273987,0.1681796908378601,0.2655819748515507,0.14625575227033774,0.005791690000023664,3,1.8370477834352892,0.4910237264665885,0.6464308855505291,0.26259111229490106,-0.5365283585293513,3.0201769059674173,0.012032105206033318,-0.012032105206033308,-0.10989679836168431,0.26883765885555483,,,
38.99099229997955,3533.143396624,odom,navigating,3,4,,0.23818822513750598,-0.517713491802378,3.133243645393145,-7.592942212483688,-6.069568437725188,1.4463500540106558,1.2053551964376314,2.6116392612457275,-3.005126758281922,3.005126758281922,0.16716988099960872,pixhawk_fused,True,0.8,0.2,gyro,-1.0,0.2688071131706238,0.16824844479560852,0.23603421283591247,0.2118392298580647,0.0056568420000076,3,1.8635498329149065,0.5175257759462057,0.6813207338217993,0.23628416669836338,-0.5333184924883945,3.0201769059674173,0.015720734236995545,-0.015720734236995552,-0.11306673942572765,0.24257616587923303,,,
39.30834190000314,3533.243577162,odom,navigating,3,4,,0.2130761046680065,-0.5115061464988702,-3.1270629312544607,-7.583867749739462,-6.045344403046892,1.4692287845426364,1.2229866956403457,2.5882415771484375,-2.980972635892069,2.980972635892069,0.06793955900002402,pixhawk_fused,True,0.8,0.2,gyro,-1.0,0.25881150364875793,0.16840748488903046,0.2072698993569798,0.1829748336331285,0.005822188999900391,3,1.8892289010346177,0.543204844065917,0.7151271302340239,0.210794143803546,-0.5302083040184697,3.0201769059674173,0.01884086094834428,-0.01884086094834433,-0.13594546995770784,0.21720584120390918,,,
39.308564999955706,3533.344164265,odom,navigating,3,4,,0.1909047622606521,-0.5063560609091657,-3.113617259583018,-7.576184079369446,-6.0239188805242,1.4826744562140792,1.2331223462305725,2.574852228164673,-2.9667232421458123,2.9667232421458123,0.04767817099991589,pixhawk_fused,True,0.8,0.2,gyro,-1.0,0.21765990555286407,0.10097416490316391,0.19386838482915109,0.3213887754641519,0.006233808999695611,3,1.9118607878181737,0.5658367308494728,0.7449219239000054,0.18832886937939586,-0.5274671830011994,3.0201769059674173,0.02126769146194433,-0.021267691461944384,-0.14939114162915068,0.1949190020877621,,,
39.308754300000146,3533.461461658,odom,navigating,3,4,,0.16828437591032544,-0.5013366452664435,-3.111100940374177,-7.5685781835729875,-6.002032200530061,1.4851907754229199,1.2459932010012913,2.574852228164673,-2.9667232421458123,2.9667232421458123,0.16550821800001358,pixhawk_fused,True,0.8,0.2,gyro,-1.0,0.17798183858394623,0.3051396310329437,0.15515658454714268,0.47420572275455813,0.02566788300009648,3,1.9349225863171082,0.5888985293484075,0.775282694719231,0.1654368481816999,-0.5246739920858308,3.0201769059674173,0.023510426851370777,-0.023510426851370763,-0.15190746083799134,0.17230496116260577,,,
39.62762939999811,3533.561717917,odom,navigating,3,4,,0.15190142861631684,-0.49792089590487715,-3.102360876448312,-7.563287682581093,-5.986155207584479,1.493930839348785,1.2561212163204658,2.567197561264038,-2.9583209333315845,2.9583209333315845,0.09440277399971819,pixhawk_fused,True,0.8,0.2,gyro,-1.0,0.17058967053890228,0.06789036840200424,0.14543769132980316,0.42054877462533535,0.025854526000330225,3,1.9515986324996666,0.6055745755309657,0.7972366466776118,0.14888356840508066,-0.5226542285056597,3.0201769059674173,0.024916765877527013,-0.024916765877527034,-0.16064752476385635,0.15601990562491658,,,
39.62778859992977,3533.662341648,odom,navigating,3,4,,0.13813456946694197,-0.49527831406894374,-3.0676727535705197,-7.559068183216838,-5.972787130882373,1.5286189622265773,1.2804475644934412,2.5318567752838135,-2.9211139164314024,2.9211139164314024,0.012140792000082001,pixhawk_fused,True,0.8,0.2,gyro,-1.0,0.13439008593559265,0.271715372800827,0.13992105671427796,0.39669320159592264,0.02634029199998622,3,1.9655842055270836,0.6195601485583829,0.8156486008658583,0.13500095494714281,-0.520960328720341,3.0201769059674173,0.025872483771630463,-0.025872483771630463,-0.1953356476416488,0.1424019088461701,,,
39.62789319991134,3533.780529518,odom,navigating,3,4,,0.12317211648192936,-0.4929013683015912,-3.0518397005648215,-7.554974038165259,-5.958200738360358,1.5444520152322756,1.3230309528415567,2.5205471515655518,-2.911795795951819,2.911795795951819,0.013956839999991644,pixhawk_fused,True,0.8,0.2,gyro,-1.0,0.12314057350158691,0.404641717672348,0.1282159052801301,0.26028774134572363,0.04539532000035251,3,1.9807243974007687,0.6347003404320679,0.8355806064142238,0.11997222276367525,-0.5191265842098914,3.0201769059674173,0.026419713648052394,-0.026419713648052366,-0.21116870064734705,0.12765550061031578,,,
39.94739520002622,3533.881257413,odom,navigating,3,4,,0.11185528855704356,-0.4915077725583147,-3.000717802778208,-7.5522789204427365,-5.947121521608309,1.5955739130188888,1.345366012893703,2.4640588760375977,-2.8536646252319566,2.8536646252319566,0.007028937000086444,pixhawk_fused,True,0.8,0.2,gyro,-1.0,0.10756795853376389,0.20194832980632782,0.11482270292060599,0.17485514735591604,0.045551278999937495,3,1.992126701680252,0.6461026447115513,0.8505916970304418,0.1086538604390469,-0.5177455638731994,3.0201769059674173,0.02643238231938502,-0.026432382319385,-0.2622905984339603,0.1165268365360127,,,
39.947555499966256,3533.982426093,odom,navigating,3,4,,0.10110073427285862,-0.49039359149080863,-2.99820328724653,-7.54992646834136,-5.936568426971502,1.5980884285505672,1.3582292434471794,2.4640588760375977,-2.8536646252319566,2.8536646252319566,0.10796482600017043,pixhawk_fused,True,0.8,0.2,gyro,-1.0,0.11011577397584915,0.03365971893072128,0.1087583807669444,0.045271783113652396,0.04567168399989896,3,2.0029370296385283,0.6569129726698275,0.8648234530505567,0.09792311639988016,-0.5164362423193488,3.0201769059674173,0.026235794585335828,-0.026235794585335794,-0.26480511396563955,0.1059778217232881,,,
39.94768019998446,3534.100282508,odom,navigating,3,4,,0.08969793907104878,-0.4893292158875009,-2.9858833776657576,-7.547548396380458,-5.925365685896742,1.6104083381313394,1.3636727490274865,2.4496302604675293,-2.839673213024472,2.839673213024472,0.11028575000000274,pixhawk_fused,True,0.8,0.2,gyro,-1.0,0.09520334750413895,0.033851753920316696,0.09177498582227114,-0.01763384114527538,0.013184357999762142,3,2.014384793946707,0.6683607369780064,0.8798943916232437,0.08655962871607426,-0.5150497159706616,3.0201769059674173,0.025911254628288683,-0.025911254628288652,-0.2771250235464109,0.09483952600386364,,,
40.25066799996421,3534.201078827,odom,navigating,3,4,,0.08163662842734014,-0.4885715750135214,-2.986036184113905,-7.545862060626729,-5.917446404318595,1.6102555316831921,1.358267390450344,2.4494004249572754,-2.838551069230621,2.838551069230621,0.02428826899995329,pixhawk_fused,True,0.8,0.2,gyro,-1.0,0.07977282255887985,-0.03379763662815094,0.08708103353898948,0.007497498562403115,0.014453196999966167,3,2.022478522185289,0.6764544652165879,0.8905497543494431,0.07852548522051994,-0.5140694225998512,3.0201769059674173,0.025686950842578604,-0.02568695084257863,-0.2769722170982636,0.08701533443000561,,,
40.25098409992643,3534.30374284,odom,navigating,3,4,,0.07382574703563878,-0.4877930194202176,-2.987486042775135,-7.544183959827847,-5.90977828886329,1.608805673021962,1.3508362469055883,2.4494004249572754,-2.838551069230621,2.838551069230621,0.1261187099999006,pixhawk_fused,True,0.8,0.2,gyro,-1.0,0.07718219608068466,-0.06763247400522232,0.07833599715456532,0.06296009844787934,0.010999782999988383,3,2.0303261979340035,0.6843021409653028,0.9008811898999416,0.07073558281544401,-0.5131189305292054,3.0201769059674173,0.025513739208671986,-0.025513739208671938,-0.27552235843703343,0.07949536540685051,,,
40.251163200009614,3534.403833269,odom,navigating,3,4,,0.06651250361875423,-0.4870121608111711,-2.9948207094287387,-7.5425612162254385,-5.902604728196315,1.6014710063683584,1.3460908419704711,2.456888198852539,-2.8465131095581104,2.8465131095581104,0.048030718000063644,pixhawk_fused,True,0.8,0.2,gyro,-1.0,0.06947246938943863,-0.10143859684467316,0.07021076507208075,0.14282485948588258,0.012692834000063158,3,2.0376801781755725,0.6916561212068718,0.9105626771756934,0.06343574140952712,-0.5122282336998362,3.0201769059674173,0.025403086379780653,-0.025403086379780677,-0.2681876917834298,0.07252999274017846,,,
40.58817789994646,3534.504759899,odom,navigating,3,4,,0.060182414258283384,-0.4863202294683535,-2.999233008938978,-7.5411406865142805,-5.896397402231422,1.5970587068581192,1.3494744478459157,2.4617326259613037,-2.852816738479619,2.852816738479619,0.03264887600016664,pixhawk_fused,True,0.8,0.2,gyro,-1.0,0.06676772236824036,0.13501521944999695,0.06631197252236226,0.18154731061085697,0.010898637999616767,3,2.0440474715230885,0.6980234145543879,0.9189451948735932,0.05711532306531075,-0.5114570420716295,3.0201769059674173,0.02532323826524211,-0.0253232382652421,-0.2637753922731907,0.06657294184632052,,,
40.588315499946475,3534.621919572,odom,navigating,3,4,,0.053303218337765086,-0.4855960708615845,-3.0000175767486894,-7.539624539827395,-5.889648399236573,1.5962741390484076,1.3535410084917325,2.463649272918701,-2.8547799955204476,2.8547799955204476,0.0047096980001697375,pixhawk_fused,True,0.8,0.2,gyro,-1.0,0.051689986139535904,0.06794162839651108,0.05,0.21742312133509728,0.03489250699976765,3,2.0509637322858687,0.7049396753171682,0.928050426104994,0.050249978716834565,-0.5106193607983406,3.0201769059674173,0.025208873664679613,-0.025208873664679575,-0.2629908244634791,0.06018607346884655,,,
40.588412899989635,3534.741471648,odom,navigating,3,4,,0.04824613450968594,-0.4851048128155113,-2.991810685888213,-7.538550793214807,-5.884682263966163,1.604481029908884,1.3663812621931815,2.457099437713623,-2.8477001277998437,2.8477001277998437,0.07442082299985486,pixhawk_fused,True,0.8,0.2,gyro,-1.0,0.04609179124236107,0.13464392721652985,0.05,0.33702116604796384,0.005526289000044926,3,2.0560430866869455,0.7100190297182448,0.9347373770332937,0.04520801771689653,-0.510004161312937,3.0201769059674173,0.025084013021103392,-0.02508401302110336,-0.27119771532395553,0.05555795775531226,,,
40.90985830000136,3534.845126247,odom,navigating,3,4,,0.04346842131744261,-0.4847025719916597,-2.9788596179893876,-7.5375978259399785,-5.8799833072308,1.6174320978077095,1.3819604301901074,2.444000720977783,-2.835388852921163,2.835388852921163,0.0765875289998803,pixhawk_fused,True,0.8,0.2,gyro,-1.0,0.04451107606291771,0.2771318554878235,0.05,0.3710272720094275,0.009737537000091834,3,2.060834345577419,0.714810288608718,0.9410450513075249,0.040452031314126224,-0.5094238552797077,3.0201769059674173,0.02490462720178775,-0.024904627201787776,-0.2841487832227809,0.05124101628683135,,,
40.91001799993683,3534.946812728,odom,navigating,3,4,,0.03899029851173286,-0.48442844415817277,-2.9599473705997745,-7.536806812777146,-5.875567083945193,1.6363443451973225,1.4110093931132577,2.426370620727539,-2.8189478379607547,2.8189478379607547,0.062202218000038556,pixhawk_fused,True,0.8,0.2,gyro,-1.0,0.048653386533260345,0.30292248725891113,0.0,0.0,0.0038886439997440903,3,2.0653127028734946,0.7192886459047938,0.9469407918118505,0.03600664297386469,-0.5088814471533097,3.0201769059674173,0.02463435722418649,-0.02463435722418652,-0.303061030612394,0.04723570221980047,,,
40.91012769995723,,mission_status,reached,3,4,reached waypoint 3/4,0.03899029851173286,-0.48442844415817277,-2.9599473705997745,,,,,,,,,,,,,,,,,,,,,,,,,,,,,,,,,
40.910168599919416,,mission_status,turning,4,4,aligning for waypoint 4/4,0.03899029851173286,-0.48442844415817277,-2.9599473705997745,,,,,,,,,,,,,,,,,,,,,,,,,,,,,,,preturn,1.5628599854874305,
40.910214499919675,3535.064426593,odom,turning,4,4,,0.03514110382145461,-0.4842785662471918,-2.938695695901121,-7.536212066038176,-5.871761162313269,1.6575960198959763,1.4042306865493568,2.398219347000122,-2.790876562607323,2.790876562607323,0.003208902000096714,pixhawk_fused,True,0.8,0.2,gyro,-1.0,0.023245317861437798,-0.3055378198623657,0.0,-0.75,0.0297030229999109,3,2.069151713264092,0.7231276562953914,0.9519948345243885,0.032195894768611066,-0.5084164752237562,3.0201769059674173,0.024316926329737094,-0.02431692632973713,-0.3243127053110477,0.48555187869498145,preturn,1.5628599854874305,-1.7816296257910347
41.25123789999634,3535.183659454,odom,turning,4,4,,0.0333170777800935,-0.4841674867953972,-2.9593517640326956,-7.535890445301639,-5.869962282176627,1.6369399517644014,1.3791985747237694,2.415916919708252,-2.8104720302492727,2.8104720302492727,0.07176248199994006,pixhawk_fused,True,0.8,0.2,gyro,-1.0,0.01551011297851801,-0.20386582612991333,0.0,-0.75,0.030236899000101403,3,2.070975764797695,0.7249517078289944,0.9543961914947364,0.03038527161296878,-0.5081955503824842,3.0201769059674173,0.024206266278521526,-0.02420626627852157,-0.3036566371794738,0.4853124590833991,preturn,1.5628599854874305,-1.7609735576594598
41.25141759996768,3535.301083175,odom,turning,4,4,,0.030811782129560168,-0.48394148576188667,-2.9815140282660764,-7.535375760623683,-5.867500030677286,1.6147776875310207,1.3447404551162885,2.4303958415985107,-2.8296604309201587,2.8296604309201587,0.04488394400004836,pixhawk_fused,True,0.8,0.2,gyro,-1.0,0.020489715039730072,-0.26931801438331604,0.0,-0.75,0.014847391999865067,3,2.073489989574,0.7274659326052992,0.9577061589382962,0.027889556160524576,-0.5078910333776767,3.0201769059674173,0.024127167998235943,-0.024127167998235957,-0.28149437294609214,0.48492136224280924,preturn,1.5628599854874305,-1.738811293426079
41.25159270002041,3535.404569463,odom,turning,4,4,,0.02880181521213273,-0.4836973300864947,-3.027707142825392,-7.534900420729998,-5.865531876468783,1.5685845729717052,1.3170036941668186,2.481895685195923,-2.880320825052296,2.880320825052296,0.03178791700020156,pixhawk_fused,True,0.8,0.2,gyro,-1.0,0.023079650476574898,-0.3033602833747864,0.0,-0.75,0.02158178100035002,3,2.0755147309963577,0.7294906740276568,0.9603717233909225,0.0258797205632445,-0.5076458014480352,3.0201769059674173,0.024126083762011318,-0.024126083762011294,-0.23530125838677662,0.48455407509618287,preturn,1.5628599854874305,-1.6926181788667636
41.61445079999976,3535.525771146,odom,turning,4,4,,0.02621474756530061,-0.48329938978710457,-3.0582260476350465,-7.5342054820403845,-5.863008320305579,1.5380656681620506,1.281134086820989,2.5114729404449463,-2.9095424938917507,2.9095424938917507,0.04635359199983213,pixhawk_fused,True,0.8,0.2,gyro,-1.0,0.023262834176421165,-0.30576804280281067,0.0,-0.75,0.03236343900016436,3,2.0781309506568952,0.7321068936881944,0.9638159667152236,0.02328276109672134,-0.5073289310621995,3.0201769059674173,0.024207754925713792,-0.024207754925713768,-0.20478235357712293,0.48400982754330524,preturn,1.5628599854874305,-1.662099274057109
41.61475830001291,3535.643808389,odom,turning,4,4,,0.02335665815996211,-0.48274973845853925,-3.065977701651928,-7.533328459349148,-5.860233140522041,1.5303140141451692,1.2412553218195044,2.5114729404449463,-2.9095424938917507,2.9095424938917507,0.1646282550000251,pixhawk_fused,True,0.8,0.2,gyro,-1.0,0.023054374381899834,-0.30302804708480835,0.0,-0.75,0.008793355999841879,3,2.0810345717405925,0.7350105147718917,0.9676385729300894,0.020400516010712577,-0.5069772512904318,3.0201769059674173,0.024407194726680254,-0.024407194726680223,-0.19703069956024066,0.4833144353960363,preturn,1.5628599854874305,-1.6543476200402276
41.615098399925046,3535.764919628,odom,turning,4,4,,0.020327518900231857,-0.482036717207309,-3.115783085977762,-7.532269352656288,-5.857306986566303,1.4805086298193348,1.198614623226062,2.5601892471313477,-2.9610708285093654,2.9610708285093654,0.09234284200010734,pixhawk_fused,True,0.8,0.2,gyro,-1.0,0.03101867064833641,-0.4077112376689911,0.0,-0.75,0.03186246999985087,4,2.1277717132921636,0.02215566057837868,0.04395825960161394,-0.0038241669615935443,-0.4818450371607866,1.5628599854874305,0.024152446484953276,-0.024152446484953276,-1.6045422357143933,0.48246513320719714,preturn,1.5628599854874305,-1.6045422357143933
41.9534426999744,3535.884550608,odom,turning,4,4,,0.017238668828871068,-0.48116714720359527,3.121318094427191,-7.53104783435394,-5.854339657836328,1.4344245030447018,1.1546426889408246,2.6065428256988525,-3.00766353861693,3.00766353861693,0.1036845789999461,pixhawk_fused,True,0.8,0.2,gyro,-1.0,0.028439493849873543,-0.37381038069725037,0.0,-0.75,0.03200641100011126,4,2.1286167419997892,0.02300068928600447,0.045634851060903626,-0.0038174605957563856,-0.4810000350653046,1.5628599854874305,0.02105679255759115,-0.021056792557591155,-1.5584581089397604,0.48147585116082176,preturn,1.5628599854874305,-1.5584581089397604
41.95360609993804,3536.000436366,odom,turning,4,4,,0.014006868497408814,-0.48009868838706976,3.0838661452395764,-7.529612207225561,-5.8512533797585595,1.3969725538570872,1.1080079743388889,2.641644239425659,-3.0429065640390265,3.0429065640390265,0.042013273000065965,pixhawk_fused,True,0.8,0.2,gyro,-1.0,0.028215494006872177,-0.3708661198616028,0.0,-0.75,0.013929525000094145,4,2.129659518766558,0.024043466052773268,0.04770378742405082,-0.0038091848503037967,-0.4799572911382784,1.5628599854874305,0.017816614439070837,-0.01781661443907084,-1.5210061597521458,0.48030296996384314,preturn,1.5628599854874305,-1.5210061597521458
41.953731299960054,3536.104337884,odom,turning,4,4,,0.01192658941825401,-0.47931876626818004,3.0482110306865247,-7.528596562794395,-5.849277448092701,1.3613174393040355,1.0775704872917995,2.6788930892944336,-3.079816099566256,3.079816099566256,0.03016658499973346,pixhawk_fused,True,0.8,0.2,gyro,-1.0,0.023080801591277122,-0.30337539315223694,0.0,-0.75,0.01330824400019992,4,2.1304229066922047,0.02480685397841998,0.04921839830615937,-0.0038031264067753625,-0.4791939272536957,1.5628599854874305,0.015730211210143268,-0.015730211210143268,-1.4853510451990941,0.47946712424524146,preturn,1.5628599854874305,-1.4853510451990941
42.28902359993663,3536.224503758,odom,turning,4,4,,0.009464165195706496,-0.47829922153226445,3.0105165162525434,-7.527298642410964,-5.846949700855865,1.3236229248700542,1.0410600425005068,2.717029333114624,-3.117795539480482,3.117795539480482,0.10937299300030645,pixhawk_fused,True,0.8,0.2,gyro,-1.0,0.02055109478533268,-0.27012479305267334,0.0,-0.75,0.01004952899984346,4,2.1314228768860906,0.025806824172305783,0.05120240366773298,-0.003795190385329068,-0.47819398855146256,1.5628599854874305,0.013259773165653604,-0.013259773165653604,-1.4476565307651128,0.47839284666602383,preturn,1.5628599854874305,-1.4476565307651128
42.289274899987504,3536.326248626,odom,turning,4,4,,0.007094012764574449,-0.4772177895129385,2.9849147862435506,-7.525949939805973,-5.8447207730771975,1.2980211948610614,1.0053621140729678,2.7414159774780273,-3.140970797789131,3.140970797789131,0.054105288999835466,pixhawk_fused,True,0.8,0.2,gyro,-1.0,0.02975456789135933,-0.3910957872867584,0.0,-0.75,0.013710068000364117,4,2.132485464707138,0.02686941199335341,0.05331064644035913,-0.0037867574142385636,-0.477131434194059,1.5628599854874305,0.010881112853253813,-0.010881112853253813,-1.42205480075612,0.47727051411617627,preturn,1.5628599854874305,-1.42205480075612
42.28947379998863,3536.441760171,odom,turning,4,4,,0.003956019383640992,-0.4756266662705816,2.923564925249732,-7.524006032964521,-5.841788214156578,1.236671333867243,0.9571519162284682,2.807133913040161,3.077705398015839,-3.077705398015839,0.0669792840003538,pixhawk_fused,True,0.8,0.2,gyro,-1.0,0.03101867064833641,-0.4077112376689911,0.0,-0.75,0.0021437430000332824,4,2.1340516339158424,0.028435581202057546,0.0564180271665044,-0.0037743278913339824,-0.4755653143080818,1.5628599854874305,0.007730590731309968,-0.007730590731309968,-1.3607049397623017,0.47564311805915044,preturn,1.5628599854874305,-1.3607049397623017
42.610565799986944,3536.541993928,odom,turning,4,4,,0.0013338583203604051,-0.4741458070865535,2.8828048298622098,-7.522231400194928,-5.839355242496695,1.1959112384797206,0.9158959343351935,2.846954822540283,3.0370647391305985,-3.0370647391305985,0.054810049000025174,pixhawk_fused,True,0.8,0.2,gyro,-1.0,0.03358668461441994,-0.4414653480052948,0.0,-0.75,0.0032315120001840114,4,2.135511636317074,0.02989558360328901,0.05931476609898939,-0.0037627409356040427,-0.47410535788610936,1.5628599854874305,0.005096759766137103,-0.005096759766137103,-1.3199448443747792,0.474147683275768,preturn,1.5628599854874305,-1.3199448443747792
42.610706500010565,3536.642532529,odom,turning,4,4,,-0.0011395930030545579,-0.4726130602615229,2.875095786880905,-7.520422455113473,-5.83707598999396,1.1882021954984157,0.8760323630344659,2.846954822540283,3.0370647391305985,-3.0370647391305985,0.1553493910000725,pixhawk_fused,True,0.8,0.2,gyro,-1.0,0.030734576284885406,-0.40397706627845764,0.0,-0.75,0.011230425000121613,4,2.1370247049240936,0.03140865221030874,0.062316791806466314,-0.003750732832774135,-0.472592336929541,1.5628599854874305,0.0026112220638690254,-0.002611222063869026,-1.3122358013934743,0.47261443418708077,preturn,1.5628599854874305,-1.3122358013934743
42.61080589995254,3536.763126076,odom,turning,4,4,,-0.004077594953809764,-0.470608026481533,2.803535377749169,-7.518090590399215,-5.834390022221268,1.1166417863666798,0.8272957990135797,2.9251348972320557,2.9600396021829667,-2.9600396021829667,0.08435679800004436,pixhawk_fused,True,0.8,0.2,gyro,-1.0,0.03320378437638283,-0.43643248081207275,0.0,-0.75,0.004070269999829179,4,2.139006358818902,0.0333903061051172,0.06624852094811731,-0.003735005916207531,-0.47061074544214887,1.5628599854874305,0.00034259982695858897,0.0003425998269585891,-1.2406753922617384,0.47062569136145826,preturn,1.5628599854874305,-1.2406753922617384
42.95328889996745,3536.88216944,odom,turning,4,4,,-0.007105906560099365,-0.4683104512110818,2.763114248709516,-7.515457692335539,-5.831648239754611,1.0762206573270268,0.7752137645111653,2.9636025428771973,2.9224150088356557,-2.9224150088356557,0.025385575000200333,pixhawk_fused,True,0.8,0.2,gyro,-1.0,0.03360355645418167,-0.44168710708618164,0.0,-0.75,0.029745837000064057,4,2.1412798282705565,0.035663775556771575,0.07075923097631161,-0.0037169630760947535,-0.46833734758793893,1.5628599854874305,0.0033890502139781514,0.003389050213978152,-1.2002542632220854,0.4683643588292857,preturn,1.5628599854874305,-1.2002542632220854
42.953450199915096,3536.985211034,odom,turning,4,4,,-0.0093040823804134,-0.4664761513946041,2.7217509671818756,-7.513381111221546,-5.829677340561159,1.0348573757993864,0.7359910105759321,3.0054895877838135,2.8805390859471385,-2.8805390859471385,0.017172148000099696,pixhawk_fused,True,0.8,0.2,gyro,-1.0,0.028438065201044083,-0.3737916052341461,0.0,-0.75,0.004395168999963062,4,2.1430966250297505,0.03748057231596564,0.07436387292781184,-0.0037025445082887526,-0.46652060804438283,1.5628599854874305,0.005601714284623617,0.005601714284623617,-1.158890981694445,0.46656892927933286,preturn,1.5628599854874305,-1.158890981694445
42.953555800020695,3537.103508675,odom,turning,4,4,,-0.011821828256113408,-0.46418443801184456,2.681526897235684,-7.510813177801665,-5.82744200781761,0.9946333058531946,0.6893525136926407,3.0439999103546143,2.8418502636776988,-2.8418502636776988,0.02456639100000757,pixhawk_fused,True,0.8,0.2,gyro,-1.0,0.028215494006872177,-0.3708661198616028,0.0,-0.75,0.013460648000091169,4,2.1453682847596807,0.03975223204589586,0.0788709923513805,-0.003684516030594478,-0.46424901985490424,1.5628599854874305,0.00813756849863845,0.00813756849863845,-1.1186669117482533,0.4643349525027047,preturn,1.5628599854874305,-1.1186669117482533
43.26962719997391,3537.204445451,odom,turning,4,4,,-0.014232925426437337,-0.46178033728590406,2.6361855840285515,-7.508145967426125,-5.825325624421856,0.9492919926460623,0.6427026170046615,3.0885417461395264,2.796821793638331,-2.796821793638331,0.04473566899969228,pixhawk_fused,True,0.8,0.2,gyro,-1.0,0.03178674727678299,-0.41780686378479004,0.0,-0.75,0.021494633000202157,4,2.147753174685064,0.042137121971279126,0.08360276778594274,-0.003665588928856229,-0.4618642050358849,1.5628599854874305,0.010567669300872193,0.010567669300872193,-1.073325598541121,0.4619996277813196,preturn,1.5628599854874305,-1.073325598541121
43.26984810002614,3537.320918656,odom,turning,4,4,,-0.01672370459123896,-0.459040541225625,2.5649551373354256,-7.505136091429439,-5.823168981246848,0.8780615459529364,0.5919823763372117,-3.117469072341919,2.7206742499099796,-2.7206742499099796,0.048194193999734125,pixhawk_fused,True,0.8,0.2,gyro,-1.0,0.031017109751701355,-0.40769070386886597,0.0,-0.75,0.029230719999759458,4,2.150473116996004,0.04485706428221923,0.08899930876393547,-0.003644002764944258,-0.4591443483829765,1.5628599854874305,0.013080113752972272,0.013080113752972272,-1.002095151847995,0.4593450781100955,preturn,1.5628599854874305,-1.002095151847995
43.26997429993935,3537.421773952,odom,turning,4,4,,-0.01873736106073727,-0.4566043688305881,2.526162266568352,-7.502483063476136,-5.821451078166205,0.8392686751858629,0.5486779164440923,-3.079000473022461,2.6829654571937147,-2.6829654571937147,0.036165677000099095,pixhawk_fused,True,0.8,0.2,gyro,-1.0,0.033606935292482376,-0.4417315125465393,0.0,-0.75,0.004255524000200239,4,2.152893231772403,0.047277179058618515,0.09380097257487506,-0.0036247961097005,-0.456724309822263,1.5628599854874305,0.015113040899858274,0.015113040899858274,-0.9633022810809215,0.4569886632452715,preturn,1.5628599854874305,-0.9633022810809215
43.609852899913676,3537.540922925,odom,turning,4,4,,-0.020349676608569678,-0.45448157909634346,2.519116991224481,-7.500187798561199,-5.820095513098842,0.8322233998419919,0.5121674860261048,-3.079000473022461,2.6829654571937147,-2.6829654571937147,0.1556642710002052,pixhawk_fused,True,0.8,0.2,gyro,-1.0,0.01809513196349144,-0.23784346878528595,0.0,-0.75,0.03070694200005164,4,2.155003158902341,0.04938710618855602,0.09798720408849523,-0.003608051183646019,-0.4546144491393984,1.5628599854874305,0.016742152678696717,0.01674215267869672,-0.9562570057370505,0.45493693527342804,preturn,1.5628599854874305,-0.9562570057370505
43.61028139991686,3537.642590923,odom,turning,4,4,,-0.02182878137186678,-0.45238332612937454,2.4796973087764123,-7.497932335928024,-5.818869419821578,0.7928037173939231,0.4769997755088758,-3.039369583129883,2.642532957248551,-2.642532957248551,0.0564846000002035,pixhawk_fused,True,0.8,0.2,gyro,-1.0,0.025807403028011322,-0.339214026927948,0.0,-0.75,0.004450909000297543,4,2.1570896072328827,0.051473554519098026,0.10212685214975974,-0.003591492591400961,-0.4525280665165211,1.5628599854874305,0.01823786313803719,0.01823786313803719,-0.9168373232889817,0.4529096703053014,preturn,1.5628599854874305,-0.9168373232889817
43.61060299992096,3537.762386415,odom,turning,4,4,,-0.023703411469110633,-0.4494804752912064,2.4196743399519827,-7.494831875428018,-5.817343665687371,0.7327807485694935,0.42965939788551333,-2.9776668548583984,2.5794811827467505,-2.5794811827467505,0.07563247600000977,pixhawk_fused,True,0.8,0.2,gyro,-1.0,0.02838672138750553,-0.37311673164367676,0.0,-0.75,0.03205418700008522,4,2.159977489104658,0.05436143639087343,0.10785659604835432,-0.0035685736158065826,-0.44964027559162945,1.5628599854874305,0.020135471971495008,0.020135471971495008,-0.8568143544645521,0.4501050426103697,preturn,1.5628599854874305,-0.8568143544645521
43.94469609996304,3537.8629067,odom,turning,4,4,,-0.025053862354338617,-0.4471820580501229,2.4126484983668828,-7.492392498803253,-5.816268546582307,0.7257549069843936,0.3931374835625729,-2.9776668548583984,2.5794811827467505,-2.5794811827467505,0.17649138200022207,pixhawk_fused,True,0.8,0.2,gyro,-1.0,0.031015552580356598,-0.4076702296733856,0.0,-0.75,0.004995560999759618,4,2.1622651164359916,0.056649063722206766,0.11239539622299831,-0.0035504184151080066,-0.44735272030360884,1.5628599854874305,0.021504121159731188,0.021504121159731188,-0.8497885128794522,0.447883343138382,preturn,1.5628599854874305,-0.8497885128794522
43.94484519993421,3537.98329253,odom,turning,4,4,,-0.026476572260193773,-0.44452865587048335,2.3200353917736583,-7.4895921566576815,-5.815162775145313,0.6331418003911691,0.35188535976176033,-2.8729054927825928,2.474594163976771,-2.474594163976771,0.016118248000111635,pixhawk_fused,True,0.8,0.2,gyro,-1.0,0.025843698531389236,-0.33969107270240784,0.0,-0.75,0.0028007089999846357,4,2.164907144060255,0.05929109134647038,0.11763734943721903,-0.003529450602251124,-0.4447107758836416,1.5628599854874305,0.02294784434502756,0.02294784434502756,-0.7571754062862277,0.44531644340700904,preturn,1.5628599854874305,-0.7571754062862277
43.944972799974494,3538.101067979,odom,turning,4,4,,-0.02783031052861431,-0.44172810947209434,2.3117982745400774,-7.486653650269672,-5.814142555739232,0.6249046831575882,0.3092675420162515,-2.8729054927825928,2.474594163976771,-2.474594163976771,0.13408778600023652,pixhawk_fused,True,0.8,0.2,gyro,-1.0,0.0282888263463974,-0.3718299865722656,0.0,-0.75,0.024311785999998392,4,2.1676968586460243,0.062080805932239726,0.12317232310870284,-0.0035073107075651888,-0.4419211491532138,1.5628599854874305,0.02432376583946742,0.024323765839467423,-0.7489382890526468,0.442603941331197,preturn,1.5628599854874305,-0.7489382890526468
44.25217809993774,3538.20140851,odom,turning,4,4,,-0.02898949652078401,-0.43905548963818175,2.271403434762177,-7.483864745561389,-5.813300760354841,0.584509843379688,0.2693581898378204,-2.8326094150543213,2.4340835905598226,-2.4340835905598226,0.035100665999834746,pixhawk_fused,True,0.8,0.2,gyro,-1.0,0.028446638956665993,-0.373904287815094,0.0,-0.75,0.030717849000211572,4,2.1703601947131146,0.06474414199932958,0.12845655364786038,-0.0034861737854085585,-0.4392578969614784,1.5628599854874305,0.025504125926391643,0.025504125926391646,-0.7085434492747467,0.44001149290666497,preturn,1.5628599854874305,-0.7085434492747467
44.25232319999486,3538.302927548,odom,turning,4,4,,-0.030092531415353216,-0.4362008334880246,2.2089743647637645,-7.480901534308837,-5.812535824549026,0.5220807733812753,0.22743848269528927,-2.7636666297912598,2.3667499141918245,-2.3667499141918245,0.026420770999720844,pixhawk_fused,True,0.8,0.2,gyro,-1.0,0.03101399540901184,-0.40764978528022766,0.0,-0.7297699887292839,0.0029844999999113497,4,2.173206006993251,0.06758995427946597,0.13410282876320387,-0.0034635886849471846,-0.4364121743033452,1.5628599854874305,0.026629781371229178,0.02662978137122918,-0.646114379276334,0.4372376099818397,preturn,1.5628599854874305,-0.646114379276334
44.25242289993912,3538.404346644,odom,turning,4,4,,-0.031044634459291218,-0.4333962833308498,2.201155244426916,-7.47800557518754,-5.811915000453038,0.5142616530444268,0.18686154529053975,-2.7636666297912598,2.3667499141918245,-2.3667499141918245,0.1269461299998511,pixhawk_fused,True,0.8,0.2,gyro,-1.0,0.031017109751701355,-0.40769070386886597,0.0,-0.7216097277213328,0.03151316299999962,4,2.1760029126924785,0.07038685997869387,0.13965207006760783,-0.0034413917197295687,-0.43361535668592566,1.5628599854874305,0.027604112064583186,0.027604112064583186,-0.6382952589394855,0.434506740722978,preturn,1.5628599854874305,-0.6382952589394855
44.5880932,3538.52585039,odom,turning,4,4,,-0.03186666926393771,-0.430605121477182,2.1613550377511936,-7.4751379809107155,-5.811421818157184,0.47446144636870446,0.14699796235250526,-2.7236995697021484,2.326964758537871,-2.326964758537871,0.07040662399958819,pixhawk_fused,True,0.8,0.2,gyro,-1.0,0.025613421574234962,-0.3366643190383911,0.0,-0.6674940606813896,0.011786911999934091,4,2.178787462764936,0.07317141005115113,0.14517679701157543,-0.0034192928119536983,-0.430830894306166,1.5628599854874305,0.028448272361800846,0.02844827236180085,-0.5984950522637631,0.4317826481603399,preturn,1.5628599854874305,-0.5984950522637631
44.58823230001144,3538.626344898,odom,turning,4,4,,-0.032441677624640376,-0.42835629263533065,2.126033432131188,-7.472837683523371,-5.811111177360445,0.4391398407486986,0.1151986428902754,-2.6885616779327393,2.290806194625956,-2.290806194625956,0.05361331800031621,pixhawk_fused,True,0.8,0.2,gyro,-1.0,0.023148871958255768,-0.3042701184749603,0.0,-0.6214153366912911,0.010718586000166397,4,2.1810316573706396,0.07541560465685469,0.1496294238572101,-0.00340148230457116,-0.4285867703759661,1.5628599854874305,0.029041109899876388,0.02904110989987639,-0.5631734466437572,0.42958302560434825,preturn,1.5628599854874305,-0.5631734466437572
44.5883443999337,3538.741224474,odom,turning,4,4,,-0.03307223989532873,-0.4254612750637074,2.0688050562994635,-7.469889112190549,-5.81082020895584,0.38191146491697436,0.07460644827253068,-2.6261892318725586,2.2296123026238504,-2.2296123026238504,0.05239840399963214,pixhawk_fused,True,0.8,0.2,gyro,-1.0,0.02068430744111538,-0.2718757390975952,0.0,-0.5468619105167765,0.0026650449999578996,4,2.183921579465795,0.07830552675201025,0.15536321569058292,-0.0033785471372376683,-0.4256969392919462,1.5628599854874305,0.029694627918874165,0.02969462791887417,-0.505945070812033,0.42674473591425804,preturn,1.5628599854874305,-0.505945070812033
44.91272879997268,3538.847406414,odom,turning,4,4,,-0.03342478771536971,-0.42352043612467427,2.063605415985906,-7.467920500484555,-5.810694854643165,0.3767118246034169,0.0475755037039791,-2.6261892318725586,2.2296123026238504,-2.2296123026238504,0.15750768499992773,pixhawk_fused,True,0.8,0.2,gyro,-1.0,0.02135319821536541,-0.2806676924228668,0.0,-0.5404197831265947,0.013211486999807676,4,2.185859559372325,0.0802435066585402,0.15920829282256838,-0.0033631668287097266,-0.4237590204174255,1.5628599854874305,0.030062567634818214,0.030062567634818214,-0.5007454304984755,0.4248373526998913,preturn,1.5628599854874305,-0.5007454304984755
44.912859099917114,3538.964722707,odom,turning,4,4,,-0.03373148988604361,-0.42151851821678077,2.0337124240011617,-7.465896531582086,-5.810622112542013,0.3468188326186725,0.01983884146813161,-2.596170663833618,2.1992073139177384,-2.1992073139177384,0.08449475499992332,pixhawk_fused,True,0.8,0.2,gyro,-1.0,0.01792404055595398,-0.23559464514255524,0.0,-0.5010538109030789,0.013283132999731606,4,2.1878589801670816,0.0822429274532969,0.16317527263966086,-0.0033472989094413567,-0.42175966258961095,1.5628599854874305,0.03038514788364844,0.030385147883648444,-0.47085243851373115,0.4228660244209776,preturn,1.5628599854874305,-0.47085243851373115
44.91297189996112,3539.065189344,odom,turning,4,4,,-0.03397844588311282,-0.4195589166062298,1.9896754997428412,-7.463921514911211,-5.810603812642353,0.302781908360352,-0.007214991265516757,-2.5478603839874268,2.151125771857959,-2.151125771857959,0.08924156400007632,pixhawk_fused,True,0.8,0.2,gyro,-1.0,0.01791868917644024,-0.23552429676055908,0.0,-0.4438108036114022,0.010268245000133902,4,2.1898165601581936,0.08420050744440885,0.16705923760363944,-0.0033317630495854423,-0.41980214424776574,1.5628599854874305,0.0306476480073827,0.030647648007382705,-0.42681551425541064,0.42093255907380805,preturn,1.5628599854874305,-0.42681551425541064
45.247904199990444,3539.181562513,odom,turning,4,4,,-0.034122212655833206,-0.4181326290545443,1.9510998211374302,-7.462488175270289,-5.810626230019437,0.264206229754941,-0.026849237773712314,-2.506777763366699,2.1080145975427445,-2.1080145975427445,0.010809046000304079,pixhawk_fused,True,0.8,0.2,gyro,-1.0,0.01292055007070303,-0.16982845962047577,0.0,-0.43924187875294274,0.03051803900007144,4,2.191241661822189,0.08562560910840386,0.1698867312223907,-0.003320453075110437,-0.4183770874639151,1.5628599854874305,0.03080272963850053,0.03080272963850053,-0.38823983564999964,0.41952261068575913,preturn,1.5628599854874305,-0.38823983564999964
45.248069099965505,3539.281673326,odom,turning,4,4,,-0.034263305821069436,-0.41636196291437,1.9463984093985538,-7.460713085003206,-5.8106911946632325,0.2595048180160646,-0.05118700634924937,-2.506777763366699,2.1080145975427445,-2.1080145975427445,0.11115959400012798,pixhawk_fused,True,0.8,0.2,gyro,-1.0,0.02109667845070362,-0.2772959768772125,0.0,-0.38775990078629663,0.0034838209999179526,4,2.193011152447737,0.08739509973395224,0.17339751475354778,-0.003306409940985809,-0.41660765256421195,1.5628599854874305,0.030957870823659337,0.030957870823659337,-0.38353842391112325,0.4177693840956938,preturn,1.5628599854874305,-0.38353842391112325
45.24818150000647,3539.400818092,odom,turning,4,4,,-0.034351915010632936,-0.41478461498512587,1.9258589398118149,-7.45913609114995,-5.810785896643976,0.2389653484293257,-0.07282396778930401,-2.485038995742798,2.087737087346774,-2.087737087346774,0.11592393899991293,pixhawk_fused,True,0.8,0.2,gyro,-1.0,0.010339037515223026,-0.13589692115783691,0.0,-0.3610237861639217,0.030455596999672707,4,2.194587747476818,0.08897169476303345,0.17652558097977436,-0.0032938976760809027,-0.41503110718619374,1.5628599854874305,0.031058995462804682,0.031058995462804682,-0.36299895432438434,0.41620467428088415,preturn,1.5628599854874305,-0.36299895432438434
45.57449559995439,3539.504375838,odom,turning,4,4,,-0.03439564538125904,-0.41359998997834335,1.9054330256681211,-7.457954375129363,-5.810879683629738,0.21853943428563194,-0.08905550182077113,-2.464597463607788,2.066309551723462,-2.066309551723462,0.03535919700016166,pixhawk_fused,True,0.8,0.2,gyro,-1.0,0.015524151735007763,-0.20405036211013794,0.0,-0.33413832202724236,0.003650408999874344,4,2.195771988121186,0.09015593540740115,0.1788751908003319,-0.0032844992367986724,-0.4138469038366327,1.5628599854874305,0.03111212594592961,0.031112125945929613,-0.34257304018069057,0.4150277245332883,preturn,1.5628599854874305,-0.34257304018069057
45.57464559993241,3539.624476173,odom,turning,4,4,,-0.03442287715212369,-0.4121697844768412,1.89065968309084,-7.456530642935764,-5.811018305369667,0.2037660917083508,-0.10865542072341096,-2.4505624771118164,2.052688689358693,-2.052688689358693,0.031926614999974845,pixhawk_fused,True,0.8,0.2,gyro,-1.0,0.00513111287727952,-0.06744364649057388,0.0,-0.3142474071150518,0.010286374000315845,4,2.1972019324634515,0.09158587974966662,0.1817122926051188,-0.0032731508295795247,-0.4124170045270201,1.5628599854874305,0.03115070733904146,0.031150707339041458,-0.32779969760340943,0.4136047215725613,preturn,1.5628599854874305,-0.32779969760340943
45.57475639996119,3539.726920761,odom,turning,4,4,,-0.03442458326818847,-0.4118747400587741,1.8701660103414366,-7.456237387043703,-5.811050787691564,0.18327241895894741,-0.11269137581948253,-2.424666404724121,2.02825847504304,-2.02825847504304,0.06644772199979343,pixhawk_fused,True,0.8,0.2,gyro,-1.0,0.005138799082487822,-0.06754467636346817,0.0,-0.2876069620099604,0.010534628000186785,4,2.197496954049628,0.09188090133584316,0.1822976344606392,-0.0032708094621574433,-0.4121219922318379,1.5628599854874305,0.03115475494999808,0.031154754949998083,-0.30730602485400604,0.41331084359313774,preturn,1.5628599854874305,-0.30730602485400604
45.888277099933475,3539.840392075,odom,turning,4,4,,-0.03442211051062835,-0.4109362133324179,1.865161906543545,-7.455305464653484,-5.8111619595820025,0.1782683151610558,-0.1255507097039956,-2.424264430999756,2.0251356643216427,-2.0251356643216427,0.07934719699960624,pixhawk_fused,True,0.8,0.2,gyro,-1.0,0.01033747848123312,-0.13587641716003418,0.0,-0.2821221542134573,0.02717562199995882,4,2.1984354708437874,0.09281941813000262,0.18415971231348358,-0.003263361150746066,-0.4111835049940043,1.5628599854874305,0.031159730660547353,0.031159730660547353,-0.3023019210561144,0.41237537889645204,preturn,1.5628599854874305,-0.3023019210561144
45.88843839999754,3539.941103038,odom,turning,4,4,,-0.034399860725147245,-0.4096024899879788,1.8477592535813663,-7.453983296903002,-5.811338553613728,0.1608656621988771,-0.1438192986096962,-2.405231237411499,2.007940134231162,-2.007940134231162,0.061877335000190214,pixhawk_fused,True,0.8,0.2,gyro,-1.0,0.01809876784682274,-0.2378912717103958,0.0,-0.2593326848467987,0.00258871400001226,4,2.19976932876586,0.09415327605207534,0.18680617246314674,-0.0032527753101474132,-0.40984968907857405,1.5628599854874305,0.03114806634832548,0.03114806634832548,-0.28489926809393573,0.41104446258557215,preturn,1.5628599854874305,-0.28489926809393573
45.88855089992285,3540.04122135,odom,turning,4,4,,-0.034365324688517024,-0.4085676437674639,1.8450235063052176,-7.452959417516988,-5.811492730268369,0.15812991492272843,-0.15801378590093468,-2.405231237411499,2.007940134231162,-2.007940134231162,0.16185929800030863,pixhawk_fused,True,0.8,0.2,gyro,-1.0,0.00512268440797925,-0.06733286380767822,0.0,-0.2549191085665738,0.01017291500011197,4,2.2008044164832827,0.09518836376949792,0.18885985325645638,-0.0032445605869741746,-0.40881463395874595,1.5628599854874305,0.031121744205916024,0.031121744205916027,-0.28216352081778706,0.41001035971624483,preturn,1.5628599854874305,-0.28216352081778706
46.228547999984585,3540.14155349,odom,turning,4,4,,-0.03433391667711579,-0.4078772291304099,1.8184999363132672,-7.452277288757138,-5.811603902158808,0.13160634493077805,-0.16748567550840554,-2.3739993572235107,1.9773421129921194,-1.9773421129921194,0.03358383300019341,pixhawk_fused,True,0.8,0.2,gyro,-1.0,0.007683644071221352,-0.10099426656961441,0.0,-0.2206095461776322,0.011474993000319955,4,2.2014950586394724,0.09587900592568747,0.19023013183994514,-0.0032390794726402197,-0.40812401355266764,1.5628599854874305,0.03109581649231786,0.031095816492317865,-0.2556399508258367,0.40931974283864203,preturn,1.5628599854874305,-0.2556399508258367
46.22870199999306,3540.261779802,odom,turning,4,4,,-0.034267741321177866,-0.40674242807376815,1.8095489054746852,-7.451157792395397,-5.8118010835776515,0.12265531409219599,-0.1830572742014111,-2.365431785583496,1.969975514929902,-1.969975514929902,0.08224819999986721,pixhawk_fused,True,0.8,0.2,gyro,-1.0,0.012925094924867153,-0.1698881983757019,0.0,-0.2093180241409508,0.0028090969999539084,4,2.2026303491429857,0.09701429642920092,0.1924826214238212,-0.0032300695143047155,-0.4069887588023941,1.5628599854874305,0.031038649294372233,0.031038649294372236,-0.24668891998725462,0.4081833912478552,preturn,1.5628599854874305,-0.24668891998725462
46.22882459999528,3540.381937654,odom,turning,4,4,,-0.03416806691797846,-0.4054130326839057,1.7958614041293108,-7.449848892072169,-5.812054079690459,0.10896781274682166,-0.20131823656856548,-2.352564811706543,1.9573807161116714,-1.9573807161116714,0.025045971000054124,pixhawk_fused,True,0.8,0.2,gyro,-1.0,0.010340075008571148,-0.13591055572032928,0.0,-0.20524646727888224,0.03082656800006589,4,2.2039604937085215,0.0983444409947369,0.1951217140346083,-0.003219513143861567,-0.40565865612655744,1.5628599854874305,0.030949528454969795,0.0309495284549698,-0.2330014186418803,0.40685032120777914,preturn,1.5628599854874305,-0.2330014186418803
46.568867299938574,3540.482100279,odom,turning,4,4,,-0.03415527617513771,-0.4052659920031018,1.77812172354561,-7.44970432286485,-5.812083817027408,0.09122813216312076,-0.20334384210200032,-2.3325910568237305,1.9358804067449387,-1.9358804067449387,0.011159242000303493,pixhawk_fused,True,0.8,0.2,gyro,-1.0,0.0,0.0,0.0,-0.19016397784628913,0.0036822600000050443,4,2.2041076312692685,0.09849157855548385,0.19541364444533027,-0.003218345422218679,-0.4055115231995535,1.5628599854874305,0.030937905067721348,0.03093790506772135,-0.21526173805817939,0.406702725789806,preturn,1.5628599854874305,-0.21526173805817939
46.56900229991879,3540.601556277,odom,turning,4,4,,-0.03415527617513771,-0.4052659920031018,1.77812172354561,-7.44970432286485,-5.812083817027408,0.09122813216312076,-0.20334384210200032,-2.3325910568237305,1.9358804067449387,-1.9358804067449387,0.13022875000024214,pixhawk_fused,True,0.8,0.2,gyro,-1.0,0.0,0.0,0.0,-0.16760983121740863,0.030042772999877343,4,2.2041076312692685,0.09849157855548385,0.19541364444533027,-0.003218345422218679,-0.4055115231995535,1.5628599854874305,0.030937905067721348,0.03093790506772135,-0.21526173805817939,0.406702725789806,preturn,1.5628599854874305,-0.21526173805817939
46.56910249998327,3540.721055867,odom,turning,4,4,,-0.034159655898685776,-0.4053153261735235,1.778375567402267,-7.4497528175989505,-5.812073752082595,0.09148197601977781,-0.20402284572079896,-2.332517147064209,1.9363579775245603,-1.9363579775245603,0.05454283100016255,pixhawk_fused,True,0.8,0.2,gyro,-1.0,0.0,0.0,0.0,-0.16793982823106282,0.022550440000031813,4,2.204058263893892,0.09844221118010701,0.19531569638844484,-0.0032187372144462205,-0.4055608890202238,1.5628599854874305,0.03094189312463612,0.03094189312463612,-0.21551558191483644,0.4067522534937777,preturn,1.5628599854874305,-0.21551558191483644
46.87909519998357,3540.822509218,odom,turning,4,4,,-0.03420865824026074,-0.40585487411891535,1.7744817994791615,-7.450283057191618,-5.811962580192156,0.08758820809667234,-0.22228380711261722,-2.3318605422973633,1.9359022512516681,-1.9359022512516681,0.05312051400005657,pixhawk_fused,True,0.8,0.2,gyro,-1.0,0.002584499539807439,-0.1698540598154068,0.0,-0.1659337808529498,0.03160041899991484,4,2.2035183440450377,0.097902291331253,0.19424446058412176,-0.003223022157663513,-0.40610079186560266,1.5628599854874305,0.030986611931304895,0.030986611931304895,-0.21162181399173097,0.40729401069090077,preturn,1.5628599854874305,-0.21162181399173097
46.87930599995889,3540.925232168,odom,turning,4,4,,-0.034090012298644765,-0.4048737813973467,1.7516823071514775,-7.449322312459434,-5.812194073922863,0.06478871576898837,-0.24660250244900445,-2.307075262069702,1.9134654430976812,-1.9134654430976812,0.034235242000249855,pixhawk_fused,True,0.8,0.2,gyro,-1.0,0.012885604985058308,-0.1693691462278366,0.0,-0.1588199593216811,0.031895172000076855,4,2.2045003474742573,0.09888429476047224,0.19619281872576166,-0.0032152287250969535,-0.4051188193622161,1.5628599854874305,0.030875755931112765,0.030875755931112768,-0.188822321664047,0.4063064210685185,preturn,1.5628599854874305,-0.188822321664047
46.879425999941304,3541.027605867,odom,turning,4,4,,-0.033913741112259366,-0.40360085809191004,1.7482982697462346,-7.448078376780001,-5.8125166096543825,0.06140467836374541,-0.26419588021431567,-2.307075262069702,1.9134654430976812,-1.9134654430976812,0.13707096699999965,pixhawk_fused,True,0.8,0.2,gyro,-1.0,0.01292249746620655,-0.1698540598154068,0.0,-0.12968801104256647,0.0044086500001867535,4,2.2057746296256524,0.10015857691186768,0.1987210767038338,-0.0032051156931846648,-0.4038445773412678,1.5628599854874305,0.030709592543723994,0.030709592543723997,-0.18543828425880404,0.40502320240790585,preturn,1.5628599854874305,-0.18543828425880404
47.21172109991312,3541.143622228,odom,turning,4,4,,-0.033839854236592935,-0.4031127586467573,1.7135980309204706,-7.447602121891332,-5.812646538941973,0.026704439537981406,-0.2709517244856053,-2.2681047916412354,1.872096173771352,-1.872096173771352,0.0322857539999859,pixhawk_fused,True,0.8,0.2,gyro,-1.0,0.0,0.0,0.0,-0.12,0.01091522900014752,4,2.2062633000845966,0.10064724737081182,0.19969063041305019,-0.0032012374783477993,-0.4033559222718227,1.5628599854874305,0.030639581678070845,0.03063958167807085,-0.15073804543304004,0.4045306316196001,preturn,1.5628599854874305,-0.15073804543304004
47.211991199990734,3541.262542331,odom,turning,4,4,,-0.03384752087430401,-0.40316155494648,1.7119991701092458,-7.44764970163045,-5.812633271514719,0.025105578726756672,-0.2716268976766776,-2.2674286365509033,1.8702759201570156,-1.8702759201570156,0.003823961000307463,pixhawk_fused,True,0.8,0.2,gyro,-1.0,0.0,0.0,0.0,-0.12,0.024016275000121823,4,2.206214444477181,0.10059839176339623,0.1995936977368083,-0.003201625209052767,-0.40340477634064864,1.5628599854874305,0.030646860814315814,0.030646860814315818,-0.1491391846218153,0.4045798982354413,preturn,1.5628599854874305,-0.1491391846218153
47.21219969994854,3541.365195986,odom,turning,4,4,,-0.03393255074473833,-0.40370023790435733,1.7082237018942736,-7.448174908750711,-5.812486414819943,0.02133011051178446,-0.2911886860777472,-2.2674286365509033,1.8702759201570156,-1.8702759201570156,0.10684251400016365,pixhawk_fused,True,0.8,0.2,gyro,-1.0,0.0024187841918319464,-0.15896323323249817,0.0,-0.12,0.0029177050000726013,4,2.205675103664837,0.10005905095105208,0.19852361077826794,-0.0032059055568869283,-0.40394410016775295,1.5628599854874305,0.030727612880007787,0.030727612880007783,-0.1453637164068431,0.4051238083402146,preturn,1.5628599854874305,-0.1453637164068431
47.550686799921095,3541.481474137,odom,turning,4,4,,-0.03382315469092762,-0.40311772008898256,1.6833941546235067,-7.447608984353705,-5.812662551354176,-0.003499436758982455,-0.30885073445496586,-2.240294933319092,1.8437343799354717,-1.8437343799354717,0.0053415160000440665,pixhawk_fused,True,0.8,0.2,gyro,-1.0,0.005171857308596373,-0.13595837354660034,0.0,-0.12,0.02801367499978369,4,2.2062584713305227,0.10064241861673802,0.19968104985351878,-0.0032012758005859248,-0.40336075087382656,1.5628599854874305,0.030622843283031973,0.030622843283031973,-0.12053416913607617,0.4045341790788335,preturn,1.5628599854874305,-0.12053416913607617
47.55111359991133,3541.586600416,odom,turning,4,4,,-0.03366882361424715,-0.4023438802385564,1.6813101907766528,-7.446858230970127,-5.812905482522171,-0.005583400605836397,-0.31966156446822824,-2.240294933319092,1.8437343799354717,-1.8437343799354717,0.1097682189997613,pixhawk_fused,True,0.8,0.2,gyro,-1.0,0.007735625375062227,-0.10167751461267471,0.0,0.0,0.003884959000060917,4,2.207033511621968,0.10141745890818324,0.2012187797809355,-0.003195124880876258,-0.4025857349904085,1.5628599854874305,0.030474658459337063,0.030474658459337063,-0.11845020528922223,0.4037501549832335,preturn,1.5628599854874305,-0.11845020528922223
47.55132099997718,3541.703356998,odom,turning,4,4,,-0.03334663737044341,-0.40084897391220126,1.6593640708212076,-7.445410708906969,-5.813398664818026,-0.02752952056128155,-0.3406271563161583,-2.2187814712524414,1.8215543858440801,-1.8215543858440801,0.03247402700026214,pixhawk_fused,True,0.8,0.2,gyro,-1.0,0.0051447078585624695,-0.0676223412156105,0.0,0.0,0.006994493000092916,4,2.2085309278230025,0.10291487510921765,0.2041897501053757,-0.003183240999578497,-0.4010883659468906,1.5628599854874305,0.03016434632429782,0.03016434632429782,-0.09650408533377708,0.4022336362244963,preturn,1.5628599854874305,-0.09650408533377708
47.87118199991528,,mission_status,navigating,4,4,going to waypoint 4/4,-0.03334663737044341,-0.40084897391220126,1.6593640708212076,,,,,,,,,,,,,,,,,,,,,,,,,,,,,,,,,
47.871383699937724,3541.803844114,odom,navigating,4,4,,-0.03334663737044341,-0.40084897391220126,1.6482670678377318,-7.445410708906969,-5.813398664818026,-0.038626523544757374,-0.3406271563161583,-2.2065694332122803,1.8078057127440559,-1.8078057127440559,0.028044025999861333,pixhawk_fused,True,0.8,0.2,gyro,-1.0,0.0,0.0,0.0,0.0,0.06554170599974896,4,2.2085309278230025,0.10291487510921765,0.2041897501053757,-0.003183240999578497,-0.4010883659468906,1.5628599854874305,0.03016434632429782,0.03016434632429782,-0.08540708235030126,0.4022336362244963,,,
47.871824199915864,3541.920835949,odom,navigating,4,4,,-0.03334663737044341,-0.40084897391220126,1.6490386492794051,-7.445410708906969,-5.813398664818026,-0.037854942103084044,-0.3406271563161583,-2.2065789699554443,1.8087619500601875,-1.8087619500601875,0.030889787999967666,pixhawk_fused,True,0.8,0.2,gyro,-1.0,0.0,0.0,0.24338740743014756,-0.7777777777777779,0.04563186699988364,4,2.2085309278230025,0.10291487510921765,0.2041897501053757,-0.003183240999578497,-0.4010883659468906,1.5628599854874305,0.03016434632429782,0.03016434632429782,-0.08617866379197459,0.4022336362244963,,,
47.87197879992891,3542.024076829,odom,navigating,4,4,,-0.03334663737044341,-0.40084897391220126,1.6490386492794051,-7.445410708906969,-5.813398664818026,-0.037854942103084044,-0.3406271563161583,-2.2065789699554443,1.8087619500601875,-1.8087619500601875,0.13275581400012015,pixhawk_fused,True,0.8,0.2,gyro,-1.0,0.0,0.0,0.24223277363324577,-0.777777777777778,0.04713694000020041,4,2.2085309278230025,0.10291487510921765,0.2041897501053757,-0.003183240999578497,-0.4010883659468906,1.5628599854874305,0.03016434632429782,0.03016434632429782,-0.08617866379197459,0.4022336362244963,,,
48.18964839994442,3542.125395165,odom,navigating,4,4,,-0.03333563082359896,-0.40080116990092335,1.6489034728319627,-7.445364501660326,-5.8134151347277205,-0.037990118550526475,-0.3413023703937656,-2.2064971923828125,1.8087559911696451,-1.8087559911696451,0.00988597600007779,pixhawk_fused,True,0.8,0.2,gyro,-1.0,0.002561342203989625,-0.03366643190383911,0.24223277363324577,-0.777777777777778,0.048582794000139984,4,2.2085788176796037,0.10296276496581876,0.20428476666971188,-0.0031828609333211526,-0.40104047759846523,1.5628599854874305,0.03015371950904476,0.030153719509044764,-0.08604348734453215,0.4021850843534058,,,
48.18981269991491,3542.225725451,odom,navigating,4,4,,-0.03297068178570258,-0.39925429549761615,1.646299016765147,-7.443870314853034,-5.813956811757676,-0.04059457461734217,-0.3548102156543793,-2.2064971923828125,1.8087559911696451,-1.8087559911696451,0.11036812900010773,pixhawk_fused,True,0.8,0.2,gyro,-1.0,0.04171109199523926,-0.18275099992752075,0.2434463533314715,-0.7777777777777778,0.0491058359998533,4,2.210128539697547,0.10451248698376234,0.2073595151085637,-0.003170561939565745,-0.3994908043852839,1.5628599854874305,0.029801058358690288,0.02980105835869029,-0.08343903127771646,0.4006133526615306,,,
48.189922499936074,3542.341627017,odom,navigating,4,4,,-0.030573979673024693,-0.39033811286868847,1.634693643114615,-7.435291779389612,-5.817370200541879,-0.05219994826787411,-0.4109625559248192,-2.204562187194824,1.8076979633173185,-1.8076979633173185,0.07634145499969236,pixhawk_fused,True,0.8,0.2,gyro,-1.0,0.108239084482193,-0.5419813394546509,0.2696667278450148,-0.7777777777777778,0.015236437000112346,4,2.219063462379083,0.11344740966529797,0.22508697800075944,-0.003099652087996962,-0.39055616308761726,1.5628599854874305,0.027475192850049127,0.027475192850049127,-0.07183365762718452,0.3915336646968374,,,
48.52848869992886,3542.463358827,odom,navigating,4,4,,-0.02473401932165785,-0.37319757331503217,1.5573045658834315,-7.418943106530277,-5.825156350349995,-0.1295890254990577,-0.4792647058500881,-2.1218881607055664,1.7281701396307187,-1.7281701396307187,0.09153278199983106,pixhawk_fused,True,0.8,0.2,gyro,-1.0,0.18781942129135132,-0.37199732661247253,0.28,-0.21966570618483594,0.03521042200009106,4,2.236249809564762,0.13063375685097697,0.2591857993163742,-0.002963256802734503,-0.3733703571445474,1.5628599854874305,0.02177144815824385,0.02177144815824385,0.005555419603999079,0.3740163103930535,,,
48.528619199991226,3542.581253677,odom,navigating,4,4,,-0.015215585663021024,-0.3489806920308837,1.508519458337736,-7.395991829873378,-5.837415910630157,-0.17837413304475325,-0.4907698326416121,-2.0672624111175537,1.670542305549069,-1.670542305549069,0.09713136499976827,pixhawk_fused,True,0.8,0.2,gyro,-1.0,0.23674575984477997,0.20302094519138336,0.28,0.2909294299310269,0.007316965999962122,4,2.2605414689417898,0.15492541622800488,0.3073820183039244,-0.002770471926784302,-0.3490794627748221,1.5628599854874305,0.012445505677461485,0.012445505677461487,0.05434052714969462,0.34931223490943347,,,
48.52872359997127,3542.681348728,odom,navigating,4,4,,-0.006692576576801029,-0.3269235726654714,1.5281935594844356,-7.375070469586338,-5.848436567703294,-0.1587000318980536,-0.4657721411788876,-2.0758562088012695,1.6889451454481321,-1.6889451454481321,0.0049560429997654865,pixhawk_fused,True,0.8,0.2,gyro,-1.0,0.25216636061668396,0.47349849343299866,0.28,0.5515200187169024,0.00736666900002092,4,2.2826655344703592,0.17704948175657464,0.35127759128887387,-0.0025948896348445046,-0.3269560939904076,1.5628599854874305,0.0040978159928011185,0.004097815992801119,0.034666426002994966,0.3269920686279594,,,
48.87351279996801,3542.802083025,odom,navigating,4,4,,0.0030637035415673336,-0.29763310103248736,1.541726178550318,-7.347107307909879,-5.8615200809656764,-0.14516741283217116,-0.3960585276902639,-2.0758562088012695,1.6889451454481321,-1.6889451454481321,0.1252380920000178,pixhawk_fused,True,0.8,0.2,gyro,-1.0,0.27911192178726196,0.6114439368247986,0.28,0.5460399797628601,0.027590666999913083,4,2.312032512026583,0.20641645931279826,0.4095435688960157,-0.0023618257244159375,-0.2975900412764081,1.5628599854874305,0.005425700135340561,-0.00542570013534056,0.02113380693711253,0.2976488688196302,,,
48.8739699999569,3542.903403619,odom,navigating,4,4,,0.009623243909194293,-0.27251168824516053,1.5911499597027337,-7.322914840558497,-5.870945444285895,-0.09574363167975553,-0.3365492592105105,-2.1250553131103516,1.7359188398322303,-1.7359188398322303,0.048349133000101574,pixhawk_fused,True,0.8,0.2,gyro,-1.0,0.26826244592666626,0.5424703359603882,0.28,0.650294063410921,0.027327783999680832,4,2.3372051918802104,0.23158913916642548,0.459487789333926,-0.002162048842664296,-0.2724181541757013,1.5628599854874305,0.01178566391295629,-0.011785663912956292,-0.028289974215303104,0.2726815487955931,,,
48.87416030000895,3543.025321108,odom,navigating,4,4,,0.015533302716585581,-0.24245701466060576,1.6493481295121515,-7.293747087986875,-5.88029715050998,-0.03754546187033769,-0.27504488501311486,-2.1803483963012695,1.7933125714859206,-1.7933125714859206,0.06285256799992567,pixhawk_fused,True,0.8,0.2,gyro,-1.0,0.2535404860973358,0.4375261664390564,0.24513113796638905,0.5017592184248488,0.04801710299989281,4,2.367305822716674,0.261689770002889,0.5192093823688395,-0.0019231624705246418,-0.2423184712861049,1.5628599854874305,0.017457014953748802,-0.017457014953748802,-0.08648814402472094,0.24295408506838959,,,
49.20964080002159,3543.125332383,odom,navigating,4,4,,0.018775356089846172,-0.21948980779526334,1.699169554453602,-7.271310038510442,-5.88617782326593,0.012275963071112894,-0.23039384780708658,-2.231311082839966,1.8443917418917852,-1.8443917418917852,0.043615767999654054,pixhawk_fused,True,0.8,0.2,gyro,-1.0,0.23629041016101837,0.3375885486602783,0.21795429608812958,0.4614793931908004,0.04878621399984695,4,2.3902980360571604,0.2846819833433754,0.5648274166071467,-0.0017406903335714131,-0.21932698202999806,1.5628599854874305,0.020516692547232356,-0.020516692547232356,-0.13630956896617152,0.22029137459805856,,,
49.209772099973634,3543.241221578,odom,navigating,4,4,,0.021053064666120617,-0.1954890963637167,1.7553647160445691,-7.247734735275115,-5.891220360617423,0.06847112466207994,-0.18032976072215248,-2.287649631500244,1.902076380690022,-1.902076380690022,0.08739930999990975,pixhawk_fused,True,0.8,0.2,gyro,-1.0,0.20630401372909546,0.4745425879955292,0.19439921602782168,0.2931362921648133,0.015335007999965455,4,2.4143160681270084,0.3087000154132236,0.6124807413686122,-0.0015500770345255512,-0.19530970635021944,1.5628599854874305,0.02260385355456968,-0.022603853554569682,-0.19250473055713857,0.19661947596547594,,,
49.20987060002517,3543.361704788,odom,navigating,4,4,,0.022057313654445,-0.17435258440913762,1.788306214286466,-7.226856837249769,-5.894666231723524,0.1014126229039769,-0.14182803394074356,-2.3174495697021484,1.9336671731671529,-1.9336671731671529,0.09249907299999904,pixhawk_fused,True,0.8,0.2,gyro,-1.0,0.16595812141895294,0.20450282096862793,0.17329110185136035,0.2788805041341365,0.034818319999885716,4,2.4354598844171162,0.3298438317033315,0.6544314366395275,-0.00138227425344189,-0.17416655593367814,1.5628599854874305,0.023440326104498612,-0.023440326104498616,-0.22544622879903553,0.1757422794201669,,,
49.54937409993727,3543.46379903,odom,navigating,4,4,,0.02226596936387096,-0.15908383499347964,1.8500297402103885,-7.211715042773053,-5.896642163389383,0.16313614882789929,-0.11750933422416492,-2.3860349655151367,2.0044414077600674,-2.0044414077600674,0.08765735999986646,pixhawk_fused,True,0.8,0.2,gyro,-1.0,0.1387643665075302,0.09599614888429642,0.1640261274588229,0.23741705343984684,0.03738775600004374,4,2.4507298089258303,0.3451137562120455,0.6847279517570297,-0.0012610881929718811,-0.15889711231445702,1.5628599854874305,0.02352779850818723,-0.02352779850818723,-0.2871697547229579,0.16063449177541383,,,
49.549554199911654,3543.582099609,odom,navigating,4,4,,0.022218902081186317,-0.14280718088726496,1.8677385740948826,-7.195542506447953,-5.898480845807787,0.18084498271239347,-0.112737147878509,-2.4046785831451416,2.025259795581384,-2.025259795581384,0.005332553000243934,pixhawk_fused,True,0.8,0.2,gyro,-1.0,0.15437982976436615,0.0,0.14004253994325627,-0.032625527739984256,0.007941136000226834,4,2.46700557689993,0.3613895241861449,0.7170201251855799,-0.0011319194992576807,-0.14262185690646773,1.5628599854874305,0.023351556981486003,-0.023351556981486006,-0.3048785886074521,0.1445253283084365,,,
49.54969889996573,3543.701520327,odom,navigating,4,4,,0.022266654111604778,-0.12828355955108459,1.8526331160631735,-7.181122185515359,-5.90021064382321,0.1657395246806843,-0.12897631413590352,-2.3951148986816406,2.010426306520982,-2.010426306520982,0.01493305500025599,pixhawk_fused,True,0.8,0.2,gyro,-1.0,0.12147147208452225,-0.10191242396831512,0.12588446327793287,-0.07914854911112497,0.02742176300034771,4,2.481529119822071,0.37591306710828637,0.7458357710945857,-0.0010166569156216574,-0.1280987713683288,1.5628599854874305,0.023284044302119215,-0.023284044302119215,-0.28977313057574294,0.13020167255616386,,,
49.891206100001,3543.821459735,odom,navigating,4,4,,0.022583117805872115,-0.11476863113502007,1.847678015652921,-7.167734893918609,-5.90209050101585,0.16078442427043171,-0.15465303826951649,-2.3951148986816406,2.010426306520982,-2.010426306520982,0.13535395100007008,pixhawk_fused,True,0.8,0.2,gyro,-1.0,0.10500457137823105,-0.23564156889915466,0.11949269473286357,-0.07434004157760886,0.0472597319999295,4,2.4950461341555417,0.3894300814417567,0.7726543993637549,-0.0009093824025449802,-0.1145821827206675,1.5628599854874305,0.023493240071426755,-0.023493240071426755,-0.28481803016549034,0.11696938019174162,,,
49.89136329991743,3543.927852054,odom,navigating,4,4,,0.023093491034905555,-0.10391959982468574,1.8297297744129506,-7.1570180151798395,-5.9038541538456455,0.14283618303046142,-0.17356630902257436,-2.376974582672119,1.9927080779424147,-1.9927080779424147,0.06910526399997252,pixhawk_fused,True,0.8,0.2,gyro,-1.0,0.11527186632156372,-0.16834890842437744,0.10720411725640426,-0.07270357894983644,0.05172702900017612,4,2.5058988742553856,0.40028282154160066,0.7941869357108475,-0.0008232522571566098,-0.10372978440173286,1.5628599854874305,0.02391749651600667,-0.023917496516006678,-0.26686978892552005,0.10645465023145813,,,
49.891467900015414,3544.043560623,odom,navigating,4,4,,0.0239011538096537,-0.09145696778234874,1.7981317375391472,-7.144732835040152,-5.9061000090314995,0.11123814615665806,-0.19053789442305583,-2.3431403636932373,1.957616624881907,-1.957616624881907,0.07123243399973944,pixhawk_fused,True,0.8,0.2,gyro,-1.0,0.107667475938797,-0.13477973639965057,0.09567638848239464,-0.03823851554351869,0.011536324999724457,4,2.5183675236372975,0.41275147092351294,0.8189255402978164,-0.0007242978388087343,-0.09126152768990053,1.5628599854874305,0.02462622719217252,-0.024626227192172525,-0.2352717520517167,0.09452852537395418,,,
50.209852600004524,3544.143564637,odom,navigating,4,4,,0.024687453939506745,-0.0816705991139608,1.795394790777519,-7.135103427838717,-5.908014636033495,0.10850119939502978,-0.2047285644281423,-2.3431403636932373,1.957616624881907,-1.957616624881907,0.1712702619997799,pixhawk_fused,True,0.8,0.2,gyro,-1.0,0.09444057941436768,-0.10064860433340073,0.08461273815178157,0.08250056167465343,0.012075959999947372,4,2.5281598243882684,0.42254377167448354,0.8383540965796505,-0.0006465836136813979,-0.08146953532385615,1.5628599854874305,0.025334835412807368,-0.02533483541280737,-0.2325348052900884,0.08532032080136924,,,
50.2100034999894,3544.243751777,odom,navigating,4,4,,0.02543816652334679,-0.07340374850615142,1.7818620391917959,-7.126979187384371,-5.90971789919441,0.09496844780930669,-0.20745607870357108,-2.3263373374938965,1.9415021360865072,-1.9415021360865072,0.0708111850003661,pixhawk_fused,True,0.8,0.2,gyro,-1.0,0.0793088898062706,0.033653005957603455,0.0751056659595424,0.1992034850656979,0.01011756299976696,4,2.5364323725002755,0.4308163197864905,0.8547673656035188,-0.0005809305375859245,-0.07319724773582648,1.5628599854874305,0.02601991649553054,-0.026019916495530544,-0.21900205370436532,0.07768661796489694,,,
50.2101035999367,3544.36512552,odom,navigating,4,4,,0.02613536314211451,-0.06532968125557785,1.775565710392831,-7.119040233414088,-5.911345675269225,0.08867211901034189,-0.1939253499944457,-2.317996025085449,1.9304472858136728,-1.9304472858136728,0.08399593099966296,pixhawk_fused,True,0.8,0.2,gyro,-1.0,0.05906670168042183,0.10126645863056183,0.058372340719368004,0.19801445462630804,0.03214757100022325,4,2.544511718609788,0.4388956658960033,0.8707973093931364,-0.0005168107624274544,-0.06511815606585925,1.5628599854874305,0.02665301327699803,-0.02665301327699803,-0.21270572490540052,0.0703635165375182,,,
50.55086489999667,3544.484642753,odom,navigating,4,4,,0.026609458461699785,-0.05892873129773243,1.7861639492268433,-7.1127372904734685,-5.912558043621743,0.09927035784435412,-0.18718096348077845,-2.3300185203552246,1.94197253678499,-1.94197253678499,0.029640652000125556,pixhawk_fused,True,0.8,0.2,gyro,-1.0,0.05919374153017998,0.033828094601631165,0.05,0.30282978451326986,0.008200851999845327,4,2.550916229527903,0.445300176814118,0.8835042721381152,-0.00046598291144753917,-0.05871384684238995,1.5628599854874305,0.02707629407581262,-0.027076294075812624,-0.22330396373941275,0.06465801305318063,,,
50.550995699944906,3544.600703757,odom,navigating,4,4,,0.027010519825114397,-0.0525690011498487,1.7951432452341662,-7.106466829854746,-5.913693094898195,0.10824965385167706,-0.16620393603789452,-2.334540605545044,1.948062678006871,-1.948062678006871,0.03345490899982906,pixhawk_fused,True,0.8,0.2,gyro,-1.0,0.05426903814077377,0.23777179419994354,0.05,0.3902017214827921,0.027079309000328067,4,2.557278942317856,0.45166288960407086,0.8961283047008909,-0.0004154867811964366,-0.05235133443075102,1.5628599854874305,0.027426870349531465,-0.02742687034953147,-0.2322832597467357,0.05910218323476462,,,
50.55109269998502,3544.703300189,odom,navigating,4,4,,0.027219586902933274,-0.04748955513928789,1.828021388259029,-7.101445794885355,-5.914489140533433,0.14112779687653987,-0.1398138776298479,-2.3676130771636963,1.9825043750083282,-1.9825043750083282,0.011076892000346561,pixhawk_fused,True,0.8,0.2,gyro,-1.0,0.05167895928025246,0.33964842557907104,0.05,0.4399881229751129,0.027275821999865002,4,2.5623598875737668,0.456743834859982,0.9062092278036258,-0.0003751630887854967,-0.0472705491869726,1.5628599854874305,0.02759561904927325,-0.02759561904927325,-0.2651614027715985,0.054737224614459595,,,
50.89044410001952,3544.826123783,odom,navigating,4,4,,0.027251240678868346,-0.04142991967767131,1.8368268883951229,-7.095430617866898,-5.9152225090123345,0.1499332970126337,-0.09460970371187596,-2.3676130771636963,1.9825043750083282,-1.9825043750083282,0.1336155490002966,pixhawk_fused,True,0.8,0.2,gyro,-1.0,0.05890500545501709,0.43762004375457764,0.05,0.5233511966004993,0.047934085999713716,4,2.5684195834142924,0.46280353070050745,0.9182320551944998,-0.0003270717792220007,-0.04121104418197208,1.5628599854874305,0.027579180997967995,-0.027579180997967998,-0.2739669029076923,0.04958899437411395,,,
50.89067669992801,,mission_status,turning,4,4,final alignment at waypoint 4/4,0.027251240678868346,-0.04142991967767131,1.8368268883951229,,,,,,,,,,,,,,,,,,,,,,,,,,,,,,,final,0.0,
50.8907695999369,3544.927480541,odom,turning,4,4,,0.02703369851115003,-0.036100836791685006,1.872015024403054,-7.090112209528021,-5.915623734312394,0.18512143302056483,-0.04589220409101727,-2.400517463684082,2.014399646518214,-2.014399646518214,0.0549873180002578,pixhawk_fused,True,0.8,0.2,gyro,-1.0,0.05400105193257332,0.43938469886779785,0.0,-0.75,0.004715660999863758,4,2.573746772002881,0.4681307192890961,0.9288015409516729,-0.00028479383619330837,-0.03588402336035684,1.5628599854874305,0.02731935270455471,-0.02731935270455471,-0.30915503891562346,0.045100901013745094,final,0.0,-1.872015024403054
50.890894199954346,3545.041689868,odom,turning,4,4,,0.02683533438186544,-0.03329405556871068,1.9369107755387882,-7.087301344940145,-5.9157518336100186,0.25001718415629903,-0.05064913221382457,-2.480135440826416,2.096129991409762,-2.096129991409762,0.06703250000009575,pixhawk_fused,True,0.8,0.2,gyro,-1.0,0.015428725630044937,-0.202796071767807,0.0,-0.75,0.022493107999707718,4,2.5765518905641343,0.47093583785034926,0.934367077104055,-0.00026253169158378014,-0.03307899313955631,1.5628599854874305,0.027098719482348682,-0.027098719482348686,-0.37405079005135766,0.04276247546154133,final,0.0,-1.9369107755387882
51.21708650002256,3545.143496244,odom,turning,4,4,,0.026745308944093833,-0.03171641220663182,1.9327366732890296,-7.085723893589397,-5.915845163098288,0.24584308190654047,-0.0723013529711994,-2.480135440826416,2.096129991409762,-2.096129991409762,0.16835674100002507,pixhawk_fused,True,0.8,0.2,gyro,-1.0,0.0180597472935915,-0.23737837374210358,0.0,-0.75,0.02782641900012095,4,2.578128769777035,0.4725127170632501,0.9374957071693092,-0.0002500171713227632,-0.031502163586668186,1.5628599854874305,0.02699617629496536,-0.02699617629496536,-0.3698766878015991,0.04148785790777839,final,0.0,-1.9327366732890296
51.2173023999203,3545.264553327,odom,turning,4,4,,0.02667882138613429,-0.02964548683030024,1.896082692765361,-7.083659207410184,-5.916019012145064,0.20918910138287172,-0.10068270780036462,-2.4409661293029785,2.0575030953413087,-2.0575030953413087,0.09142904200007251,pixhawk_fused,True,0.8,0.2,gyro,-1.0,0.017927609384059906,-0.23564155399799347,0.0,-0.75,0.012348063999979786,4,2.5801991022721467,0.4745830495583616,0.9416033803736271,-0.00023358647850549134,-0.029431896291691906,1.5628599854874305,0.026913255432795716,-0.026913255432795716,-0.33322270727793035,0.039882507443223296,final,0.0,-1.896082692765361
51.21740349999163,3545.368281637,odom,turning,4,4,,0.026670263556792726,-0.027589453701639555,1.872078080704889,-7.081616023613072,-5.9162486758858055,0.18518448932239973,-0.12885042083698636,-2.418410539627075,2.0344919545328457,-2.0344919545328457,0.07444207499975164,pixhawk_fused,True,0.8,0.2,gyro,-1.0,0.023562047630548477,-0.30970093607902527,0.0,-0.75,0.014036003000001074,4,2.5822550027338544,0.47663895002006956,0.9456824194928232,-0.0002172703220287074,-0.027376060575617145,1.5628599854874305,0.026888380663606427,-0.02688838066360643,-0.30921809521745836,0.03837291901515571,final,0.0,-1.872078080704889
51.55207779991906,3545.481825111,odom,turning,4,4,,0.026741539638790945,-0.0250054767350997,1.8445812570350608,-7.079057697640513,-5.916618791356442,0.15768766565257164,-0.16426608090265574,-2.3916759490966797,2.008881352481826,-2.008881352481826,0.015074366000135342,pixhawk_fused,True,0.8,0.2,gyro,-1.0,0.02322433330118656,-0.3052619993686676,0.0,-0.75,0.005285164999804692,1,0.02660707953758282,0.02660707953758282,0.03566581376021081,0.026606697065117264,0.00014266325504084325,0.005361878910097319,0.025148501495782623,-0.025148501495782623,-1.8392193781249635,0.03661125249158569,final,0.0,-1.8445812570350608
51.55222610000055,3545.602677884,odom,turning,4,4,,0.026963266565642005,-0.02170522660295295,1.8127033252698879,-7.075805347973324,-5.917221315552769,0.1258097338873987,-0.20958086895099987,-2.36317777633667,1.9801932018375237,-1.9801932018375237,0.012084365999726288,pixhawk_fused,True,0.8,0.2,gyro,-1.0,0.028442353010177612,-0.37384796142578125,0.0,-0.75,0.0026122869999198883,1,0.026846498733936512,0.026846498733936512,0.035986746407317326,0.026846112819858724,0.0001439469856292693,0.005361878910097319,0.02184948767143408,-0.02184948767143408,-1.8073414463597905,0.034614081033235655,final,0.0,-1.8127033252698879
51.55232439993415,3545.703447378,odom,turning,4,4,,0.0272444757252846,-0.019104597051708912,1.7576616077607499,-7.0732547994581205,-5.917801879869503,0.07076801637826069,-0.2454161377322317,-2.3055551052093506,1.9205878769135316,-1.9205878769135316,0.04859647600005701,pixhawk_fused,True,0.8,0.2,gyro,-1.0,0.023258160799741745,-0.30570662021636963,0.0,-0.75,0.029548246000103973,1,0.027141648045171135,0.027141648045171135,0.036382383228377654,0.02714125788836973,0.0001455295329135106,0.005361878910097319,0.019250403306056846,-0.019250403306056846,-1.7522997288506525,0.03327532247858444,final,0.0,-1.7576616077607499
51.89126709999982,3545.804936947,odom,turning,4,4,,0.027580726009173964,-0.01675870763905906,1.73959152785585,-7.070963652020606,-5.9184076065482705,0.05269793647336085,-0.2778753837647694,-2.2917823791503906,1.9059394167637667,-1.9059394167637667,0.04343430900007661,pixhawk_fused,True,0.8,0.2,gyro,-1.0,0.025161273777484894,-0.33072125911712646,0.0,-0.75,0.021172788000058063,1,0.0274904718102134,0.0274904718102134,0.03684996868515654,0.027490076639126778,0.00014739987474062617,0.005361878910097319,0.01690635053985467,-0.016906350539854665,-1.7342296489457527,0.03227306506863861,final,0.0,-1.73959152785585
51.89153219992295,3545.924406846,odom,turning,4,4,,0.02794742586405844,-0.014669965675660906,1.6878014250964328,-7.068931448163291,-5.91901379072453,0.000907833713943651,-0.3069319437594211,-2.2353310585021973,1.8487364542460283,-1.8487364542460283,0.04733465600020281,pixhawk_fused,True,0.8,0.2,gyro,-1.0,0.02054186351597309,-0.27000346779823303,0.0,-0.75,0.0096377790000588,1,0.02786836592166483,0.02786836592166483,0.03735652187454621,0.027867965318411472,0.00014942608749818483,0.005361878910097319,0.014819604792581414,-0.014819604792581414,-1.6824395461863355,0.03156368966632564,final,0.0,-1.6878014250964328
51.89171799994074,3546.0434372,odom,turning,4,4,,0.0284826137127273,-0.012106503423624097,1.6809073757695376,-7.066447236784358,-5.919842318681666,-0.00598621561295154,-0.3428091510850519,-2.2353310585021973,1.8487364542460283,-1.8487364542460283,0.16719339800010857,pixhawk_fused,True,0.8,0.2,gyro,-1.0,0.02326984517276287,-0.3058602213859558,0.0,-0.75,0.0031008859996290994,1,0.028417290985420285,0.028417290985420285,0.03809233577943419,0.028416882491457903,0.00015236934311773677,0.005361878910097319,0.012259048988588558,-0.012259048988588556,-1.6755454968594403,0.030948775566323514,final,0.0,-1.6809073757695376
52.22958889999427,3546.148523216,odom,turning,4,4,,0.029119364540620172,-0.009517378780926879,1.6257540472647074,-7.063949300480679,-5.920774698569376,-0.061139544117781774,-0.3793387019907179,-2.1750311851501465,1.7891603994047482,-1.7891603994047482,0.049347439000030136,pixhawk_fused,True,0.8,0.2,gyro,-1.0,0.031021784991025925,-0.4077521562576294,0.0,-0.75,0.0037074639999445935,1,0.029067915166420297,0.029067915166420297,0.03896447361908918,0.02906749731984053,0.00015585789447635672,0.005361878910097319,0.009673375728614993,-0.009673375728614993,-1.62039216835461,0.030635239351262864,final,0.0,-1.6257540472647074
52.22975469997618,3546.264456148,odom,turning,4,4,,0.030127539973830653,-0.006060927951049527,1.5926553303472364,-7.060632901164677,-5.922176470883382,-0.09423826103525279,-0.4286741905847035,-2.1437761783599854,1.7599190344190438,-1.7599190344190438,0.08436114300002373,pixhawk_fused,True,0.8,0.2,gyro,-1.0,0.03329579159617424,-0.43764182925224304,0.0,-0.75,0.011249460999806615,1,0.030094609089277084,0.030094609089277084,0.04034071914763835,0.03009417648413821,0.0001613628765905534,0.005361878910097319,0.006222380273350251,-0.00622238027335025,-1.587293451437139,0.030731148896560593,final,0.0,-1.5926553303472364
52.22987199993804,3546.38213911,odom,turning,4,4,,0.03130917870207614,-0.002654258449333479,1.549818050631173,-7.057386041467386,-5.9237447722843,-0.13707554075131623,-0.4794402028145508,-2.103468418121338,1.7189579904651482,-1.7189579904651482,0.023705984000116587,pixhawk_fused,True,0.8,0.2,gyro,-1.0,0.03359343111515045,-0.4415540397167206,0.0,-0.75,0.028356257999803347,1,0.03129449689348747,0.03129449689348747,0.04194912471870704,0.031294047040155454,0.00016779649887482817,0.005361878910097319,0.002822095515374962,-0.002822095515374962,-1.5444561717210756,0.031421485625514216,final,0.0,-1.549818050631173
52.56857909995597,3546.482283434,odom,turning,4,4,,0.0325214886931998,0.0003709279676366241,1.475716701725742,-7.054521649673003,-5.925299348760472,-0.2111768896567472,-0.524091223767881,-2.022082805633545,1.6378632881319362,-1.6378632881319362,0.012374895999982982,pixhawk_fused,True,0.8,0.2,gyro,-1.0,0.038709163665771484,-0.5087954998016357,0.0,-0.75,0.002498234000086086,1,0.03252301006337601,0.03252301006337601,0.043595901542045366,0.032522542550365845,0.00017438360616818147,0.005361878910097319,0.00019654718680246804,0.000196547186802468,-1.4703548228156447,0.03252360395741987,final,0.0,-1.475716701725742
52.568741200026125,3546.601573541,odom,turning,4,4,,0.03432102541900622,0.004269262662546712,1.4644541507287183,-7.0508580097609395,-5.927538341483953,-0.22243944065377086,-0.5829252743418868,-2.022082805633545,1.6378632881319362,-1.6378632881319362,0.1311936069996591,pixhawk_fused,True,0.8,0.2,gyro,-1.0,0.036195721477270126,-0.4757586717605591,0.0,-0.75,0.029472119000274688,1,0.03434342321956185,0.03434342321956185,0.046036098576953025,0.03434292953840696,0.00018414439430781211,0.005361878910097319,0.004085176991997521,0.004085176991997521,-1.459092271818621,0.03458553728791684,final,0.0,-1.4644541507287183
52.568901099963114,3546.720412233,odom,turning,4,4,,0.03593550181031358,0.007321544690394162,1.3975254661105831,-7.048013290358692,-5.929495515752659,-0.28936812527190603,-0.6302275268007748,-1.9498637914657593,1.5663095857775051,-1.5663095857775051,0.05500285399966742,pixhawk_fused,True,0.8,0.2,gyro,-1.0,0.030729984864592552,-0.40391671657562256,0.0,-0.75,0.0131272280000303,1,0.035974242291245524,0.035974242291245524,0.04822215169883405,0.0359737251673302,0.0001928886067953362,0.005361878910097319,0.007128758558350267,0.007128758558350267,-1.3921635872004858,0.03667376865025586,final,0.0,-1.3975254661105831
52.89515340002254,3546.821905504,odom,turning,4,4,,0.03733265486814826,0.009709632523519748,1.346883249715253,-7.045803119977176,-5.9311598916267965,-0.3400103416672362,-0.6681379702165351,-1.8966703414916992,1.5126506776189643,-1.5126506776189643,0.05014915900028427,pixhawk_fused,True,0.8,0.2,gyro,-1.0,0.025710687041282654,-0.33794277906417847,0.0,-0.75,0.02225970600011351,1,0.03738417984166391,0.03738417984166391,0.050112121246815425,0.03738364245012431,0.0002004484849872617,0.005361878910097319,0.00950932073348022,0.009509320733480217,-1.3415213708051557,0.03857465597054712,final,0.0,-1.346883249715253
52.89529989997391,3546.924820406,odom,turning,4,4,,0.03889980768894642,0.012164527025309176,1.3102524810231426,-7.0435462848515265,-5.9330008615326575,-0.37664111035934655,-0.7080397008853621,-1.8611986637115479,1.4767961362278301,-1.4767961362278301,0.033481334000043717,pixhawk_fused,True,0.8,0.2,gyro,-1.0,0.031017109751701355,-0.40769070386886597,0.0,-0.75,0.030661478000183706,1,0.03896447291887803,0.03896447291887803,0.05223044612718634,0.038963912810881005,0.00020892178450874536,0.005361878910097319,0.011955777103162847,0.011955777103162845,-1.3048906021130453,0.04075746258032377,final,0.0,-1.3102524810231426
52.89550560002681,3547.047292915,odom,turning,4,4,,0.04094251853687676,0.015067772100496719,1.3002075396624893,-7.040899204365613,-5.935366123563797,-0.3866860517199999,-0.7607435593676598,-1.8611986637115479,1.4767961362278301,-1.4767961362278301,0.15707396200014045,pixhawk_fused,True,0.8,0.2,gyro,-1.0,0.031152265146374702,-0.4679652452468872,0.0,-0.75,0.012826570000015636,1,0.04102272117711938,0.04102272117711938,0.054989452388922916,0.041022131482136494,0.00021995780955569167,0.005361878910097319,0.014848027728938465,0.014848027728938465,-1.294845660752392,0.04362714270055976,final,0.0,-1.3002075396624893
53.23074169992469,3547.161650588,odom,turning,4,4,,0.04279629806145418,0.017446471145897514,1.22277234705007,-7.038751253642944,-5.937482964457043,-0.4641212443324192,-0.8020605753980468,-1.775510549545288,1.39086569660662,-1.39086569660662,0.04913418499972977,pixhawk_fused,True,0.8,0.2,gyro,-1.0,0.031015552580356598,-0.4076702296733856,0.0,-0.75,0.028020209999795043,1,0.04288922828904722,0.04288922828904722,0.057491436680062256,0.042888611763326444,0.00022996574672024903,0.005361878910097319,0.01721675288721579,0.01721675288721579,-1.2174104681399727,0.04621582503006369,final,0.0,-1.22277234705007
53.23087919992395,3547.262754906,odom,turning,4,4,,0.044612267652180654,0.01959644945315393,1.2154248048138363,-7.036826104198643,-5.939535755701477,-0.4714687865686529,-0.8406195186052631,-1.775510549545288,1.39086569660662,-1.39086569660662,0.1503164639998431,pixhawk_fused,True,0.8,0.2,gyro,-1.0,0.031001538038253784,-0.4074860215187073,0.0,-0.75,0.00500293100003546,1,0.04471669964360994,0.04471669964360994,0.05994109497089005,0.044716056848283975,0.0002397643798835602,0.005361878910097319,0.019356963326487855,0.019356963326487852,-1.210062925903739,0.0487265354426089,final,0.0,-1.2154248048138363
53.23098300001584,3547.38280666,odom,turning,4,4,,0.04678154708839135,0.021959434450358223,1.126533436442668,-7.034730308190007,-5.941964152386445,-0.5603601549398212,-0.8845762996268531,-1.6756089925765991,1.2913715649819213,-1.2913715649819213,0.01789144300028056,pixhawk_fused,True,0.8,0.2,gyro,-1.0,0.023268677294254303,-0.30584484338760376,0.0,-0.75,0.002754152999841608,1,0.046898617875490954,0.046898617875490954,0.06286587629415986,0.04689794371544326,0.00025146350517663945,0.005361878910097319,0.0217082829982391,0.021708282998239105,-1.1211715575325707,0.05167910515249811,final,0.0,-1.126533436442668
53.55132229998708,3547.500962331,odom,turning,4,4,,0.04883845124943867,0.024018216046608535,1.0915296640981706,-7.032923650596009,-5.9442456923766365,-0.5953639272843185,-0.9244436823448762,-1.6421703100204468,1.257523124334796,-1.257523124334796,0.015436634999787202,pixhawk_fused,True,0.8,0.2,gyro,-1.0,0.020581919699907303,-0.27052995562553406,0.0,-0.75,0.021748551000200678,1,0.048966531353600656,0.048966531353600656,0.06563783842845995,0.048965827467631125,0.0002625513537138398,0.005361878910097319,0.023756006181641826,0.023756006181641823,-1.0861677851880733,0.054424893408305,final,0.0,-1.0915296640981706
53.55147850001231,3547.603313729,odom,turning,4,4,,0.05060991882807358,0.02566509789709672,1.0849384765249703,-7.031493055940038,-5.946196004182971,-0.6019551148575188,-0.9589323707951429,-1.6421703100204468,1.257523124334796,-1.257523124334796,0.11684838899964234,pixhawk_fused,True,0.8,0.2,gyro,-1.0,0.023264002054929733,-0.373735249042511,0.0,-0.75,0.02737615200021537,1,0.05074680380642535,0.05074680380642535,0.06802422832349492,0.050746074329327207,0.00027209691329397966,0.005361878910097319,0.025393366009332608,0.025393366009332608,-1.079576597614873,0.05674558250517616,final,0.0,-1.0849384765249703
53.5515819999855,3547.703693991,odom,turning,4,4,,0.05240024045217444,0.027217452935426906,1.0258387081711269,-7.030158535757285,-5.948154093446661,-0.6610548832113623,-0.9927420405261574,-1.57919180393219,1.1924508033072787,-1.1924508033072787,0.03069155100001808,pixhawk_fused,True,0.8,0.2,gyro,-1.0,0.025778958573937416,-0.338840126991272,0.0,-0.75,0.029381638999893767,1,0.05254542319480017,0.05254542319480017,0.07043521161238497,0.05254466786283919,0.0002817408464495399,0.005361878910097319,0.02693609929104867,0.02693609929104867,-1.0204768292610296,0.05904722638480047,final,0.0,-1.0258387081711269
53.890441499999724,3547.826119425,odom,turning,4,4,,0.05505825583819222,0.029343112958328067,0.9876851959134128,-7.028355080645728,-5.951040445120637,-0.6992083954690764,-1.03936908175457,-1.5427442789077759,1.1563040891563732,-1.1563040891563732,0.04692281400002685,pixhawk_fused,True,0.8,0.2,gyro,-1.0,0.030734576284885406,-0.40397706627845764,0.0,-0.75,0.011068779999732214,1,0.05521479784931085,0.05521479784931085,0.07401341038273578,0.05521400414552089,0.0002960536415309431,0.005361878910097319,0.029047476869579675,0.029047476869579675,-0.9823233170033154,0.0623893405481179,final,0.0,-0.9876851959134128
53.89067969995085,3547.940957919,odom,turning,4,4,,0.05789760276384756,0.031402867131082084,0.9785443791483914,-7.026638092560067,-5.954099273348914,-0.7083492122340977,-1.0874228025286048,-1.5427442789077759,1.1563040891563732,-1.1563040891563732,0.16340882200029228,pixhawk_fused,True,0.8,0.2,gyro,-1.0,0.031017109751701355,-0.40769070386886597,0.0,-0.75,0.02870174899999256,1,0.058065148059352825,0.058065148059352825,0.07783420024428893,0.05806431338223954,0.0003113368009771557,0.005361878910097319,0.031091977272250142,0.031091977272250135,-0.9731825002382941,0.06586556361144026,final,0.0,-0.9785443791483914
53.89086529996712,3548.04164632,odom,turning,4,4,,0.06032988691008281,0.03300751962321759,0.9402488208193809,-7.025325989754398,-5.956701061583168,-0.7466447705631083,-1.128690189447256,-1.5050992965698242,1.1187013277685482,-1.1187013277685482,0.0871664419996705,pixhawk_fused,True,0.8,0.2,gyro,-1.0,0.028445210307836533,-0.37388551235198975,0.0,-0.75,0.0025831950001702353,1,0.060506001153025575,0.060506001153025575,0.08110607424804799,0.060505131389043794,0.00032442429699219193,0.005361878910097319,0.032683565147188925,0.03268356514718892,-0.9348869419092836,0.06876911811460487,final,0.0,-0.9402488208193809
54.22834149992559,3548.161773479,odom,turning,4,4,,0.06291394290548068,0.034546964346813376,0.861285897049676,-7.024096236497202,-5.959446046532266,-0.8256076943328132,-1.1780600001643136,-1.4188538789749146,1.0328057109391529,-1.0328057109391529,0.047361265999825264,pixhawk_fused,True,0.8,0.2,gyro,-1.0,0.025848889723420143,-0.33975932002067566,0.0,-0.75,0.030348319000040647,1,0.06309827427968158,0.06309827427968158,0.08458092124958823,0.06309736725219282,0.00033832368499835293,0.005361878910097319,0.03420913241256129,0.03420913241256128,-0.8559240181395786,0.07177504411349447,final,0.0,-0.861285897049676
54.22852429992054,3548.263189029,odom,turning,4,4,,0.06521791424546651,0.03578659821798855,0.8542256327116913,-7.023131831785086,-5.961878103197167,-0.8326679586707979,-1.215260973755591,-1.4188538789749146,1.0328057109391529,-1.0328057109391529,0.14911153000002741,pixhawk_fused,True,0.8,0.2,gyro,-1.0,0.0258449949324131,-0.3397081196308136,0.0,-0.75,0.002933852999831288,1,0.06540885923531332,0.06540885923531332,0.08767817559455696,0.06540791899353948,0.00035071270237822783,0.005361878910097319,0.03543639490805648,0.03543639490805648,-0.848863753801594,0.07439124243178605,final,0.0,-0.8542256327116913
54.22863739996683,3548.38090221,odom,turning,4,4,,0.0680135534225977,0.037150818552549286,0.7648280519013334,-7.022100632439209,-5.9648129496052436,-0.9220655394811558,-1.2578787547214243,-1.3177648782730103,0.9324180272793609,-0.9324180272793609,0.008655821000047581,pixhawk_fused,True,0.8,0.2,gyro,-1.0,0.030854366719722748,-0.40555161237716675,0.0,-0.75,0.02396921800027485,1,0.0682117729747744,0.0682117729747744,0.09143537860800112,0.06821079244156883,0.0003657415144320045,0.005361878910097319,0.03678560582525219,0.03678560582525219,-0.7594661729912361,0.07749855978205654,final,0.0,-0.7648280519013334
54.55484829994384,3548.482461701,odom,turning,4,4,,0.07036304810314739,0.038185728695170285,0.7581186458039822,-7.021344846583223,-5.967266508652245,-0.9287749455785069,-1.293054103037659,-1.3177648782730103,0.9324180272793609,-0.9324180272793609,0.1097715830001107,pixhawk_fused,True,0.8,0.2,gyro,-1.0,0.02838672138750553,-0.37311673164367676,0.0,-0.75,0.0024072730002444587,1,0.07056678291799659,0.07056678291799659,0.09459218301863798,0.07056576853190392,0.00037836873207455193,0.005361878910097319,0.037807903445593614,0.03780790344559361,-0.7527567668938849,0.08005690734937858,final,0.0,-0.7581186458039822
54.55500109994318,3548.601231874,odom,turning,4,4,,0.07320869265633997,0.03931074254745247,0.7216071549869905,-7.020557035902832,-5.970223314939915,-0.9652864363954987,-1.3349851731122153,-1.2831463813781738,0.8971763289248782,-0.8971763289248782,0.11312009199991735,pixhawk_fused,True,0.8,0.2,gyro,-1.0,0.025720970705151558,-0.33807793259620667,0.0,-0.75,0.023633374999917578,1,0.07341841872465309,0.07341841872465309,0.0984146961752773,0.07341736334675687,0.00039365878470110923,0.005361878910097319,0.03891764319757871,0.03891764319757871,-0.7162452760768931,0.08309540998203532,final,0.0,-0.7216071549869905
54.55511740001384,3548.703853912,odom,turning,4,4,,0.07619218778847849,0.04034773759594619,0.6580817251820088,-7.019872619655524,-5.973306848032735,-1.0288118662004804,-1.3782705829052089,-1.2103627920150757,0.8288961506163913,-0.8288961506163913,0.023620467000000644,pixhawk_fused,True,0.8,0.2,gyro,-1.0,0.031003091484308243,-0.40750643610954285,0.0,-0.75,0.02967446499997095,1,0.07640743118476939,0.07640743118476939,0.10242135769477537,0.07640633284030242,0.0004096854307791015,0.005361878910097319,0.039938626276461095,0.03993862627646109,-0.6527198462719115,0.08621594637366164,final,0.0,-0.6580817251820088
54.89151159999892,3548.804312615,odom,turning,4,4,,0.07907349248775349,0.041214369272668396,0.6502574754925237,-7.019345582545297,-5.9762691442903035,-1.0366361158899655,-1.4194806947825633,-1.2103627920150757,0.8288961506163913,-0.8288961506163913,0.12396648699996149,pixhawk_fused,True,0.8,0.2,gyro,-1.0,0.02816915325820446,-0.3702569901943207,0.0,-0.75,0.009350470999834215,1,0.07929334121759998,0.07929334121759998,0.10628981419389141,0.079292201388643,0.00042515925677556564,0.005361878910097319,0.04078979636261917,0.04078979636261917,-0.6448955965824263,0.08916973392780018,final,0.0,-0.6502574754925237
54.89182949997485,3548.925454728,odom,turning,4,4,,0.08204029043024273,0.04196799162156889,0.6077001238820148,-7.018940697265305,-5.979303267654039,-1.0791934675004744,-1.462777632163194,-1.1683402061462402,0.7865110385989982,-0.7865110385989982,0.06765985200036084,pixhawk_fused,True,0.8,0.2,gyro,-1.0,0.02560577169060707,-0.33656376600265503,0.0,-0.75,0.011412048999773106,1,0.08226413732526519,0.08226413732526519,0.11027205736138684,0.08226295479159458,0.0004410882294455474,0.005361878910097319,0.04152750034322511,0.04152750034322511,-0.6023382449719175,0.09215162274548752,final,0.0,-0.6077001238820148
54.89209859992843,3549.043352386,odom,turning,4,4,,0.08532878869590341,0.0426527330459934,0.542808295938944,-7.018641493905854,-5.982648946809498,-1.1440852954435452,-1.5101522284936222,-1.099281668663025,0.7175268244123298,-0.7175268244123298,0.07793563399991399,pixhawk_fused,True,0.8,0.2,gyro,-1.0,0.028438063338398933,-0.44175371527671814,0.0,-0.7078337841651647,0.003454117999808659,1,0.08555625980230518,0.08555625980230518,0.11468502673579939,0.08555502994490634,0.0004587401069431976,0.005361878910097319,0.042194599479594176,0.042194599479594176,-0.5374464170288467,0.09539527145830086,final,0.0,-0.542808295938944
55.23148069996387,3549.164797028,odom,turning,4,4,,0.0887890044395812,0.043199975901292154,0.4961786379985631,-7.0184987546885,-5.986149260117089,-1.190714953383926,-1.55815266942533,-1.0534380674362183,0.6712183651006062,-0.6712183651006062,0.006415710000055697,pixhawk_fused,True,0.8,0.2,gyro,-1.0,0.03139949217438698,-0.4127167761325836,0.0,-0.6961900649820175,0.003053812999951333,1,0.08901936004180595,0.08901936004180595,0.11932718552667723,0.08901808040290121,0.00047730874210670895,0.005361878910097319,0.042723281299445075,0.042723281299445075,-0.4908167590884658,0.0987406969149205,final,0.0,-0.4961786379985631
55.23175989999436,3549.282675964,odom,turning,4,4,,0.09188041506043708,0.043540695747015565,0.4345682279377767,-7.018518427080636,-5.989259328064417,-1.2523253634447125,-1.6021094728442271,-0.9873541593551636,0.6054593619680245,-0.6054593619680245,0.008208943999761686,pixhawk_fused,True,0.8,0.2,gyro,-1.0,0.03340553492307663,-0.43908432126045227,0.0,-0.6380537755598096,0.024941046000094502,1,0.09211255311393533,0.09211255311393533,0.12347349733361986,0.09211122901088041,0.0004938939893344794,0.005361878910097319,0.04304742055739014,0.04304742055739013,-0.4292063490276794,0.10167498639199501,final,0.0,-0.4345682279377767
55.231871200026944,3549.383408308,odom,turning,4,4,,0.09444104623401196,0.043720947195410344,0.3983300161539933,-7.018636003935955,-5.9918236015043655,-1.2885635752284958,-1.6386313490615247,-0.9506964087486267,0.569288014677747,-0.569288014677747,0.0016008309999051562,pixhawk_fused,True,0.8,0.2,gyro,-1.0,0.023246483877301216,-0.305553138256073,0.0,-0.5574236740571437,0.0030794240001341677,1,0.0946741139606598,0.0946741139606598,0.12690717565091414,0.09467275303558195,0.0005076287026036566,0.005361878910097319,0.04321393968620128,0.043213939686201276,-0.392968137243896,0.10407032448031785,final,0.0,-0.3983300161539933
55.56890439998824,3549.500918845,odom,turning,4,4,,0.09463966394198338,0.04372798939648572,0.38502866267344515,-7.018652016348159,-5.992021697918193,-1.301864928709044,-1.7089551822398943,-0.9506964087486267,0.569288014677747,-0.569288014677747,0.11929508599996552,pixhawk_fused,True,0.8,0.2,gyro,-1.0,0.0,-0.7435855865478516,0.0,-0.5071611381345801,0.023258920999978727,1,0.09487276657278229,0.09487276657278229,0.12717346218780867,0.09487140279210526,0.0005086938487512347,0.005361878910097319,0.043219916827049516,0.04321991682704951,-0.37966678376334784,0.1042535517270789,final,0.0,-0.38502866267344515
55.569066699943505,3549.603576122,odom,turning,4,4,,0.09552656734119948,0.043686333174826876,0.3414250725073966,-7.018796128057986,-5.992897805614446,-1.3454685188750926,-1.7698225177247122,-0.9097419381141663,0.529652981249078,-0.529652981249078,0.01575742299974081,pixhawk_fused,True,0.8,0.2,gyro,-1.0,0.008275136351585388,-0.5438444018363953,0.0,-0.4883095297355435,0.002965685000162921,1,0.0957594338683593,0.0957594338683593,0.1283620071608355,0.0957580573419833,0.000513448028643342,0.005361878910097319,0.043173505758346956,0.043173505758346956,-0.3360631935972993,0.1050419952888115,final,0.0,-0.3414250725073966
55.56920289993286,3549.721094177,odom,turning,4,4,,0.09645881868906912,0.04358363938028981,0.23381614027258535,-7.019006119406592,-5.993811885602495,-1.4530774511099038,-1.8327002300323574,-0.7898141741752625,0.4117039365446407,-0.4117039365446407,0.03634679800006779,pixhawk_fused,True,0.8,0.2,gyro,-1.0,0.0025723548606038094,-0.43954527378082275,0.0,-0.3317695438025102,0.021803550000186078,1,0.09669112118621385,0.09669112118621385,0.12961089982169346,0.09668973126698333,0.0005184435992867739,0.005361878910097319,0.04306581484512699,0.04306581484512699,-0.22845426136248803,0.10584818054422031,final,0.0,-0.23381614027258535
55.8914396999171,3549.822198567,odom,turning,4,4,,0.09689696264014813,0.04350761139481672,0.22884735827419278,-7.019132388714251,-5.994238273264589,-1.4580462331082964,-1.8590635254565073,-0.7898141741752625,0.4117039365446407,-0.4117039365446407,0.1362166070002786,pixhawk_fused,True,0.8,0.2,gyro,-1.0,0.007753238547593355,-0.16984382271766663,0.0,-0.2991563875855296,0.029923606000011205,1,0.09712885118814589,0.09712885118814589,0.13019766082656484,0.09712745497661737,0.0005207906433062593,0.005361878910097319,0.04298743868898985,0.04298743868898984,-0.22348547936409546,0.10621644702290059,final,0.0,-0.22884735827419278
55.891799599980004,3549.927811621,odom,turning,4,4,,0.09811056005375116,0.04328711307515138,0.19246857682626972,-7.019491981742583,-5.99541815929521,-1.4944250145562195,-1.8773207662048246,-0.7504812479019165,0.371119170961364,-0.371119170961364,0.06924562700032766,pixhawk_fused,True,0.8,0.2,gyro,-1.0,0.015462726354598999,-0.20324298739433289,0.0,-0.25120834597620095,0.004411722999975609,1,0.09834124887685748,0.09834124887685748,0.131822835438751,0.09833983523730826,0.000527291341755004,0.005361878910097319,0.04276043640775468,0.04276043640775468,-0.1871066979161724,0.1072355172153408,final,0.0,-0.19246857682626972
55.89192710001953,3550.043438464,odom,turning,4,4,,0.09917345098659856,0.0430752932016258,0.1613642861414113,-7.019825497413898,-5.996449358641087,-1.5255293052410779,-1.892171324313167,-0.7148081064224243,0.33621758687256165,-0.33621758687256165,0.07152869999981704,pixhawk_fused,True,0.8,0.2,gyro,-1.0,0.007718605920672417,-0.10145381093025208,0.0,-0.21061650040203364,0.010522182999920915,1,0.09940298878374912,0.09940298878374912,0.1332460588228692,0.09940155988186042,0.0005329842352914768,0.005361878910097319,0.042542920513936835,0.042542920513936835,-0.15600240723131398,0.1081242538240024,final,0.0,-0.1613642861414113
56.229535099933855,3550.143613246,odom,turning,4,4,,0.0996087995942409,0.042983739480832076,0.1602085909208837,-7.019966864138776,-5.996871171328265,-1.5266850004616055,-1.8982634363998019,-0.7148081064224243,0.33621758687256165,-0.33621758687256165,0.17169151999996757,pixhawk_fused,True,0.8,0.2,gyro,-1.0,0.005130856763571501,-0.06744027882814407,0.0,-0.20860402758541405,0.010631382999690686,1,0.09983784023571313,0.09983784023571313,0.13382896123713825,0.09983640508290513,0.000535315844948553,0.005361878910097319,0.04244903383388019,0.04244903383388019,-0.15484671201078637,0.10848739473488009,final,0.0,-0.1602085909208837
56.229672999936156,3550.263327802,odom,turning,4,4,,0.10057368066287747,0.042771083286767375,0.14983211593522894,-7.0202898573677865,-5.99780492370845,-1.5370614754472602,-1.9117979403048797,-0.704994261264801,0.32657935812829325,-0.32657935812829325,0.09542732700037959,pixhawk_fused,True,0.8,0.2,gyro,-1.0,0.010342673398554325,-0.13594470918178558,0.0,-0.19611532788330854,0.032705111000268516,1,0.10080156720304193,0.10080156720304193,0.13512080187240566,0.10080011819681463,0.0005404832074896226,0.005361878910097319,0.042231207146051004,0.042231207146051004,-0.14447023702513162,0.10929057968371311,final,0.0,-0.14983211593522894
56.22977530001663,3550.381040129,odom,turning,4,4,,0.10201473787333565,0.04242879912419466,0.13361396178593488,-7.020796764588387,-5.999196631077642,-1.5532796295965543,-1.9320883493676104,-0.6884832382202148,0.31131188704950996,-0.31131188704950996,0.10614863399996466,pixhawk_fused,True,0.8,0.2,gyro,-1.0,0.012861127033829689,-0.16904740035533905,0.0,-0.1753664169647868,0.022278629999618715,1,0.10224076842109717,0.10224076842109717,0.1370499982930095,0.10223929872658509,0.0005481999931720381,0.005361878910097319,0.04188120116651652,0.041881201166516516,-0.12825208287583756,0.11048624230412872,final,0.0,-0.13361396178593488
56.549018100020476,3550.48179549,odom,turning,4,4,,0.10234935803128573,0.04234392220466225,0.11912236502838303,-7.020919831413605,-5.999519166809161,-1.5677712263541062,-1.9381460045059593,-0.6717885732650757,0.294849757695033,-0.294849757695033,0.027489926999805903,pixhawk_fused,True,0.8,0.2,gyro,-1.0,0.00258436962030828,-0.033969104290008545,0.0,-0.17254223595279,0.030360448000010365,1,0.10257492867135246,0.10257492867135246,0.13749792784630138,0.10257345417334084,0.0005499917113852055,0.005361878910097319,0.04179453128290538,0.04179453128290538,-0.11376048611828571,0.11076280439340094,final,0.0,-0.11912236502838303
56.54921560001094,3550.583163595,odom,turning,4,4,,0.10230094061735075,0.04235623900977403,0.11004665137335423,-7.020901989011436,-5.999472502065027,-1.576846940009135,-1.941522156027997,-0.66303950548172,0.2844389127804179,-0.2844389127804179,0.015697164999892266,pixhawk_fused,True,0.8,0.2,gyro,-1.0,-0.0025852788239717484,-0.03398105502128601,0.0,-0.15419442467892527,0.0025271409999731986,1,0.1025265779943111,0.1025265779943111,0.1374331155379794,0.10252510419133264,0.0005497324621519176,0.005361878910097319,0.0418071075180318,0.041807107518031794,-0.10468477246325691,0.11072277739583589,final,0.0,-0.11004665137335423
56.54937030002475,3550.700865663,odom,turning,4,4,,0.10239691960469928,0.04233104499186377,0.10308952610554001,-7.020938131313265,-5.999564916558313,-1.5838040652769492,-1.9523558914356447,-0.6560181379318237,0.27839019091559836,-0.27839019091559836,0.013278853999963758,pixhawk_fused,True,0.8,0.2,gyro,-1.0,0.0,-0.20284676551818848,0.0,-0.13728330742658082,0.023726186999738275,1,0.1026224205153512,0.1026224205153512,0.13756158892044504,0.10262094533465199,0.0005502463556817801,0.005361878910097319,0.041781399237039295,0.041781399237039295,-0.09772764719544269,0.11080183443713575,final,0.0,-0.10308952610554001
56.873081099940464,3550.803728526,odom,turning,4,4,,0.1025370063453922,0.042287043793469654,0.09707892053585154,-7.020998063484654,-5.999698963323327,-1.5898146708466376,-1.9841590148032564,-0.6560181379318237,0.27839019091559836,-0.27839019091559836,0.11501143099985711,pixhawk_fused,True,0.8,0.2,gyro,-1.0,0.0025848890654742718,-0.30578339099884033,0.0,-0.12885552673273168,0.02933976900021662,1,0.10276226931435267,0.10276226931435267,0.1377490511036858,0.1027607921233496,0.0005509962044147432,0.005361878910097319,0.04173664754661391,0.0417366475466139,-0.09171704162575423,0.11091452449100533,final,0.0,-0.09707892053585154
56.87333769991528,3550.924082139,odom,turning,4,4,,0.10300310061785191,0.042125379986869604,0.0692659731156764,-7.021212629808175,-6.00014319338759,-1.6176276182668128,-2.0219969130600015,-0.6273193359375,0.25289724610878417,-0.25289724610878417,0.05154571599996416,pixhawk_fused,True,0.8,0.2,gyro,-1.0,0.007681731600314379,-0.10096912831068039,0.0,-0.12,0.00882192800008852,1,0.10322749006918093,0.10322749006918093,0.1383726624540278,0.10322600619070474,0.0005534906498161112,0.005361878910097319,0.04157248693483023,0.04157248693483024,-0.06390409420557908,0.11128425933585341,final,0.0,-0.0692659731156764
56.873474000021815,3551.024340678,odom,turning,4,4,,0.10305063173328283,0.042108814437132616,0.024573833805883405,-7.021234589687768,-6.00018848563925,-1.6623197575766058,-2.0253843577690764,-0.577233076095581,0.19858830613030384,-0.19858830613030384,0.04915203399968959,pixhawk_fused,True,0.8,0.2,gyro,-1.0,-0.002568501979112625,-0.033760540187358856,0.0,0.0,0.00989793799999461,1,0.10327493167931358,0.10327493167931358,0.1384362561915173,0.10327344711887192,0.0005537450247660692,0.005361878910097319,0.04155566676835611,0.04155566676835611,-0.019211954895786088,0.11132198773795564,final,0.0,-0.024573833805883405
57.22341079998296,3551.125230423,odom,turning,4,4,,0.10305063173328283,0.042108814437132616,0.024573833805883405,-7.021234589687768,-6.00018848563925,-1.6623197575766058,-2.0253843577690764,-0.577233076095581,0.19858830613030384,-0.19858830613030384,0.15001578099963808,pixhawk_fused,True,0.8,0.2,gyro,-1.0,0.0,0.0,0.0,0.0,0.006862552000256983,1,0.10327493167931358,0.10327493167931358,0.1384362561915173,0.10327344711887192,0.0005537450247660692,0.005361878910097319,0.04155566676835611,0.04155566676835611,-0.019211954895786088,0.11132198773795564,final,0.0,-0.024573833805883405
57.22358989994973,3551.243559401,odom,turning,4,4,,0.10305063173328283,0.042108814437132616,0.025576639558088754,-7.021234589687768,-6.00018848563925,-1.6613169518244004,-2.0253843577690764,-0.5764190554618835,0.19982635761906656,-0.19982635761906656,0.0710417300001609,pixhawk_fused,True,0.8,0.2,gyro,-1.0,0.0,0.0,0.0,0.0,0.003911699000127555,1,0.10327493167931358,0.10327493167931358,0.1384362561915173,0.10327344711887192,0.0005537450247660692,0.005361878910097319,0.04155566676835611,0.04155566676835611,-0.020214760647991437,0.11132198773795564,final,0.0,-0.025576639558088754
57.22368930000812,,mission_status,navigating,4,4,correcting final position at waypoint 4/4,0.10305063173328283,0.042108814437132616,0.025576639558088754,,,,,,,,,,,,,,,,,,,,,,,,,,,,,,,,,
57.223737100022845,3551.344787786,odom,navigating,4,4,,0.10305063173328283,0.042108814437132616,0.0255173666126407,-7.021234589687768,-6.00018848563925,-1.6613762247698485,-2.0253843577690764,-0.5763784050941467,0.1997531823384788,-0.1997531823384788,0.05188915200005795,pixhawk_fused,True,0.8,0.2,gyro,-1.0,0.0,0.0,0.05,-0.35446403206622423,0.010673271999621647,1,0.10327493167931358,0.10327493167931358,0.1384362561915173,0.10327344711887192,0.0005537450247660692,0.005361878910097319,0.04155566676835611,0.04155566676835611,-0.020155487702543384,0.11132198773795564,,,
57.530479899956845,3551.462629609,odom,navigating,4,4,,0.10305063173328283,0.042108814437132616,0.0255173666126407,-7.021234589687768,-6.00018848563925,-1.6613762247698485,-2.0253843577690764,-0.5763784050941467,0.1997531823384788,-0.1997531823384788,0.16988923000008072,pixhawk_fused,True,0.8,0.2,gyro,-1.0,0.0,0.0,0.05,-0.3545194557758547,0.035412988000189216,1,0.10327493167931358,0.10327493167931358,0.1384362561915173,0.10327344711887192,0.0005537450247660692,0.005361878910097319,0.04155566676835611,0.04155566676835611,-0.020155487702543384,0.11132198773795564,,,
57.53064229991287,3551.581156786,odom,navigating,4,4,,0.10305063173328283,0.042108814437132616,0.025460835042752983,-7.021234589687768,-6.00018848563925,-1.6614327563397362,-2.0253843577690764,-0.5763278603553772,0.19968339114046918,-0.19968339114046918,0.11542029100019136,pixhawk_fused,True,0.8,0.2,gyro,-1.0,0.0,0.0,0.05,-0.35457231497676456,0.0054621790000055626,1,0.10327493167931358,0.10327493167931358,0.1384362561915173,0.10327344711887192,0.0005537450247660692,0.005361878910097319,0.04155566676835611,0.04155566676835611,-0.020098956132655665,0.11132198773795564,,,
57.53074309998192,3551.68260648,odom,navigating,4,4,,0.10305063173328283,0.042108814437132616,0.025366093480496676,-7.021234589687768,-6.00018848563925,-1.6615274979019925,-2.0253843577690764,-0.5761975049972534,0.1995664270910647,-0.1995664270910647,0.03240789599976779,pixhawk_fused,True,0.8,0.2,gyro,-1.0,0.0,0.0,0.05,-0.354619014257006,0.00650283799996032,1,0.10327493167931358,0.10327493167931358,0.1384362561915173,0.10327344711887192,0.0005537450247660692,0.005361878910097319,0.04155566676835611,0.04155566676835611,-0.02000421457039936,0.11132198773795564,,,
57.874458299949765,3551.802311015,odom,navigating,4,4,,0.10305063173328283,0.042108814437132616,0.025358392535726804,-7.021234589687768,-6.00018848563925,-1.6615351988467624,-2.0253843577690764,-0.5761955976486206,0.19955691978700724,-0.19955691978700724,0.04221613299978344,pixhawk_fused,True,0.8,0.2,gyro,-1.0,0.0,0.0,0.05,-0.3546680997895086,0.025713211000038427,1,0.10327493167931358,0.10327493167931358,0.1384362561915173,0.10327344711887192,0.0005537450247660692,0.005361878910097319,0.04155566676835611,0.04155566676835611,-0.019996513625629486,0.11132198773795564,,,
57.874696400016546,3551.920453404,odom,navigating,4,4,,0.10305063173328283,0.042108814437132616,0.025275393649710765,-7.021234589687768,-6.00018848563925,-1.6616181977327784,-2.0253843577690764,-0.5760905742645264,0.19945445208779802,-0.19945445208779802,0.047392966999723285,pixhawk_fused,True,0.8,0.2,gyro,-1.0,0.0,0.0,0.05,-0.3546680997895086,0.04486712300013096,1,0.10327493167931358,0.10327493167931358,0.1384362561915173,0.10327344711887192,0.0005537450247660692,0.005361878910097319,0.04155566676835611,0.04155566676835611,-0.019913514739613447,0.11132198773795564,,,
57.87486649991479,3552.025221478,odom,navigating,4,4,,0.10305063173328283,0.042108814437132616,0.0252361040133402,-7.021234589687768,-6.00018848563925,-1.661657487369149,-2.0253843577690764,-0.5760408043861389,0.1994059461901643,-0.1994059461901643,0.03348409099999117,pixhawk_fused,True,0.8,0.2,gyro,-1.0,0.0,0.0,0.05,-0.35474570188436805,0.045748359999834065,1,0.10327493167931358,0.10327493167931358,0.1384362561915173,0.10327344711887192,0.0005537450247660692,0.005361878910097319,0.04155566676835611,0.04155566676835611,-0.019874225103242882,0.11132198773795564,,,
58.210389300016686,3552.126651968,odom,navigating,4,4,,0.10305063173328283,0.042108814437132616,0.02522526919378376,-7.021234589687768,-6.00018848563925,-1.6616683221887054,-2.0253843577690764,-0.5760353803634644,0.19939256979890435,-0.19939256979890435,0.028619175999665458,pixhawk_fused,True,0.8,0.2,gyro,-1.0,0.0,0.0,0.05,-0.3547824359600281,0.045764173999941704,1,0.10327493167931358,0.10327493167931358,0.1384362561915173,0.10327344711887192,0.0005537450247660692,0.005361878910097319,0.04155566676835611,0.04155566676835611,-0.019863390283686444,0.11132198773795564,,,
58.2105185999535,3552.243856954,odom,navigating,4,4,,0.10305063173328283,0.042108814437132616,0.02520128231776786,-7.021234589687768,-6.00018848563925,-1.6616923090647213,-2.0253843577690764,-0.5759822130203247,0.19936295617969974,-0.19936295617969974,0.049026426000182255,pixhawk_fused,True,0.8,0.2,gyro,-1.0,0.0,0.0,0.05,-0.3547925659417,0.012036662999889813,1,0.10327493167931358,0.10327493167931358,0.1384362561915173,0.10327344711887192,0.0005537450247660692,0.005361878910097319,0.04155566676835611,0.04155566676835611,-0.01983940340767054,0.11132198773795564,,,
58.210611399961635,3552.361703684,odom,navigating,4,4,,0.10305063173328283,0.042108814437132616,0.025164406309569287,-7.021234589687768,-6.00018848563925,-1.66172918507292,-2.0253843577690764,-0.5759560465812683,0.19931742985376424,-0.19931742985376424,0.005525287999716966,pixhawk_fused,True,0.8,0.2,gyro,-1.0,0.0,0.0,0.05,-0.3548149922504788,0.03331602100024611,1,0.10327493167931358,0.10327493167931358,0.1384362561915173,0.10327344711887192,0.0005537450247660692,0.005361878910097319,0.04155566676835611,0.04155566676835611,-0.01980252739947197,0.11132198773795564,,,
58.53123520000372,3552.462597762,odom,navigating,4,4,,0.10305063173328283,0.042108814437132616,0.025164406309569287,-7.021234589687768,-6.00018848563925,-1.66172918507292,-2.0253843577690764,-0.5759560465812683,0.19931742985376424,-0.19931742985376424,0.10637573799976963,pixhawk_fused,True,0.8,0.2,gyro,-1.0,0.0,0.0,0.05,-0.35484946873650136,0.03383250800015958,1,0.10327493167931358,0.10327493167931358,0.1384362561915173,0.10327344711887192,0.0005537450247660692,0.005361878910097319,0.04155566676835611,0.04155566676835611,-0.01980252739947197,0.11132198773795564,,,
58.53140799992252,3552.581251601,odom,navigating,4,4,,0.10305063173328283,0.042108814437132616,0.02506695173652629,-7.021234589687768,-6.00018848563925,-1.6618266396459629,-2.0253843577690764,-0.5758422613143921,0.19919711398349413,-0.19919711398349413,0.11178223199976856,pixhawk_fused,True,0.8,0.2,gyro,-1.0,0.0,0.0,0.05,-0.35494057961677783,0.00529666400007045,1,0.10327493167931358,0.10327493167931358,0.1384362561915173,0.10327344711887192,0.0005537450247660692,0.005361878910097319,0.04155566676835611,0.04155566676835611,-0.01970507282642897,0.11132198773795564,,,
58.53154270001687,3552.682266842,odom,navigating,4,4,,0.10305063173328283,0.042108814437132616,0.025030495549787535,-7.021234589687768,-6.00018848563925,-1.6618630958327016,-2.0253843577690764,-0.5757852792739868,0.19915210554764876,-0.19915210554764876,0.01535370999999941,pixhawk_fused,True,0.8,0.2,gyro,-1.0,0.0,0.0,0.05,-0.35494057961677783,0.0060103499999968335,1,0.10327493167931358,0.10327493167931358,0.1384362561915173,0.10327344711887192,0.0005537450247660692,0.005361878910097319,0.04155566676835611,0.04155566676835611,-0.019668616639690217,0.11132198773795564,,,
58.85145449999254,3552.800747073,odom,navigating,4,4,,0.10305063173328283,0.042108814437132616,0.024958871295801544,-7.021234589687768,-6.00018848563925,-1.6619347200866876,-2.0253843577690764,-0.5756903886795044,0.19906367864871669,-0.19906367864871669,0.03316387600034432,pixhawk_fused,True,0.8,0.2,gyro,-1.0,0.0,0.0,0.05,-0.3549746618638421,0.02497482199987644,1,0.10327493167931358,0.10327493167931358,0.1384362561915173,0.10327344711887192,0.0005537450247660692,0.005361878910097319,0.04155566676835611,0.04155566676835611,-0.019596992385704226,0.11132198773795564,,,
58.851612699916586,3552.900850818,odom,navigating,4,4,,0.10305063173328283,0.042108814437132616,0.02492442011621332,-7.021234589687768,-6.00018848563925,-1.6619691712662759,-2.0253843577690764,-0.575651228427887,0.19902114526314932,-0.19902114526314932,0.01550181699985842,pixhawk_fused,True,0.8,0.2,gyro,-1.0,0.0,0.0,0.05,-0.3550416207437392,0.02513807600007567,1,0.10327493167931358,0.10327493167931358,0.1384362561915173,0.10327344711887192,0.0005537450247660692,0.005361878910097319,0.04155566676835611,0.04155566676835611,-0.019562541206116002,0.11132198773795564,,,
58.85171369998716,3553.003291245,odom,navigating,4,4,,0.10305063173328283,0.042108814437132616,0.02492442011621332,-7.021234589687768,-6.00018848563925,-1.6619691712662759,-2.0253843577690764,-0.575651228427887,0.19902114526314932,-0.19902114526314932,0.11700119399984032,pixhawk_fused,True,0.8,0.2,gyro,-1.0,0.0,0.0,0.05,-0.35507382723534087,0.02502780199984045,1,0.10327493167931358,0.10327493167931358,0.1384362561915173,0.10327344711887192,0.0005537450247660692,0.005361878910097319,0.04155566676835611,0.04155566676835611,-0.019562541206116002,0.11132198773795564,,,
59.18926100002136,3553.104294579,odom,navigating,4,4,,0.10309720101825065,0.042092597315200646,0.024759401888842847,-7.021256092069869,-6.000232862895927,-1.6621341894936463,-2.0260595991974064,-0.5756280422210693,0.19897581455709684,-0.19897581455709684,0.04348202699975445,pixhawk_fused,True,0.8,0.2,gyro,-1.0,0.0,0.0,0.05,-0.35507382723534087,0.02512741000009555,1,0.10332141334102807,0.10332141334102807,0.13849856315337805,0.10331992811242002,0.0005539942526135122,0.005361878910097319,0.04153920018187218,0.04153920018187219,-0.01939752297874553,0.1113589673377821,,,
59.189560499973595,3553.22564572,odom,navigating,4,4,,0.10383987058310859,0.04182639055105823,0.0224615338866192,-7.02160653514837,-6.000939696520319,-1.66443205749587,-2.036859022656188,-0.5752437114715576,0.19866897357480873,-0.19866897357480873,0.11157703199978641,pixhawk_fused,True,0.8,0.2,gyro,-1.0,0.012804797850549221,-0.16830700635910034,0.05,-0.354781565172485,0.046872034999978496,1,0.10406264486853611,0.10406264486853611,0.13949215681614577,0.10406114898484474,0.0005579686272645831,0.005361878910097319,0.04126901515921269,0.04126901515921269,-0.017099654976521883,0.11194715569967106,,,
59.189693599939346,3553.341172061,odom,navigating,4,4,,0.10614586854609108,0.04094750946650072,0.014376048995927704,-7.022746618897229,-6.003128364519734,-1.6725175423865615,-2.0706686315770173,-0.5720739364624023,0.19656938016081502,-0.19656938016081502,0.08846512699983577,pixhawk_fused,True,0.8,0.2,gyro,-1.0,0.025728687644004822,-0.3381793797016144,0.05,-0.3512327210848767,0.01366369700008363,1,0.10636389725179932,0.10636389725179932,0.1425769011903178,0.10636236828797707,0.0005703076047612712,0.005361878910097319,0.04037778228583007,0.04037778228583006,-0.009014170085830385,0.11377013641950691,,,
59.536326900008135,3553.462549054,odom,navigating,4,4,,0.10910127746307009,0.03968975345777694,-0.005693959221853007,-7.024338252670215,-6.005918184223,-1.6925875506043422,-2.114667457524233,-0.5563788414001465,0.18201283195281673,-0.18201283195281673,0.10125593799966737,pixhawk_fused,True,0.8,0.2,gyro,-1.0,0.03359849378466606,-0.4416205585002899,0.05,-0.3509003798373968,0.03507468099996913,1,0.10931251978215022,0.10931251978215022,0.14652942149109377,0.10931094843235595,0.0005861176859643751,0.005361878910097319,0.039104197888333435,0.03910419788833343,0.011055838131950326,0.1160963620171318,,,
59.536457199952565,3553.564899113,odom,navigating,4,4,,0.11177600850295147,0.038417688242035744,-0.06680276766988036,-7.025911586543539,-6.008427557963967,-1.7536963590523695,-2.155244328450013,-0.4896244704723358,0.11617652719879795,-0.11617652719879795,0.08684546399990722,pixhawk_fused,True,0.8,0.2,gyro,-1.0,0.031017109751701355,-0.40769070386886597,0.05,-0.386103526879318,0.03324152300001515,1,0.11198039174623489,0.11198039174623489,0.15010560596007047,0.11197878204621257,0.0006004224238402819,0.005361878910097319,0.03781780944309046,0.03781780944309045,0.07216464657997768,0.11819388667234076,,,
59.536559099913575,3553.686069388,odom,navigating,4,4,,0.11529871209684676,0.036533351546610145,-0.13250922145905042,-7.028191296543765,-6.01170827247563,-1.8194028128415396,-2.2099852258752155,-0.42341065406799316,0.047929072108513604,-0.047929072108513604,0.014591098999972019,pixhawk_fused,True,0.8,0.2,gyro,-1.0,0.03585343807935715,-0.4712596833705902,0.05,-0.36859750487244464,0.007196098999884271,1,0.11549294116506147,0.11549294116506147,0.1548140495612725,0.11549128097270929,0.00061925619824509,0.005361878910097319,0.03591461161509905,0.03591461161509905,0.13787110036914774,0.12094824838094911,,,
59.87266290001571,3553.803555254,odom,navigating,4,4,,0.11909311412388697,0.03421503609579954,-0.19546395938895333,-7.030933536507914,-6.015208585783221,-1.8823575507714425,-2.2709098045796816,-0.3584805130958557,-0.015497308078759427,0.015497308078759427,0.02921047500012719,pixhawk_fused,True,0.8,0.2,gyro,-1.0,0.04177656024694443,-0.5491135716438293,0.05,-0.39933520005022477,0.025822929999776534,1,0.11927485818102584,0.11927485818102584,0.1598835705418608,0.11927314362422817,0.0006395342821674433,0.005361878910097319,0.03357598446297897,0.033575984462978964,0.20082583829905065,0.12391060699860215,,,
59.87291599996388,3553.923899141,odom,navigating,4,4,,0.12301149958464584,0.03146946621683499,-0.25170516101751206,-7.034114516566427,-6.018782556186947,-1.9385987524000012,-2.3364729364758716,-0.30360013246536255,-0.06957594663237882,0.06957594663237882,0.03220839999994496,pixhawk_fused,True,0.8,0.2,gyro,-1.0,0.03842012584209442,-0.5049963593482971,0.05,-0.4212420946054737,0.04547319899984359,1,0.12317846597293654,0.12317846597293654,0.16511621354210204,0.12317669530240813,0.0006604648541684081,0.005361878910097319,0.030809444243445193,0.030809444243445196,0.2570670399276094,0.1269730535745118,,,
59.87337069993373,3554.024232879,odom,navigating,4,4,,0.12606718403664147,0.029043812752982557,-0.2616813594432177,-7.0368778014151845,-6.021536691085875,-1.9485749508257069,-2.389920714978522,-0.30360013246536255,-0.06957594663237882,0.06957594663237882,0.1324103639999521,pixhawk_fused,True,0.8,0.2,gyro,-1.0,0.03850254416465759,-0.5060796737670898,0.05,-0.4481903610833811,0.04548606899970764,1,0.12622110050213134,0.12622110050213134,0.16919475347751156,0.12621928609422362,0.0006767790139100463,0.005361878910097319,0.028367441516456836,0.028367441516456836,0.267043238353315,0.1293695402718845,,,
60.23391609999817,3554.143864599,odom,navigating,4,4,,0.12938139974514884,0.02608776174464169,-0.36597074692887643,-7.040197860711118,-6.024486177413681,-2.0528643383113656,-2.4507689374913175,-0.19111591577529907,-0.18383448964690519,0.18383448964690519,0.030384889999822917,pixhawk_fused,True,0.8,0.2,gyro,-1.0,0.04117207229137421,-0.5411681532859802,0.05,-0.44742639946300244,0.015157622000060655,1,0.12951941865771216,0.12951941865771216,0.1736160279316546,0.12951755683701432,0.0006944641117266184,0.005361878910097319,0.02539366266270928,0.025393662662709277,0.37133262583897375,0.1319852943053096,,,
60.23415469995234,3554.264512312,odom,navigating,4,4,,0.13254618566020238,0.02289642107382074,-0.37745145744280206,-7.043734316320539,-6.0272599847047434,-2.0643450488252912,-2.5123495374540177,-0.19111591577529907,-0.18383448964690519,0.18383448964690519,0.15096528999993097,pixhawk_fused,True,0.8,0.2,gyro,-1.0,0.041345760226249695,-0.5434510707855225,0.05,-0.47790157719537457,0.03165472899991073,1,0.13266704757923428,0.13266704757923428,0.17783530899715783,0.13266514051187975,0.0007113412359886313,0.005361878910097319,0.022185398749351392,0.022185398749351395,0.3828133363528994,0.13450924663776295,,,
60.234426499926485,3554.385112323,odom,navigating,4,4,,0.13582008954129315,0.019140676494512825,-0.5056514989534886,-7.04784401628683,-6.030076796760009,-2.1925450903359778,-2.580621240570253,-0.04770883545279503,-0.3257955087754662,0.3257955087754662,0.014039038999726472,pixhawk_fused,True,0.8,0.2,gyro,-1.0,0.046173110604286194,-0.6069020628929138,0.05,-0.460539534280007,0.00649672700001247,1,0.1359207666473276,0.1359207666473276,0.1821968000111094,0.13591881280828763,0.0007287872000444377,0.005361878910097319,0.01841215396620411,0.018412153966204107,0.5110133778635859,0.13716217488678314,,,
60.58928850002121,3554.501610769,odom,navigating,4,4,,0.13883251311456712,0.015166513608285843,-0.564935910521569,-7.05214037522966,-6.032608587878061,-2.251829501904058,-2.6489577120328556,0.008901561610400677,-0.3829794599149163,0.3829794599149163,0.014300902000286442,pixhawk_fused,True,0.8,0.2,gyro,-1.0,0.0412711426615715,-0.5424703359603882,0.05,-0.4999763882794061,0.025157575999855908,1,0.13891183803943938,0.13891183803943938,0.18620622145339388,0.13890984120423183,0.0007448248858135755,0.005361878910097319,0.014421896034895515,0.014421896034895515,0.5702977894316663,0.13965847569244327,,,
60.58962500002235,3554.625642138,odom,navigating,4,4,,0.14153475390624454,0.011047936122770202,-0.5775130224162952,-7.0565442460829955,-6.0348155557771355,-2.2644066137987844,-2.7164587440804033,0.008901561610400677,-0.3829794599149163,0.3829794599149163,0.13764639999999417,pixhawk_fused,True,0.8,0.2,gyro,-1.0,0.044275522232055664,-0.5819600820541382,0.05,-0.5237216049227698,0.048930501000086224,1,0.14159195677889802,0.14159195677889802,0.18979882227535794,0.14158992141741703,0.0007591952891014318,0.005361878910097319,0.010288888734780453,0.010288888734780451,0.5828749013263925,0.14196528961642002,,,
60.589975300012156,3554.741154682,odom,navigating,4,4,,0.14382154117615908,0.007004348034308418,-0.6743484968062718,-7.060825507608605,-6.036618553391201,-2.361242088188761,-2.7801146343084713,0.11373189836740494,-0.48737754246925663,0.48737754246925663,0.06650221100017006,pixhawk_fused,True,0.8,0.2,gyro,-1.0,0.04373876750469208,-0.5749049186706543,0.05,-0.5452617328976229,0.012353617999906419,1,0.14385703005081088,0.14385703005081088,0.1928350698783752,0.1438549621292679,0.0007713402795135008,0.005361878910097319,0.006233097354561396,0.006233097354561395,0.6797103757163692,0.14399200185312844,,,
60.929368300014175,3554.861758969,odom,navigating,4,4,,0.14598770660553045,0.002510045813792045,-0.7299507288698415,-7.065540476756173,-6.038249531948457,-2.4168443202523306,-2.8484739830906722,0.16696245968341827,-0.5400589910480912,0.5400589910480912,0.008962202000020625,pixhawk_fused,True,0.8,0.2,gyro,-1.0,0.04135822504758835,-0.54361492395401,0.05,-0.5080854870252755,0.03305189799993968,1,0.14599906655308065,0.14599906655308065,0.1957063912065809,0.14599696784010935,0.0007828255648263236,0.005361878910097319,0.0017272450778343914,0.0017272450778343914,0.7353126077799388,0.14600928330051408,,,
60.92981120001059,3554.962531566,odom,navigating,4,4,,0.14749811762242396,-0.001191582968874564,-0.7400494838964242,-7.069392148137248,-6.039320991073588,-2.4269430752789134,-2.9032530664823253,0.16696245968341827,-0.5400589910480912,0.5400589910480912,0.10938875200008624,pixhawk_fused,True,0.8,0.2,gyro,-1.0,0.04394090548157692,-0.5775618553161621,0.05,-0.5250057163432937,0.034447529000317445,1,0.14748960826785976,0.14748960826785976,0.19770440767907824,0.14748748812859236,0.0007908176307163129,0.005361878910097319,0.0019824290966885512,-0.0019824290966885512,0.7454113628065215,0.14750293072386775,,,
60.929980500019155,3555.081131811,odom,navigating,4,4,,0.14903551448628366,-0.005720983605808749,-0.8396380923294413,-7.074069144993019,-6.0403233680775,-2.5265316837119305,-2.968800978050597,0.272779643535614,-0.6473227635357316,0.6473227635357316,0.0065260400001534435,pixhawk_fused,True,0.8,0.2,gyro,-1.0,0.043544985353946686,-0.5723578333854675,0.05,-0.5049272470181768,0.005235314000401559,1,0.1490026970505073,0.1490026970505073,0.1997326476686774,0.14900055516083335,0.0007989305906747097,0.005361878910097319,0.006520007920542925,-0.006520007920542925,0.8449999712395386,0.14914527894509166,,,
61.25010880001355,3555.181987035,odom,navigating,4,4,,0.15022068526303212,-0.010105379811822992,-0.9025111069267373,-7.078561312862218,-6.040992686907589,-2.5894046983092265,-3.0310263282921546,0.3358749449253082,-0.7103429814312394,0.7103429814312394,0.02657130000034158,pixhawk_fused,True,0.8,0.2,gyro,-1.0,0.046088095754384995,-0.6057846546173096,0.05,-0.5178300618873442,0.005986647000099765,1,0.1501643423017112,0.1501643423017112,0.20128979050077023,0.1501621837135746,0.0008051591620030809,0.005361878910097319,0.010910695813313952,-0.010910695813313952,0.9078729858368346,0.1505601972037635,,,
61.25035579991527,3555.301113266,odom,navigating,4,4,,0.15129294817096012,-0.015531919702278001,-1.0041156031205887,-7.084075530127464,-6.041429139514495,-2.691009194503078,-3.1068281845055226,0.44445309042930603,-0.8178461252186234,0.8178461252186234,0.030503942999985156,pixhawk_fused,True,0.8,0.2,gyro,-1.0,0.04652800410985947,-0.6115667819976807,0.05,-0.5122838806202462,0.025023690000125498,1,0.1512074934856589,0.1512074934856589,0.20268809638390448,0.15120531990239275,0.000810752385535618,0.005361878910097319,0.016342907014459042,-0.01634290701445904,1.009477482030686,0.1520881214819186,,,
61.25050359999295,3555.401665517,odom,navigating,4,4,,0.15185342552591824,-0.019938963523669948,-1.0648902052801938,-7.088517830770087,-6.041475346761138,-2.751783796662683,3.1154783723038983,0.505818247795105,-0.8785967871878083,0.8785967871878083,0.024402151000231243,pixhawk_fused,True,0.8,0.2,gyro,-1.0,0.043947529047727585,-0.5776488780975342,0.05,-0.5326707787558702,0.025630175000060262,1,0.15174433286175,0.15174433286175,0.20340770986796863,0.1517421515615046,0.0008136308394718746,0.005361878910097319,0.020752892682618054,-0.020752892682618054,1.0702520841902912,0.15315686439188364,,,
61.57524999999441,3555.503590029,odom,navigating,4,4,,0.15213889612659962,-0.024223318135663478,-1.0757938590816059,-7.092806412255561,-6.041262610427583,-2.762687450464095,3.0566404768906144,0.505818247795105,-0.8785967871878083,0.8785967871878083,0.12571508600012749,pixhawk_fused,True,0.8,0.2,gyro,-1.0,0.046553727239370346,-0.6119049191474915,0.05,-0.5482283088289748,0.024771938000412774,1,0.15200682727827414,0.15200682727827414,0.20375957400095707,0.15200464220471396,0.0008150382960038282,0.005361878910097319,0.025038716359165804,-0.0250387163591658,1.0811557379917032,0.1540552266433107,,,
61.57544909999706,3555.604297498,odom,navigating,4,4,,0.15216675260030835,-0.028814535609133506,-1.1341385238003765,-7.0973699497334355,-6.040758448191932,-2.8210321151828657,2.9937361248040464,0.562503457069397,-0.935916658613437,0.935916658613437,0.011277366999820515,pixhawk_fused,True,0.8,0.2,gyro,-1.0,0.0516899898648262,-0.6794162392616272,0.05,-0.4909556423482376,0.025461772000198835,1,0.1520100659173658,0.1520100659173658,0.20376391527781598,0.15200788079725072,0.0008150556611112639,0.005361878910097319,0.029630017196950326,-0.02963001719695032,1.1395004027104738,0.15487090772412188,,,
61.575658299960196,3555.725893463,odom,navigating,4,4,,0.15182713231149028,-0.034227940849016696,-1.2479054606921007,-7.102707572966956,-6.039794043479816,-2.93479905207459,2.919406744218479,0.6831954717636108,-1.0586191642019687,1.0586191642019687,0.035027254999931756,pixhawk_fused,True,0.8,0.2,gyro,-1.0,0.048670344054698944,-0.6397258639335632,0.05,-0.5316581354658064,0.046401861000049394,1,0.15164142462622854,0.15164142462622854,0.20326976515452064,0.15163924480527238,0.0008130790606180826,0.005361878910097319,0.03504152362587012,-0.03504152362587012,1.253267339602198,0.1556374956130256,,,
61.93520269996952,3555.844361951,odom,navigating,4,4,,0.15111805219718907,-0.03941175904126419,-1.2611004508739763,-7.1077743576855,-6.0384892606340115,-2.9479940422564654,2.847713329812609,0.6831954717636108,-1.0586191642019687,1.0586191642019687,0.15388858500000424,pixhawk_fused,True,0.8,0.2,gyro,-1.0,0.04631858319044113,-0.6088141798973083,0.05,-0.46920538913561965,0.015035698999781744,1,0.15090455983258355,0.15090455983258355,0.20228202493825692,0.15090239060393967,0.0008091280997530277,0.005361878910097319,0.0402214653180767,-0.0402214653180767,1.2664623297840736,0.15617282878464817,,,
61.93539919995237,3555.964819315,odom,navigating,4,4,,0.15008475789411024,-0.04434321083460531,-1.3224475680372287,-7.112552918984387,-6.036891679393636,-3.009341159419718,2.7786672923879405,0.7433927059173584,-1.1182573075625835,1.1182573075625835,0.107111604000238,pixhawk_fused,True,0.8,0.2,gyro,-1.0,0.03870334103703499,-0.5087189674377441,0.05,-0.41165364205863286,0.03216216000009808,1,0.14984483866227555,0.14984483866227555,0.20086150759645055,0.1498426846669521,0.0008034460303858023,0.005361878910097319,0.045147305850211664,-0.045147305850211664,1.327809446947326,0.15649841820049154,,,
61.935522399959154,3556.085296308,odom,navigating,4,4,,0.14861219995459893,-0.04951289313280124,-1.428865748759538,-7.117517224264831,-6.034830195696864,-3.115759340142027,2.7050131253264222,0.8565509915351868,-1.2319938023421702,1.2319938023421702,0.1157469630002197,pixhawk_fused,True,0.8,0.2,gyro,-1.0,0.051206447184085846,-0.6730605363845825,0.06264855719180992,-0.4059906875088689,0.006445912999879511,1,0.1483445828128797,0.1483445828128797,0.19885046968296446,0.1483424503834915,0.0007954018787318578,0.005361878910097319,0.05030901819553388,-0.05030901819553388,1.4342276276696353,0.15664326529323208,,,
62.27382369991392,3556.200825924,odom,navigating,4,4,,0.14659373212527235,-0.054977921219929386,-1.5008652514017937,-7.122711650783507,-6.032192265160781,3.0954264643953033,2.625182974714531,0.9271198511123657,-1.3022335242364345,1.3022335242364345,0.04013997999982166,pixhawk_fused,True,0.8,0.2,gyro,-1.0,0.04910549148917198,-0.6454454660415649,0.07008332429530038,-0.40609088782038,0.02515659400023651,1,0.1462968413202662,0.1462968413202662,0.19610554735500108,0.1462947383268308,0.0007844221894200043,0.005361878910097319,0.0557631449955409,-0.05576314499554089,1.506227130311891,0.15656402562555954,,,
62.274034500005655,3556.30339392,odom,navigating,4,4,,0.14456998517183606,-0.059426103743482964,-1.6069189869819214,-7.1268954653434236,-6.029666879007611,2.9893727288151757,2.5582197531723234,1.0437790155410767,-1.4171360993716655,1.4171360993716655,0.027927320999879157,pixhawk_fused,True,0.8,0.2,gyro,-1.0,0.04910055920481682,-0.6453806161880493,0.06626600512893258,-0.40554496062746015,0.024519981000139524,1,0.1442492729560868,0.1442492729560868,0.19336085709935052,0.1442471993961155,0.0007734434283974021,0.005361878910097319,0.06020041254307529,-0.06020041254307529,1.6122808658920187,0.15630720526807487,,,
62.27429099997971,3556.424803075,odom,navigating,4,4,,0.14172725786826104,-0.06461647689419539,-1.6218095306084956,-7.131721606381428,-6.02624205278612,2.9744821851886014,2.4771231412389167,1.0437790155410767,-1.4171360993716655,1.4171360993716655,0.14863236400015012,pixhawk_fused,True,0.8,0.2,gyro,-1.0,0.05378015339374542,-0.7068895101547241,0.0547561575807716,-0.4050612297424391,0.045951427000090916,1,0.1413787564972762,0.1413787564972762,0.18951303512133347,0.14137672420051475,0.0007580521404853339,0.005361878910097319,0.06537546879647241,-0.0653754687964724,1.627171409518593,0.15576233405119047,,,
62.61009929992724,3556.533834149,odom,navigating,4,4,,0.1390665720728572,-0.06872163842153999,-1.6857340737895523,-7.135490928214032,-6.023123749883945,2.910557642007545,2.4100836030030446,1.1067501306533813,-1.4803718769881664,1.4803718769881664,0.08032868100008272,pixhawk_fused,True,0.8,0.2,gyro,-1.0,0.04558433219790459,-0.5991631150245667,0.05544459352532683,-0.40258701197002167,0.003844904000288807,1,0.13869609767525445,0.13869609767525445,0.1859170294119032,0.1386941039412798,0.0007436681176476127,0.005361878910097319,0.06946630510608967,-0.06946630510608967,1.6910959526996496,0.15511987318018303,,,
62.61029829992913,3556.641177804,odom,navigating,4,4,,0.13623052619746157,-0.07251193531590676,-1.8242681955469964,-7.138927191872811,-6.0198677402368235,2.7720235202501007,2.346568867971762,1.2629027366638184,-1.6357882494661748,1.6357882494661748,0.00533088600013798,pixhawk_fused,True,0.8,0.2,gyro,-1.0,0.04117194563150406,-0.4735238552093506,0.051382113313232156,-0.4015703843399196,0.013102821999837033,1,0.13583976955195934,0.13583976955195934,0.18208822637699665,0.1358378168772395,0.0007283529055079866,0.005361878910097319,0.07324134105384808,-0.07324134105384808,1.8296300744570937,0.154326721702029,,,
62.61042569996789,3556.761465115,odom,navigating,4,4,,0.1332530413621139,-0.07600966573082914,-1.8532263919773682,-7.142056474714782,-6.016505133674179,2.743065323819729,2.2836187400012125,1.283543586730957,-1.6570227641794621,1.6570227641794621,0.07450539899991782,pixhawk_fused,True,0.8,0.2,gyro,-1.0,0.03877722844481468,-0.5096901655197144,0.05,-0.41910772107527594,0.032550464999985707,1,0.1328435732003936,0.1328435732003936,0.1780719351146271,0.1328416635955118,0.0007122877404585085,0.005361878910097319,0.07672305635281536,-0.07672305635281534,1.8585882708874655,0.15340743892251646,,,
62.95712849998381,3556.864613836,odom,navigating,4,4,,0.13055746809613392,-0.07882829999135432,-1.8627279381074722,-7.144543888576156,-6.013501205144883,2.7335637776896244,2.2315367160552317,1.283543586730957,-1.6570227641794621,1.6570227641794621,0.17694124899981034,pixhawk_fused,True,0.8,0.2,gyro,-1.0,0.04135199263691902,-0.5435330271720886,0.05,-0.409101098184964,0.03235402600012094,1,0.1301329255796632,0.1301329255796632,0.1744384114475906,0.13013105493990257,0.0006977536457903623,0.005361878910097319,0.07952719682773825,-0.07952719682773825,1.8680898170175695,0.15250951890029676,,,
62.95732579997275,3556.985886215,odom,navigating,4,4,,0.12701800929592094,-0.08212027647932883,-1.9976939711870436,-7.147403705395624,-6.009604241512147,2.598597744610054,2.165309755383672,1.4363309144973755,-1.80742373571133,1.80742373571133,0.012017015000310494,pixhawk_fused,True,0.8,0.2,gyro,-1.0,0.043536312878131866,-0.572243869304657,0.05,-0.6027945907485015,0.0069086789999346365,1,0.12657586656387235,0.12657586656387235,0.16967030436495958,0.12657404705625985,0.0006786812174598383,0.005361878910097319,0.08280014793552512,-0.08280014793552512,2.003055850097141,0.1512524859119349,,,
62.957485800026916,3557.103599739,odom,navigating,4,4,,0.12294974713931425,-0.08541588755230468,-2.0108774587416782,-7.150205877531162,-6.005181613261659,2.585414257055419,2.0935591996818648,1.4363309144973755,-1.80742373571133,1.80742373571133,0.12967954000032478,pixhawk_fused,True,0.8,0.2,gyro,-1.0,0.046430036425590515,-0.6102791428565979,0.05,-0.6251582955765542,0.025381848000051832,1,0.12248999230503928,0.12248999230503928,0.1641933398541669,0.12248823153120851,0.0006567733594166676,0.005361878910097319,0.08607389821008857,-0.08607389821008858,2.0162393376517755,0.14970809653445358,,,
63.29264749994036,3557.221861027,odom,navigating,4,4,,0.11857779512445732,-0.08846134462513629,-2.120043235487447,-7.152724401221959,-6.000486316506227,2.4762484803096494,2.020549579877012,1.5535316467285156,-1.9246853182647168,1.9246853182647168,0.052772200999697816,pixhawk_fused,True,0.8,0.2,gyro,-1.0,0.04618231952190399,-0.6070231199264526,0.05,-0.60612963556915,0.04561795300014637,1,0.11810177384247922,0.11810177384247922,0.158311094032948,0.1181000761485792,0.000633244376131792,0.005361878910097319,0.08909586973998736,-0.08909586973998733,2.1254051143975445,0.14793952477098507,,,
63.29279300000053,3557.341081217,odom,navigating,4,4,,0.11386519435001051,-0.0912517459455674,-2.182685354771861,-7.154950126518186,-5.995482208944022,2.4136063610252356,1.9454953948878824,1.613460659980774,-1.984532216045612,1.984532216045612,0.05506040299997039,pixhawk_fused,True,0.8,0.2,gyro,-1.0,0.04879666864871979,-0.6413862705230713,0.05,-0.6346302054215688,0.014401752000139822,1,0.11337427908860692,0.11337427908860692,0.15197406079313602,0.11337264935167947,0.0006078962431725441,0.005361878910097319,0.09186096267522299,-0.09186096267522299,2.1880472336819583,0.14591834573651127,,,
63.29292519995943,3557.443696896,odom,navigating,4,4,,0.10971848577818104,-0.09333361759203798,-2.19421952961423,-7.156537642813747,-5.991122257849871,2.4020721861828673,1.88191967256637,1.613460659980774,-1.984532216045612,1.984532216045612,0.156775289000052,pixhawk_fused,True,0.8,0.2,gyro,-1.0,0.048896729946136475,-0.6427015066146851,0.05,-0.6399271711316978,0.013222540000242589,1,0.10921646743485541,0.10921646743485541,0.1464006668442334,0.10921489746579811,0.0005856026673769336,0.005361878910097319,0.09392057035242525,-0.09392057035242524,2.1995814085243275,0.1440462088854604,,,
63.62976789998356,3557.544347161,odom,navigating,4,4,,0.10553920906254027,-0.09511252904986808,-2.2551631891569004,-7.15782046577996,-5.9867650517406705,2.3411285266401967,1.8196904883864171,1.6747199296951294,-2.0451949197981296,2.0451949197981296,0.08237214700011464,pixhawk_fused,True,0.8,0.2,gyro,-1.0,0.048889391124248505,-0.6426050066947937,0.05,-0.6535724805249687,0.010952225999972143,1,0.10502771253351684,0.10502771253351684,0.14078579460741802,0.10502620277713384,0.0005631431784296721,0.005361878910097319,0.09567704757038406,-0.09567704757038403,2.2605250680669977,0.142073635245279,,,
63.63009400002193,3557.664706063,odom,navigating,4,4,,0.10030842128170356,-0.09692333168893394,-2.398229469750664,-7.159013161740342,-5.981359718878405,2.198062246046433,1.7438429008778085,1.8323187828063965,-2.203205839130634,2.203205839130634,0.011102907999884337,pixhawk_fused,True,0.8,0.2,gyro,-1.0,0.04910549148917198,-0.6454454660415649,0.05,-0.638772327368518,0.03319930099996782,1,0.09978729068645108,0.09978729068645108,0.13376120142129314,0.09978585626028467,0.0005350448056851726,0.005361878910097319,0.09745977746315931,-0.09745977746315933,2.403591348660761,0.1394844493329304,,,
63.63025879999623,3557.781247152,odom,navigating,4,4,,0.09453441617351116,-0.09842854617086036,-2.432945782051754,-7.159839402210021,-5.975450223780489,2.163345933745343,1.662074917451706,1.856993556022644,-2.2274075422022284,2.2274075422022284,0.022405625999908807,pixhawk_fused,True,0.8,0.2,gyro,-1.0,0.05119116231799126,-0.6728596091270447,0.05,-0.7647704048943013,0.0051609269999062235,4,2.5119567285950253,0.4063406758812404,0.8062061094451897,-0.0007751755622192416,-0.0976721208396244,1.5628599854874305,0.09531259337628656,-0.09531259337628657,-2.2873795396404013,0.13647320082190423,,,
63.951704300008714,3557.883209901,odom,navigating,4,4,,0.08943495597420764,-0.09935119974640116,-2.5539713827015893,-7.16016514042398,-5.970278214638897,2.0423203330955078,1.5910719072908506,1.9896212816238403,-2.3596196849081457,2.3596196849081457,0.00872130100015056,pixhawk_fused,True,0.8,0.2,gyro,-1.0,0.05633830651640892,-0.7405139803886414,0.05,-0.7672002567402216,0.006608446999962325,4,2.510993633444458,0.4053775807306732,0.8042952665479571,-0.0007828189338081716,-0.0986351856598296,1.5628599854874305,0.09022061618901513,-0.09022061618901513,-2.166353938990566,0.13367599725140547,,,
63.95185469998978,3558.000561433,odom,navigating,4,4,,0.08349026669937466,-0.09996157186056194,-2.568885270029117,-7.160082790875507,-5.964302839902203,2.02740644576798,1.509181878429478,1.9896212816238403,-2.3596196849081457,2.3596196849081457,0.12656583900024998,pixhawk_fused,True,0.8,0.2,gyro,-1.0,0.052274689078330994,-0.6871016025543213,0.05,-0.7900643604305779,0.024735308000344958,4,2.5103361019647097,0.40472004925092503,0.8029906816821278,-0.0007880372732714884,-0.09929269643220756,1.5628599854874305,0.08428095819842345,-0.08428095819842346,-2.1514400516630383,0.13024185380424758,,,
63.95195499993861,3558.103719079,odom,navigating,4,4,,0.07840678382809109,-0.1000970423561432,-2.6997190121241887,-7.159628495866431,-5.959237885173626,1.8965727036729083,1.4395140452077761,2.134561061859131,-2.5040540777180134,2.5040540777180134,0.005867686999863508,pixhawk_fused,True,0.8,0.2,gyro,-1.0,0.05685899034142494,-0.7473579049110413,0.05,-0.8058119985373641,0.025264998999773525,4,2.510160291903864,0.4045442391900795,0.8026418631818677,-0.000789432547272529,-0.09946850095633869,1.5628599854874305,0.07919871054799238,-0.0791987105479924,-2.0206063095679667,0.1271496820236391,,,
64.29030420002528,3558.204098572,odom,navigating,4,4,,0.07308978577832236,-0.09986132842423491,-2.7577326727312332,-7.158778465527194,-5.953983983981053,1.8385590430658638,1.3665846243504605,2.1907505989074707,-2.5587128463122784,2.5587128463122784,0.020721056000184035,pixhawk_fused,True,0.8,0.2,gyro,-1.0,0.05641692504286766,-0.7415473461151123,0.05,-0.8175121164070064,0.02540071800012811,4,2.5103538013442463,0.40473774863046175,0.8030257983927179,-0.0007878968064291285,-0.09927499761007019,1.5628599854874305,0.07388000925769386,-0.07388000925769388,-1.9625926489609222,0.12375137049654827,,,
64.29054860002361,3558.326474756,odom,navigating,4,4,,0.06672051540574712,-0.09906250169517532,-2.773594955572767,-7.15724722142309,-5.947750123161652,1.8226967602243302,1.2786253051371952,2.1907505989074707,-2.5587128463122784,2.5587128463122784,0.14166372099998625,pixhawk_fused,True,0.8,0.2,gyro,-1.0,0.056332699954509735,-0.740440309047699,0.05,-0.835434939374159,0.046421470000041154,4,2.511102054743264,0.40548600202947893,0.8045103813978343,-0.0007819584744086631,-0.09852676777549152,1.5628599854874305,0.06750459977493248,-0.06750459977493248,-1.9467303661193887,0.1194362022927519,,,
64.29091490001883,3558.441453884,odom,navigating,4,4,,0.06040155885901128,-0.09769587758851536,-2.8482116072949664,-7.155157830379334,-5.941632009207604,1.7480801085021307,1.1900290177884583,2.2615485191345215,-2.6303261257145345,2.6303261257145345,0.0867860359999213,pixhawk_fused,True,0.8,0.2,gyro,-1.0,0.05662859231233597,-0.7443295121192932,0.05,-0.8561087070340193,0.013841060999766341,4,2.5124184869419732,0.40680243422818835,0.8071222677884059,-0.0007715109288463765,-0.09721037703464341,1.5628599854874305,0.061174996347020026,-0.061174996347020026,-1.872113714397189,0.11486005750646645,,,
64.61236919998191,3558.561401333,odom,navigating,4,4,,0.053805697643024716,-0.09562551079627034,-2.9824479395719283,-7.152337358344136,-5.935320373814645,1.6138437762251687,1.095279581753621,2.404914379119873,-2.7731080306503713,2.7731080306503713,0.09251230100016983,pixhawk_fused,True,0.8,0.2,gyro,-1.0,0.05944647639989853,-0.7813679575920105,0.05,-0.8793089989672596,0.03239061700014645,4,2.5144364420766916,0.4088203893629067,0.8111260209314255,-0.0007554959162742979,-0.09519248545056153,1.5628599854874305,0.05456291188678734,-0.05456291188678734,-1.7378773821202271,0.1097237048859553,,,
64.6126369999256,3558.662606342,odom,navigating,4,4,,0.048601971358819294,-0.09348583167868724,-2.9960844551896724,-7.149609300802225,-5.930399530795896,1.6002072606074247,1.018188353598441,2.404914379119873,-2.7731080306503713,2.7731080306503713,0.19347809400005644,pixhawk_fused,True,0.8,0.2,gyro,-1.0,0.05943751707673073,-0.7812501788139343,0.05,-0.9074860781791648,0.031174944000213145,4,2.516534755695906,0.41091870298212124,0.8152892104907136,-0.0007388431580371457,-0.09309423791268034,1.5628599854874305,0.0493423684359031,-0.0493423684359031,-1.724240866502483,0.1053648534598674,,,
64.61281219997909,3558.763391009,odom,navigating,4,4,,0.04362206113947627,-0.09097460216878941,-3.1109071897161824,-7.146538120141676,-5.925744036322226,1.4853845260809146,0.9417646659075626,2.5275325775146484,-2.8961225093338427,2.8961225093338427,0.09719647799965969,pixhawk_fused,True,0.8,0.2,gyro,-1.0,0.05686184763908386,-0.7473954558372498,0.05,-0.9353656006835469,0.03604185900030643,4,2.519006384268385,0.41339033155460014,0.8201930809956545,-0.0007192276760173821,-0.09062268717819016,1.5628599854874305,0.044342685281561725,-0.044342685281561725,-1.609418131975973,0.1008923310159187,,,
64.9355095999781,3558.868940075,odom,navigating,4,4,,0.03843916160156682,-0.0878247055369237,3.07259109131325,-7.142809058088326,-5.920960900048423,1.3856974999307607,0.8586539213669161,2.6315152645111084,-2.9994031510088384,2.9994031510088384,0.09908959799986405,pixhawk_fused,True,0.8,0.2,gyro,-1.0,0.06547136604785919,-0.8605594635009766,0.05,-0.9461010381434362,0.033898171999680926,4,2.5221150488739466,0.41649899616016167,0.826360872078308,-0.0006945565116867679,-0.08751412047253276,1.5628599854874305,0.03913495057426053,-0.03913495057426053,-1.5097311058258194,0.09586838919726734,,,
64.93567429995164,3558.98472309,odom,navigating,4,4,,0.03276374480391436,-0.08363095702561049,2.9901483823990613,-7.137986119532761,-5.91580947829395,1.3032547910165722,0.7619398880159505,2.710308790206909,-3.0787499195668637,3.0787499195668637,0.08962126100004753,pixhawk_fused,True,0.8,0.2,gyro,-1.0,0.06400169432163239,-0.8412420153617859,0.05,-0.950115666856786,0.0065944459997808735,4,2.5262636237413143,0.4206475710275296,0.8345919121933771,-0.0006616323512264916,-0.08336567625453795,1.5628599854874305,0.03342642984003696,-0.033426429840036964,-1.4272883969116308,0.08981981934181082,,,
64.93580570002086,3559.084962437,odom,navigating,4,4,,0.02833152103732328,-0.07970215754611233,2.9112865312644467,-7.133570353744646,-5.911862189937147,1.2243929398819575,0.6807707455313836,2.789832830429077,3.126071715296648,-3.126071715296648,0.02389664400016045,pixhawk_fused,True,0.8,0.2,gyro,-1.0,0.0589284710586071,-0.7745592594146729,0.05,-0.9903432672639962,0.006437486999857356,4,2.5301571242214314,0.4245410715076466,0.8423168682721417,-0.0006307325269114331,-0.07947229839084058,1.5628599854874305,0.028963165689376714,-0.028963165689376718,-1.3484265457770162,0.08458787739264771,,,
65.2529781999765,3559.18513623,odom,navigating,4,4,,0.024002620213937186,-0.07517036099468835,2.8189826258114605,-7.128567618674915,-5.908087378134646,1.1320890344289714,0.59488663186837,2.8827803134918213,3.032380047501467,-3.032380047501467,0.07385326500025258,pixhawk_fused,True,0.8,0.2,gyro,-1.0,0.06657501310110092,-0.8750658631324768,0.05,-0.9889219904327975,0.0064048029998957645,4,2.534654422781068,0.4290383700672831,0.8512397986849407,-0.0005950408052602372,-0.07497514146278988,1.5628599854874305,0.024598435687681018,-0.024598435687681018,-1.25612264032403,0.07890949847265707,,,
65.25313590001315,3559.303721897,odom,navigating,4,4,,0.019354098419138432,-0.06928022691260584,2.748373183542925,-7.12217866620589,-5.904152442210115,1.0614795921604356,0.4920423946517168,2.9489176273345947,2.9686864689005836,-2.9686864689005836,0.046497170999828086,pixhawk_fused,True,0.8,0.2,gyro,-1.0,0.06201552599668503,-0.8151357173919678,0.05,-1.056887591769702,0.02551958399999421,4,2.540507479499304,0.43489142678551945,0.8628526407292122,-0.0005485894370831513,-0.06912226907247704,1.5628599854874305,0.019903314663177293,-0.019903314663177296,-1.1855131980554943,0.07193282259636313,,,
65.25325169996358,3559.404316606,odom,navigating,4,4,,0.016155573385838427,-0.0643540630915673,2.6010748798919154,-7.1169151575659955,-5.901546079000946,0.9141812885094263,0.41155607738684946,3.1101551055908203,2.806912077964686,-2.806912077964686,0.033161449000090215,pixhawk_fused,True,0.8,0.2,gyro,-1.0,0.06202486902475357,-0.8152585029602051,0.05,-1.112086970384578,0.025570695000169508,4,2.54540810386281,0.43979205114902503,0.8725757955509285,-0.000509696817796286,-0.06422179904233205,1.5628599854874305,0.01666579505270826,-0.016665795052708262,-1.038214894404485,0.06635094564374072,,,
65.57027239992749,3559.504394513,odom,navigating,4,4,,0.013253279501914496,-0.058966377842504136,2.5192398393350017,-7.111227548751464,-5.89928741388533,0.8323462479525126,0.3276861666653401,-3.091895341873169,2.7255258665098174,-2.7255258665098174,0.012434374000349635,pixhawk_fused,True,0.8,0.2,gyro,-1.0,0.05919966101646423,-0.7781237959861755,0.05,-1.1096468555723245,0.025617138000143314,4,2.550772586086662,0.4451565333728772,0.8832192742858601,-0.0004671229028565594,-0.0588574857599265,1.5628599854874305,0.013720834509405594,-0.013720834509405594,-0.9563798538475712,0.060437431558768524,,,
65.57055720000062,3559.62078779,odom,navigating,4,4,,0.010345279613091294,-0.052111892460395784,2.5011578970076895,-7.104082352928963,-5.897192990369168,0.8142643056252004,0.22563156505872053,-3.091895341873169,2.7255258665098174,-2.7255258665098174,0.13035463200003505,pixhawk_fused,True,0.8,0.2,gyro,-1.0,0.06146915256977081,-0.8079541325569153,0.05,-1.1768587443495737,0.0453271080000377,4,2.557603776965895,0.45198772425211026,0.8967727975940547,-0.00041290880962378124,-0.05202651001259645,1.5628599854874305,0.010758527236617141,-0.010758527236617143,-0.938297911520259,0.05312884476512639,,,
65.57075529999565,3559.72138222,odom,navigating,4,4,,0.008395399216713064,-0.04594526787170818,2.350976905492431,-7.097731372751734,-5.895970557071837,0.6640833141099418,0.13700470249025315,-2.9284822940826416,2.562175600589655,-2.562175600589655,0.052548076000221045,pixhawk_fused,True,0.8,0.2,gyro,-1.0,0.07187499850988388,-0.944729208946228,0.05,-1.2613369883738994,0.045113558000139165,4,2.5637547325977086,0.4581386798839239,0.908976690296994,-0.00036409323881202377,-0.04587574809031503,1.5628599854874305,0.00875976832332944,-0.00875976832332944,-0.7881169200050004,0.04670599927001891,,,
65.91089529998135,3559.841437645,odom,navigating,4,4,,0.006805072648261138,-0.03846592131982065,2.260248893148156,-7.090118156995411,-5.895257318482563,0.573355301765667,0.03219971646316405,-2.8386662006378174,2.4745014749182683,-2.4745014749182683,0.06468338300010146,pixhawk_fused,True,0.8,0.2,gyro,-1.0,0.05634671822190285,-0.7406245470046997,0.0,-0.75,0.01013128400018104,4,2.5712212223636475,0.46560516964986265,0.9237906875724454,-0.0003048372497102183,-0.03840949346348749,1.5628599854874305,0.0071101338145102035,-0.0071101338145102035,-0.6973889076607256,0.0390632322872896,,,
65.91123109997716,3559.941770063,odom,navigating,4,4,,0.006321082877584696,-0.034698940122623645,2.251098154510812,-7.086320470318334,-5.895212941225886,0.5642045631283228,-0.01984038278365071,-2.8386662006378174,2.4745014749182683,-2.4745014749182683,0.16496315399990635,pixhawk_fused,True,0.8,0.2,gyro,-1.0,0.030737634748220444,-0.40401726961135864,0.0,-0.75,0.011837556000045879,4,2.5749842438611577,0.46936819114737294,0.931256764933977,-0.0002749729402640919,-0.03464659047327556,1.5628599854874305,0.006596263551281416,-0.006596263551281416,-0.6882381690233814,0.035269994816822914,,,
65.9115328999469,3560.062056113,odom,navigating,4,4,,0.00612518320094998,-0.03233588806860082,2.1784661668211904,-7.08395063331228,-5.895292088291918,0.49157257543870125,-0.052326344789390786,-2.7604804039001465,2.3933110557211856,-2.3933110557211856,0.10755310800004736,pixhawk_fused,True,0.8,0.2,gyro,-1.0,0.015510892495512962,-0.2038760781288147,0.0,-0.75,0.0037756470001113485,4,2.5773456667861727,0.471729614072388,0.9359419803262148,-0.000256232078695141,-0.03228524191558774,1.5628599854874305,0.006381616253278102,-0.006381616253278103,-0.6156061813337599,0.032910902850427554,,,
66.25131820002571,3560.162447233,odom,navigating,4,4,,0.006031483477223152,-0.03061220300916081,2.1146347159535557,-7.08222769775923,-5.895398685207441,0.4277411245710665,-0.07596983672924155,-2.6886062622070312,2.3207114563448648,-2.3207114563448648,0.04972862700014957,pixhawk_fused,True,0.8,0.2,gyro,-1.0,0.023052077740430832,-0.3029978573322296,0.0,-0.75,0.01219252900000356,4,2.5790685539371223,0.47345250122333726,0.9393602995578978,-0.00024255880176840897,-0.030562409022819537,1.5628599854874305,0.006274239871064014,-0.0062742398710640135,-0.5517747304661251,0.03120073342102858,,,
66.25161379994825,3560.283366655,odom,navigating,4,4,,0.0059645830894579895,-0.027945311823978213,2.093773136155071,-7.079571009825994,-5.895641158877945,0.4068795447725817,-0.11252608332915533,-2.6694140434265137,2.3032971248193004,-2.3032971248193004,0.0168981150000036,pixhawk_fused,True,0.8,0.2,gyro,-1.0,0.02585538476705551,-0.3398447036743164,0.0,-0.75,0.00313842100013062,4,2.581734830196253,0.47611877748246817,0.9446503636277037,-0.00022139854548918533,-0.027896216731637336,1.5628599854874305,0.006186176453674409,-0.006186176453674407,-0.5309131506676403,0.028574756418391824,,,
66.25179030001163,3560.401604033,odom,navigating,4,4,,0.006012090740704237,-0.02473492975460525,2.034930096046771,-7.076387742280024,-5.896060226580174,0.34803650466428193,-0.1565171660239168,-2.6063525676727295,2.241192664222262,-2.241192664222262,0.030305743000099028,pixhawk_fused,True,0.8,0.2,gyro,-1.0,0.028285996988415718,-0.3717927932739258,0.0,-0.75,0.022066245000132767,4,2.5849454881953524,0.47932943548156753,0.9510205161815904,-0.00019591793527363836,-0.024685659844478403,1.5628599854874305,0.0062082041884155585,-0.0062082041884155585,-0.47207011055934056,0.02545509742742537,,,
66.57390820002183,3560.503624946,odom,navigating,4,4,,0.006179855770741531,-0.02177766996872766,1.9973802826524443,-7.073469823279133,-5.896569421288231,0.3104866912699551,-0.19710555315162184,-2.5701422691345215,2.2043122097416137,-2.2043122097416137,0.012432467000053293,pixhawk_fused,True,0.8,0.2,gyro,-1.0,0.033542897552251816,-0.44088980555534363,0.0,-0.75,0.02754003299969554,4,2.587903986276017,0.4822879335622321,0.9568903671932838,-0.0001724385312268646,-0.02172725493458494,1.5628599854874305,0.006352494358477445,-0.006352494358477445,-0.4345202971650137,0.022637524745739983,,,
66.57405489997473,3560.603773258,odom,navigating,4,4,,0.006423331189480841,-0.01922473721282262,1.9910825592229546,-7.070962279528132,-5.897106980840763,0.30418896784046545,-0.2322389146912657,-2.5701422691345215,2.2043122097416137,-2.2043122097416137,0.11243337500036432,pixhawk_fused,True,0.8,0.2,gyro,-1.0,0.028162145987153053,-0.3701649010181427,0.0,-0.75,0.009716867999941314,4,2.5904587709171922,0.48484271820340763,0.9619592247019877,-0.0001521631011920494,-0.019172550750198192,1.5628599854874305,0.0065757013765493505,-0.006575701376549351,-0.4282225737355241,0.020269427827934467,,,
66.57415439991746,3560.725793022,odom,navigating,4,4,,0.0068458491830984,-0.016094061092870274,1.926832898994025,-7.067901621309888,-5.897889301551256,0.23993930761153592,-0.27553954929099184,-2.49985933303833,2.135497111932776,-2.135497111932776,0.047841488999893045,pixhawk_fused,True,0.8,0.2,gyro,-1.0,0.02560577169060707,-0.33656376600265503,0.0,-0.75,0.010974040999826684,4,2.593592701655846,0.4879766489420613,0.9681771454223319,-0.00012729141831067242,-0.01603871870714474,1.5628599854874305,0.006973360210592701,-0.006973360210592702,-0.36397291350659455,0.0174895526957887,,,
66.91567339992616,3560.841362429,odom,navigating,4,4,,0.007433242269541933,-0.012836837599649183,1.918748230100731,-7.064734366176121,-5.898850046283441,0.23185463871824186,-0.32089248208164495,-2.49985933303833,2.135497111932776,-2.135497111932776,0.1643513899998652,pixhawk_fused,True,0.8,0.2,gyro,-1.0,0.0282888263463974,-0.3718299865722656,0.0,-0.75,0.024152507000053447,4,2.596854484273737,0.4912384315599525,0.9746487325173797,-0.00010140506993048127,-0.012777038811240649,1.5628599854874305,0.007534884632515209,-0.007534884632515211,-0.3558882446133005,0.014833660714654084,,,
66.91582769993693,3560.944308077,odom,navigating,4,4,,0.007967446315770314,-0.010426869250807816,1.8830284941080333,-7.062402501461862,-5.899659816843425,0.19613490272554412,-0.35470977262527953,-2.462780714035034,2.099368829117558,-2.099368829117558,0.08924849000004542,pixhawk_fused,True,0.8,0.2,gyro,-1.0,0.028382448479533195,-0.37306055426597595,0.0,-0.75,0.0033512859999973443,4,2.599268616307563,0.49365256359377846,0.9794385261811739,-8.22458952753043e-05,-0.010362982804688337,1.5628599854874305,0.008049945724696923,-0.008049945724696923,-0.32016850862060275,0.013122492262071388,,,
66.91594709991477,3561.065695931,odom,navigating,4,4,,0.008904251382872867,-0.006899518879567897,1.8179530500889594,-7.059007412577319,-5.900998912001093,0.13105945870647018,-0.40471283156810195,-2.394639730453491,2.031040633188031,-2.031040633188031,0.10161864400015475,pixhawk_fused,True,0.8,0.2,gyro,-1.0,0.03328750655055046,-0.4375329315662384,0.0,-0.75,0.013676084000053379,1,0.00886712917819196,0.00886712917819196,0.011886061279683623,0.008867001714643982,4.754424511873449e-05,0.005361878910097319,0.00694716298903113,-0.00694716298903113,-1.812591171178862,0.011264504137284838,,,
67.23626789997797,3561.165866686,odom,navigating,4,4,,0.00977813217719622,-0.00412014860420584,1.7710546735706463,-7.056347979659136,-5.9021888629765265,0.0841610821881571,-0.4446374531235943,-2.346151828765869,1.982627787606261,-1.982627787606261,0.006102550999912637,pixhawk_fused,True,0.8,0.2,gyro,-1.0,0.028216902166604996,-0.37088462710380554,0.0,-0.75,0.01297332300009657,1,0.009755899986075251,0.009755899986075251,0.013077425933767612,0.00975575974659064,5.230970373507045e-05,0.005361878910097319,0.004172518287216525,-0.004172518287216525,-1.765692794660549,0.010610725394404448,,,
67.23652209993452,3561.284996948,odom,navigating,4,4,,0.01086917354611029,-0.0011017351704563584,1.7083564726079887,-7.0534762679048875,-5.903622202617447,0.021462881225499553,-0.48860946163765084,-2.280566453933716,1.9158339367075183,-1.9158339367075183,0.011305384000024787,pixhawk_fused,True,0.8,0.2,gyro,-1.0,0.023262834176421165,-0.30576804280281067,0.0,-0.75,0.0318308710002384,1,0.010863109961229162,0.010863109961229162,0.014561600275844784,0.010862953805780208,5.824640110337914e-05,0.005361878910097319,0.0011599982463469383,-0.0011599982463469383,-1.7029945936978914,0.01092486860155692,,,
67.23671839991584,3561.387492811,odom,navigating,4,4,,0.011830700196464481,0.0012618032623653694,1.6753569315083559,-7.051240020166356,-5.9048510408796595,-0.011536659874133326,-0.5235673522691202,-2.247575283050537,1.8832646571858147,-1.8832646571858147,0.0055018440002641,pixhawk_fused,True,0.8,0.2,gyro,-1.0,0.02388247847557068,-0.31391268968582153,0.0,-0.75,0.004056601999764098,1,0.011837295735945202,0.011837295735945202,0.0158674605586237,0.01183712557673328,6.34698422344948e-05,0.005361878910097319,0.0011983506462276213,0.0011983506462276215,-1.6699950525982585,0.011897798729661744,,,
67.58962579991203,3561.503770348,odom,navigating,4,4,,0.013012879620456396,0.0038818342498186907,1.6683166161120349,-7.048774566184575,-5.906328757777257,-0.01857697527045432,-0.5629540992209957,-2.247575283050537,1.8832646571858147,-1.8832646571858147,0.12167664300022807,pixhawk_fused,True,0.8,0.2,gyro,-1.0,0.0282098688185215,-0.3707921802997589,0.0,-0.75,0.01465437499973632,1,0.013033506387880478,0.013033506387880478,0.017470937042002522,0.01303331903333388,6.988374816801008e-05,0.005361878910097319,0.0038120052986103854,0.003812005298610385,-1.6629547372019375,0.013579531404269988,,,
67.58978299994487,3561.626404004,odom,navigating,4,4,,0.014338186018437228,0.006530532499256359,1.6351206622817125,-7.046297217268013,-5.907951958877157,-0.05177292910077669,-0.6035386294724583,-2.216304302215576,1.8516588427884797,-1.8516588427884797,0.035005494999950315,pixhawk_fused,True,0.8,0.2,gyro,-1.0,0.0283554345369339,-0.37270548939704895,0.0,-0.75,0.03287914100019407,1,0.014372995666028487,0.014372995666028487,0.01926647326613959,0.014372789056540132,7.706589306455836e-05,0.005361878910097319,0.006453559375064172,0.006453559375064172,-1.6297587833716152,0.015755362040370646,,,
67.58989980001934,3561.741085451,odom,navigating,4,4,,0.015943014212148415,0.009424625382532248,1.5740546338944392,-7.043608504510373,-5.909881225798881,-0.11283895748804995,-0.6488724730696223,-2.149289608001709,1.7871988310678224,-1.7871988310678224,0.06074479600010818,pixhawk_fused,True,0.8,0.2,gyro,-1.0,0.02829589694738388,-0.37192294001579285,0.0,-0.75,0.022682172999793693,1,0.015993318491833372,0.015993318491833372,0.021438456555585027,0.015993088590466432,8.575382622234011e-05,0.005361878910097319,0.009339005803008059,0.009339005803008057,-1.568692754984342,0.018520347344740527,,,
67.91151879995596,3561.846838269,odom,navigating,4,4,,0.0173834112618103,0.011785514535864253,1.567357723877892,-7.041430358953264,-5.9115854039547795,-0.11953586750459722,-0.6867524536388456,-2.149289608001709,1.7871988310678224,-1.7871988310678224,0.16633111800001643,pixhawk_fused,True,0.8,0.2,gyro,-1.0,0.025843698531389236,-0.33969107270240784,0.0,-0.75,0.004231672000059916,1,0.0174463535771248,0.0174463535771248,0.023386196767578398,0.017446102788613485,9.35447870703136e-05,0.005361878910097319,0.011692137821384313,0.011692137821384313,-1.5619958449677946,0.021001936576713606,,,
67.91176899999846,3561.965483801,odom,navigating,4,4,,0.019108494382316342,0.014371213076543507,1.530354477371716,-7.039061894439683,-5.913598392917451,-0.15653911401077325,-0.7293359495409001,-2.113192558288574,1.751380918727658,-1.751380918727658,0.10868152200009717,pixhawk_fused,True,0.8,0.2,gyro,-1.0,0.025608321651816368,-0.3365972936153412,0.0,-0.75,0.013801877000332752,1,0.019185276035881143,0.019185276035881143,0.025717158512923183,0.019185000250640696,0.00010286863405169273,0.005361878910097319,0.01426854955058415,0.014268549550584148,-1.5249925984616186,0.02390954459730319,,,
67.91200839995872,3562.065782144,odom,navigating,4,4,,0.020497129108941404,0.01629126100430582,1.4663743436008438,-7.037315626514566,-5.91520009163525,-0.22051924778164533,-0.7617951535945074,-2.042508602142334,1.6806529230637768,-1.6806529230637768,0.09188866500016957,pixhawk_fused,True,0.8,0.2,gyro,-1.0,0.02561596967279911,-0.3366978168487549,0.0,-0.75,0.012124158999995416,1,0.020584185816266806,0.020584185816266806,0.027592345739845165,0.020583889921924493,0.00011036938295938066,0.005361878910097319,0.016181124222390385,0.01618112422239039,-1.4610124646907465,0.026182770801025407,,,
68.25331759999972,3562.181892036,odom,navigating,4,4,,0.02201261522365333,0.01824130229430967,1.4260547001887172,-7.035554261172228,-5.916931262143148,-0.260838891193772,-0.8078309445334445,-2.003798484802246,1.6415662972791412,-1.6415662972791412,0.022097299000051862,pixhawk_fused,True,0.8,0.2,gyro,-1.0,0.012924444861710072,-0.5096389651298523,0.0,-0.75,0.00522803500007285,1,0.022110105981277002,0.022110105981277002,0.029637785726647565,0.022109788152079084,0.00011855114290659026,0.005361878910097319,0.018123011666765006,0.018123011666765006,-1.4206928212786198,0.028588465128037244,,,
68.25346929999068,3562.300925763,odom,navigating,4,4,,0.022728370891490057,0.019058968324271636,1.3425795525800661,-7.034825010170751,-5.917736915225708,-0.34431403880242306,-0.887630590572152,-1.9167009592056274,1.5572987817688204,-1.5572987817688204,0.02737585200020476,pixhawk_fused,True,0.8,0.2,gyro,-1.0,0.010315717197954655,-0.7457472085952759,0.0,-0.75,0.029825253999661072,1,0.02283023556547577,0.02283023556547577,0.03060309300875541,0.022829907384531535,0.00012241237203502165,0.005361878910097319,0.018936828166079108,0.018936828166079108,-1.3372176736699688,0.029661812435633837,,,
68.25357850000728,3562.403477809,odom,navigating,4,4,,0.023153941740566873,0.019473853421373852,1.3302759502688433,-7.034462214659978,-5.918207680144478,-0.3566176411136459,-0.9579469133832202,-1.9167009592056274,1.5572987817688204,-1.5572987817688204,0.12901219900004435,pixhawk_fused,True,0.8,0.2,gyro,-1.0,0.005169516429305077,-0.6115360856056213,0.0,-0.75,0.03060564199995497,1,0.023258024850033466,0.023258024850033466,0.031176528846766013,0.023257690519687447,0.00012470611538706406,0.005361878910097319,0.01934942545084853,0.01934942545084853,-1.324914071358746,0.030254520078869522,,,
68.57298940001056,3562.503662766,odom,navigating,4,4,,0.023644781839157487,0.019889901955828876,1.2573439643293651,-7.0341058241140875,-5.9187434097070435,-0.42954962705312405,-1.030254493697642,-1.844565510749817,1.4842367433471895,-1.4842367433471895,0.04521312899987606,pixhawk_fused,True,0.8,0.2,gyro,-1.0,0.002564788330346346,-0.7079465389251709,0.0,-0.75,0.012434263000159262,1,0.02375108868405036,0.02375108868405036,0.03183746282304486,0.023750747265991464,0.00012734985129217943,0.005361878910097319,0.01976283619211099,0.019762836192110986,-1.2519820854192678,0.030897959609557345,,,
68.57315229997039,3562.603778484,odom,navigating,4,4,,0.024402498585553906,0.02044255106594026,1.1896880345810255,-7.033644666642639,-5.9195600427294,-0.4972055568014637,-1.0986177243538957,-1.7792081832885742,1.416728127674601,-1.416728127674601,0.04282642899988787,pixhawk_fused,True,0.8,0.2,gyro,-1.0,0.007734204642474651,-0.6439389586448669,0.0,-0.75,0.02089194000018324,1,0.024511757761800573,0.024511757761800573,0.03285711180864168,0.024511405409246696,0.00013142844723456674,0.005361878910097319,0.020311414592005767,0.020311414592005767,-1.1843261556709281,0.03183362736637997,,,
68.57327839999925,3562.724050957,odom,navigating,4,4,,0.024697028330898308,0.020622448628394116,1.0668933395141336,-7.0335000974353195,-5.919873428511089,-0.6200002518683556,-1.1831018426454094,-1.6447834968566895,1.2858577723069406,-1.2858577723069406,0.03142952799998966,pixhawk_fused,True,0.8,0.2,gyro,-1.0,0.005123705603182316,-0.7406078577041626,0.0,-0.75,0.010856672000045364,1,0.024807247857651683,0.024807247857651683,0.03325320543897515,0.024806891257475462,0.0001330128217559006,0.005361878910097319,0.020489730343198377,0.020489730343198377,-1.0615314606040362,0.032174968466308525,,,
68.89036710001528,3562.827518664,odom,navigating,4,4,,0.02478655777384759,0.020668355758737038,1.0540124965798021,-7.033464870128473,-5.919967672994341,-0.6328810948026871,-1.257549445584859,-1.6447834968566895,1.2858577723069406,-1.2858577723069406,0.13521713499994803,pixhawk_fused,True,0.8,0.2,gyro,-1.0,0.0051675704307854176,-0.8153182864189148,0.0,-0.75,0.004416908000166586,1,0.02489702216092426,0.02489702216092426,0.03337354459819966,0.024896664270256948,0.00013349417839279864,0.005361878910097319,0.02053515676990194,0.02053515676990194,-1.0486506176697048,0.032273121572695795,,,
68.89051639998797,3562.928398566,odom,navigating,4,4,,0.02492127193753822,0.020729665566471944,0.9859911852129608,-7.033419577876813,-5.9201085822217285,-0.7009024061695284,-1.3312723287267108,-1.5778731107711792,1.2190029304785943,-1.2190029304785943,0.05477325900028518,pixhawk_fused,True,0.8,0.2,gyro,-1.0,0.0,-0.7473579049110413,0.0,-0.75,0.004549701000087225,1,0.025032063122310468,0.025032063122310468,0.03355456205154313,0.025031703290451172,0.00013421824820617252,0.005361878910097319,0.020595743378746176,0.020595743378746173,-0.9806293063028635,0.03241587310998275,,,
68.8906153999269,3563.041192522,odom,navigating,4,4,,0.02543674555037325,0.020898942727876343,0.8505440044816613,-7.033311150971324,-5.92064019430687,-0.8363495869008278,-1.415748661162162,-1.4310942888259888,1.0729676114483093,-1.0729676114483093,0.06884998099985751,pixhawk_fused,True,0.8,0.2,gyro,-1.0,0.005121663212776184,-0.6731945872306824,0.0,-0.75,0.013954094999917288,1,0.02554843696458829,0.02554843696458829,0.03424674223852348,0.025548069709938517,0.00013698696895409393,0.005361878910097319,0.02076225421296897,0.020762254212968966,-0.845182125571564,0.03292102415383654,,,
69.23376209998969,3563.162223549,odom,navigating,4,4,,0.025870739486761385,0.021000682229029944,0.8349412150861316,-7.033260368749765,-5.921083051878658,-0.8519523762963576,-1.5070992960642169,-1.4310942888259888,1.0729676114483093,-1.0729676114483093,0.18981901000006474,pixhawk_fused,True,0.8,0.2,gyro,-1.0,0.002561342203989625,-0.7069950103759766,0.0,-0.75,0.011850166999920475,1,0.025982970174655427,0.025982970174655427,0.03482921806120782,0.025982596673661033,0.00013931687224483127,0.005361878910097319,0.020861665239849267,0.020861665239849267,-0.8295793361760343,0.03332152180913364,,,
69.23391479998827,3563.284033113,odom,navigating,4,4,,0.026163657411015458,0.021040369992862126,0.7033398729624165,-7.033254878779867,-5.921378595258178,-0.9835537184200727,-1.603187702107098,-1.2909488677978516,0.9341513533158515,-0.9341513533158515,0.11540042700016784,pixhawk_fused,True,0.8,0.2,gyro,-1.0,0.0,-0.7471327781677246,0.0,-0.75,0.0055209729998750845,1,0.02627609668822593,0.02627609668822593,0.03522214339622695,0.026275718973585306,0.0001408885735849078,0.005361878910097319,0.020899781850261482,0.020899781850261482,-0.6979779940523192,0.0335743077152384,,,
69.23403199994937,3563.384321363,odom,navigating,4,4,,0.026508271742371727,0.02105937198926056,0.625394407219158,-7.033275923664477,-5.921723090869289,-1.0614991841633312,-1.68227405117741,-1.2140291929244995,0.8564404783411239,-0.8564404783411239,0.0962493329998324,pixhawk_fused,True,0.8,0.2,gyro,-1.0,0.002561342203989625,-0.7069950103759766,0.0,-0.75,0.011497916000280384,1,0.026620807951722454,0.026620807951722454,0.03568421619559405,0.026620425281913163,0.0001427368647823762,0.005361878910097319,0.02091693580204773,0.020916935802047728,-0.6200325283090606,0.03385536322873343,,,
69.55299250001553,3563.485526904,odom,navigating,4,4,,0.02660764485982126,0.021060367294710086,0.549994464221762,-7.033286446106782,-5.9218219103274565,-1.1368991271607272,-1.750965269510998,-1.1368600130081177,0.779658454792044,-0.779658454792044,0.02749333099973228,pixhawk_fused,True,0.8,0.2,gyro,-1.0,0.0,-0.6266619563102722,0.0,-0.7179297719157032,0.01115946099980647,1,0.02672018497738122,0.02672018497738122,0.03581742745180061,0.026719800879043253,0.00014326970980720245,0.005361878910097319,0.02091739826912032,0.02091739826912032,-0.5446325853116647,0.03393384498659807,,,
69.55318940000143,3563.587368097,odom,navigating,4,4,,0.02710197093149212,0.0210120788767341,0.5380949025112827,-7.033391670529831,-5.9223073151659555,-1.1487986888712065,-1.8216973897294981,-1.1368600130081177,0.779658454792044,-0.779658454792044,0.12907126999971297,pixhawk_fused,True,0.8,0.2,gyro,-1.0,0.010341634973883629,-0.6796551942825317,0.0,-0.7024532316081576,0.004065267999976641,1,0.02721424502778542,0.02721424502778542,0.036479696819589985,0.02721385382741413,0.00014591878727835994,0.005361878910097319,0.02086646004144439,0.020866460041444386,-0.5327330236011854,0.03429321051015112,,,
69.55330359993968,3563.701825122,odom,navigating,4,4,,0.027249018307293777,0.020979483195964852,0.36533943161074056,-7.033441080258914,-5.9224495968858175,-1.3215541597717486,-1.91830454203444,-0.9552080631256104,0.5914073284430716,-0.5914073284430716,0.05012361599983706,pixhawk_fused,True,0.8,0.2,gyro,-1.0,-0.002559558255597949,-0.7737886309623718,0.0,-0.4784292181938926,0.01350355100021261,1,0.02736111551654901,0.02736111551654901,0.036676571320292485,0.027360722204938195,0.00014670628528116994,0.005361878910097319,0.020833076382787637,0.02083307638278764,-0.35997755270064324,0.0343896454457007,,,
69.85539959999733,3563.803621759,odom,navigating,4,4,,0.02748265296169374,0.02091138625804523,0.32955133226113653,-7.0335357822396585,-5.92267377065666,-1.3573422591213526,-1.9772149644260433,-0.9250133633613586,0.5604119141860221,-0.5604119141860221,0.045386160999896674,pixhawk_fused,True,0.8,0.2,gyro,-1.0,0.017954034730792046,-0.43827950954437256,0.0,-0.4337041129509852,0.014026297999862436,1,0.027594381686702873,0.027594381686702873,0.036989256061566465,0.027593985021928582,0.00014795702424626588,0.005361878910097319,0.02076372770902695,0.02076372770902695,-0.3241894533510392,0.03453378474835993,,,
69.8556531999493,3563.90393873,odom,navigating,4,4,,0.027341149972792612,0.020955682889274952,0.22027288963213199,-7.033475392570778,-5.922538351399171,-1.4666207017503572,-2.027824566893809,-0.8058189153671265,0.43883228947355485,-0.43883228947355485,0.03133680800010552,pixhawk_fused,True,0.8,0.2,gyro,-1.0,0.002532473299652338,-0.4325931966304779,0.0,-0.4211295467232532,0.01435027000025002,1,0.027453118243919036,0.027453118243919036,0.0367998976002465,0.027452723609783892,0.000147199590400986,0.005361878910097319,0.020808782421756163,0.020808782421756163,-0.21491101072203467,0.03444820934664948,,,
69.8558342999313,3564.005560556,odom,navigating,4,4,,0.02747579831652667,0.020899071904928658,0.17962497446925063,-7.033547219676946,-5.922665535701813,-1.5072686169132385,-2.059734572321017,-0.7632430195808411,0.3963135052783701,-0.3963135052783701,0.025393180000264692,pixhawk_fused,True,0.8,0.2,gyro,-1.0,0.0025614695623517036,-0.1683204174041748,0.0,-0.2342859907159048,0.011666875000173604,1,0.02758746111231633,0.02758746111231633,0.0369799792855552,0.02758706454702418,0.0001479199171422208,0.005361878910097319,0.020751450286528462,0.020751450286528462,-0.1742630955591533,0.03452087339013641,,,
70.17079639993608,3564.120857374,odom,navigating,4,4,,0.027660757277137356,0.02082575892292273,0.17463274002429374,-7.0336414641601985,-5.9228407572410635,-1.5122608513581954,-2.0881462963242394,-0.7632430195808411,0.3963135052783701,-0.3963135052783701,0.14312434400017082,pixhawk_fused,True,0.8,0.2,gyro,-1.0,6.480659635599295e-07,-0.33956313133239746,0.0,-0.22856665695049802,0.004287004000161687,1,0.027772024320723378,0.027772024320723378,0.0372273794937868,0.027771625102364954,0.0001489095179751472,0.005361878910097319,0.02067714663558664,0.02067714663558664,-0.16927086111419642,0.034624120607755556,,,
70.1709313999163,3564.221110328,odom,navigating,4,4,,0.02802194988723765,0.02066706104365862,0.1393793997854147,-7.033840933066499,-5.923181135374752,-1.5475141915970745,-2.104362560293124,-0.7178090214729309,0.35700746050610277,-0.35700746050610277,0.04765001099985966,pixhawk_fused,True,0.8,0.2,gyro,-1.0,0.005121919326484203,-0.06732280552387238,0.0,-0.1815020026525715,0.011929849999887665,1,0.028132360824003687,0.028132360824003687,0.037710397353708174,0.028131956425866297,0.0001508415894148327,0.005361878910097319,0.020516514375820086,0.020516514375820086,-0.13401752087531738,0.0348189185309534,,,
70.1710375000257,3564.321158287,odom,navigating,4,4,,0.028111339204270305,0.020627280583901286,0.13890536961530686,-7.033890800293075,-5.92326531491319,-1.5479882217671823,-2.107052022634143,-0.7178090214729309,0.35700746050610277,-0.35700746050610277,0.14787089099991135,pixhawk_fused,True,0.8,0.2,gyro,-1.0,0.002527622040361166,-0.03322321176528931,0.0,-0.18072899661792907,0.013188151000122161,1,0.028221535559093198,0.028221535559093198,0.03782993281378474,0.028221129879083415,0.00015131973125513895,0.005361878910097319,0.02047625519550324,0.02047625519550324,-0.13354349070520954,0.03486735000175,,,
70.49054069991689,3564.421681327,odom,navigating,4,4,,0.027567952519013155,0.020871128843555225,0.12437360001847297,-7.033585649466233,-5.922753832717675,-1.5625199913640162,-2.1341363647671594,-0.7097535729408264,0.34514963027223083,-0.34514963027223083,0.06973808799966719,pixhawk_fused,True,0.8,0.2,gyro,-1.0,0.002564789727330208,-0.37072834372520447,0.0,-0.1650853398781523,0.0207683509997878,1,0.027679464163507514,0.027679464163507514,0.037103305999579596,0.02767906627568638,0.0001484132239983184,0.005361878910097319,0.02072301350952486,0.020723013509524855,-0.11901172110837566,0.034577391823196364,,,
70.49073750001844,3564.541480291,odom,navigating,4,4,,0.028410889985829253,0.020460012135423724,0.12038818246259231,-7.034091641691851,-5.923543473388032,-1.5665054089198969,-2.149685059909913,-0.7065704464912415,0.3436092478776637,-0.3436092478776637,0.07429658500041114,pixhawk_fused,True,0.8,0.2,gyro,-1.0,0.002560195280238986,-0.100954070687294,0.0,-0.15696135071706743,0.014147293999940302,1,0.02852018516578937,0.02852018516578937,0.0382302616524662,0.028519775192739787,0.0001529210466098648,0.005361878910097319,0.02030738300416051,0.02030738300416051,-0.11502630355249499,0.035011294839931,,,
70.49084639991634,3564.64155636,odom,navigating,4,4,,0.02832415164331387,0.020504707737433743,0.09162957220753132,-7.03403719949036,-5.923462496332034,-1.5952640191749579,-2.1686364328158754,-0.6740708947181702,0.3127780448044006,-0.3127780448044006,0.027400739999848156,pixhawk_fused,True,0.8,0.2,gyro,-1.0,0.0,-0.27134397625923157,0.0,-0.15482708031906017,0.021686437999960617,1,0.0284336877213811,0.0284336877213811,0.03811431500230334,0.028433278991718294,0.00015245726000921337,0.005361878910097319,0.02035254304193942,0.020352543041939418,-0.086267693297434,0.03496713608105495,,,
70.81578539998736,3564.743704895,odom,navigating,4,4,,0.028410541558024142,0.02045905030496152,0.0798696619595256,-7.034092556686834,-5.923543015890541,-1.6070239294229636,-2.1862030734083193,-0.65909743309021,0.3022468195999328,-0.3022468195999328,0.0852616979996128,pixhawk_fused,True,0.8,0.2,gyro,-1.0,-0.0023505003191530704,-0.030895113945007324,0.0,-0.12,0.03132578899976579,1,0.028519831585799085,0.028519831585799085,0.03822978769146402,0.028519421617832157,0.00015291915076585608,0.005361878910097319,0.020306423055743213,0.020306423055743213,-0.07450778304942829,0.03501045002568751,,,
70.81617899995763,3564.843947682,odom,navigating,4,4,,0.028410541558024142,0.02045905030496152,0.06346229912920642,-7.034092556686834,-5.923543015890541,-1.6234312922532828,-2.1862030734083193,-0.6363427042961121,0.28235637360758226,-0.28235637360758226,0.07580554600008327,pixhawk_fused,True,0.8,0.2,gyro,-1.0,0.0,0.0,0.0,-0.12,0.029405282999960036,1,0.028519831585799085,0.028519831585799085,0.03822978769146402,0.028519421617832157,0.00015291915076585608,0.005361878910097319,0.020306423055743213,0.020306423055743213,-0.058100420219109106,0.03501045002568751,,,
70.81640659994446,3564.965359531,odom,navigating,4,4,,0.028410541558024142,0.02045905030496152,0.06387528314407098,-7.034092556686834,-5.923543015890541,-1.6230183082384182,-2.1862030734083193,-0.63625568151474,0.28285745732992035,-0.28285745732992035,0.07186942200041813,pixhawk_fused,True,0.8,0.2,gyro,-1.0,0.0,0.0,0.0,-0.12,0.012905844000215438,1,0.028519831585799085,0.028519831585799085,0.03822978769146402,0.028519421617832157,0.00015291915076585608,0.005361878910097319,0.020306423055743213,0.020306423055743213,-0.058513404233973665,0.03501045002568751,,,
71.13323959999252,3565.065724444,odom,navigating,4,4,,0.028410541558024142,0.02045905030496152,0.0640729288444839,-7.034092556686834,-5.923543015890541,-1.6228206625380053,-2.1862030734083193,-0.6361299753189087,0.28309725799172264,-0.28309725799172264,0.006828772999597277,pixhawk_fused,True,0.8,0.2,gyro,-1.0,0.0,0.0,0.0,-0.12,0.013683675999800471,1,0.028519831585799085,0.028519831585799085,0.03822978769146402,0.028519421617832157,0.00015291915076585608,0.005361878910097319,0.020306423055743213,0.020306423055743213,-0.05871104993438658,0.03501045002568751,,,
71.13360179995652,3565.182316951,odom,navigating,4,4,,0.028410541558024142,0.02045905030496152,0.06393454159985068,-7.034092556686834,-5.923543015890541,-1.6229590497826385,-2.1862030734083193,-0.6360161304473877,0.2829293552820392,-0.2829293552820392,0.07328247999976156,pixhawk_fused,True,0.8,0.2,gyro,-1.0,0.0,0.0,0.0,-0.12,0.0023251830002664065,1,0.028519831585799085,0.028519831585799085,0.03822978769146402,0.028519421617832157,0.00015291915076585608,0.005361878910097319,0.020306423055743213,0.020306423055743213,-0.05857266268975336,0.03501045002568751,,,
71.13371149997693,3565.283959257,odom,navigating,4,4,,0.028410541558024142,0.02045905030496152,0.0638813445386004,-7.034092556686834,-5.923543015890541,-1.6230122468438888,-2.1862030734083193,-0.6359496712684631,0.2828648116066408,-0.2828648116066408,0.025369864999902347,pixhawk_fused,True,0.8,0.2,gyro,-1.0,0.0,0.0,0.0,-0.12,0.03059027100016465,1,0.028519831585799085,0.028519831585799085,0.03822978769146402,0.028519421617832157,0.00015291915076585608,0.005361878910097319,0.020306423055743213,0.020306423055743213,-0.058519465628503076,0.03501045002568751,,,
71.43662629998289,3565.384448149,odom,navigating,4,4,,0.028410541558024142,0.02045905030496152,0.0637562662340374,-7.034092556686834,-5.923543015890541,-1.6231373251484518,-2.1862030734083193,-0.6357993483543396,0.28271305341662917,-0.28271305341662917,0.023906345999876066,pixhawk_fused,True,0.8,0.2,gyro,-1.0,0.0,0.0,0.0,-0.12,0.008700838000095246,1,0.028519831585799085,0.028519831585799085,0.03822978769146402,0.028519421617832157,0.00015291915076585608,0.005361878910097319,0.020306423055743213,0.020306423055743213,-0.05839438732394009,0.03501045002568751,,,
71.43680469994433,3565.485082703,odom,navigating,4,4,,0.028453816007834865,0.02043553996210655,0.06352282207004989,-7.034120921531308,-5.923583275669794,-1.6233707693124393,-2.186878411201449,-0.6355990767478943,0.2825738585776937,-0.2825738585776937,0.004652550000173505,pixhawk_fused,True,0.8,0.2,gyro,-1.0,0.0025691434275358915,-0.033768970519304276,0.0,-0.12,0.009877068000150757,1,0.028562979354539098,0.028562979354539098,0.03828762569213133,0.02856256876632997,0.00015315050276852533,0.005361878910097319,0.020282681019597643,0.02028268101959764,-0.05816094315995257,0.03503185605917239,,,
71.43691029993352,3565.586237189,odom,navigating,4,4,,0.028454323420551163,0.020435138539331044,0.06185985376255432,-7.034121379028799,-5.923583733167286,-1.6250337376199349,-2.196357849426011,-0.6355990767478943,0.2825738585776937,-0.2825738585776937,0.10610869500033004,pixhawk_fused,True,0.8,0.2,gyro,-1.0,0.002585018752142787,-0.1698881834745407,0.0,-0.12,0.0038111459998617647,1,0.028563484607591425,0.028563484607591425,0.03828830296530746,0.028563074012119365,0.00015315321186122984,0.005361878910097319,0.020282276881920018,0.020282276881920018,-0.056497974852457,0.03503203403233931,,,
71.7707438999787,3565.70343481,odom,navigating,4,4,,0.02828130907426228,0.02053241382994274,0.03224905873222017,-7.034004717168463,-5.923423151547764,-1.654644532650269,-2.2436829270935497,-0.6139608025550842,0.2567021873331916,-0.2567021873331916,0.031211478000386705,pixhawk_fused,True,0.8,0.2,gyro,-1.0,0.0025645331479609013,-0.4382089078426361,0.0,-0.12,0.011897146000137582,1,0.028390994324185792,0.028390994324185792,0.038057086070018314,0.028390586208233662,0.00015222834428007325,0.005361878910097319,0.020380478451744555,0.020380478451744555,-0.026887179822122853,0.03494871185949453,,,
71.77109209995251,3565.80658406,odom,navigating,4,4,,0.02906374438690565,0.020023964028218863,-0.017513761905215697,-7.034600378902416,-5.924141422609445,-1.7044073532877049,-2.2727128283812585,-0.5570666790008545,0.20255896032222626,-0.20255896032222626,0.031557395000163524,pixhawk_fused,True,0.8,0.2,gyro,-1.0,0.009528666734695435,-0.1252453476190567,0.0,0.0,0.013024841000060405,1,0.029170692156242493,0.029170692156242493,0.03910224240249346,0.02917027283226012,0.00015640896960997382,0.005361878910097319,0.019867840655605363,0.019867840655605363,0.022875640815313014,0.035293914109812086,,,
71.77135009993799,3565.921384277,odom,navigating,4,4,,0.029148119266742607,0.019967938440542118,-0.01775651554743929,-7.034665801043704,-5.924218739685511,-1.7046501069299285,-2.2740976132349493,-0.5570666790008545,0.20255896032222626,-0.20255896032222626,0.1476734679999936,pixhawk_fused,True,0.8,0.2,gyro,-1.0,0.0,0.0,0.0,0.0,0.006304472000010719,1,0.029254765422226624,0.029254765422226624,0.039214939530435186,0.02925434488970465,0.00015685975812174076,0.005361878910097319,0.019811363467566404,0.019811363467566404,0.023118394457536606,0.0353317339279228,,,
72.12458479998168,3566.021453289,odom,navigating,4,4,,0.029148119266742607,0.019967938440542118,-0.02994664539406755,-7.034665801043704,-5.924218739685511,-1.7168402367765567,-2.2740976132349493,-0.5459433794021606,0.1877689766920459,-0.1877689766920459,0.07002935700029411,pixhawk_fused,True,0.8,0.2,gyro,-1.0,0.0,0.0,0.0,0.0,0.04465101200003119,1,0.029254765422226624,0.029254765422226624,0.039214939530435186,0.02925434488970465,0.00015685975812174076,0.005361878910097319,0.019811363467566404,0.019811363467566404,0.03530852430416487,0.0353317339279228,,,
72.12479769997299,,mission_status,reached,4,4,reached waypoint 4/4,0.029148119266742607,0.019967938440542118,-0.02994664539406755,,,,,,,,,,,,,,,,,,,,,,,,,,,,,,,,,
72.12488749995828,3566.126612674,odom,reached,4,4,,0.029148119266742607,0.019967938440542118,-0.028565491364551887,-7.034665801043704,-5.924218739685511,-1.715459082747041,-2.2740976132349493,-0.5461613535881042,0.18944565406947475,-0.18944565406947475,0.012885028999789938,pixhawk_fused,True,0.8,0.2,gyro,-1.0,0.0,0.0,0.0,0.0,0.004215136000311759,1,0.029254765422226624,0.029254765422226624,0.039214939530435186,0.02925434488970465,0.00015685975812174076,0.005361878910097319,0.019811363467566404,0.019811363467566404,0.033927370274649205,0.0353317339279228,,,
72.12504039995838,,mission_status,done,4,4,mission complete,0.029148119266742607,0.019967938440542118,-0.028565491364551887,,,,,,,,,,,,,,,,,,,,,,,,,,,,,,,,,
72.12511169991922,3566.229768423,odom,done,4,4,,0.029148119266742607,0.019967938440542118,-0.028565491364551887,-7.034665801043704,-5.924218739685511,-1.715459082747041,-2.2740976132349493,-0.5461613535881042,0.18944565406947475,-0.18944565406947475,0.11673733499992522,pixhawk_fused,True,0.8,0.2,gyro,-1.0,0.0,0.0,0.0,0.0,0.03651380800010884,1,0.029254765422226624,0.029254765422226624,0.039214939530435186,0.02925434488970465,0.00015685975812174076,0.005361878910097319,0.019811363467566404,0.019811363467566404,0.033927370274649205,0.0353317339279228,,,
73.21167450002395,3566.343604109,odom,done,4,4,,0.029148119266742607,0.019967938440542118,-0.028634210863616172,-7.034665801043704,-5.924218739685511,-1.7155278022461053,-2.2740976132349493,-0.5461125373840332,0.1893622365157873,-0.1893622365157873,0.072797509999873,pixhawk_fused,True,0.8,0.2,gyro,-1.0,0.0,0.0,0.0,0.0,0.007237503999931505,1,0.029254765422226624,0.029254765422226624,0.039214939530435186,0.02925434488970465,0.00015685975812174076,0.005361878910097319,0.019811363467566404,0.019811363467566404,0.03399608977371349,0.0353317339279228,,,
73.21190290001687,3566.461642912,odom,done,4,4,,0.029148119266742607,0.019967938440542118,-0.02870624579823744,-7.034665801043704,-5.924218739685511,-1.7155998371807266,-2.2740976132349493,-0.5460377931594849,0.18927479375869113,-0.18927479375869113,0.09016568600009123,pixhawk_fused,True,0.8,0.2,gyro,-1.0,0.0,0.0,0.0,0.0,0.02311319899990849,1,0.029254765422226624,0.029254765422226624,0.039214939530435186,0.02925434488970465,0.00015685975812174076,0.005361878910097319,0.019811363467566404,0.019811363467566404,0.03406812470833476,0.0353317339279228,,,
73.21201939997263,3566.564223121,odom,done,4,4,,0.029148119266742607,0.019967938440542118,-0.02873550628892807,-7.034665801043704,-5.924218739685511,-1.7156290976714172,-2.2740976132349493,-0.5459983348846436,0.18923927444282998,-0.18923927444282998,0.07393176000005042,pixhawk_fused,True,0.8,0.2,gyro,-1.0,0.0,0.0,0.0,0.0,0.12521412299975054,1,0.029254765422226624,0.029254765422226624,0.039214939530435186,0.02925434488970465,0.00015685975812174076,0.005361878910097319,0.019811363467566404,0.019811363467566404,0.03409738519902539,0.0353317339279228,,,
73.212191300001,3566.667696825,odom,done,4,4,,0.029148119266742607,0.019967938440542118,-0.02873550628892807,-7.034665801043704,-5.924218739685511,-1.7156290976714172,-2.2740976132349493,-0.5459983348846436,0.18923927444282998,-0.18923927444282998,0.17739535300006537,pixhawk_fused,True,0.8,0.2,gyro,-1.0,0.0,0.0,0.0,0.0,0.22866651399999682,1,0.029254765422226624,0.029254765422226624,0.039214939530435186,0.02925434488970465,0.00015685975812174076,0.005361878910097319,0.019811363467566404,0.019811363467566404,0.03409738519902539,0.0353317339279228,,,
73.21231889992487,3566.782969363,odom,done,4,4,,0.029148119266742607,0.019967938440542118,-0.0287935747760808,-7.034665801043704,-5.924218739685511,-1.71568716615857,-2.2740976132349493,-0.5459455251693726,0.18916878477058452,-0.18916878477058452,0.1085843539999587,pixhawk_fused,True,0.8,0.2,gyro,-1.0,0.0,0.0,0.0,0.0,0.345083374999831,1,0.029254765422226624,0.029254765422226624,0.039214939530435186,0.02925434488970465,0.00015685975812174076,0.005361878910097319,0.019811363467566404,0.019811363467566404,0.03415545368617812,0.0353317339279228,,,
73.21241149993148,3566.901849644,odom,done,4,4,,0.029148119266742607,0.019967938440542118,-0.028828114703267627,-7.034665801043704,-5.924218739685511,-1.7157217060857568,-2.2740976132349493,-0.5459202527999878,0.18912685634934423,-0.18912685634934423,0.05026525999983278,pixhawk_fused,True,0.8,0.2,gyro,-1.0,0.0,0.0,0.0,0.0,0.4635727949998909,1,0.029254765422226624,0.029254765422226624,0.039214939530435186,0.02925434488970465,0.00015685975812174076,0.005361878910097319,0.019811363467566404,0.019811363467566404,0.034189993613364944,0.0353317339279228,,,
73.21250050002709,3567.020519744,odom,done,4,4,,0.029148119266742607,0.019967938440542118,-0.02889345552931033,-7.034665801043704,-5.924218739685511,-1.7157870469117995,-2.2740976132349493,-0.5458458065986633,0.18904753794095558,-0.18904753794095558,0.06168821299979754,pixhawk_fused,True,0.8,0.2,gyro,-1.0,0.0,0.0,0.0,0.0,0.5827434759999051,1,0.029254765422226624,0.029254765422226624,0.039214939530435186,0.02925434488970465,0.00015685975812174076,0.005361878910097319,0.019811363467566404,0.019811363467566404,0.03425533443940765,0.0353317339279228,,,
73.2125860999804,3567.121445901,odom,done,4,4,,0.029148119266742607,0.019967938440542118,-0.02894437455222887,-7.034665801043704,-5.924218739685511,-1.715837965934718,-2.2740976132349493,-0.5457954406738281,0.18898572604235342,-0.18898572604235342,0.04785496800013789,pixhawk_fused,True,0.8,0.2,gyro,-1.0,0.0,0.0,0.0,0.0,0.6829473169996163,1,0.029254765422226624,0.029254765422226624,0.039214939530435186,0.02925434488970465,0.00015685975812174076,0.005361878910097319,0.019811363467566404,0.019811363467566404,0.034306253462326186,0.0353317339279228,,,
73.21267029992305,3567.241954104,odom,done,4,4,,0.029148119266742607,0.019967938440542118,-0.02899493715287238,-7.034665801043704,-5.924218739685511,-1.7158885285353616,-2.2740976132349493,-0.5457332134246826,0.1889243464867406,-0.1889243464867406,0.08805101600000853,pixhawk_fused,True,0.8,0.2,gyro,-1.0,0.0,0.0,0.0,0.0,0.8036942539997654,1,0.029254765422226624,0.029254765422226624,0.039214939530435186,0.02925434488970465,0.00015685975812174076,0.005361878910097319,0.019811363467566404,0.019811363467566404,0.0343568160629697,0.0353317339279228,,,
73.2127534999745,3567.361818915,odom,done,4,4,,0.029148119266742607,0.019967938440542118,-0.029043906904619554,-7.034665801043704,-5.924218739685511,-1.7159374982871087,-2.2740976132349493,-0.5456898808479309,0.1888649002305985,-0.1888649002305985,0.0925091640001483,pixhawk_fused,True,0.8,0.2,gyro,-1.0,0.0,0.0,0.0,0.0,0.9234230689999094,1,0.029254765422226624,0.029254765422226624,0.039214939530435186,0.02925434488970465,0.00015685975812174076,0.005361878910097319,0.019811363467566404,0.019811363467566404,0.03440578581471687,0.0353317339279228,,,
