local_t,bridge_t,event_type,mission_state,event_message,x_m,y_m,yaw_rad,raw_x_m,raw_y_m,raw_yaw_rad,encoder_yaw_rad,pixhawk_yaw_rad,pixhawk_yaw_ros_rad,pixhawk_gyro_yaw_rad,pixhawk_age_s,yaw_source,use_pixhawk_yaw,pixhawk_weight,encoder_weight,pixhawk_yaw_mode,pixhawk_yaw_sign,linear_x_mps,angular_z_radps,nearest_path_error_m
1.0671956000151113,9269.158378403,odom,idle,,0.014544568283101418,0.07234649193734725,-0.04108327343224116,1.2563028763955304,-3.1062137389151854,0.9618800582631181,0.8294701754044962,0.6410712003707886,-0.03729549103228175,0.03729549103228175,0.06982382899877848,pixhawk_fused,True,0.8,0.2,gyro,-1.0,0.0,0.0,0.041735668123223706
1.0673401999520138,9269.260177602,odom,idle,,0.014544568283101418,0.07234649193734725,-0.04108327343224116,1.2563028763955304,-3.1062137389151854,0.9618800582631181,0.8294701754044962,0.6410712003707886,-0.03729549103228175,0.03729549103228175,0.17218078499900002,pixhawk_fused,True,0.8,0.2,gyro,-1.0,0.0,0.0,0.041735668123223706
1.0674009999493137,9269.377427701,odom,idle,,0.014544568283101418,0.07234649193734725,-0.041097198045979666,1.2563028763955304,-3.1062137389151854,0.9618661336493796,0.8294701754044962,0.6410819888114929,-0.03731288537194751,0.03731288537194751,0.003574328999093268,pixhawk_fused,True,0.8,0.2,gyro,-1.0,0.0,0.0,0.041735668123223706
1.0674518999876454,9269.477639349,odom,idle,,0.014544568283101418,0.07234649193734725,-0.04109559547604458,1.2563028763955304,-3.1062137389151854,0.9618677362193147,0.8294701754044962,0.6410822868347168,-0.0373108834745156,0.0373108834745156,0.027994944999591098,pixhawk_fused,True,0.8,0.2,gyro,-1.0,0.0,0.0,0.041735668123223706
1.067498099990189,9269.59699985,odom,idle,,0.014544568283101418,0.07234649193734725,-0.04109873129860131,1.2563028763955304,-3.1062137389151854,0.9618646003967579,0.8294701754044962,0.6410953998565674,-0.03731480067966305,0.03731480067966305,0.0909833850000723,pixhawk_fused,True,0.8,0.2,gyro,-1.0,0.0,0.0,0.041735668123223706
1.0675450999988243,9269.698064596,odom,idle,,0.014544568283101418,0.07234649193734725,-0.041104522441700486,1.2563028763955304,-3.1062137389151854,0.9618588092536587,0.8294701754044962,0.6411007642745972,-0.03732203485721521,0.03732203485721521,0.019413230998907238,pixhawk_fused,True,0.8,0.2,gyro,-1.0,0.0,0.0,0.041735668123223706
1.0675905999960378,9269.817133126,odom,idle,,0.014544568283101418,0.07234649193734725,-0.04114069192852754,1.2563028763955304,-3.1062137389151854,0.9618226397668317,0.8294701754044962,0.6411293745040894,-0.03736721705550127,0.03736721705550127,0.030967036000220105,pixhawk_fused,True,0.8,0.2,gyro,-1.0,0.0,0.0,0.041735668123223706
1.0676400000229478,9269.918765443,odom,idle,,0.014544568283101418,0.07234649193734725,-0.04114069192852754,1.2563028763955304,-3.1062137389151854,0.9618226397668317,0.8294701754044962,0.6411293745040894,-0.03736721705550127,0.03736721705550127,0.13229756799955794,pixhawk_fused,True,0.8,0.2,gyro,-1.0,0.0,0.0,0.041735668123223706
1.0676833000034094,9270.038294734,odom,idle,,0.014544568283101418,0.07234649193734725,-0.04115127423594056,1.2563028763955304,-3.1062137389151854,0.9618120574594187,0.8294701754044962,0.6411359906196594,-0.03738043626675181,0.03738043626675181,0.05580095199911739,pixhawk_fused,True,0.8,0.2,gyro,-1.0,0.0,0.0,0.041735668123223706
1.0677280999952927,9270.157971705,odom,idle,,0.014544568283101418,0.07234649193734725,-0.04115621147048387,1.2563028763955304,-3.1062137389151854,0.9618071202248754,0.8294701754044962,0.641128420829773,-0.037386603764237684,0.037386603764237684,0.06137557600050059,pixhawk_fused,True,0.8,0.2,gyro,-1.0,0.0,0.0,0.041735668123223706
1.92683550005313,9270.258434163,odom,idle,,0.0,0.0,0.0,1.2563028763955304,-3.1062137389151854,0.9618071202248754,0.8294701754044962,0.641128420829773,-0.037386603764237684,0.037386603764237684,0.16200267699969118,pixhawk_fused,True,0.8,0.2,gyro,-1.0,0.0,0.0,0.0
1.9269395000301301,9270.376880686,odom,idle,,0.0,0.0,2.6559084653765552e-06,1.2563028763955304,-3.1062137389151854,0.9618097761333407,0.8294701754044962,0.6411184668540955,-0.03738328387865595,0.03738328387865595,0.10353626899996016,pixhawk_fused,True,0.8,0.2,gyro,-1.0,0.0,0.0,0.0
1.9269975000061095,9270.477138615,odom,idle,,0.0,0.0,-1.199405565865952e-05,1.2563028763955304,-3.1062137389151854,0.9617951261692167,0.8294701754044962,0.6411244869232178,-0.037401596333810905,0.037401596333810905,0.011876496999320807,pixhawk_fused,True,0.8,0.2,gyro,-1.0,0.0,0.0,0.0
1.9270623000338674,9270.577359046,odom,idle,,0.0,0.0,-1.3691054284614701e-05,1.2563028763955304,-3.1062137389151854,0.9617934291705907,0.8294701754044962,0.6411160230636597,-0.0374037175820934,0.0374037175820934,0.004971276001015212,pixhawk_fused,True,0.8,0.2,gyro,-1.0,0.0,0.0,0.0
1.9271091000409797,9270.677397465,odom,idle,,0.0,0.0,-1.3691054284614701e-05,1.2563028763955304,-3.1062137389151854,0.9617934291705907,0.8294701754044962,0.6411160230636597,-0.0374037175820934,0.0374037175820934,0.10510491400054889,pixhawk_fused,True,0.8,0.2,gyro,-1.0,0.0,0.0,0.0
1.927157000056468,9270.797204028,odom,idle,,0.0,0.0,-2.0613615215103742e-05,1.2563028763955304,-3.1062137389151854,0.9617865066096603,0.8294701754044962,0.6411057710647583,-0.03741237078325621,0.03741237078325621,0.10980432899850712,pixhawk_fused,True,0.8,0.2,gyro,-1.0,0.0,0.0,0.0
1.9272119000088423,9270.899215706,odom,idle,,0.0,0.0,-3.4084413946922076e-05,1.2563028763955304,-3.1062137389151854,0.9617730358109284,0.8294701754044962,0.641116738319397,-0.037429209281669776,0.037429209281669776,0.032570015000601416,pixhawk_fused,True,0.8,0.2,gyro,-1.0,0.0,0.0,0.0
1.9272580000106245,9271.016956163,odom,idle,,0.0,0.0,-2.2460266203006007e-05,1.2563028763955304,-3.1062137389151854,0.9617846599586723,0.8294701754044962,0.6410835981369019,-0.03741467909699104,0.03741467909699104,0.02712083000005805,pixhawk_fused,True,0.8,0.2,gyro,-1.0,0.0,0.0,0.0
3.1856914999661967,9271.120613871,odom,idle,,0.0,0.0,-2.2460266203006007e-05,1.2563028763955304,-3.1062137389151854,0.9617846599586723,0.8294701754044962,0.6410835981369019,-0.03741467909699104,0.03741467909699104,0.13064752599893836,pixhawk_fused,True,0.8,0.2,gyro,-1.0,0.0,0.0,0.0
3.1857872999971732,9271.230539997,odom,idle,,0.0,0.0,-4.913609549772602e-05,1.2563028763955304,-3.1062137389151854,0.9617579841293776,0.8294701754044962,0.6411186456680298,-0.03744802388360522,0.03744802388360522,0.03970137800024531,pixhawk_fused,True,0.8,0.2,gyro,-1.0,0.0,0.0,0.0
3.185831299982965,9271.341494269,odom,idle,,0.0,0.0,-4.253439456469721e-05,1.2563028763955304,-3.1062137389151854,0.9617645858303107,0.8294701754044962,0.6410932540893555,-0.03743977175744049,0.03743977175744049,0.05090701200060721,pixhawk_fused,True,0.8,0.2,gyro,-1.0,0.0,0.0,0.0
3.185868400032632,9271.460833801,odom,idle,,0.0,0.0,-4.253439456469721e-05,1.2563028763955304,-3.1062137389151854,0.9617645858303107,0.8294701754044962,0.6410932540893555,-0.03743977175744049,0.03743977175744049,0.17014863900112687,pixhawk_fused,True,0.8,0.2,gyro,-1.0,0.0,0.0,0.0
3.1859011000487953,9271.580273662,odom,idle,,0.0,0.0,-3.8884183766296765e-05,1.2563028763955304,-3.1062137389151854,0.9617682360411091,0.8294701754044962,0.6410769820213318,-0.03743520899394326,0.03743520899394326,0.10433365199969558,pixhawk_fused,True,0.8,0.2,gyro,-1.0,0.0,0.0,0.0
3.1859364999691024,9271.699578972,odom,idle,,0.0,0.0,-6.547095850983897e-05,1.2563028763955304,-3.1062137389151854,0.9617416492663655,0.8294701754044962,0.6411107778549194,-0.03746844246236406,0.03746844246236406,0.003006461000040872,pixhawk_fused,True,0.8,0.2,gyro,-1.0,0.0,0.0,0.0
3.185969299986027,9271.817362673,odom,idle,,0.0,0.0,-6.547095850983897e-05,1.2563028763955304,-3.1062137389151854,0.9617416492663655,0.8294701754044962,0.6411107778549194,-0.03746844246236406,0.03746844246236406,0.1215076170010434,pixhawk_fused,True,0.8,0.2,gyro,-1.0,0.0,0.0,0.0
3.1860076000448316,9271.918029888,odom,idle,,0.0,0.0,-6.144376919403616e-05,1.2563028763955304,-3.1062137389151854,0.9617456764556813,0.8294701754044962,0.6410923004150391,-0.037463408475721105,0.037463408475721105,0.04441205199873366,pixhawk_fused,True,0.8,0.2,gyro,-1.0,0.0,0.0,0.0
3.186042799963616,9272.038579763,odom,idle,,0.0,0.0,-7.823278830954017e-05,1.2563028763955304,-3.1062137389151854,0.9617288874365658,0.8294701754044962,0.6411077380180359,-0.03748439474960588,0.03748439474960588,0.11786929099980625,pixhawk_fused,True,0.8,0.2,gyro,-1.0,0.0,0.0,0.0
3.1860840000445023,9272.158063513,odom,idle,,0.0,0.0,-0.00010344710278986646,1.2563028763955304,-3.1062137389151854,0.9617036731220855,0.8294701754044962,0.6411257982254028,-0.03751591264268182,0.03751591264268182,0.08810402199924283,pixhawk_fused,True,0.8,0.2,gyro,-1.0,0.0,0.0,0.0
3.1861160000553355,9272.277256889,odom,idle,,0.0,0.0,-0.00010530626106930452,1.2563028763955304,-3.1062137389151854,0.961701813963806,0.8294701754044962,0.6411144137382507,-0.03751823659052871,0.03751823659052871,0.09489615900019999,pixhawk_fused,True,0.8,0.2,gyro,-1.0,0.0,0.0,0.0
4.207990200025961,9272.39755526,odom,idle,,0.0,0.0,-2.4572014809098874e-05,1.2563028763955304,-3.1062137389151854,0.961677241948997,0.8294701754044962,0.6411296725273132,-0.03754895160903953,0.03754895160903953,0.10608040599981905,pixhawk_fused,True,0.8,0.2,gyro,-1.0,0.0,0.0,0.0
4.208087399951182,9272.498439435,odom,idle,,0.0,0.0,-6.919997931564836e-05,1.2563028763955304,-3.1062137389151854,0.9616326139844904,0.8294701754044962,0.6411497592926025,-0.0376047365646603,0.0376047365646603,0.016089193000880186,pixhawk_fused,True,0.8,0.2,gyro,-1.0,0.0,0.0,0.0
4.208135199965909,9272.619222992,odom,idle,,0.0,0.0,-9.383798691231515e-05,1.2563028763955304,-3.1062137389151854,0.9616079759768937,0.8294701754044962,0.6411696672439575,-0.03763553407413684,0.03763553407413684,0.02882817699901352,pixhawk_fused,True,0.8,0.2,gyro,-1.0,0.0,0.0,0.0
4.208172800019383,9272.73793983,odom,idle,,0.0,0.0,-9.383798691231515e-05,1.2563028763955304,-3.1062137389151854,0.9616079759768937,0.8294701754044962,0.6411696672439575,-0.03763553407413684,0.03763553407413684,0.1479201309994096,pixhawk_fused,True,0.8,0.2,gyro,-1.0,0.0,0.0,0.0
4.208210999961011,9272.857793145,odom,idle,,0.0,0.0,-0.00010961034227552346,1.2563028763955304,-3.1062137389151854,0.9615922036215305,0.8294701754044962,0.6411780714988708,-0.03765524951832168,0.03765524951832168,0.0895243049999408,pixhawk_fused,True,0.8,0.2,gyro,-1.0,0.0,0.0,0.0
4.208245999994688,9272.958108267,odom,idle,,0.0,0.0,-0.00010605866614732395,1.2563028763955304,-3.1062137389151854,0.9615957552976587,0.8294701754044962,0.6411496996879578,-0.03765080992316626,0.03765080992316626,0.03135021199886978,pixhawk_fused,True,0.8,0.2,gyro,-1.0,0.0,0.0,0.0
4.208278900012374,9273.076905287,odom,idle,,0.0,0.0,-0.00010605866614732395,1.2563028763955304,-3.1062137389151854,0.9615957552976587,0.8294701754044962,0.6411496996879578,-0.03765080992316626,0.03765080992316626,0.15085524300047837,pixhawk_fused,True,0.8,0.2,gyro,-1.0,0.0,0.0,0.0
4.208315800060518,9273.177356406,odom,idle,,0.0,0.0,-0.0001056980766724891,1.2563028763955304,-3.1062137389151854,0.9615961158871336,0.8294701754044962,0.64115309715271,-0.03765035918632321,0.03765035918632321,0.09539397499975166,pixhawk_fused,True,0.8,0.2,gyro,-1.0,0.0,0.0,0.0
4.208347499952652,9273.297613415,odom,idle,,0.0,0.0,-0.0001392378927120852,1.2563028763955304,-3.1062137389151854,0.961562576071094,0.8294701754044962,0.641166627407074,-0.037692283956313355,0.037692283956313355,0.11282099100026244,pixhawk_fused,True,0.8,0.2,gyro,-1.0,0.0,0.0,0.0
4.56649140000809,,mission_status,navigating,going to waypoint 1/4,0.0,0.0,-0.0001392378927120852,,,,,,,,,,,,,,,,,
4.566558500053361,9273.418440439,odom,navigating,,0.0,0.0,-0.00015518362608313296,1.2563028763955304,-3.1062137389151854,0.9615466303377229,0.8294701754044962,0.6411802768707275,-0.0377122161229866,0.0377122161229866,0.11559038700033852,pixhawk_fused,True,0.8,0.2,gyro,-1.0,0.0,0.0,0.0
4.566631200024858,9273.537233187,odom,navigating,,0.0,0.0,-0.00018553115223929328,1.2563028763955304,-3.1062137389151854,0.9615162828115668,0.8294701754044962,0.6411838531494141,-0.03775015053057842,0.03775015053057842,0.04736292699999467,pixhawk_fused,True,0.8,0.2,gyro,-1.0,0.0,0.0,0.0
4.566678600036539,9273.65764682,odom,navigating,,0.0,0.0,-0.00018553115223929328,1.2563028763955304,-3.1062137389151854,0.9615162828115668,0.8294701754044962,0.6411838531494141,-0.03775015053057842,0.03775015053057842,0.1673335390005377,pixhawk_fused,True,0.8,0.2,gyro,-1.0,0.0,0.0,0.0
4.905731200007722,9273.758399041,odom,navigating,,0.0,0.0,-0.00019676631563869673,1.2563028763955304,-3.1062137389151854,0.9615050476481674,0.8294701754044962,0.6412007212638855,-0.03776419448477946,0.03776419448477946,0.08924622700033069,pixhawk_fused,True,0.8,0.2,gyro,-1.0,0.0,0.0,0.0
4.905832699965686,9273.881150623,odom,navigating,,0.0,0.0,-0.00022017749655822705,1.2563028763955304,-3.1062137389151854,0.9614816364672478,0.8294701754044962,0.6412057876586914,-0.03779345846080951,0.03779345846080951,0.10433044000092195,pixhawk_fused,True,0.8,0.2,gyro,-1.0,0.0,0.0,0.0
4.905880399979651,9273.997358894,odom,navigating,,0.0,0.0,-0.0002435602796122538,1.2563028763955304,-3.1062137389151854,0.9614582536841938,0.8294701754044962,0.6412107944488525,-0.037822686939479634,0.037822686939479634,0.025755459999345476,pixhawk_fused,True,0.8,0.2,gyro,-1.0,0.0,0.0,0.0
5.226250299951062,9274.098255,odom,navigating,,0.0008444797679096677,-0.00010817785133318287,0.0033075642911630787,1.2568747482599258,-3.1055830162371083,0.9650093782549691,0.842298990620501,0.6388805508613586,-0.03659095131417535,0.03659095131417535,0.012107897999158013,pixhawk_fused,True,0.8,0.2,gyro,-1.0,0.012751487083733082,0.16760629415512085,0.0006662114898979766
5.226309500052594,9274.217396554,odom,navigating,,0.0025427660627629946,-0.00029355986884127463,0.022771082708506807,1.2579984244851115,-3.1042962005655164,0.9844728966723129,0.8680443908252585,0.6201436519622803,-0.018697782894575816,0.018697782894575816,0.023290035000172793,pixhawk_fused,True,0.8,0.2,gyro,-1.0,0.01797323487699032,0.23624125123023987,0.001982926905862812
5.2263410000596195,9274.317778424,odom,navigating,,0.00514074043485786,-0.0004968837190226826,0.030623150449553216,1.2596515500800245,-3.102281755929008,0.9923249644133593,0.907320570853436,0.6201436519622803,-0.018697782894575816,0.018697782894575816,0.12322806999873137,pixhawk_fused,True,0.8,0.2,gyro,-1.0,0.03377407416701317,0.44392842054367065,0.003939635682330727
5.546560500049964,9274.417832158,odom,navigating,,0.008593607530406673,-0.0006128605674221408,0.06280250949648325,1.2617221421359461,-3.099516183592792,1.0245043234602893,0.9593911625522041,0.5915404558181763,0.008516463318860312,-0.008516463318860312,0.023087228000804316,pixhawk_fused,True,0.8,0.2,gyro,-1.0,0.042031798511743546,0.5524684190750122,0.0064296188232862185
5.5466667000437155,9274.537133078,odom,navigating,,0.01357297028075085,-0.00046876545381659227,0.16067442861408,1.2644527783000827,-3.0953498371189148,1.122376242577886,1.0344796258309465,0.4907476603984833,0.11207584051231125,-0.11207584051231125,0.04434794999906444,pixhawk_fused,True,0.8,0.2,gyro,-1.0,0.05146509408950806,0.6764602065086365,0.00979717050081827
5.546718799974769,9274.637282716,odom,navigating,,0.018037702938231204,-2.164210782381812e-05,0.17417347433097907,1.2666404481231517,-3.091432202917699,1.1358752882947851,1.1021103793783231,0.4907476603984833,0.11207584051231125,-0.11207584051231125,0.1444875889992545,pixhawk_fused,True,0.8,0.2,gyro,-1.0,0.04903160780668259,0.6444743275642395,0.01258872093320678
5.886109999963082,9274.757746038,odom,navigating,,0.023956353999151716,0.0010440286925455008,0.24218349296724906,1.2691526292350892,-3.0859682271951576,1.203885306931055,1.1927667356456184,0.42728912830352783,0.17445636300185896,-0.17445636300185896,0.08840063299976464,pixhawk_fused,True,0.8,0.2,gyro,-1.0,0.06184161454439163,0.8128498196601868,0.01595021526769408
5.886193200014532,9274.85861713,odom,navigating,,0.028935898093023237,0.002380063302156673,0.3687812693481207,1.2709057804179202,-3.081119793552111,1.3304830833119268,1.2704797538306447,0.2874736487865448,0.3132206729445813,-0.3132206729445813,0.07501959699948202,pixhawk_fused,True,0.8,0.2,gyro,-1.0,0.061906713992357254,0.8137054443359375,0.01846324731625427
5.8862388000125065,9274.977485104,odom,navigating,,0.03525190930746869,0.004692751126424085,0.46264278110954327,1.2726225397548352,-3.0746164667102067,1.4243445950733493,1.371878130062256,0.19653993844985962,0.4052030727658627,-0.4052030727658627,0.004205398001431604,pixhawk_fused,True,0.8,0.2,gyro,-1.0,0.0638270303606987,0.8389462232589722,0.021207584239217786
6.22577130002901,9275.097244859,odom,navigating,,0.041336507404951046,0.007651949563794178,0.6006855678193841,1.2736766555659698,-3.0679330522193693,1.5623873817831901,1.4738831636237717,0.04938211664557457,0.5522387420330404,-0.5522387420330404,0.010315150000678841,pixhawk_fused,True,0.8,0.2,gyro,-1.0,0.06384287029504776,0.8391544222831726,0.023327052468257635
6.225925700040534,9275.198638157,odom,navigating,,0.04627884855606512,0.01066132628634762,0.6180878236836287,1.2740361030269178,-3.0621577702491916,1.5797896376474347,1.5611100879698652,0.04938211664557457,0.5522387420330404,-0.5522387420330404,0.11097179100033827,pixhawk_fused,True,0.8,0.2,gyro,-1.0,0.07660763710737228,1.0069352388381958,0.024614330183553527
6.22601940005552,9275.316716758,odom,navigating,,0.052686275465079827,0.015531957036044092,0.7061322637653127,1.2737072247165393,-3.0541160041153614,1.6678340777291187,1.6824707809875188,-0.032406218349933624,0.632020632902181,-0.632020632902181,0.05179474800024764,pixhawk_fused,True,0.8,0.2,gyro,-1.0,0.07468414306640625,0.9816527366638184,0.02558828890788883
6.529493400012143,9275.417241868,odom,navigating,,0.05789240089928227,0.02052250650519512,0.803882497464004,1.272592698441184,-3.0469908965918053,1.76558431142781,1.7911973967012023,-0.12823809683322906,0.7270566166434644,-0.7270566166434644,0.044173680998937925,pixhawk_fused,True,0.8,0.2,gyro,-1.0,0.08476056903600693,1.1140978336334229,0.025638894678636438
6.5296075999503955,9275.51749373,odom,navigating,,0.06350660399140409,0.027345897370674492,1.00568304887652,1.2702084086734657,-3.0384824830166286,1.967384862840326,1.9230867365235402,-0.3452584743499756,0.946207989433801,-0.946207989433801,0.016271817999950144,pixhawk_fused,True,0.8,0.2,gyro,-1.0,0.11828690022230148,1.5547699928283691,0.02465976512078478
6.529664600035176,9275.617519858,odom,navigating,,0.06965404849404863,0.0376302652785635,1.0401435299310002,1.2652906225697733,-3.0275566111055983,2.0018453438948063,2.0971207599220647,-0.3452584743499756,0.946207989433801,-0.946207989433801,0.11668678400019417,pixhawk_fused,True,0.8,0.2,gyro,-1.0,0.15294639766216278,1.9421894550323486,0.02157073780702014
6.8457351999823,9275.717527228,odom,navigating,,0.07443801658127568,0.050458066796625074,1.1931197276053507,1.2575067186584339,-3.016293854678088,2.1548215415691567,2.2916016906233816,-0.49326276779174805,1.0891077784095167,-1.0891077784095167,0.03517192500112287,pixhawk_fused,True,0.8,0.2,gyro,-1.0,0.14648506045341492,1.7902917861938477,0.015707601443352953
6.845836100052111,9275.818213351,odom,navigating,,0.07649155520345977,0.061495675365516436,1.505840267523739,1.2496289237846312,-3.008294718992331,2.467542081487545,2.4311432857175306,-0.8448811173439026,1.444398193100488,-1.444398193100488,0.032347604999813484,pixhawk_fused,True,0.8,0.2,gyro,-1.0,0.11406172811985016,1.226646065711975,0.00922482237077247
6.8458834999473765,9275.937171123,odom,navigating,,0.07702984950795023,0.06990212527718623,1.5211297441266833,1.2430422076272278,-3.0030436875567497,2.4828315580904894,2.508062880454731,-0.8448811173439026,1.444398193100488,-1.444398193100488,0.1517959519987926,pixhawk_fused,True,0.8,0.2,gyro,-1.0,0.04659823328256607,0.0,0.003572437239846292
7.168788900016807,9276.037290619,odom,navigating,,0.07709104922866755,0.07250047632606926,1.6306199723554629,1.240946141279165,-3.0015069118920654,2.592321786319269,2.5053582747413827,-0.9735753536224365,1.5817883274350522,-1.5817883274350522,0.05308090400103538,pixhawk_fused,True,0.8,0.2,gyro,-1.0,0.007719377987086773,-0.10146395862102509,0.0017520234732264213
7.168892299989238,9276.138233751,odom,navigating,,0.0771059248559118,0.07299310573975218,1.6193516591519324,1.2405506139024085,-3.0012128657770636,2.5810534731157384,2.4979272786254327,-0.9629688858985901,1.5695616866965052,-1.5695616866965052,0.04310844400060887,pixhawk_fused,True,0.8,0.2,gyro,-1.0,0.010213338769972324,-0.13424472510814667,0.001409166753456419
7.1689424000214785,9276.257428094,odom,navigating,,0.07721953964087858,0.07532185812638614,1.6123268671754432,1.2387056512911665,-2.99978734518418,2.574028681139249,2.462786262923687,-0.9629688858985901,1.5695616866965052,-1.5695616866965052,0.16207190699969942,pixhawk_fused,True,0.8,0.2,gyro,-1.0,0.033330630511045456,-0.43809977173805237,0.00018140303841911995
7.505858200020157,9276.358380545,odom,navigating,,0.077497459271862,0.0784487964581696,1.5941935636396576,1.2363000462994116,-2.9977704051068086,2.5558953776034636,2.4154725082836586,-0.9510689973831177,1.558723113270497,-1.558723113270497,0.08489499499955855,pixhawk_fused,True,0.8,0.2,gyro,-1.0,0.04090613126754761,-0.5376725792884827,0.002229760277346981
7.505961799994111,9276.477380692,odom,navigating,,0.0782013258505437,0.08319867772306398,1.4851770235549504,1.2328070529516846,-2.9944755913542704,2.4468788375187565,2.3431000848964803,-0.8336138129234314,1.4405464652497528,-1.4405464652497528,0.014216024001143523,pixhawk_fused,True,0.8,0.2,gyro,-1.0,0.05146509408950806,-0.6764602065086365,0.005144895360542516
7.506020799977705,9276.597040407,odom,navigating,,0.07949608821416142,0.08883780610173195,1.4489268704736549,1.2289227952720088,-2.990187384184926,2.410628684437461,2.2558846176269833,-0.8079651594161987,1.4170362952668427,-1.4170362952668427,0.02571177999925567,pixhawk_fused,True,0.8,0.2,gyro,-1.0,0.059105049818754196,-0.7768802642822266,0.00828575495029506
7.846367500023916,9276.698681443,odom,navigating,,0.08104166195864093,0.09370665808561301,1.3212720895247483,1.2258137878870476,-2.986134164363497,2.2829739034885543,2.178884979022268,-0.6663116216659546,1.2767190450746773,-1.2767190450746773,0.012677433998760534,pixhawk_fused,True,0.8,0.2,gyro,-1.0,0.05868883803486824,-0.7714095115661621,0.010699481557787355
7.846469999989495,9276.819687459,odom,navigating,,0.0833764833340955,0.09935451582928956,1.2441498934030337,1.22251741448397,-2.980987941444154,2.2058517073668398,2.086756296846825,-0.5935056805610657,1.2033476883489844,-1.2033476883489844,0.025934346000212827,pixhawk_fused,True,0.8,0.2,gyro,-1.0,0.05396536365151405,-0.7093238830566406,0.013121625871402063
7.846528599970043,9276.937030483,odom,navigating,,0.08621770893177602,0.10475838929566421,1.1555742710245085,1.2197108753269228,-2.9755659723094703,2.1172760849883145,1.994719046007957,-0.5060089826583862,1.115637419911122,-1.115637419911122,0.02944521400058875,pixhawk_fused,True,0.8,0.2,gyro,-1.0,0.05695625767111778,-0.7486363649368286,0.015015838567954224
8.186658299993724,9277.058238251,odom,navigating,,0.08988045842591473,0.11035196676120307,1.0871329541075936,1.2172187617185903,-2.9693616824642937,2.0488347680713996,1.8939232321238362,-0.44457995891571045,1.0552842361647843,-1.0552842361647843,0.06751801499922294,pixhawk_fused,True,0.8,0.2,gyro,-1.0,0.06444739550352097,-0.8471003174781799,0.016473428831743093
8.186758999945596,9277.177046166,odom,navigating,,0.09431954193372369,0.11581074770803332,1.001231454049474,1.2152813638187214,-2.9625977900056304,1.96293326801328,1.787848051523584,-0.3631329834461212,0.9744235379416702,-0.9744235379416702,0.009303115999500733,pixhawk_fused,True,0.8,0.2,gyro,-1.0,0.06671444326639175,-0.8768985271453857,0.01729322253557049
8.186806699959561,9277.277363072,odom,navigating,,0.09867997269903647,0.12020134909820927,0.9826227751564944,1.2141750517028729,-2.9565095381605744,1.9443245891203005,1.6945633642801148,-0.3631329834461212,0.9744235379416702,-0.9744235379416702,0.10951400699923397,pixhawk_fused,True,0.8,0.2,gyro,-1.0,0.06928384304046631,-0.9106708765029907,0.017401933711345557
8.527892900048755,9277.397549587,odom,navigating,,0.10487424172746519,0.12523870342155474,0.8198549947506824,1.2135874793563823,-2.948547210227544,1.7815568087144884,1.5755715039580083,-0.18868683278560638,0.8007595050651787,-0.8007595050651787,0.11284386400075164,pixhawk_fused,True,0.8,0.2,gyro,-1.0,0.08081244677305222,-0.9958158135414124,0.016696101307977707
8.527999500045553,9277.51737969,odom,navigating,,0.11664326384491014,0.13270161034462913,0.6759235539991446,1.214200006111501,-2.934624937700487,1.6376253679629507,1.4747568179531256,-0.03783653676509857,0.646063421996331,-0.646063421996331,0.04348824799853901,pixhawk_fused,True,0.8,0.2,gyro,-1.0,0.15715715289115906,-0.7788640260696411,0.01384355332288255
8.528069599997252,9277.618032102,odom,navigating,,0.1331967557025679,0.14140073117538304,0.5778542203279531,1.2165359467125023,-2.916071334885449,1.5395560342917591,1.4192452868773615,0.06688205152750015,0.53735582712481,-0.53735582712481,0.03384569999980158,pixhawk_fused,True,0.8,0.2,gyro,-1.0,0.2618559002876282,-0.30661341547966003,0.008542376536255374
8.887046799995005,9277.73772771,odom,navigating,,0.16033968606377627,0.15455836810238047,0.5506905823166359,1.2212736451672614,-2.8862818016321756,1.512392396280442,1.4198937443393833,0.09543897956609726,0.503241549255347,-0.503241549255347,0.04544836000059149,pixhawk_fused,True,0.8,0.2,gyro,-1.0,0.3036206364631653,0.3381049335002899,0.0009433303088470907
8.887154800002463,9277.857773379,odom,navigating,,0.1890973170385176,0.16969899436961275,0.5652770527245192,1.2253087730424352,-2.8540334273154073,1.5269788666883253,1.4929643050120458,0.09543897956609726,0.503241549255347,-0.503241549255347,0.16504173099929176,pixhawk_fused,True,0.8,0.2,gyro,-1.0,0.30701568722724915,0.7121350765228271,0.010132720567355707
8.8872084999457,9277.977401564,odom,navigating,,0.21419992518653105,0.18563722314383463,0.6610759935563837,1.2265986040384032,-2.824326451564012,1.6227778075201897,1.5761055879040857,-0.003768494352698326,0.6021923643369435,-0.6021923643369435,0.06292304100134061,pixhawk_fused,True,0.8,0.2,gyro,-1.0,0.2655125856399536,0.6710537672042847,0.016202474651448747
9.209554699948058,9278.079471811,odom,navigating,,0.23173504212463159,0.19866841854103817,0.7162037709708271,1.2259431349051035,-2.802489264480318,1.6779055849346332,1.6404291102261286,-0.0528990663588047,0.6550299698133228,-0.6550299698133228,0.013107621998642571,pixhawk_fused,True,0.8,0.2,gyro,-1.0,0.2331830859184265,0.70232093334198,0.01908170457291048
9.20968820003327,9278.196800473,odom,navigating,,0.24931001030198902,0.2137484621635427,0.827703842173412,1.2236300691786781,-2.7794471953666946,1.789405656137218,1.7162042203560888,-0.17112132906913757,0.7754360892195462,-0.7754360892195462,0.02423737400022219,pixhawk_fused,True,0.8,0.2,gyro,-1.0,0.20584364235401154,0.6763418316841125,0.02051964498413309
9.20974489999935,9278.297767174,odom,navigating,,0.2624515429196719,0.22670632930304874,0.8856864953824444,1.220521061793717,-2.7612554314767643,1.8473883093462504,1.7817406404526497,-0.22555898129940033,0.8315337963123082,-0.8315337963123082,0.009401371000421932,pixhawk_fused,True,0.8,0.2,gyro,-1.0,0.2259421944618225,0.8342801332473755,0.020388899460461928
9.527364199981093,9278.4173352,odom,navigating,,0.27955979817372,0.24682149346749466,0.9055060666525723,1.2138113411971174,-2.735715426059462,1.8672078806163783,1.8812814744096584,-0.22555898129940033,0.8315337963123082,-0.8315337963123082,0.12977392300126667,pixhawk_fused,True,0.8,0.2,gyro,-1.0,0.2641940116882324,0.5058004856109619,0.017891228258977064
9.527477800031193,9278.517540096,odom,navigating,,0.29325834216479685,0.26554559032720415,1.0121592633718708,1.2062917460638314,-2.7137678157175884,1.9738610773356768,1.919886130608789,-0.3461887836456299,0.9550955721158741,-0.9550955721158741,0.032692540999050834,pixhawk_fused,True,0.8,0.2,gyro,-1.0,0.26580414175987244,0.21390283107757568,0.014014238535792384
9.527530399966054,9278.618113033,odom,navigating,,0.3061761741816804,0.28412797580822974,1.050526143127066,1.1984417129696274,-2.692541595738474,2.012227957090872,1.9306893122841715,-0.3829069435596466,1.000339746477103,-1.000339746477103,0.03091616300116584,pixhawk_fused,True,0.8,0.2,gyro,-1.0,0.252548485994339,0.03422180190682411,0.009694662648351025
9.868318399996497,9278.737419143,odom,navigating,,0.32203597806382617,0.3068470349016557,1.0444520859917221,1.188882094930989,-2.6665357746934455,2.006153899955528,1.9003015412449515,-0.3829069435596466,1.000339746477103,-1.000339746477103,0.15064649800115149,pixhawk_fused,True,0.8,0.2,gyro,-1.0,0.24450810253620148,-0.4397870600223541,0.004459708690596374
9.868418500060216,9278.857785565,odom,navigating,,0.3377595848313613,0.32708543232019777,1.0311437310254699,1.1812791104822038,-2.642060906617755,1.992845544989276,1.8305917204316178,-0.38188436627388,1.0011299839262127,-1.0011299839262127,0.09191859400016256,pixhawk_fused,True,0.8,0.2,gyro,-1.0,0.24892467260360718,-0.5453134179115295,0.0009085056828667509
9.868468899978325,9278.95827495,odom,navigating,,0.3501402441215503,0.3409301351030837,0.9233385776568246,1.1770074356085756,-2.6239858045881617,1.8850403916206306,1.760248738158202,-0.26527053117752075,0.8839603608790993,-0.8839603608790993,0.034895200000391924,pixhawk_fused,True,0.8,0.2,gyro,-1.0,0.19703556597232819,-0.6815385818481445,0.00038848759873141245
10.187399700051174,9279.077151946,odom,navigating,,0.36523922239061923,0.3552193588303909,0.8587833593489973,1.1739263979566186,-2.6034269070864453,1.8204851733128034,1.6616464802004933,-0.20803017914295197,0.8279161506239533,-0.8279161506239533,0.0031199019995256094,pixhawk_fused,True,0.8,0.2,gyro,-1.0,0.21190574765205383,-0.9060618877410889,0.0001094042791807535
10.187482499983162,9279.177155277,odom,navigating,,0.3813101814890015,0.36788221754374206,0.842842920101843,1.172735344828137,-2.5830013077174843,1.804544734065649,1.5818315032211685,-0.20803017914295197,0.8279161506239533,-0.8279161506239533,0.1033219109995116,pixhawk_fused,True,0.8,0.2,gyro,-1.0,0.24376431107521057,-0.7082642316818237,0.0020133378707140703
10.187530099996366,9279.27724759,odom,navigating,,0.39978102440812846,0.3804450766254525,0.7064053331068194,1.1729993416760824,-2.560664616554417,1.6681071470706255,1.5358223707225342,-0.0485227145254612,0.6689003809634805,-0.6689003809634805,0.09309055499943497,pixhawk_fused,True,0.8,0.2,gyro,-1.0,0.27062028646469116,-0.20143036544322968,0.005880623866032159
10.52842360001523,9279.397169886,odom,navigating,,0.42435233200570316,0.39650850259391257,0.668067696024903,1.173882519788114,-2.531321767215587,1.629769509988709,1.56209803180681,0.0022968801204115152,0.6144199296180367,-0.6144199296180367,0.09437380199960899,pixhawk_fused,True,0.8,0.2,gyro,-1.0,0.28071358799934387,0.46960020065307617,0.011490265188262757
10.528530400013551,9279.497959376,odom,navigating,,0.4450441026419041,0.41133715149462236,0.7437912198485555,1.1735588403128663,-2.5058672306478362,1.7054930338123615,1.6208787788103838,-0.05860448256134987,0.6943728546742558,-0.6943728546742558,0.011241989001064212,pixhawk_fused,True,0.8,0.2,gyro,-1.0,0.28747960925102234,0.7023168802261353,0.015281031973708689
10.528579300036654,9279.617708382,odom,navigating,,0.4679757909061192,0.4303235176921985,0.758961592121077,1.171106653758339,-2.4761968546957625,1.720663406084883,1.6969131934240598,-0.05860448256134987,0.6943728546742558,-0.6943728546742558,0.13083296400145628,pixhawk_fused,True,0.8,0.2,gyro,-1.0,0.2909815013408661,0.5753939151763916,0.017651964146386184
10.866289400029927,9279.737117475,odom,navigating,,0.4889163014980116,0.45029133566004126,0.8197419275537952,1.1667103108182726,-2.447598062640863,1.7814437415176012,1.7584443372585314,-0.11853532493114471,0.7549665301684498,-0.7549665301684498,0.07252135599992471,pixhawk_fused,True,0.8,0.2,gyro,-1.0,0.2744058072566986,0.4764598309993744,0.017931221619637925
10.866399300051853,9279.837234675,odom,navigating,,0.5050756414459384,0.46751560283064253,0.8727072363891641,1.161828708607091,-2.424490280251185,1.8344090503529702,1.8050713975237456,-0.17073313891887665,0.809508046472466,-0.809508046472466,0.06494571199982602,pixhawk_fused,True,0.8,0.2,gyro,-1.0,0.27789002656936646,0.33811336755752563,0.016844942621655375
10.866461899946444,9279.95788987,odom,navigating,,0.52386487864473,0.48940606174487866,0.9181956143040317,1.1546246827662485,-2.39655589932601,1.8798974282678378,1.8402658053628012,-0.21958568692207336,0.8575583845023275,-0.8575583845023275,0.07099785799982783,pixhawk_fused,True,0.8,0.2,gyro,-1.0,0.27828726172447205,0.13547492027282715,0.014246077767326613
11.207340799970552,9280.058328447,odom,navigating,,0.5395143285349594,0.5083194000046732,0.9561861613159459,1.1480660403185519,-2.3728999517601337,1.917887975279752,1.838327895584216,-0.26657557487487793,0.9055057427231431,-0.9055057427231431,0.08884973000022,pixhawk_fused,True,0.8,0.2,gyro,-1.0,0.28259047865867615,-0.10223088413476944,0.011593279288243101
11.207454500021413,9280.178560215,odom,navigating,,0.5587512220127285,0.5309431515698187,0.9591739389924692,1.1405167078483172,-2.344178883102956,1.9208757529562752,1.8058457578930462,-0.2731156349182129,0.9173554903511167,-0.9173554903511167,0.09445626399974572,pixhawk_fused,True,0.8,0.2,gyro,-1.0,0.2835049629211426,-0.3855777084827423,0.008780667328395563
11.207503900048323,9280.297826227,odom,navigating,,0.5783441286368082,0.5520100968305498,0.9274845785797639,1.134447899646651,-2.316056512299449,1.88918639254357,1.7504716672313378,-0.2461232990026474,0.8915871030334592,-0.8915871030334592,0.10619666400089045,pixhawk_fused,True,0.8,0.2,gyro,-1.0,0.27442479133605957,-0.43815165758132935,0.0073324780877719615
11.546967000002041,9280.417396283,odom,navigating,,0.5991073064930178,0.5720024125904328,0.8820651548571348,1.129930007941225,-2.287589146796658,1.8437669688209408,1.6990533034472575,-0.20196793973445892,0.847667349005139,-0.847667349005139,0.02608475300075952,pixhawk_fused,True,0.8,0.2,gyro,-1.0,0.2750631272792816,-0.371681272983551,0.007470560119631294
11.54705090005882,9280.537037892,odom,navigating,,0.6214181452814498,0.5914128182876539,0.8044626731369411,1.1267748349003017,-2.258185367110095,1.7661644871007471,1.6550546072271757,-0.11478433758020401,0.7616643649582029,-0.7616643649582029,0.04515039599937154,pixhawk_fused,True,0.8,0.2,gyro,-1.0,0.28561699390411377,-0.23674924671649933,0.00910468303631117
11.547085399972275,9280.63715517,odom,navigating,,0.6410011940613434,0.6075651681658973,0.8032551025077048,1.1247311728103577,-2.23288284448157,1.7649569164715109,1.6490159572632408,-0.11478433758020401,0.7616643649582029,-0.7616643649582029,0.14529730300091614,pixhawk_fused,True,0.8,0.2,gyro,-1.0,0.2872401177883148,-0.03401350975036621,0.011173492057799503
11.886393500026315,9280.757660025,odom,navigating,,0.6632773042154938,0.625936386453748,0.7812639641991566,1.122408437250589,-2.2041020931970903,1.7429657781629626,1.6530710194227463,-0.08850710839033127,0.7331644717995286,-0.7331644717995286,0.08770083299896214,pixhawk_fused,True,0.8,0.2,gyro,-1.0,0.25820714235305786,0.03360295295715332,0.013528526868527322
11.886479699984193,9280.858438538,odom,navigating,,0.6789018674581278,0.6388891463992532,0.7816836838340506,1.1207242226215934,-2.1838767529573704,1.7433854977978567,1.6544251106294503,-0.08829560875892639,0.7333507991545111,-0.7333507991545111,0.07460448600068048,pixhawk_fused,True,0.8,0.2,gyro,-1.0,0.2166246473789215,-7.139650551835075e-05,0.01513224287149672
11.886536299949512,9280.977165014,odom,navigating,,0.6946301485560673,0.6520254387958632,0.7891741444964466,1.1189488204244022,-2.163461343305266,1.7508759584602527,1.667326478018941,-0.09692323207855225,0.7394898749552875,-0.7394898749552875,0.003357134999532718,pixhawk_fused,True,0.8,0.2,gyro,-1.0,0.19147159159183502,0.23489327728748322,0.016676658852473356
12.226207099971361,9281.097228811,odom,navigating,,0.7074422981736137,0.663100897014607,0.8071116657576687,1.1171952533347609,-2.1466167015744464,1.7688134797214747,1.685618034232525,-0.11531981825828552,0.7573389865122944,-0.7573389865122944,0.009532682001008652,pixhawk_fused,True,0.8,0.2,gyro,-1.0,0.13719899952411652,0.03402554988861084,0.017666043837630933
12.226309600053355,9281.197455274,odom,navigating,,0.7156928496170705,0.6704779573878379,0.8091343394808956,1.1158651833548798,-2.1356292754554667,1.7708361534447017,1.6957421248030085,-0.11531981825828552,0.7573389865122944,-0.7573389865122944,0.10919142500097223,pixhawk_fused,True,0.8,0.2,gyro,-1.0,0.10524554550647736,-0.03374038636684418,0.018127591306583306
12.226358199957758,9281.317046353,odom,navigating,,0.7223117271933613,0.6764797384155605,0.8204331235117064,1.1147295498088932,-2.12676692518458,1.7821349374755124,1.7045274751300106,-0.12640459835529327,0.7692652091570407,-0.7692652091570407,0.051808502999847406,pixhawk_fused,True,0.8,0.2,gyro,-1.0,0.07197195291519165,0.20271505415439606,0.018437883110158055
12.547344099963084,9281.417525975,odom,navigating,,0.725612381568921,0.6795210276426344,0.825093779724503,1.1141235735860393,-2.1223198416136366,1.786795593688309,1.7112984162720057,-0.1303657591342926,0.7733990608155935,-0.7733990608155935,0.043578290000368725,pixhawk_fused,True,0.8,0.2,gyro,-1.0,0.04622381180524826,0.13501521944999695,0.018557939087511355
12.547450299956836,9281.517567799,odom,navigating,,0.728055481782678,0.6818408857506657,0.841026557338439,1.1136186627181295,-2.1189888439685873,1.802728371302245,1.7390351351796305,-0.14367394149303436,0.7863862954080313,-0.7863862954080313,0.06456347399944207,pixhawk_fused,True,0.8,0.2,gyro,-1.0,0.030874423682689667,0.27054348587989807,0.01859751737432561
12.54750200000126,9281.637285021,odom,navigating,,0.7311380313966707,0.6849771159511873,0.8536944634576553,1.1128100359018744,-2.1146663244873793,1.8153962774214614,1.7769075047773868,-0.15436215698719025,0.7927726833522528,-0.7927726833522528,0.07324750299994776,pixhawk_fused,True,0.8,0.2,gyro,-1.0,0.05403294786810875,0.37201592326164246,0.0184974684562074
12.848823399981484,9281.737346233,odom,navigating,,0.7348019373093625,0.6889926426344912,0.8832317718805192,1.1116128481479384,-2.1093639285607053,1.8449335858443252,1.8155007419701321,-0.18164348602294922,0.8200562617778987,-0.8200562617778987,0.054176691999600735,pixhawk_fused,True,0.8,0.2,gyro,-1.0,0.06213097646832466,0.4083265960216522,0.018172180335485753
12.848961799987592,,mission_status,reached,reached waypoint 1/4,0.7348019373093625,0.6889926426344912,0.8832317718805192,,,,,,,,,,,,,,,,,
12.848988799960352,,mission_status,turning,aligning for waypoint 2/4,0.7348019373093625,0.6889926426344912,0.8832317718805192,,,,,,,,,,,,,,,,,
12.849013900035061,9281.837391279,odom,turning,,0.736814655549451,0.6913464576103284,0.9452858765858483,1.1108338546919292,-2.1063664881776525,1.9069876905496543,1.8364815720172702,-0.25524523854255676,0.8923454458117694,-0.8923454458117694,0.05102662399986002,pixhawk_fused,True,0.8,0.2,gyro,-1.0,0.015357731841504574,5.026650796935428e-06,0.017887412538441574
12.849076300044544,9281.938361753,odom,turning,,0.7373064377626656,0.6919296231630567,0.9429884579815206,1.110636922817172,-2.105629501309501,1.9046902719453267,1.824980372297514,-0.25524523854255676,0.8923454458117694,-0.8923454458117694,0.15207611400001042,pixhawk_fused,True,0.8,0.2,gyro,-1.0,0.012828421778976917,-0.16861753165721893,0.017812067800405264
13.18901570001617,9282.058209656,odom,turning,,0.7386073428745233,0.6934134177643534,0.9267564943248603,1.1101642447270736,-2.1037136265870737,1.8884583082886663,1.7952409846775261,-0.24249370396137238,0.8794869986209296,-0.8794869986209296,0.07545649499843421,pixhawk_fused,True,0.8,0.2,gyro,-1.0,0.02564277872443199,-0.337050199508667,0.017654952944630146
13.18911959999241,9282.177573301,odom,turning,,0.7406721621627456,0.6956027651620379,0.8962389278019269,1.1095499503680104,-2.1007675506951142,1.857940741765733,1.7498917549813922,-0.21493832767009735,0.8526755806836509,-0.8526755806836509,0.07554897499903745,pixhawk_fused,True,0.8,0.2,gyro,-1.0,0.0308220237493515,-0.4051264822483063,0.017524429007972332
13.189176099956967,9282.279492208,odom,turning,,0.7427042372794143,0.6975777139242727,0.8587640606568325,1.1090927648066018,-2.097970993301518,1.8204658746206386,1.7071901100839424,-0.17824149131774902,0.8165071216258429,-0.8165071216258429,0.00561614400066901,pixhawk_fused,True,0.8,0.2,gyro,-1.0,0.03546813130378723,-0.4661951959133148,0.01752480909944775
13.528612100053579,9282.397500536,odom,turning,,0.7456981025107461,0.7002060854839136,0.8467555936831233,1.1086499280301547,-2.094011768419255,1.8084574076469293,1.6471428674696162,-0.17824149131774902,0.8165071216258429,-0.8165071216258429,0.1236670079997566,pixhawk_fused,True,0.8,0.2,gyro,-1.0,0.04104481264948845,-0.5394954085350037,0.017727088097740196
13.528730500023812,9282.497929665,odom,turning,,0.7484192428260377,0.7023381766400356,0.7417973865826568,1.1084580910138258,-2.0905601577991697,1.7034992005464629,1.595037970909175,-0.06102566421031952,0.6983370724055193,-0.6983370724055193,0.03228337700056727,pixhawk_fused,True,0.8,0.2,gyro,-1.0,0.041132986545562744,-0.5406543612480164,0.01809510748858504
13.52880740002729,9282.617730927,odom,turning,,0.7518078607103842,0.7046936141243427,0.6735475135054974,1.1084649534761983,-2.0864333224722875,1.6352493274693034,1.5328355244964709,0.008493205532431602,0.6285758535894773,-0.6285758535894773,0.045016683001449564,pixhawk_fused,True,0.8,0.2,gyro,-1.0,0.041046854108572006,-0.5395222306251526,0.018768248862406293
13.867951599997468,9282.737652889,odom,turning,,0.7556099784986579,0.706989499794089,0.6193052333099656,1.1087572319872558,-2.082001419499926,1.5810070472737716,1.4658951966947213,0.06102336570620537,0.5775072457227133,-0.5775072457227133,0.050231638000695966,pixhawk_fused,True,0.8,0.2,gyro,-1.0,0.041059140115976334,-0.5396837592124939,0.017502895777228588
13.868051500059664,9282.857899283,odom,turning,,0.7598414805342933,0.7091619900192815,0.6049679715877971,1.1093963767782444,-2.0772879476168766,1.5666697855516032,1.394197923199244,0.06102336570620537,0.5775072457227133,-0.5775072457227133,0.17004849200020544,pixhawk_fused,True,0.8,0.2,gyro,-1.0,0.04340668395161629,-0.5705400109291077,0.012993639008098034
13.868099099956453,9282.958573254,odom,turning,,0.7632578615590865,0.7106470864290517,0.4945421615372283,1.1101329477395858,-2.073636285820956,1.4562439755010343,1.3380532655586328,0.18452341854572296,0.4535138009223364,-0.4535138009223364,0.04814978900139977,pixhawk_fused,True,0.8,0.2,gyro,-1.0,0.04374314099550247,-0.5749623775482178,0.009545574646397237
14.207805200014263,9283.076684616,odom,turning,,0.7675183492175647,0.712192102071996,0.44632305698500185,1.1113033095042466,-2.0692580348271448,1.408024870948808,1.2697473620174562,0.22801697254180908,0.4103162793549917,-0.4103162793549917,0.08702840300065873,pixhawk_fused,True,0.8,0.2,gyro,-1.0,0.04374314099550247,-0.5749623775482178,0.005465433306471746
14.20792309998069,9283.177598081,odom,turning,,0.7713085616971415,0.7132994064738024,0.39028220016374515,1.1125636111166715,-2.0655159132999468,1.3519840141275512,1.210237965401497,0.2828335165977478,0.35514253247112254,-0.35514253247112254,0.008929244000682957,pixhawk_fused,True,0.8,0.2,gyro,-1.0,0.04874800145626068,-0.6407465934753418,0.0020269871092443346
14.207980699953623,9283.298469031,odom,turning,,0.775907321509039,0.714322783092142,0.2853207810457752,1.1143553376561735,-2.061158665600064,1.2470225950095812,1.1392311481701214,0.39720773696899414,0.2416930667790792,-0.2416930667790792,0.01610493999942264,pixhawk_fused,True,0.8,0.2,gyro,-1.0,0.045953184366226196,-0.6040113568305969,0.001915704819392864
14.566912699956447,9283.417256392,odom,turning,,0.7805735719969545,0.7150182384759812,0.27110114076363523,1.1164546272820175,-2.056933676265911,1.2328029547274413,1.0681253287958024,0.39720773696899414,0.2416930667790792,-0.2416930667790792,0.13524941799914814,pixhawk_fused,True,0.8,0.2,gyro,-1.0,0.04667337238788605,-0.6134775280952454,0.005670672966150407
14.567010600003414,9283.539654231,odom,turning,,0.7855491708092275,0.7153927206608159,0.18377557391296806,1.1189941542667434,-2.052638606634194,1.1454773878767741,0.9929185647398568,0.48760712146759033,0.15133880538076377,-0.15133880538076377,0.06473573199946259,pixhawk_fused,True,0.8,0.2,gyro,-1.0,0.04759926348924637,-0.6256474852561951,0.009411704211934994
14.567060600034893,9283.657496479,odom,turning,,0.7902972131491194,0.71539954042903,0.10384233354764794,1.1217050348573827,-2.04874052005307,1.065544147511454,0.9213547700909689,0.5703727006912231,0.06931346488327002,-0.06931346488327002,0.0741667359998246,pixhawk_fused,True,0.8,0.2,gyro,-1.0,0.04652099311351776,-0.6114746332168579,0.01273061589734117
14.886940900003538,9283.758419094,odom,turning,,0.7942334559511713,0.7151467406839067,0.04571242881556836,1.1241643958043908,-2.045656779006845,1.0074142427793744,0.8619027194088531,0.6277896761894226,0.011514071944656125,-0.011514071944656125,0.06178656400152249,pixhawk_fused,True,0.8,0.2,gyro,-1.0,0.04614090546965599,-0.606478750705719,0.015296990985011302
14.88704089995008,9283.877384152,odom,turning,,0.7987706439471299,0.7145602259280024,-0.013643542489805704,1.127241274388243,-2.0422710896162193,0.9480582714740003,0.7929444473606156,0.6843422651290894,-0.0454417006936648,0.0454417006936648,0.003981130999818561,pixhawk_fused,True,0.8,0.2,gyro,-1.0,0.04339376464486122,-0.5703701972961426,0.018043832639915814
14.887089899973944,9283.977517093,odom,turning,,0.8024759165238787,0.7138417939802016,-0.07732395681162296,1.129950387374938,-2.0396431824342685,0.8843778571521831,0.7360596915308708,0.7501723170280457,-0.11082072424560571,0.11082072424560571,0.056702530000620754,pixhawk_fused,True,0.8,0.2,gyro,-1.0,0.045339617878198624,-0.5959466099739075,0.02011554737488312
15.227327500004321,9284.097215716,odom,turning,,0.8067274207070889,0.7127415918999055,-0.12497106425660676,1.1332851281812812,-2.036785694692939,0.8367307497071993,0.6698670933157365,0.7930391430854797,-0.1538329188790896,0.1538329188790896,0.028103996999561787,pixhawk_fused,True,0.8,0.2,gyro,-1.0,0.04084119573235512,-0.5368190407752991,0.02229512660328792
15.227432599989697,9284.197547856,odom,turning,,0.8101870363752414,0.7116192910055046,-0.22073413273979003,1.136184934440576,-2.034590330593876,0.740967681224016,0.615053671627365,0.8993570804595947,-0.2598317667213061,0.2598317667213061,0.014996853000411647,pixhawk_fused,True,0.8,0.2,gyro,-1.0,0.03871110454201698,-0.5088210105895996,0.023906159875980916
15.227481100009754,9284.31786174,odom,turning,,0.8139519887181784,0.7101501454244166,-0.2739408441095378,1.1395439018186295,-2.0323429781435047,0.6877609698542683,0.5541405907847928,0.9505571126937866,-0.31111189567714714,0.31111189567714714,0.026054906000354094,pixhawk_fused,True,0.8,0.2,gyro,-1.0,0.03602376580238342,-0.47349849343299866,0.025481929130173067
15.56927460001316,9284.437136885,odom,turning,,0.8172154084569511,0.7086530268424716,-0.28476111811898275,1.1426388723487373,-2.030522969940891,0.6769406958448233,0.5000252815455234,0.9505571126937866,-0.31111189567714714,0.31111189567714714,0.14584727299916267,pixhawk_fused,True,0.8,0.2,gyro,-1.0,0.03360186889767647,-0.4416649341583252,0.026687607775143448
15.569370100041851,9284.538455731,odom,turning,,0.8190854741337888,0.7076863556731238,-0.36479641852525335,1.144501614976127,-2.0295422616818044,0.5969053954385527,0.4466538679742589,1.0387110710144043,-0.397809911456404,0.397809911456404,0.056013632000031066,pixhawk_fused,True,0.8,0.2,gyro,-1.0,0.023142443969845772,-0.574553370475769,0.02730061999108151
15.569409199990332,9284.657762468,odom,turning,,0.8210157349480087,0.706540705889255,-0.4111324973735784,1.1465455889961784,-2.0286145815410523,0.5505693165902277,0.4033303561012126,1.087040901184082,-0.44489903551012067,0.44489903551012067,0.06750122599987662,pixhawk_fused,True,0.8,0.2,gyro,-1.0,0.01292769331485033,-0.2378912717103958,0.027827477007717948
15.886523499968462,9284.758156274,odom,turning,,0.8227140620050972,0.7054509385298842,-0.4172120924798526,1.1484110350178363,-2.027845153941684,0.5444897214839535,0.3729233997395524,1.087040901184082,-0.44489903551012067,0.44489903551012067,0.16768072599916195,pixhawk_fused,True,0.8,0.2,gyro,-1.0,0.0257171131670475,-0.3380272388458252,0.028232467912807157
15.88660730002448,9284.877027452,odom,turning,,0.8243059272240663,0.7043596753075154,-0.452899892354403,1.1502167984121916,-2.027163898586135,0.5088019216094031,0.34383253197805935,1.120922565460205,-0.48223506173163444,0.48223506173163444,0.10943721299918252,pixhawk_fused,True,0.8,0.2,gyro,-1.0,0.017876891419291496,-0.2349749058485031,0.02856207960691851
15.886659099953249,9284.977100159,odom,turning,,0.8255431013532583,0.7034635615232768,-0.5029554400940831,1.1516595791377098,-2.0266618990658984,0.45874637386972295,0.31674815827266267,1.178717017173767,-0.5380320688155272,0.5380320688155272,0.05142683899975964,pixhawk_fused,True,0.8,0.2,gyro,-1.0,0.007719635032117367,-0.23674583435058594,0.028783875118845392
16.230507000000216,9285.097263901,odom,turning,,0.8259218830784841,0.7031491873213358,-0.528189261551025,1.1521341288084554,-2.026531096374006,0.4335125524127811,0.2755570777927304,1.1998634338378906,-0.5592772040334323,0.5592772040334323,0.015230954999424284,pixhawk_fused,True,0.8,0.2,gyro,-1.0,0.020512178540229797,-0.26961326599121094,0.02882312685700398
16.230606899945997,9285.19842757,odom,turning,,0.8271279463000426,0.7021417414250872,-0.5784499657060864,1.153650421062724,-2.026118308864615,0.38325184825771963,0.25052121458540116,1.2548811435699463,-0.6158434535232166,0.6158434535232166,0.013260565998280072,pixhawk_fused,True,0.8,0.2,gyro,-1.0,0.012905643321573734,-0.16963252425193787,0.028943480557401535
16.230662300018594,9285.317930212,odom,turning,,0.8276012245707273,0.701726068962365,-0.6005621216000443,1.154262116004222,-2.0259679585526307,0.36113969236376176,0.2180695795443883,1.2745957374572754,-0.6353707893607,0.6353707893607,0.014556796000761096,pixhawk_fused,True,0.8,0.2,gyro,-1.0,0.005143936723470688,-0.33806106448173523,0.028976147127685904
16.549265500041656,9285.437422299,odom,turning,,0.8284454182723822,0.7009204283449946,-0.6067832681400457,1.1554058597330126,-2.0257365064126045,0.35491854582376037,0.18695691878882575,1.2745957374572754,-0.6353707893607,0.6353707893607,0.13452534700081742,pixhawk_fused,True,0.8,0.2,gyro,-1.0,0.010321925394237041,-0.13567198812961578,0.028988440638356403
16.549398300005123,9285.537922606,odom,turning,,0.8286052349169928,0.7007636557719038,-0.6478112315773009,1.1556258744357508,-2.0256951236849625,0.31389058238650513,0.1835847244236301,1.3221824169158936,-0.6858109130379537,0.6858109130379537,0.047820845000387635,pixhawk_fused,True,0.8,0.2,gyro,-1.0,0.0,0.0,0.02898772121272468
16.54945880000014,9285.639481207,odom,turning,,0.8286052349169928,0.7007636557719038,-0.6478112315773009,1.1556258744357508,-2.0256951236849625,0.31389058238650513,0.1835847244236301,1.3221824169158936,-0.6858109130379537,0.6858109130379537,0.14912373300103354,pixhawk_fused,True,0.8,0.2,gyro,-1.0,0.0,0.0,0.02898772121272468
16.88794849999249,9285.757964831,odom,turning,,0.8286052349169928,0.7007636557719038,-0.6479826032334348,1.1556258744357508,-2.0256951236849625,0.31371921073037123,0.1835847244236301,1.3225325345993042,-0.6860251275268177,0.6860251275268177,0.08892728999853716,pixhawk_fused,True,0.8,0.2,gyro,-1.0,0.0,0.0,0.02898772121272468
16.888058500015177,9285.8588879,odom,turning,,0.8286052349169928,0.7007636557719038,-0.6477449102647429,1.1556258744357508,-2.0256951236849625,0.31395690369906315,0.1835847244236301,1.3227170705795288,-0.6857280114250983,0.6857280114250983,0.08229758999914338,pixhawk_fused,True,0.8,0.2,gyro,-1.0,0.0,0.0,0.02898772121272468
16.888109800056554,9285.97726551,odom,turning,,0.8285733604430474,0.7007951736893616,-0.6479568892062701,1.155581788313841,-2.025703233867767,0.3137449247575359,0.18290951960026514,1.3228126764297485,-0.685824184040984,0.685824184040984,0.0055774049997125985,pixhawk_fused,True,0.8,0.2,gyro,-1.0,0.0,0.0,0.02898804413259854
17.248898299993016,9286.098246486,odom,turning,,0.8285733604430474,0.7007951736893616,-0.6481491522424574,1.155581788313841,-2.025703233867767,0.31355266172134866,0.18290951960026514,1.3230702877044678,-0.6860645127859691,0.6860645127859691,0.012112718999560457,pixhawk_fused,True,0.8,0.2,gyro,-1.0,0.0,0.0,0.02898804413259854
17.249008600017987,9286.217735114,odom,turning,,0.8284787087785486,0.7008901517620947,-0.6545001997492255,1.1554497379015172,-2.025726524649153,0.3072016142145806,0.15115217028638536,1.3230702877044678,-0.6860645127859691,0.6860645127859691,0.13162703099987993,pixhawk_fused,True,0.8,0.2,gyro,-1.0,0.0,-0.5411410927772522,0.028989995021281918
17.249071800033562,9286.338113841,odom,turning,,0.8288928423849281,0.7004149660243479,-0.6741757943271063,1.1560764054881918,-2.0256587318390467,0.28752601963669977,0.08075573885666863,1.3324635028839111,-0.6930755456355194,0.6930755456355194,0.0744439770005556,pixhawk_fused,True,0.8,0.2,gyro,-1.0,0.010351385921239853,-0.47624579071998596,0.02893876131832622
17.58330040005967,9286.457920737,odom,turning,,0.8296960220004099,0.6993904256627065,-0.7293570934979207,1.1573762182476113,-2.0255861561006197,0.2323447204658854,0.016481908030431536,1.389691948890686,-0.7459903819826226,0.7459903819826226,0.04540047400041658,pixhawk_fused,True,0.8,0.2,gyro,-1.0,0.0077336872927844524,-0.6437962651252747,0.02876566954615233
17.583399299997836,9286.558093357,odom,turning,,0.8302095674320548,0.6986575069865322,-0.8129283496874821,1.1582711457270387,-2.0255842845199723,0.14877346427632399,-0.007901636921054311,1.4916951656341553,-0.844336291101275,0.844336291101275,0.055868716999611934,pixhawk_fused,True,0.8,0.2,gyro,-1.0,0.007660764269530773,-0.10069353133440018,0.02859925551686656
17.583453799947165,9286.676927251,odom,turning,,0.8303873678119538,0.6983975336684122,-0.8338862943161858,1.1585860911592667,-2.025587195867646,0.12781551964762028,-0.012647120148963149,1.5116932392120361,-0.8693468023803811,0.8693468023803811,0.0013169329995434964,pixhawk_fused,True,0.8,0.2,gyro,-1.0,0.0025924427900463343,-0.03407521918416023,0.02853718427818887
17.92804100003559,9286.776966765,odom,turning,,0.8303873678119538,0.6983975336684122,-0.8338862943161858,1.1585860911592667,-2.025587195867646,0.12781551964762028,-0.012647120148963149,1.5116932392120361,-0.8693468023803811,0.8693468023803811,0.10114369500115572,pixhawk_fused,True,0.8,0.2,gyro,-1.0,0.0,0.0,0.02853718427818887
17.92814970004838,9286.900113334,odom,turning,,0.8303873678119538,0.6983975336684122,-0.8347958966899169,1.1585860911592667,-2.025587195867646,0.1269059172738891,-0.012647120148963149,1.5145764350891113,-0.870483798894545,0.870483798894545,0.11496007399910013,pixhawk_fused,True,0.8,0.2,gyro,-1.0,0.0,0.0,0.02853718427818887
17.92820019996725,9287.017335047,odom,turning,,0.8303873678119538,0.6983975336684122,-0.8348589299916702,1.1585860911592667,-2.025587195867646,0.12684288397213583,-0.012647120148963149,1.5146688222885132,-0.8705625901291872,0.8705625901291872,0.0358840289991349,pixhawk_fused,True,0.8,0.2,gyro,-1.0,0.0,0.0,0.02853718427818887
18.2679317999864,9287.117733011,odom,turning,,0.8303873678119538,0.6983975336684122,-0.8348753452960432,1.1585860911592667,-2.025587195867646,0.12682646866776282,-0.012647120148963149,1.5146892070770264,-0.8705831091585363,0.8705831091585363,0.023756567999953404,pixhawk_fused,True,0.8,0.2,gyro,-1.0,0.0,0.0,0.02853718427818887
18.26804400002584,9287.238032801,odom,turning,,0.8303873678119538,0.6983975336684122,-0.8348753452960432,1.1585860911592667,-2.025587195867646,0.12682646866776282,-0.012647120148963149,1.5146892070770264,-0.8705831091585363,0.8705831091585363,0.1439956379999785,pixhawk_fused,True,0.8,0.2,gyro,-1.0,0.0,0.0,0.02853718427818887
18.268098899978213,9287.357863868,odom,turning,,0.8303873678119538,0.6983975336684122,-0.8349109325969217,1.1585860911592667,-2.025587195867646,0.12679088136688432,-0.012647120148963149,1.5147314071655273,-0.8706275930669884,0.8706275930669884,0.08591583499946864,pixhawk_fused,True,0.8,0.2,gyro,-1.0,0.0,0.0,0.02853718427818887
18.58648900000844,9287.458342518,odom,turning,,0.8303873678119538,0.6983975336684122,-0.8349353673482892,1.1585860911592667,-2.025587195867646,0.12676644661551684,-0.012647120148963149,1.514744520187378,-0.8706581363579984,0.8706581363579984,0.0769975160001195,pixhawk_fused,True,0.8,0.2,gyro,-1.0,0.0,0.0,0.02853718427818887
18.586571200052276,9287.558493366,odom,turning,,0.8303873678119538,0.6983975336684122,-0.8349634831920965,1.1585860911592667,-2.025587195867646,0.1267383307717096,-0.012647120148963149,1.5147902965545654,-0.8706932809934745,0.8706932809934745,0.09377387899985479,pixhawk_fused,True,0.8,0.2,gyro,-1.0,0.0,0.0,0.02853718427818887
18.586617600056343,9287.676723251,odom,turning,,0.8303873678119538,0.6983975336684122,-0.8349727968580957,1.1585860911592667,-2.025587195867646,0.12672901710571038,-0.012647120148963149,1.5148024559020996,-0.8707049230201895,0.8707049230201895,0.1082170869995025,pixhawk_fused,True,0.8,0.2,gyro,-1.0,0.0,0.0,0.02853718427818887
18.908281599986367,9287.777448337,odom,turning,,0.8303873678119538,0.6983975336684122,-0.8350222258338869,1.1585860911592667,-2.025587195867646,0.1266795881299192,-0.012647120148963149,1.5148836374282837,-0.8707667089463006,0.8707667089463006,0.09456092399886984,pixhawk_fused,True,0.8,0.2,gyro,-1.0,0.0,0.0,0.02853718427818887
18.90838779998012,9287.898226647,odom,turning,,0.8303873678119538,0.6983975336684122,-0.8350764161913925,1.1585860911592667,-2.025587195867646,0.12662539777241355,-0.012647120148963149,1.5149604082107544,-0.8708344465759377,0.8708344465759377,0.10691920899989782,pixhawk_fused,True,0.8,0.2,gyro,-1.0,0.0,0.0,0.02853718427818887
18.908460999955423,9287.99889468,odom,turning,,0.8303873678119538,0.6983975336684122,-0.8351037801548395,1.1585860911592667,-2.025587195867646,0.1265980338089665,-0.012647120148963149,1.5149985551834106,-0.8708686513718943,0.8708686513718943,0.012733289999232511,pixhawk_fused,True,0.8,0.2,gyro,-1.0,0.0,0.0,0.02853718427818887
19.24916300002951,9288.118799392,odom,turning,,0.8303873678119538,0.6983975336684122,-0.8351037801548395,1.1585860911592667,-2.025587195867646,0.1265980338089665,-0.012647120148963149,1.5149985551834106,-0.8708686513718943,0.8708686513718943,0.13305541299996548,pixhawk_fused,True,0.8,0.2,gyro,-1.0,0.0,0.0,0.02853718427818887
19.249246899969876,9288.237504376,odom,turning,,0.8303873678119538,0.6983975336684122,-0.8351318054189604,1.1585860911592667,-2.025587195867646,0.12657000854484568,-0.012647120148963149,1.5150322914123535,-0.8709036827911417,0.8709036827911417,0.07091974300055881,pixhawk_fused,True,0.8,0.2,gyro,-1.0,0.0,0.0,0.02853718427818887
19.249279899988323,9288.337778761,odom,turning,,0.8303873678119538,0.6983975336684122,-0.8351659346254493,1.1585860911592667,-2.025587195867646,0.12653587933835675,-0.012647120148963149,1.5150773525238037,-0.8709463441050406,0.8709463441050406,0.05561841700000514,pixhawk_fused,True,0.8,0.2,gyro,-1.0,0.0,0.0,0.02853718427818887
19.60809390002396,9288.458283142,odom,turning,,0.8303873678119538,0.6983975336684122,-0.8352005759580603,1.1585860911592667,-2.025587195867646,0.12650123800574575,-0.012647120148963149,1.5151187181472778,-0.8709896455756183,0.8709896455756183,0.051874054999643704,pixhawk_fused,True,0.8,0.2,gyro,-1.0,0.0,0.0,0.02853718427818887
19.608196799992584,9288.58056031,odom,turning,,0.8303873678119538,0.6983975336684122,-0.835266241543274,1.1585860911592667,-2.025587195867646,0.12643557242053205,-0.012647120148963149,1.5151969194412231,-0.8710717271924745,0.8710717271924745,0.0032105860009323806,pixhawk_fused,True,0.8,0.2,gyro,-1.0,0.0,0.0,0.02853718427818887
19.608244800008833,9288.69768576,odom,turning,,0.8303873678119538,0.6983975336684122,-0.8353035194041898,1.1585860911592667,-2.025587195867646,0.12639829455961626,-0.012647120148963149,1.515242576599121,-0.8711183243146893,0.8711183243146893,0.006370135999532067,pixhawk_fused,True,0.8,0.2,gyro,-1.0,0.0,0.0,0.02853718427818887
19.92756730003748,9288.81734658,odom,turning,,0.8303873678119538,0.6983975336684122,-0.8353035194041898,1.1585860911592667,-2.025587195867646,0.12639829455961626,-0.012647120148963149,1.515242576599121,-0.8711183243146893,0.8711183243146893,0.1267166339985124,pixhawk_fused,True,0.8,0.2,gyro,-1.0,0.0,0.0,0.02853718427818887
19.92766559997108,9288.917389325,odom,turning,,0.8303873678119538,0.6983975336684122,-0.8353361823210446,1.1585860911592667,-2.025587195867646,0.1263656316427615,-0.012647120148963149,1.5152851343154907,-0.8711591527838987,0.8711591527838987,0.004119921999517828,pixhawk_fused,True,0.8,0.2,gyro,-1.0,0.0,0.0,0.02853718427818887
19.927711799973622,9289.017954514,odom,turning,,0.8303873678119538,0.6983975336684122,-0.8353361823210446,1.1585860911592667,-2.025587195867646,0.1263656316427615,-0.012647120148963149,1.5152851343154907,-0.8711591527838987,0.8711591527838987,0.10503674699975818,pixhawk_fused,True,0.8,0.2,gyro,-1.0,0.0,0.0,0.02853718427818887
20.2671180999605,9289.137265606,odom,turning,,0.8303873678119538,0.6983975336684122,-0.8353595235406107,1.1585860911592667,-2.025587195867646,0.12634229042319534,-0.012647120148963149,1.5153398513793945,-0.8711883291830104,0.8711883291830104,0.07201164599973708,pixhawk_fused,True,0.8,0.2,gyro,-1.0,0.0,0.0,0.02853718427818887
20.267226899974048,9289.23819949,odom,turning,,0.8303873678119538,0.6983975336684122,-0.8354350330255196,1.1585860911592667,-2.025587195867646,0.12626678093828647,-0.012647120148963149,1.5154304504394531,-0.8712827156395446,0.8712827156395446,0.06488530100068601,pixhawk_fused,True,0.8,0.2,gyro,-1.0,0.0,0.0,0.02853718427818887
20.267279500025325,9289.357412813,odom,turning,,0.8303873678119538,0.6983975336684122,-0.8354509432852883,1.1585860911592667,-2.025587195867646,0.1262508706785177,-0.012647120148963149,1.515453577041626,-0.8713026033811997,0.8713026033811997,0.07483013999990362,pixhawk_fused,True,0.8,0.2,gyro,-1.0,0.0,0.0,0.02853718427818887
20.60893029998988,9289.458783922,odom,turning,,0.8303873678119538,0.6983975336684122,-0.8354509432852883,1.1585860911592667,-2.025587195867646,0.1262508706785177,-0.012647120148963149,1.515453577041626,-0.8713026033811997,0.8713026033811997,0.17527137499928358,pixhawk_fused,True,0.8,0.2,gyro,-1.0,0.0,0.0,0.02853718427818887
20.609034599969164,9289.577746051,odom,turning,,0.8303873678119538,0.6983975336684122,-0.8354955505332761,1.1585860911592667,-2.025587195867646,0.12620626343052999,-0.012647120148963149,1.515512228012085,-0.8713583622104283,0.8713583622104283,0.10214746900055616,pixhawk_fused,True,0.8,0.2,gyro,-1.0,0.0,0.0,0.02853718427818887
20.60908239998389,9289.697686384,odom,turning,,0.8303873678119538,0.6983975336684122,-0.8355307694361628,1.1585860911592667,-2.025587195867646,0.12617104452764327,-0.012647120148963149,1.5155575275421143,-0.8714023856590296,0.8714023856590296,0.11344194299999799,pixhawk_fused,True,0.8,0.2,gyro,-1.0,0.0,0.0,0.02853718427818887
20.927073600003496,9289.798348575,odom,turning,,0.8303873678119538,0.6983975336684122,-0.8355724833938503,1.1585860911592667,-2.025587195867646,0.1261293305699558,-0.012647120148963149,1.5156151056289673,-0.8714545278954113,0.8714545278954113,0.09086842000033357,pixhawk_fused,True,0.8,0.2,gyro,-1.0,0.0,0.0,0.02853718427818887
20.92717859998811,9289.899161759,odom,turning,,0.8303873678119538,0.6983975336684122,-0.8356072890140143,1.1585860911592667,-2.025587195867646,0.1260945249497918,-0.012647120148963149,1.5156525373458862,-0.8714980347468312,0.8714980347468312,0.024064893999820924,pixhawk_fused,True,0.8,0.2,gyro,-1.0,0.0,0.0,0.02853718427818887
20.927227800013497,9290.017296863,odom,turning,,0.8303873678119538,0.6983975336684122,-0.835660461632345,1.1585860911592667,-2.025587195867646,0.12604135233146108,-0.012647120148963149,1.5157201290130615,-0.871564500257818,0.871564500257818,0.09572396400108119,pixhawk_fused,True,0.8,0.2,gyro,-1.0,0.0,0.0,0.02853718427818887
21.250998400035314,9290.118262412,odom,turning,,0.8303873678119538,0.6983975336684122,-0.8357027409207738,1.1585860911592667,-2.025587195867646,0.12599907304303226,-0.012647120148963149,1.5157710313796997,-0.8716173491631429,0.8716173491631429,0.04826165300073626,pixhawk_fused,True,0.8,0.2,gyro,-1.0,0.0,0.0,0.02853718427818887
21.251086000003852,9290.238069515,odom,turning,,0.8303873678119538,0.6983975336684122,-0.8357439475577811,1.1585860911592667,-2.025587195867646,0.1259578664060249,-0.012647120148963149,1.515816330909729,-0.8716688572619836,0.8716688572619836,0.055777804998797365,pixhawk_fused,True,0.8,0.2,gyro,-1.0,0.0,0.0,0.02853718427818887
21.251118700020015,9290.338368834,odom,turning,,0.8303873678119538,0.6983975336684122,-0.8357868237057621,1.1585860911592667,-2.025587195867646,0.12591499025804398,-0.012647120148963149,1.5158660411834717,-0.8717224522442352,0.8717224522442352,0.046118566000586725,pixhawk_fused,True,0.8,0.2,gyro,-1.0,0.0,0.0,0.02853718427818887
21.589192699990235,9290.457701955,odom,turning,,0.8303873678119538,0.6983975336684122,-0.8357868237057621,1.1585860911592667,-2.025587195867646,0.12591499025804398,-0.012647120148963149,1.5158660411834717,-0.8717224522442352,0.8717224522442352,0.16529835900109902,pixhawk_fused,True,0.8,0.2,gyro,-1.0,0.0,0.0,0.02853718427818887
21.5893025000114,9290.558306522,odom,turning,,0.8303873678119538,0.6983975336684122,-0.8358636885830382,1.1585860911592667,-2.025587195867646,0.12583812538076788,-0.012647120148963149,1.5159798860549927,-0.8718185329842175,0.8718185329842175,0.0751854820009612,pixhawk_fused,True,0.8,0.2,gyro,-1.0,0.0,0.0,0.02853718427818887
21.589367100037634,9290.679279879,odom,turning,,0.8303873678119538,0.6983975336684122,-0.835897088018527,1.1585860911592667,-2.025587195867646,0.12580472594527903,-0.012647120148963149,1.5160163640975952,-0.8718602821263278,0.8718602821263278,0.08860647099936614,pixhawk_fused,True,0.8,0.2,gyro,-1.0,0.0,0.0,0.02853718427818887
21.950231999973767,9290.797603592,odom,turning,,0.8303873678119538,0.6983975336684122,-0.835932210579258,1.1585860911592667,-2.025587195867646,0.125769603384548,-0.012647120148963149,1.5160470008850098,-0.8719041851688901,0.8719041851688901,0.028703279998808284,pixhawk_fused,True,0.8,0.2,gyro,-1.0,0.0,0.0,0.02853718427818887
21.950330100022256,9290.917497248,odom,turning,,0.8303622997806277,0.6984345602198133,-0.8358160654838139,1.1585413811771412,-2.02558657200743,0.12588574847999212,-0.011975733250435302,1.5160794258117676,-0.8719268482518175,0.8719268482518175,0.0354574760003743,pixhawk_fused,True,0.8,0.2,gyro,-1.0,0.0,0.0,0.028546202783456064
21.95037910004612,,mission_status,navigating,going to waypoint 2/4,0.8303622997806277,0.6984345602198133,-0.8358160654838139,,,,,,,,,,,,,,,,,
21.950399399967864,9291.03851127,odom,navigating,,0.8303622997806277,0.6984345602198133,-0.8358240408063898,1.1585413811771412,-2.02558657200743,0.12587777315741622,-0.011975733250435302,1.516075849533081,-0.8719368173754567,0.8719368173754567,0.07519683299869939,pixhawk_fused,True,0.8,0.2,gyro,-1.0,0.0,0.0,0.028546202783456064
22.30737090006005,9291.157564624,odom,navigating,,0.8313079192617635,0.697070613182563,-0.8311075762532375,1.160201057304319,-2.0255913549357505,0.13059423771056855,0.01169064845756246,1.5160839557647705,-0.8719577326881492,0.8719577326881492,0.0740012480000587,pixhawk_fused,True,0.8,0.2,gyro,-1.0,0.030879054218530655,0.405876100063324,0.028229475148564654
22.30744889995549,9291.277359308,odom,navigating,,0.8354413122837814,0.691705328214588,-0.7990837528076129,1.1669663014601164,-2.0252708987382837,0.16261806115619315,0.09078839737410839,1.4917950630187988,-0.851693875558188,0.851693875558188,0.09206616299888992,pixhawk_fused,True,0.8,0.2,gyro,-1.0,0.08948215842247009,0.7729043364524841,0.02727230662741919
22.307480299961753,9291.397500386,odom,navigating,,0.8428486044251157,0.68358590641601,-0.7312806355275505,1.1778634758012243,-2.0238410111238903,0.23042117843625554,0.17804959458147968,1.4277548789978027,-0.788743993348887,0.788743993348887,0.014629130000685109,pixhawk_fused,True,0.8,0.2,gyro,-1.0,0.12509667873382568,0.6375426054000854,0.026627955916184914
22.627236500033177,9291.499272045,odom,navigating,,0.8525533284268481,0.6743873074465107,-0.6157406856004015,1.1909601733094992,-2.0211442713648067,0.34596112836340454,0.2321877763398541,1.2997022867202759,-0.6578732481668497,0.6578732481668497,0.007767844999762019,pixhawk_fused,True,0.8,0.2,gyro,-1.0,0.16594535112380981,0.43618717789649963,0.0268143417734779
22.62735490000341,9291.61683718,odom,navigating,,0.8669648321725641,0.6617177004343797,-0.6139816693075228,1.2095965415798209,-2.0165730396109383,0.3477201446562832,0.24098446474355292,1.2997022867202759,-0.6578732481668497,0.6578732481668497,0.12670396700013953,pixhawk_fused,True,0.8,0.2,gyro,-1.0,0.18408195674419403,-0.03407864645123482,0.027800298823470442
22.62740780005697,9291.717151893,odom,navigating,,0.8783080751429655,0.6515844954398397,-0.5988882282155753,1.2243972092905888,-2.0130671531520865,0.36281358574823075,0.21187451853325856,1.275930643081665,-0.6317298633823896,0.6317298633823896,0.04907166500015592,pixhawk_fused,True,0.8,0.2,gyro,-1.0,0.17349261045455933,-0.44246506690979004,0.028461044919267302
22.96734309999738,9291.818389719,odom,navigating,,0.8873543176964721,0.6428053635103753,-0.6512290421351274,1.2367731402963205,-2.0106704901567567,0.3104727718286786,0.1571603064372544,1.330742359161377,-0.6834774379650855,0.6834774379650855,0.03597351499956858,pixhawk_fused,True,0.8,0.2,gyro,-1.0,0.13434907793998718,-0.543311357498169,0.02848821387942713
22.967451600008644,9291.938229864,odom,navigating,,0.8977070286833491,0.6312344857153068,-0.6681614080789877,1.2521862307855047,-2.0087995333698605,0.29354040588481833,0.07239010987762085,1.330742359161377,-0.6834774379650855,0.6834774379650855,0.15620733099967765,pixhawk_fused,True,0.8,0.2,gyro,-1.0,0.16482318937778473,-0.7221485376358032,0.027428045241700144
22.96750420005992,9292.057146709,odom,navigating,,0.910859285616364,0.6137580825523585,-0.7886551636934171,1.2740445251398298,-2.0080111820106157,0.1730466502703889,0.0002770741447402111,1.4602088928222656,-0.8160415180246139,0.8160415180246139,0.08477328099979786,pixhawk_fused,True,0.8,0.2,gyro,-1.0,0.23927009105682373,-0.3719094395637512,0.024092835844966184
23.328356600017287,9292.177706348,odom,navigating,,0.9269255555704413,0.5903400037935564,-0.8393872483362729,1.302443162042191,-2.00823223648038,0.12231456562753318,-0.011910882996379515,1.5159465074539185,-0.8764070327202582,0.8764070327202582,0.09119169699988561,pixhawk_fused,True,0.8,0.2,gyro,-1.0,0.28264743089675903,0.03408382087945938,0.018536593279647576
23.328464000020176,9292.298329859,odom,navigating,,0.9437967491157476,0.5658229164690729,-0.8457298077126848,1.3322036857954342,-2.008421889985954,0.11597200625112125,0.006983312179485857,1.5263851881027222,-0.8890582899371886,0.8890582899371886,0.03378624499964644,pixhawk_fused,True,0.8,0.2,gyro,-1.0,0.2884905934333801,0.23480504751205444,0.01275514806954109
23.328514100052416,9292.418197693,odom,navigating,,0.9615386677266419,0.5417255952976875,-0.827761717096171,1.362118095068551,-2.007657245314906,0.13394009686763508,0.05574277111996258,1.5154623985290527,-0.878782369613161,0.878782369613161,0.005580815000939765,pixhawk_fused,True,0.8,0.2,gyro,-1.0,0.29035985469818115,0.5451211929321289,0.007882052287188496
23.68849800003227,9292.537730373,odom,navigating,,0.9808365938368587,0.518450135751392,-0.7576413279095686,1.3922486719064093,-2.0051462079466975,0.20406048605423743,0.12064602659762998,1.4536080360412598,-0.8073593150968456,0.8073593150968456,0.07479524399968795,pixhawk_fused,True,0.8,0.2,gyro,-1.0,0.27953311800956726,0.47628524899482727,0.004683566210784418
23.68858459999319,9292.65793001,odom,navigating,,1.001418281694502,0.49663979299507566,-0.7302498271428228,1.421912081419408,-2.0007440423112848,0.23145198682098322,0.1794190747501138,1.433943271636963,-0.787797598778715,0.787797598778715,0.09479704899968056,pixhawk_fused,True,0.8,0.2,gyro,-1.0,0.28131353855133057,0.40337470173835754,0.003430315893678797
23.688642899971455,9292.778412896,odom,navigating,,1.022257788922862,0.47641244492643453,-0.6852812861652162,1.4504246767878377,-1.9952247509829508,0.27642052779858983,0.2078767208819449,1.3849666118621826,-0.7387113906736278,0.7387113906736278,0.09755937299996731,pixhawk_fused,True,0.8,0.2,gyro,-1.0,0.2698965072631836,0.2930005192756653,0.003490631037106291
24.02926820004359,9292.89909822,odom,navigating,,1.0430319492235816,0.45711694892805554,-0.6342146959534621,1.4781356117790878,-1.989225919102146,0.3274871180103439,0.2180199888048988,1.3273704051971436,-0.6774235990638636,0.6774235990638636,0.11359980499946687,pixhawk_fused,True,0.8,0.2,gyro,-1.0,0.27316614985466003,0.03355611488223076,0.004172652865503333
24.0293269000249,9293.017409185,odom,navigating,,1.0641035975785949,0.4375978100226321,-0.6256406328549181,1.5062001715359394,-1.9831110492212203,0.33606118110888794,0.20586254802474802,1.3165448904037476,-0.6636671204860114,0.6636671204860114,0.03586315000029572,pixhawk_fused,True,0.8,0.2,gyro,-1.0,0.2737501859664917,-0.16813960671424866,0.004902159702873916
24.02936399995815,9293.117973208,odom,navigating,,1.0814115377740499,0.42102574164371986,-0.6443172166221309,1.5296943313525433,-1.9783969534779553,0.3173845973416751,0.18556836918946362,1.3353203535079956,-0.681939305811634,0.681939305811634,0.023211298999740393,pixhawk_fused,True,0.8,0.2,gyro,-1.0,0.283050537109375,-0.20284000039100647,0.005115136488797538
24.388135600020178,9293.237786938,odom,navigating,,1.1014748567165467,0.40074579133234234,-0.6517672913399474,1.5578059925556806,-1.973544360766804,0.3099345226238587,0.14831402952445863,1.3353203535079956,-0.681939305811634,0.681939305811634,0.14317424499859044,pixhawk_fused,True,0.8,0.2,gyro,-1.0,0.27951905131340027,-0.3401866555213928,0.004596019988828909
24.388241000007838,9293.357874196,odom,navigating,,1.1207536234131767,0.37967755989206087,-0.6811776690433405,1.5861153134704937,-1.9697862268274027,0.2805241449204655,0.1098122897404405,1.3636404275894165,-0.7090780771369838,0.7090780771369838,0.08512518399948021,pixhawk_fused,True,0.8,0.2,gyro,-1.0,0.27105697989463806,-0.3361121118068695,0.0029648000324235596
24.388303200015798,9293.477239147,odom,navigating,,1.1395418835270053,0.35771683400021426,-0.7413404120277541,1.6148759972513684,-1.9669410083369818,0.22036140193605191,0.08947995658351168,1.436462640762329,-0.7791961968238257,0.7791961968238257,0.014796476998526487,pixhawk_fused,True,0.8,0.2,gyro,-1.0,0.27780717611312866,-0.06752929836511612,0.00035208476364946366
24.72776509996038,9293.597422735,odom,navigating,,1.1584216330926365,0.33524221431302614,-0.7451987594094119,1.6441105028660705,-1.964314764782273,0.21650305455439411,0.0975747438429369,1.4413753747940063,-0.7860427359933756,0.7860427359933756,0.026634138001099927,pixhawk_fused,True,0.8,0.2,gyro,-1.0,0.28047728538513184,0.23666292428970337,0.0025647822423400793
24.72787800000515,9293.699469874,odom,navigating,,1.174929101872891,0.3162326985869072,-0.7291400973978596,1.6691458053688686,-1.9616517134748377,0.23256171656594649,0.11854413605193785,1.42558753490448,-0.7712116124643735,0.7712116124643735,0.013719497999773012,pixhawk_fused,True,0.8,0.2,gyro,-1.0,0.28738534450531006,0.20236118137836456,0.004656020134451996
24.727935999981128,9293.817495096,odom,navigating,,1.1951131892758498,0.2940044073037974,-0.7244097611444058,1.6989245250450697,-1.9578147651948525,0.23729205281940025,0.14220287924233033,1.42558753490448,-0.7712116124643735,0.7712116124643735,0.13242688099853694,pixhawk_fused,True,0.8,0.2,gyro,-1.0,0.2804780602455139,0.16920296847820282,0.0064860877896390605
25.06976240000222,9293.937417972,odom,navigating,,1.2152942125767296,0.27278006601975846,-0.6877743402031229,1.7278780856092997,-1.9534059450504722,0.27392747376068316,0.1665482858899386,1.3854954242706299,-0.7315050898655109,0.7315050898655109,0.030241745998864644,pixhawk_fused,True,0.8,0.2,gyro,-1.0,0.2773227393627167,0.33760371804237366,0.00759934600460566
25.06987410003785,9294.039207565,odom,navigating,,1.2329510706452456,0.2551160705044114,-0.6684845877450167,1.752467432034572,-1.949030397450929,0.2932172262187893,0.18889096555933302,1.3663257360458374,-0.7129783199890308,0.7129783199890308,0.05015574099888909,pixhawk_fused,True,0.8,0.2,gyro,-1.0,0.28092658519744873,0.18775498867034912,0.007924782560166392
25.069931800011545,9294.157144551,odom,navigating,,1.253502809622744,0.23537903462086185,-0.6659320810171524,1.7804132503970347,-1.9434666040938753,0.29576973294665365,0.20165875932221325,1.3663257360458374,-0.7129783199890308,0.7129783199890308,0.16825473899916688,pixhawk_fused,True,0.8,0.2,gyro,-1.0,0.28300848603248596,-9.306828724220395e-05,0.007714201163996744
25.40867639996577,9294.257489943,odom,navigating,,1.271134653401355,0.21864650168661476,-0.6491211277115995,1.8042243312032162,-1.938578659303834,0.3125806862522066,0.20232252094649486,1.3469758033752441,-0.6921323181851559,0.6921323181851559,0.0902919620002649,pixhawk_fused,True,0.8,0.2,gyro,-1.0,0.2803305685520172,-0.03380449861288071,0.007390058671548668
25.40876090002712,9294.377803753,odom,navigating,,1.2921107830762686,0.19855515241537047,-0.6518611927080387,1.8327035500501059,-1.9328695065165211,0.3098406212557674,0.18810894980994225,1.3476775884628296,-0.6920043758577459,0.6920043758577459,0.09717360000104236,pixhawk_fused,True,0.8,0.2,gyro,-1.0,0.27484044432640076,-0.20448222756385803,0.007136992716862395
25.408814399968833,9294.497772151,odom,navigating,,1.3130516697720385,0.1777881015649398,-0.6725492446018501,1.861716793241638,-1.927575844632867,0.289152569361956,0.17053082115438684,1.3665127754211426,-0.7134698553061836,0.7134698553061836,0.02543934900131717,pixhawk_fused,True,0.8,0.2,gyro,-1.0,0.2770458161830902,-0.1349612921476364,0.007392408616823554
25.771249799989164,9294.618220105,odom,navigating,,1.3335458895882515,0.15677412376335165,-0.690059055530246,1.8906770083148356,-1.922789797011391,0.27164275843356,0.15699246885620563,1.3846336603164673,-0.7319724170840137,0.7319724170840137,0.03644970599998487,pixhawk_fused,True,0.8,0.2,gyro,-1.0,0.28048476576805115,-0.03382304310798645,0.00813641725209219
25.771353199961595,9294.737733408,odom,navigating,,1.353877435898502,0.13543977248189887,-0.7019850570125143,1.9198069133667046,-1.918320462426087,0.2597167569512917,0.14886334159009923,1.3975051641464233,-0.7448474677479617,0.7448474677479617,0.043362824000723776,pixhawk_fused,True,0.8,0.2,gyro,-1.0,0.28465238213539124,0.0,0.009223394053617988
25.771410900051706,9294.857328319,odom,navigating,,1.3740440846653632,0.1140299471470062,-0.7033360421719919,1.948904377687357,-1.9140295518624746,0.2583657717918142,0.14210752598315154,1.3975051641464233,-0.7448474677479617,0.7448474677479617,0.16298771500078146,pixhawk_fused,True,0.8,0.2,gyro,-1.0,0.2762124538421631,-0.06723251193761826,0.010479514108917037
26.109762600040995,9294.977482302,odom,navigating,,1.3933370782886911,0.09330734055500667,-0.715769778912798,1.9769383682936392,-1.9100620088440021,0.24593203505100802,0.13674024586883166,1.411698818206787,-0.7590475001050881,0.7590475001050881,0.055081229998904746,pixhawk_fused,True,0.8,0.2,gyro,-1.0,0.26187628507614136,-0.03408045321702957,0.011853295312774296
26.10984859999735,9295.097719486,odom,navigating,,1.4098883844724215,0.07531268667833702,-0.7190244833997294,2.0011663956773162,-1.906782375690046,0.2426773305640767,0.13065197432400563,1.4147580862045288,-0.7615939683033875,0.7615939683033875,0.0308213380012603,pixhawk_fused,True,0.8,0.2,gyro,-1.0,0.21825732290744781,-0.10125131160020828,0.013187173369045449
26.10990679997485,9295.198269447,odom,navigating,,1.4212247711762116,0.06289832471297041,-0.7240764438851272,2.017834069060281,-1.9045872195443887,0.2376253700786789,0.13398221090830023,1.421120285987854,-0.7687408876283817,0.7687408876283817,0.022613916000409517,pixhawk_fused,True,0.8,0.2,gyro,-1.0,0.17871567606925964,0.20134715735912323,0.01416479365679433
26.430477799964137,9295.300463351,odom,navigating,,1.4313616006047734,0.05191316396163048,-0.7197272173097269,2.0326432628606637,-1.902558218169514,0.24197459665407917,0.14081433835519197,1.4173848628997803,-0.7650121272220067,0.7650121272220067,0.010756460000266088,pixhawk_fused,True,0.8,0.2,gyro,-1.0,0.1656283140182495,0.03244074061512947,0.01495619945541032
26.43056530004833,9295.417288535,odom,navigating,,1.4409671343062715,0.04169836240505942,-0.7174318699094563,2.0465166663374905,-1.9005242259129136,0.24426994405434976,0.1522965829831305,1.4173848628997803,-0.7650121272220067,0.7650121272220067,0.1288589680007135,pixhawk_fused,True,0.8,0.2,gyro,-1.0,0.11924347281455994,0.06818480044603348,0.01556676865266173
26.430617699981667,9295.518396366,odom,navigating,,1.4472645663934873,0.035134353197367796,-0.7040767031752567,2.055503164791302,-1.8991147177322327,0.2576251107885493,0.15699246885620563,1.4018715620040894,-0.7494934564693622,0.7494934564693622,0.03665179400013585,pixhawk_fused,True,0.8,0.2,gyro,-1.0,0.09005697071552277,-0.10143179446458817,0.01587191578900664
26.788405400002375,9295.638061132,odom,navigating,,1.4523124478570717,0.029900015932041724,-0.7017445246117526,2.0626842117808657,-1.8979693103762,0.2599572893520534,0.161062752743809,1.4009225368499756,-0.7475955894752196,0.7475955894752196,0.05073546400126361,pixhawk_fused,True,0.8,0.2,gyro,-1.0,0.06173650547862053,0.135244682431221,0.016097017527830458
26.788512200000696,9295.757723417,odom,navigating,,1.4557008864147234,0.02643356080945025,-0.699312851975375,2.0674658923808322,-1.897173472694367,0.2623889619884311,0.17322781072119967,1.4009225368499756,-0.7475955894752196,0.7475955894752196,0.17041754400088394,pixhawk_fused,True,0.8,0.2,gyro,-1.0,0.05402754247188568,0.16908124089241028,0.01621435871760796
26.78857269999571,9295.877228022,odom,navigating,,1.4595410137276423,0.022647808323826513,-0.6911842465096381,2.0727678724006955,-1.8961898530876071,0.270517567454168,0.2057442939448027,1.3986008167266846,-0.7455550842243037,0.7455550842243037,0.11202619299911021,pixhawk_fused,True,0.8,0.2,gyro,-1.0,0.05444677546620369,0.4430224597454071,0.016245086255708946
27.151465700007975,,mission_status,reached,reached waypoint 2/4,1.4595410137276423,0.022647808323826513,-0.6911842465096381,,,,,,,,,,,,,,,,,
27.15153549995739,,mission_status,turning,aligning for waypoint 3/4,1.4595410137276423,0.022647808323826513,-0.6911842465096381,,,,,,,,,,,,,,,,,
27.15157210000325,9295.997405751,odom,turning,,1.4625736082868104,0.0198550351686565,-0.6508194455018635,2.0767934344192285,-1.8953004363734183,0.3108823684619425,0.223272834994508,1.3530898094177246,-0.6994897378715477,0.6994897378715477,0.07287997200000973,pixhawk_fused,True,0.8,0.2,gyro,-1.0,0.020645923912525177,-0.20352840423583984,0.01612836188340856
27.151642399956472,9296.118129145,odom,turning,,1.4638568059477512,0.01866141076962291,-0.6342656404476045,2.0785065545715518,-1.8949309031723163,0.3274361735162016,0.19686750804660635,1.327447533607483,-0.6721996201309166,0.6721996201309166,0.04166761000124097,pixhawk_fused,True,0.8,0.2,gyro,-1.0,0.018149839714169502,-0.23856255412101746,0.016087496106370974
27.15169239998795,9296.237817229,odom,turning,,1.4657662518090862,0.016765945306142394,-0.6824886990677486,2.081153593466784,-1.8944492830857926,0.2792131148960575,0.15630964394549213,1.381503701210022,-0.7223389458539686,0.7223389458539686,0.05399744099850068,pixhawk_fused,True,0.8,0.2,gyro,-1.0,0.02579834684729576,-0.33909499645233154,0.01611212505145504
27.472358400002122,9296.357558776,odom,turning,,1.4681941839686028,0.01412211828183485,-0.7197911393484685,2.084711052370134,-1.8939705743469426,0.24191067461533755,0.10220960077841487,1.4151034355163574,-0.7554420333984099,0.7554420333984099,0.05098677299974952,pixhawk_fused,True,0.8,0.2,gyro,-1.0,0.03597339615225792,-0.472836434841156,0.01631077836088242
27.472466100007296,9296.458282589,odom,turning,,1.470311870996803,0.011562837127642944,-0.7891898905192972,2.08802167058147,-1.8936979474326798,0.17251192344450883,0.052149326354962194,1.4888733625411987,-0.8296753221633635,0.8296753221633635,0.0167705929998192,pixhawk_fused,True,0.8,0.2,gyro,-1.0,0.0411473847925663,-0.5408436059951782,0.016665430927990096
27.472519199945964,9296.559831113,odom,turning,,1.4724829226429825,0.008642454173796943,-0.8155193943780302,2.09165898359243,-1.8935881480347159,0.14618241958577582,-0.0026945750363429545,1.5085432529449463,-0.8488764721038542,0.8488764721038542,0.07093258399982005,pixhawk_fused,True,0.8,0.2,gyro,-1.0,0.03985472768545151,-0.5238528847694397,0.017241428199080804
27.808759600040503,9296.677156951,odom,turning,,1.474840887623874,0.005038306827477634,-0.8690153037698953,2.095964034987598,-1.8937162473323406,0.09268651019391072,-0.0676092826076414,1.560065507888794,-0.8995183651926718,0.8995183651926718,0.0109296020000329,pixhawk_fused,True,0.8,0.2,gyro,-1.0,0.03889251872897148,-0.5112055540084839,0.018176621097744657
27.808819300029427,9296.797365443,odom,turning,,1.476980915041815,0.0012504385770917281,-0.966755886605429,2.100295080558421,-1.8941282030281104,-0.005054072641622942,-0.13318393461012426,1.6661981344223022,-1.005299564647933,1.005299564647933,0.02241786900049192,pixhawk_fused,True,0.8,0.2,gyro,-1.0,0.04104890301823616,-0.5395491719245911,0.01450240623017786
27.808851500041783,9296.897959983,odom,turning,,1.4784628178995673,-0.001773899525997824,-0.9769052719997852,2.103623374809202,-1.8946430956594715,-0.015203458035979112,-0.18393847223976134,1.6661981344223022,-1.005299564647933,1.005299564647933,0.12314442299975781,pixhawk_fused,True,0.8,0.2,gyro,-1.0,0.03871693089604378,-0.508897602558136,0.01116675042780492
28.168605800019577,9297.017356431,odom,turning,,1.4801322308799825,-0.005742742486572139,-1.0372633773004274,2.1078335994515833,-1.8955445736711638,-0.07556156333662134,-0.24883791458356722,1.7254189252853394,-1.0645231366636954,1.0645231366636954,0.048454457999469014,pixhawk_fused,True,0.8,0.2,gyro,-1.0,0.04103662818670273,-0.5393878221511841,0.006943454544610672
28.16869039996527,9297.137788045,odom,turning,,1.481621718558938,-0.010070108971664049,-1.126691756253796,2.1122349332733754,-1.8967987406581341,-0.16498994228998987,-0.3178228893330079,1.820357084274292,-1.1590600072624886,1.1590600072624886,0.053503772998737986,pixhawk_fused,True,0.8,0.2,gyro,-1.0,0.04105300083756447,-0.539603054523468,0.002523771155451115
28.16877160000149,9297.257593539,odom,turning,,1.4827993455417665,-0.014446916895365924,-1.140340670608435,2.116498393987497,-1.8983369719966552,-0.17863885664462886,-0.38613269843127757,1.820357084274292,-1.1590600072624886,1.1590600072624886,0.17303483300020162,pixhawk_fused,True,0.8,0.2,gyro,-1.0,0.04372783377766609,-0.5747612118721008,0.0017623233676334847
28.488098899950273,9297.358390503,odom,turning,,1.4835330570255223,-0.018052503043498147,-1.1961895780250378,2.119875349335103,-1.8997980526218339,-0.23448776406123173,-0.44158312369068364,1.8766577243804932,-1.2150082721593582,1.2150082721593582,0.09470257399880211,pixhawk_fused,True,0.8,0.2,gyro,-1.0,0.04084727540612221,-0.5368989706039429,0.005160853268575721
28.488183700013906,9297.476869545,odom,turning,,1.4841764030913671,-0.022674220994935324,-1.323258257939695,2.124034001532986,-1.9019146023803126,-0.36155644397588893,-0.5119185109378964,2.017094612121582,-1.3562441202285491,1.3562441202285491,0.027953686998444027,pixhawk_fused,True,0.8,0.2,gyro,-1.0,0.04887228459119797,-0.6423801779747009,0.009350841579657182
28.48822589998599,9297.577480385,odom,turning,,1.4844635004106561,-0.026567518913474863,-1.3527221208507332,2.1273914092605,-1.9039065880490555,-0.3910203068869271,-0.5707602434641993,2.0399041175842285,-1.378367471325656,1.378367471325656,0.07479127999977209,pixhawk_fused,True,0.8,0.2,gyro,-1.0,0.04618692770600319,-0.6070836782455444,0.012737804050326174
28.8476771999849,9297.697714586,odom,turning,,1.4845009058911498,-0.03145827253774047,-1.4126250333565296,2.1314240416948107,-1.9066740319659188,-0.4509232193927235,-0.6444830787965121,2.097162961959839,-1.4348202243330679,1.4348202243330679,0.0245473850009148,pixhawk_fused,True,0.8,0.2,gyro,-1.0,0.04618462175130844,-0.6070533990859985,0.016811567902649264
28.847763799945824,9297.819715722,odom,turning,,1.484162266130185,-0.03649800779246526,-1.5223330571643596,2.135363718956982,-1.909835131678891,-0.5606312432005536,-0.7206168034223028,2.2140519618988037,-1.5529136484148702,1.5529136484148702,0.0383876779997081,pixhawk_fused,True,0.8,0.2,gyro,-1.0,0.046005453914403915,-0.6046983599662781,0.02079830259818411
28.847805400029756,9297.937224263,odom,turning,,1.4834885522659798,-0.04122786957183122,-1.5367155161064727,2.1388575441183297,-1.9130937615389185,-0.5750137021426667,-0.7926229839954433,2.2140519618988037,-1.5529136484148702,1.5529136484148702,0.1563657749993581,pixhawk_fused,True,0.8,0.2,gyro,-1.0,0.05129578337073326,-0.6742348074913025,0.024340701134591573
29.169843600015156,9298.037657869,odom,turning,,1.4826749293397967,-0.04509564024942625,-1.6419181514682186,2.141564265640864,-1.9159739162014189,-0.6802163375044126,-0.852197150525691,2.331725597381592,-1.669501547622939,1.669501547622939,0.0616569059984613,pixhawk_fused,True,0.8,0.2,gyro,-1.0,0.04380447790026665,-0.5757686495780945,0.027090397508541347
29.16994789999444,9298.157625543,odom,turning,,1.4814741904753896,-0.049413472815051485,-1.7006223832000051,2.1444186340811155,-1.9194290620293932,-0.7389205692361991,-0.9197515779363918,2.387026786804199,-1.7259952608826359,1.7259952608826359,0.06758483900011925,pixhawk_fused,True,0.8,0.2,gyro,-1.0,0.04602855071425438,-0.6050019860267639,0.029996364599634562
29.169999800040387,9298.258323219,odom,turning,,1.4802225421388506,-0.053024423237798546,-1.7121183076902184,2.14666411495084,-1.9225215371186382,-0.7504164937264124,-0.9773459302510528,2.387026786804199,-1.7259952608826359,1.7259952608826359,0.1678664180017222,pixhawk_fused,True,0.8,0.2,gyro,-1.0,0.03953716531395912,-0.5196788311004639,0.03228806296926567
29.5285863999743,9298.376996759,odom,turning,,1.4784172350152178,-0.05732356883634526,-1.7683030064703136,2.1491572683261984,-1.9264618382410248,-0.8066011925065075,-1.0476317344813058,2.440540075302124,-1.7786718117478093,1.7786718117478093,0.1092059029997472,pixhawk_fused,True,0.8,0.2,gyro,-1.0,0.04645799100399017,-0.6106465458869934,0.03484014627652107
29.528670700034127,9298.49737146,odom,turning,,1.47646010063884,-0.06121569268583604,-1.8947679749800734,2.151229731962767,-1.9302937956392843,-0.9330661610162674,-1.1132941343323242,2.5831408500671387,-1.9202914466741283,1.9202914466741283,0.03430749499966623,pixhawk_fused,True,0.8,0.2,gyro,-1.0,0.04136030003428459,-0.5436422228813171,0.03696995925071596
29.528717100038193,9298.616791252,odom,turning,,1.4740892634428215,-0.06523007503016398,-1.9262293230181342,2.1531657781655023,-1.9345350053390458,-0.9645275090543282,-1.1835684818520642,2.604681968688965,-1.9420707758548459,1.9420707758548459,0.05063973400137911,pixhawk_fused,True,0.8,0.2,gyro,-1.0,0.0411432720720768,-0.5407896041870117,0.03896952008473486
29.849430899950676,9298.717101274,odom,turning,,1.4723815802788647,-0.06776055930489722,-2.028314244954646,2.1542641880519517,-1.9373833431305452,-1.0666124309908398,-1.2498412036281907,2.7154088020324707,-2.05308837853696,2.05308837853696,0.035922102000768064,pixhawk_fused,True,0.8,0.2,gyro,-1.0,0.020640745759010315,-0.8817353248596191,0.040110608306697916
29.849543199990876,9298.818170992,odom,turning,,1.4704900512210464,-0.07016016094513655,-2.0907760251610004,2.1551500695582515,-1.9403075839149553,-1.1290742111971943,-1.3121275335862705,2.779572010040283,-2.1155939680221283,2.1155939680221283,0.02977886200096691,pixhawk_fused,True,0.8,0.2,gyro,-1.0,0.03888664022088051,-0.5111282467842102,0.041040332750541274
29.849603799986653,9298.937871365,odom,turning,,1.4681394961567908,-0.07281150766235556,-2.1014334111507793,2.155979803645138,-1.9437523320726677,-1.1397315971869733,-1.3655218893960193,2.779572010040283,-2.1155939680221283,2.1155939680221283,0.1495388820003427,pixhawk_fused,True,0.8,0.2,gyro,-1.0,0.03335057199001312,-0.43836188316345215,0.041921737850200896
30.173438800033182,9299.05816581,odom,turning,,1.4661305587387168,-0.07486324238622666,-2.1819101021924165,2.1565132041295647,-1.9465738438748919,-1.2202082882286105,-1.411492834917924,2.86879301071167,-2.204673155355712,2.204673155355712,0.07339887099988118,pixhawk_fused,True,0.8,0.2,gyro,-1.0,0.02301439829170704,-0.3697216808795929,0.04249747734968999
30.17353649996221,9299.158515388,odom,turning,,1.4653425437775287,-0.07559676342449473,-2.192982669224392,2.15666397034836,-1.947639813030125,-1.231280855260586,-1.4669966124385971,2.86879301071167,-2.204673155355712,2.204673155355712,0.1738184090008872,pixhawk_fused,True,0.8,0.2,gyro,-1.0,0.01285855658352375,-0.5746463537216187,0.04266424500903052
30.1735843999777,9299.258651458,odom,turning,,1.4650965084593972,-0.0757939993270178,-2.235347038442979,2.1566849736422884,-1.947954446532245,-1.273645224479173,-1.5299392203013045,2.9064183235168457,-2.241924250442048,2.241924250442048,0.0943673170004331,pixhawk_fused,True,0.8,0.2,gyro,-1.0,0.007730459328740835,-0.5758669972419739,0.042689973972019755
30.489158399985172,9299.376683954,odom,turning,,1.4646282148120346,-0.07613968408956684,-2.290201926942433,2.1567005701476814,-1.9485363001600915,-1.3285001129786271,-1.5887388515806864,2.9624452590942383,-2.2958002926888668,2.2958002926888668,0.09602731199993286,pixhawk_fused,True,0.8,0.2,gyro,-1.0,8.99964391010144e-07,-0.47317904233932495,0.04271431231031206
30.489281499991193,9299.476807488,odom,turning,,1.4642904348315517,-0.07636060399995304,-2.395157829201398,2.1566885088501775,-1.9489397297662467,-1.433456015237592,-1.6273321043802804,3.0885844230651855,-2.4172741028251847,2.4172741028251847,0.009480488999543013,pixhawk_fused,True,0.8,0.2,gyro,-1.0,0.005184884648770094,-0.4089026153087616,0.04270831476650415
30.48936110001523,9299.577268806,odom,turning,,1.4636395720357767,-0.07675352198961727,-2.428527253783607,2.156638392079516,-1.949698343788543,-1.4668254398198008,-1.6455855337840382,3.1264498233795166,-2.4544173110755882,2.4544173110755882,0.0016329400004906347,pixhawk_fused,True,0.8,0.2,gyro,-1.0,0.005106922704726458,-0.06712569296360016,0.04266960345127396
30.812185000046156,9299.677313491,odom,turning,,1.463523511230081,-0.07682231233481696,-2.428933566538421,2.1566284103160647,-1.9498328896417298,-1.4672317525746148,-1.6476188068548814,3.1264498233795166,-2.4544173110755882,2.4544173110755882,0.10138554300101532,pixhawk_fused,True,0.8,0.2,gyro,-1.0,0.0,0.0,0.042661644653819275
30.812284899991937,9299.79681597,odom,turning,,1.463523511230081,-0.07682231233481696,-2.430470830210966,2.1566284103160647,-1.9498328896417298,-1.4687690162471598,-1.6476188068548814,3.128873825073242,-2.4563384861401074,2.4563384861401074,0.10754711600020528,pixhawk_fused,True,0.8,0.2,gyro,-1.0,0.0,0.0,0.042661644653819275
30.81238260003738,9299.898426616,odom,turning,,1.4631751623978642,-0.07702626395433854,-2.4315027472450574,2.1565963854916586,-1.9502352794808588,-1.4698009332812514,-1.6536993605261217,3.1290335655212402,-2.4561096739382275,2.4561096739382275,0.030183145998307737,pixhawk_fused,True,0.8,0.2,gyro,-1.0,0.010264272801578045,-0.13491420447826385,0.04263567021254562
31.14881849999074,9300.018310007,odom,turning,,1.4618482257038439,-0.07777922998883213,-2.440139455943304,2.1564547692226936,-1.9517543791060983,-1.4784376419794978,-1.678052442684314,3.1340034008026123,-2.460823852083159,2.460823852083159,0.10671920200002205,pixhawk_fused,True,0.8,0.2,gyro,-1.0,0.020423637703061104,-0.26844948530197144,0.042516897651622025
31.148927600006573,9300.137185972,odom,turning,,1.4607406644453722,-0.07837561617855804,-2.45452050740157,2.1563102416060556,-1.9530039711181535,-1.492818693437764,-1.7091993849323095,-3.137190103530884,-2.471024753114653,2.471024753114653,0.07389655999941169,pixhawk_fused,True,0.8,0.2,gyro,-1.0,3.847175946702919e-07,-0.20252785086631775,0.04239116414403271
31.148987199994735,9300.238160387,odom,turning,,1.4609797099711224,-0.07825450378182652,-2.502251454374127,2.156347673218998,-1.952738622573074,-1.540549640410321,-1.742959477873183,-3.085993766784668,-2.522238640806151,2.522238640806151,0.06766602999960014,pixhawk_fused,True,0.8,0.2,gyro,-1.0,-0.0025529549457132816,-0.3691180348396301,0.042424604101590456
31.489744700025767,9300.339982975,odom,turning,,1.4604450687386241,-0.07849053734619249,-2.5349354792567795,2.1562353783801713,-1.9533121580647113,-1.5732336652929735,-1.774816030159054,-3.0515921115875244,-2.555129061958266,2.555129061958266,0.05455139300102019,pixhawk_fused,True,0.8,0.2,gyro,-1.0,0.011733741499483585,-0.15422898530960083,0.04232094053859043
31.489852000027895,9300.457640916,odom,turning,,1.4602820198303483,-0.07856066503955339,-2.5354692889498467,2.156199610394471,-1.9534860071114875,-1.5737674749860406,-1.777490053192955,-3.0515921115875244,-2.555129061958266,2.555129061958266,0.1720118410012219,pixhawk_fused,True,0.8,0.2,gyro,-1.0,0.0,0.0,0.0422877890449666
31.489905299968086,,mission_status,navigating,going to waypoint 3/4,1.4602820198303483,-0.07856066503955339,-2.5354692889498467,,,,,,,,,,,,,,,,,
31.489927100017667,9300.577967926,odom,navigating,,1.4602820198303483,-0.07856066503955339,-2.544711665748064,2.156199610394471,-1.9534860071114875,-1.5830098517842581,-1.777490053192955,-3.0264809131622314,-2.5666771829337605,2.5666771829337605,0.09938519500065013,pixhawk_fused,True,0.8,0.2,gyro,-1.0,0.0,0.0,0.0422877890449666
31.84913330001291,9300.696632478,odom,navigating,,1.459621248937617,-0.0788448757208785,-2.541993862947812,2.156054666871022,-1.9541905532484225,-1.580292048984006,-1.7666486826798515,-3.0262954235076904,-2.5659870441066825,2.5659870441066825,0.11272687800010317,pixhawk_fused,True,0.8,0.2,gyro,-1.0,0.015556223690509796,0.2044719159603119,0.0421534491986969
31.84924420004245,9300.817094298,odom,navigating,,1.45566867323451,-0.08066191713231519,-2.5339669900902453,2.155283575644412,-1.9584718979553941,-1.5722651761264392,-1.7308057790995062,-3.0286383628845215,-2.5649086968968415,2.5649086968968415,0.05500532199948793,pixhawk_fused,True,0.8,0.2,gyro,-1.0,0.07192882150411606,0.3376559615135193,0.04144678139076069
31.849302000016905,9300.936892475,odom,navigating,,1.444251353297986,-0.08634056319259231,-2.4872069234671854,2.1534088756962215,-1.9710848958430933,-1.5255051095033794,-1.7078299198007005,-3.0825095176696777,-2.512206777013352,2.512206777013352,0.014596359998904518,pixhawk_fused,True,0.8,0.2,gyro,-1.0,0.1475575566291809,0.10212787985801697,0.039761830364526594
32.16957140003797,9301.036989478,odom,navigating,,1.4304865775440614,-0.09343918236338122,-2.4859918190033867,2.1513557517263395,-1.986435600310707,-1.5242900050395807,-1.7017492126623648,-3.0825095176696777,-2.512206777013352,2.512206777013352,0.11464604899992992,pixhawk_fused,True,0.8,0.2,gyro,-1.0,0.20191042125225067,6.670095172012225e-05,0.037939615353942455
32.16969670006074,9301.137039093,odom,navigating,,1.4144405176881476,-0.1016844340821933,-2.4778955558029994,2.1489378774836756,-2.004313354558733,-1.5161937418391933,-1.7112058845562317,-3.09401273727417,-2.4997283312449956,2.4997283312449956,0.0659700910000538,pixhawk_fused,True,0.8,0.2,gyro,-1.0,0.212270125746727,-0.06805098056793213,0.03579066557821479
32.16975070000626,9301.257801741,odom,navigating,,1.392331156284608,-0.11257483905697951,-2.489119571427496,2.1452205024117004,-2.028677383469433,-1.52741775746369,-1.7348798930284484,-3.083923578262329,-2.5078468136037495,2.5078468136037495,0.0734631380000792,pixhawk_fused,True,0.8,0.2,gyro,-1.0,0.24993672966957092,-0.10152137279510498,0.032439831840268524
32.51334980002139,9301.377579258,odom,navigating,,1.3680431028286923,-0.1239018716940039,-2.508703299360377,2.140614750392563,-2.0550781080310023,-1.547001485396571,-1.7538503885547465,-3.0652267932891846,-2.5275834463084843,2.5275834463084843,0.08445270299853291,pixhawk_fused,True,0.8,0.2,gyro,-1.0,0.26424604654312134,-0.16869153082370758,0.028231327168974148
32.51345940004103,9301.498460735,odom,navigating,,1.3424276784962208,-0.1353186322093507,-2.5400241648657422,2.135323168042961,-2.0826188331600677,-1.5783223509019362,-1.7687545300907945,-3.0315921306610107,-2.562999966620913,2.562999966620913,0.011237296999752289,pixhawk_fused,True,0.8,0.2,gyro,-1.0,0.27484044432640076,-0.13632144033908844,0.02335420055119591
32.513510899967514,9301.600595039,odom,navigating,,1.319915787648281,-0.1450587927507615,-2.5408310091137603,2.1304321039518412,-2.106654919550713,-1.5791291951499542,-1.7727941740534208,-3.0315921306610107,-2.562999966620913,2.562999966620913,0.11353464999956486,pixhawk_fused,True,0.8,0.2,gyro,-1.0,0.2804015874862671,0.05952638387680054,0.01882488228273015
32.86863939999603,9301.717449439,odom,navigating,,1.2935742474573213,-0.1565472325954682,-2.5452888061388026,2.124783881512262,-2.134832190053202,-1.5835869921749965,-1.7586073366505937,-3.023639440536499,-2.572112926311305,2.572112926311305,0.053537839999989956,pixhawk_fused,True,0.8,0.2,gyro,-1.0,0.2825990617275238,0.2027014046907425,0.013600721298852673
32.868697899975814,9301.83693356,odom,navigating,,1.266526422369705,-0.16908844946682877,-2.532580615636474,2.1195950281448463,-2.1641910518042344,-1.570878801672668,-1.7241606127714602,-3.0327208042144775,-2.5648366734455137,2.5648366734455137,0.06718777199967008,pixhawk_fused,True,0.8,0.2,gyro,-1.0,0.2788392901420593,0.36987048387527466,0.008853633451158225
32.86876580002718,9301.957872498,odom,navigating,,1.239832518153354,-0.1828138187466687,-2.507119255310393,2.115579863796575,-2.1939371227958135,-1.545417441346587,-1.6781362926303356,-3.0533456802368164,-2.54451568872433,2.54451568872433,0.07301848700080882,pixhawk_fused,True,0.8,0.2,gyro,-1.0,0.28860077261924744,0.33860087394714355,0.005285920743089075
33.20884690003004,9302.076689827,odom,navigating,,1.2143646269626873,-0.19732189045886583,-2.4713136117269525,2.11290807844612,-2.223125462754554,-1.5096117977631465,-1.6416982566413385,-3.0885748863220215,-2.5088681432376414,2.5088681432376414,0.11112196000067343,pixhawk_fused,True,0.8,0.2,gyro,-1.0,0.2808314561843872,0.2683645188808441,0.003053054246389953
33.20893239998259,9302.178467368,odom,navigating,,1.193793654440988,-0.20987243036606335,-2.422907924613954,2.1114324410825747,-2.247177561557402,-1.4612061106501482,-1.6193822930127495,3.140989303588867,-2.453940707422307,2.453940707422307,0.09515927999927953,pixhawk_fused,True,0.8,0.2,gyro,-1.0,0.27316614985466003,0.10066858679056168,0.0019390176774205768
33.208968300023116,9302.297085432,odom,navigating,,1.1693165507928778,-0.22556385359200698,-2.399074066995014,2.1102980552570196,-2.276230315895929,-1.437372253031208,-1.5997404374046325,3.11588454246521,-2.4290592362652332,2.4290592362652332,0.10909064900079102,pixhawk_fused,True,0.8,0.2,gyro,-1.0,0.2773705720901489,0.10230974107980728,0.0012413396483719331
33.57061950000934,9302.41882031,odom,navigating,,1.145372968324164,-0.2414447212562098,-2.3829558378791527,2.1096242862240593,-2.3049538799939695,-1.4212540239153466,-1.5882697143921007,3.100247383117676,-2.4117797054420027,2.4117797054420027,0.05244706799931009,pixhawk_fused,True,0.8,0.2,gyro,-1.0,0.27523481845855713,0.10134053230285645,0.0009992796152107411
33.57072479999624,9302.537860248,odom,navigating,,1.1216953996286854,-0.2572358671832545,-2.381091636989493,2.1090291235782774,-2.333407936478826,-1.4193898230256872,-1.59909967268412,3.093416929244995,-2.4067445012419286,2.4067445012419286,0.04458129599879612,pixhawk_fused,True,0.8,0.2,gyro,-1.0,0.2675783336162567,-0.06763596832752228,0.0008317671657585867
33.5707790000597,9302.657910816,odom,navigating,,1.0979972398515487,-0.27242829234239396,-2.386629451365858,2.1079311295986383,-2.3615363379310845,-1.424927637402052,-1.6268248464762718,3.093416929244995,-2.4067445012419286,2.4067445012419286,0.16398647999994864,pixhawk_fused,True,0.8,0.2,gyro,-1.0,0.2639819383621216,-0.3031000792980194,0.0001565864963753226
33.90776149998419,9302.77736898,odom,navigating,,1.0732944406632485,-0.28732583386242033,-2.4033013375755257,2.106016502596643,-2.390320000563238,-1.4415995236117196,-1.6504378776508666,3.1093366146087646,-2.4216854544966284,2.4216854544966284,0.10616775499875075,pixhawk_fused,True,0.8,0.2,gyro,-1.0,0.2719283998012543,-0.13478805124759674,0.0013252882869590585
33.907874800032005,9302.896396474,odom,navigating,,1.0481467662981159,-0.3017375599927975,-2.4393380909546893,2.10344890190221,-2.419190587718779,-1.4776362769908833,-1.6687483230025177,-3.1337504386901855,-2.4621441990076365,2.4621441990076365,0.11188265999953728,pixhawk_fused,True,0.8,0.2,gyro,-1.0,0.28598883748054504,-0.10159601271152496,0.0034587568063062994
33.907932100002654,9302.996813881,odom,navigating,,1.0269768127591608,-0.3135388403854927,-2.4629566676599692,2.1010160550143695,-2.4433052804966033,-1.5012548536961632,-1.6728072505928597,-3.1061840057373047,-2.4906470893784225,2.4906470893784225,0.023168644000179484,pixhawk_fused,True,0.8,0.2,gyro,-1.0,0.2851830720901489,0.0,0.005528954209199863
34.247866000048816,9303.097576387,odom,navigating,,1.0060286939808836,-0.3251797969752192,-2.4667294025883137,2.0985786331516136,-2.4671463065931385,-1.5050275886245077,-1.674172884600635,-3.101621150970459,-2.4950211895792545,2.4950211895792545,0.00970203799988667,pixhawk_fused,True,0.8,0.2,gyro,-1.0,0.2731955051422119,-0.06784269213676453,0.007607838497039623
34.24795079999603,9303.21744491,odom,navigating,,0.980561498153393,-0.3393242996496674,-2.4656472872890327,2.095609058524863,-2.496126069286428,-1.5039454733252267,-1.6687598538010815,-3.101621150970459,-2.4950211895792545,2.4950211895792545,0.1299936750001507,pixhawk_fused,True,0.8,0.2,gyro,-1.0,0.2885124981403351,0.10067857801914215,0.010141594964582357
34.24800350004807,9303.337203068,odom,navigating,,0.9550612885961347,-0.35385364799521074,-2.461402835992147,2.0929362334073813,-2.525353088578542,-1.499701022028341,-1.6498389432350908,-3.103285312652588,-2.4944447261919067,2.4944447261919067,0.07179305600038788,pixhawk_fused,True,0.8,0.2,gyro,-1.0,0.28303641080856323,0.2028297483921051,0.012374919871276499
34.56911120004952,9303.457280159,odom,navigating,,0.9300518606199402,-0.36885174817773964,-2.423358392390147,2.0909286512332454,-2.5544457699708736,-1.461656578426341,-1.6234259505339266,3.1401429176330566,-2.453493202254622,2.453493202254622,0.003694014998472994,pixhawk_fused,True,0.8,0.2,gyro,-1.0,0.2722274959087372,0.23863467574119568,0.013945095663702398
34.56921570003033,9303.557448303,odom,navigating,,0.9094979422850149,-0.3818716299562962,-2.4194452368516726,2.089847709432836,-2.578752403741729,-1.4577434228878665,-1.6038565641506826,3.1401429176330566,-2.453493202254622,2.453493202254622,0.1040211339986854,pixhawk_fused,True,0.8,0.2,gyro,-1.0,0.28035855293273926,0.16903898119926453,0.014660656304369619
34.56926889996976,9303.65793336,odom,navigating,,0.88949255182433,-0.39498833764020497,-2.4120779324413837,2.0891600075217247,-2.6026645499028547,-1.4503761184775776,-1.5977683594874292,3.1335034370422363,-2.4458061545346665,2.4458061545346665,0.09289516500030004,pixhawk_fused,True,0.8,0.2,gyro,-1.0,0.2710030972957611,0.0,0.014988949477152848
34.90724800003227,9303.758207481,odom,navigating,,0.8698939519282478,-0.407854748288114,-2.397036602848784,2.0884997554601044,-2.626099858905777,-1.4353347888849781,-1.6004500395802923,3.1149611473083496,-2.426335325360744,2.426335325360744,0.07413162000011653,pixhawk_fused,True,0.8,0.2,gyro,-1.0,0.2708350419998169,-0.03381437063217163,0.015296961397034865
34.90733389998786,9303.878034155,odom,navigating,,0.8481992440110395,-0.42197695509615857,-2.4002996053716914,2.087670229326623,-2.6519727977248606,-1.4385977914078854,-1.6092390213149879,3.116440773010254,-2.4282176575516154,2.4282176575516154,0.09180314900004305,pixhawk_fused,True,0.8,0.2,gyro,-1.0,0.23345962166786194,-0.10108637064695358,0.015737597679118073
34.90738740004599,9303.996463065,odom,navigating,,0.8300288825933143,-0.43351339456191806,-2.4164716844738368,2.0867363105837144,-2.6734758036863426,-1.4547698705100307,-1.6207556286087965,3.133504867553711,-2.445552893385737,2.445552893385737,0.012476734998926986,pixhawk_fused,True,0.8,0.2,gyro,-1.0,0.17370696365833282,-0.10229083895683289,0.01634828236134511
35.20857639994938,9304.096970104,odom,navigating,,0.8168950952713678,-0.44170811495201767,-2.417145065732016,2.085943176296149,-2.6889360995985148,-1.4554432517682099,-1.6241240921641538,3.133504867553711,-2.445552893385737,2.445552893385737,0.1126042679989041,pixhawk_fused,True,0.8,0.2,gyro,-1.0,0.1788831204175949,-0.034135233610868454,0.016909003114216014
35.20868679997511,9304.197317206,odom,navigating,,0.8056472181894382,-0.4486917400447859,-2.424188190913658,2.085235718811541,-2.70215673733631,-1.4624863769498517,-1.6275457727684117,3.141270637512207,-2.453500870079248,2.453500870079248,0.09667608700146957,pixhawk_fused,True,0.8,0.2,gyro,-1.0,0.14258433878421783,-0.1022256463766098,0.01741771238759607
35.208742600050755,9304.297439041,odom,navigating,,0.7965113567970491,-0.45431770124182913,-2.4276477354561887,2.0846230880797196,-2.712868417239948,-1.4659459214923827,-1.628224774301047,-3.137800931930542,-2.457655228138416,2.457655228138416,0.021863619000214385,pixhawk_fused,True,0.8,0.2,gyro,-1.0,0.12183867394924164,0.03407353162765503,0.017869308067591044
35.54897759994492,9304.417311923,odom,navigating,,0.7872793091274988,-0.46001659093972314,-2.427101635181527,2.0840152402762184,-2.723700710118623,-1.4653998212177208,-1.6254934137719919,-3.137800931930542,-2.457655228138416,2.457655228138416,0.1423342390007747,pixhawk_fused,True,0.8,0.2,gyro,-1.0,0.09192004054784775,-0.06712240725755692,0.01831430889167031
35.54908979998436,9304.517772615,odom,navigating,,0.7813600461580744,-0.46368677653282,-2.4264973666934644,2.083638844612744,-2.7306552958498864,-1.4647955527296583,-1.6248259618342016,-3.134937047958374,-2.4570667497780914,2.4570667497780914,0.050980717000129516,pixhawk_fused,True,0.8,0.2,gyro,-1.0,0.06935993582010269,0.033765580505132675,0.018586154544947518
35.54914560006,9304.637150978,odom,navigating,,0.7761059678286979,-0.46696749178378316,-2.4226156456356027,2.083323587250408,-2.7368414937488077,-1.4609138316717967,-1.6153463334382618,-3.137491464614868,-2.454584093854278,2.454584093854278,0.06367481500092254,pixhawk_fused,True,0.8,0.2,gyro,-1.0,0.06212784722447395,0.13610202074050903,0.01880841546937915
35.88779930002056,9304.738613727,odom,navigating,,0.7719991196145197,-0.4696152747058576,-2.408849079855558,2.083145579135527,-2.7417246556105286,-1.4471472658917521,-1.5917143008461465,3.1333084106445312,-2.44328354066655,2.44328354066655,0.05137651800032472,pixhawk_fused,True,0.8,0.2,gyro,-1.0,0.05370073392987251,0.3024909198284149,0.018913023544243422
35.88790269999299,,mission_status,reached,reached waypoint 3/4,0.7719991196145197,-0.4696152747058576,-2.408849079855558,,,,,,,,,,,,,,,,,
35.887924700044096,,mission_status,turning,aligning for waypoint 4/4,0.7719991196145197,-0.4696152747058576,-2.408849079855558,,,,,,,,,,,,,,,,,
35.88794349995442,9304.859301116,odom,turning,,0.7688767440248621,-0.4717304757388415,-2.4085752207215254,2.083094006691029,-2.745495682661054,-1.4468734067577194,-1.590344933772238,3.1333084106445312,-2.44328354066655,2.44328354066655,0.17035198799931095,pixhawk_fused,True,0.8,0.2,gyro,-1.0,0.025644058361649513,-0.33706700801849365,0.018907922426806285
35.88799029996153,9304.976606202,odom,turning,,0.7663458316559949,-0.4733552487146823,-2.409716309142429,2.0829785925511235,-2.7485010252735056,-1.448014495178623,-1.6356749341083818,3.1212613582611084,-2.4333839974109823,2.4333839974109823,0.06720546600081434,pixhawk_fused,True,0.8,0.2,gyro,-1.0,0.030157865956425667,-0.3963967561721802,0.018978161840829302
36.21000490000006,9305.077386791,odom,turning,,0.7639037531756321,-0.47477733327128024,-2.4459882707074865,2.0827477642713133,-2.751317546194004,-1.4842864567436804,-1.678258335556058,-3.1288902759552,-2.4680806396310024,2.4680806396310024,0.013508476000424707,pixhawk_fused,True,0.8,0.2,gyro,-1.0,0.03602376580238342,-0.47349849343299866,0.019166639812271007
36.21011059999,9305.196757212,odom,turning,,0.7608346600290548,-0.47637463467633834,-2.489076556321803,2.08230191217049,-2.754748569426971,-1.527374742357997,-1.7304053590049837,-3.088347911834717,-2.50890890935108,2.50890890935108,0.0283495910007332,pixhawk_fused,True,0.8,0.2,gyro,-1.0,0.03092855028808117,-0.40652668476104736,0.019560883115366558
36.2101647000527,9305.297440697,odom,turning,,0.7579013643955308,-0.47772025994035006,-2.567083956964759,2.0817273369118268,-2.75792422587831,-1.6053821430009532,-1.7790427532771504,-3.0022382736206055,-2.594247728139609,2.594247728139609,0.013859556998795597,pixhawk_fused,True,0.8,0.2,gyro,-1.0,0.03574136272072792,-0.46978655457496643,0.020087672473198367
36.548895000014454,9305.417373675,odom,turning,,0.7539714150597134,-0.47926441787022145,-2.579788895163908,2.0807453809323087,-2.7620308897248846,-1.618087081200102,-1.842679417894401,-3.0022382736206055,-2.594247728139609,2.594247728139609,0.13417555799969705,pixhawk_fused,True,0.8,0.2,gyro,-1.0,0.04366671293973923,-0.5739578604698181,0.02100780617765839
36.54897650005296,9305.537474757,odom,turning,,0.7497850467516265,-0.4806038249288419,-2.657934098694279,2.07944879145067,-2.766230716697004,-1.696232284730473,-1.9089292982531123,-2.9223570823669434,-2.6753563397233187,2.6753563397233187,0.06366741099918727,pixhawk_fused,True,0.8,0.2,gyro,-1.0,0.04128977283835411,-0.5427151918411255,0.0222411378827612
36.54900760005694,9305.637758128,odom,turning,,0.7462647870189055,-0.48149911092868464,-2.728109430602468,2.078169046194856,-2.7696301310123754,-1.7664076166386617,-1.963677783005223,-2.847532033920288,-2.7493787808720764,2.7493787808720764,0.055783268999221036,pixhawk_fused,True,0.8,0.2,gyro,-1.0,0.04084727540612221,-0.5368989706039429,0.02346965517433227
36.887691400013864,9305.757690217,odom,turning,,0.7417659325820996,-0.48235239046105527,-2.784780285260188,2.076294970106881,-2.7738081228769453,-1.823078471296382,-2.032700963017366,-2.794351816177368,-2.802968912452906,2.802968912452906,0.061520618000940885,pixhawk_fused,True,0.8,0.2,gyro,-1.0,0.04646264389157295,-0.610707700252533,0.020563266977465446
36.887830700026825,9305.858815464,odom,turning,,0.7379832045597658,-0.4828245282954464,-2.7962274701771848,2.0745180082591506,-2.7771807112030418,-1.8345256562133787,-2.0901579852446113,-2.794351816177368,-2.802968912452906,2.802968912452906,0.16195713100023568,pixhawk_fused,True,0.8,0.2,gyro,-1.0,0.045953184366226196,-0.6040113568305969,0.018058090099353507
36.888004099950194,9305.976725644,odom,turning,,0.7331428445464869,-0.48311227820103086,-2.909414823826472,2.071984719876582,-2.7813152408059176,-1.9477130098626658,-2.163243701969821,-2.670605182647705,-2.926130871326178,2.926130871326178,0.05492853999930958,pixhawk_fused,True,0.8,0.2,gyro,-1.0,0.046455658972263336,-0.6106159090995789,0.015114875248692232
37.22980930004269,9306.077564235,odom,turning,,0.7290618347679676,-0.4830797592290914,-2.959150306636688,2.0696232010067366,-2.7846437430101036,-1.9974484926728822,-2.2247595115043186,-2.6235580444335938,-2.9729322667424376,2.9729322667424376,0.008232277999923099,pixhawk_fused,True,0.8,0.2,gyro,-1.0,0.043616630136966705,-0.5732995271682739,0.012861560505571797
37.22990000003483,9306.197074175,odom,turning,,0.72440621024366,-0.48273382428004885,-3.0664496447390253,2.0666758773943457,-2.78826421179524,-2.104747830775219,-2.295129248861497,-2.5076358318328857,-3.089438116640299,3.089438116640299,0.01610430999971868,pixhawk_fused,True,0.8,0.2,gyro,-1.0,0.043870385736227036,-0.57663494348526,0.010547103200147458
37.229932100046426,9306.31771741,odom,turning,,0.7196516482792096,-0.48203778673056163,-3.127523136000156,2.0633848068031013,-2.791765523279176,-2.16582132203635,-2.367562753404659,-2.449958324432373,3.1355082652611004,-3.1355082652611004,0.025913845998729812,pixhawk_fused,True,0.8,0.2,gyro,-1.0,0.04666396975517273,-0.613353967666626,0.008467715733599201
37.54993109998759,9306.437430679,odom,turning,,0.7149694142432874,-0.48100199440362285,3.1412600830271717,2.0598564613764845,-2.795013131608726,-2.180223410188608,-2.4398436155933756,-2.449958324432373,3.1355082652611004,-3.1355082652611004,0.1459197709991713,pixhawk_fused,True,0.8,0.2,gyro,-1.0,0.04339592158794403,-0.5703985095024109,0.006710511662348467
37.55004090000875,9306.537591355,odom,turning,,0.7115205583263677,-0.4800041607192144,3.0384650388837953,2.0570648948646144,-2.797270881729359,-2.2830184543319847,-2.493955126753583,-2.335991382598877,3.020604018930839,-3.020604018930839,0.055347416000586236,pixhawk_fused,True,0.8,0.2,gyro,-1.0,0.04091425985097885,-0.5377794504165649,0.005610983182078339
37.55010710004717,9306.639270383,odom,turning,,0.7084592596533517,-0.4789436356514558,2.98866713313216,2.054443642191631,-2.7991749031076876,-2.33281636008362,-2.5427755560201577,-2.286221981048584,2.9705624446911085,-2.9705624446911085,0.049248950999754015,pixhawk_fused,True,0.8,0.2,gyro,-1.0,0.035526905208826065,-0.46696773171424866,0.004779996198923793
37.87050039996393,9306.756954466,odom,turning,,0.7055897706666591,-0.4777898775764033,2.979377676444459,2.0518556620634856,-2.8008682676865138,-2.342105816771321,-2.5893873517687083,-2.286221981048584,2.9705624446911085,-2.9705624446911085,0.16690081199885753,pixhawk_fused,True,0.8,0.2,gyro,-1.0,0.030917711555957794,-0.4063841998577118,0.004133504999631121
37.87058139999863,9306.857747804,odom,turning,,0.7034238283970881,-0.47681268935916654,2.9373898160277685,2.0498150152979178,-2.8020856269207575,-2.3840936771880115,-2.6251997502784525,-2.2435977458953857,2.927039788727211,-2.927039788727211,0.08929767699919466,pixhawk_fused,True,0.8,0.2,gyro,-1.0,0.028371067717671394,-0.3729109764099121,0.003733688710600569
37.87063699995633,9306.957830852,odom,turning,,0.7014131971271288,-0.4758197063964067,2.9003683136711063,2.0478502715252604,-2.8031665687211675,-2.4211151795446737,-2.658998022811798,-2.2053372859954834,2.889216823224472,-2.889216823224472,0.07543837899902428,pixhawk_fused,True,0.8,0.2,gyro,-1.0,0.023093463853001595,-0.3035418391227722,0.0034337522901353333
38.20885030005593,9307.059915903,odom,turning,,0.6996696797923414,-0.47488760375948574,2.8603582691807308,2.0460882823227067,-2.8040632638045393,-2.461125224035049,-2.688794617160219,-2.163360595703125,2.846665521685528,-2.846665521685528,0.09632923899880552,pixhawk_fused,True,0.8,0.2,gyro,-1.0,0.0233513955026865,-0.30693212151527405,0.0032325770049406693
38.20892740006093,9307.176990509,odom,turning,,0.6983073349668873,-0.4741097386683445,2.8135980914044607,2.0446708719126274,-2.804735577163663,-2.5078854018113192,-2.712434273836085,-2.1124119758605957,2.7941443913025132,-2.7941443913025132,0.09607413999947312,pixhawk_fused,True,0.8,0.2,gyro,-1.0,0.015320767648518085,-0.20137706398963928,0.0031164694157935114
38.208959999959916,9307.297080159,odom,turning,,0.6968074617965572,-0.47320341750727457,2.793325090565225,2.043069422738915,-2.8054471937163763,-2.528158402650555,-2.7388472286140044,-2.094449043273926,2.7754022883069984,-2.7754022883069984,0.11073389300145209,pixhawk_fused,True,0.8,0.2,gyro,-1.0,0.015464275144040585,-0.20326334238052368,0.0030300500502482676
38.53082169999834,9307.397909148,odom,turning,,0.69612548911948,-0.47277244675999874,2.7742614401518138,2.0423257813617957,-2.805759955637849,-2.547222053063966,-2.7510084407470106,-2.0727596282958984,2.7546175812674036,-2.7546175812674036,0.010505696998734493,pixhawk_fused,True,0.8,0.2,gyro,-1.0,0.007716677151620388,-0.10142845660448074,0.003006412768266934
38.53092189994641,9307.51735545,odom,turning,,0.6949623394991365,-0.47201080144852897,2.751596211264233,2.04103563843572,-2.806278175523694,-2.569887281951547,-2.7719550186377004,-2.0445034503936768,2.731523696084069,-2.731523696084069,0.028755874000125914,pixhawk_fused,True,0.8,0.2,gyro,-1.0,0.012861127033829689,-0.16904740035533905,0.002988154858757153
38.530969899962656,9307.617546426,odom,turning,,0.6938143068968897,-0.47122466566561794,2.7474112407715605,2.039734058072356,-2.806769985327074,-2.5740722524442194,-2.792928205841066,-2.0445034503936768,2.731523696084069,-2.731523696084069,0.12884352000037325,pixhawk_fused,True,0.8,0.2,gyro,-1.0,0.012764773331582546,-0.16778092086315155,0.0029986544095887435
38.87062479997985,9307.736962951,odom,turning,,0.6931551902806162,-0.47075594585006275,2.729165617174318,2.0389725327023864,-2.8070424042879316,-2.592317876041462,-2.805116127387857,-2.023983955383301,2.7117686087084283,-2.7117686087084283,0.0735766350007907,pixhawk_fused,True,0.8,0.2,gyro,-1.0,0.007704736664891243,-0.10127151012420654,0.0030190946058916007
38.87070780002978,9307.83792938,odom,turning,,0.6924660436842451,-0.4702529001483988,2.7069602284523517,2.038165673490076,-2.8073198141305147,-2.6145232647634282,-2.8179754823151377,-2.000377655029297,2.6872330265683404,-2.6872330265683404,0.06724547400153824,pixhawk_fused,True,0.8,0.2,gyro,-1.0,0.012942650355398655,-0.17011895775794983,0.003051222993718025
38.87074349995237,9307.9575966,odom,turning,,0.6914640973569588,-0.469497719020037,2.7031879292529384,2.036973060711055,-2.807709518811924,-2.6182955639628416,-2.8368811375637075,-2.000377655029297,2.6872330265683404,-2.6872330265683404,0.18679914200038183,pixhawk_fused,True,0.8,0.2,gyro,-1.0,0.012829061597585678,-0.16862593591213226,0.003117677237962846
39.21371389995329,9308.07704331,odom,turning,,0.6911441184441108,-0.4692498309381983,2.688746182410002,2.036586683284129,-2.8078301317869605,-2.632737310805778,-2.8429846467347217,-1.9840787649154663,2.67071332425301,-2.67071332425301,0.11069870899882517,pixhawk_fused,True,0.8,0.2,gyro,-1.0,0.0,0.0,0.003144469229155971
39.21383619995322,9308.197054335,odom,turning,,0.6911088644687461,-0.46922219176755164,2.674074905992586,2.0365438448826505,-2.80784323285149,-2.647408587223194,-2.8436598317249606,-1.9665130376815796,2.652551322393613,-2.652551322393613,0.00801002700063691,pixhawk_fused,True,0.8,0.2,gyro,-1.0,0.0,0.0,0.003147692975066001
39.21389300003648,9308.298265834,odom,turning,,0.6910733209616335,-0.4691945010158597,2.6739393086362977,2.036500798527767,-2.807856541869425,-2.6475441845794823,-2.844338871283615,-1.9665130376815796,2.652551322393613,-2.652551322393613,0.10840949900011765,pixhawk_fused,True,0.8,0.2,gyro,-1.0,0.0025803521275520325,-0.03391629830002785,0.0031507977215810127
39.55052499996964,9308.417202438,odom,turning,,0.6907919198032579,-0.46897320128103215,2.6726854863692244,2.0361582992693457,-2.807960726525448,-2.6487980068465555,-2.849736681019298,-1.966085433959961,2.6523313403693307,-2.6523313403693307,0.051029964999543154,pixhawk_fused,True,0.8,0.2,gyro,-1.0,0.005119625944644213,-0.06729266047477722,0.003177094627013085
39.550629499950446,9308.518177167,odom,turning,,0.6903008592410673,-0.46858146978214105,2.6629705820586356,2.035556066207786,-2.8081393585005445,-2.6585129111571444,-2.859204770327928,-1.956526756286621,2.6425548683335354,-2.6425548683335354,0.024085950999506167,pixhawk_fused,True,0.8,0.2,gyro,-1.0,0.007741056382656097,-0.10174889862537384,0.0032275880052921773
39.55069209996145,9308.637950148,odom,turning,,0.6893638768323477,-0.4678129189818826,2.6593255268247153,2.0343896555578245,-2.8084681328342205,-2.6621579663910646,-2.87746950377829,-1.956526756286621,2.6425548683335354,-2.6425548683335354,0.14380006399915146,pixhawk_fused,True,0.8,0.2,gyro,-1.0,0.0127997025847435,-0.1682400405406952,0.003341429059665187
39.888004099950194,9308.739255681,odom,turning,,0.6886104191592223,-0.46717369999528596,2.646815577837187,2.0334343176141765,-2.80872038031477,-2.674667915378593,-2.892358273283077,-1.9441285133361816,2.6306376452376417,-2.6306376452376417,0.0674162109989993,pixhawk_fused,True,0.8,0.2,gyro,-1.0,0.004735176917165518,-0.06223944202065468,0.003450556311368363
39.888141399947926,9308.858253486,odom,turning,,0.6882043404975161,-0.4668205579101887,2.6223112707490106,2.0329123545670376,-2.808851390960068,-2.6991722224667694,-2.90046831164164,-1.916837215423584,2.60204627978106,-2.60204627978106,0.07559667700115824,pixhawk_fused,True,0.8,0.2,gyro,-1.0,0.005169518757611513,-0.06794846057891846,0.00351653026350978
39.888194900006056,9308.976777623,odom,turning,,0.6882383132292705,-0.46685035859168333,2.6181191365851637,2.032956232735542,-2.8088405773829956,-2.7033643566306162,-2.899789286269918,-1.9120744466781616,2.596638890636647,-2.596638890636647,0.0024211350009863963,pixhawk_fused,True,0.8,0.2,gyro,-1.0,0.0,0.0,0.003510798004503472
40.23166869999841,,mission_status,navigating,going to waypoint 4/4,0.6882383132292705,-0.46685035859168333,2.6181191365851637,,,,,,,,,,,,,,,,,
40.23173530003987,9309.097670601,odom,navigating,,0.6882383132292705,-0.46685035859168333,2.618252459699625,2.032956232735542,-2.8088405773829956,-2.703231033516155,-2.899789286269918,-1.911978840827942,2.5968054800234084,-2.5968054800234084,0.008194890999220661,pixhawk_fused,True,0.8,0.2,gyro,-1.0,0.0,0.0,0.003510798004503472
40.23180850001518,9309.198328252,odom,navigating,,0.6882383132292705,-0.46685035859168333,2.618252459699625,2.032956232735542,-2.8088405773829956,-2.703231033516155,-2.899789286269918,-1.911978840827942,2.5968054800234084,-2.5968054800234084,0.10855975599952217,pixhawk_fused,True,0.8,0.2,gyro,-1.0,0.0,0.0,0.003510798004503472
40.23185550002381,9309.317088441,odom,navigating,,0.6881028982036581,-0.4667318380912917,2.6187181420094783,2.0327815518751446,-2.8088838316912845,-2.7027653512063017,-2.8970770581774095,-1.9118977785110474,2.596710577507997,-2.596710577507997,0.04931375200067123,pixhawk_fused,True,0.8,0.2,gyro,-1.0,0.005160704255104065,0.0678325966000557,0.0035334271605913714
40.589681899989955,9309.439123273,odom,navigating,,0.6850670570711761,-0.4641434092114666,2.6231283955152156,2.028921728720584,-2.809892821613483,-2.6983550977005644,-2.874772520933587,-1.91185462474823,2.596653235408971,-2.596653235408971,0.044749322998541174,pixhawk_fused,True,0.8,0.2,gyro,-1.0,0.06926311552524567,0.236029252409935,0.003983805614544195
40.589765800046735,9309.557626379,odom,navigating,,0.6757660240809857,-0.4565630588289737,2.650162349753633,2.0173832260777322,-2.8131843081115377,-2.671321143462147,-2.852433637408384,-1.933266282081604,2.6248597650262804,-2.6248597650262804,0.10311158300100942,pixhawk_fused,True,0.8,0.2,gyro,-1.0,0.14174166321754456,0.169369176030159,0.005073442838779447
40.58980239997618,9309.677131171,odom,navigating,,0.6614719875391084,-0.4452286023969647,2.6572749017109203,1.9999091093892674,-2.81842307029621,-2.6642085915048597,-2.8517889493289026,-1.9411677122116089,2.63358722195358,-2.63358722195358,0.11107140899912338,pixhawk_fused,True,0.8,0.2,gyro,-1.0,0.19658245146274567,-0.033621128648519516,0.006486619062554256
40.90990500000771,9309.777281268,odom,navigating,,0.6466771050724632,-0.4333393617860888,2.6680150747251377,1.9816934308577354,-2.8237552035598323,-2.6534684184906423,-2.864633041647115,-1.955023169517517,2.6502108765407746,-2.6502108765407746,0.09700767300091684,pixhawk_fused,True,0.8,0.2,gyro,-1.0,0.23237107694149017,-0.16789411008358002,0.008080045999828105
40.91003340005409,9309.897399594,odom,navigating,,0.6268173567319034,-0.4168627751580269,2.6529634709880474,1.9568176286167522,-2.8306168341189557,-2.6685200222277325,-2.8855490452506016,-1.9421721696853638,2.636620766149396,-2.636620766149396,0.10891176500081201,pixhawk_fused,True,0.8,0.2,gyro,-1.0,0.2547079622745514,-0.1691691279411316,0.010647891846111191
40.91009350004606,9309.998083616,odom,navigating,,0.6094934318523227,-0.4019121549452557,2.619376436232545,1.9346441808767938,-2.8362717110675026,-2.702107056983235,-2.9018568591154943,-1.9052284955978394,2.598725718484754,-2.598725718484754,0.015255656999215716,pixhawk_fused,True,0.8,0.2,gyro,-1.0,0.2643439471721649,-0.19667279720306396,0.01336710705226141
41.229453500011005,9310.116690496,odom,navigating,,0.5888601971793772,-0.3835187357375923,2.6170890388590218,1.9077537260458972,-2.8426710612067896,-2.704394454356758,-2.9133162242526787,-1.9052284955978394,2.598725718484754,-2.598725718484754,0.13453434700022626,pixhawk_fused,True,0.8,0.2,gyro,-1.0,0.2653903067111969,0.03386698663234711,0.01709245603931224
41.229555499972776,9310.217233545,odom,navigating,,0.5711893047393384,-0.36766435672425024,2.608725985753103,1.8846405368676833,-2.8480934462482836,-2.712757507462677,-2.9045080891776185,-1.8942433595657349,2.5860792494132463,-2.5860792494132463,0.05506791900006647,pixhawk_fused,True,0.8,0.2,gyro,-1.0,0.26704198122024536,0.10232178121805191,0.02036731837183758
41.22963770001661,9310.317584973,odom,navigating,,0.5529616103818448,-0.35183504956462286,2.612377548364652,1.8612293504597681,-2.8539868457526345,-2.709105944851128,-2.8788046474082005,-1.8930224180221558,2.584224023323068,-2.584224023323068,0.04160910400059947,pixhawk_fused,True,0.8,0.2,gyro,-1.0,0.26446911692619324,0.27264299988746643,0.02331027204774249
41.570073000038974,9310.419884442,odom,navigating,,0.5334242159756688,-0.33590489777761456,2.6196749663752588,1.836986142477509,-2.8608967215017724,-2.701808526840521,-2.8423094279058607,-1.8930224180221558,2.584224023323068,-2.584224023323068,0.14357493600073212,pixhawk_fused,True,0.8,0.2,gyro,-1.0,0.2890586853027344,0.3397841453552246,0.025605058305016675
41.57018270005938,9310.53971758,odom,navigating,,0.5104531199040491,-0.31858500153544966,2.6776879932047004,1.8096386060619063,-2.8698276963963867,-2.6437955000110795,-2.8024191576960154,-1.9540749788284302,2.6467670433181616,-2.6467670433181616,0.07124337700042815,pixhawk_fused,True,0.8,0.2,gyro,-1.0,0.2761392295360565,0.3731353282928467,0.02713380809259161
41.570237900014035,9310.656871998,odom,navigating,,0.4871699618192411,-0.30233598761120895,2.718303664088003,1.7829908328549184,-2.8796272926646655,-2.603179829127777,-2.771993108480679,-1.9969379901885986,2.6899289254802556,-2.6899289254802556,0.08262926600036735,pixhawk_fused,True,0.8,0.2,gyro,-1.0,0.2641732692718506,0.23598217964172363,0.027600073784197446
41.99115500005428,9310.757733352,odom,navigating,,0.46734635147823667,-0.28922973720813655,2.743068678724356,1.7608999426168384,-2.888387537813582,-2.578414814491424,-2.75507875367964,-2.022706985473633,2.716655090894112,-2.716655090894112,0.06864589600081672,pixhawk_fused,True,0.8,0.2,gyro,-1.0,0.2696683704853058,0.0681641548871994,0.027392981163067806
41.99126789998263,9310.877522658,odom,navigating,,0.44321558347226975,-0.27380437096683274,2.7581251393108612,1.734442758705748,-2.8993535447318224,-2.5633583539049187,-2.7436079588484734,-2.0372796058654785,2.732607069681892,-2.732607069681892,0.01158938099979423,pixhawk_fused,True,0.8,0.2,gyro,-1.0,0.2833779752254486,0.03355611488223076,0.026702562614472288
42.43052799999714,9310.997854185,odom,navigating,,0.4188346261539162,-0.2583656490190586,2.7595766421533643,1.7078314813213789,-2.9105171073850356,-2.5619068510624157,-2.7496771661777535,-2.041584014892578,2.735936383297229,-2.735936383297229,0.08736405899981037,pixhawk_fused,True,0.8,0.2,gyro,-1.0,0.27015814185142517,-0.10154520720243454,0.025883425913938947
42.43064749997575,9311.117334799,odom,navigating,,0.39476338644641173,-0.2426665054711084,2.7530552435591575,1.6811838120910938,-2.9212776563389045,-2.5684282496566224,-2.7686209328160682,-2.0365986824035645,2.7325150079555156,-2.7325150079555156,0.05408137999984319,pixhawk_fused,True,0.8,0.2,gyro,-1.0,0.27444615960121155,-0.16856715083122253,0.02545332161808552
42.43071410001721,9311.23949745,odom,navigating,,0.3708105753289458,-0.2264392616593061,2.7284566875046226,1.6541707687278113,-2.9316389347547225,-2.5930268057111574,-2.782826888455869,-2.0096545219421387,2.7053231098032837,-2.7053231098032837,0.06898599700070918,pixhawk_fused,True,0.8,0.2,gyro,-1.0,0.28468433022499084,-0.10103941708803177,0.025527360793627316
42.431074299965985,9311.357360757,odom,navigating,,0.3469861412087734,-0.21001331227375208,2.72152542098065,1.6270682014235751,-2.941781238234828,-2.59995807223513,-2.7828153855098288,-2.0022387504577637,2.696658534934307,-2.696658534934307,0.0729852620006568,pixhawk_fused,True,0.8,0.2,gyro,-1.0,0.26448243856430054,0.06816428154706955,0.02583792430408175
42.43113210005686,9311.476848468,odom,navigating,,0.322768798935769,-0.19336904997362286,2.718404426383212,1.5995617886063733,-2.9521208894965016,-2.603079066832568,-2.782144073537388,-1.9976942539215088,2.6925905194185025,-2.6925905194185025,0.002859211999748368,pixhawk_fused,True,0.8,0.2,gyro,-1.0,0.2915651798248291,-0.03391454368829727,0.026110002583411483
42.86058119998779,9311.577687345,odom,navigating,,0.3028355757259901,-0.17965822643092502,2.718267223316107,1.5769123355218329,-2.9606251440035742,-2.603216269899673,-2.7828306603216277,-1.9976942539215088,2.6925905194185025,-2.6925905194185025,0.1030767600004765,pixhawk_fused,True,0.8,0.2,gyro,-1.0,0.2748640775680542,0.03385494649410248,0.026343055646870416
42.86069200001657,9311.698481565,odom,navigating,,0.27896377247505527,-0.16318000075789602,2.714656100826965,1.5497397918967353,-2.970776389480105,-2.606827392388815,-2.7834715824222207,-1.9930227994918823,2.6882375802747256,-2.6882375802747256,0.11531648900017899,pixhawk_fused,True,0.8,0.2,gyro,-1.0,0.2722836434841156,9.463347669225186e-05,0.026670505873806365
42.860755200032145,9311.817724155,odom,navigating,,0.25451859582556235,-0.14650463339880238,2.7164679613410163,1.52207751800231,-2.9812851068602346,-2.6050155318747636,-2.7706160211218966,-1.9932475090026855,2.687290486068959,-2.687290486068959,0.05459310399965034,pixhawk_fused,True,0.8,0.2,gyro,-1.0,0.28386032581329346,0.13576894998550415,0.026841077051051866
42.86080739996396,9311.938830179,odom,navigating,,0.23025453848002128,-0.1304462048876806,2.734550655814883,1.4950248595153304,-2.9919982424377096,-2.586932837400897,-2.7557272686277368,-2.011817455291748,2.7061712081297586,-2.7061712081297586,0.018558300000222516,pixhawk_fused,True,0.8,0.2,gyro,-1.0,0.2735930383205414,0.1357927769422531,0.026601201818609352
43.19556000002194,9312.057531233,odom,navigating,,0.2057748120225047,-0.11468997092093178,2.735766247563694,1.4680966611413835,-3.0030611556427895,-2.585717245652086,-2.7496466490213622,-2.011817455291748,2.7061712081297586,-2.7061712081297586,0.1365261390001251,pixhawk_fused,True,0.8,0.2,gyro,-1.0,0.27184057235717773,0.0,0.025990200554173552
43.19568879995495,9312.17679288,odom,navigating,,0.18093546001169292,-0.09874532581256061,2.73951992659285,1.4408081834928677,-3.0143112269125805,-2.58196356662293,-2.7537245754062667,-2.017547607421875,2.7118816198497364,-2.7118816198497364,0.10716474499895412,pixhawk_fused,True,0.8,0.2,gyro,-1.0,0.28849107027053833,-0.03365110978484154,0.025334512346445497
43.19575279997662,9312.277101114,odom,navigating,,0.16003554266551945,-0.08519565521729491,2.7384982845310892,1.417737832716132,-3.0237005311123317,-2.5829852086846907,-2.755765385112295,-2.0163795948028564,2.7111145782335946,-2.7111145782335946,0.09547440700043808,pixhawk_fused,True,0.8,0.2,gyro,-1.0,0.28473418951034546,0.033716727048158646,0.024893770979651564
43.51036990003195,9312.396936837,odom,navigating,,0.1357432377400769,-0.06936788524047427,2.7368698543685097,1.3908581914623077,-3.0345687999301116,-2.5846136388472702,-2.758492939347958,-2.015500068664551,2.7097607115335114,-2.7097607115335114,0.1052112630004558,pixhawk_fused,True,0.8,0.2,gyro,-1.0,0.27785593271255493,0.0,0.0244468195629964
43.51047320000362,9312.497639149,odom,navigating,,0.1172172266970467,-0.05722183528019122,2.7266862806213075,1.3702972144265388,-3.042814152447667,-2.5947972125944725,-2.7632345943562746,-2.005244731903076,2.698217625958408,-2.698217625958408,0.013837154001521412,pixhawk_fused,True,0.8,0.2,gyro,-1.0,0.2433340698480606,-0.06805098056793213,0.024168440949128834
43.510528999962844,9312.597753205,odom,navigating,,0.10067655112933788,-0.04622878238923467,2.7243836463186,1.3518177470004669,-3.0500908580036388,-2.59709984689718,-2.7747549937951397,-2.005244731903076,2.698217625958408,-2.698217625958408,0.11392006300047797,pixhawk_fused,True,0.8,0.2,gyro,-1.0,0.2058350145816803,-0.20298025012016296,0.024043159644500142
43.85234029998537,9312.717632945,odom,navigating,,0.08442270511558769,-0.03507443844880666,2.712590747993916,1.3333700964453956,-3.057040036946366,-2.6088927452218638,-2.791676980827741,-1.9941128492355347,2.687705614445294,-2.687705614445294,0.05569319699861808,pixhawk_fused,True,0.8,0.2,gyro,-1.0,0.1754639446735382,-0.20349784195423126,0.02421190970487983
43.852451400016434,9312.837776619,odom,navigating,,0.07172085282858784,-0.02607151733440197,2.699385595143916,1.3187191551863966,-3.062306872840745,-2.622097898071864,-2.800477465448302,-1.9800554513931274,2.6734005019492755,-2.6734005019492755,0.06951811100043415,pixhawk_fused,True,0.8,0.2,gyro,-1.0,0.13532674312591553,-0.03356117382645607,0.024581107552293757
43.852503999951296,9312.940535803,odom,navigating,,0.06262172523942754,-0.019582070577851014,2.689703528447154,1.3081908901861752,-3.066056896597342,-2.6317799647686257,-2.796376681527752,-1.967715859413147,2.660275237125839,-2.660275237125839,0.05650674200114736,pixhawk_fused,True,0.8,0.2,gyro,-1.0,0.11188150197267532,0.03125487640500069,0.024878838109926422
44.20046119997278,9313.057146733,odom,navigating,,0.05490605949820254,-0.014146833968947649,2.6914743711329363,1.2993187661052426,-3.069275391450159,-2.6300091220828437,-2.791669334957548,-1.9679434299468994,2.661312282579514,-2.661312282579514,0.09160848999999871,pixhawk_fused,True,0.8,0.2,gyro,-1.0,0.06957878917455673,-0.03387213125824928,0.02507529344456061
44.20054969994817,9313.158147388,odom,navigating,,0.05086315916891296,-0.011326568587351853,2.700530716201328,1.294692634652392,-3.0709776980254104,-2.620952777014452,-2.78220890979927,-1.976636528968811,2.6702676480734078,-2.6702676480734078,0.0762985370001843,pixhawk_fused,True,0.8,0.2,gyro,-1.0,0.04384179785847664,0.16948799788951874,0.025155242380441842
44.20058409997728,9313.277276919,odom,navigating,,0.04653498008115281,-0.008437556579324608,2.714204525628963,1.2898469044036134,-3.0728746489879613,-2.607278967586817,-2.747048868653112,-1.986669659614563,2.678570837932202,-2.678570837932202,0.0882567239987111,pixhawk_fused,True,0.8,0.2,gyro,-1.0,0.05146251618862152,0.338213175535202,0.025132804280828102
44.579190199961886,9313.397388174,odom,navigating,,0.04132054881662907,-0.005267806747293512,2.7478139788315925,1.2842638753565752,-3.0753378570729657,-2.5736695143841875,-2.69160597855237,-2.0159783363342285,2.706722062754008,-2.706722062754008,0.008193429999664659,pixhawk_fused,True,0.8,0.2,gyro,-1.0,0.056600671261548996,0.5410548448562622,0.02484799364114765
44.57929879997391,,mission_status,turning,final alignment at waypoint 4/4,0.04132054881662907,-0.005267806747293512,2.7478139788315925,,,,,,,,,,,,,,,,,
44.579322700039484,9313.498303891,odom,turning,,0.037239230821011764,-0.003090340806507774,2.8403864001215204,1.280142966701742,-3.0774394341862674,-2.4810970930942595,-2.636784961185102,-2.114586353302002,2.808731716799113,-2.808731716799113,0.009967015001166146,pixhawk_fused,True,0.8,0.2,gyro,-1.0,0.031114012002944946,0.27264294028282166,0.024373381791030026
44.579374599969015,9313.617201005,odom,turning,,0.03486773944212057,-0.001924260258260941,2.8372708309190333,1.277829796998614,-3.0787173078614347,-2.4842126622967466,-2.6523680343000966,-2.114586353302002,2.808731716799113,-2.808731716799113,0.12968750599975465,pixhawk_fused,True,0.8,0.2,gyro,-1.0,0.02573125809431076,-0.338213175535202,0.0240153685773191
45.01064430002589,9313.718444414,odom,turning,,0.03276603178898011,-0.0008116195592316605,2.8487271971662,1.275714806890675,-3.0798044882640014,-2.47275629604958,-2.688214741649597,-2.129606246948242,2.8319931467199053,-2.8319931467199053,0.05318714100030775,pixhawk_fused,True,0.8,0.2,gyro,-1.0,0.030774403363466263,-0.4045005738735199,0.023421551401804883
45.010765000013635,9313.837746568,odom,turning,,0.030087902154929153,0.0007493329299235081,2.781343945086559,1.2729023410615785,-3.0811079402080126,-2.540139548129221,-2.734933315977465,-2.0592784881591797,2.7594566764259065,-2.7594566764259065,0.06489587200121605,pixhawk_fused,True,0.8,0.2,gyro,-1.0,0.028253523632884026,-0.3713659644126892,0.020435521617882483
45.01083269994706,9313.957751956,odom,turning,,0.02715324848799501,0.002659486651041992,2.770817750862954,1.2696567082893782,-3.0824219977756906,-2.550665742352826,-2.787705877227926,-2.0592784881591797,2.7594566764259065,-2.7594566764259065,0.184579938000752,pixhawk_fused,True,0.8,0.2,gyro,-1.0,0.03350425511598587,-0.44038188457489014,0.01702029671101254
45.010883899987675,9314.059278392,odom,turning,,0.02468411142517587,0.004445334167893059,2.7249750006549425,1.2667793609978484,-3.083425372955948,-2.5965084925608375,-2.833631004406022,-2.0127832889556885,2.7136344143771853,-2.7136344143771853,0.08945575500001723,pixhawk_fused,True,0.8,0.2,gyro,-1.0,0.033191703259944916,-0.4362736940383911,0.014018690926275638
45.437182900030166,9314.176376886,odom,turning,,0.02174530863171433,0.0068092375926748815,2.650830149645234,1.2631592041428206,-3.0844832319283766,-2.670653343570546,-2.890469993073251,-1.933996319770813,2.6351819250309196,-2.6351819250309196,0.09452465000140364,pixhawk_fused,True,0.8,0.2,gyro,-1.0,0.036124929785728455,-0.47482818365097046,0.010275225652681602
45.43726589996368,9314.277655299,odom,turning,,0.01923786974397522,0.00905708495806606,2.6045413117666607,1.259881026662701,-3.0852536992947712,-2.7169421814491193,-2.9412207257296075,-1.8878774642944336,2.590004343214008,-2.590004343214008,0.014600721000533667,pixhawk_fused,True,0.8,0.2,gyro,-1.0,0.038718871772289276,-0.5089231133460999,0.006915657790886008
45.437302400008775,9314.397148952,odom,turning,,0.016295244614458776,0.012012390287138085,2.5527986217181056,1.2557736349792081,-3.0859763373779616,-2.7686848714976744,-3.0040793163511363,-1.8387724161148071,2.5410282093310084,-2.5410282093310084,0.028639887999815983,pixhawk_fused,True,0.8,0.2,gyro,-1.0,0.041291847825050354,-0.5427424907684326,0.002745480377223251
45.4373365000356,9314.498102153,odom,turning,,0.013742634938939239,0.014902917920532839,2.458166599261501,1.2519425093945695,-3.086416158830033,-2.863316893954279,-3.0621962250945827,-1.7353688478469849,2.4372987227463447,-2.4372987227463447,0.003303048999441671,pixhawk_fused,True,0.8,0.2,gyro,-1.0,0.048889391124248505,-0.6426050066947937,0.0011063892941202789
45.75038400001358,9314.618338483,odom,turning,,0.01075713002044682,0.018766954574912634,2.4434990639874536,1.247065274204898,-3.0866540575256214,-2.8779844292283263,-3.1357969924933027,-1.7353688478469849,2.4372987227463447,-2.4372987227463447,0.12361833899922203,pixhawk_fused,True,0.8,0.2,gyro,-1.0,0.04862942919135094,-0.6391880512237549,0.005958035854958209
45.750469099963084,9314.736773007,odom,turning,,0.0080789617085036,0.02281558845678603,2.383157587395953,1.2422124735403415,-3.0865342763642065,-2.938325905819827,3.0742147883185975,-1.6773600578308105,2.380139054539176,-2.380139054539176,0.06458184800067102,pixhawk_fused,True,0.8,0.2,gyro,-1.0,0.0490291491150856,-0.6444420218467712,0.010727813203470684
45.75052120001055,9314.837685933,odom,turning,,0.006058765819587107,0.026367701263376897,2.276775576517749,1.2381433452834119,-3.0861589204677577,-3.044707916698031,3.012622692739444,-1.558786153793335,2.2626310549401962,-2.2626310549401962,0.05676055299954896,pixhawk_fused,True,0.8,0.2,gyro,-1.0,0.04407374560832977,-0.5793079137802124,0.014682933864545252
46.08935280004516,9314.95722838,odom,turning,,0.003915519594447088,0.030814076141137,2.261982699134024,1.2332703731385475,-3.0853728565959706,-3.059500794081756,2.93822466577007,-1.558786153793335,2.2626310549401962,-2.2626310549401962,0.1762524650002888,pixhawk_fused,True,0.8,0.2,gyro,-1.0,0.049263857305049896,-0.6475270390510559,0.019365031887885208
46.08945580001455,9315.077042799,odom,turning,,0.002184666351383962,0.03519594346746371,2.1527474882632616,1.2286862482735543,-3.0842854682399987,3.114449302227068,2.867214033249873,-1.4400250911712646,2.1439207617068017,-2.1439207617068017,0.0964015310000832,pixhawk_fused,True,0.8,0.2,gyro,-1.0,0.046383537352085114,-0.609667956829071,0.023713417584541027
46.089489500038326,9315.177384395,odom,turning,,0.0010275578059420268,0.03878331015334106,2.09508950256705,1.2250819998540268,-3.083182067471823,3.0567913165308562,2.810405563119692,-1.3832018375396729,2.086051703455421,-2.086051703455421,0.08694451699921046,pixhawk_fused,True,0.8,0.2,gyro,-1.0,0.03864714130759239,-0.5079802870750427,0.027092199931509853
46.45051620004233,9315.297495086,odom,turning,,-8.139179259440688e-05,0.043131453312598114,2.0372353974698205,1.2208813410682862,-3.0816039090794973,2.998937211433627,2.742778617185792,-1.3273755311965942,2.0306245788955417,-2.0306245788955417,0.02898428399930708,pixhawk_fused,True,0.8,0.2,gyro,-1.0,0.04374314099550247,-0.5749623775482178,0.03098290597880655
46.45062729995698,9315.417960321,odom,turning,,-0.0008940273087694843,0.04754405515593077,1.9802216681112597,1.2167973441428823,-3.079745845403725,2.9419234820750657,2.6751516817214105,-1.2732253074645996,1.9762433801316943,-1.9762433801316943,0.01512198099953821,pixhawk_fused,True,0.8,0.2,gyro,-1.0,0.03877333924174309,-0.5096390247344971,0.03471328418047881
46.450690699974075,9315.53776419,odom,turning,,-0.0014066179599880012,0.052000137998317646,1.8969607606210472,1.2128493487445018,-3.0776168184409327,2.8586625745848533,2.6075399534869184,-1.1857727766036987,1.8890996442460741,-1.8890996442460741,0.08254367600056867,pixhawk_fused,True,0.8,0.2,gyro,-1.0,0.043671075254678726,-0.574015200138092,0.03826569254244369
46.790119000012055,9315.659497546,odom,turning,,-0.0016156859694738297,0.05643328894362303,1.8665255679008956,1.2090938142226662,-3.075251972316604,2.8282273818647017,2.5406492513453376,-1.163780689239502,1.8676975904130664,-1.8676975904130664,0.09105137299957278,pixhawk_fused,True,0.8,0.2,gyro,-1.0,0.0436122864484787,-0.5732424259185791,0.041590087413439586
46.79023419995792,9315.778128939,odom,turning,,-0.001527892453286054,0.06087486552129055,1.7648610050663305,1.2055012111938317,-3.072638829826425,2.7265628190301365,2.4736937734100097,-1.0538256168365479,1.7574335607909886,-1.7574335607909886,0.0974300170000788,pixhawk_fused,True,0.8,0.2,gyro,-1.0,0.041050951927900314,-0.5395761132240295,0.044713595949887754
46.7902854999993,9315.879539832,odom,turning,,-0.0012109625473072788,0.06472589921389656,1.7101009797770377,1.2025240462677893,-3.07017562174142,2.6718027937408437,2.4154547185834665,-1.0000518560409546,1.7035371900820462,-1.7035371900820462,0.09085010200033139,pixhawk_fused,True,0.8,0.2,gyro,-1.0,0.04468195512890816,-0.5873022079467773,0.04725395284231695
47.160614200052805,9315.998786555,odom,turning,,-0.0005689777861346001,0.06912214116824598,1.6089446523473054,1.1992856918647723,-3.0671338872830525,2.5706464663111115,2.3484915525263332,-0.8895255923271179,1.5938788357996672,-1.5938788357996672,0.013299157000801642,pixhawk_fused,True,0.8,0.2,gyro,-1.0,0.04147908464074135,-0.5452035069465637,0.049958655796318446
47.16071930003818,9316.117069293,odom,turning,,0.0004513270388109489,0.07381385557863147,1.5945477262242858,1.1960214472628035,-3.063612820225619,2.556249540188092,2.276115228596528,-0.8895255923271179,1.5938788357996672,-1.5938788357996672,0.13256567499956873,pixhawk_fused,True,0.8,0.2,gyro,-1.0,0.043822031468153,-0.5759993195533752,0.05261151033467624
47.1607745999936,9316.217361674,odom,turning,,0.0015450404959839736,0.07760723206597488,1.5362374964184002,1.1935359881634386,-3.060545507498407,2.4979393103822063,2.2152479051877694,-0.8316709399223328,1.5362012157463758,-1.5362012157463758,0.05361589200037997,pixhawk_fused,True,0.8,0.2,gyro,-1.0,0.04637888818979263,-0.6096068024635315,0.05456906784906275
47.58643669995945,9316.318482824,odom,turning,,0.002558326729766122,0.08048218034830922,1.4286129289663043,1.1917577785952769,-3.058069614255683,2.3903147429301104,2.1436690419416577,-0.7144990563392639,1.4196397190713612,-1.4196397190713612,0.03741263400115713,pixhawk_fused,True,0.8,0.2,gyro,-1.0,0.02131626568734646,-0.840546727180481,0.05592415465181351
47.586547199985944,9316.436977522,odom,turning,,0.003368115952031736,0.08218804272989752,1.4050247486467253,1.1908219882717208,-3.0564294857485974,2.3667265626105314,2.0245169272374484,-0.7144990563392639,1.4196397190713612,-1.4196397190713612,0.1560696230008034,pixhawk_fused,True,0.8,0.2,gyro,-1.0,0.03111087903380394,-0.8860003352165222,0.05658282977784437
47.58661550004035,9316.537693927,odom,turning,,0.003958187185705467,0.08314098965071554,1.2572188273152058,1.1903780077515447,-3.0554003243460905,2.218920641279012,1.9184606598418612,-0.5671257972717285,1.261571815969917,-1.261571815969917,0.07065989800139505,pixhawk_fused,True,0.8,0.2,gyro,-1.0,0.02565428614616394,-0.9441639184951782,0.05685480315881571
47.58666629996151,9316.657836326,odom,turning,,0.004379179835744582,0.08366425205701816,1.1158814040791933,1.1901897059431048,-3.054755668789863,2.0775832180429994,1.7837408498087421,-0.42298126220703125,1.1186010636114803,-1.1186010636114803,0.0823709449996386,pixhawk_fused,True,0.8,0.2,gyro,-1.0,0.007732008583843708,-1.0499072074890137,0.05693654001585474
47.99057210003957,9316.776880154,odom,turning,,0.00505623750754141,0.0843140336507321,1.0037708109394188,1.1900441385594405,-3.053828612509327,1.9654726249032248,1.6546172459474124,-0.31567686796188354,1.0106860389733043,-1.0106860389733043,0.08798837500035006,pixhawk_fused,True,0.8,0.2,gyro,-1.0,-0.0025799665600061417,-1.1868919134140015,0.05693050338883093
47.9907494999934,9316.87706154,odom,turning,,0.0053491547526036895,0.08452584422490211,0.8977773112008889,1.190038003933986,-3.053467189491029,1.859479125164695,1.5450629068054242,-0.2093096822500229,0.9055691840672222,-0.9055691840672222,0.01064958400093019,pixhawk_fused,True,0.8,0.2,gyro,-1.0,0.012903700582683086,-1.0515635013580322,0.056878197760059396
48.44899249996524,9316.997230235,odom,turning,,0.005394410181863686,0.08453548104356934,0.7668631872449014,1.1900559919035387,-3.053424559042956,1.7285650012087075,1.4064825117599102,-0.08117800951004028,0.7765405764603344,-0.7765405764603344,0.08616336600061913,pixhawk_fused,True,0.8,0.2,gyro,-1.0,0.0025723548606038094,-1.115768551826477,0.05685356221174965
48.449146799976006,9317.118220401,odom,turning,,0.005688252508960323,0.08464600972456776,0.6692606188418704,1.1901334545469888,-3.0531203232110977,1.6309624328056764,1.2758863159932217,0.009365622885525227,0.6870216956162182,-0.6870216956162182,0.053655576000892324,pixhawk_fused,True,0.8,0.2,gyro,-1.0,0.015427953563630581,-0.9463343620300293,0.05672799047633841
48.4492022000486,9317.237434727,odom,turning,,0.0056549499612338,0.08461669359657749,0.46500453800781294,1.1901384454287143,-3.0531644093330073,1.426706351971619,1.1318587509457323,0.22902271151542664,0.46797241282698776,-0.46797241282698776,0.06647453100049461,pixhawk_fused,True,0.8,0.2,gyro,-1.0,0.010355161502957344,-0.9527620673179626,0.056730183769420676
48.44924989994615,9317.337758223,odom,turning,,0.005611832322932463,0.08460689996413986,0.35360537992258334,1.1901218091562955,-3.0532053761538385,1.3153071938863894,1.0298117301661769,0.33936095237731934,0.3542625418925014,-0.3542625418925014,0.05304410000098869,pixhawk_fused,True,0.8,0.2,gyro,-1.0,-0.0051439376547932625,-1.0141831636428833,0.05675321672908882
48.88462579995394,9317.45717295,odom,turning,,0.0060081768018599505,0.08464136501559724,0.3379552913128183,1.1903203006815921,-3.0528605894079597,1.2996571052766244,0.9505308887852495,0.33936095237731934,0.3542625418925014,-0.3542625418925014,0.17234381200069038,pixhawk_fused,True,0.8,0.2,gyro,-1.0,-0.01033851783722639,-0.6794503927230835,0.056501656498012545
48.884735799976625,9317.5593469,odom,turning,,0.006407080384883877,0.08463108875352175,0.21343398962616145,1.1905569516567491,-3.052539301396872,1.1751358035899675,0.8931387714249126,0.49001544713974,0.21322594779965548,-0.21322594779965548,0.07665024400012044,pixhawk_fused,True,0.8,0.2,gyro,-1.0,0.00486478116363287,-0.511543869972229,0.05621623196443466
48.884787400020286,9317.676702274,odom,turning,,0.006453584303526459,0.08462803154441399,0.16190065066068726,1.190586065133482,-3.052502909550956,1.1236024646244933,0.84240324506595,0.5412992835044861,0.161495239856216,-0.161495239856216,0.09407708800063119,pixhawk_fused,True,0.8,0.2,gyro,-1.0,-0.017958639189600945,-0.5732340216636658,0.056181624266467896
48.884833200019784,9317.777060011,odom,turning,,0.007163565845325348,0.08453201551744449,0.12233368440005532,1.1910710124744892,-3.0519755397152806,1.0840354983638614,0.8153074751324899,0.5818135738372803,0.1188402447724071,-0.1188402447724071,0.014154423000945826,pixhawk_fused,True,0.8,0.2,gyro,-1.0,0.007677529007196426,-0.16818980872631073,0.05561788521836652
48.88487629999872,9317.896673971,odom,turning,,0.0072525752086423576,0.08451854797143926,0.0952168301428975,1.1911329825892492,-3.051910242346037,1.0569186441067036,0.8085478391167756,0.6129180192947388,0.08667221105334429,-0.08667221105334429,0.02352914699986286,pixhawk_fused,True,0.8,0.2,gyro,-1.0,0.0,0.0,0.055546184614226064
49.3095984000247,9317.998432565,odom,turning,,0.007209399210373557,0.08452519439561013,0.09030068109224176,1.1911028293454902,-3.0519418512636327,1.0520024950560478,0.8051679952875532,0.6187450289726257,0.08137438092616467,-0.08137438092616467,0.07656902399867249,pixhawk_fused,True,0.8,0.2,gyro,-1.0,0.0028933200519531965,-0.03802996873855591,0.055581046124925794
49.30971329996828,9318.117467676,odom,turning,,0.006898628106553707,0.08457451020136982,0.08574857282017345,1.1908845822466965,-3.0521685204753384,1.0474503867839795,0.782851984919863,0.620143473148346,0.08123146843400864,-0.08123146843400864,0.04842720799933886,pixhawk_fused,True,0.8,0.2,gyro,-1.0,0.005130601581186056,-0.20232422649860382,0.05583302999044661
49.30977120005991,9318.237599382,odom,turning,,0.0071636686315138046,0.0845271429881372,0.059241116006477856,1.1910750675658914,-3.051978243109549,1.020942929970284,0.7666090330631696,0.6503342986106873,0.052177357191714326,-0.052177357191714326,0.061072706999766524,pixhawk_fused,True,0.8,0.2,gyro,-1.0,-0.010323996655642986,-0.2713984549045563,0.05561431986371542
49.30982029996812,9318.337679781,odom,turning,,0.00751329083239205,0.08444648528141077,0.04051435559150973,1.1913412479245917,-3.051737641019692,1.0022161695553158,0.7313955653905961,0.6672415733337402,0.03753942517426876,-0.03753942517426876,0.04606647899890959,pixhawk_fused,True,0.8,0.2,gyro,-1.0,0.01289956085383892,-0.3052041828632355,0.0553127819817665
49.745639899978414,9318.457917799,odom,turning,,0.007383200339154759,0.08447668128172842,0.0344827224625881,1.1912420541502948,-3.051827060983943,0.9961845364263942,0.700977158658381,0.6672415733337402,0.03753942517426876,-0.03753942517426876,0.1657216649982729,pixhawk_fused,True,0.8,0.2,gyro,-1.0,0.0025654283817857504,-0.16860072314739227,0.055425112896634085
49.74573029996827,9318.576658592,odom,turning,,0.00764317839090705,0.08440676635992175,-0.009514147591823563,1.1914481359748823,-3.051653835797383,0.9521876663719825,0.6955717869299143,0.723554253578186,-0.016011470442143405,0.016011470442143405,0.09497237600044173,pixhawk_fused,True,0.8,0.2,gyro,-1.0,0.0,0.0,0.05519376438525755
49.745781200006604,9318.67728849,odom,turning,,0.007556723984083705,0.08443038333037385,-0.013194558634527676,1.1913793033977498,-3.0517112309372276,0.9485072553292784,0.6969260053352931,0.7276424169540405,-0.020941780020919766,0.020941780020919766,0.013938506999693345,pixhawk_fused,True,0.8,0.2,gyro,-1.0,0.0,0.0,0.055270961407570346
49.745826600003056,,mission_status,reached,reached waypoint 4/4,0.007556723984083705,0.08443038333037385,-0.013194558634527676,,,,,,,,,,,,,,,,,
49.745848300051875,9318.79698786,odom,reached,,0.007556723984083705,0.08443038333037385,-0.012563103656798358,1.1913793033977498,-3.0517112309372276,0.9491387103070077,0.6969260053352931,0.7271950244903564,-0.020153520390828277,0.020153520390828277,0.02884846000051766,pixhawk_fused,True,0.8,0.2,gyro,-1.0,0.0,0.0,0.055270961407570346
50.21310369996354,9318.897607647,odom,reached,,0.007556723984083705,0.08443038333037385,-0.012497880197219646,1.1913793033977498,-3.0517112309372276,0.9492039337665864,0.6969260053352931,0.7272452116012573,-0.020072101097990895,0.020072101097990895,0.01571710999996867,pixhawk_fused,True,0.8,0.2,gyro,-1.0,0.0,0.0,0.055270961407570346
50.213195899967104,,mission_status,done,mission complete,0.007556723984083705,0.08443038333037385,-0.012497880197219646,,,,,,,,,,,,,,,,,
50.213215700001456,9318.998442167,odom,done,,0.007556723984083705,0.08443038333037385,-0.012543907326904025,1.1913793033977498,-3.0517112309372276,0.949157906636902,0.6969260053352931,0.7272884249687195,-0.020129557350156035,0.020129557350156035,0.03408895800021128,pixhawk_fused,True,0.8,0.2,gyro,-1.0,0.0,0.0,0.055270961407570346
50.21326240000781,9319.117489116,odom,done,,0.007556723984083705,0.08443038333037385,-0.012607152600558669,1.1913793033977498,-3.0517112309372276,0.9490946613632474,0.6969260053352931,0.7273606061935425,-0.020208507327799823,0.020208507327799823,0.035456892001093365,pixhawk_fused,True,0.8,0.2,gyro,-1.0,0.0,0.0,0.055270961407570346
50.213299700059,9319.217536742,odom,done,,0.007556723984083705,0.08443038333037385,-0.012680773903755771,1.1913793033977498,-3.0517112309372276,0.9490210400600503,0.6969260053352931,0.7274518609046936,-0.020300409992662395,0.020300409992662395,0.03146310900046956,pixhawk_fused,True,0.8,0.2,gyro,-1.0,0.0,0.0,0.055270961407570346
51.3307860000059,9319.317758492,odom,done,,0.007556723984083705,0.08443038333037385,-0.012680773903755771,1.1913793033977498,-3.0517112309372276,0.9490210400600503,0.6969260053352931,0.7274518609046936,-0.020300409992662395,0.020300409992662395,0.13130157600062375,pixhawk_fused,True,0.8,0.2,gyro,-1.0,0.0,0.0,0.055270961407570346
51.33089950005524,9319.438182971,odom,done,,0.007556723984083705,0.08443038333037385,-0.012737517845337942,1.1913793033977498,-3.0517112309372276,0.9489642961184681,0.6969260053352931,0.7274999618530273,-0.02037124447754505,0.02037124447754505,0.05113485699985176,pixhawk_fused,True,0.8,0.2,gyro,-1.0,0.0,0.0,0.055270961407570346
51.330949699971825,9319.557896383,odom,done,,0.007556723984083705,0.08443038333037385,-0.012797870835163705,1.1913793033977498,-3.0517112309372276,0.9489039431286423,0.6969260053352931,0.7275860905647278,-0.020446584301506306,0.020446584301506306,0.07005426199975773,pixhawk_fused,True,0.8,0.2,gyro,-1.0,0.0,0.0,0.055270961407570346
51.33099199994467,9319.659943569,odom,done,,0.007556723984083705,0.08443038333037385,-0.012797870835163705,1.1913793033977498,-3.0517112309372276,0.9489039431286423,0.6969260053352931,0.7275860905647278,-0.020446584301506306,0.020446584301506306,0.1727592019997246,pixhawk_fused,True,0.8,0.2,gyro,-1.0,0.0,0.0,0.055270961407570346
51.33102839998901,9319.776642884,odom,done,,0.007556723984083705,0.08443038333037385,-0.012898827622276565,1.1913793033977498,-3.0517112309372276,0.9488029863415295,0.6969260053352931,0.7276898622512817,-0.020572610872303273,0.020572610872303273,0.005033969999203691,pixhawk_fused,True,0.8,0.2,gyro,-1.0,0.0,0.0,0.055270961407570346
51.331070699961856,9319.877131995,odom,done,,0.007556723984083705,0.08443038333037385,-0.012898827622276565,1.1913793033977498,-3.0517112309372276,0.9488029863415295,0.6969260053352931,0.7276898622512817,-0.020572610872303273,0.020572610872303273,0.10544706499968015,pixhawk_fused,True,0.8,0.2,gyro,-1.0,0.0,0.0,0.055270961407570346
51.331107300007716,9319.996662025,odom,done,,0.007556723984083705,0.08443038333037385,-0.012934765646676616,1.1913793033977498,-3.0517112309372276,0.9487670483171294,0.6969260053352931,0.7277408242225647,-0.02061747316501024,0.02061747316501024,0.028571210999871255,pixhawk_fused,True,0.8,0.2,gyro,-1.0,0.0,0.0,0.055270961407570346
51.331144999945536,9320.096697411,odom,done,,0.007556723984083705,0.08443038333037385,-0.013001806291501494,1.1913793033977498,-3.0517112309372276,0.9487000076723046,0.6969260053352931,0.7278245091438293,-0.02070116169701251,0.02070116169701251,0.013324731999091455,pixhawk_fused,True,0.8,0.2,gyro,-1.0,0.0,0.0,0.055270961407570346
51.331180199980736,9320.197613917,odom,done,,0.007556723984083705,0.08443038333037385,-0.013075922744974822,1.1913793033977498,-3.0517112309372276,0.9486258912188312,0.6969260053352931,0.7279194593429565,-0.020793683286261883,0.020793683286261883,0.007059861998641281,pixhawk_fused,True,0.8,0.2,gyro,-1.0,0.0,0.0,0.055270961407570346
51.331216700025834,9320.297637956,odom,done,,0.007556723984083705,0.08443038333037385,-0.013075922744974822,1.1913793033977498,-3.0517112309372276,0.9486258912188312,0.6969260053352931,0.7279194593429565,-0.020793683286261883,0.020793683286261883,0.10677207899971108,pixhawk_fused,True,0.8,0.2,gyro,-1.0,0.0,0.0,0.055270961407570346
51.331251300056465,9320.417266321,odom,done,,0.007556723984083705,0.08443038333037385,-0.01312453661015911,1.1913793033977498,-3.0517112309372276,0.9485772773536469,0.6969260053352931,0.7279659509658813,-0.020854369382810916,0.020854369382810916,0.053790933001437224,pixhawk_fused,True,0.8,0.2,gyro,-1.0,0.0,0.0,0.055270961407570346
