local_t,bridge_t,event_type,mission_state,event_message,x_m,y_m,yaw_rad,raw_x_m,raw_y_m,raw_yaw_rad,encoder_yaw_rad,pixhawk_yaw_rad,pixhawk_yaw_ros_rad,pixhawk_gyro_yaw_rad,pixhawk_age_s,yaw_source,use_pixhawk_yaw,pixhawk_weight,encoder_weight,pixhawk_yaw_mode,pixhawk_yaw_sign,linear_x_mps,angular_z_radps,nearest_path_error_m
1.0453389000613242,9723.434978283,odom,idle,,-0.03292876006282448,-0.05561323453385646,0.025515450191512024,1.1853835908180235,-3.1192725889037076,0.6074641215973371,0.32865120001556314,0.7666677832603455,-0.03165656492622176,0.03165656492622176,0.029947290000563953,pixhawk_fused,True,0.8,0.2,gyro,-1.0,0.0,0.0,0.05839228410077084
1.0454651000909507,9723.554333471,odom,idle,,-0.03292876006282448,-0.05561323453385646,0.02550844328722235,1.1853835908180235,-3.1192725889037076,0.6074571146930474,0.32865120001556314,0.7666555047035217,-0.03166531738401929,0.03166531738401929,0.032900852000238956,pixhawk_fused,True,0.8,0.2,gyro,-1.0,0.0,0.0,0.05839228410077084
1.045512100099586,9723.654420141,odom,idle,,-0.03292876006282448,-0.05561323453385646,0.025404123278424895,1.1853835908180235,-3.1192725889037076,0.60735279468425,0.32865120001556314,0.766740083694458,-0.03179562537880221,0.03179562537880221,0.023608548000993324,pixhawk_fused,True,0.8,0.2,gyro,-1.0,0.0,0.0,0.05839228410077084
1.0455512000480667,9723.75450257,odom,idle,,-0.03292876006282448,-0.05561323453385646,0.025326345834766117,1.1853835908180235,-3.1192725889037076,0.6072750172405912,0.32865120001556314,0.7667987942695618,-0.031892778435215145,0.031892778435215145,0.015314775999286212,pixhawk_fused,True,0.8,0.2,gyro,-1.0,0.0,0.0,0.05839228410077084
1.0455887001007795,9723.855171764,odom,idle,,-0.03292876006282448,-0.05561323453385646,0.025326345834766117,1.1853835908180235,-3.1192725889037076,0.6072750172405912,0.32865120001556314,0.7667987942695618,-0.031892778435215145,0.031892778435215145,0.11580321399924287,pixhawk_fused,True,0.8,0.2,gyro,-1.0,0.0,0.0,0.05839228410077084
1.0456316000781953,9723.97536547,odom,idle,,-0.03292876006282448,-0.05561323453385646,0.02521985555480588,1.1853835908180235,-3.1192725889037076,0.607168526960631,0.32865120001556314,0.7668807506561279,-0.03202579695773849,0.03202579695773849,0.03512185500039777,pixhawk_fused,True,0.8,0.2,gyro,-1.0,0.0,0.0,0.05839228410077084
1.045676900073886,9724.096313491,odom,idle,,-0.03292876006282448,-0.05561323453385646,0.025193722625452608,1.1853835908180235,-3.1192725889037076,0.6071423940312777,0.32865120001556314,0.7668870687484741,-0.032058439935982015,0.032058439935982015,0.0471609289998014,pixhawk_fused,True,0.8,0.2,gyro,-1.0,0.0,0.0,0.05839228410077084
1.0457207000581548,9724.216171947,odom,idle,,-0.03292876006282448,-0.05561323453385646,0.025193722625452608,1.1853835908180235,-3.1192725889037076,0.6071423940312777,0.32865120001556314,0.7668870687484741,-0.032058439935982015,0.032058439935982015,0.1673736730008386,pixhawk_fused,True,0.8,0.2,gyro,-1.0,0.0,0.0,0.05839228410077084
1.0457594000035897,9724.33434798,odom,idle,,-0.03292876006282448,-0.05561323453385646,0.02516162903246033,1.1853835908180235,-3.1192725889037076,0.6071103004382854,0.32865120001556314,0.7668910026550293,-0.03209852843680957,0.03209852843680957,0.10762514699854364,pixhawk_fused,True,0.8,0.2,gyro,-1.0,0.0,0.0,0.05839228410077084
1.0457963000517339,9724.434733608,odom,idle,,-0.03292876006282448,-0.05561323453385646,0.025063881713317304,1.1853835908180235,-3.1192725889037076,0.6070125531191424,0.32865120001556314,0.7669369578361511,-0.03222062568315843,0.03222062568315843,0.012615579998964677,pixhawk_fused,True,0.8,0.2,gyro,-1.0,0.0,0.0,0.05839228410077084
1.9277182000223547,9724.554458141,odom,idle,,0.0,0.0,-6.540861577675194e-05,1.1853835908180235,-3.1192725889037076,0.6069471445033656,0.32865120001556314,0.7669683694839478,-0.03230238645286838,0.03230238645286838,0.02857535899966024,pixhawk_fused,True,0.8,0.2,gyro,-1.0,0.0,0.0,0.0
1.9278152000624686,9724.655276352,odom,idle,,0.0,0.0,-0.0001047300517917904,1.1853835908180235,-3.1192725889037076,0.6069078230673506,0.32865120001556314,0.7669897079467773,-0.03235153824785331,0.03235153824785331,0.01576039500105253,pixhawk_fused,True,0.8,0.2,gyro,-1.0,0.0,0.0,0.0
1.9278595000505447,9724.774872333,odom,idle,,0.0,0.0,-0.0001047300517917904,1.1853835908180235,-3.1192725889037076,0.6069078230673506,0.32865120001556314,0.7669897079467773,-0.03235153824785331,0.03235153824785331,0.13547600300080376,pixhawk_fused,True,0.8,0.2,gyro,-1.0,0.0,0.0,0.0
1.9278978001093492,9724.874945969,odom,idle,,0.0,0.0,-0.00018973791248089178,1.1853835908180235,-3.1192725889037076,0.6068228152066615,0.32865120001556314,0.7670167684555054,-0.03245779807349274,0.03245779807349274,0.013444651998725021,pixhawk_fused,True,0.8,0.2,gyro,-1.0,0.0,0.0,0.0
1.9279359000502154,9724.995128881,odom,idle,,0.0,0.0,-0.00018973791248089178,1.1853835908180235,-3.1192725889037076,0.6068228152066615,0.32865120001556314,0.7670167684555054,-0.03245779807349274,0.03245779807349274,0.133350440999493,pixhawk_fused,True,0.8,0.2,gyro,-1.0,0.0,0.0,0.0
1.9279688000679016,9725.115107779,odom,idle,,0.0,0.0,-0.00020731687201092086,1.1853835908180235,-3.1192725889037076,0.6068052362471315,0.32865120001556314,0.7670230865478516,-0.032479771772824025,0.032479771772824025,0.10223188199961442,pixhawk_fused,True,0.8,0.2,gyro,-1.0,0.0,0.0,0.0
1.9280129000544548,9725.215345912,odom,idle,,0.0,0.0,-0.0002664135365136877,1.1853835908180235,-3.1192725889037076,0.6067461395826287,0.32865120001556314,0.7670562863349915,-0.03255364260306189,0.03255364260306189,0.09365717399850837,pixhawk_fused,True,0.8,0.2,gyro,-1.0,0.0,0.0,0.0
1.928048900095746,9725.316123644,odom,idle,,0.0,0.0,-0.00034017223615279146,1.1853835908180235,-3.1192725889037076,0.6066723808829896,0.32865120001556314,0.7670875191688538,-0.032645840976811745,0.032645840976811745,0.07682700599980308,pixhawk_fused,True,0.8,0.2,gyro,-1.0,0.0,0.0,0.0
3.1651786000002176,9725.41615232,odom,idle,,0.0,0.0,-0.00034017223615279146,1.1853835908180235,-3.1192725889037076,0.6066723808829896,0.32865120001556314,0.7670875191688538,-0.032645840976811745,0.032645840976811745,0.17707267700097873,pixhawk_fused,True,0.8,0.2,gyro,-1.0,0.0,0.0,0.0
3.165273700025864,9725.532163534,odom,idle,,0.0,0.0,-0.0004175114922617684,1.1853835908180235,-3.1192725889037076,0.6065950416268806,0.32865120001556314,0.7671276330947876,-0.03274251504564265,0.03274251504564265,0.10612912800024787,pixhawk_fused,True,0.8,0.2,gyro,-1.0,0.0,0.0,0.0
3.1653160999994725,9725.633886133,odom,idle,,0.0,0.0,-0.0004729797768876498,1.1853835908180235,-3.1192725889037076,0.6065395733422547,0.32865120001556314,0.7671496272087097,-0.032811850400134714,0.032811850400134714,0.09977162600080192,pixhawk_fused,True,0.8,0.2,gyro,-1.0,0.0,0.0,0.0
3.165354900062084,9725.734135526,odom,idle,,0.0,0.0,-0.0005154282635028151,1.1853835908180235,-3.1192725889037076,0.6064971248556396,0.32865120001556314,0.7671588063240051,-0.03286491100718805,0.03286491100718805,0.08697351299997536,pixhawk_fused,True,0.8,0.2,gyro,-1.0,0.0,0.0,0.0
3.1653916001087055,9725.834598913,odom,idle,,0.0,0.0,-0.000531747717638531,1.1853835908180235,-3.1192725889037076,0.6064808054015038,0.32865120001556314,0.7671568989753723,-0.0328853103243334,0.0328853103243334,0.009226639000189607,pixhawk_fused,True,0.8,0.2,gyro,-1.0,0.0,0.0,0.0
3.165425500017591,9725.956132834,odom,idle,,0.0,0.0,-0.0005750242173483411,1.1853835908180235,-3.1192725889037076,0.606437528901794,0.32865120001556314,0.76717609167099,-0.03293940594741682,0.03293940594741682,0.08595718499964278,pixhawk_fused,True,0.8,0.2,gyro,-1.0,0.0,0.0,0.0
3.1654610000550747,9726.074932021,odom,idle,,0.0,0.0,-0.0005992793746494307,1.1853835908180235,-3.1192725889037076,0.6064132737444929,0.32865120001556314,0.7671880125999451,-0.0329697248930631,0.0329697248930631,0.0535103780002828,pixhawk_fused,True,0.8,0.2,gyro,-1.0,0.0,0.0,0.0
3.1655046000378206,9726.195329024,odom,idle,,0.0,0.0,-0.0006873120111363651,1.1853835908180235,-3.1192725889037076,0.606325241108006,0.32865120001556314,0.7672433257102966,-0.03307976568439582,0.03307976568439582,0.06546815800174954,pixhawk_fused,True,0.8,0.2,gyro,-1.0,0.0,0.0,0.0
3.165538900066167,9726.315562199,odom,idle,,0.0,0.0,-0.000733456369898744,1.1853835908180235,-3.1192725889037076,0.6062790967492436,0.32865120001556314,0.767270565032959,-0.033137446130119055,0.033137446130119055,0.07209293199957756,pixhawk_fused,True,0.8,0.2,gyro,-1.0,0.0,0.0,0.0
3.1655808000359684,9726.434581939,odom,idle,,0.0,0.0,-0.000733456369898744,1.1853835908180235,-3.1192725889037076,0.6062790967492436,0.32865120001556314,0.767270565032959,-0.033137446130119055,0.033137446130119055,0.19146516299952054,pixhawk_fused,True,0.8,0.2,gyro,-1.0,0.0,0.0,0.0
3.165611800039187,9726.554546305,odom,idle,,0.0,0.0,-0.0008156017808287341,1.1853835908180235,-3.1192725889037076,0.6061969513383136,0.32865120001556314,0.7673055529594421,-0.03324012788800129,0.03324012788800129,0.11781426699963049,pixhawk_fused,True,0.8,0.2,gyro,-1.0,0.0,0.0,0.0
4.18148710008245,9726.654923734,odom,idle,,0.0,0.0,-2.4423226714587187e-05,1.1853835908180235,-3.1192725889037076,0.606172528111599,0.32865120001556314,0.7673047184944153,-0.03327065692139396,0.03327065692139396,0.041790852999838535,pixhawk_fused,True,0.8,0.2,gyro,-1.0,0.0,0.0,0.0
4.181586700025946,9726.755119611,odom,idle,,0.0,0.0,-6.265275851657925e-05,1.1853835908180235,-3.1192725889037076,0.6061342985797971,0.32865120001556314,0.7673158049583435,-0.03331844383613744,0.03331844383613744,0.03470131100038998,pixhawk_fused,True,0.8,0.2,gyro,-1.0,0.0,0.0,0.0
4.181632700026967,9726.855243323,odom,idle,,0.0,0.0,-9.39459420999933e-05,1.1853835908180235,-3.1192725889037076,0.6061030053962136,0.32865120001556314,0.7673278450965881,-0.033357560315593865,0.033357560315593865,0.015127669999856153,pixhawk_fused,True,0.8,0.2,gyro,-1.0,0.0,0.0,0.0
4.181671900092624,9726.975440129,odom,idle,,0.0,0.0,-0.00014605516503052307,1.1853835908180235,-3.1192725889037076,0.6060508961732831,0.32865120001556314,0.7673528790473938,-0.03342269684416779,0.03342269684416779,0.05535381800109462,pixhawk_fused,True,0.8,0.2,gyro,-1.0,0.0,0.0,0.0
4.1817078000167385,9727.096423175,odom,idle,,0.0,0.0,-0.00023932091264045052,1.1853835908180235,-3.1192725889037076,0.6059576304256732,0.32865120001556314,0.767410159111023,-0.03353927902826645,0.03353927902826645,0.06665403900115052,pixhawk_fused,True,0.8,0.2,gyro,-1.0,0.0,0.0,0.0
4.181743200053461,9727.216067199,odom,idle,,0.0,0.0,-0.00028289138670978264,1.1853835908180235,-3.1192725889037076,0.6059140599516039,0.32865120001556314,0.7674283981323242,-0.03359374212050416,0.03359374212050416,0.07807749899984628,pixhawk_fused,True,0.8,0.2,gyro,-1.0,0.0,0.0,0.0
4.18177770008333,9727.334193202,odom,idle,,0.0,0.0,-0.00028289138670978264,1.1853835908180235,-3.1192725889037076,0.6059140599516039,0.32865120001556314,0.7674283981323242,-0.03359374212050416,0.03359374212050416,0.19651306999912777,pixhawk_fused,True,0.8,0.2,gyro,-1.0,0.0,0.0,0.0
4.1818202000577,9727.434561337,odom,idle,,0.0,0.0,-0.0003860767747563276,1.1853835908180235,-3.1192725889037076,0.6058108745635573,0.32865120001556314,0.7674688696861267,-0.033722723854198826,0.033722723854198826,0.035632328001156566,pixhawk_fused,True,0.8,0.2,gyro,-1.0,0.0,0.0,0.0
4.181853500078432,9727.554728664,odom,idle,,0.0,0.0,-0.00040233516375098866,1.1853835908180235,-3.1192725889037076,0.6057946161745627,0.32865120001556314,0.7674829959869385,-0.03374304684014596,0.03374304684014596,0.11443182900075044,pixhawk_fused,True,0.8,0.2,gyro,-1.0,0.0,0.0,0.0
4.6075445000315085,,mission_status,navigating,going to waypoint 1/4,0.0,0.0,-0.00040233516375098866,,,,,,,,,,,,,,,,,
4.607630000100471,9727.674956415,odom,navigating,,0.0,0.0,-0.0004650273749365885,1.1853835908180235,-3.1192725889037076,0.605731923963377,0.32865120001556314,0.7675231099128723,-0.03382141210274376,0.03382141210274376,0.05640236900035234,pixhawk_fused,True,0.8,0.2,gyro,-1.0,0.0,0.0,0.0
4.60770870000124,9727.795133149,odom,navigating,,0.0,0.0,-0.000518690331915761,1.1853835908180235,-3.1192725889037076,0.6056782610063979,0.32865120001556314,0.7675150632858276,-0.03388849079744496,0.03388849079744496,0.06953023300047789,pixhawk_fused,True,0.8,0.2,gyro,-1.0,0.0,0.0,0.0
5.037542600068264,9727.896195324,odom,navigating,,0.0,0.0,-0.000518690331915761,1.1853835908180235,-3.1192725889037076,0.6056782610063979,0.32865120001556314,0.7675150632858276,-0.03388849079744496,0.03388849079744496,0.17019589799929236,pixhawk_fused,True,0.8,0.2,gyro,-1.0,0.0,0.0,0.0
5.037720900028944,9728.015395951,odom,navigating,,0.0,0.0,-0.0005895359423711,1.1853835908180235,-3.1192725889037076,0.6056074153959425,0.32865120001556314,0.7675696015357971,-0.03397704780796148,0.03397704780796148,0.09401863200037042,pixhawk_fused,True,0.8,0.2,gyro,-1.0,0.0,0.0,0.0
5.037776500103064,9728.135187657,odom,navigating,,4.3242781502526474e-05,-1.2266264591006522e-05,-0.0005293789457168074,1.1854261172893938,-3.119258032165341,0.6056675723925968,0.32933019776895445,0.7676041126251221,-0.03407160093957163,0.03407160093957163,0.09652737100077502,pixhawk_fused,True,0.8,0.2,gyro,-1.0,0.0,0.0,3.893760744987423e-05
5.03782530000899,9728.254435563,odom,navigating,,0.0003450877499251351,-9.753771345615669e-05,0.0003821284565013183,1.185722762821961,-3.1191561349967762,0.606579079794815,0.334060443912151,0.7676268815994263,-0.034114773328840504,0.034114773328840504,0.042258640000000014,pixhawk_fused,True,0.8,0.2,gyro,-1.0,0.005145479924976826,0.06763248890638351,0.0003104804620817631
5.037867000093684,9728.354558205,odom,navigating,,0.001862544466472571,-0.0005058161472723127,0.005852628805511628,1.1872024552769085,-3.118627101533859,0.6120495801438253,0.357757332618087,0.7666605114936829,-0.03320038387501217,0.03320038387501217,0.033718613000019104,pixhawk_fused,True,0.8,0.2,gyro,-1.0,0.02572997286915779,0.3381962776184082,0.001660969880833718
5.475114300032146,9728.476908947,odom,navigating,,0.005403882931430629,-0.0013189549924660885,0.06168789035054367,1.1905760833700307,-3.117277691887291,0.6678848416888573,0.4125211305722251,0.714385449886322,0.022902678754687544,-0.022902678754687544,0.027596105999691645,pixhawk_fused,True,0.8,0.2,gyro,-1.0,0.03909382224082947,0.5138514637947083,0.004712502116439915
5.475353500107303,9728.595754288,odom,navigating,,0.010276298157377255,-0.002118645988284731,0.07655459461232561,1.1950359560753963,-3.115158854641355,0.6827515459506392,0.4869382447377454,0.714385449886322,0.022902678754687544,-0.022902678754687544,0.14592858899959538,pixhawk_fused,True,0.8,0.2,gyro,-1.0,0.049061134457588196,0.6448624134063721,0.008682220655260893
5.4754088000627235,9728.696618339,odom,navigating,,0.015271817867347718,-0.002564657841362673,0.1329157861109619,1.1993954912627363,-3.1126792182373366,0.7391127374492755,0.562530267206877,0.6620932221412659,0.07447503122365498,-0.07447503122365498,0.07305852300123661,pixhawk_fused,True,0.8,0.2,gyro,-1.0,0.06394760310649872,0.840531051158905,0.012484153839559023
5.475455400068313,9728.815410959,odom,navigating,,0.022148788905321883,-0.0025677889363612677,0.2657549317290331,1.2050489125374462,-3.1087636635701728,0.8719518830673467,0.6662061389724641,0.520530104637146,0.21457925924336935,-0.21457925924336935,0.08469723700000031,pixhawk_fused,True,0.8,0.2,gyro,-1.0,0.06699508428573608,0.8805873394012451,0.01637489442109813
5.898678700090386,9728.915481658,odom,navigating,,0.027547355770675505,-0.002065979180345172,0.28203246050545994,1.2091996625059305,-3.1052754531507665,0.8882294118437736,0.7479398186679561,0.520530104637146,0.21457925924336935,-0.21457925924336935,0.18493700600083685,pixhawk_fused,True,0.8,0.2,gyro,-1.0,0.06298352032899857,0.827859103679657,0.019807536907552416
5.89881340006832,9729.015639985,odom,navigating,,0.03329569829049638,-0.001037924352764074,0.4330507918012769,1.2133380392468034,-3.101155480286257,1.0392477431395906,0.8359601850255409,0.3556726276874542,0.38126210900819324,-0.38126210900819324,0.08886567800072953,pixhawk_fused,True,0.8,0.2,gyro,-1.0,0.06699508428573608,0.8805873394012451,0.02387205057576799
5.898887800052762,9729.135150496,odom,navigating,,0.03986136739251024,0.0007975064427922958,0.5196563222639328,1.217688112554205,-3.095906320431323,1.1258532736022464,0.9387357325280715,0.27205410599708557,0.4638380216029885,-0.4638380216029885,0.0934655910004949,pixhawk_fused,True,0.8,0.2,gyro,-1.0,0.06717674434185028,0.8829750418663025,0.027213586180179737
5.898942400002852,9729.254450274,odom,navigating,,0.04608247361421554,0.0032427698382379924,0.6063061090565289,1.2214075671602325,-3.090352300884315,1.2125030603948426,1.0395124031897824,0.1888103187084198,0.5469718442825081,-0.5469718442825081,0.033829408001111005,pixhawk_fused,True,0.8,0.2,gyro,-1.0,0.06175810843706131,0.811752200126648,0.029796709949418434
6.330905600101687,9729.35462949,odom,navigating,,0.050853867645049844,0.00563942163386719,0.6885505286383229,1.2239633145105668,-3.0856641993167044,1.2947474799766365,1.1199948550777885,0.10660862922668457,0.6296545372871163,-0.6296545372871163,0.007608177000292926,pixhawk_fused,True,0.8,0.2,gyro,-1.0,0.06431850790977478,0.8454062342643738,0.03140416560159349
6.33100500004366,9729.454635934,odom,navigating,,0.05552913627092046,0.008485057816732141,0.8035820274338734,1.226184256878473,-3.080661880153784,1.409778978772187,1.2024914877508233,-0.015991907566785812,0.7527908802894356,-0.7527908802894356,0.04836905500087596,pixhawk_fused,True,0.8,0.2,gyro,-1.0,0.06431850790977478,0.8454062342643738,0.03262268554220961
6.331056500086561,9729.555297936,odom,navigating,,0.06036861272273802,0.012031641501061674,0.8467684117728274,1.2281407864916236,-3.074989951026008,1.452965363111141,1.2929380715457046,-0.04895276576280594,0.7842120481399301,-0.7842120481399301,0.03405103299883194,pixhawk_fused,True,0.8,0.2,gyro,-1.0,0.0714118704199791,0.9386417865753174,0.03345307244537926
6.331101200077683,9729.675248624,odom,navigating,,0.06647545322676641,0.01759209452708743,1.0142844974361567,1.2299914678215098,-3.0669409065229947,1.6204814487744703,1.417472615440209,-0.23012559115886688,0.9624263142017129,-0.9624263142017129,0.04319115499856707,pixhawk_fused,True,0.8,0.2,gyro,-1.0,0.0820201113820076,1.0780771970748901,0.03372288976397704
6.766320200054906,9729.795482899,odom,navigating,,0.07422593891935571,0.027130277807335096,1.1420033091208084,1.2309266342848502,-3.05468642030592,1.748200260459122,1.6029356111926583,-0.3456149101257324,1.075783288684249,-1.075783288684249,0.053951482001139084,pixhawk_fused,True,0.8,0.2,gyro,-1.0,0.12915362417697906,1.6976027488708496,0.03228629457794667
6.766440600040369,9729.896132901,odom,navigating,,0.08058786562027243,0.03897247593520599,1.1818499599121348,1.2294079505664213,-3.0413295730876966,1.7880469112504485,1.8058240127955216,-0.3456149101257324,1.075783288684249,-1.075783288684249,0.15350256500096293,pixhawk_fused,True,0.8,0.2,gyro,-1.0,0.17043143510818481,2.2401607036590576,0.028229774859241146
6.766504200058989,9730.014510422,odom,navigating,,0.08513116434060203,0.05549657879274469,1.5203799303495105,1.2237271834189227,-3.0251611958307,2.126576881687824,2.045699769624797,-0.7163538932800293,1.4382695321706536,-1.4382695321706536,0.07534326899985899,pixhawk_fused,True,0.8,0.2,gyro,-1.0,0.14601829648017883,1.8519301414489746,0.01954855273885065
6.766552400076762,9730.114932282,odom,navigating,,0.0859274745260784,0.06628576510378253,1.710120838768078,1.2182345101264591,-3.0158407242080814,2.3163177901063916,2.1899259758821863,-0.9098162055015564,1.6392270608810189,-1.6392270608810189,0.0021195810004428495,pixhawk_fused,True,0.8,0.2,gyro,-1.0,0.09533438831567764,1.1176124811172485,0.012367545089883532
7.190465299994685,9730.234489981,odom,navigating,,0.08564286313561655,0.07237612390270129,1.8426303428477948,1.214530652025824,-3.010997697353571,2.4488272941861084,2.276435600814064,-1.0509302616119385,1.7831471085218193,-1.7831471085218193,0.007069671000863309,pixhawk_fused,True,0.8,0.2,gyro,-1.0,0.018003780394792557,0.2366427481174469,0.0078022392438490155
7.1905685000820085,9730.33462972,odom,navigating,,0.08562500069126272,0.07255475464462317,1.8426303428477948,1.2144141981188927,-3.010861071966332,2.4488272941861084,2.276435600814064,-1.0509302616119385,1.7831471085218193,-1.7831471085218193,0.10679347400036932,pixhawk_fused,True,0.8,0.2,gyro,-1.0,0.0,0.0,0.007661706154028862
7.190620900015347,9730.454543411,odom,navigating,,0.08560746065842792,0.07273366794705534,1.899638943131662,1.214297848188664,-3.0107240306722822,2.5058358944699757,2.2737272483628326,-1.1242564916610718,1.8550432030824426,-1.8550432030824426,0.03353846999925736,pixhawk_fused,True,0.8,0.2,gyro,-1.0,0.002573125995695591,-0.03382131829857826,0.0075211951996447075
7.190677700098604,9730.576692663,odom,navigating,,0.08542420567751234,0.07492172337879435,1.8834753781663416,1.212900609258892,-3.0090302501866457,2.4896723295046552,2.240638459297246,-1.1093379259109497,1.843108185377479,-1.843108185377479,0.049943297999561764,pixhawk_fused,True,0.8,0.2,gyro,-1.0,0.034108296036720276,-0.4483214318752289,0.005824574688088878
7.6269293000223115,9730.695625377,odom,navigating,,0.08526382563214512,0.07954461131667526,1.8369342986009212,1.2101349329459734,-3.0053224409713115,2.443131249939235,2.1709135009902223,-1.0654900074005127,1.8023621760276558,-1.8023621760276558,0.054928147001191974,pixhawk_fused,True,0.8,0.2,gyro,-1.0,0.05164588987827301,-0.6788365840911865,0.002398072353040013
7.627078200108372,9730.815075913,odom,navigating,,0.0855344743246309,0.08564021073398784,1.818548240283742,1.2068844132687502,-3.000158749965929,2.4247451916220557,2.078933482121976,-1.0654900074005127,1.8023621760276558,-1.8023621760276558,0.17498003900072945,pixhawk_fused,True,0.8,0.2,gyro,-1.0,0.05974658578634262,-0.7853125929832458,0.0017839464024653467
8.049124600016512,9730.934064811,odom,navigating,,0.08651674005718861,0.09252411214572129,1.6730214085578674,1.2037695831884425,-2.993941774963033,2.279218359896181,1.9740979791792763,-0.9096598625183105,1.6466741190222505,-1.6466741190222505,0.07206992000101309,pixhawk_fused,True,0.8,0.2,gyro,-1.0,0.06679438799619675,-0.8779493570327759,0.006035160961682763
8.049223800073378,9731.035595499,odom,navigating,,0.0879772134040642,0.09849474645837694,1.601817978285625,1.2015680844639256,-2.9882028848387714,2.2080149296239386,1.8814465634165076,-0.8423177599906921,1.5808289023307565,-1.5808289023307565,0.014267320000726613,pixhawk_fused,True,0.8,0.2,gyro,-1.0,0.07178547233343124,-0.9435524344444275,0.00929820832963556
8.04927130008582,9731.154377643,odom,navigating,,0.09054492477180215,0.1056745099073475,1.4365063294245708,1.199587640209173,-2.9808394627128165,2.0427032807628844,1.766471700687611,-0.6641514301300049,1.4029376588133575,-1.4029376588133575,0.0322405009992508,pixhawk_fused,True,0.8,0.2,gyro,-1.0,0.07718605548143387,-1.014538049697876,0.01265642544284485
8.049319400102831,9731.274991747,odom,navigating,,0.0938088788711919,0.11231262874515834,1.3402830625505922,1.198487982602292,-2.9735244937302814,1.9464800138889058,1.6549452104081528,-0.5726654529571533,1.310540090766311,-1.310540090766311,0.03519530400080839,pixhawk_fused,True,0.8,0.2,gyro,-1.0,0.06663801521062851,-0.8758939504623413,0.015140954965381379
8.049358800053596,9731.375343408,odom,navigating,,0.09699414006399075,0.11741267035062193,1.322175756565252,1.198199967136042,-2.9675183834802934,1.9283727079035657,1.5643079307909102,-0.5726654529571533,1.310540090766311,-1.310540090766311,0.13559146400075406,pixhawk_fused,True,0.8,0.2,gyro,-1.0,0.06407501548528671,-0.8422057628631592,0.016577503303063564
8.475116000045091,9731.47564746,odom,navigating,,0.10065548658244053,0.12223731144041945,1.1944219098175488,1.1984601168459905,-2.961467355294775,1.8006188611558624,1.473006974489638,-0.4344349503517151,1.1736934138206245,-1.1736934138206245,0.049287980000372045,pixhawk_fused,True,0.8,0.2,gyro,-1.0,0.069187231361866,-0.909400999546051,0.017484727735130993
8.475257100071758,9731.595919183,odom,navigating,,0.10535415709267676,0.12730739172292144,1.0779193781579952,1.1994329228756784,-2.954623608728501,1.6841163294963089,1.368804723790069,-0.3147846460342407,1.0541186098722222,-1.0541186098722222,0.05773734200010949,pixhawk_fused,True,0.8,0.2,gyro,-1.0,0.06197506934404373,-0.8146039247512817,0.017844869334049034
8.475307500106283,9731.695990425,odom,navigating,,0.10957218566331979,0.13107098979086138,1.0609123195691863,1.2007550906261606,-2.9491274002281487,1.6671092709075,1.2835919460323157,-0.3147846460342407,1.0541186098722222,-1.0541186098722222,0.1572176900008344,pixhawk_fused,True,0.8,0.2,gyro,-1.0,0.06457032263278961,-0.8487160801887512,0.017603267383440938
8.475353600108065,9731.814748423,odom,navigating,,0.11510245668002163,0.13513968992137926,0.9732409009895515,1.2029818556894136,-2.942632807429264,1.5794378523278652,1.180083904325224,-0.23214423656463623,0.97038224771297,-0.97038224771297,0.10296130499955325,pixhawk_fused,True,0.8,0.2,gyro,-1.0,0.07214494049549103,-0.9482772946357727,0.016665729901961943
8.908729700022377,9731.915249748,odom,navigating,,0.12062152885148765,0.1384122462616842,0.8095880176824575,1.2056530171796531,-2.9367988825988105,1.4157849690207711,1.0833508915840906,-0.05038827657699585,0.7900635122326615,-0.7900635122326615,0.04441670300002443,pixhawk_fused,True,0.8,0.2,gyro,-1.0,0.08245135098695755,-1.0837453603744507,0.015165146515383589
8.90882870007772,9732.03434072,odom,navigating,,0.12876526179804224,0.14206056987818863,0.7231605111766708,1.210267087335,-2.9291607540245406,1.3293574625149844,0.9487912877471206,0.025339888408780098,0.7156327890423538,-0.7156327890423538,0.012721151999357971,pixhawk_fused,True,0.8,0.2,gyro,-1.0,0.09504880011081696,-1.2493269443511963,0.012104473247956191
8.908890300081111,9732.13495606,odom,navigating,,0.14040585679112866,0.14540609949401603,0.5018210415508295,1.2179274669236302,-2.919779144100783,1.1080179928891432,0.8054120498283827,0.2694900631904602,0.47484534683501745,-0.47484534683501745,0.004197774000203935,pixhawk_fused,True,0.8,0.2,gyro,-1.0,0.16441696882247925,-1.4857604503631592,0.0063891982229897695
8.908934900071472,9732.256438999,odom,navigating,,0.16246816830488042,0.14825891252085852,0.36586437756399914,1.2344333525573226,-2.904864725877352,0.9720613289023128,0.6601941354811839,0.39805465936660767,0.34120303097045446,-0.34120303097045446,0.012345236000328441,pixhawk_fused,True,0.8,0.2,gyro,-1.0,0.21788360178470612,-0.9331726431846619,0.006943835457269952
9.339952200069092,9732.37523511,odom,navigating,,0.1832644667647969,0.1487393742674561,0.35085498939216464,1.2512504404619487,-2.892621261190755,0.9570519407304783,0.5850217416964324,0.39805465936660767,0.34120303097045446,-0.34120303097045446,0.13060928499908186,pixhawk_fused,True,0.8,0.2,gyro,-1.0,0.17170929908752441,-0.572713315486908,0.021095419631137386
9.340055000036955,9732.47530565,odom,navigating,,0.19612008180056098,0.1482738995471491,0.25678353897403683,1.2620806538065708,-2.8856793606172104,0.8629804903123505,0.5464856787494659,0.5206300616264343,0.23327836814200903,-0.23327836814200903,0.03531657999883464,pixhawk_fused,True,0.8,0.2,gyro,-1.0,0.12955424189567566,-0.23368579149246216,0.03039019724757118
9.340121100074612,9732.595462692,odom,navigating,,0.20666960850228888,0.14756605567199904,0.2542158334037973,1.2711537648536626,-2.880250529020154,0.8604127847421109,0.5336377419772318,0.5206300616264343,0.23327836814200903,-0.23327836814200903,0.15539219899983436,pixhawk_fused,True,0.8,0.2,gyro,-1.0,0.080047108232975,-0.03394012898206711,0.03825129699861329
9.340161900036037,9732.695641878,odom,navigating,,0.21365860571781542,0.14715403066515884,0.23644442018693523,1.2771322173007544,-2.8766071853604425,0.8426413715252489,0.5742109089209825,0.5516484379768372,0.200925499704242,-0.200925499704242,0.08314385400080937,pixhawk_fused,True,0.8,0.2,gyro,-1.0,0.07363153249025345,0.4659860134124756,0.043418416843408754
9.770213200012222,9732.814397361,odom,navigating,,0.2214675064171059,0.14713463407188856,0.2522941811820707,1.2835607848934767,-2.8721740346676494,0.8584911325203843,0.659461721987897,0.5482174754142761,0.19944387330817456,-0.19944387330817456,0.09381346100053634,pixhawk_fused,True,0.8,0.2,gyro,-1.0,0.0644344836473465,0.8469306230545044,0.04887552847815641
9.770313800079748,9732.915210624,odom,navigating,,0.22741166307794283,0.1476666074661987,0.30315118249633155,1.2881427262477152,-2.868350187452194,0.9093481338346452,0.7494276010166858,0.5039542317390442,0.24056830202745672,-0.24056830202745672,0.07683036900016305,pixhawk_fused,True,0.8,0.2,gyro,-1.0,0.07283425331115723,0.9573376774787903,0.05263747394284968
9.770362100098282,9733.015723247,odom,navigating,,0.23354641040528423,0.14878811917966503,0.3946895830638444,1.2925454117666413,-2.8639332571250096,1.000886534402158,0.8434369569822965,0.4153505563735962,0.33149305271314855,-0.33149305271314855,0.09794818200134614,pixhawk_fused,True,0.8,0.2,gyro,-1.0,0.07214854657649994,0.9483247399330139,0.056109559320971995
9.770413000020199,9733.135034568,odom,navigating,,0.24095007844674318,0.1509628938789226,0.5437446008939855,1.2973908300853119,-2.857927770735237,1.149941552232299,0.9597775869036022,0.25774943828582764,0.4886850850503373,-0.4886850850503373,0.10504512899933616,pixhawk_fused,True,0.8,0.2,gyro,-1.0,0.0774805024266243,1.0184082984924316,0.059710935428091125
10.087006300105713,9733.254030529,odom,navigating,,0.24792945821594572,0.15392321961903982,0.6379126703763154,1.301439994815339,-2.851518438832499,1.244109621714629,1.0740887935424315,0.16666068136692047,0.5778398603718209,-0.5778398603718209,0.11470770600135438,pixhawk_fused,True,0.8,0.2,gyro,-1.0,0.07460945844650269,0.9806711077690125,0.062453304024900874
10.087108800071292,9733.35534558,odom,navigating,,0.25369003678425067,0.15713588802494105,0.731469669269811,1.3043437521893335,-2.8455961338048206,1.3376666206081247,1.1748883147014768,0.07550662010908127,0.6695967124621797,-0.6695967124621797,0.015008490001491737,pixhawk_fused,True,0.8,0.2,gyro,-1.0,0.07718605548143387,1.014538049697876,0.06416517066923963
10.087169400067069,9733.474782975,odom,navigating,,0.26033015395562165,0.1618754646312858,0.9109766329536322,1.3071003825291245,-2.83791787022334,1.5171735842919458,1.297897063479734,-0.11729195713996887,0.8631769250552583,-0.8631769250552583,0.03522917400005099,pixhawk_fused,True,0.8,0.2,gyro,-1.0,0.07947280257940292,1.0445951223373413,0.06539529504323362
10.426650600042194,9733.575246119,odom,navigating,,0.2651375140626862,0.16619002219103654,0.930648307047691,1.3085929680951964,-2.8316331024103376,1.5368452583860046,1.396629035959813,-0.11729195713996887,0.8631769250552583,-0.8631769250552583,0.1353236229988397,pixhawk_fused,True,0.8,0.2,gyro,-1.0,0.0768708661198616,1.0103951692581177,0.06565264156427898
10.426806200062856,9733.696141425,odom,navigating,,0.2699503048624334,0.17152107152940943,1.0300637192907747,1.3095108744259023,-2.824509866467429,1.6362606706290883,1.5062711840213476,-0.21494679152965546,0.9600599620859552,-0.9600599620859552,0.07680222299859452,pixhawk_fused,True,0.8,0.2,gyro,-1.0,0.07230424880981445,0.950371265411377,0.06518492727614117
10.426859200000763,9733.815645503,odom,navigating,,0.2741300424179939,0.1773031455353382,1.1928775497257595,1.3096515549045435,-2.8173766487610687,1.7990745010640732,1.6138226344786653,-0.3905653655529022,1.1365946548502375,-1.1365946548502375,0.09044178099975397,pixhawk_fused,True,0.8,0.2,gyro,-1.0,0.06699172407388687,0.8805431723594666,0.06395254813938356
10.767153499997221,9733.934755702,odom,navigating,,0.2776432958820183,0.1834584580086418,1.293255002728027,1.309031853756944,-2.8103164226999464,1.8994519540663406,1.720664767628788,-0.49020275473594666,1.2353628512542176,-1.2353628512542176,0.013849442000719137,pixhawk_fused,True,0.8,0.2,gyro,-1.0,0.06937379390001297,0.9118531942367554,0.06198797550481547
10.767215800005943,9734.034900835,odom,navigating,,0.28006165861000054,0.18886445809401142,1.3109851670807309,1.3079392665658411,-2.8044958068874273,1.9171821184190445,1.809936353668755,-0.49020275473594666,1.2353628512542176,-1.2353628512542176,0.11390263300017978,pixhawk_fused,True,0.8,0.2,gyro,-1.0,0.07192882150411606,0.9454366564750671,0.05979748089222408
10.767249700031243,9734.156176818,odom,navigating,,0.28302647075849735,0.19825984669399707,1.4617635812658047,1.3050228240341273,-2.7950852914403423,2.0679605326041184,1.9585263469736667,-0.6413134932518005,1.3866810358087944,-1.3866810358087944,0.11660836700139043,pixhawk_fused,True,0.8,0.2,gyro,-1.0,0.12758199870586395,1.6769452095031738,0.05512741289033475
11.107363500050269,9734.27543946,odom,navigating,,0.2849220849964752,0.21526373025975415,1.5892149635724895,1.2968927816797748,-2.7800311285285932,2.195411914910803,2.2156751227183262,-0.740889847278595,1.4825523055117058,-1.4825523055117058,0.06336651399942639,pixhawk_fused,True,0.8,0.2,gyro,-1.0,0.18447236716747284,2.3573455810546875,0.0442566060376296
11.107466600020416,9734.395726393,odom,navigating,,0.282421998176968,0.23360473846867336,1.7643238557074241,1.2843884394463108,-2.7663825226828256,2.3705208070457378,2.423461614535819,-0.9159601330757141,1.6498686525146888,-1.6498686525146888,0.07405876900156727,pixhawk_fused,True,0.8,0.2,gyro,-1.0,0.17308323085308075,1.324263095855713,0.029363023460202812
11.1075290000299,9734.49607232,odom,navigating,,0.2790032246032876,0.24536670964593918,2.06772807781265,1.2748774825044975,-2.758664124094135,2.6739250291509635,2.5080029745198855,-1.2678427696228027,2.0066363395969797,-2.0066363395969797,0.0476073739991989,pixhawk_fused,True,0.8,0.2,gyro,-1.0,0.12393147498369217,0.6108610033988953,0.018546378986065974
11.489895400009118,9734.6146427,odom,navigating,,0.27642559031294894,0.25264442604311876,2.068531396460448,1.2686126782183973,-2.7541517431539475,2.674728347798762,2.5120389914660395,-1.2678427696228027,2.0066363395969797,-2.0066363395969797,0.16669918600018718,pixhawk_fused,True,0.8,0.2,gyro,-1.0,0.03864726796746254,-0.44024786353111267,0.011531357983189165
11.489977100049146,9734.715412654,odom,navigating,,0.27531865278309875,0.2560596451383106,2.1119018510044705,1.2657571660344173,-2.751975718721572,2.718098802342784,2.4579236449837665,-1.3331496715545654,2.074319279364817,-2.074319279364817,0.09057063200089033,pixhawk_fused,True,0.8,0.2,gyro,-1.0,0.04637888818979263,-0.6096068024635315,0.008310980897792041
11.490026600076817,9734.834775386,odom,navigating,,0.2740110246669502,0.2612357300967384,2.0491989614226465,1.2617334755965315,-2.7484669209150474,2.65539591276096,2.377456433816393,-1.2679741382598877,2.016057265437715,-2.016057265437715,0.1023835460000555,pixhawk_fused,True,0.8,0.2,gyro,-1.0,0.05651833117008209,-0.7428802251815796,0.0036881338203037647
11.806708100019023,9734.954552572,odom,navigating,,0.27296129587781304,0.2677917459638869,1.9181758152528792,1.2571355218300901,-2.743677130132277,2.524372766591193,2.2773587934837214,-1.1271030902862549,1.8773038545619176,-1.8773038545619176,0.026384803999462747,pixhawk_fused,True,0.8,0.2,gyro,-1.0,0.06431850790977478,-0.8454062342643738,0.0017443840994159582
11.806835300056264,9735.075560119,odom,navigating,,0.27256169849668305,0.2752680132291745,1.8254939992210861,1.2525475498271,-2.737760647799945,2.4316909505593998,2.16446663568521,-1.0394344329833984,1.7896735551725553,-1.7896735551725553,0.03296843099997204,pixhawk_fused,True,0.8,0.2,gyro,-1.0,0.07176759093999863,-0.9433174133300781,0.007383566994574282
11.806922200019471,9735.195358861,odom,navigating,,0.27306224834704984,0.28324170535396614,1.8014218600738872,1.2484159315718972,-2.730922515975613,2.407618811412201,2.044006168473518,-1.0394344329833984,1.7896735551725553,-1.7896735551725553,0.15244673600136593,pixhawk_fused,True,0.8,0.2,gyro,-1.0,0.08263343572616577,-1.0861387252807617,0.01275196538279145
12.145673000020906,9735.314789686,odom,navigating,,0.2745173221491152,0.29109667529451594,1.70582813397945,1.2451364023946436,-2.7236381161436474,2.3120250853177637,1.9235609261408073,-0.9489648342132568,1.7002643170725034,-1.7002643170725034,0.09346399400055816,pixhawk_fused,True,0.8,0.2,gyro,-1.0,0.07473651319742203,-0.9823411107063293,0.01736988533553909
12.145771700073965,9735.41613961,odom,navigating,,0.2765095005607995,0.2976579669389158,1.4804967977915622,1.243035345164855,-2.717110874660141,2.086693749129876,1.8201902146227098,-0.6945242285728455,1.444496168292634,-1.444496168292634,0.00897188700037077,pixhawk_fused,True,0.8,0.2,gyro,-1.0,0.07436776906251907,-0.9774942994117737,0.020685820933888186
12.145822400110774,9735.534089229,odom,navigating,,0.2799107565530804,0.30547596594904536,1.4228885156357078,1.2413762928978929,-2.7087480284686283,2.0290854669740215,1.6916272655179991,-0.6543327569961548,1.4046181003223581,-1.4046181003223581,0.014343228000143426,pixhawk_fused,True,0.8,0.2,gyro,-1.0,0.08477749675512314,-1.1143203973770142,0.023920643245113078
12.467681500012986,9735.63585694,odom,navigating,,0.2832818264575706,0.31128475333176475,1.241252829072864,1.2408371736948218,-2.7020535924473132,1.8474497804111776,1.5903776225786972,-0.45368608832359314,1.2028946380387469,-1.2028946380387469,0.003181001999109867,pixhawk_fused,True,0.8,0.2,gyro,-1.0,0.07634998857975006,-1.0035487413406372,0.025735859226218672
12.467807200038806,9735.754380101,odom,navigating,,0.28820772206723844,0.31792101212963486,1.1374949840135573,1.2411043938205484,-2.6937932672845815,1.743691935351871,1.4657514877002917,-0.35361620783805847,1.1043535302053613,-1.1043535302053613,0.014091103999817278,pixhawk_fused,True,0.8,0.2,gyro,-1.0,0.0779106616973877,-1.0240622758865356,0.02706059668091257
12.467889200081117,9735.854872527,odom,navigating,,0.29270768533284863,0.3227416997980212,1.1176272224688657,1.2420559886029023,-2.687267689428317,1.7238241738071793,1.3663328543474356,-0.35361620783805847,1.1043535302053613,-1.1043535302053613,0.11448921699957282,pixhawk_fused,True,0.8,0.2,gyro,-1.0,0.0761970803141594,-1.001538872718811,0.02738042758758791
12.777969800052233,9735.954918481,odom,navigating,,0.2972812441560181,0.3267803334826774,0.9488680663916242,1.243513637996895,-2.681342888959776,1.5550650177299379,1.2743603641516823,-0.1661401242017746,0.9164176628361863,-0.9164176628361863,0.015389296999273938,pixhawk_fused,True,0.8,0.2,gyro,-1.0,0.06946398317813873,-0.9130386710166931,0.027088209237801048
12.778078300063498,9736.074735557,odom,navigating,,0.30280643938111074,0.33076980848721427,0.928336977380801,1.245781369880979,-2.674916296924403,1.5345339287191146,1.1716076881358157,-0.1661401242017746,0.9164176628361863,-0.9164176628361863,0.13534477699977288,pixhawk_fused,True,0.8,0.2,gyro,-1.0,0.06151508167386055,-0.8085578083992004,0.026097403738455306
13.214791900012642,9736.175270204,odom,navigating,,0.30783816577652173,0.33371954143579646,0.842985100768868,1.2482359478996667,-2.6696253384350173,1.4491820521071817,1.0836789688265744,-0.08240042626857758,0.8317077290784043,-0.8317077290784043,0.05515777700020408,pixhawk_fused,True,0.8,0.2,gyro,-1.0,0.06920445710420609,-0.9096274375915527,0.024705054070637833
13.214899600017816,9736.275948608,odom,navigating,,0.3133566761916071,0.336322437666882,0.6920853016087891,1.2512881840049987,-2.664342074221625,1.2982822529471028,0.991706617216804,0.08464957028627396,0.6661016891966981,-0.6661016891966981,0.04723227300019062,pixhawk_fused,True,0.8,0.2,gyro,-1.0,0.07325877994298935,-0.962917685508728,0.022724701679373994
13.21496760006994,9736.396164956,odom,navigating,,0.3227143468910492,0.33946065317543045,0.662413295045603,1.2571905255057747,-2.6564315266864975,1.2686102463839166,0.8428418329082522,0.08464957028627396,0.6661016891966981,-0.6661016891966981,0.16728627200063784,pixhawk_fused,True,0.8,0.2,gyro,-1.0,0.10070948302745819,-1.3237313032150269,0.01845209321346624
13.215035100001842,9736.496630254,odom,navigating,,0.3334971771253426,0.3413203542211625,0.48262285679263206,1.2649925213633695,-2.6487597096605797,1.0888198081309457,0.6818997595468186,0.257511705160141,0.48164174721347514,-0.48164174721347514,0.07506586000090465,pixhawk_fused,True,0.8,0.2,gyro,-1.0,0.1458897739648819,-1.7121282815933228,0.012269353404061533
13.655633100075647,9736.597054034,odom,navigating,,0.34959526058692114,0.3416330672554605,0.2887991744011873,1.2780440929827086,-2.639330894313834,0.8949961257395009,0.5635297267204338,0.4796047508716583,0.26903308496581735,-0.26903308496581735,0.06969281599958776,pixhawk_fused,True,0.8,0.2,gyro,-1.0,0.19108019769191742,-0.9503234624862671,0.001272386385792414
13.655717000016011,9736.715136671,odom,navigating,,0.36596500660515374,0.3403206836126517,0.18038065807019887,1.2922448151193744,-2.6310828384020106,0.7865776094085125,0.4687879101014421,0.5798028707504272,0.15719897124873816,-0.15719897124873816,0.07440961500105914,pixhawk_fused,True,0.8,0.2,gyro,-1.0,0.11336492747068405,-0.9482298493385315,0.011079172322539915
13.655753100058064,9736.834638423,odom,navigating,,0.37653493954978806,0.33854528768553416,0.10982583216596509,1.3019429301258991,-2.626519716830946,0.7160227835042787,0.3991086534424737,0.6556344628334045,0.08642541561233222,-0.08642541561233222,0.015336409000155982,pixhawk_fused,True,0.8,0.2,gyro,-1.0,0.10018952935934067,-0.23639792203903198,0.01971995385534563
13.655793200014159,9736.955057136,odom,navigating,,0.38261967197868874,0.33719081184997896,0.05335085231731418,1.3077151967717007,-2.6241661001905,0.6595478036556278,0.3848950991692697,0.7251033186912537,0.019387463666073676,-0.019387463666073676,0.0921426179993432,pixhawk_fused,True,0.8,0.2,gyro,-1.0,0.05660028010606766,0.20289747416973114,0.024932512155658382
13.988664900069125,9737.055325994,odom,navigating,,0.3872269276653495,0.33620044981831254,0.04013206797698354,1.3120657899626156,-2.622355033984311,0.6463290193152972,0.41669439341953346,0.7406020760536194,-0.005081545435317164,0.005081545435317164,0.03478803899997729,pixhawk_fused,True,0.8,0.2,gyro,-1.0,0.056600283831357956,0.4734274744987488,0.028854116109013592
13.988765200017951,9737.17485821,odom,navigating,,0.3932942479733144,0.3352411476910071,0.10814276372975196,1.3175985982622895,-2.61968657588834,0.7143397150680656,0.5011746672645179,0.6704612374305725,0.05881788284289061,-0.05881788284289061,0.0519546099985746,pixhawk_fused,True,0.8,0.2,gyro,-1.0,0.0640782043337822,0.8422476649284363,0.0337711892937358
13.988864200073294,9737.275266863,odom,navigating,,0.3987981198907309,0.3348394754587535,0.18585424375994275,1.3223506455020098,-2.6168808685449134,0.7920511950982564,0.5829999502403626,0.5940425395965576,0.13550304038035094,-0.13550304038035094,0.03681725299975369,pixhawk_fused,True,0.8,0.2,gyro,-1.0,0.06663469225168228,0.8758503198623657,0.03789567755762767
13.988901000004262,9737.37530571,odom,navigating,,0.4048095299100488,0.3349176827709149,0.20390401762064325,1.3272463885447472,-2.613391618358481,0.8101009689589569,0.6736371908828863,0.5940425395965576,0.13550304038035094,-0.13550304038035094,0.13664790100119717,pixhawk_fused,True,0.8,0.2,gyro,-1.0,0.06920445710420609,0.9096274375915527,0.04202986201548297
14.307973500108346,9737.47605117,odom,navigating,,0.41113337444170894,0.33558926825999924,0.3611972780493753,1.3320608218060381,-2.6092367093218916,0.9673942293876889,0.7695081422035543,0.4231746792793274,0.3080619772146863,-0.3080619772146863,0.04756648900001892,pixhawk_fused,True,0.8,0.2,gyro,-1.0,0.07627452909946442,1.0025569200515747,0.04595636452989104
14.308109200093895,9737.595898917,odom,navigating,,0.41890735564301934,0.3372727468711797,0.45925008032419745,1.3374904852167155,-2.603423995738772,1.065447031662511,0.8894421965086554,0.32952040433883667,0.4006656103800458,-0.4006656103800458,0.05625328999849444,pixhawk_fused,True,0.8,0.2,gyro,-1.0,0.08006720244884491,1.05240797996521,0.050168137653018724
14.308179900050163,9737.696476066,odom,navigating,,0.4252448730253121,0.3393979298348355,0.47924737351242586,1.3414879735255418,-2.598066700113116,1.0854443248507395,0.9902112483940702,0.32952040433883667,0.4006656103800458,-0.4006656103800458,0.15732757600017067,pixhawk_fused,True,0.8,0.2,gyro,-1.0,0.07746882736682892,1.0182547569274902,0.05306191046008348
14.647281100042164,9737.814617685,odom,navigating,,0.4324497557965521,0.3427360875735357,0.5790326256965075,1.3455071929652151,-2.5912183785719276,1.1852295770348211,1.1099469023740005,0.23577675223350525,0.49554966563688935,-0.49554966563688935,0.10192480399928172,pixhawk_fused,True,0.8,0.2,gyro,-1.0,0.07729814946651459,1.016011357307434,0.05569055260299082
14.647445900016464,9737.915928744,odom,navigating,,0.4379348446082055,0.34604156613635073,0.7637163826714284,1.3481316689159795,-2.58537675946548,1.369913334009742,1.2064893107034893,0.027991196140646935,0.7020038645933789,-0.7020038645933789,0.043207550999795785,pixhawk_fused,True,0.8,0.2,gyro,-1.0,0.06892293691635132,0.9059271216392517,0.057143841911147734
14.647522300016135,9738.034732959,odom,navigating,,0.44380546567991785,0.3504719909044855,0.8437394952746078,1.3504320494846855,-2.5783909807234315,1.4499364466129214,1.3173749547398834,-0.04373376816511154,0.7743722956846876,-0.7743722956846876,0.01213851899956353,pixhawk_fused,True,0.8,0.2,gyro,-1.0,0.06873538345098495,0.9034619331359863,0.05805925653992366
14.967926000012085,9738.13543418,odom,navigating,,0.4480637866783129,0.3544083159302278,0.9981460491825853,1.3516889198659239,-2.5727298651727275,1.604343000520899,1.4047925375066859,-0.2148822396993637,0.9454256305764837,-0.9454256305764837,0.004068943999300245,pixhawk_fused,True,0.8,0.2,gyro,-1.0,0.061665598303079605,0.8105362057685852,0.058205095465141764
14.968033600016497,9738.254563278,odom,navigating,,0.45257932632648606,0.35945732758379684,1.08483851333001,1.3525232289277254,-2.5660077713485165,1.6910354646683237,1.5069119726549127,-0.29715436697006226,1.0282746646474523,-1.0282746646474523,0.006528702999275993,pixhawk_fused,True,0.8,0.2,gyro,-1.0,0.059173017740249634,0.7777736186981201,0.057732408929150235
14.968086300068535,9738.355804118,odom,navigating,,0.4560103467048049,0.3641114305570292,1.1021597270510273,1.352691255279155,-2.560228122356829,1.708356678389341,1.5940701797040386,-0.29715436697006226,1.0282746646474523,-1.0282746646474523,0.10765574899960484,pixhawk_fused,True,0.8,0.2,gyro,-1.0,0.07072322070598602,0.9295901656150818,0.056786914843035115
15.307357700075954,9738.474788054,odom,navigating,,0.4598151140605836,0.3705140431035705,1.2576313333416365,1.3521702280223395,-2.5527985710480094,1.86382828467995,1.7063596455559011,-0.4637691080570221,1.1944395362209006,-1.1944395362209006,0.03509236699937901,pixhawk_fused,True,0.8,0.2,gyro,-1.0,0.07433071732521057,0.9770073294639587,0.05484822290050012
15.307456700014882,9738.575579274,odom,navigating,,0.46293579140436747,0.3774081235306813,1.2802091543890366,1.3508069894743235,-2.5453548789076343,1.8864061057273502,1.8204571440337458,-0.4637691080570221,1.1944395362209006,-1.1944395362209006,0.13577295999857597,pixhawk_fused,True,0.8,0.2,gyro,-1.0,0.09400225430727005,1.2355711460113525,0.052080292221284075
15.307504500029609,9738.694825297,odom,navigating,,0.46636466803004,0.38941173731953627,1.392169736962267,1.3467858984540033,-2.533536470981337,1.9983666883005806,2.0088345302030057,-0.5582241415977478,1.2878577410052938,-1.2878577410052938,0.08335145199998806,pixhawk_fused,True,0.8,0.2,gyro,-1.0,0.1446084976196289,1.900742530822754,0.04586354785922988
15.646035300102085,9738.796339927,odom,navigating,,0.4675926191954588,0.4040135763608776,1.5252375370134343,1.3394757123997885,-2.520836756523655,2.131434488351748,2.205604273108047,-0.6799231767654419,1.4057633642028493,-1.4057633642028493,0.07660051199854934,pixhawk_fused,True,0.8,0.2,gyro,-1.0,0.1910383105278015,1.7935847043991089,0.03624966278180123
15.646145400009118,9738.915753889,odom,navigating,,0.4659841936559448,0.42129511831094235,1.8495310149554935,1.3283077827250651,-2.5075508214166162,2.455727966293807,2.340202102324561,-1.0497292280197144,1.7759519558023138,-1.7759519558023138,0.0012267869988136226,pixhawk_fused,True,0.8,0.2,gyro,-1.0,0.1442922055721283,0.6773104071617126,0.022737273698249235
15.646206000004895,9739.034985782,odom,navigating,,0.4642815909670752,0.4307412870680971,1.9465417450952751,1.3215266301337674,-2.50075781548122,2.5527386964335887,2.3658520570857844,-1.1468449831008911,1.8906659407685917,-1.8906659407685917,0.005660296999849379,pixhawk_fused,True,0.8,0.2,gyro,-1.0,0.06165635585784912,0.0,0.01477736797179268
16.006846200092696,9739.155726307,odom,navigating,,0.4637359575859388,0.43388047794272594,1.9140456612366634,1.3192896753536578,-2.4984888358767043,2.520242612574977,2.3218915122618027,-1.1158117055892944,1.8610262699793498,-1.8610262699793498,0.017557728999236133,pixhawk_fused,True,0.8,0.2,gyro,-1.0,0.03086979314684868,-0.40575435757637024,0.012146166755529172
16.006953700096346,9739.274994609,odom,navigating,,0.4632172933187575,0.4382909690839327,1.9006741273363152,1.3163505659007735,-2.4951597098123024,2.506871078674629,2.254958876949852,-1.1158117055892944,1.8610262699793498,-1.8610262699793498,0.13650711199989018,pixhawk_fused,True,0.8,0.2,gyro,-1.0,0.051262568682432175,-0.6737982034683228,0.008622214993977327
16.007025700062513,9739.396183422,odom,navigating,,0.46297622413557976,0.4441223932069328,1.8442809795134822,1.312830018726853,-2.490504672836124,2.450477930851796,2.166969068715925,-1.0676847696304321,1.8125316210459392,-1.8125316210459392,0.05726960199899622,pixhawk_fused,True,0.8,0.2,gyro,-1.0,0.05940171331167221,-0.7807796001434326,0.0042729219812057614
16.346397200017236,9739.515433095,odom,navigating,,0.4633114724863105,0.4506661290770798,1.710967969833134,1.309377264363039,-2.4849358885973447,2.3171649211714476,2.0681836621629195,-0.9288784265518188,1.670587629265658,-1.670587629265658,0.0763813339999615,pixhawk_fused,True,0.8,0.2,gyro,-1.0,0.06186020374298096,-0.8130941390991211,0.000185390895267533
16.346504000015557,9739.616467479,odom,navigating,,0.46417699610294194,0.45659653768782044,1.6929018608971536,1.306709742057391,-2.4795690271150477,2.299098812235467,1.9778364219302926,-0.9288784265518188,1.670587629265658,-1.670587629265658,0.17722222199881799,pixhawk_fused,True,0.8,0.2,gyro,-1.0,0.0701480433344841,-0.922029972076416,0.0038343060204683306
16.34656700002961,9739.734766043,odom,navigating,,0.46602050074063817,0.46392082881834773,1.466662158495431,1.304051785608384,-2.4724994431506895,2.0728591098337446,1.8639600238077316,-0.6720171570777893,1.4162729992340726,-1.4162729992340726,0.011094784998931573,pixhawk_fused,True,0.8,0.2,gyro,-1.0,0.07449771463871002,-0.9792023301124573,0.007800961757555551
16.68815880001057,9739.854981379,odom,navigating,,0.4686245319712374,0.47084894200692895,1.4443550292504108,1.302244566540192,-2.46532213932242,2.0505519805887245,1.7523724651560277,-0.6720171570777893,1.4162729992340726,-1.4162729992340726,0.13123286299924075,pixhawk_fused,True,0.8,0.2,gyro,-1.0,0.06948482245206833,-0.913312554359436,0.010953423462851943
16.68830150004942,9739.97511592,odom,navigating,,0.4718492416120199,0.47720707757544256,1.337518307313579,1.3012721764173145,-2.4582596257738394,1.9437152586518927,1.644889524275362,-0.5657011866569519,1.3095977987717313,-1.3095977987717313,0.05550810599925171,pixhawk_fused,True,0.8,0.2,gyro,-1.0,0.06664133816957474,-0.8759376406669617,0.013264554409414828
16.688376800040714,9740.075507096,odom,navigating,,0.4751874314770792,0.4824214955752057,1.1949065729324488,1.301044675391988,-2.4520723881078923,1.8011035242707625,1.551566806983248,-0.4102972447872162,1.1546650448511762,-1.1546650448511762,0.04183039899908181,pixhawk_fused,True,0.8,0.2,gyro,-1.0,0.06725441664457321,-0.8839960098266602,0.014676513941072047
17.02717420004774,9740.196227829,odom,navigating,,0.47967851845026305,0.48808109113023385,1.1731272244605553,1.3015110109032266,-2.4448624355950006,1.779324175798869,1.4426343076351926,-0.4102972447872162,1.1546650448511762,-1.1546650448511762,0.16251302099954046,pixhawk_fused,True,0.8,0.2,gyro,-1.0,0.06455735862255096,-0.8485457301139832,0.015604046921324916
17.027273300103843,9740.315105215,odom,navigating,,0.48448634294097886,0.49296643771828363,1.0820717547691943,1.302678773250322,-2.438108316946383,1.688268706107508,1.3393018691007312,-0.32246318459510803,1.06667266876208,-1.06667266876208,0.10404448299959768,pixhawk_fused,True,0.8,0.2,gyro,-1.0,0.06381436437368393,-0.8387797474861145,0.015755644605470024
17.027321300003678,9740.415611928,odom,navigating,,0.488928664323761,0.49669422747967495,0.8910366434477917,1.3042056711282577,-2.4325137464853546,1.4972335947861053,1.251891867824879,-0.10533461719751358,0.8497468140791576,-0.8497468140791576,0.013255865000246558,pixhawk_fused,True,0.8,0.2,gyro,-1.0,0.06699172407388687,-0.8805431723594666,0.015332023754176314
17.38745420007035,9740.535104486,odom,navigating,,0.49542051801563625,0.501101868674519,0.8406213041455104,1.307029574394642,-2.4251927468540675,1.446818255483824,1.1335827667004779,-0.07038935273885727,0.8163018348883312,-0.8163018348883312,0.08765243100060616,pixhawk_fused,True,0.8,0.2,gyro,-1.0,0.07779679447412491,-1.0225656032562256,0.013967241853430531
17.387563900090754,9740.654883334,odom,navigating,,0.5040307085276095,0.5054420057656802,0.7382641725917445,1.3116328309729168,-2.4167203092179963,1.3444611239300581,0.9881589226104818,0.023622920736670494,0.7246940780352276,-0.7246940780352276,0.0311483280001994,pixhawk_fused,True,0.8,0.2,gyro,-1.0,0.09520565718412399,-1.2513887882232666,0.011077468777773764
17.38761750003323,9740.775666918,odom,navigating,,0.517550703603476,0.5096344246361902,0.515144630242155,1.3203552286020803,-2.405571927163365,1.1213415815804686,0.821899206636452,0.2647472620010376,0.4873782481621425,-0.4873782481621425,0.04354473099920142,pixhawk_fused,True,0.8,0.2,gyro,-1.0,0.18707109987735748,-1.2462782859802246,0.004659393261161275
17.71117820008658,9740.876725044,odom,navigating,,0.5371686191533368,0.5134650095763236,0.5078318865199618,1.334295177168582,-2.3912466409369633,1.1140288378582754,0.7853161987561327,0.2647472620010376,0.4873782481621425,-0.4873782481621425,0.1444080089986528,pixhawk_fused,True,0.8,0.2,gyro,-1.0,0.23304684460163116,0.0,0.0062686878864634124
17.711262200027704,9740.995270624,odom,navigating,,0.558663722453264,0.5173821144913907,0.41515752524705896,1.3497285431147765,-2.3757807302828495,1.0213544765853726,0.7907025795561596,0.3720337748527527,0.37019796176212233,-0.37019796176212233,0.06727489500008232,pixhawk_fused,True,0.8,0.2,gyro,-1.0,0.18850749731063843,0.03394187241792679,0.018443228403638167
17.71131400007289,9741.098700825,odom,navigating,,0.572009411506757,0.5198795609660367,0.422106289439256,1.3592733964616432,-2.3661246218641825,1.0283032407775696,0.7954175347349647,0.368781179189682,0.37770462958472173,-0.37770462958472173,0.056605878000482335,pixhawk_fused,True,0.8,0.2,gyro,-1.0,0.12278550863265991,0.06724587082862854,0.02595513504258331
18.047203100053594,9741.215143047,odom,navigating,,0.582549446037638,0.5219296001980244,0.4238610497077424,1.3667674133260854,-2.3584347128920093,1.030058001046056,0.8041989927357276,0.368781179189682,0.37770462958472173,-0.37770462958472173,0.1735857349995058,pixhawk_fused,True,0.8,0.2,gyro,-1.0,0.07913374155759811,0.16776426136493683,0.03183215726928481
18.047311400063336,9741.334609663,odom,navigating,,0.588887449719328,0.5232477549370921,0.43202678752763757,1.371225102520696,-2.3537403727222417,1.0382237388659512,0.832656641653213,0.36656174063682556,0.3808065614956836,-0.3808065614956836,0.11343699499957438,pixhawk_fused,True,0.8,0.2,gyro,-1.0,0.04907344654202461,0.3734350800514221,0.03530492549746653
18.047365300008096,9741.435069508,odom,navigating,,0.5935460870020411,0.5244090480136767,0.4871649455596587,1.3743920249290151,-2.350131757281204,1.0933618968979724,0.8779828738472054,0.3184111714363098,0.4383925198051552,-0.4383925198051552,0.02861988599943288,pixhawk_fused,True,0.8,0.2,gyro,-1.0,0.061655718833208084,0.47275033593177795,0.037719562462752466
18.387224700069055,9741.535393394,odom,navigating,,0.5984753809452378,0.5259014338425846,0.5119953710091223,1.3775927397656846,-2.3460968373594357,1.118192322347436,0.9367062683860982,0.29918038845062256,0.4547749362918953,-0.4547749362918953,0.012721006998617668,pixhawk_fused,True,0.8,0.2,gyro,-1.0,0.05679053068161011,0.6107383370399475,0.04008546042364997
18.38732640002854,9741.655737009,odom,navigating,,0.6040574560326352,0.5280412283846301,0.6242321761863936,1.3809610650469735,-2.341157943985112,1.2304291275247072,1.0241086259260506,0.17920036613941193,0.5731998486849884,-0.5731998486849884,0.023981620999620645,pixhawk_fused,True,0.8,0.2,gyro,-1.0,0.059181902557611465,0.7778903841972351,0.04244217443403906
18.38737630005926,9741.775407195,odom,navigating,,0.6096498853346144,0.5307912618968156,0.7025566155902327,1.3839902183243245,-2.3357116443020156,1.3087535669285464,1.118057010677864,0.10512968897819519,0.6476297739479164,-0.6476297739479164,0.035085904999505146,pixhawk_fused,True,0.8,0.2,gyro,-1.0,0.05636916682124138,0.7409196496009827,0.044368551508583494
18.7056983000366,9741.875970445,odom,navigating,,0.6140691231798134,0.5334581171917011,0.7906007596663538,1.3861026090146984,-2.3310021235336658,1.3967977110046674,1.1958691479002537,0.014662301167845726,0.7382239011261086,-0.7382239011261086,0.01667408399953274,pixhawk_fused,True,0.8,0.2,gyro,-1.0,0.0563775897026062,0.7410303354263306,0.04553679458662661
18.705798800103366,9741.995654593,odom,navigating,,0.6192919521632855,0.5372680392523272,0.8571447007279303,1.3882241496549026,-2.324895363835544,1.463341652066244,1.2919689779509071,-0.04514772444963455,0.7974080443117241,-0.7974080443117241,0.05498702800105093,pixhawk_fused,True,0.8,0.2,gyro,-1.0,0.06713356822729111,0.8145136833190918,0.046445578613761
18.705847000004724,9742.096414413,odom,navigating,,0.6234118737762022,0.5408724224323402,0.8735262344010066,1.3895564031455385,-2.3195858974930923,1.4797231857393203,1.374488553134304,-0.04514772444963455,0.7974080443117241,-0.7974080443117241,0.15586738199999672,pixhawk_fused,True,0.8,0.2,gyro,-1.0,0.06198129057884216,0.8146857023239136,0.04673295545811099
19.046939600026235,9742.198234692,odom,navigating,,0.6274913735626407,0.5451037743333317,0.9534169005807547,1.3904982241178463,-2.3137842054404496,1.5596138519190683,1.4630963944801603,-0.1224503442645073,0.875151271137915,-0.875151271137915,0.07780797299892583,pixhawk_fused,True,0.8,0.2,gyro,-1.0,0.06712281703948975,0.8822662234306335,0.04654260627648476
19.04704670002684,9742.316267991,odom,navigating,,0.6321191476601979,0.5509806065408726,1.1041153394876217,1.3909531221917972,-2.306317846378904,1.7103122908259354,1.575866415482177,-0.2838122248649597,1.035214657458983,-1.035214657458983,0.08821705099944666,pixhawk_fused,True,0.8,0.2,gyro,-1.0,0.08423496782779694,1.1071892976760864,0.04555458791281279
19.047097200062126,9742.434759354,odom,navigating,,0.6373766484400749,0.5598153959851163,1.2734390381921137,1.3902402579186528,-2.2960617923861344,1.8796359895304273,1.7295911853111654,-0.44632744789123535,1.2084046101901154,-1.2084046101901154,0.013895721000153571,pixhawk_fused,True,0.8,0.2,gyro,-1.0,0.10792556405067444,1.4185799360275269,0.04288460289766313
19.36774020001758,9742.555492537,odom,navigating,,0.6420638834385963,0.5719732065535967,1.4519665135405981,1.3871654588688527,-2.2833997174947998,2.0581634648789118,1.9032438341964941,-0.6295648813247681,1.3881418609950165,-1.3881418609950165,0.029311573998711538,pixhawk_fused,True,0.8,0.2,gyro,-1.0,0.1646907478570938,1.4539062976837158,0.037434436412462586
19.367844599997625,9742.655752111,odom,navigating,,0.6458290079776353,0.5880203354665123,1.5654106208018197,1.381116926124197,-2.268066689066631,2.1716075721401333,1.9851910151583338,-0.7436541318893433,1.5094177508685211,-1.5094177508685211,0.01411703200028569,pixhawk_fused,True,0.8,0.2,gyro,-1.0,0.18958261609077454,0.3754895031452179,0.028552787508165884
19.367895200033672,9742.75599787,odom,navigating,,0.6486831669257533,0.6030547592380174,1.5666212376172313,1.3748967278435196,-2.254084941865677,2.172818188955545,1.9912640489303026,-0.7436541318893433,1.5094177508685211,-1.5094177508685211,0.11441212299905601,pixhawk_fused,True,0.8,0.2,gyro,-1.0,0.15179166197776794,0.03381623700261116,0.01976228009574329
19.709845500066876,9742.874628267,odom,navigating,,0.651151012508322,0.6154138969973462,1.5650335534669608,1.3698832831734193,-2.242521900721008,2.1712305048052745,1.9554211823445855,-0.7486602663993835,1.516368509057484,-1.516368509057484,0.01093856700026663,pixhawk_fused,True,0.8,0.2,gyro,-1.0,0.1025557816028595,-0.2695998549461365,0.012620729592009517
19.710002400097437,9742.976419973,odom,navigating,,0.652501520375204,0.6208494231024893,1.5535676936109803,1.3678962883864019,-2.2372854260237935,2.159764644949294,1.8980557409057535,-0.7486602663993835,1.516368509057484,-1.516368509057484,0.11215780400016229,pixhawk_fused,True,0.8,0.2,gyro,-1.0,0.04831663519144058,-0.5715689659118652,0.009664714645649324
19.71005580003839,9743.096468319,odom,navigating,,0.6537585536480673,0.6248396107164806,1.5149501587984586,1.3666559503008797,-2.2332900172490198,2.1211471101367723,1.8350065288499549,-0.7096033096313477,1.4838587136003594,-1.4838587136003594,0.0827401379992807,pixhawk_fused,True,0.8,0.2,gyro,-1.0,0.03872470185160637,-0.508999764919281,0.007679881635758627
20.02730800001882,9743.197496043,odom,navigating,,0.6551682525624947,0.6285207683445881,1.4165906351139936,1.3657171446529477,-2.229461595058649,2.0227875864523073,1.7755963258717022,-0.6018193364143372,1.3757629770371536,-1.3757629770371536,0.07494572399991739,pixhawk_fused,True,0.8,0.2,gyro,-1.0,0.04092850163578987,-0.5379666090011597,0.006023045489027867
20.027415900025517,9743.315716785,odom,navigating,,0.6571805970269814,0.6328901652988854,1.3567082042847631,1.3648814838940122,-2.2247242085339978,1.9629051556230768,1.703086589103027,-0.5450489521026611,1.3190364978048423,-1.3190364978048423,0.07733592899967334,pixhawk_fused,True,0.8,0.2,gyro,-1.0,0.04637888818979263,-0.6096068024635315,0.00429280189385511
20.02746680006385,9743.415787106,odom,navigating,,0.6592181309605665,0.6366292365225625,1.3441438444245877,1.3644256500297376,-2.220490485156825,1.9503407957629013,1.640258537626791,-0.5450489521026611,1.3190364978048423,-1.3190364978048423,0.17726619699897128,pixhawk_fused,True,0.8,0.2,gyro,-1.0,0.05124129727482796,-0.6735185980796814,0.003032073638655235
20.367440800066106,9743.535207765,odom,navigating,,0.662077552169085,0.6410902839530549,1.2347175616699395,1.3642339169901114,-2.215195159645929,1.8409145130082532,1.5603787131841775,-0.4278762638568878,1.202224944863043,-1.202224944863043,0.10767266699986067,pixhawk_fused,True,0.8,0.2,gyro,-1.0,0.04880884662270546,-0.6415463089942932,0.0018265705869554096
20.36754850007128,9743.654976602,odom,navigating,,0.6650833858878085,0.6450619174244248,1.1680782834733066,1.364441350511833,-2.2102186267052577,1.7742752348116202,1.4852978578117277,-0.3626677691936493,1.1376960036489585,-1.1376960036489585,0.1176736979996349,pixhawk_fused,True,0.8,0.2,gyro,-1.0,0.04631858319044113,-0.6088141798973083,0.001074044800680053
20.367603300022893,9743.755727018,odom,navigating,,0.6677648128935234,0.6481420414476943,1.1064512651953478,1.3648901139603293,-2.206159584188482,1.7126482165336614,1.4237516173034963,-0.30181142687797546,1.0760487921568969,-1.0760487921568969,0.043796821000796626,pixhawk_fused,True,0.8,0.2,gyro,-1.0,0.04631626605987549,-0.6087837219238281,0.0007346221991833888
20.688809200073592,9743.855967743,odom,navigating,,0.6709510732883643,0.6513663649413277,1.0460626200559089,1.3656716028572013,-2.201694408671283,1.6522595713942225,1.3567806892371967,-0.24240615963935852,1.0173055495950798,-1.0173055495950798,0.028510815000117873,pixhawk_fused,True,0.8,0.2,gyro,-1.0,0.05146251618862152,-0.676426351070404,0.0006437002391706055
20.68892920005601,9743.956081025,odom,navigating,,0.6744163845536306,0.6544225339730149,0.970707381366205,1.3667782269031576,-2.1972084378135603,1.5769043327045187,1.2871244803099409,-0.16534481942653656,0.9405257072183708,-0.9405257072183708,0.08426616100041429,pixhawk_fused,True,0.8,0.2,gyro,-1.0,0.051940444856882095,-0.6827082633972168,0.0008678613673841394
20.6889838000061,9744.075420242,odom,navigating,,0.6796598806448717,0.6583411054586682,0.9089779008856809,1.3688548496078312,-2.1910006127604946,1.5151748522239945,1.1938626723929,-0.11152549088001251,0.8866761054727653,-0.8866761054727653,0.05334627000047476,pixhawk_fused,True,0.8,0.2,gyro,-1.0,0.07176759093999863,-0.8759375810623169,0.0017131474729723429
21.047031500027515,9744.196676916,odom,navigating,,0.6893736920336905,0.6642225902973594,0.771771440437321,1.3734869077327312,-2.180632679835709,1.3779683917756347,1.1065518630248168,0.0385882668197155,0.7369990159008125,-0.7369990159008125,0.06595050400028413,pixhawk_fused,True,0.8,0.2,gyro,-1.0,0.1265324205160141,-0.6448947787284851,0.004267021640441136
21.04713060008362,9744.31518058,odom,navigating,,0.7028059140545183,0.6711838924856925,0.7125050869537353,1.380559610998168,-2.1672587804382566,1.318702038292049,1.0693585723044905,0.10031236708164215,0.6722152639362434,-0.6722152639362434,0.06854863000080513,pixhawk_fused,True,0.8,0.2,gyro,-1.0,0.14171327650547028,-0.033867042511701584,0.008638566460215097
21.04718110000249,9744.434864439,odom,navigating,,0.714988347196007,0.6772160687488991,0.6992321702502058,1.3871345777881754,-2.1553605184043487,1.3054291215885194,1.063277997454336,0.12880489230155945,0.6571451176139931,-0.6571451176139931,0.04766682599984051,pixhawk_fused,True,0.8,0.2,gyro,-1.0,0.1207406222820282,-0.03372684121131897,0.012805147500514797
21.386883400031365,9744.555710309,odom,navigating,,0.7235946561611939,0.6814427515142834,0.6984379059191834,1.3917992845976972,-2.1469835313812804,1.304634857257497,1.0659787890043764,0.13077619671821594,0.6554776547286133,-0.6554776547286133,0.11878513900046528,pixhawk_fused,True,0.8,0.2,gyro,-1.0,0.07903571426868439,0.03351129591464996,0.015773564109997668
21.38698400009889,9744.656295731,odom,navigating,,0.7291619206328761,0.6842459097459682,0.7021444068991531,1.3947774892907656,-2.1415079102680457,1.3083413582374668,1.0882337567806086,0.13136251270771027,0.6545521432194332,-0.6545521432194332,0.04262170000038168,pixhawk_fused,True,0.8,0.2,gyro,-1.0,0.07259083539247513,0.31804603338241577,0.01764430845187114
21.387041600071825,9744.774909374,odom,navigating,,0.7357083031624867,0.6878270223111244,0.745515680814681,1.398117117002132,-2.1348351014008755,1.3517126321529946,1.1383359142578529,0.08741287887096405,0.696243614989839,-0.696243614989839,0.05426838000130374,pixhawk_fused,True,0.8,0.2,gyro,-1.0,0.06920445710420609,0.5053485631942749,0.01963973839800654
21.707511600106955,,mission_status,reached,reached waypoint 1/4,0.7357083031624867,0.6878270223111244,0.745515680814681,,,,,,,,,,,,,,,,,
21.707571600098163,,mission_status,turning,aligning for waypoint 2/4,0.7357083031624867,0.6878270223111244,0.745515680814681,,,,,,,,,,,,,,,,,
21.707598900073208,9744.875905954,odom,turning,,0.739913858009178,0.6904026425590355,0.7536103514875039,1.4001058793930938,-2.1303223045538777,1.3598073028258175,1.1789090130055166,0.08741287887096405,0.696243614989839,-0.696243614989839,0.15470739800002775,pixhawk_fused,True,0.8,0.2,gyro,-1.0,0.040651626884937286,0.20037277042865753,0.020724450952499234
21.707672500051558,9744.99509262,odom,turning,,0.7413556359180367,0.6913229102371037,0.7971859185529271,1.400766443384822,-2.128744562068362,1.4033828698912407,1.161353785349234,0.030940478667616844,0.7550683739963392,-0.7550683739963392,0.07404757999938738,pixhawk_fused,True,0.8,0.2,gyro,-1.0,0.012857913970947266,-0.16900517046451569,0.021069592473823073
21.70772340008989,9745.098563607,odom,turning,,0.7421977610852454,0.6918382927221165,0.7973556400828838,1.4011648821092515,-2.1278412124760226,1.4035525914211975,1.1464689421398229,0.03662269189953804,0.7590003213468413,-0.7590003213468413,0.06653473199912696,pixhawk_fused,True,0.8,0.2,gyro,-1.0,0.013588654808700085,-0.17861007153987885,0.021287056628883652
22.028857000055723,9745.215362348,odom,turning,,0.744020687411422,0.6928991842563451,0.7785340588064245,1.4020585618682475,-2.1259307445421314,1.384731010144738,1.1146848865052903,0.052049584686756134,0.7434190404746155,-0.7434190404746155,0.07646908199967584,pixhawk_fused,True,0.8,0.2,gyro,-1.0,0.02314540185034275,-0.30422452092170715,0.021797047821169844
22.02895500010345,9745.315762054,odom,turning,,0.7461150718014066,0.6940277045329093,0.7713642544125834,1.4031368002743894,-2.123810035715548,1.377561205750897,1.078834313842261,0.052049584686756134,0.7434190404746155,-0.7434190404746155,0.17678656700081774,pixhawk_fused,True,0.8,0.2,gyro,-1.0,0.028463806957006454,-0.3741299510002136,0.02244776794132238
22.029002700001,9745.415781009,odom,turning,,0.74885752017029,0.6953668674827566,0.6890338441188011,1.4046276182365167,-2.121146984408113,1.2952307954571147,1.0328366725513562,0.14062021672725677,0.6520059450003723,-0.6520059450003723,0.01672597200013115,pixhawk_fused,True,0.8,0.2,gyro,-1.0,0.03589810058474541,-0.47184672951698303,0.02339918656893713
22.367295400006697,9745.515830908,odom,turning,,0.7517363858520886,0.6966104438264046,0.6657517196661753,1.4062850068762371,-2.1184847649142986,1.271948671004489,0.9855801913179253,0.15848408639431,0.6347172470423798,-0.6347172470423798,0.07683370300037495,pixhawk_fused,True,0.8,0.2,gyro,-1.0,0.033180590718984604,-0.436127632856369,0.02451423268763901
22.36739380005747,9745.63517287,odom,turning,,0.7558252649902778,0.6981125843393251,0.6163134170990721,1.4087894937121812,-2.1149206515019814,1.2225103684373857,0.9199292608321568,0.20435108244419098,0.5893315153452973,-0.5893315153452973,0.016058413999417098,pixhawk_fused,True,0.8,0.2,gyro,-1.0,0.043577518314123154,-0.5727854371070862,0.02370956235719292
22.367442000075243,9745.755264537,odom,turning,,0.760261536463168,0.6994108309285891,0.5166277266732164,1.4116956425503357,-2.1113261768925,1.12282467801153,0.8502500288056701,0.3127034902572632,0.4821448280546288,-0.4821448280546288,0.03164852300142229,pixhawk_fused,True,0.8,0.2,gyro,-1.0,0.04871642589569092,-0.6403315663337708,0.019683443943278308
22.688861000002362,9745.875112951,odom,turning,,0.7646439667647352,0.7003719051523007,0.5031060367005749,1.4147496462596123,-2.1080394733227656,1.1093029880388885,0.7826230266075531,0.3127034902572632,0.4821448280546288,-0.4821448280546288,0.1516931360001763,pixhawk_fused,True,0.8,0.2,gyro,-1.0,0.04370816797018051,-0.57450270652771,0.01593636115607179
22.68897040002048,9745.975316365,odom,turning,,0.7683694410372293,0.7009490960579323,0.43863410861703156,1.417482465934504,-2.105442551198195,1.0448310599553452,0.7258069454598122,0.37969517707824707,0.4157607840630631,-0.4157607840630631,0.053517065000050934,pixhawk_fused,True,0.8,0.2,gyro,-1.0,0.04615010321140289,-0.6065996885299683,0.012922725369288008
22.689021400059573,9746.076090562,odom,turning,,0.7721659844936033,0.701317095419593,0.3488167292235276,1.420392877817466,-2.1029770556257326,0.9550136805618412,0.6683194328018663,0.4774532914161682,0.31786369553538363,-0.31786369553538363,0.0423581329996523,pixhawk_fused,True,0.8,0.2,gyro,-1.0,0.04614090546965599,-0.606478750705719,0.010009291005524943
23.044529600068927,9746.195900922,odom,turning,,0.7769645408573336,0.7014704428577034,0.334351648348864,1.4242490617874353,-2.10011707244354,0.9405485996871776,0.5959470409569417,0.4774532914161682,0.31786369553538363,-0.31786369553538363,0.16232450700044865,pixhawk_fused,True,0.8,0.2,gyro,-1.0,0.04614550620317459,-0.606539249420166,0.006550190341816565
23.044628800009377,9746.316180273,odom,turning,,0.7817617396362844,0.7012765486199404,0.27496090228738646,1.4283019696787564,-2.09754323314695,0.8811578536257001,0.5235822313235249,0.5336688160896301,0.2617082225415329,-0.2617082225415329,0.10517680299926724,pixhawk_fused,True,0.8,0.2,gyro,-1.0,0.04870428889989853,-0.640172004699707,0.0033407037579961624
23.044687000103295,9746.435220429,odom,turning,,0.7865323622949543,0.7007364484461954,0.13875605761557464,1.4325302862673934,-2.095269054707304,0.7449530089538883,0.4512174275433965,0.6846230030059814,0.10956322148772281,-0.10956322148772281,0.03601668500050437,pixhawk_fused,True,0.8,0.2,gyro,-1.0,0.046293120831251144,-0.6084794998168945,0.0003976915172956494
23.368149000103585,9746.554813443,odom,turning,,0.7914735946264024,0.6998035209316603,0.10455961118810475,1.4371226252918934,-2.093220505712337,0.7107565625264184,0.3754193943243921,0.7070755958557129,0.08575979844065706,-0.08575979844065706,0.10954494500037981,pixhawk_fused,True,0.8,0.2,gyro,-1.0,0.0494532436132431,-0.6500163078308105,0.0023830911822697275
23.36831000004895,9746.655932412,odom,turning,,0.7952928645300916,0.6988098456234199,0.04561651668366551,1.4408275231595544,-2.091861114302318,0.6518134680219791,0.3159330085179227,0.7666902542114258,0.02695231214495699,-0.02695231214495699,0.03261096500136773,pixhawk_fused,True,0.8,0.2,gyro,-1.0,0.04373439401388168,-0.5748474597930908,0.00433726639289335
23.36839390010573,9746.755954018,odom,turning,,0.798917220541586,0.6976357581535524,-0.05663183212884504,1.4444750258873709,-2.0907610407886263,0.5495651192094686,0.25850652424621173,0.8803518414497375,-0.08649384548930128,0.08649384548930128,0.0246079610005836,pixhawk_fused,True,0.8,0.2,gyro,-1.0,0.041264817118644714,-0.5423871874809265,0.006026199386387844
23.708621000056155,9746.875059265,odom,turning,,0.8033018558941261,0.6958981517648435,-0.0708376218621527,1.449068404678897,-2.0896909125652887,0.5353593294761609,0.18742347224513212,0.8803518414497375,-0.08649384548930128,0.08649384548930128,0.14387870500104327,pixhawk_fused,True,0.8,0.2,gyro,-1.0,0.046293120831251144,-0.6084794998168945,0.007842243589979847
23.708727700053714,9746.994571133,odom,turning,,0.8073916519170088,0.693936553048088,-0.17478245695210093,1.4535470971674365,-2.0889728494570132,0.4314144943862127,0.11904883668470888,0.9926180243492126,-0.1993192572858711,0.1993192572858711,0.06771098500030348,pixhawk_fused,True,0.8,0.2,gyro,-1.0,0.041401904076337814,-0.5441890358924866,0.009292091239724388
23.70879100007005,9747.095580049,odom,turning,,0.8103695158635196,0.6922799804849383,-0.2289114082290732,1.4569381933465984,-2.088637628567775,0.37728554310924045,0.0676877533523626,1.0471079349517822,-0.2541398127344032,0.2541398127344032,0.05439539799954218,pixhawk_fused,True,0.8,0.2,gyro,-1.0,0.03600575774908066,-0.4732617735862732,0.010184270198472964
24.02873660007026,9747.195997017,odom,turning,,0.812847260502557,0.6907398608837703,-0.23769810403614972,1.4598519324840442,-2.0884916452773004,0.3684988473021639,0.023711920389186545,1.0471079349517822,-0.2541398127344032,0.2541398127344032,0.1547133309995843,pixhawk_fused,True,0.8,0.2,gyro,-1.0,0.032966237515211105,-0.4333101511001587,0.010810771237876745
24.02884670009371,9747.315756104,odom,turning,,0.8155454973148015,0.6888821510495051,-0.28524635616130006,1.4631278224767061,-2.0884810396536335,0.3209505951770136,-0.02565789132432079,1.0942623615264893,-0.30123366632727583,0.30123366632727583,0.09345407000000705,pixhawk_fused,True,0.8,0.2,gyro,-1.0,0.02828175760805607,-0.3717370927333832,0.01136373836737941
24.028896200004965,9747.416538638,odom,turning,,0.8176890384720525,0.6872594502047877,-0.3790693919283057,1.4658139566121224,-2.0885933344924603,0.22712755941000795,-0.06617760287335507,1.2014081478118896,-0.4083698199656387,0.4083698199656387,0.005938107000474702,pixhawk_fused,True,0.8,0.2,gyro,-1.0,0.027975624427199364,-0.36771324276924133,0.01169783477776859
24.36751390004065,9747.534401027,odom,turning,,0.8200080331079035,0.6853405146855052,-0.4006153453365631,1.468813060622417,-2.088849117180899,0.20558160600175052,-0.11154961665178807,1.2152657508850098,-0.42396152838734585,0.42396152838734585,0.013454583999191527,pixhawk_fused,True,0.8,0.2,gyro,-1.0,0.02829589694738388,-0.37192294001579285,0.011942254402166208
24.36761480011046,9747.635340799,odom,turning,,0.8216123854220484,0.6839031042364956,-0.4625776293368262,1.4709505096981217,-2.0891163373066255,0.14361932200148742,-0.14401270003950928,1.2842954397201538,-0.4932962296274086,0.4932962296274086,0.0026016819992946694,pixhawk_fused,True,0.8,0.2,gyro,-1.0,0.025630004703998566,-0.3368822932243347,0.012032699051352257
24.367664800025523,9747.754806577,odom,turning,,0.823007838656945,0.6825707906308793,-0.46839162311849936,1.4728564026570976,-2.0894162061169737,0.13780532821981428,-0.17308830309503678,1.2842954397201538,-0.4932962296274086,0.4932962296274086,0.12231743600023037,pixhawk_fused,True,0.8,0.2,gyro,-1.0,0.017999280244112015,-0.23658359050750732,0.012052598683972232
24.687451100093313,9747.855466503,odom,turning,,0.8243649012422619,0.6811987957836707,-0.49434657002965815,1.4747533536196482,-2.0897705587194935,0.11185038130865549,-0.20216393388649592,1.309249997138977,-0.5184714514878174,0.5184714514878174,0.044883225000376115,pixhawk_fused,True,0.8,0.2,gyro,-1.0,0.01794636808335781,-0.23588810861110687,0.01201728598864422
24.687569900066592,9747.974928652,odom,turning,,0.8252871850090759,0.6802165322870283,-0.5380241138791471,1.4760709463952153,-2.0900523355835867,0.06817283745916658,-0.22247339405635175,1.355713129043579,-0.5679892095443387,0.5679892095443387,0.034402258999762125,pixhawk_fused,True,0.8,0.2,gyro,-1.0,0.015514790080487728,-0.20392730832099915,0.011957601549284548
24.6876392000122,9748.075244382,odom,turning,,0.8263674866350469,0.6790148999660847,-0.5428921819855721,1.4776433860688973,-2.0904243642255516,0.06330476935274154,-0.2468187855452098,1.355713129043579,-0.5679892095443387,0.5679892095443387,0.13471748899974045,pixhawk_fused,True,0.8,0.2,gyro,-1.0,0.01537723746150732,-0.20211930572986603,0.01185111577944319
25.028974500019103,9748.196424883,odom,turning,,0.8270124462929702,0.6782671554578302,-0.5613023501466435,1.4785994518494638,-2.0906714128709702,0.0448946011916701,-0.26169609416124484,1.3761866092681885,-0.5872821991410633,0.5872821991410633,0.0810747409996111,pixhawk_fused,True,0.8,0.2,gyro,-1.0,0.0077132065780460835,-0.10138283669948578,0.011765808889711862
25.029078799998388,9748.315131384,odom,turning,,0.8280165265053806,0.6770581419011985,-0.5916494479243012,1.4801134566162748,-2.091092934423381,0.014547503414012453,-0.28537773618113416,1.4074244499206543,-0.6192951415744206,0.6192951415744206,0.08824241199909011,pixhawk_fused,True,0.8,0.2,gyro,-1.0,0.015488325618207455,-0.20357945561408997,0.011600836422613333
25.02914260001853,9748.415844089,odom,turning,,0.8285762449468764,0.6763573469176629,-0.5943509918513615,1.4809727200867047,-2.091349964832251,0.011845959486952107,-0.2988894168690742,1.4074244499206543,-0.6192951415744206,0.6192951415744206,0.18864082799882453,pixhawk_fused,True,0.8,0.2,gyro,-1.0,0.005143680144101381,-0.06760883331298828,0.011489654527843706
25.387605300056748,9748.534989432,odom,turning,,0.8289353461120449,0.675896597391106,-0.631447259924807,1.4815303471428414,-2.0915240218324325,-0.025250308586493353,-0.3090365121116427,1.4481115341186523,-0.663127284255304,0.663127284255304,0.01091067900051712,pixhawk_fused,True,0.8,0.2,gyro,-1.0,0.005164070520550013,-0.06787684559822083,0.011410347456840777
25.387714400072582,9748.656282894,odom,turning,,0.8296378069871947,0.6749675395545883,-0.6445315980158135,1.4826369711887977,-2.0918873164313774,-0.03833464667749986,-0.3279344982647227,1.4602220058441162,-0.6747582692545434,0.6747582692545434,0.016904692000025534,pixhawk_fused,True,0.8,0.2,gyro,-1.0,0.01707274094223976,-0.22440510988235474,0.011235333137567189
25.387775600072928,9748.775413812,odom,turning,,0.8301958941550429,0.6742056276825762,-0.6498131013300857,1.4835297151574702,-2.092195503377935,-0.0436161499917721,-0.35434745143845925,1.4602220058441162,-0.6747582692545434,0.6747582692545434,0.13595796300069196,pixhawk_fused,True,0.8,0.2,gyro,-1.0,-0.005185930524021387,-0.13632835447788239,0.011079245657880014
25.727873800089583,9748.895305935,odom,turning,,0.830169765007601,0.6742422142264146,-0.6865162744477268,1.483487396639505,-2.092180322779353,-0.08031932310941314,-0.37122367477153173,1.5024746656417847,-0.7164168453705092,0.7164168453705092,0.034825878999981796,pixhawk_fused,True,0.8,0.2,gyro,-1.0,0.0025873587001115084,-0.10202518105506897,0.011087208429735373
25.727982100099325,9748.995674536,odom,turning,,0.8303698776488726,0.6739443194506085,-0.6878711269374423,1.483821577761717,-2.092311125471246,-0.0816741755991287,-0.3779985994342105,1.5024746656417847,-0.7164168453705092,0.7164168453705092,0.13468591799937712,pixhawk_fused,True,0.8,0.2,gyro,-1.0,0.005127533804625273,-0.0673966035246849,0.011013554359883227
25.728035100037232,9749.114952766,odom,turning,,0.8308625272874934,0.6731938663123669,-0.6983701442066401,1.4846540152428715,-2.092647178174105,-0.09217319286832648,-0.39152551226069576,1.5106606483459473,-0.7261590351354857,0.7261590351354857,0.10365323100086243,pixhawk_fused,True,0.8,0.2,gyro,-1.0,0.010253534652292728,-0.13477306067943573,0.0108199987627358
26.03372410009615,9749.21515365,odom,turning,,0.8312017697748185,0.6726641402364721,-0.7148876407215676,1.4852346211502867,-2.092889235937798,-0.10869068938325399,-0.401001215597916,1.5300744771957397,-0.7444367006164572,0.7444367006164572,0.09483998699943186,pixhawk_fused,True,0.8,0.2,gyro,-1.0,0.0,0.0,0.010677435328250584
26.033825100050308,9749.315595937,odom,turning,,0.8311776605467006,0.6727023629030453,-0.7225605766401373,1.4851930304692398,-2.092871559898353,-0.11636362530182365,-0.40032219993432955,1.5384975671768188,-0.7541975090023658,0.7541975090023658,0.0760796329996083,pixhawk_fused,True,0.8,0.2,gyro,-1.0,0.0,0.0,0.010687979618157342
26.033875100081787,,mission_status,navigating,going to waypoint 2/4,0.8311776605467006,0.6727023629030453,-0.7225605766401373,,,,,,,,,,,,,,,,,
26.387719899998046,9749.436962862,odom,navigating,,0.8311776605467006,0.6727023629030453,-0.7219038108651596,1.4851930304692398,-2.092871559898353,-0.115706859526846,-0.40032219993432955,1.5379563570022583,-0.7533765552839792,0.7533765552839792,0.011333780999848386,pixhawk_fused,True,0.8,0.2,gyro,-1.0,0.0,0.0,0.010687979618157342
26.387819100054912,9749.554396691,odom,navigating,,0.8311776605467006,0.6727023629030453,-0.7218908429577439,1.4851930304692398,-2.092871559898353,-0.11569389161943022,-0.40032219993432955,1.5380078554153442,-0.7533603454758009,0.7533603454758009,0.022208332000445807,pixhawk_fused,True,0.8,0.2,gyro,-1.0,0.0,0.0,0.010687979618157342
26.387863300042227,9749.655342355,odom,navigating,,0.8314908787261117,0.6722086446088411,-0.7201284603081097,1.4857317337655003,-2.0930988529702748,-0.11393150896979609,-0.3915102311737928,1.5380078554153442,-0.7533603454758009,0.7533603454758009,0.12289992799924221,pixhawk_fused,True,0.8,0.2,gyro,-1.0,0.028349751606583595,0.3726308047771454,0.010553037668357636
26.387906300020404,9749.775572547,odom,navigating,,0.8336905855977925,0.6688713756087384,-0.7162302007325901,1.4894408946779687,-2.0945882152585655,-0.1100332493942765,-0.37188744916276995,1.5380653142929077,-0.75339306558618,0.75339306558618,0.06508578900138673,pixhawk_fused,True,0.8,0.2,gyro,-1.0,0.06455735862255096,0.23759284615516663,0.00969850090340956
26.748825400019996,9749.897816971,odom,navigating,,0.8405082021384915,0.6587984265028399,-0.6967827656444612,1.5007827773761708,-2.098982062757769,-0.09058581430614754,-0.368507619804387,1.5149180889129639,-0.7299288799906676,0.7299288799906676,0.029313301000001957,pixhawk_fused,True,0.8,0.2,gyro,-1.0,0.14407344162464142,0.0,0.007243610852813071
26.748924100073054,9750.015446981,odom,navigating,,0.8510700331392308,0.6432916193001448,-0.6961052753603224,1.5182976529320618,-2.105708315650085,-0.08990832402200877,-0.3651201663889607,1.5149180889129639,-0.7299288799906676,0.7299288799906676,0.1466252070003975,pixhawk_fused,True,0.8,0.2,gyro,-1.0,0.19067692756652832,0.03341681510210037,0.0035108077525244485
26.74897400010377,9750.136423933,odom,navigating,,0.8639974257449393,0.624517785660789,-0.6844907485344326,1.539617971827045,-2.1137717089380597,-0.07829379719611895,-0.35359978791221436,1.5023932456970215,-0.7182908161351984,0.7182908161351984,0.007767973000227357,pixhawk_fused,True,0.8,0.2,gyro,-1.0,0.23227284848690033,0.20361006259918213,0.0009104671333948275
27.08611460006796,9750.236839185,odom,navigating,,0.876211871277249,0.6072617652639967,-0.6813719530883494,1.559487607767111,-2.1209939307018604,-0.07517500175003577,-0.3380053145425895,1.5023932456970215,-0.7182908161351984,0.7182908161351984,0.10876441499931389,pixhawk_fused,True,0.8,0.2,gyro,-1.0,0.252548485994339,0.2395523637533188,0.004742427638992676
27.086220500059426,9750.355138016,odom,navigating,,0.8923597476850607,0.5856153191772757,-0.6629600750435272,1.5850912469264153,-2.1295832381516733,-0.056763123705213525,-0.30360436082446923,1.4879076480865479,-0.7038752007553881,0.7038752007553881,0.11307174500143446,pixhawk_fused,True,0.8,0.2,gyro,-1.0,0.2616162896156311,0.31905460357666016,0.008973010110831542
27.086269300081767,9750.47443049,odom,navigating,,0.9096737772340057,0.5639886100191467,-0.617322508201012,1.6116420098698612,-2.1374919141061537,-0.011125556862698338,-0.2724306422794099,1.4424492120742798,-0.6546226352373665,0.6546226352373665,0.040853967000657576,pixhawk_fused,True,0.8,0.2,gyro,-1.0,0.2646022439002991,0.16891907155513763,0.01237550963689662
27.40946590004023,9750.576092547,odom,navigating,,0.92494251177626,0.5459299284947516,-0.6125904609163965,1.6344790369259234,-2.1436336099763547,-0.006393509578082823,-0.24876427515100982,1.4424492120742798,-0.6546226352373665,0.6546226352373665,0.14178731799984234,pixhawk_fused,True,0.8,0.2,gyro,-1.0,0.2657681405544281,0.20548659563064575,0.01465044560721977
27.409573100041598,9750.696236947,odom,navigating,,0.9441009472538131,0.5243492060989474,-0.5904005427164352,1.6625193701110654,-2.1504536498544313,0.015796408621878477,-0.22237420576966135,1.4209240674972534,-0.6334820702592439,0.6334820702592439,0.08473405000040657,pixhawk_fused,True,0.8,0.2,gyro,-1.0,0.2778698205947876,0.27054348587989807,0.016732658815567448
27.409662800026126,9750.797044338,odom,navigating,,0.9605421764291517,0.5067269234513099,-0.5688426973341717,1.6860713409743244,-2.1555686797629887,0.03735425400414194,-0.20006584815890446,1.3994075059890747,-0.6121117139677114,0.6121117139677114,0.07869681599913747,pixhawk_fused,True,0.8,0.2,gyro,-1.0,0.2778976261615753,0.2705705761909485,0.017876705897099953
27.76844070001971,9750.915194728,odom,navigating,,0.9806771952789131,0.48614150258237904,-0.5472565333350712,1.7143471813908946,-2.1610143555858694,0.058940418003242456,-0.1811373197161263,1.3774418830871582,-0.5898616100172108,0.5898616100172108,0.07418780699845229,pixhawk_fused,True,0.8,0.2,gyro,-1.0,0.2691887617111206,0.03360933065414429,0.018564530862890366
27.768540700082667,9751.036752392,odom,navigating,,1.0011132425939397,0.465741369859069,-0.5203700170336848,1.7427648460298348,-2.1661362479568,0.08582693430462884,-0.1804811955395994,1.3476295471191406,-0.5564194948565743,0.5564194948565743,0.00879906100090011,pixhawk_fused,True,0.8,0.2,gyro,-1.0,0.2759808301925659,-0.1368870884180069,0.01890955621348311
27.76858890010044,9751.155874222,odom,navigating,,1.0216255338961884,0.4449900452344976,-0.5290921207945637,1.771445259796289,-2.1715033173925016,0.07710483054374995,-0.19402336425525268,1.3553085327148438,-0.5639366274890086,0.5639366274890086,0.016049157000452396,pixhawk_fused,True,0.8,0.2,gyro,-1.0,0.28342655301094055,-0.2032022774219513,0.019452860306428718
28.127988500054926,9751.275126625,odom,navigating,,1.0420608277134207,0.4236767079421245,-0.5317990206486727,1.8003825999949106,-2.1773761295097342,0.07439793068964096,-0.20755791822561112,1.3553085327148438,-0.5639366274890086,0.5639366274890086,0.13530628199987405,pixhawk_fused,True,0.8,0.2,gyro,-1.0,0.28259164094924927,-0.06753447651863098,0.02045237513012047
28.12808870000299,9751.396347022,odom,navigating,,1.0618668867834384,0.4026295593542062,-0.5514178236832119,1.8286511620422976,-2.1833886863152845,0.054779127655101734,-0.21296714477037304,1.37978196144104,-0.5871077845361612,0.5871077845361612,0.003295648000857909,pixhawk_fused,True,0.8,0.2,gyro,-1.0,0.2726422846317291,-0.1352311074733734,0.021700458900810366
28.128136800020002,9751.515803032,odom,navigating,,1.0815745354403625,0.3815729528153927,-0.5531362431248644,1.8568442370035843,-2.189465084816242,0.053060708213449215,-0.2109224800208925,1.3821990489959717,-0.5897669143345735,0.5897669143345735,0.07452296799965552,pixhawk_fused,True,0.8,0.2,gyro,-1.0,0.2742547392845154,0.03368987888097763,0.02302400397290071
28.466799700050615,9751.6158942,odom,navigating,,1.098036145859212,0.36408482176116497,-0.5539937998717787,1.880336525239541,-2.194458254029332,0.05220315146653498,-0.20686364194440338,1.3836287260055542,-0.5918534207534573,0.5918534207534573,0.0012272869989828905,pixhawk_fused,True,0.8,0.2,gyro,-1.0,0.2813807725906372,0.07112476229667664,0.024057756835407253
28.4668851000024,9751.736164248,odom,navigating,,1.1183559189728398,0.34282348443454125,-0.5404838529057298,1.909149301348427,-2.2003541489745455,0.06571309843258388,-0.19466423823614845,1.3695251941680908,-0.578015886784025,0.578015886784025,0.013921759998993366,pixhawk_fused,True,0.8,0.2,gyro,-1.0,0.28402388095855713,0.06787688285112381,0.02510066435349264
28.46692170004826,9751.854225011,odom,navigating,,1.139040762050016,0.3217733820908108,-0.5372359554408072,1.938141749199436,-2.205868449421154,0.06896099589750648,-0.1784212535857858,1.3695251941680908,-0.578015886784025,0.578015886784025,0.13217387099939515,pixhawk_fused,True,0.8,0.2,gyro,-1.0,0.2768663763999939,0.13487376272678375,0.025737491680715745
28.810532600036822,9751.955426859,odom,navigating,,1.1564836927703492,0.3045882410284686,-0.52228595242259,1.962267879414548,-2.2100535117015014,0.08391099891572362,-0.1642000657865201,1.354487657546997,-0.5628837558035334,0.5628837558035334,0.03551429199978884,pixhawk_fused,True,0.8,0.2,gyro,-1.0,0.28868094086647034,0.06775780767202377,0.02586932778104159
28.810614800080657,9752.075290434,odom,navigating,,1.1769896195456973,0.28493749744957686,-0.5057772642806063,1.9903160108523863,-2.214519726985727,0.10041968705770732,-0.15000939567835697,1.3376247882843018,-0.5457957804505309,0.5457957804505309,0.04305325099994661,pixhawk_fused,True,0.8,0.2,gyro,-1.0,0.2660297155380249,0.10184596478939056,0.025628926685476765
28.81066240009386,9752.196897174,odom,navigating,,1.1978036438214241,0.26534062131278247,-0.4996016671365665,2.0185866524338256,-2.218766135520619,0.10659528420174713,-0.14932275392781938,1.3302667140960693,-0.5382483281497439,0.5382483281497439,0.05455969700051355,pixhawk_fused,True,0.8,0.2,gyro,-1.0,0.28045669198036194,-0.03381954878568649,0.025134904866638552
29.14947630011011,9752.315820976,odom,navigating,,1.2192084031594366,0.24514973841615456,-0.5004209409506002,2.0476812054068048,-2.2231641420879273,0.10577601038771345,-0.1534197382506123,1.3302667140960693,-0.5382483281497439,0.5382483281497439,0.1732785040003364,pixhawk_fused,True,0.8,0.2,gyro,-1.0,0.27690061926841736,-0.06739998608827591,0.02465394290792905
29.149577200063504,9752.436689308,odom,navigating,,1.2405891410445804,0.2246880556599835,-0.5098726615946304,2.0769103042329706,-2.227798383723582,0.09632428974368323,-0.16355919198008437,1.3381474018096924,-0.547528141655453,0.547528141655453,0.045860930000344524,pixhawk_fused,True,0.8,0.2,gyro,-1.0,0.2917114198207855,-0.10179479420185089,0.024383672433777183
29.149634700035676,9752.53671648,odom,navigating,,1.257911503230959,0.20774034975032896,-0.5154760381789761,2.100802070960383,-2.2318570103335476,0.0907209131593375,-0.1770861137159438,1.3420590162277222,-0.5511508110989412,0.5511508110989412,0.0943343190010637,pixhawk_fused,True,0.8,0.2,gyro,-1.0,0.27630552649497986,-0.16970913112163544,0.024429630758776674
29.488983800052665,9752.654548215,odom,navigating,,1.2780456368591593,0.187350383276904,-0.5321276270117615,2.1289658244915315,-2.237142562034397,0.07406932432655211,-0.20079063283567408,1.3574882745742798,-0.5660392026830992,0.5660392026830992,0.033060069999919506,pixhawk_fused,True,0.8,0.2,gyro,-1.0,0.2793392241001129,-0.2357940971851349,0.024978104896453412
29.489083799999207,9752.754991118,odom,navigating,,1.2948605740296628,0.16955176298276664,-0.5652216590722348,2.1529253840290505,-2.242189591179443,0.04097529226607888,-0.21501946814074374,1.394930362701416,-0.6038491437066874,0.6038491437066874,0.028569355999934487,pixhawk_fused,True,0.8,0.2,gyro,-1.0,0.28600314259529114,-0.03386698663234711,0.025987590929171012
29.489133900031447,9752.876400142,odom,navigating,,1.3151505544682807,0.14755980475873387,-0.5660348292824113,2.182129944353399,-2.2487028997847984,0.040162122055902305,-0.21908592591314854,1.394930362701416,-0.6038491437066874,0.6038491437066874,0.14953875999890442,pixhawk_fused,True,0.8,0.2,gyro,-1.0,0.28492647409439087,0.0960279330611229,0.027574504902518157
29.848826100002043,9752.996982536,odom,navigating,,1.3354834738865005,0.12582578442263104,-0.5683131161262142,2.211222833699136,-2.254979765368402,0.03788383521209948,-0.2014925392741767,1.39982008934021,-0.6110934160654029,0.6110934160654029,0.07434221400035312,pixhawk_fused,True,0.8,0.2,gyro,-1.0,0.28557413816452026,0.16908124089241028,0.028946734086495243
29.848891900037415,9753.115397887,odom,navigating,,1.356134816711888,0.10461165740133571,-0.5550253696929421,2.2402812027796046,-2.260647951334884,0.0511715816453715,-0.18190788492040563,1.3884304761886597,-0.5993786345053992,0.5993786345053992,0.07470814999942377,pixhawk_fused,True,0.8,0.2,gyro,-1.0,0.27977004647254944,0.13372047245502472,0.029724405105065604
29.84892670006957,9753.236486142,odom,navigating,,1.3764065210470189,0.08456356974911083,-0.5419666148894553,2.2683632306224957,-2.2655741595514884,0.06423033644885834,-0.16427636834852394,1.3763540983200073,-0.587461897992023,0.587461897992023,0.01539954200052307,pixhawk_fused,True,0.8,0.2,gyro,-1.0,0.2556471526622772,0.10182549804449081,0.029932031878628012
30.167659000027925,9753.354515207,odom,navigating,,1.394714664731239,0.06697521182977217,-0.5271492952868931,2.2934301420428898,-2.269597642035969,0.0790476560514205,-0.15346550403919695,1.3608200550079346,-0.5716440038312754,0.5716440038312754,0.012594641999385203,pixhawk_fused,True,0.8,0.2,gyro,-1.0,0.22552160918712616,0.06736976653337479,0.02974872001129487
30.167759300093167,9753.45493615,odom,navigating,,1.4080340828996485,0.054381354843985874,-0.5161868646464686,2.3115516176818502,-2.272358847350675,0.09001008669184507,-0.14263176336861882,1.3473994731903076,-0.5606494311918101,0.5606494311918101,0.05325939400063362,pixhawk_fused,True,0.8,0.2,gyro,-1.0,0.20613303780555725,0.27087530493736267,0.02947076833031771
30.167809600010514,9753.555112339,odom,navigating,,1.4195037358249534,0.043868990142447606,-0.5107221450318659,2.3269669956584917,-2.27446333581165,0.09547480630644778,-0.12436699876283189,1.3447794914245605,-0.5583807545830092,0.5583807545830092,0.041198405999239185,pixhawk_fused,True,0.8,0.2,gyro,-1.0,0.1563819795846939,0.10108979791402817,0.02899331453704439
30.508275200030766,9753.675518443,odom,navigating,,1.4309905463843178,0.03381133602474751,-0.47852031061358336,2.342137404523767,-2.276184358193372,0.12767664072473028,-0.09999871390396325,1.3097057342529297,-0.524223192997702,0.524223192997702,0.04749633800020092,pixhawk_fused,True,0.8,0.2,gyro,-1.0,0.13222122192382812,0.10223082453012466,0.028178258006375516
30.508377599995583,9753.775557488,odom,navigating,,1.4386467081908063,0.027365099021717576,-0.4646701439857639,2.3521021157958026,-2.277119940563523,0.14152680735254974,-0.08580803866142907,1.2968285083770752,-0.5104580536116442,0.5104580536116442,0.03457559199887328,pixhawk_fused,True,0.8,0.2,gyro,-1.0,0.10019158571958542,0.1013018786907196,0.02745070306252348
30.50843850011006,9753.895733708,odom,navigating,,1.4459696738867158,0.02136241138860351,-0.462102001571439,2.361540289045784,-2.2778808420732766,0.14409494976687465,-0.07295250984927804,1.2968285083770752,-0.5104580536116442,0.5104580536116442,0.1549042719998397,pixhawk_fused,True,0.8,0.2,gyro,-1.0,0.08233410865068436,0.13530220091342926,0.02663807726252527
30.822685400024056,9754.015528696,odom,navigating,,1.45107836580691,0.017264005253403436,-0.4452381202153088,2.3680737691314473,-2.278338339564793,0.16095883112300485,-0.06349206362549933,1.2780861854553223,-0.491746115819045,0.491746115819045,0.08501747499940393,pixhawk_fused,True,0.8,0.2,gyro,-1.0,0.051262568682432175,0.13475964963436127,0.026007272286061183
30.82278970000334,9754.136469566,odom,navigating,,1.4550375090941023,0.01417409153262994,-0.436885807943829,2.373087941638466,-2.278621988009533,0.16931114339448466,-0.04726433621453361,1.271157145500183,-0.4853596509922823,0.4853596509922823,0.09129974099960236,pixhawk_fused,True,0.8,0.2,gyro,-1.0,0.04861951619386673,0.10090384632349014,0.025456625652526963
30.822840800043195,,mission_status,reached,reached waypoint 2/4,1.4550375090941023,0.01417409153262994,-0.436885807943829,,,,,,,,,,,,,,,,,
31.209232600056566,,mission_status,turning,aligning for waypoint 3/4,1.4550375090941023,0.01417409153262994,-0.436885807943829,,,,,,,,,,,,,,,,,
31.209290600032546,9754.255591554,odom,turning,,1.4590307818435189,0.011184506308791864,-0.421079900608374,2.3780730006687514,-2.278803739285708,0.18511705072993961,-0.019516229879343386,1.258058786392212,-0.47253300655675734,0.47253300655675734,0.03137029500067001,pixhawk_fused,True,0.8,0.2,gyro,-1.0,0.04101886600255966,0.20217135548591614,0.02481031022622785
31.209360200096853,9754.356675428,odom,turning,,1.4607596229233777,0.009904215502486324,-0.4272846338911207,2.380223238878878,-2.278870908235599,0.17891231744719294,-0.050583121246298726,1.258058786392212,-0.47253300655675734,0.47253300655675734,0.1324787430003198,pixhawk_fused,True,0.8,0.2,gyro,-1.0,0.03159867599606514,-0.4153348505496979,0.024520458757052478
31.209405100089498,9754.476426864,odom,turning,,1.4632111981050568,0.007935623120967406,-0.45664252879809275,2.3833595921366277,-2.2790919627053636,0.1495544225402209,-0.09796166368934352,1.2639826536178589,-0.49738901516092626,0.49738901516092626,0.05505552099930355,pixhawk_fused,True,0.8,0.2,gyro,-1.0,0.033319007605314255,-0.43794697523117065,0.024219061105958572
31.209445200045593,9754.595911695,odom,turning,,1.465861289916182,0.005581425443379029,-0.511209342510244,2.3868787876134143,-2.279516811512258,0.09498760882806967,-0.15138268067057392,1.3172602653503418,-0.552242152296432,0.552242152296432,0.07314818799932254,pixhawk_fused,True,0.8,0.2,gyro,-1.0,0.038919974118471146,-0.5115664005279541,0.024055242714480153
31.52894180000294,9754.715569226,odom,turning,,1.4686018528313836,0.0028606057108118144,-0.557549714557777,2.3906812156281303,-2.2801914123588394,0.04864723678053662,-0.20958733785231004,1.3612056970596313,-0.5956173553098522,0.5956173553098522,0.07579370200073754,pixhawk_fused,True,0.8,0.2,gyro,-1.0,0.03355972468852997,-0.4411109983921051,0.020526765536990493
31.529001200105995,9754.815973893,odom,turning,,1.4708271527022243,0.0003988244938923913,-0.6036289758116544,2.393912603592072,-2.280946699126652,0.0025679755266592164,-0.25961326921514866,1.4062985181808472,-0.6407100886632285,0.6407100886632285,0.0018415510003251256,pixhawk_fused,True,0.8,0.2,gyro,-1.0,0.03858531266450882,-0.507167637348175,0.017241178583069748
31.529033300001174,9754.916275952,odom,turning,,1.4731486804995468,-0.0024555842960038987,-0.6605537480189179,2.3974467717140353,-2.2819698298804063,-0.054356796680604225,-0.3150713548870336,1.4639925956726074,-0.6980014879335247,0.6980014879335247,0.05631875200015202,pixhawk_fused,True,0.8,0.2,gyro,-1.0,0.04101209342479706,-0.5390653610229492,0.013576370262552036
31.84830530011095,9755.034937246,odom,turning,,1.4756096299356698,-0.005880847055886762,-0.7064644322695824,2.4014207612880702,-2.2833826653155707,-0.1002674809312688,-0.3786394525127964,1.5067518949508667,-0.7394980051149211,0.7394980051149211,0.025380873999893083,pixhawk_fused,True,0.8,0.2,gyro,-1.0,0.03856988251209259,-0.5069648027420044,0.009360472430915265
31.848388700047508,9755.135212731,odom,turning,,1.4776224837088725,-0.009068079609325319,-0.7586936466679882,2.404890879761221,-2.2848551833780375,-0.15249669532967458,-0.43545556572736605,1.55718195438385,-0.7905805009831272,0.7905805009831272,0.015270934000000125,pixhawk_fused,True,0.8,0.2,gyro,-1.0,0.04871642589569092,-0.6403315663337708,0.0055926385114360945
31.848425900097936,9755.235677103,odom,turning,,1.4795325124060812,-0.012520063247948743,-0.8577127436361419,2.4084273353706425,-2.286603863562656,-0.2515157922978283,-0.4949190420659192,1.6671020984649658,-0.8994869422544322,0.8994869422544322,0.0038250630004768027,pixhawk_fused,True,0.8,0.2,gyro,-1.0,0.04606746882200241,-0.6055135130882263,0.001662967857738457
32.16946270002518,9755.354892071,odom,turning,,1.481451482077503,-0.016580733339145337,-0.8712503803793843,2.412317935629178,-2.288847680805138,-0.26505342904107065,-0.5626146973163402,1.6671020984649658,-0.8994869422544322,0.8994869422544322,0.12314793600125995,pixhawk_fused,True,0.8,0.2,gyro,-1.0,0.041401904076337814,-0.5441890358924866,0.0027761083108105737
32.16956440010108,9755.455250853,odom,turning,,1.4828622623616359,-0.020123601352262876,-0.9515476716552437,2.4154958795679744,-2.290955496520597,-0.34535072031693004,-0.6200945534438463,1.7544654607772827,-0.9854882782329402,0.9854882782329402,0.03301429500061204,pixhawk_fused,True,0.8,0.2,gyro,-1.0,0.046161603182554245,-0.6067507863044739,0.006501645072543912
32.16962400008924,9755.555957312,odom,turning,,1.4840684496272378,-0.02374477522084595,-1.025036458694381,2.4185502991840613,-2.2932442316986097,-0.41883950735606734,-0.6776201865858913,1.8322396278381348,-1.0629675964940866,1.0629675964940866,0.025596924999263138,pixhawk_fused,True,0.8,0.2,gyro,-1.0,0.04390781745314598,-0.5771269202232361,0.010177553626783693
32.510331400088035,9755.674586683,odom,turning,,1.4852773403553274,-0.028342785922974345,-1.0852459439736788,2.422163489600014,-2.296334211346992,-0.47904899263536516,-0.7492754877153784,1.8892954587936401,-1.1203158706058343,1.1203158706058343,0.030610571000579512,pixhawk_fused,True,0.8,0.2,gyro,-1.0,0.04359055310487747,-0.5729568004608154,0.014664451955551314
32.510439600097016,9755.775620116,odom,turning,,1.4860067203551623,-0.03208963303837764,-1.0967507606550655,2.4248976609720394,-2.298997886514643,-0.49055380931675185,-0.8068086948496206,1.8892954587936401,-1.1203158706058343,1.1203158706058343,0.1312746050007263,pixhawk_fused,True,0.8,0.2,gyro,-1.0,0.04648596793413162,-0.6110143065452576,0.01817761626546812
32.510501100099646,9755.895614974,odom,turning,,1.4865868254676793,-0.03653942994365911,-1.2083888628932034,2.427909658093459,-2.302324309184777,-0.6021919115548897,-0.8744432761469335,2.0127387046813965,-1.2429525816668352,1.2429525816668352,0.028659540999797173,pixhawk_fused,True,0.8,0.2,gyro,-1.0,0.043664537370204926,-0.5739292502403259,0.022189740338378144
32.82935910008382,9755.996577557,odom,turning,,1.4868407334868263,-0.040300526323442165,-1.2197500558091585,2.4302611951998525,-2.305270593030142,-0.6135531044708449,-0.9312593844380035,2.0127387046813965,-1.2429525816668352,1.2429525816668352,0.13031157099976554,pixhawk_fused,True,0.8,0.2,gyro,-1.0,0.04133123159408569,-0.5432601571083069,0.025448573965562243
32.82946100004483,9756.115508829,odom,turning,,1.4868594827309625,-0.04496692776744904,-1.2682439227932254,2.4329352680377654,-2.3090948561524076,-0.6620469714549118,-1.0015871499432265,2.055593490600586,-1.2859947502840838,1.2859947502840838,0.09453346800000872,pixhawk_fused,True,0.8,0.2,gyro,-1.0,0.04624227061867714,-0.6078110933303833,0.029325981066319652
32.8295105000725,9756.21565932,odom,turning,,1.4865964430008576,-0.049176582330051066,-1.370449003087784,2.435117531072298,-2.3127043034070662,-0.7642520517494704,-1.0651551941981434,2.1668589115142822,-1.3978502809633098,1.3978502809633098,0.08889870799976052,pixhawk_fused,True,0.8,0.2,gyro,-1.0,0.04648596793413162,-0.6110143065452576,0.03266716783496845
33.16889980004635,9756.334988011,odom,turning,,1.4859636116791504,-0.053980590370334314,-1.4338154770691287,2.437334522325505,-2.3170128900101234,-0.8276185257308151,-1.138199077270832,2.2283811569213867,-1.4587983131040416,1.4587983131040416,0.09483957399970677,pixhawk_fused,True,0.8,0.2,gyro,-1.0,0.04390781745314598,-0.5771269202232361,0.036293892660492745
33.169001600006595,9756.455053722,odom,turning,,1.4850238582183084,-0.05854879093515841,-1.5386681318855902,2.4391649281983807,-2.3213025528533042,-0.9324711805472765,-1.2085038905533945,2.341249942779541,-1.572286519967445,1.572286519967445,0.023516508999819052,pixhawk_fused,True,0.8,0.2,gyro,-1.0,0.048718854784965515,-0.6403634548187256,0.03955341534691776
33.16905080003198,9756.556250764,odom,turning,,1.4839914968713226,-0.062316189904200514,-1.5504388617153884,2.4404629733538554,-2.324986863333847,-0.9442419103770747,-1.267372340081591,2.341249942779541,-1.572286519967445,1.572286519967445,0.12438783700054046,pixhawk_fused,True,0.8,0.2,gyro,-1.0,0.04390781745314598,-0.5771269202232361,0.04209750087564654
33.528740900103,9756.676648487,odom,turning,,1.482425279624259,-0.0668463404355375,-1.6088144992911326,2.4417568594412256,-2.329602181209626,-1.002617547952819,-1.3396226833961316,2.3974862098693848,-1.6271979919899784,1.6271979919899784,0.06692138600010367,pixhawk_fused,True,0.8,0.2,gyro,-1.0,0.04377682879567146,-0.5754051804542542,0.04497483845484029
33.528822600026615,9756.796115267,odom,turning,,1.4805505757979738,-0.0712203186238679,-1.6692123990508636,2.4427082462701746,-2.334264912461798,-1.06301544771255,-1.4113467111227973,2.455254316329956,-1.6847700019706568,1.6847700019706568,0.07454125199910777,pixhawk_fused,True,0.8,0.2,gyro,-1.0,0.04868246242403984,-0.6398851275444031,0.047550089562673835
33.52885890007019,9756.915781061,odom,turning,,1.4784516307996127,-0.07528777165187128,-1.784981824498418,2.443300705521688,-2.3388034955310446,-1.1787848731601043,-1.4843905718689079,2.5810165405273438,-1.8112078285445055,1.8112078285445055,0.0032869820006453665,pixhawk_fused,True,0.8,0.2,gyro,-1.0,0.04151882976293564,-0.6139416098594666,0.04974581631093909
33.86738350009546,9757.034692021,odom,turning,,1.4764637942114467,-0.07848942661327585,-1.8941529639794878,2.443491190840883,-2.3425672442123875,-1.2879560126411742,-1.568252745397462,2.698244333267212,-1.9267053473223528,1.9267053473223528,0.008725711000806768,pixhawk_fused,True,0.8,0.2,gyro,-1.0,0.041145194321870804,-0.6084203124046326,0.05128627248003463
33.867529800045304,9757.135414925,odom,turning,,1.4750303488418193,-0.08043699294706641,-1.9106162572614045,2.443422774170561,-2.344984494594835,-1.3044193059230909,-1.650619766124023,2.698244333267212,-1.9267053473223528,1.9267053473223528,0.10917754799993418,pixhawk_fused,True,0.8,0.2,gyro,-1.0,0.03317359462380409,-0.9056126475334167,0.05209781407430421
33.86759360006545,9757.25461014,odom,turning,,1.4735916713531656,-0.08203806297806415,-1.990737498065806,2.443152642697161,-2.3471199681131902,-1.3845405467274923,-1.7563250538656614,2.774384021759033,-2.000450623177417,2.000450623177417,0.11716244600029313,pixhawk_fused,True,0.8,0.2,gyro,-1.0,0.015431812964379787,-0.8789587020874023,0.05261929555812921
34.189394000102766,9757.355049275,odom,turning,,1.472468974990198,-0.08307275847039741,-2.0764226141023956,2.442819501341975,-2.3486099542616965,-1.470225662764082,-1.8361284459847993,2.858443021774292,-2.087600424729713,2.087600424729713,0.016583164999246947,pixhawk_fused,True,0.8,0.2,gyro,-1.0,0.020507069304585457,-0.7412518858909607,0.05284830468768986
34.18949420005083,9757.455703591,odom,turning,,1.4715198605928657,-0.08382495419822511,-2.2084131797840505,2.4424680600871285,-2.3497688785890696,-1.6022162284457369,-1.9085086277411074,3.011500358581543,-2.234467573605903,2.234467573605903,0.016240265000305953,pixhawk_fused,True,0.8,0.2,gyro,-1.0,0.017950840294361115,-0.64042729139328,0.05294037442018522
34.189563899999484,9757.575745157,odom,turning,,1.4704409216771028,-0.08455673204864678,-2.219890742261344,2.441998293344703,-2.350984990102882,-1.6136937909230302,-1.965957898589501,3.011500358581543,-2.234467573605903,2.234467573605903,0.13636516299993673,pixhawk_fused,True,0.8,0.2,gyro,-1.0,0.012815386056900024,-0.3032125234603882,0.052942857029177864
34.5285281999968,9757.696095882,odom,turning,,1.4693635378497858,-0.0852030483665045,-2.2826687724081363,2.4414811132258847,-2.352129981552104,-1.6764718210698226,-2.02012650415523,3.0762717723846436,-2.2993929522861323,2.2993929522861323,0.08195216100102698,pixhawk_fused,True,0.8,0.2,gyro,-1.0,0.015516350045800209,-0.27193039655685425,0.052875390566018254
34.528647000086494,9757.815451445,odom,turning,,1.4690335496564522,-0.08536623519417785,-2.358990335093645,2.4413028971575983,-2.3524521013768127,-1.7527933837553316,-2.0727617218955228,-3.123771905899048,-2.3816277984608494,2.3816277984608494,0.0926765880012681,pixhawk_fused,True,0.8,0.2,gyro,-1.0,0.01291302777826786,-0.37342146039009094,0.05282591262070186
34.52870900009293,9757.915841156,odom,turning,,1.4685102572238766,-0.08562137400064851,-2.365606352100569,2.4410182089458323,-2.3529599235923957,-1.7594094007622552,-2.105881037178804,-3.123771905899048,-2.3816277984608494,2.3816277984608494,0.19269334400087246,pixhawk_fused,True,0.8,0.2,gyro,-1.0,0.005143165588378906,-0.2704082727432251,0.05274443334995236
34.86856130009983,9758.034399125,odom,turning,,1.4678142395521054,-0.08593440103804895,-2.4351879173138102,2.440624553149723,-2.3536137290984533,-1.8289909659754966,-2.1200792029222195,-3.0421488285064697,-2.4650425208140696,2.4650425208140696,0.003235280000808416,pixhawk_fused,True,0.8,0.2,gyro,-1.0,0.0077468836680054665,-0.10182549059391022,0.052614243907795934
34.868660900043324,9758.135619484,odom,turning,,1.4669482289030977,-0.0863105000281964,-2.438033284187839,2.4401271286044017,-2.354416221289254,-1.8318363328495253,-2.1343080689727105,-3.0421488285064697,-2.4650425208140696,2.4650425208140696,0.10398092700052075,pixhawk_fused,True,0.8,0.2,gyro,-1.0,0.012930290773510933,-0.1699565052986145,0.05244116923974223
34.8687109000748,9758.254745072,odom,turning,,1.466329212333852,-0.0865701270322875,-2.4497137109727096,2.439766329446319,-2.354982270458303,-1.843516759634396,-2.1457826852555235,-3.0289909839630127,-2.476774385363289,2.476774385363289,0.04581623200101603,pixhawk_fused,True,0.8,0.2,gyro,-1.0,0.002582683227956295,-0.0339469388127327,0.0523098289932978
35.20931210007984,9758.35781728,odom,turning,,1.4662040231480231,-0.08662149650919226,-2.461639586879153,2.4396927139408664,-2.355095813017561,-1.8554426355408395,-2.1505434230980165,-3.0163779258728027,-2.490491167039105,2.490491167039105,0.03546957500111603,pixhawk_fused,True,0.8,0.2,gyro,-1.0,0.0023638904094696045,-0.09321333467960358,0.052282324543862495
35.20941390004009,9758.475380885,odom,turning,,1.4664543993749384,-0.08652204558672194,-2.472734654084818,2.4398418165324194,-2.3548714312933128,-1.8665377027465042,-2.169494810909379,-3.007267951965332,-2.4996225837324344,2.4996225837324344,0.03110719100004644,pixhawk_fused,True,0.8,0.2,gyro,-1.0,-0.002582425018772483,-0.3054918050765991,0.052340056939116336
35.20946310006548,9758.596550261,odom,turning,,1.4661149943273566,-0.08664479662134794,-2.4797601151817554,2.4396328233601587,-2.3551656853617198,-1.8735631638434418,-2.2046435240969013,-3.007267951965332,-2.4996225837324344,2.4996225837324344,0.15249465499982762,pixhawk_fused,True,0.8,0.2,gyro,-1.0,0.0025835903361439705,-0.37354758381843567,0.05225180006727172
35.550313600106165,9758.716041583,odom,turning,,1.4647027154299794,-0.0870930995938326,-2.5102526319643514,2.438727602187172,-2.356338750520649,-1.9040556806260378,-2.2445376736542957,-2.977579355239868,-2.527768436417409,2.527768436417409,0.09474596899963217,pixhawk_fused,True,0.8,0.2,gyro,-1.0,0.010291474871337414,-0.13527174293994904,0.05183279292428147
35.55043430009391,9758.834928454,odom,turning,,1.4645307441428355,-0.0871444254032111,-2.562027942348063,2.4386155153017506,-2.356478911115777,-1.9558309910097496,-2.2472460284870097,-2.916029453277588,-2.5918008529101098,2.5918008529101098,0.10793006099993363,pixhawk_fused,True,0.8,0.2,gyro,-1.0,0.0,0.0,0.05177906667701197
35.550488500040956,,mission_status,navigating,going to waypoint 3/4,1.4645307441428355,-0.0871444254032111,-2.562027942348063,,,,,,,,,,,,,,,,,
35.55050940008368,9758.936493974,odom,navigating,,1.4645307441428355,-0.0871444254032111,-2.5617028220233435,2.4386155153017506,-2.356478911115777,-1.95550587068503,-2.2472460284870097,-2.9144303798675537,-2.5913944600061116,2.5913944600061116,0.010869793000892969,pixhawk_fused,True,0.8,0.2,gyro,-1.0,0.0,0.0,0.05177906667701197
35.88984080008231,9759.055587656,odom,navigating,,1.4641876172920056,-0.08724663038160207,-2.56065805055936,2.438391757437718,-2.3567584004924123,-1.9544610992210463,-2.24185205344815,-2.9143848419189453,-2.591436914997601,2.591436914997601,0.015948308999213623,pixhawk_fused,True,0.8,0.2,gyro,-1.0,0.015381834469735622,0.20217972993850708,0.05167170065399892
35.88993310008664,9759.174753059,odom,navigating,,1.46119104943147,-0.08819352309230988,-2.5560591093224776,2.436468604346108,-2.3592438595917775,-1.949862157984164,-2.218857100470491,-2.9143848419189453,-2.591436914997601,2.591436914997601,0.13541672399878735,pixhawk_fused,True,0.8,0.2,gyro,-1.0,0.04646964371204376,0.13573327660560608,0.05077907738942256
35.88997290004045,9759.275861942,odom,navigating,,1.4539142920293797,-0.09065188133258006,-2.5429785970101353,2.4318890544560294,-2.365410093963796,-1.9367816456718217,-2.199234296161269,-2.9276344776153564,-2.5799918658011194,2.5799918658011194,0.050100951999411336,pixhawk_fused,True,0.8,0.2,gyro,-1.0,0.10675506293773651,0.17108631134033203,0.048743187226198186
36.23009910003748,9759.396115563,odom,navigating,,1.4393416674442825,-0.09587063718750066,-2.523032468701915,2.4228863356366097,-2.3780016726507562,-1.9168355173636016,-2.180984753425004,-2.946716547012329,-2.5596216314904923,2.5596216314904923,0.052832241999567486,pixhawk_fused,True,0.8,0.2,gyro,-1.0,0.16404837369918823,0.20214955508708954,0.0449110018038339
36.230182900093496,9759.516089469,odom,navigating,,1.4195180275334678,-0.10338911643294102,-2.499274981279703,2.4108784821581435,-2.3954749575256002,-1.8930780299413894,-2.1606371439691077,-2.972970485687256,-2.5350117295854324,2.5350117295854324,0.11303143099939916,pixhawk_fused,True,0.8,0.2,gyro,-1.0,0.23240651190280914,0.2715347409248352,0.04004535022830258
36.23021900001913,9759.617152149,odom,navigating,,1.4006890719669551,-0.11088462327167892,-2.4926626682762274,2.399674992451125,-2.4123626456113034,-1.8864657169379138,-2.1511690725679418,-2.978872537612915,-2.5291133123510114,2.5291133123510114,0.09649261599952297,pixhawk_fused,True,0.8,0.2,gyro,-1.0,0.24214597046375275,0.03214925527572632,0.03571742240989615
36.54901040007826,9759.734224175,odom,navigating,,1.3767563510016543,-0.12072222049915338,-2.4690147015162833,2.385611519561914,-2.4340829628812557,-1.8628177501779697,-2.137649703114197,-3.004530191421509,-2.5029332782202,2.5029332782202,0.10604364299979352,pixhawk_fused,True,0.8,0.2,gyro,-1.0,0.2547522187232971,0.10146911442279816,0.030473557789154372
36.54910980002023,9759.835204617,odom,navigating,,1.3558915643477478,-0.12956801758379133,-2.4604934689041595,2.373504264355746,-2.45324025443169,-1.854296517565846,-2.130211153143664,-3.0135786533355713,-2.4941413755588764,2.4941413755588764,0.09814255999845045,pixhawk_fused,True,0.8,0.2,gyro,-1.0,0.2597818076610565,0.033807750791311264,0.026125049287058735
36.5491680999985,9759.935323726,odom,navigating,,1.3345936088092818,-0.13878204167479935,-2.452934283753901,2.3612508179056975,-2.4729469588787545,-1.8467373324155876,-2.124107660726483,-3.0221409797668457,-2.4862182673946553,2.4862182673946553,0.004125258999920334,pixhawk_fused,True,0.8,0.2,gyro,-1.0,0.27016469836235046,0.033819667994976044,0.021839219814854576
36.86819110007491,9760.037131168,odom,navigating,,1.3125134939020164,-0.1485034251095072,-2.45065157531261,2.348643642713345,-2.493516254050733,-1.8444546239742965,-2.112693992581381,-3.0221409797668457,-2.4862182673946553,2.4862182673946553,0.10574403899954632,pixhawk_fused,True,0.8,0.2,gyro,-1.0,0.27329784631729126,0.15626731514930725,0.017536021903437584
36.86831390007865,9760.155258948,odom,navigating,,1.2857850990735429,-0.1608679984275989,-2.437635338044654,2.3337223620275407,-2.5189061171094558,-1.8314383867063402,-2.0848467045518286,-3.032064199447632,-2.476909274978989,2.476909274978989,0.045334984999499284,pixhawk_fused,True,0.8,0.2,gyro,-1.0,0.2871066629886627,0.2696467638015747,0.01282135114753421
36.86838240001816,9760.255320782,odom,navigating,,1.2634841263027405,-0.17195146976282355,-2.4161159187032406,2.321709725620754,-2.5407206372719795,-1.809918967364927,-2.057121448888282,-3.0527284145355225,-2.4569407727554973,2.4569407727554973,0.030823828999928082,pixhawk_fused,True,0.8,0.2,gyro,-1.0,0.2894604802131653,0.3030281662940979,0.00952325422089313
37.18959020008333,9760.35628593,odom,navigating,,1.241779993305162,-0.1835248790276825,-2.4107102060586763,2.3104667247667408,-2.5625977514094784,-1.8045132547203626,-2.0300753027556486,-3.0527284145355225,-2.4569407727554973,2.4569407727554973,0.13147239099998842,pixhawk_fused,True,0.8,0.2,gyro,-1.0,0.28190848231315613,0.2693934440612793,0.006965227268808384
37.189689600025304,9760.474507803,odom,navigating,,1.2165440428621568,-0.19783557340843955,-2.359733307961212,2.297880760821722,-2.588736662633857,-1.7535363566228983,-2.0043566298331306,-3.1117591857910156,-2.3996540597364837,2.3996540597364837,0.050327373000982334,pixhawk_fused,True,0.8,0.2,gyro,-1.0,0.27954137325286865,0.2161358743906021,0.004698625376906413
37.189739700057544,9760.575389637,odom,navigating,,1.1955352830083632,-0.21044699471545197,-2.33209334861882,2.2878006354097815,-2.6110706504026564,-1.7258963972805064,-1.9827119872686882,3.14139723777771,-2.37051566885268,2.37051566885268,0.052452623000135645,pixhawk_fused,True,0.8,0.2,gyro,-1.0,0.2812306880950928,0.1369079202413559,0.003389994275613512
37.54855530010536,9760.69588907,odom,navigating,,1.1705666040372211,-0.22609785514410774,-2.3134603634976445,2.2761978751647125,-2.638158660968526,-1.7072634121593309,-1.9698793146002573,3.1227378845214844,-2.3504328236118486,2.3504328236118486,0.05480471800001396,pixhawk_fused,True,0.8,0.2,gyro,-1.0,0.28463807702064514,0.06802365183830261,0.0023835507715134017
37.54865650006104,9760.816125231,odom,navigating,,1.1458174117318307,-0.24174272984821987,-2.314815271726856,2.264772083267498,-2.665116700656124,-1.7086183203885423,-1.9766542413424477,3.1227378845214844,-2.3504328236118486,2.3504328236118486,0.17540240800008178,pixhawk_fused,True,0.8,0.2,gyro,-1.0,0.2763471007347107,-0.1018407866358757,0.0014950015904308912
37.54878480010666,9760.935444949,odom,navigating,,1.1220043437529332,-0.2563063077305439,-2.3257646056879535,2.2534995530299415,-2.690652754958727,-1.7195676543496399,-2.002365295258332,3.1309726238250732,-2.357691766838037,2.357691766838037,0.0756973059997108,pixhawk_fused,True,0.8,0.2,gyro,-1.0,0.2649657130241394,-0.23669011890888214,0.00023439507244836616
37.88907220005058,9761.036394912,odom,navigating,,1.1015551744661576,-0.26810070226509974,-2.345116986358826,2.2434138128760597,-2.711996468611799,-1.7389200350205125,-2.025375599623352,-3.1326467990875244,-2.3761296885558,2.3761296885558,0.026047490999189904,pixhawk_fused,True,0.8,0.2,gyro,-1.0,0.28301554918289185,-0.13527168333530426,0.0014380597712042773
37.88918420008849,9761.155601541,odom,navigating,,1.0759761347380925,-0.28209307541367373,-2.3820655862819717,2.230364528744178,-2.738069250653313,-1.775868634943658,-2.0455629698711437,-3.092470407485962,-2.417268549362623,2.417268549362623,0.034524061000411166,pixhawk_fused,True,0.8,0.2,gyro,-1.0,0.2793670892715454,-0.16844122111797333,0.004160484618345349
37.88923780003097,9761.275167441,odom,navigating,,1.0498181238625164,-0.29592596957828377,-2.391828372275916,2.216748571583032,-2.7643408361502315,-1.7856314209376025,-2.0489504053522127,-3.081784248352051,-2.428625079410576,2.428625079410576,0.04270548900058202,pixhawk_fused,True,0.8,0.2,gyro,-1.0,0.2734394073486328,0.03413860499858856,0.007339135921749858
38.23013040004298,9761.39560584,odom,navigating,,1.0240205808286298,-0.30978786258207136,-2.3884476157918897,2.203445376343359,-2.7904308783243796,-1.782250664453576,-2.032043732998509,-3.081784248352051,-2.428625079410576,2.428625079410576,0.1626638070010813,pixhawk_fused,True,0.8,0.2,gyro,-1.0,0.28447890281677246,0.10105964541435242,0.010291990005819181
38.230229400098324,9761.515505511,odom,navigating,,0.9990488741641806,-0.32382982085637213,-2.3729050988200195,2.1909234620471527,-2.8161983847670093,-1.766708147481706,-2.011757140440459,-3.091374158859253,-2.414268075788819,2.414268075788819,0.09232499099925917,pixhawk_fused,True,0.8,0.2,gyro,-1.0,0.2710457146167755,0.10178974270820618,0.01263337909525223
38.23027840000577,9761.615819434,odom,navigating,,0.9782309210105734,-0.33606491318001663,-2.35380602593608,2.180785733541962,-2.838114386191287,-1.7476090745977664,-1.9928285773970054,-3.111267566680908,-2.395126396434807,2.395126396434807,0.08457294199979515,pixhawk_fused,True,0.8,0.2,gyro,-1.0,0.2788878083229065,0.20365099608898163,0.01414706186620776
38.54845150001347,9761.717060652,odom,navigating,,0.9571808738727139,-0.3489829889453886,-2.3356698295337632,2.170846392585365,-2.8607239122220225,-1.7294728781954496,-1.976623844778171,-3.129769802093506,-2.3765075567536584,2.3765075567536584,0.007477221999579342,pixhawk_fused,True,0.8,0.2,gyro,-1.0,0.27637162804603577,0.06381618976593018,0.015224687216294578
38.54854480002541,9761.835061476,odom,navigating,,0.9327844248271473,-0.36454244706287164,-2.3188127834253396,2.159661826638223,-2.8874107806691947,-1.712615832087026,-1.958290327781828,3.1373791694641113,-2.360019460635685,2.360019460635685,0.012484054001106415,pixhawk_fused,True,0.8,0.2,gyro,-1.0,0.2754964828491211,0.10143684595823288,0.015986575670298923
38.54858120006975,9761.935411898,odom,navigating,,0.9130010841062458,-0.37748316847066854,-2.307090198714291,2.1507763935393553,-2.9093172162368317,-1.7008932473759772,-1.9562685920846816,3.123290538787842,-2.345872502582573,2.345872502582573,0.06781966800008377,pixhawk_fused,True,0.8,0.2,gyro,-1.0,0.2645821273326874,-0.03376392275094986,0.01633641443694913
38.84947740007192,9762.036332327,odom,navigating,,0.8934909823420274,-0.3901363389400609,-2.3073175176050773,2.1419516828348164,-2.930831659635601,-1.7011205662667637,-1.9684527413556525,3.1225533485412598,-2.343110997932457,2.343110997932457,0.013214685999628273,pixhawk_fused,True,0.8,0.2,gyro,-1.0,0.27015119791030884,-0.23672552406787872,0.016771596788234134
38.849581900052726,9762.13653679,odom,navigating,,0.8733846954194621,-0.4027074194876553,-2.3344353493000125,2.132590244391367,-2.952618314041823,-1.7282383979616989,-1.990738166784239,-3.131138801574707,-2.3714368397616377,2.3714368397616377,0.009550341999783996,pixhawk_fused,True,0.8,0.2,gyro,-1.0,0.2630530893802643,-0.25619882345199585,0.01760851080510024
38.84963870001957,9762.236662719,odom,navigating,,0.8545515747717053,-0.41384609018768587,-2.3391791989221167,2.123459010367512,-2.972502402743553,-1.732982247583803,-2.014457956584298,-3.131138801574707,-2.3714368397616377,2.3714368397616377,0.10929592799948296,pixhawk_fused,True,0.8,0.2,gyro,-1.0,0.24930045008659363,-0.1014266163110733,0.018919785003035337
39.18883580004331,9762.355716133,odom,navigating,,0.83354618606036,-0.4256445541752133,-2.3624613469012847,2.112918476116382,-2.9941663646406864,-1.756264395562971,-2.0313189011718253,-3.106663227081299,-2.3963242856137983,2.3963242856137983,0.11381069700109947,pixhawk_fused,True,0.8,0.2,gyro,-1.0,0.2177465856075287,-0.10101436823606491,0.02090020347225552
39.18894160003401,9762.474671438,odom,navigating,,0.8152639128556074,-0.43573973900901186,-2.3764577662069417,2.103645417870157,-3.0128790518107293,-1.770260814868628,-2.0292741417101716,-3.0845727920532227,-2.4143307515852683,2.4143307515852683,0.04249169799913943,pixhawk_fused,True,0.8,0.2,gyro,-1.0,0.17563126981258392,0.06789735704660416,0.022767855379876925
39.188992400071584,9762.574749609,odom,navigating,,0.803189815840459,-0.4424644390571417,-2.3751015188680236,2.0975540467240226,-3.0252847201534094,-1.76890456752971,-2.022491750729777,-3.0845727920532227,-2.4143307515852683,2.4143307515852683,0.14265018299920484,pixhawk_fused,True,0.8,0.2,gyro,-1.0,0.13655006885528564,0.14358581602573395,0.02395359316580879
39.52965340006631,9762.675095608,odom,navigating,,0.7935281846624194,-0.44798432036361174,-2.370744473053057,2.092758849152716,-3.035325750325166,-1.7645475217147433,-2.004913582647625,-3.0852982997894287,-2.413277515998536,2.413277515998536,0.0649781960000837,pixhawk_fused,True,0.8,0.2,gyro,-1.0,0.10846181958913803,0.20366117358207703,0.02478738631027043
39.52975340001285,9762.795240312,odom,navigating,,0.7850588343868212,-0.45303926242336934,-2.3605658849446285,2.0886785953886062,-3.044305386316605,-1.7543689336063149,-1.9873736331584,-3.094719409942627,-2.4049378241584236,2.4049378241584236,0.07603604199903202,pixhawk_fused,True,0.8,0.2,gyro,-1.0,0.07433813065290451,0.1010797768831253,0.025339099042799268
39.52981110010296,9762.916094834,odom,navigating,,0.7794427152359273,-0.4565094714457209,-2.3331731112496703,2.0860402905363937,-3.050357038362339,-1.7269761599113567,-1.9745027526034264,-3.1265275478363037,-2.3739169721067483,2.3739169721067483,0.0028388249993440695,pixhawk_fused,True,0.8,0.2,gyro,-1.0,0.05681047961115837,0.1357673555612564,0.025606979105946406
39.84964850009419,9763.034752312,odom,navigating,,0.775329390592226,-0.459144224650444,-2.310888733304479,2.084161015613288,-3.0548658840946374,-1.7046917819661656,-1.952240183198454,3.13320255279541,-2.351627144327813,2.351627144327813,0.008387385998503305,pixhawk_fused,True,0.8,0.2,gyro,-1.0,0.045943308621644974,0.2011074423789978,0.02572600962106616
39.84979720006231,9763.135151421,odom,navigating,,0.7710837970975319,-0.4619975062984998,-2.3062939537685843,2.0822975451489802,-3.059629680701754,-1.7000970024302706,-1.929252799393989,3.13320255279541,-2.351627144327813,2.351627144327813,0.10855524099861213,pixhawk_fused,True,0.8,0.2,gyro,-1.0,0.05872378498315811,0.30203568935394287,0.025737987505760947
39.84985230001621,9763.235810377,odom,navigating,,0.7671795138658049,-0.4647913525130836,-2.2824268848489027,2.0806807074232805,-3.0641501718247453,-1.676229933510589,-1.8907014668221738,3.1126153469085693,-2.3314257660717304,2.3314257660717304,0.09843376599928888,pixhawk_fused,True,0.8,0.2,gyro,-1.0,0.05357951298356056,0.36890676617622375,0.025608174286436806
40.16941690002568,,mission_status,reached,reached waypoint 3/4,0.7671795138658049,-0.4647913525130836,-2.2824268848489027,,,,,,,,,,,,,,,,,
40.16947890003212,,mission_status,turning,aligning for waypoint 4/4,0.7671795138658049,-0.4647913525130836,-2.2824268848489027,,,,,,,,,,,,,,,,,
40.16950590000488,9763.336099934,odom,turning,,0.7636609138339553,-0.46750920740099133,-2.277678682162671,2.0793375363788695,-3.068388470176833,-1.6714817308243575,-1.8669131587551142,3.1126153469085693,-2.3314257660717304,2.3314257660717304,0.19831820299987157,pixhawk_fused,True,0.8,0.2,gyro,-1.0,0.030511321499943733,-0.13368086516857147,0.025325452238456
40.169579500099644,9763.455231553,odom,turning,,0.7619239590044846,-0.468868570288629,-2.246723794390364,2.078684562686433,-3.0704952461252657,-1.6405268430520503,-1.8851778957939447,3.0567872524261475,-2.2881862065628704,2.2881862065628704,0.01657238900043012,pixhawk_fused,True,0.8,0.2,gyro,-1.0,0.015436438843607903,-0.20289745926856995,0.0251712229764423
40.16962850000709,9763.555282504,odom,turning,,0.7600106124697464,-0.47028125522616476,-2.253891256343577,2.0779170066677115,-3.072746341736931,-1.6476943050052633,-1.9210207552662697,3.0567872524261475,-2.2881862065628704,2.2881862065628704,0.11641764199885074,pixhawk_fused,True,0.8,0.2,gyro,-1.0,0.035885587334632874,-0.47168225049972534,0.025071540000466765
40.509063100093044,9763.67493337,odom,turning,,0.7570319928713984,-0.4722833682627612,-2.2847549178180175,2.0766098115624065,-3.0760887768192684,-1.678557966479704,-1.9751054622708657,3.0812172889709473,-2.3132448775902925,2.3132448775902925,0.062388144000578905,pixhawk_fused,True,0.8,0.2,gyro,-1.0,0.030852826312184334,-0.4055313467979431,0.02507968628943663
40.50916250003502,9763.775778655,odom,turning,,0.754261660718912,-0.4739470813120031,-2.36382904395266,2.0752809893029567,-3.0790344368044176,-1.7576320926143465,-2.023803994166176,-3.113893985748291,-2.399912576808089,2.399912576808089,0.05404547899888712,pixhawk_fused,True,0.8,0.2,gyro,-1.0,0.03846033662557602,-0.5055249333381653,0.025251668984203522
40.50921090005431,9763.895509075,odom,turning,,0.7505308939772725,-0.4759135875425312,-2.3765406868521954,2.073335377243581,-3.0827761424248052,-1.7703437355138818,-2.0873720551616572,-3.113893985748291,-2.399912576808089,2.399912576808089,0.1741262049999932,pixhawk_fused,True,0.8,0.2,gyro,-1.0,0.03858531266450882,-0.507167637348175,0.025710325208945017
40.831099200062454,9763.996905478,odom,turning,,0.7471385878611286,-0.47745101584038185,-2.4348956755724545,2.0714234536358536,-3.085972386263262,-1.8286987242341408,-2.1435091426290422,-3.0545618534088135,-2.458821658028716,2.458821658028716,0.07740653099972405,pixhawk_fused,True,0.8,0.2,gyro,-1.0,0.04101209342479706,-0.5390653610229492,0.02633509746648614
40.83118380000815,9764.11592045,odom,turning,,0.7429031428308521,-0.4790618222970676,-2.5252035721687176,2.068860427916336,-3.0897093089553294,-1.919006620830404,-2.2118075453844392,-2.959108829498291,-2.5546300454274355,2.5546300454274355,0.0849128270001529,pixhawk_fused,True,0.8,0.2,gyro,-1.0,0.04370816797018051,-0.57450270652771,0.02392766513087791
40.831234900048,9764.216558631,odom,turning,,0.7392166318098171,-0.48020348204598007,-2.5805702653065694,2.066481233007046,-3.0927479241126186,-1.9743733139682558,-2.269974035698516,-2.9044902324676514,-2.6092968804970917,2.6092968804970917,0.007408280000163359,pixhawk_fused,True,0.8,0.2,gyro,-1.0,0.046152401715517044,-0.6066298484802246,0.02092099340647981
41.17016010009684,9764.334515703,odom,turning,,0.7350753416527768,-0.4812112852581754,-2.6382834938360493,2.0636520269288283,-3.095935641861461,-2.0320865424977357,-2.33422114609653,-2.8487589359283447,-2.6653769893780885,2.6653769893780885,0.012942674000441912,pixhawk_fused,True,0.8,0.2,gyro,-1.0,0.03858531266450882,-0.507167637348175,0.01777122328862688
41.17026310006622,9764.435521024,odom,turning,,0.7315431950454594,-0.4818521599419176,-2.7143754646632066,2.061114371524749,-3.0984747529393766,-2.108178513324893,-2.3883211707019596,-2.765388250350952,-2.746966366721743,2.746966366721743,0.04310853799870529,pixhawk_fused,True,0.8,0.2,gyro,-1.0,0.041014138609170914,-0.5390922427177429,0.015266120956343743
41.17033330001868,9764.555944097,odom,turning,,0.7271340851350652,-0.4823805116545056,-2.744695651860757,2.0577918999693146,-3.1014210367847417,-2.1384987005224434,-2.4552538024617947,-2.744633197784424,-2.76813579667961,2.76813579667961,0.11236236399963673,pixhawk_fused,True,0.8,0.2,gyro,-1.0,0.04613400995731354,-0.6063881516456604,0.012364330173374316
41.49010590009857,9764.656167787,odom,turning,,0.7231911021531635,-0.48260295950317655,-2.798495798790514,2.054678213632736,-3.103850348464693,-2.1922988474522005,-2.5147783210776082,-2.69120717048645,-2.820506039811724,2.820506039811724,0.03260938400126179,pixhawk_fused,True,0.8,0.2,gyro,-1.0,0.04657714068889618,-0.6122126579284668,0.009976686189985496
41.490208100061864,9764.775541606,odom,turning,,0.7185697054273819,-0.4825640923133774,-2.9043297764655693,2.050858109578575,-3.1064514296573686,-2.2981328251272557,-2.584434743905106,-2.5754947662353516,-2.9353808887139494,2.9353808887139494,0.04602465899915842,pixhawk_fused,True,0.8,0.2,gyro,-1.0,0.0437212772667408,-0.5746750235557556,0.00742669243298915
41.49027850001585,9764.877436852,odom,turning,,0.7148573478240654,-0.4822983914302987,-2.9155447626893523,2.047655835091366,-3.108348172666514,-2.3093478113510386,-2.640533683720175,-2.5754947662353516,-2.9353808887139494,2.9353808887139494,0.14741558199966676,pixhawk_fused,True,0.8,0.2,gyro,-1.0,0.04381203651428223,-0.5758679509162903,0.005572749294614887
41.830864800023846,9764.995913135,odom,turning,,0.7102314837346274,-0.4816681094539482,-3.016585219019298,2.0434951033594304,-3.110465762192019,-2.4103882676809842,-2.712257605014474,-2.4659857749938965,-3.0437450125352083,3.0437450125352083,0.06985436799914169,pixhawk_fused,True,0.8,0.2,gyro,-1.0,0.0462653711438179,-0.6081147193908691,0.0035107391224977395
41.83138000010513,9765.115097291,odom,turning,,0.7056195168766969,-0.4807020626393734,-3.0770244430399094,2.039154491931967,-3.112299495319378,-2.4708274917015958,-2.7832796714652925,-2.408507823944092,-3.1015396251813114,3.1015396251813114,0.07398290499986615,pixhawk_fused,True,0.8,0.2,gyro,-1.0,0.04888695105910301,-0.6425729393959045,0.0017349549254254632
41.831430300022475,9765.216087632,odom,turning,,0.7019021126277762,-0.4796643809860372,-3.0891824858771733,2.035508236924582,-3.113564683836826,-2.4829855345388596,-2.8441545958770944,-2.408507823944092,-3.1015396251813114,3.1015396251813114,0.17462140200041176,pixhawk_fused,True,0.8,0.2,gyro,-1.0,0.04871642589569092,-0.6403315663337708,0.0005184210080189091
42.16923850006424,9765.316394285,odom,turning,,0.698550545509447,-0.47850962095571076,3.137761636639535,2.032095929498086,-3.114525220615605,-2.5392267192017375,-2.900291683447763,-2.3508212566375732,3.1253785582394817,-3.1253785582394817,0.09352815599959285,pixhawk_fused,True,0.8,0.2,gyro,-1.0,0.04095415398478508,-0.538303792476654,0.00039660270612634774
42.16934440005571,9765.435274043,odom,turning,,0.695026111411569,-0.4770654801981875,3.0143242200697737,2.028376682845464,-3.115346428612877,-2.662664135771499,-2.957702878716514,-2.2097067832946777,2.985457130989573,-2.985457130989573,0.026798828999744728,pixhawk_fused,True,0.8,0.2,gyro,-1.0,0.03559478372335434,-0.4678599238395691,0.0011682237141160915
42.16939320007805,9765.555537251,odom,turning,,0.6919003066499516,-0.475578868188262,2.9887446359722993,2.024960840211079,-3.115905615319553,-2.6882437198689733,-3.0098726719649265,-2.191972255706787,2.966521962008021,-2.966521962008021,0.03509806900001422,pixhawk_fused,True,0.8,0.2,gyro,-1.0,0.03343391790986061,-0.43945738673210144,0.001681885860288779
42.49091390008107,9765.675222713,odom,turning,,0.6890935241470654,-0.47406569968618356,2.911913426176246,2.021792046222113,-3.116261215642504,-2.7650749296650265,-3.0579226054868527,-2.1078574657440186,2.8824986394555787,-2.8824986394555787,0.04421360800006369,pixhawk_fused,True,0.8,0.2,gyro,-1.0,0.02585538476705551,-0.3398447036743164,0.001995268615638279
42.49099880002905,9765.77555481,odom,turning,,0.6871677986714049,-0.4729219442473118,2.905165191946753,2.0195577948362713,-3.1164184284168615,-2.7718231638945197,-3.091675047573921,-2.1078574657440186,2.8824986394555787,-2.8824986394555787,0.1446203699997568,pixhawk_fused,True,0.8,0.2,gyro,-1.0,0.020507069304585457,-0.26954612135887146,0.0021227229397994003
42.49103470006958,9765.875802946,odom,turning,,0.6856162292033484,-0.47193307562158937,2.8441624162602808,2.0177192787805915,-3.116489756434857,-2.832825939580992,-3.1194078924192556,-2.038714647293091,2.813181309929631,-2.813181309929631,0.022419332999561448,pixhawk_fused,True,0.8,0.2,gyro,-1.0,0.02306700497865677,-0.3031940758228302,0.0021695685307200783
42.83009270008188,9765.995417188,odom,turning,,0.6843155959414697,-0.4710549143391556,2.823921106027708,2.016150062384691,-3.116509096101544,-2.8530672498135647,3.140126291640381,-2.019954204559326,2.7937924064309816,-2.7937924064309816,0.06185619499956374,pixhawk_fused,True,0.8,0.2,gyro,-1.0,0.015379535965621471,-0.20214952528476715,0.002168015555437945
42.830198500072584,9766.096651968,odom,turning,,0.6830346713916733,-0.4701461345994861,2.8191887346977396,2.0145795982683583,-3.1164920439223147,-2.857799621143533,3.116459908191348,-2.019954204559326,2.7937924064309816,-2.7937924064309816,0.16338706200076558,pixhawk_fused,True,0.8,0.2,gyro,-1.0,0.023077351972460747,-0.30333006381988525,0.0021300573484771164
42.83024770009797,9766.215930478,odom,turning,,0.6817759687852225,-0.4692049361999909,2.7977389794854077,2.013008926198621,-3.116435688549496,-2.879249376355865,3.084668226011674,-2.001063346862793,2.7749265031130532,-2.7749265031130532,0.1040985149993503,pixhawk_fused,True,0.8,0.2,gyro,-1.0,0.015430139377713203,-0.2704234719276428,0.002052796662557159
43.16869350010529,9766.33493355,odom,turning,,0.6804085704216754,-0.46811247000214556,2.755774971461132,2.0112627414548654,-3.116316947155107,-2.9212133843801404,3.0582933966463304,-1.955450177192688,2.729067340156577,-2.729067340156577,0.109871460001159,pixhawk_fused,True,0.8,0.2,gyro,-1.0,0.015429496765136719,-0.20280620455741882,0.001910818889151674
43.1687980000861,9766.434944452,odom,turning,,0.6798566774586207,-0.46765369248473254,2.7275168347460244,2.0105477976476682,-3.1162543531801314,-2.9494715210952482,3.04747493093387,-1.922304391860962,2.696449957153342,-2.696449957153342,0.013862227999197785,pixhawk_fused,True,0.8,0.2,gyro,-1.0,0.002571325981989503,-0.03379765897989273,0.0018387124371403163
43.16884779999964,9766.555250495,odom,turning,,0.6794811157218985,-0.4673351264849387,2.717851570910674,2.0100576514715303,-3.116206523896927,-2.9591367849305987,3.0400515248678115,-1.9146720170974731,2.6862242440493325,-2.6862242440493325,0.03116536199922848,pixhawk_fused,True,0.8,0.2,gyro,-1.0,0.007651271298527718,-0.1005687564611435,0.001784362092156676
43.50996360008139,9766.674984828,odom,turning,,0.6785306769738897,-0.4665084474844454,2.7053848439299957,2.0088055640186124,-3.116068650789257,-2.971603511911277,3.0210695812706585,-1.9023536443710327,2.6753862465532046,-2.6753862465532046,0.03603932700025325,pixhawk_fused,True,0.8,0.2,gyro,-1.0,0.012914064340293407,-0.16974322497844696,0.0016298322024973057
43.510073300101794,9766.7767231,odom,turning,,0.6777317859740604,-0.4657891098124898,2.7021443563591854,2.0077391789565686,-3.1159326492622332,-2.974843999482087,3.0048647597072344,-1.9023536443710327,2.6753862465532046,-2.6753862465532046,0.13709602100061602,pixhawk_fused,True,0.8,0.2,gyro,-1.0,0.007298898417502642,-0.09593714773654938,0.0014796459776560832
43.510141500039026,9766.895364087,odom,turning,,0.6776320475623897,-0.46569719027176526,2.679066642236546,2.007604841056787,-3.115913933455762,-2.9979217136047267,3.0028277091722706,-1.8740323781967163,2.6470490430505493,-2.6470490430505493,0.03428601400082698,pixhawk_fused,True,0.8,0.2,gyro,-1.0,0.0,0.0,0.00145914339361272
43.82819620007649,9766.995832257,odom,turning,,0.6776320475623897,-0.46569719027176526,2.679066642236546,2.007604841056787,-3.115913933455762,-2.9979217136047267,3.0028277091722706,-1.8740323781967163,2.6470490430505493,-2.6470490430505493,0.1342273070004012,pixhawk_fused,True,0.8,0.2,gyro,-1.0,0.0,0.0,0.00145914339361272
43.82828060002066,9767.114747035,odom,turning,,0.6775986874915534,-0.4656664714377542,2.6789168383120776,2.0075599231212564,-3.1159076948536053,-2.998071517529195,3.002141065180462,-1.8740614652633667,2.647033447467304,-2.647033447467304,0.10269604699897172,pixhawk_fused,True,0.8,0.2,gyro,-1.0,0.0,0.0,0.0014523073532805816
43.82833040005062,9767.215188762,odom,turning,,0.6775328218519757,-0.46560562617300566,2.6784014875735735,2.0074711270172214,-3.115895217649291,-2.998586868267699,3.0007906728234546,-1.873350739479065,2.646726853785153,-2.646726853785153,0.09475794599893561,pixhawk_fused,True,0.8,0.2,gyro,-1.0,0.0,0.0,0.0014386491150009278
44.14880810002796,9767.315875133,odom,turning,,0.6774998035819773,-0.4655751443003039,2.6771407510891794,2.007426624988501,-3.115888979047134,-2.999847604752093,3.0001116413895685,-1.8719818592071533,2.6453206934705857,-2.6453206934705857,0.07583192399943073,pixhawk_fused,True,0.8,0.2,gyro,-1.0,0.0,0.0,0.001431818611622564
44.14892730000429,9767.416419747,odom,turning,,0.6774998035819773,-0.4655751443003039,2.6771407510891794,2.007426624988501,-3.115888979047134,-2.999847604752093,3.0001116413895685,-1.8719818592071533,2.6453206934705857,-2.6453206934705857,0.17656547899969155,pixhawk_fused,True,0.8,0.2,gyro,-1.0,0.0,0.0,0.001431818611622564
44.14899320004042,9767.534856705,odom,turning,,0.6774998035819773,-0.4655751443003039,2.6766465541572115,2.007426624988501,-3.115888979047134,-3.000341801684061,3.0001116413895685,-1.8707475662231445,2.644702949016403,-2.644702949016403,0.0019086419997620396,pixhawk_fused,True,0.8,0.2,gyro,-1.0,0.0,0.0,0.001431818611622564
44.49253160005901,9767.655823179,odom,turning,,0.6767799410707964,-0.46490022031537265,2.6736727669996037,2.0064504917043293,-3.115744451430496,-3.003315588841669,2.9852419485800583,-1.8707475662231445,2.644702949016403,-2.644702949016403,0.12247784799910733,pixhawk_fused,True,0.8,0.2,gyro,-1.0,0.01793742924928665,-0.23577062785625458,0.001274308571815315
44.492626600083895,9767.775065971,odom,turning,,0.6753057801267978,-0.46345514160741247,2.6628420941639117,2.0044156676341083,-3.1153967533369435,-3.014146261677361,2.954136920898925,-1.8638203144073486,2.638939023300122,-2.638939023300122,0.06435060599869757,pixhawk_fused,True,0.8,0.2,gyro,-1.0,0.018001079559326172,-0.23660723865032196,0.0008995517435407102
44.49266310001258,9767.87628294,odom,turning,,0.6744938005712263,-0.4626181758908429,2.620841573132548,2.003271507998507,-3.1151715397990745,-3.0561467827087245,2.936558777196428,-1.8144710063934326,2.5908348597130284,-2.5908348597130284,0.006491484999060049,pixhawk_fused,True,0.8,0.2,gyro,-1.0,0.01282075047492981,-0.16851669549942017,0.0006591260035269297
44.84161770006176,9767.995908186,odom,turning,,0.6734831482461202,-0.4615341624759406,2.6163746452545285,2.0018233204844527,-3.1148564903901437,-3.060613710586744,2.9142199080082736,-1.8144710063934326,2.5908348597130284,-2.5908348597130284,0.12582442199891375,pixhawk_fused,True,0.8,0.2,gyro,-1.0,0.010350996628403664,-0.13605409860610962,0.00032482484034642025
44.84170280001126,9768.115356287,odom,turning,,0.6733332296268455,-0.4613689922902648,2.6051201376779343,2.0016060091759824,-3.114806165666077,-3.0718682181633383,2.9108629766992706,-1.800649642944336,2.577606630428742,-2.577606630428742,0.09455372899901704,pixhawk_fused,True,0.8,0.2,gyro,-1.0,0.0,0.0,0.0002716115175813405
44.84175400005188,,mission_status,navigating,going to waypoint 4/4,0.6733332296268455,-0.4613689922902648,2.6051201376779343,,,,,,,,,,,,,,,,,
44.84177530009765,9768.215424247,odom,navigating,,0.6733332296268455,-0.4613689922902648,2.5898348605054715,2.0016060091759824,-3.114806165666077,-3.087153495335801,2.9108629766992706,-1.7835474014282227,2.5585004862687097,-2.5585004862687097,0.08706032300142397,pixhawk_fused,True,0.8,0.2,gyro,-1.0,0.0,0.0,0.0002716115175813405
45.19066380010918,9768.335164048,odom,navigating,,0.6733332296268455,-0.4613689922902648,2.590440584952221,2.0016060091759824,-3.114806165666077,-3.0865477708890516,2.9108629766992706,-1.7834081649780273,2.559257637365769,-2.559257637365769,0.08964197000022978,pixhawk_fused,True,0.8,0.2,gyro,-1.0,0.0,0.0,0.0002716115175813405
45.190764200058766,9768.454865257,odom,navigating,,0.6723007579847006,-0.46024454814447047,2.5989136181017716,2.000116854841097,-3.114470320916623,-3.078074737739501,2.9298067792246756,-1.7930574417114258,2.565113000377129,-2.565113000377129,0.021815699999933713,pixhawk_fused,True,0.8,0.2,gyro,-1.0,0.020583977922797203,0.13527852296829224,8.402853319348039e-05
45.190831100102514,9768.576257502,odom,navigating,,0.6677947271475652,-0.455615557286941,2.6064900546233734,1.9937763555154913,-3.1132334140622873,-3.0704983012178992,2.967694350047884,-1.7930574417114258,2.565113000377129,-2.565113000377129,0.14256627499889873,pixhawk_fused,True,0.8,0.2,gyro,-1.0,0.09739402681589127,0.3368823230266571,0.0014052366372247368
45.50810950004961,9768.677100371,odom,navigating,,0.6592324441646806,-0.44730199467747656,2.629284209069482,1.9820030734781298,-3.111279483866702,-3.0477041467717907,2.990689347577727,-1.816985011100769,2.5878569691470372,-2.5878569691470372,0.06841681200057792,pixhawk_fused,True,0.8,0.2,gyro,-1.0,0.15866044163703918,0.28875356912612915,0.0035157310025903388
45.50821100000758,9768.795426777,odom,navigating,,0.6447735701861581,-0.4338329092515009,2.6543182731494968,1.9624465113896445,-3.108448198254432,-3.022670082691776,3.0055361477271094,-1.8425915241241455,2.61543692552955,-2.61543692552955,0.07540352700016228,pixhawk_fused,True,0.8,0.2,gyro,-1.0,0.20916585624217987,0.10182549804449081,0.006607121592312925
45.50826910010073,9768.895470109,odom,navigating,,0.6303118706961961,-0.42064273922358936,2.66867630859493,1.9430465382153013,-3.105847740921972,-3.0083120472463425,3.008915956918672,-1.859320878982544,2.6325391294202314,-2.6325391294202314,0.06530815900077869,pixhawk_fused,True,0.8,0.2,gyro,-1.0,0.24557101726531982,-0.13449174165725708,0.00946561969532885
45.82960440008901,9768.995481255,odom,navigating,,0.6145428347283868,-0.4063055871362783,2.67427368060067,1.9219186801968628,-3.103049519901134,-3.0027146752406026,3.008915956918672,-1.8667961359024048,2.6395357920369613,-2.6395357920369613,0.08283182500053954,pixhawk_fused,True,0.8,0.2,gyro,-1.0,0.25822943449020386,-0.06788362562656403,0.012544867236682458
45.829718800028786,9769.097354379,odom,navigating,,0.5980831241865362,-0.39126819909875743,2.672015845030332,1.8998242547508934,-3.100069339650716,-3.0049725108109406,3.0062151565415167,-1.8646092414855957,2.637388695939492,-2.637388695939492,0.0707190389985044,pixhawk_fused,True,0.8,0.2,gyro,-1.0,0.2599893808364868,0.03201814368367195,0.015818925763594453
45.829778200015426,9769.215845505,odom,navigating,,0.5778595752063443,-0.37282487381160057,2.672721485472868,1.8726961091778136,-3.096434522080619,-3.004266870368405,3.016362262701007,-1.8633884191513062,2.635734094842385,-2.635734094842385,0.07741631700082507,pixhawk_fused,True,0.8,0.2,gyro,-1.0,0.2691150903701782,0.16844108700752258,0.019814577351492054
46.16884040005971,9769.334946674,odom,navigating,,0.5563566191194288,-0.3540297493682943,2.679486537154779,1.8443160841052209,-3.0932395259625936,-2.9975018186864935,3.050198621084207,-1.8633884191513062,2.635734094842385,-2.635734094842385,0.19659344700085057,pixhawk_fused,True,0.8,0.2,gyro,-1.0,0.27383315563201904,0.2716436982154846,0.02338711269698225
46.168927200022154,9769.454889232,odom,navigating,,0.5339012407813569,-0.33583573996689026,2.7366514858762807,1.8154958216737465,-3.0910811775696625,-2.940336869964992,3.0907793641238563,-1.9231808185577393,2.697042834355544,-2.697042834355544,0.0164966150005057,pixhawk_fused,True,0.8,0.2,gyro,-1.0,0.27792543172836304,0.33824700117111206,0.025928953052624673
46.16896500007715,9769.554964749,odom,navigating,,0.5147730313692589,-0.32139904465832586,2.741791164606095,1.7915506109211885,-3.0901150260489425,-2.9351971912351775,3.11649042983841,-1.9231808185577393,2.697042834355544,-2.697042834355544,0.11663376100113965,pixhawk_fused,True,0.8,0.2,gyro,-1.0,0.27272406220436096,0.27054348587989807,0.02721380078209048
46.50999890000094,9769.675365649,odom,navigating,,0.4914341376463176,-0.30468895312334,2.7687986634032016,1.7628497137443186,-3.089679571618381,-2.908189692438071,-3.139656305317591,-1.9502017498016357,2.724042572571944,-2.724042572571944,0.06328666800072824,pixhawk_fused,True,0.8,0.2,gyro,-1.0,0.2716374695301056,0.2694655656814575,0.028031310754946397
46.51007980003487,9769.775467555,odom,navigating,,0.4716533931571305,-0.29131887113433624,2.8098921652659103,1.7389759349864589,-3.0899617643892845,-2.8670961905753622,-3.1153109051897303,-1.9958890676498413,2.7693202638766277,-2.7693202638766277,0.053979245998561964,pixhawk_fused,True,0.8,0.2,gyro,-1.0,0.27162396907806396,0.20208905637264252,0.028066973851040573
46.510128000052646,9769.895441315,odom,navigating,,0.4474578497239413,-0.2758066627177682,2.8134151743387656,1.7102535146321474,-3.0909988280211897,-2.863573181502507,-3.0976870019527687,-1.9958890676498413,2.7693202638766277,-2.7693202638766277,0.17405178199987859,pixhawk_fused,True,0.8,0.2,gyro,-1.0,0.27630552649497986,0.10182537883520126,0.027412382795550493
46.849462900077924,9769.996282982,odom,navigating,,0.4274810312614453,-0.2632260147095744,2.8320305633079856,1.6866683752007532,-3.0920415063950366,-2.844957792533287,-3.1004106978887993,-2.0195651054382324,2.7932676451495397,-2.7932676451495397,0.07827528000052553,pixhawk_fused,True,0.8,0.2,gyro,-1.0,0.2686125636100769,-0.06789723038673401,0.026683785037878157
46.84956300002523,9770.115322023,odom,navigating,,0.4036920854884536,-0.24789599178704613,2.8254783044692604,1.658383904717866,-3.0929966363852794,-2.851510051372012,-3.121368645769986,-2.01316499710083,2.7903164050942766,-2.7903164050942766,0.08489961399936874,pixhawk_fused,True,0.8,0.2,gyro,-1.0,0.26914188265800476,-0.23584118485450745,0.026105289950235023
46.84961110004224,9770.235388376,odom,navigating,,0.37980645938636126,-0.23166720096493032,2.806614516469188,1.6295079107737884,-3.0932682235325157,-2.8703738393720846,3.1354265844707263,-1.9958133697509766,2.7733341715848554,-2.7733341715848554,0.02739018899956136,pixhawk_fused,True,0.8,0.2,gyro,-1.0,0.2763471007347107,-0.2376285195350647,0.026218152062073095
47.209920400055125,9770.356632944,odom,navigating,,0.35602560834128705,-0.2145735351702786,2.7849365319964554,1.6002252639457746,-3.092769343313358,-2.892051823844817,3.111767833726252,-1.9744479656219482,2.7521513784444442,-2.7521513784444442,0.034662934000152745,pixhawk_fused,True,0.8,0.2,gyro,-1.0,0.27094319462776184,-0.16041867434978485,0.027106827017273773
47.210022400016896,9770.476615077,odom,navigating,,0.3328642652059203,-0.19728358993076398,2.7530422455007217,1.5713399120984617,-3.0917561943230543,-2.923946110340551,3.1022997519099786,-1.9362678527832031,2.7146508828020206,-2.7146508828020206,0.03101477500058536,pixhawk_fused,True,0.8,0.2,gyro,-1.0,0.2793670892715454,0.03368819132447243,0.028504435992891274
47.21005860005971,9770.596087647,odom,navigating,,0.3092920075392905,-0.17961438485117404,2.7543954225678178,1.5419007803330087,-3.0906654787125984,-2.922592933273455,3.1090670227731736,-1.9362678527832031,2.7146508828020206,-2.7146508828020206,0.1512863459993241,pixhawk_fused,True,0.8,0.2,gyro,-1.0,0.2813730835914612,0.06848862767219543,0.029986977169060403
47.52982180006802,9770.715373518,odom,navigating,,0.28531953104543606,-0.1620956092541045,2.7528200394208553,1.5122184470601339,-3.0899264123103944,-2.9241683164204173,3.1293612156751953,-1.9305871725082397,2.7076117076194395,-2.7076117076194395,0.09445195899934333,pixhawk_fused,True,0.8,0.2,gyro,-1.0,0.29484787583351135,0.16849984228610992,0.031121138034601144
47.52992660005111,9770.815462167,odom,navigating,,0.26472264044190624,-0.14777357632588287,2.7774489575478234,1.4871315721128375,-3.08989126818491,-2.899539398293449,-3.1288073055084884,-1.9568872451782227,2.732143763861667,-2.732143763861667,0.08681251799862366,pixhawk_fused,True,0.8,0.2,gyro,-1.0,0.281887948513031,0.13473278284072876,0.031490259815271475
47.529995100107044,9770.915469113,odom,navigating,,0.24433973794531538,-0.1343342172706773,2.7828540791741943,1.4627234570802272,-3.090459604841416,-2.8941342766670783,-3.1017458412878884,-1.9568872451782227,2.732143763861667,-2.732143763861667,0.18664424599955964,pixhawk_fused,True,0.8,0.2,gyro,-1.0,0.27170512080192566,0.2695327401161194,0.031246917986121708
47.867806200054474,9771.035125957,odom,navigating,,0.21932247451307182,-0.11878346319770484,2.824881709110141,1.4333037689581638,-3.0919331626709092,-2.852106646731132,-3.0787355955578457,-2.002671241760254,2.778917536667596,-2.778917536667596,0.11008179700002074,pixhawk_fused,True,0.8,0.2,gyro,-1.0,0.2733772397041321,0.1711088865995407,0.0301651541194645
47.86791270005051,9771.135354158,odom,navigating,,0.1986889800439051,-0.10632879197833131,2.837582061751771,1.4092507343649916,-3.09345351001658,-2.8394062940895015,-3.08212304531603,-2.01890230178833,2.7956363341724977,-2.7956363341724977,0.094814469000994,pixhawk_fused,True,0.8,0.2,gyro,-1.0,0.2788878083229065,-0.13576725125312805,0.028965158795137756
47.86796210007742,9771.254514016,odom,navigating,,0.1736334864853204,-0.09095472499979133,2.8366309324711265,1.3799002947268713,-3.095094054430476,-2.840357423370146,-3.09365868738966,-2.019061803817749,2.797330239421736,-2.797330239421736,0.03377041800013103,pixhawk_fused,True,0.8,0.2,gyro,-1.0,0.2881324887275696,-0.13525819778442383,0.02771550123980883
48.19170760002453,9771.354836402,odom,navigating,,0.15287781141054338,-0.07775997601151549,2.827182451521019,1.3553251931098576,-3.096075802456589,-2.8498059043202537,-3.112594844320159,-2.012416362762451,2.790253246328841,-2.790253246328841,0.010565173000941286,pixhawk_fused,True,0.8,0.2,gyro,-1.0,0.283029705286026,-0.20291776955127716,0.027061007765279893
48.19181580003351,9771.455181361,odom,navigating,,0.13318943869143252,-0.06473607232970602,2.7998701102383623,1.3317245611497734,-3.096589863274329,-2.8771182456029103,-3.1315386291936527,-1.9854662418365479,2.760849123499404,-2.760849123499404,0.047390856001584325,pixhawk_fused,True,0.8,0.2,gyro,-1.0,0.2650584876537323,-0.23677285015583038,0.026861186968382182
48.19188190007117,9771.577041659,odom,navigating,,0.11184479930184296,-0.04994650633179794,2.788437902971827,1.3057567955779033,-3.096596517783297,-2.8885504528694455,3.125287118205711,-1.9776700735092163,2.7531482928013906,-2.7531482928013906,0.05376965899995412,pixhawk_fused,True,0.8,0.2,gyro,-1.0,0.22810180485248566,-0.23588645458221436,0.027200241087775606
48.53038940008264,9771.69607187,odom,navigating,,0.09424042125750373,-0.03704347542830999,2.745663437434654,1.2839377004404646,-3.0960225663848493,-2.931324918406619,3.100934089108965,-1.92983078956604,2.705769183433662,-2.705769183433662,0.06544541900075274,pixhawk_fused,True,0.8,0.2,gyro,-1.0,0.19629380106925964,-0.20369181036949158,0.02806461854264405
48.5304811000824,9771.796103911,odom,navigating,,0.08204303707782643,-0.027797620267587676,2.745802255528108,1.2686458467865322,-3.0953735438071117,-2.9311861003131647,3.10162836794643,-1.92983078956604,2.705769183433662,-2.705769183433662,0.16595630099982372,pixhawk_fused,True,0.8,0.2,gyro,-1.0,0.17043143510818481,0.1357673704624176,0.028917163565240787
48.53052990010474,9771.915763387,odom,navigating,,0.06990996490798745,-0.018705917151243506,2.737993872967838,1.2534946736112413,-3.094814565053841,-2.9389944828734347,3.108372755172809,-1.9180930852890015,2.6943246625578507,-2.6943246625578507,0.06302643600065494,pixhawk_fused,True,0.8,0.2,gyro,-1.0,0.12303628772497177,0.06738312542438507,0.029677799868442642
48.869434100110084,9772.037064104,odom,navigating,,0.061810758799804924,-0.012685585959327176,2.742797651516275,1.2434085175505487,-3.094481423698655,-2.9341907043249975,3.110379282916,-1.9223809242248535,2.6998272204762803,-2.6998272204762803,0.10443957300049078,pixhawk_fused,True,0.8,0.2,gyro,-1.0,0.07808011770248413,0.0,0.030145188375564746
48.86953990010079,9772.15464383,odom,navigating,,0.05689381381309199,-0.009057921024127821,2.745882181747181,1.2373008220621036,-3.0943015440031267,-2.931106174094092,3.115742747672037,-1.9246755838394165,2.7023424459612477,-2.7023424459612477,0.04375310400064336,pixhawk_fused,True,0.8,0.2,gyro,-1.0,0.043747518211603165,0.1014740988612175,0.03040636368601593
48.869590800022706,9772.255207397,odom,navigating,,0.053575029427006066,-0.006681691367489622,2.7655431520458618,1.2332195285309677,-3.094239573888367,-2.911445203795411,-3.1397249700521335,-1.946320652961731,2.7199911985537515,-2.7199911985537515,0.030155720000038855,pixhawk_fused,True,0.8,0.2,gyro,-1.0,0.04887228459119797,0.30428534746170044,0.030522662440098144
49.210387800005265,9772.375157258,odom,navigating,,0.049014285020992664,-0.003656744744399025,2.7744525795495045,1.2277479625091354,-3.094352076680599,-2.902535776291768,-3.095100638030273,-1.946320652961731,2.7199911985537515,-2.7199911985537515,0.15014067300035094,pixhawk_fused,True,0.8,0.2,gyro,-1.0,0.05127789080142975,0.4043997526168823,0.030483012402767448
49.21047640009783,9772.476102965,odom,navigating,,0.04501184998380704,-0.001254692114090964,2.8306721334818845,1.2230901181619864,-3.09465839204651,-2.846316222359388,-3.043678519202866,-1.999766230583191,2.777406277044724,-2.777406277044724,0.05447379299948807,pixhawk_fused,True,0.8,0.2,gyro,-1.0,0.051452089101076126,0.5339125990867615,0.030238733916895848
49.21050909999758,9772.595521041,odom,navigating,,0.040547816958833235,0.00106023282045805,2.8977951469107546,1.2181025636908378,-3.095299304441443,-2.779193208930518,-2.9719545737751383,-2.0687384605407715,2.843382725819062,-2.843382725819062,0.0723440820001997,pixhawk_fused,True,0.8,0.2,gyro,-1.0,0.051633577793836594,0.6107912063598633,0.027503696282061892
49.52957760007121,,mission_status,turning,final alignment at waypoint 4/4,0.040547816958833235,0.00106023282045805,2.8977951469107546,,,,,,,,,,,,,,,,,
49.529638900072314,9772.695595286,odom,turning,,0.03638767302724087,0.0028648804371174015,2.959099088209225,1.213655480119894,-3.096186433668174,-2.7178892676320476,-2.903595221703218,-2.128821611404419,2.902929264291237,-2.902929264291237,0.05624171600175032,pixhawk_fused,True,0.8,0.2,gyro,-1.0,0.054847512394189835,0.7209188938140869,0.023309892001352004
49.5297150000697,9772.796154243,odom,turning,,0.03395538242539823,0.0037803625381019022,2.9607079976125257,1.211134980871747,-3.0968198597405188,-2.716280358228747,-2.8955232905360058,-2.128821611404419,2.902929264291237,-2.902929264291237,0.1564424770003825,pixhawk_fused,True,0.8,0.2,gyro,-1.0,0.01538336742669344,-0.20219987630844116,0.02095804064991031
49.52977050002664,9772.915821424,odom,turning,,0.0319498928798467,0.004566708238945049,2.9957225649851997,1.2090388105469816,-3.0973162445188143,-2.681265790856073,-2.927986388449777,-2.1832079887390137,2.954777292772244,-2.954777292772244,0.05501118800020777,pixhawk_fused,True,0.8,0.2,gyro,-1.0,0.0205050278455019,-0.26951929926872253,0.018996285053677335
49.87029660004191,9773.035259796,odom,turning,,0.029687904025632268,0.005544795190620275,2.9665652400773195,1.2066225999315596,-3.0978011918598214,-2.710423115763953,-2.965133913913015,-2.159407138824463,2.9276168390056596,-2.9276168390056596,0.023357612000836525,pixhawk_fused,True,0.8,0.2,gyro,-1.0,0.02806161716580391,-0.36884352564811707,0.016718253732580162
49.87041420000605,9773.154831554,odom,turning,,0.026853006006225456,0.006912473431313912,2.9054393444160467,1.2035135925465987,-3.0982923778029856,-2.771549011425226,-3.012573481958353,-2.093618154525757,2.863070799096535,-2.863070799096535,0.03396530300051381,pixhawk_fused,True,0.8,0.2,gyro,-1.0,0.036453988403081894,-0.4791533648967743,0.01376153010967939
49.870487500098534,9773.255257756,odom,turning,,0.02397552889787275,0.008473134359034204,2.8585546471814336,1.200259641638189,-3.0986492258463683,-2.818433708659839,-3.0619051478290342,-2.0466766357421875,2.8167974866172774,-2.8167974866172774,0.016183826999622397,pixhawk_fused,True,0.8,0.2,gyro,-1.0,0.03856988251209259,-0.5069648027420044,0.010636753978689842
50.20926650008187,9773.374748277,odom,turning,,0.020647341652228826,0.010518074546413514,2.8467807450990623,1.19635937154631,-3.0988648735275968,-2.8302076107422103,-3.1207811851786253,-2.0466766357421875,2.8167974866172774,-2.8167974866172774,0.13591713799905847,pixhawk_fused,True,0.8,0.2,gyro,-1.0,0.03873441368341446,-0.5091273784637451,0.006850571235005025
50.20937220007181,9773.476974532,odom,turning,,0.0177372902426703,0.012537812124656749,2.7575660228075582,1.1928170932415423,-3.09886300194695,-2.9194223330337143,3.109013619081014,-1.9479997158050537,2.718627258612822,-2.718627258612822,0.05091170600098849,pixhawk_fused,True,0.8,0.2,gyro,-1.0,0.0360165610909462,-0.47340378165245056,0.0033739213997364304
50.20942170009948,9773.595847085,odom,turning,,0.0143132247572869,0.015229189480040026,2.704049283390974,1.1884697233284087,-3.09860202042338,-2.9729390724502984,3.043370318374884,-1.8967745304107666,2.6681417442104323,-2.6681417442104323,0.06281683100132796,pixhawk_fused,True,0.8,0.2,gyro,-1.0,0.038728583604097366,-0.5090507864952087,0.0009426026228356061
50.56988710002042,9773.716651039,odom,turning,,0.010947545090196163,0.018258637157527652,2.6477929930335846,1.1839777218219343,-3.0980299406055796,-3.029195362807688,2.9751177320204762,-1.8431792259216309,2.614884480311583,-2.614884480311583,0.006211955000253511,pixhawk_fused,True,0.8,0.2,gyro,-1.0,0.04405795782804489,-0.5791003704071045,0.005460832368473455
50.569989400100894,9773.835181804,odom,turning,,0.007762915360078608,0.021546682306313476,2.5905295979544096,1.1794871759892966,-3.097142187518633,-3.086458757886863,2.9061327491756703,-1.788287878036499,2.560551395489882,-2.560551395489882,0.010443564999150112,pixhawk_fused,True,0.8,0.2,gyro,-1.0,0.043998368084430695,-0.5783171057701111,0.010038280933309288
50.57004790008068,9773.955882594,odom,turning,,0.004813011253557306,0.025045738384941972,2.5231651308248164,1.1750693098717884,-3.0959472872521543,3.12936208216313,2.837140133353548,-1.721293568611145,2.493593928827952,-2.493593928827952,0.08689900200079137,pixhawk_fused,True,0.8,0.2,gyro,-1.0,0.04614320769906044,-0.6065090298652649,0.01460341304885505
50.910511500085704,9774.075503223,odom,turning,,0.0021113102249205266,0.028740388880822337,2.4739185333818186,1.1707439830196096,-3.09445023068787,3.080115484720132,2.7681475136707108,-1.6774110794067383,2.4492823672434794,-2.4492823672434794,0.05333429999882355,pixhawk_fused,True,0.8,0.2,gyro,-1.0,0.041141215711832047,-0.5407625436782837,0.019135780270718
50.91061780008022,9774.195483771,odom,turning,,-0.00039932105877289563,0.032730719321488626,2.3716220388706977,1.166407218730143,-3.092601316961928,2.9778189902090113,2.6970873390616625,-1.567511796951294,2.339178384675692,-2.339178384675692,0.06806808600049408,pixhawk_fused,True,0.8,0.2,gyro,-1.0,0.05164848268032074,-0.678870677947998,0.02374697091648595
50.91066990001127,9774.296287911,odom,turning,,-0.0022577816702681816,0.03616036330878168,2.313275705890864,1.1629258707731092,-3.0908416152468323,2.9194726572291776,2.6382952872193877,-1.5093164443969727,2.2809434808036793,-2.2809434808036793,0.05379793900101504,pixhawk_fused,True,0.8,0.2,gyro,-1.0,0.046302374452352524,-0.6086010932922363,0.027501541048079156
51.25100090005435,9774.415081098,odom,turning,,-0.004122124979049031,0.040189235371616706,2.2310984933664293,1.1590982803963596,-3.0885928071226245,2.837295444704743,2.5713930631200346,-1.4214977025985718,2.1949475847026814,-2.1949475847026814,0.031010962000436848,pixhawk_fused,True,0.8,0.2,gyro,-1.0,0.04098350927233696,-0.5386896729469299,0.031689871028745306
51.25110760005191,9774.515839091,odom,turning,,-0.005445984895697937,0.04357771300697359,2.202703942284585,1.1560797327426755,-3.086562350073913,2.8089008936228987,2.5165605863722043,-1.4006702899932861,2.1731623268863665,-2.1731623268863665,0.08292321999942942,pixhawk_fused,True,0.8,0.2,gyro,-1.0,0.03856603428721428,-0.5069141983985901,0.03504227993449054
51.251158100087196,9774.635812436,odom,turning,,-0.006733118054784201,0.04755004896348751,2.14769002515469,1.1527587168610778,-3.0840311412253967,2.753886976493004,2.4536257531841734,-1.347746729850769,2.1201283074161514,-2.1201283074161514,0.02564048800013552,pixhawk_fused,True,0.8,0.2,gyro,-1.0,0.03873247280716896,-0.5091018676757812,0.03878772727462554
51.59084010007791,9774.73582952,odom,turning,,-0.007679219168066215,0.05119562136165941,2.0537086200037113,1.1499041404674213,-3.081574171742549,2.659905571342025,2.3968554105391577,-1.2431954145431519,2.0168447134634957,-2.0168447134634957,0.014597547000448685,pixhawk_fused,True,0.8,0.2,gyro,-1.0,0.0437234602868557,-0.5747036933898926,0.04206116136760734
51.590946400072426,9774.855428429,odom,turning,,-0.008512748486848298,0.05547039718817705,2.0405817666653996,1.1467835916684697,-3.07853597249207,2.6467787180037132,2.3312120803129885,-1.2431954145431519,2.0168447134634957,-2.0168447134634957,0.13420602999940456,pixhawk_fused,True,0.8,0.2,gyro,-1.0,0.04389239847660065,-0.5769242644309998,0.045707279427197024
51.590998200001195,9774.976770634,odom,turning,,-0.009089244961746522,0.060048766971780076,1.9751467046850886,1.1437013062960812,-3.0751018299580246,2.581343656023402,2.261662569308555,-1.179067611694336,1.9524374886295304,-1.9524374886295304,0.0633172289999493,pixhawk_fused,True,0.8,0.2,gyro,-1.0,0.04630078747868538,-0.6085802912712097,0.04939191576678919
51.948819800047204,9775.096549409,odom,turning,,-0.009347645662357441,0.06471531816144908,1.8809951242619682,1.1408301976067086,-3.0714139842695927,2.487192075600282,2.1912126923913635,-1.0783631801605225,1.852363159670542,-1.852363159670542,0.0679338669997378,pixhawk_fused,True,0.8,0.2,gyro,-1.0,0.0439034141600132,-0.5770690441131592,0.0529180510030483
51.94892100000288,9775.216154598,odom,turning,,-0.009283406707350495,0.06923789952982143,1.8214671307656038,1.1383062671273751,-3.067660633258512,2.4276640821039175,2.1230364631192584,-1.0210087299346924,1.7949966939231856,-1.7949966939231856,0.07592502499937837,pixhawk_fused,True,0.8,0.2,gyro,-1.0,0.04323719069361687,-0.5683121681213379,0.05611606043764284
51.948977400083095,9775.334831826,odom,turning,,-0.008920223028886363,0.0736648211576709,1.808093326609379,1.136082517388498,-3.0638155747957225,2.4142902779476927,2.0560885734610475,-1.0210087299346924,1.7949966939231856,-1.7949966939231856,0.1952540719994431,pixhawk_fused,True,0.8,0.2,gyro,-1.0,0.04335935041308403,-0.5699178576469421,0.05903710001030465
52.27072740008589,9775.435714966,odom,turning,,-0.008396920823293567,0.0772618506721599,1.6821714078030623,1.1344631842219357,-3.0605613119572053,2.288368359141376,1.9985857511692335,-0.8789908289909363,1.6519904225012763,-1.6519904225012763,0.04517670499990345,pixhawk_fused,True,0.8,0.2,gyro,-1.0,0.040679749101400375,-0.5346969962120056,0.06125147842483935
52.27081410004757,9775.555273712,odom,turning,,-0.007747096956481132,0.08025116920810133,1.64388025264428,1.1332940701777063,-3.0577343933664447,2.2500772039825936,1.895718571167601,-0.856175422668457,1.6298256437918646,-1.6298256437918646,0.11713144799978181,pixhawk_fused,True,0.8,0.2,gyro,-1.0,0.02563255839049816,-0.9433644413948059,0.06294192302935891
52.270869400002994,9775.655870303,odom,turning,,-0.0070332600513546215,0.08242636196347998,1.5756772838085364,1.1326414084153773,-3.0555400690344086,2.18187423514685,1.804432981335551,-0.7898491024971008,1.567372099890421,-1.567372099890421,0.044222115000593476,pixhawk_fused,True,0.8,0.2,gyro,-1.0,0.025640223175287247,-1.0111169815063477,0.06400400172207002
52.61061110009905,9775.775577509,odom,turning,,-0.006148880054140694,0.08438893791981004,1.405726414750983,1.1322500401067255,-3.0534233113225246,2.0119233660892966,1.6881151710703697,-0.6072673797607422,1.384048030330847,-1.384048030330847,0.05344180000065535,pixhawk_fused,True,0.8,0.2,gyro,-1.0,0.025644052773714066,-0.8763741254806519,0.06479475236349096
52.61071150004864,9775.895413193,odom,turning,,-0.005313631422022187,0.08576436246148808,1.3814616004610192,1.1321528218897783,-3.051817079220492,1.9876585517993328,1.5663424489026938,-0.6072673797607422,1.384048030330847,-1.384048030330847,0.1736051249990851,pixhawk_fused,True,0.8,0.2,gyro,-1.0,0.01285367552191019,-1.0476446151733398,0.06519874999924696
52.610760800074786,9775.996470774,odom,turning,,-0.004742085545349425,0.08651085313340906,1.2688375311134403,1.132197219941796,-3.050877961642452,1.875034482451754,1.4630175818167583,-0.49444901943206787,1.269120244934271,-1.269120244934271,0.07497939799941378,pixhawk_fused,True,0.8,0.2,gyro,-1.0,0.015257168561220169,-1.0027055740356445,0.06533560297038006
52.968939000042155,9776.115837042,odom,turning,,-0.004106370677600786,0.0871460546490161,1.1009229403684861,1.1323577599706371,-3.049993743763394,1.7071198917067998,1.3343630824876673,-0.3170637786388397,1.0914518687269192,-1.0914518687269192,0.08596919199953845,pixhawk_fused,True,0.8,0.2,gyro,-1.0,0.018005063757300377,-0.9805424809455872,0.06534793016901158
52.96902730001602,9776.235313292,odom,turning,,-0.0038299289665216715,0.0873734390752601,0.9890662750686201,1.1324553940943949,-3.0496493729243257,1.5952632264069337,1.195126590745852,-0.21049579977989197,0.9864019248029691,-0.9864019248029691,0.02804091800135211,pixhawk_fused,True,0.8,0.2,gyro,-1.0,2.170906554965768e-06,-1.1452571153640747,0.06531827561554632
52.96907980006654,9776.354927853,odom,turning,,-0.003643557777261809,0.08750283969322312,0.8761420293823288,1.1325348322951945,-3.049436844544176,1.4823389807206424,1.0630846600856465,-0.1014401912689209,0.8782179328939419,-0.8782179328939419,0.03300069699980668,pixhawk_fused,True,0.8,0.2,gyro,-1.0,-0.01291600987315178,-1.256289005279541,0.06528114835053213
53.30939010006841,9776.45663581,odom,turning,,-0.003524337923673522,0.0875669509026783,0.6856996868689726,1.1325962825264413,-3.0493162315691396,1.2918966382072863,0.9517565076770037,0.11327949166297913,0.6680985745927792,-0.6680985745927792,0.014637880000009318,pixhawk_fused,True,0.8,0.2,gyro,-1.0,-0.012152418494224548,-1.2456847429275513,0.06524401510878611
53.30951140006073,9776.576100523,odom,turning,,-0.003565562157924765,0.08755858673319654,0.6578135678702794,1.1325671690497086,-3.049346592766304,1.264010519208593,0.8115283022966642,0.11327949166297913,0.6680985745927792,-0.6680985745927792,0.1337552670011064,pixhawk_fused,True,0.8,0.2,gyro,-1.0,0.005165369249880314,-1.2220900058746338,0.06526675322424605
53.3095644999994,9776.695454202,odom,turning,,-0.0032987111118953083,0.0875901882178892,0.5445235957836281,1.1327684679459757,-3.049168584651423,1.1507205471219417,0.6722842247358523,0.22283539175987244,0.5611896993658048,-0.5611896993658048,0.07456651999927999,pixhawk_fused,True,0.8,0.2,gyro,-1.0,0.010258261114358902,-1.0110782384872437,0.06510340331185487
53.62955240008887,9776.795882984,odom,turning,,-0.0032968548860919655,0.08758282838982784,0.3385973403446778,1.1327741866646195,-3.049173575533149,0.9447942916829914,0.562649769731421,0.4515034556388855,0.33146221251697355,-0.33146221251697355,0.06730382799833023,pixhawk_fused,True,0.8,0.2,gyro,-1.0,0.0025808687787503004,-1.1203887462615967,0.0650968322737135
53.62965390004683,9776.915244884,odom,turning,,-0.0027070038535910654,0.08751879389943533,0.32051003296407776,1.1332954218748403,-3.048890135041814,0.9267069843023914,0.47151666888477894,0.4515034556388855,0.33146221251697355,-0.33146221251697355,0.18721938299859175,pixhawk_fused,True,0.8,0.2,gyro,-1.0,0.007707045413553715,-0.6415783166885376,0.06463976178896183
53.62970320007298,9777.015615019,odom,turning,,-0.0027046370712736217,0.0875077905980702,0.163770095223295,1.1333036360343471,-3.0488978293178075,0.7699670465616086,0.41477688974439936,0.6285757422447205,0.14992278630943115,-0.14992278630943115,0.09139568400132703,pixhawk_fused,True,0.8,0.2,gyro,-1.0,0.020663540810346603,-0.2716027796268463,0.064630222418723
53.95062310004141,9777.115925581,odom,turning,,-0.0025307698337526593,0.08747151540253367,0.11246475159077596,1.1334671913875642,-3.0488285808338644,0.7186617029290896,0.374219006240498,0.682594358921051,0.09593716676444825,-0.09593716676444825,0.07568492099926516,pixhawk_fused,True,0.8,0.2,gyro,-1.0,-0.0025736414827406406,-0.37210893630981445,0.06448301795765882
53.950716500054114,9777.216229848,odom,turning,,-0.0023125511067491403,0.08741891578681062,0.11070716409856574,1.1336764964899329,-3.0487474790058227,0.7169041154368794,0.36541467765253294,0.682594358921051,0.09593716676444825,-0.09593716676444825,0.1757412499991915,pixhawk_fused,True,0.8,0.2,gyro,-1.0,0.0,0.0,0.06429319327878462
53.95076630008407,9777.335463161,odom,turning,,-0.0023125511067491403,0.08741891578681062,0.08261864259473994,1.1336764964899329,-3.0487474790058227,0.6888155939330536,0.36541467765253294,0.7179701328277588,0.06083853973359879,-0.06083853973359879,0.11273201199946925,pixhawk_fused,True,0.8,0.2,gyro,-1.0,0.0,0.0,0.06429319327878462
54.28913690010086,9777.436147161,odom,turning,,-0.002355564819876907,0.08742950500528675,0.07399958259129324,1.133635113762291,-3.0487632834646208,0.6801965339296069,0.36474330599915344,0.7273594737052917,0.05023419610322531,-0.05023419610322531,0.028770808999979636,pixhawk_fused,True,0.8,0.2,gyro,-1.0,-0.0025426100473850965,-0.03342021629214287,0.06433076873601684
54.28924300009385,9777.555784743,odom,turning,,-0.0023988679140780553,0.08744004180399921,0.07310020916660365,1.1335935230812442,-3.0487792958768236,0.6792971605049173,0.36002835264437816,0.7274138331413269,0.050288008331368525,-0.050288008331368525,0.0414874170000985,pixhawk_fused,True,0.8,0.2,gyro,-1.0,0.002563383663073182,-0.03369326516985893,0.06436850832059487
54.2893290000502,9777.675230977,odom,turning,,-0.002615565781887326,0.08749538264698821,0.05858646873350215,1.1333839060487676,-3.0488572784037866,0.6647834200718158,0.3309679482541125,0.7402637600898743,0.03940681185112413,-0.03940681185112413,0.04596809699978621,pixhawk_fused,True,0.8,0.2,gyro,-1.0,0.002594142686575651,-0.3068779408931732,0.06455923840109357
54.59063970006537,9777.77550506,odom,turning,,-0.0025755564672170564,0.08748611717740516,0.053041815357473876,1.1334220654986282,-3.0488420978052044,0.6592387666957875,0.30319695557857845,0.7402637600898743,0.03940681185112413,-0.03940681185112413,0.14607031299965456,pixhawk_fused,True,0.8,0.2,gyro,-1.0,0.0,-0.4042789041996002,0.06452470631969472
54.590752500109375,9777.875911141,odom,turning,,-0.001934980008180133,0.08727734985469411,-0.0064041199114126535,1.1340674488917741,-3.0486487011383363,0.599792831426901,0.27951534038770964,0.8052477240562439,-0.02896436072601859,0.02896436072601859,0.023957601000802242,pixhawk_fused,True,0.8,0.2,gyro,-1.0,2.553334184085543e-07,-0.13480328023433685,0.06392850108686066
54.5908096000785,9777.976345813,odom,turning,,-0.0018924093319693733,0.0872630191439495,-0.01455390972564019,1.1341105992233602,-3.048636223934022,0.5916430416126734,0.27883632801962505,0.8097625374794006,-0.03898050954653804,0.03898050954653804,0.04386764300033974,pixhawk_fused,True,0.8,0.2,gyro,-1.0,0.0,0.0,0.06388855171932047
54.94992570008617,9778.096573215,odom,turning,,-0.0018924093319693733,0.0872630191439495,-0.01455390972564019,1.1341105992233602,-3.048636223934022,0.5916430416126734,0.27883632801962505,0.8097625374794006,-0.03898050954653804,0.03898050954653804,0.16400888099997246,pixhawk_fused,True,0.8,0.2,gyro,-1.0,0.0,0.0,0.06388855171932047
54.95002620003652,,mission_status,navigating,correcting final position at waypoint 4/4,-0.0018924093319693733,0.0872630191439495,-0.01455390972564019,,,,,,,,,,,,,,,,,
54.95005020010285,9778.215117581,odom,navigating,,-0.0018924093319693733,0.0872630191439495,-0.013642374961666093,1.1341105992233602,-3.048636223934022,0.5925545763766475,0.27883632801962505,0.8096488118171692,-0.037841227361885055,0.037841227361885055,0.09437497399994754,pixhawk_fused,True,0.8,0.2,gyro,-1.0,0.0,0.0,0.06388855171932047
54.95009769999888,9778.33575068,odom,navigating,,-0.0018924093319693733,0.0872630191439495,-0.013607295507150896,1.1341105992233602,-3.048636223934022,0.5925896558311627,0.27883632801962505,0.8098800778388977,-0.03779738342757259,0.03779738342757259,0.11187475600127073,pixhawk_fused,True,0.8,0.2,gyro,-1.0,0.0,0.0,0.06388855171932047
55.31034520000685,9778.455713127,odom,navigating,,-0.0018924093319693733,0.0872630191439495,-0.013723280379726588,1.1341105992233602,-3.048636223934022,0.592473670958587,0.27883632801962505,0.810038685798645,-0.0379423467572305,0.0379423467572305,0.03457390499897883,pixhawk_fused,True,0.8,0.2,gyro,-1.0,0.0,0.0,0.06388855171932047
55.31041590007953,9778.574910591,odom,navigating,,-0.0018924093319693733,0.0872630191439495,-0.013825735641486037,1.1341105992233602,-3.048636223934022,0.5923712156968276,0.27883632801962505,0.8101509213447571,-0.03807040023985241,0.03807040023985241,0.054062530000010156,pixhawk_fused,True,0.8,0.2,gyro,-1.0,0.0,0.0,0.06388855171932047
55.31044930010103,9778.695786592,odom,navigating,,-0.0018924093319693733,0.0872630191439495,-0.01391059201480449,1.1341105992233602,-3.048636223934022,0.5922863593235091,0.27883632801962505,0.8102384805679321,-0.03817645785766576,0.03817645785766576,0.055660680000073626,pixhawk_fused,True,0.8,0.2,gyro,-1.0,0.0,0.0,0.06388855171932047
55.650957100093365,9778.816619983,odom,navigating,,-0.0018496677553398455,0.08724856995254962,-0.01404633058960536,1.1341539575083517,-3.0486237467297084,0.5921506207487083,0.27815730187445536,0.8102384805679321,-0.03817645785766576,0.03817645785766576,0.176477385999533,pixhawk_fused,True,0.8,0.2,gyro,-1.0,0.002582683227956295,-0.0339469388127327,0.06384839827227635
55.6510592000559,9778.935121389,odom,navigating,,-0.00011562907372850845,0.08663750878730259,-0.021066270486683858,1.1359271761947878,-3.04813796757508,0.5851306808516298,0.25044733116055634,0.8125333786010742,-0.040029284879517894,0.040029284879517894,0.07076453199988464,pixhawk_fused,True,0.8,0.2,gyro,-1.0,0.03331734612584114,-0.43792515993118286,0.06220154058521913
55.65114390000235,9779.036125976,odom,navigating,,0.0038331991474131605,0.0850540074178356,-0.04337124522626279,1.1400745989087884,-3.0471894920938047,0.5628257061120508,0.18632227258805129,0.8293057084083557,-0.051909798160148006,0.051909798160148006,0.027674908998960746,pixhawk_fused,True,0.8,0.2,gyro,-1.0,0.05593465641140938,-0.7352083921432495,0.058313600755912555
55.989742400008254,9779.155729339,odom,navigating,,0.009631458596032386,0.08217746450440531,-0.164663349120186,1.146478627999693,-3.0462499586089544,0.44153360221812765,0.0887423216481289,0.9590662717819214,-0.17910873450334108,0.17910873450334108,0.03468921700005012,pixhawk_fused,True,0.8,0.2,gyro,-1.0,0.06713292002677917,-0.8823990225791931,0.05220937424952863
55.98980410001241,9779.27486201,odom,navigating,,0.016145370776762126,0.07803958628924929,-0.2579660255961942,1.1541894362890923,-3.045939276221534,0.34823092574211945,-0.027605946695007072,1.0466152429580688,-0.2666704592853312,0.2666704592853312,0.04445557600047323,pixhawk_fused,True,0.8,0.2,gyro,-1.0,0.07793033123016357,-1.0243208408355713,0.04470189681640698
55.98983660002705,9779.375187873,odom,navigating,,0.021265751358404986,0.07395585030782077,-0.27756617639369646,1.160724164095187,-3.046378057906579,0.3286307749446172,-0.1263303080465412,1.0466152429580688,-0.2666704592853312,0.2666704592853312,0.14488430799974594,pixhawk_fused,True,0.8,0.2,gyro,-1.0,0.08233591169118881,-1.0822280645370483,0.038204603439254206
56.3103782000253,9779.475528885,odom,navigating,,0.026143360283063792,0.06919197870986678,-0.41724099384603186,1.1674468817796138,-3.047514107359376,0.18895595749228178,-0.2291287821284367,1.1965323686599731,-0.41545475788409747,0.41545475788409747,0.054623981999611715,pixhawk_fused,True,0.8,0.2,gyro,-1.0,0.08490891754627228,-1.116047739982605,0.031388862605257445
56.31049390009139,9779.595587554,odom,navigating,,0.03145880308138936,0.06265288883763427,-0.5529033350503255,1.175540844218158,-3.0498596138170178,0.05329361628798812,-0.3561963462332298,1.335927128791809,-0.5532471044808153,0.5532471044808153,0.06655907000094885,pixhawk_fused,True,0.8,0.2,gyro,-1.0,0.07689384371042252,-1.0106971263885498,0.022995059773463826
56.310544800013304,9779.695971953,odom,navigating,,0.03543655066693071,0.056357979374260625,-0.5750897303070761,1.1823963401518272,-3.0527665944687934,0.03110722103123753,-0.4684781358825053,1.335927128791809,-0.5532471044808153,0.5532471044808153,0.1662200959999609,pixhawk_fused,True,0.8,0.2,gyro,-1.0,0.08714202046394348,-1.145399808883667,0.015708781599506682
56.6296923001064,9779.796105691,odom,navigating,,0.038772074755009045,0.049450599523065915,-0.6815700464142479,1.1890729961569946,-3.05654282035445,-0.07537309507593426,-0.5841321334600382,1.4394276142120361,-0.6574891163855318,0.6574891163855318,0.08903433500017854,pixhawk_fused,True,0.8,0.2,gyro,-1.0,0.09227261692285538,-1.2128366231918335,0.008431011778612885
56.629805400036275,9779.896431758,odom,navigating,,0.04137706101233568,0.04190391735868211,-0.8985392554060405,1.195513521070518,-3.0612606592590095,-0.2923423040677269,-0.7045163780810962,1.6822504997253418,-0.898217581465793,0.898217581465793,0.030795562001003418,pixhawk_fused,True,0.8,0.2,gyro,-1.0,0.08972737193107605,-1.1793818473815918,0.0012040708630926913
56.6298651000252,9780.015740759,odom,navigating,,0.0433791766504229,0.03178147451732566,-0.9292019008252941,1.2029261241768106,-3.0684387949009,-0.32300494948698044,-0.8601788876463887,1.6822504997253418,-0.898217581465793,0.898217581465793,0.15042240699949616,pixhawk_fused,True,0.8,0.2,gyro,-1.0,0.0929252877831459,-1.221415400505066,0.007449513672786415
56.96969920000993,9780.134919651,odom,navigating,,0.04378070446881224,0.021215770432078472,-1.2378399940767542,1.209275877428949,-3.076893140590716,-0.6316430427384405,-1.0210294283139523,2.0283524990081787,-1.2431745944767718,1.2431745944767718,0.009350960001029307,pixhawk_fused,True,0.8,0.2,gyro,-1.0,0.1025250032544136,-1.414977788925171,0.015305234258469224
56.96979960007593,9780.236210773,odom,navigating,,0.04284730547383237,0.013303544362705758,-1.2701098613437396,1.2130167512357157,-3.083927372476184,-0.663912910005426,-1.1843976415056343,2.0283524990081787,-1.2431745944767718,1.2431745944767718,0.11054471399984322,pixhawk_fused,True,0.8,0.2,gyro,-1.0,0.09152491390705109,-1.7376794815063477,0.020327842144173266
56.96983990003355,9780.355107489,odom,navigating,,0.04037191045939069,0.0055716665762331405,-1.4320991377363215,1.2153876280087963,-3.091691936720837,-0.8259021863980078,-1.4155377983848838,2.177602767944336,-1.388501626089168,1.388501626089168,0.11435981599970546,pixhawk_fused,True,0.8,0.2,gyro,-1.0,0.06457589566707611,-2.0709407329559326,0.024146286238188947
57.31076280004345,,mission_status,navigating,"retrying waypoint 4, distance 0.05 m",0.04037191045939069,0.0055716665762331405,-1.4320991377363215,,,,,,,,,,,,,,,,,
57.31082210002933,9780.45646309,odom,navigating,,0.037111411313655356,6.654238177279323e-05,-1.7766230650221706,1.2158446056167995,-3.098073818774084,-1.170426113683857,-1.6107816193765176,2.556387186050415,-1.7693292341976887,1.7693292341976887,0.025375441000505816,pixhawk_fused,True,0.8,0.2,gyro,-1.0,0.0763351321220398,-1.7801430225372314,0.0258208427219819
57.310905200080015,9780.575630245,odom,navigating,,0.033216821064838815,-0.0044010503404502185,-1.804272617148084,1.215189344436905,-3.1039643069307616,-1.1980756658097704,-1.7516354931154163,2.556387186050415,-1.7693292341976887,1.7693292341976887,0.14442552400032582,pixhawk_fused,True,0.8,0.2,gyro,-1.0,0.0569104440510273,-0.7480342388153076,0.021038826486441734
57.3109500000719,9780.695708934,odom,navigating,,0.030719391844510432,-0.0067863555118978305,-1.9459697039877137,1.21449592380715,-3.107347500880525,-1.3397727526494,-1.803690840567877,2.71256422996521,-1.9328694283514745,1.9328694283514745,0.0875194250002096,pixhawk_fused,True,0.8,0.2,gyro,-1.0,0.020582949742674828,-0.27054348587989807,0.017665163847192022
57.62991130002774,9780.796166093,odom,navigating,,0.030552314471973457,-0.006936470169101663,-2.0127179622643476,1.2144441434092466,-3.107566059909426,-1.406521010926034,-1.8070706462314041,2.7888526916503906,-2.0152797920256385,2.0152797920256385,0.0808201839990943,pixhawk_fused,True,0.8,0.2,gyro,-1.0,-0.002573383506387472,0.033824704587459564,0.017447313538110684
57.630018100026064,9780.896219871,odom,navigating,,0.030552314471973457,-0.006936470169101663,-2.038123541778354,1.2144441434092466,-3.107566059909426,-1.4319265904400402,-1.8070706462314041,2.820486545562744,-2.0470004010349045,2.0470004010349045,0.06546966899986728,pixhawk_fused,True,0.8,0.2,gyro,-1.0,0.0,0.0,0.017447313538110684
57.63007000007201,9781.015579262,odom,navigating,,0.030552314471973457,-0.006936470169101663,-2.0362756473397914,1.2144441434092466,-3.107566059909426,-1.4300786960014777,-1.8070706462314041,2.8193466663360596,-2.0446926342751364,2.0446926342751364,0.10457784599930164,pixhawk_fused,True,0.8,0.2,gyro,-1.0,0.0,0.0,0.017447313538110684
57.970647500013,9781.135208424,odom,navigating,,0.030552314471973457,-0.006936470169101663,-2.0356232528251033,1.2144441434092466,-3.107566059909426,-1.4294263014867896,-1.8070706462314041,2.818523645401001,-2.0438779019061006,2.0438779019061006,0.0014317459990706993,pixhawk_fused,True,0.8,0.2,gyro,-1.0,0.0,0.0,0.017447313538110684
57.970733000081964,9781.235526773,odom,navigating,,0.030552314471973457,-0.006936470169101663,-2.0356232528251033,1.2144441434092466,-3.107566059909426,-1.4294263014867896,-1.8070706462314041,2.818523645401001,-2.0438779019061006,2.0438779019061006,0.10174407699923904,pixhawk_fused,True,0.8,0.2,gyro,-1.0,0.0,0.0,0.017447313538110684
57.97077500005253,9781.355295879,odom,navigating,,0.030552314471973457,-0.006936470169101663,-2.035663691390431,1.2144441434092466,-3.107566059909426,-1.4294667400521175,-1.8070706462314041,2.8185806274414062,-2.0439284026668867,2.0439284026668867,0.015904539000985096,pixhawk_fused,True,0.8,0.2,gyro,-1.0,0.0,0.0,0.017447313538110684
58.290828700060956,9781.455685096,odom,navigating,,0.030552314471973457,-0.006936470169101663,-2.03576012022829,1.2144441434092466,-3.107566059909426,-1.4295631688899761,-1.8070706462314041,2.818917751312256,-2.0440488257305227,2.0440488257305227,0.016162996000275598,pixhawk_fused,True,0.8,0.2,gyro,-1.0,0.0,0.0,0.017447313538110684
58.29093910008669,9781.575409722,odom,navigating,,0.030552314471973457,-0.006936470169101663,-2.03576012022829,1.2144441434092466,-3.107566059909426,-1.4295631688899761,-1.8070706462314041,2.818917751312256,-2.0440488257305227,2.0440488257305227,0.13596656399931817,pixhawk_fused,True,0.8,0.2,gyro,-1.0,0.0,0.0,0.017447313538110684
58.29099400003906,9781.675925511,odom,navigating,,0.030552314471973457,-0.006936470169101663,-2.0358044593380527,1.2144441434092466,-3.107566059909426,-1.429607507999739,-1.8070706462314041,2.8190693855285645,-2.0441041977395766,2.0441041977395766,0.06408171899965964,pixhawk_fused,True,0.8,0.2,gyro,-1.0,0.0,0.0,0.017447313538110684
58.61011770006735,9781.795666969,odom,navigating,,0.030986595581328418,-0.006546746730180261,-2.0340483889578214,1.2145790011925413,-3.1069983471131355,-1.4278514376195077,-1.798281542178209,2.81917142868042,-2.0440987257454073,2.0440987257454073,0.07328788700033328,pixhawk_fused,True,0.8,0.2,gyro,-1.0,-0.002563255839049816,0.033691585063934326,0.018013180665460645
58.61019900010433,9781.895712509,odom,navigating,,0.030886731315868225,-0.006637687760062032,-2.0336438121127762,1.2145487439720797,-3.107129981618649,-1.4274468607744626,-1.79625220345342,2.81917142868042,-2.0440987257454073,2.0440987257454073,0.17369654899994202,pixhawk_fused,True,0.8,0.2,gyro,-1.0,0.0025640223175287247,0.03370165824890137,0.017881960639008296
58.61024560010992,9781.995732327,odom,navigating,,0.030886731315868225,-0.006637687760062032,-2.0308566619500077,1.2145487439720797,-3.107129981618649,-1.424659710611694,-1.79625220345342,2.8163750171661377,-2.04061759127113,2.04061759127113,0.07435803100088378,pixhawk_fused,True,0.8,0.2,gyro,-1.0,0.0,0.0,0.017881960639008296
58.93129430001136,9782.095931975,odom,navigating,,0.0307543286244876,-0.006758956107697738,-2.0293479323397845,1.2145090248716799,-3.1073050783858567,-1.4231509810014709,-1.7908429125448597,2.8158836364746094,-2.0400801256224046,2.0400801256224046,0.06648018499981845,pixhawk_fused,True,0.8,0.2,gyro,-1.0,0.002584239235147834,0.10193632543087006,0.017707408168259522
58.931375100044534,9782.215481716,odom,navigating,,0.029523718605062095,-0.007935440093721213,-2.0170998361397325,1.214167981287095,-3.108973072649244,-1.410902884801419,-1.7489499259044163,2.8090341091156006,-2.035223291642917,2.035223291642917,0.00886608300061198,pixhawk_fused,True,0.8,0.2,gyro,-1.0,0.020469339564442635,0.33631274104118347,0.01604410202742088
58.931423200061545,9782.31620741,odom,navigating,,0.028091874641888517,-0.00942409016676176,-2.0081707307710754,1.2138394149068241,-3.1110122637409754,-1.4019737794327618,-1.7042721684398918,2.8090341091156006,-2.035223291642917,2.035223291642917,0.10922082199977012,pixhawk_fused,True,0.8,0.2,gyro,-1.0,0.02829756774008274,0.5071895718574524,0.014009465845629098
59.269896600046195,9782.435775207,odom,navigating,,0.02644720382130516,-0.011324664254243916,-1.9048587834088193,1.2135706351305584,-3.1135112398116807,-1.2986618320705057,-1.629832189185277,2.7005255222320557,-1.9246987830176483,1.9246987830176483,0.045243839000249864,pixhawk_fused,True,0.8,0.2,gyro,-1.0,0.02324298396706581,0.78074049949646,0.011514289494531697
59.26995640003588,9782.535915006,odom,navigating,,0.025574157022484178,-0.012516999629909424,-1.8701382359067302,1.2135324756806978,-3.114988540802468,-1.2639412845684166,-1.5454892525877553,2.6732940673828125,-1.902377812124742,1.902377812124742,0.09438362900073116,pixhawk_fused,True,0.8,0.2,gyro,-1.0,0.017854230478405952,0.9051022529602051,0.010037627439901919
59.26998830004595,9782.655064239,odom,navigating,,0.024858382103306015,-0.013711331498964106,-1.7846209194361704,1.2136247030159193,-3.1163778775028406,-1.1784239680978568,-1.4364346060024538,2.5928590297698975,-1.8227445344700943,1.8227445344700943,0.03294703499886964,pixhawk_fused,True,0.8,0.2,gyro,-1.0,0.010414369404315948,0.8897660970687866,0.00864718604503034
59.59261290007271,9782.755838172,odom,navigating,,0.024435880181825086,-0.014602901905998432,-1.6255734603619585,1.2137854509981658,-3.1173513073927444,-1.0193765090236449,-1.3404797224562597,2.417219400405884,-1.6479274506940973,1.6479274506940973,0.02839019099883444,pixhawk_fused,True,0.8,0.2,gyro,-1.0,0.005143167916685343,1.014030933380127,0.007671702389148366
59.592720100074075,9782.874660468,odom,navigating,,0.02415296760818973,-0.015455363439160527,-1.6014885680766535,1.214038634269039,-3.118213066304037,-0.9952916167383399,-1.2200193272853879,2.417219400405884,-1.6479274506940973,1.6479274506940973,0.14777047499956097,pixhawk_fused,True,0.8,0.2,gyro,-1.0,0.012913414277136326,0.9844613075256348,0.006806649227366515
59.59277250000741,9782.976705613,odom,navigating,,0.02400958217782801,-0.016112041297902946,-1.4267084566525758,1.2142949368409908,-3.118834431078878,-0.8205115053142622,-1.115359191950382,2.2235515117645264,-1.455623303033365,1.455623303033365,0.05295039100019494,pixhawk_fused,True,0.8,0.2,gyro,-1.0,0.009761402383446693,1.090587854385376,0.0061819273707934465
59.93002319999505,9783.095656165,odom,navigating,,0.023940062961726398,-0.016782984792237218,-1.317315047636668,1.214620071990075,-3.119425434656555,-0.7111180962983543,-0.9873532317467393,2.1186904907226562,-1.3508828294053208,1.3508828294053208,0.055529778999698465,pixhawk_fused,True,0.8,0.2,gyro,-1.0,0.002580090193077922,1.0521166324615479,0.005586647654816145
59.930143600096926,9783.196337398,odom,navigating,,0.0239448728918598,-0.01714158735618366,-1.295209415893411,1.2148283373254176,-3.1197174012375046,-0.6890124645550975,-0.8767117692049323,2.1186904907226562,-1.3508828294053208,1.3508828294053208,0.15585463000024902,pixhawk_fused,True,0.8,0.2,gyro,-1.0,-0.0025502974167466164,1.1062015295028687,0.005291934318582127
59.930210200021975,9783.315888346,odom,navigating,,0.023974118404582658,-0.01741110674802464,-1.1850547983737492,1.215005929533488,-3.1199222353416607,-0.5788578470354355,-0.7316464607879102,2.0167808532714844,-1.2494083864464889,1.2494083864464889,0.1036823890008236,pixhawk_fused,True,0.8,0.2,gyro,-1.0,-0.00516964728012681,1.0876379013061523,0.005084754087701449
60.27062190009747,9783.434838789,odom,navigating,,0.024120360101002065,-0.017930514030365215,-0.9176393191801351,1.2154220442973627,-3.1202657743671085,-0.31144236784182144,-0.5856275136684583,1.7182679176330566,-0.951719596959604,0.951719596959604,0.03142730999934429,pixhawk_fused,True,0.8,0.2,gyro,-1.0,0.002604515291750431,1.1297187805175781,0.004735705784552962
60.270730999996886,9783.535224344,odom,navigating,,0.02423029694776002,-0.01817525483294246,-0.8571026597534054,1.2156518328101469,-3.1204042713349947,-0.25090570841509174,-0.4693936875848384,1.6705076694488525,-0.9050991850867401,0.9050991850867401,0.02467181000065466,pixhawk_fused,True,0.8,0.2,gyro,-1.0,0.0051431660540401936,1.08163321018219,0.004594161923298987
60.27079500001855,9783.656062097,odom,navigating,,0.024304903046809132,-0.018285176399570245,-0.6558101338436931,1.2157757730396668,-3.1204521006181984,-0.049613182505379494,-0.33476538789665944,1.4520434141159058,-0.6871486654057632,0.6871486654057632,0.030582736000724253,pixhawk_fused,True,0.8,0.2,gyro,-1.0,0.007746884133666754,1.255847692489624,0.004544686866456739
60.630802700063214,9783.775196647,odom,navigating,,0.024384417127727792,-0.01839166846143647,-0.5381499210717515,1.2159017928032392,-3.120494315159461,0.06804703026656211,-0.1908063248327343,1.3398334980010986,-0.57606289289142,0.57606289289142,0.042458289999558474,pixhawk_fused,True,0.8,0.2,gyro,-1.0,0.002562232781201601,1.1797630786895752,0.004500798369198059
60.630913700093515,9783.895883293,odom,navigating,,0.02415015992439833,-0.01818700659806763,-0.5147809818889305,1.2155926700663577,-3.120459586940787,0.09141596944938313,-0.07374089626617315,1.3398334980010986,-0.57606289289142,0.57606289289142,0.1623717120000947,pixhawk_fused,True,0.8,0.2,gyro,-1.0,-0.010257750749588013,0.7414583563804626,0.0045396388513877645
60.63096730003599,9784.015973711,odom,navigating,,0.023935623875472236,-0.01803346677944939,-0.3332655608065486,1.2153288811718175,-3.1204556358260875,0.272931390531765,0.030507150819113236,1.1429280042648315,-0.37528437433387146,0.37528437433387146,0.08864786800040747,pixhawk_fused,True,0.8,0.2,gyro,-1.0,0.0025638930965214968,0.8424995541572571,0.004547101429111679
60.97143010003492,9784.116390561,odom,navigating,,0.02335744708359316,-0.017684505563000198,-0.2549141168753932,1.214654904185452,-3.120498266274161,0.3512828344629204,0.09200770013231,1.0605641603469849,-0.2927216607704292,0.2927216607704292,0.07424703600008797,pixhawk_fused,True,0.8,0.2,gyro,-1.0,-0.015379279851913452,0.3369191884994507,0.004513447393234003
60.97151130007114,9784.236849861,odom,navigating,,0.022881447294785105,-0.01743927609153384,-0.19315576393517309,1.2141239991418877,-3.1205679306649143,0.41304118740314055,0.14202601529552186,0.9989467859268188,-0.22802852574731214,0.22802852574731214,0.015166962999501266,pixhawk_fused,True,0.8,0.2,gyro,-1.0,-0.010203211568295956,0.33527907729148865,0.004450857098232292
60.97155970009044,9784.355969654,odom,navigating,,0.023002528010195835,-0.01749639586295189,-0.18651473917475014,1.2142560495542118,-3.1205458876039596,0.4196822121635635,0.1752367619558295,0.9989467859268188,-0.22802852574731214,0.22802852574731214,0.1345306029998028,pixhawk_fused,True,0.8,0.2,gyro,-1.0,0.0025816464331001043,0.3053998649120331,0.004471140222751285
61.290018500061706,9784.456566428,odom,navigating,,0.022715867182240765,-0.01737079015681988,-0.11238672205158351,1.2139489023746801,-3.1206059861380724,0.49381022928673013,0.2110262582480449,0.9173934459686279,-0.1443173006250988,0.1443173006250988,0.044391377001375076,pixhawk_fused,True,0.8,0.2,gyro,-1.0,-0.00976418238133192,0.3849985897541046,0.004415136055309841
61.29009860008955,9784.575376913,odom,navigating,,0.02192575929089944,-0.017048488167110208,-0.07465144723995998,1.2131159450100126,-3.1207912726221365,0.5315455040983537,0.2279787638982238,0.874466061592102,-0.10138701612497672,0.10138701612497672,0.054121646000567125,pixhawk_fused,True,0.8,0.2,gyro,-1.0,0.0,0.0,0.004240955126560638
61.290145600098185,9784.675451162,odom,navigating,,0.02196736848074481,-0.01706493574377244,-0.07159663701024255,1.2131595112484093,-3.12078108290528,0.5346003143280711,0.2286501485031645,0.8723781108856201,-0.09773655645172104,0.09773655645172104,0.042788931999893975,pixhawk_fused,True,0.8,0.2,gyro,-1.0,0.0,0.0,0.004250563944440651
61.6107499001082,9784.776466186,odom,navigating,,0.02196736848074481,-0.01706493574377244,-0.07159663701024255,1.2131595112484093,-3.12078108290528,0.5346003143280711,0.2286501485031645,0.8723781108856201,-0.09773655645172104,0.09773655645172104,0.1430478980000771,pixhawk_fused,True,0.8,0.2,gyro,-1.0,0.0,0.0,0.004250563944440651
61.61083610006608,9784.876725134,odom,navigating,,0.02192575929089944,-0.017048488167110208,-0.07184578788307716,1.2131159450100126,-3.1207912726221365,0.5343511634552365,0.2306643228948985,0.8720502257347107,-0.0985513412514235,0.0985513412514235,0.016871723000804195,pixhawk_fused,True,0.8,0.2,gyro,-1.0,-5.745001772083924e-07,0.06391730159521103,0.004240955126560638
61.610878200037405,9784.996133032,odom,navigating,,0.021925930191318273,-0.017048606647765002,-0.07130422981755546,1.2131161529634178,-3.1207912726221365,0.5348927215207582,0.23337275136198743,0.8720502257347107,-0.0985513412514235,0.0985513412514235,0.13612743900011992,pixhawk_fused,True,0.8,0.2,gyro,-1.0,-0.0025630006566643715,0.03368823230266571,0.004240952358083585
61.947863900102675,9785.115541022,odom,navigating,,0.02196757241160902,-0.017064824083681002,-0.06979380034641403,1.2131596152251118,-3.120780874951875,0.5364031509918996,0.23404413710775204,0.8699681758880615,-0.09683120936243786,0.09683120936243786,0.1091978989989002,pixhawk_fused,True,0.8,0.2,gyro,-1.0,0.0,0.0,0.00425077049517815
61.94796470005531,9785.215909469,odom,navigating,,0.02221806480820031,-0.017160294393769412,-0.06464577020154172,1.2134198689117632,-3.120716617349657,0.5415511811367719,0.25291927528733393,0.8684149384498596,-0.09511441268115295,0.09511441268115295,0.09436904200083518,pixhawk_fused,True,0.8,0.2,gyro,-1.0,0.00762820802628994,0.36764055490493774,0.004311557653723835
61.94802090001758,9785.335894708,odom,navigating,,0.02209109454919929,-0.017119334749614874,-0.04267989183469123,1.213292185520949,-3.120755296683031,0.5635170595036224,0.29967218935478346,0.8495683670043945,-0.07934513955372376,0.07934513955372376,0.10744275499928335,pixhawk_fused,True,0.8,0.2,gyro,-1.0,-0.010254045017063618,0.4043392837047577,0.00427458159309813
62.29217310005333,9785.454754824,odom,navigating,,0.02161916720334862,-0.016972071581953695,0.016271055213769037,1.2128204432211742,-3.1209031515541525,0.6224680065520827,0.3395586653811751,0.7909961938858032,-0.015628181239543376,0.015628181239543376,0.03476105299887422,pixhawk_fused,True,0.8,0.2,gyro,-1.0,0.005145479924976826,0.33812186121940613,0.004133020115355322
62.29228580009658,9785.555487393,odom,navigating,,0.021359391706263775,-0.016903313770642026,0.04976314554810424,1.2125677798338141,-3.120994651052456,0.6559600968864179,0.3503847889976397,0.7557509541511536,0.023529546598019188,-0.023529546598019188,0.02825128800031962,pixhawk_fused,True,0.8,0.2,gyro,-1.0,0.0,0.0,0.0040448924255279475
62.29233760002535,9785.676335965,odom,navigating,,0.021402595709128794,-0.016914540991593178,0.05041540032625935,1.2126096824449688,-3.1209792625004686,0.656612351664573,0.34971338286410364,0.7554547190666199,0.024512588894041364,-0.024512588894041364,0.03439328300009947,pixhawk_fused,True,0.8,0.2,gyro,-1.0,0.0,0.0,0.004059721765626943
62.628090300015174,,mission_status,reached,reached waypoint 4/4,0.021402595709128794,-0.016914540991593178,0.05041540032625935,,,,,,,,,,,,,,,,,
62.628158100065775,9785.796327575,odom,reached,,0.021402595709128794,-0.016914540991593178,0.05041540032625935,1.2126096824449688,-3.1209792625004686,0.656612351664573,0.34971338286410364,0.7554547190666199,0.024512588894041364,-0.024512588894041364,0.15475736599910306,pixhawk_fused,True,0.8,0.2,gyro,-1.0,0.0,0.0,0.004059721765626943
62.62823320005555,9785.898969769,odom,reached,,0.021402595709128794,-0.016914540991593178,0.04961070020365066,1.2126096824449688,-3.1209792625004686,0.6558076515419643,0.34971338286410364,0.7555597424507141,0.02350679278192121,-0.02350679278192121,0.03522913500091818,pixhawk_fused,True,0.8,0.2,gyro,-1.0,0.0,0.0,0.004059721765626943
62.62827810004819,,mission_status,done,mission complete,0.021402595709128794,-0.016914540991593178,0.04961070020365066,,,,,,,,,,,,,,,,,
62.6282975000795,9786.016181569,odom,done,,0.021402595709128794,-0.016914540991593178,0.04961070020365066,1.2126096824449688,-3.1209792625004686,0.6558076515419643,0.34971338286410364,0.7555597424507141,0.02350679278192121,-0.02350679278192121,0.15266211600101087,pixhawk_fused,True,0.8,0.2,gyro,-1.0,0.0,0.0,0.004059721765626943
63.65050540002994,9786.135144053,odom,done,,0.021402595709128794,-0.016914540991593178,0.049435253930515954,1.2126096824449688,-3.1209792625004686,0.6556322052688296,0.34971338286410364,0.7557043433189392,0.023287501594098394,-0.023287501594098394,0.011844221999126603,pixhawk_fused,True,0.8,0.2,gyro,-1.0,0.0,0.0,0.004059721765626943
63.65060980000999,9786.235306377,odom,done,,0.021402595709128794,-0.016914540991593178,0.049435253930515954,1.2126096824449688,-3.1209792625004686,0.6556322052688296,0.34971338286410364,0.7557043433189392,0.023287501594098394,-0.023287501594098394,0.11210782099988137,pixhawk_fused,True,0.8,0.2,gyro,-1.0,0.0,0.0,0.004059721765626943
63.65067410003394,9786.356311966,odom,done,,0.021402595709128794,-0.016914540991593178,0.0493684770229581,1.2126096824449688,-3.1209792625004686,0.6555654283612717,0.34971338286410364,0.7557679414749146,0.023204036744358128,-0.023204036744358128,0.11659194499952719,pixhawk_fused,True,0.8,0.2,gyro,-1.0,0.0,0.0,0.004059721765626943
63.65071810001973,9786.475408079,odom,done,,0.021402595709128794,-0.016914540991593178,0.04924183801491777,1.2126096824449688,-3.1209792625004686,0.6554387893532314,0.34971338286410364,0.7559196352958679,0.02304574982174683,-0.02304574982174683,0.04635759499979031,pixhawk_fused,True,0.8,0.2,gyro,-1.0,0.0,0.0,0.004059721765626943
63.65075740008615,9786.595455727,odom,done,,0.021402595709128794,-0.016914540991593178,0.04924183801491777,1.2126096824449688,-3.1209792625004686,0.6554387893532314,0.34971338286410364,0.7559196352958679,0.02304574982174683,-0.02304574982174683,0.1670052110002871,pixhawk_fused,True,0.8,0.2,gyro,-1.0,0.0,0.0,0.004059721765626943
63.65079530002549,9786.695821194,odom,done,,0.021402595709128794,-0.016914540991593178,0.04918586733023311,1.2126096824449688,-3.1209792625004686,0.6553828186685468,0.34971338286410364,0.7559682726860046,0.02297579166390944,-0.02297579166390944,0.08926141400115739,pixhawk_fused,True,0.8,0.2,gyro,-1.0,0.0,0.0,0.004059721765626943
63.650851800106466,9786.815636402,odom,done,,0.021402595709128794,-0.016914540991593178,0.04911402046362978,1.2126096824449688,-3.1209792625004686,0.6553109718019434,0.34971338286410364,0.7560439109802246,0.02288598972284246,-0.02288598972284246,0.10272945299948333,pixhawk_fused,True,0.8,0.2,gyro,-1.0,0.0,0.0,0.004059721765626943
63.650892800069414,9786.915935038,odom,done,,0.021402595709128794,-0.016914540991593178,0.049004706624441896,1.2126096824449688,-3.1209792625004686,0.6552016579627555,0.34971338286410364,0.7561522722244263,0.022749357464769963,-0.022749357464769963,0.006872813000882161,pixhawk_fused,True,0.8,0.2,gyro,-1.0,0.0,0.0,0.004059721765626943
63.650932600023225,9787.035471586,odom,done,,0.021402595709128794,-0.016914540991593178,0.048927210773593854,1.2126096824449688,-3.1209792625004686,0.6551241621119075,0.34971338286410364,0.7562095522880554,0.022652494722092634,-0.022652494722092634,0.01257050300046103,pixhawk_fused,True,0.8,0.2,gyro,-1.0,0.0,0.0,0.004059721765626943
