local_t,bridge_t,event_type,mission_state,event_message,x_m,y_m,yaw_rad,raw_x_m,raw_y_m,raw_yaw_rad,encoder_yaw_rad,pixhawk_yaw_rad,pixhawk_yaw_ros_rad,pixhawk_gyro_yaw_rad,pixhawk_age_s,yaw_source,use_pixhawk_yaw,pixhawk_weight,encoder_weight,pixhawk_yaw_mode,pixhawk_yaw_sign,linear_x_mps,angular_z_radps,nearest_path_error_m
1.0336649999953806,9338.937189708,odom,idle,,0.007556723984083705,0.08443038333037385,-0.019136477026139187,1.1913793033977498,-3.0517112309372276,0.9425653369376669,0.6969260053352931,0.7334457635879517,-0.02835974971062425,0.02835974971062425,0.16226052100137167,pixhawk_fused,True,0.8,0.2,gyro,-1.0,0.0,0.0,0.055270961407570346
1.0337966999504715,9339.058069419,odom,idle,,0.007556723984083705,0.08443038333037385,-0.019176297573333834,1.1913793033977498,-3.0517112309372276,0.9425255163904722,0.6969260053352931,0.7334589958190918,-0.028409465427016053,0.028409465427016053,0.08662228399953165,pixhawk_fused,True,0.8,0.2,gyro,-1.0,0.0,0.0,0.055270961407570346
1.0338484999956563,9339.17744698,odom,idle,,0.007556723984083705,0.08443038333037385,-0.019181525235778096,1.1913793033977498,-3.0517112309372276,0.942520288728028,0.6969260053352931,0.7334466576576233,-0.028415992135618958,0.028415992135618958,0.09123831099896051,pixhawk_fused,True,0.8,0.2,gyro,-1.0,0.0,0.0,0.055270961407570346
1.0338931999867782,9339.297497372,odom,idle,,0.007556723984083705,0.08443038333037385,-0.01918308204667052,1.1913793033977498,-3.0517112309372276,0.9425187319171355,0.6969260053352931,0.7334354519844055,-0.02841793580583218,0.02841793580583218,0.033410568999897805,pixhawk_fused,True,0.8,0.2,gyro,-1.0,0.0,0.0,0.055270961407570346
1.0339346999535337,9339.399377152,odom,idle,,0.007556723984083705,0.08443038333037385,-0.01920975770835165,1.1913793033977498,-3.0517112309372276,0.9424920562554544,0.6969260053352931,0.7334555983543396,-0.028451240239170526,0.028451240239170526,0.007598238000355195,pixhawk_fused,True,0.8,0.2,gyro,-1.0,0.0,0.0,0.055270961407570346
1.0339773000450805,9339.517239398,odom,idle,,0.007556723984083705,0.08443038333037385,-0.019236137924457664,1.1913793033977498,-3.0517112309372276,0.9424656760393484,0.6969260053352931,0.7334715723991394,-0.028484175828722452,0.028484175828722452,0.06716784800119058,pixhawk_fused,True,0.8,0.2,gyro,-1.0,0.0,0.0,0.055270961407570346
1.0340168999973685,9339.618173006,odom,idle,,0.007556723984083705,0.08443038333037385,-0.01924278304469884,1.1913793033977498,-3.0517112309372276,0.9424590309191072,0.6969260053352931,0.7334787845611572,-0.02849247223648164,0.02849247223648164,0.05224828899918066,pixhawk_fused,True,0.8,0.2,gyro,-1.0,0.0,0.0,0.055270961407570346
1.0340600999770686,9339.737468054,odom,idle,,0.007556723984083705,0.08443038333037385,-0.019261589363212095,1.1913793033977498,-3.0517112309372276,0.942440224600594,0.6969260053352931,0.7334643006324768,-0.028515951861133013,0.028515951861133013,0.05528701799994451,pixhawk_fused,True,0.8,0.2,gyro,-1.0,0.0,0.0,0.055270961407570346
1.0340985000366345,9339.85804891,odom,idle,,0.007556723984083705,0.08443038333037385,-0.019309807041440696,1.1913793033977498,-3.0517112309372276,0.9423920069223654,0.6969260053352931,0.7335180640220642,-0.02857615151113752,0.02857615151113752,0.07280722699942999,pixhawk_fused,True,0.8,0.2,gyro,-1.0,0.0,0.0,0.055270961407570346
1.0341355999698862,9339.958253988,odom,idle,,0.007556723984083705,0.08443038333037385,-0.019309807041440696,1.1913793033977498,-3.0517112309372276,0.9423920069223654,0.6969260053352931,0.7335180640220642,-0.02857615151113752,0.02857615151113752,0.17308326499914983,pixhawk_fused,True,0.8,0.2,gyro,-1.0,0.0,0.0,0.055270961407570346
1.9538662999402732,9340.077255676,odom,idle,,0.0,0.0,-1.761606186645448e-05,1.1913793033977498,-3.0517112309372276,0.9423743908604989,0.6969260053352931,0.7335231900215149,-0.028598171588470375,0.028598171588470375,0.09564912399946479,pixhawk_fused,True,0.8,0.2,gyro,-1.0,0.0,0.0,0.0
1.9539719000458717,9340.197558896,odom,idle,,0.0,0.0,-3.079248815862634e-05,1.1913793033977498,-3.0517112309372276,0.9423612144342067,0.6969260053352931,0.7335084080696106,-0.02861464212133471,0.02861464212133471,0.034835521000786684,pixhawk_fused,True,0.8,0.2,gyro,-1.0,0.0,0.0,0.0
1.9540162000339478,9340.298094337,odom,idle,,0.0,0.0,-5.237220079157279e-05,1.1913793033977498,-3.0517112309372276,0.9423396347215738,0.6969260053352931,0.7335180044174194,-0.028641616762121357,0.028641616762121357,0.025454825999986497,pixhawk_fused,True,0.8,0.2,gyro,-1.0,0.0,0.0,0.0
1.9540569999953732,9340.416601436,odom,idle,,0.0,0.0,-5.237220079157279e-05,1.1913793033977498,-3.0517112309372276,0.9423396347215738,0.6969260053352931,0.7335180044174194,-0.028641616762121357,0.028641616762121357,0.14480826600083674,pixhawk_fused,True,0.8,0.2,gyro,-1.0,0.0,0.0,0.0
1.9540900000138208,9340.5175604,odom,idle,,0.0,0.0,-0.00012026744937376765,1.1913793033977498,-3.0517112309372276,0.9422717394729916,0.6969260053352931,0.733545184135437,-0.028726485822786724,0.028726485822786724,0.05392540000138979,pixhawk_fused,True,0.8,0.2,gyro,-1.0,0.0,0.0,0.0
1.9541245000436902,9340.638071189,odom,idle,,0.0,0.0,-0.00016382840513018415,1.1913793033977498,-3.0517112309372276,0.9422281785172352,0.6969260053352931,0.7335767149925232,-0.028780937017378543,0.028780937017378543,0.06710222299989255,pixhawk_fused,True,0.8,0.2,gyro,-1.0,0.0,0.0,0.0
1.9541689000325277,9340.758684234,odom,idle,,0.0,0.0,-0.00020709005174968098,1.1913793033977498,-3.0517112309372276,0.9421849168706157,0.6969260053352931,0.7336148023605347,-0.02883501407547775,0.02883501407547775,0.0728729509992263,pixhawk_fused,True,0.8,0.2,gyro,-1.0,0.0,0.0,0.0
1.9542028999421746,9340.877034764,odom,idle,,0.0,0.0,-0.00023301341424186717,1.1913793033977498,-3.0517112309372276,0.9421589935081235,0.6969260053352931,0.7336327433586121,-0.028867418278445633,0.028867418278445633,0.014609866999307997,pixhawk_fused,True,0.8,0.2,gyro,-1.0,0.0,0.0,0.0
3.192137400037609,9340.985384343,odom,idle,,0.0,0.0,-0.0002576846411210809,1.1913793033977498,-3.0517112309372276,0.9421343222812443,0.6969260053352931,0.7336443662643433,-0.028898257311870488,0.028898257311870488,0.07352726200042525,pixhawk_fused,True,0.8,0.2,gyro,-1.0,0.0,0.0,0.0
3.1922191999619827,9341.120713733,odom,idle,,0.0,0.0,-0.0002906272508425012,1.1913793033977498,-3.0517112309372276,0.9421013796715229,0.6969260053352931,0.733674943447113,-0.028939435573731694,0.028939435573731694,0.06286029500006407,pixhawk_fused,True,0.8,0.2,gyro,-1.0,0.0,0.0,0.0
3.192248099949211,9341.236902212,odom,idle,,0.0,0.0,-0.00035677265815792225,1.1913793033977498,-3.0517112309372276,0.9420352342642074,0.6969260053352931,0.7337177395820618,-0.029022117332060966,0.029022117332060966,0.06333652299872483,pixhawk_fused,True,0.8,0.2,gyro,-1.0,0.0,0.0,0.0
3.1922723000170663,9341.337137631,odom,idle,,0.0,0.0,-0.0003796003090547062,1.1913793033977498,-3.0517112309372276,0.9420124066133106,0.6969260053352931,0.7337167263031006,-0.029050651895319256,0.029050651895319256,0.05664230799993675,pixhawk_fused,True,0.8,0.2,gyro,-1.0,0.0,0.0,0.0
3.1922958999639377,9341.457600668,odom,idle,,0.0,0.0,-0.0003796003090547062,1.1913793033977498,-3.0517112309372276,0.9420124066133106,0.6969260053352931,0.7337167263031006,-0.029050651895319256,0.029050651895319256,0.17681729899959464,pixhawk_fused,True,0.8,0.2,gyro,-1.0,0.0,0.0,0.0
3.192317000008188,9341.557917584,odom,idle,,0.0,0.0,-0.00040580293894032504,1.1913793033977498,-3.0517112309372276,0.941986203983425,0.6969260053352931,0.7337120771408081,-0.029083405182202492,0.029083405182202492,0.0864984279996861,pixhawk_fused,True,0.8,0.2,gyro,-1.0,0.0,0.0,0.0
3.192340699955821,9341.658870718,odom,idle,,0.0,0.0,-0.0004446068850803009,1.1913793033977498,-3.0517112309372276,0.941947400037285,0.6969260053352931,0.7337371110916138,-0.029131910114054714,0.029131910114054714,0.07577042799857736,pixhawk_fused,True,0.8,0.2,gyro,-1.0,0.0,0.0,0.0
3.192368699936196,9341.777086221,odom,idle,,0.0,0.0,-0.00046792329050393544,1.1913793033977498,-3.0517112309372276,0.9419240836318614,0.6969260053352931,0.7337544560432434,-0.02916105562026534,0.02916105562026534,0.014686772001368809,pixhawk_fused,True,0.8,0.2,gyro,-1.0,0.0,0.0,0.0
3.1924058999866247,9341.897901042,odom,idle,,0.0,0.0,-0.0004827961398066183,1.1913793033977498,-3.0517112309372276,0.9419092107825587,0.6969260053352931,0.7337426543235779,-0.029179646681499815,0.029179646681499815,0.027107529998829705,pixhawk_fused,True,0.8,0.2,gyro,-1.0,0.0,0.0,0.0
3.1924262000247836,9341.998277715,odom,idle,,0.0,0.0,-0.0005112426047061414,1.1913793033977498,-3.0517112309372276,0.9418807643176592,0.6969260053352931,0.7337526679039001,-0.029215204761800503,0.029215204761800503,0.08276990899867087,pixhawk_fused,True,0.8,0.2,gyro,-1.0,0.0,0.0,0.0
3.192445799941197,9342.11674795,odom,idle,,0.0,0.0,-0.0005300845274681665,1.1913793033977498,-3.0517112309372276,0.9418619223948972,0.6969260053352931,0.7337626814842224,-0.029238757164654468,0.029238757164654468,0.050605035001353826,pixhawk_fused,True,0.8,0.2,gyro,-1.0,0.0,0.0,0.0
4.293387399986386,9342.217124997,odom,idle,,0.0,0.0,-4.8734024170715706e-05,1.1913793033977498,-3.0517112309372276,0.9418131883707265,0.6969260053352931,0.7337847352027893,-0.029299674694863293,0.029299674694863293,0.042368283999167033,pixhawk_fused,True,0.8,0.2,gyro,-1.0,0.0,0.0,0.0
4.293486800044775,9342.318201835,odom,idle,,0.0,0.0,-8.312351854444788e-05,1.1913793033977498,-3.0517112309372276,0.9417787988763527,0.6969260053352931,0.7338043451309204,-0.02934266156281266,0.02934266156281266,0.029390785000941833,pixhawk_fused,True,0.8,0.2,gyro,-1.0,0.0,0.0,0.0
4.293533000047319,9342.437189687,odom,idle,,0.0,0.0,-8.312351854444788e-05,1.1913793033977498,-3.0517112309372276,0.9417787988763527,0.6969260053352931,0.7338043451309204,-0.02934266156281266,0.02934266156281266,0.14868696000121417,pixhawk_fused,True,0.8,0.2,gyro,-1.0,0.0,0.0,0.0
4.293568599969149,9342.537211691,odom,idle,,0.0,0.0,-0.00013069532818621443,1.1913793033977498,-3.0517112309372276,0.941731227066711,0.6969260053352931,0.733827531337738,-0.02940212632479999,0.02940212632479999,0.055534035000164295,pixhawk_fused,True,0.8,0.2,gyro,-1.0,0.0,0.0,0.0
4.293606300023384,9342.659401711,odom,idle,,0.0,0.0,-0.00013069532818621443,1.1913793033977498,-3.0517112309372276,0.941731227066711,0.6969260053352931,0.733827531337738,-0.02940212632479999,0.02940212632479999,0.1771033900004113,pixhawk_fused,True,0.8,0.2,gyro,-1.0,0.0,0.0,0.0
4.2936416999436915,9342.760045842,odom,idle,,0.0,0.0,-0.0001502262056933823,1.1913793033977498,-3.0517112309372276,0.9417116961892038,0.6969260053352931,0.7338253259658813,-0.0294265399216387,0.0294265399216387,0.09719354500157351,pixhawk_fused,True,0.8,0.2,gyro,-1.0,0.0,0.0,0.0
4.2936758999712765,9342.876945395,odom,idle,,0.0,0.0,-0.0001807003470118973,1.1913793033977498,-3.0517112309372276,0.9416812220478853,0.6969260053352931,0.7338484525680542,-0.02946463259818885,0.02946463259818885,0.11115456599873141,pixhawk_fused,True,0.8,0.2,gyro,-1.0,0.0,0.0,0.0
4.293715800042264,9342.996809346,odom,idle,,0.0,0.0,-0.0002114858786737006,1.1913793033977498,-3.0517112309372276,0.9416504365162235,0.6969260053352931,0.7338520884513855,-0.02950311451262716,0.02950311451262716,0.034572106998894014,pixhawk_fused,True,0.8,0.2,gyro,-1.0,0.0,0.0,0.0
4.293747999938205,9343.098232561,odom,idle,,0.0,0.0,-0.000262137909796456,1.1913793033977498,-3.0517112309372276,0.9415997844851007,0.6969260053352931,0.7338770627975464,-0.02956642955119643,0.02956642955119643,0.023076744000718463,pixhawk_fused,True,0.8,0.2,gyro,-1.0,0.0,0.0,0.0
4.293780599953607,9343.217036386,odom,idle,,0.0,0.0,-0.0002777850724005049,1.1913793033977498,-3.0517112309372276,0.9415841373224967,0.6969260053352931,0.7338790893554688,-0.029585988504317734,0.029585988504317734,0.03385237399925245,pixhawk_fused,True,0.8,0.2,gyro,-1.0,0.0,0.0,0.0
4.612498500035144,,mission_status,navigating,going to waypoint 1/4,0.0,0.0,-0.0002777850724005049,,,,,,,,,,,,,,,,,
4.612551599973813,9343.317427715,odom,navigating,,0.0,0.0,-0.0002777850724005049,1.1913793033977498,-3.0517112309372276,0.9415841373224967,0.6969260053352931,0.7338790893554688,-0.029585988504317734,0.029585988504317734,0.13423968499955663,pixhawk_fused,True,0.8,0.2,gyro,-1.0,0.0,0.0,0.0
4.612603700021282,9343.436625454,odom,navigating,,0.0,0.0,-0.00030801289768933593,1.1913793033977498,-3.0517112309372276,0.9415539094972079,0.6969260053352931,0.7338919043540955,-0.029623773285624717,0.029623773285624717,0.05306571399887616,pixhawk_fused,True,0.8,0.2,gyro,-1.0,0.0,0.0,0.0
4.612633100012317,9343.53750247,odom,navigating,,0.0,0.0,-0.0003589204802657564,1.1913793033977498,-3.0517112309372276,0.9415030019146314,0.6969260053352931,0.7338892221450806,-0.02968740776318047,0.02968740776318047,0.053161322000960354,pixhawk_fused,True,0.8,0.2,gyro,-1.0,0.0,0.0,0.0
4.972177100018598,9343.658123307,odom,navigating,,0.0,0.0,-0.0003589204802657564,1.1913793033977498,-3.0517112309372276,0.9415030019146314,0.6969260053352931,0.7338892221450806,-0.02968740776318047,0.02968740776318047,0.1732429370003956,pixhawk_fused,True,0.8,0.2,gyro,-1.0,0.0,0.0,0.0
4.972273799940012,9343.776984706,odom,navigating,,0.0,0.0,-0.0004721716407055654,1.1913793033977498,-3.0517112309372276,0.9413897507541916,0.6969260053352931,0.7339878082275391,-0.029828971711424325,0.029828971711424325,0.007985725000253296,pixhawk_fused,True,0.8,0.2,gyro,-1.0,0.0,0.0,0.0
4.972342599998228,9343.897543675,odom,navigating,,0.0,0.0,-0.0004721716407055654,1.1913793033977498,-3.0517112309372276,0.9413897507541916,0.6969260053352931,0.7339878082275391,-0.029828971711424325,0.029828971711424325,0.1278939210005774,pixhawk_fused,True,0.8,0.2,gyro,-1.0,0.0,0.0,0.0
5.313828099984676,9344.017987889,odom,navigating,,0.0,0.0,-0.0005103927624051652,1.1913793033977498,-3.0517112309372276,0.941351529632492,0.6969260053352931,0.734007716178894,-0.029876748112467263,0.029876748112467263,0.053450200999577646,pixhawk_fused,True,0.8,0.2,gyro,-1.0,0.0,0.0,0.0
5.313939000014216,9344.13638747,odom,navigating,,0.0006096407152928211,-0.00015117790074584752,0.0013561417900029848,1.191860195647355,-3.0513071774708567,0.9432180641849002,0.7063940538655956,0.7340009212493896,-0.029910571208660638,0.029910571208660638,0.05527376700047171,pixhawk_fused,True,0.8,0.2,gyro,-1.0,0.025722254067659378,0.3380948007106781,0.0005333485909570478
5.313993499963544,9344.237319544,odom,navigating,,0.0017895489604040414,-0.00042521619643144356,0.005007225164330276,1.192775918467306,-3.0505142511366965,0.9468691475592275,0.7246512193300083,0.7340009212493896,-0.029910571208660638,0.029910571208660638,0.15557791799983534,pixhawk_fused,True,0.8,0.2,gyro,-1.0,0.015318488702178001,0.20134711265563965,0.0015522963898889303
5.635636799968779,9344.337646565,odom,navigating,,0.0035903286593227768,-0.0008018881442362162,0.01439156266641417,1.1941398848522402,-3.0492796317698185,0.9562534850613114,0.7523764238810388,0.7276654839515686,-0.02510920473045591,0.02510920473045591,0.07608709300075134,pixhawk_fused,True,0.8,0.2,gyro,-1.0,0.025532081723213196,0.33559519052505493,0.003077613918523126
5.635745399980806,9344.439178192,odom,navigating,,0.006564515240177827,-0.0013164045300990317,0.038913317356312316,1.1963056155910567,-3.0471772228428957,0.9807752397512095,0.7978666689736967,0.7071343660354614,-0.005822955152456795,0.005822955152456795,0.07387487300002249,pixhawk_fused,True,0.8,0.2,gyro,-1.0,0.035427432507276535,0.4656602442264557,0.005519693562850135
5.63580099993851,9344.557462282,odom,navigating,,0.010651235249836098,-0.0018016645701677955,0.11638283488530066,1.1991021729846527,-3.0441579473522933,1.0582447572801978,0.8598974328709916,0.6313661336898804,0.07550087938600297,-0.07550087938600297,0.06589996200091264,pixhawk_fused,True,0.8,0.2,gyro,-1.0,0.04091222956776619,0.5377527475357056,0.00871628858212396
5.9734774000244215,9344.657527756,odom,navigating,,0.01441724678047894,-0.0020249453628314257,0.12773320643092312,1.2014982121197668,-3.04124389628474,1.0695951288258203,0.9167555211102563,0.6313661336898804,0.07550087938600297,-0.07550087938600297,0.16609191300085513,pixhawk_fused,True,0.8,0.2,gyro,-1.0,0.046288490295410156,0.6084186434745789,0.011501488653897449
5.973589999950491,9344.777270999,odom,navigating,,0.01948910536827241,-0.00199051722885513,0.18211059235253213,1.2044540618217725,-3.0371222597929886,1.1239725147474293,0.9932097130470742,0.5819784998893738,0.1243866765885901,-0.1243866765885901,0.10815193799862755,pixhawk_fused,True,0.8,0.2,gyro,-1.0,0.051856689155101776,0.6816073656082153,0.015012148231860346
5.973665299941786,9344.897512781,odom,navigating,,0.024892493508845617,-0.0015280801815497746,0.2911040942314176,1.2072588333748753,-3.0324807397881504,1.2329660166263148,1.0749547804270112,0.464817076921463,0.24015981862836594,-0.24015981862836594,0.11426956099967356,pixhawk_fused,True,0.8,0.2,gyro,-1.0,0.05645068734884262,0.7419911623001099,0.018447009376077066
6.294353900011629,9344.998942801,odom,navigating,,0.0292348049918982,-0.0008291077264301252,0.4094287239648522,1.2092481156493502,-3.0285581147052083,1.3512906463597494,1.1412466378694386,0.3351766765117645,0.37146864894920106,-0.37146864894920106,0.02469268900131283,pixhawk_fused,True,0.8,0.2,gyro,-1.0,0.04850614070892334,0.6375675797462463,0.020972644796344777
6.294454899965785,9345.116058338,odom,navigating,,0.034262379555975185,0.00036272508895995176,0.47452236611583665,1.2112419728987402,-3.0237914067504192,1.4163842885107338,1.2204741583668428,0.2730843126773834,0.4330317649036002,-0.4330317649036002,0.0296907400006603,pixhawk_fused,True,0.8,0.2,gyro,-1.0,0.054446782916784286,0.7156516909599304,0.023622552304713898
6.2945172999752685,9345.216901567,odom,navigating,,0.03837171075030671,0.0016580296037768255,0.48775116639305227,1.2126119699324265,-3.019706370057989,1.4296130887879495,1.2867659581728166,0.2730843126773834,0.4330317649036002,-0.4330317649036002,0.1303349200006778,pixhawk_fused,True,0.8,0.2,gyro,-1.0,0.049263857305049896,0.6475270390510559,0.025558205724814424
6.609899600036442,9345.317359735,odom,navigating,,0.04271075001844883,0.003355872719326025,0.5523849906318161,1.21379158562362,-3.015198772046122,1.4942469130267133,1.3569944453817009,0.2091124951839447,0.4962741347938132,-0.4962741347938132,0.05210380700009409,pixhawk_fused,True,0.8,0.2,gyro,-1.0,0.05370797589421272,0.7059407830238342,0.027365348680911457
6.610040099942125,9345.437231627,odom,navigating,,0.047765427264526455,0.00579998856024562,0.6209799345449463,1.2147887222017204,-3.0096734500690365,1.5628418569398435,1.4416274355491818,0.14567962288856506,0.5608847554116797,-0.5608847554116797,0.044331462999252835,pixhawk_fused,True,0.8,0.2,gyro,-1.0,0.05394662171602249,0.7090775370597839,0.02913623451510484
6.610098500037566,9345.53729355,odom,navigating,,0.05198732238343175,0.008269338604924709,0.7215571546331954,1.2152755411233749,-3.0048067165263292,1.6634190770280926,1.515350166383713,0.03771074116230011,0.668137143412168,-0.668137143412168,0.07597960000020976,pixhawk_fused,True,0.8,0.2,gyro,-1.0,0.05394931510090828,0.7091129422187805,0.030308535078245182
6.935272000031546,9345.637533226,odom,navigating,,0.05626801266224072,0.01122840467567325,0.7594533327950499,1.2154009370267314,-2.9996043461875734,1.701315255189947,1.595142252102373,0.009157308377325535,0.6956281741052223,-0.6956281741052223,0.0742829549999442,pixhawk_fused,True,0.8,0.2,gyro,-1.0,0.05649499595165253,0.8101013898849487,0.031170682047067043
6.93537630001083,9345.757167571,odom,navigating,,0.06139556419930356,0.01550559457216737,0.8963364160772884,1.2149586201337972,-2.9929417270372594,1.8381983384721856,1.695812030441706,-0.13700833916664124,0.84150237409168,-0.84150237409168,0.07463270199878025,pixhawk_fused,True,0.8,0.2,gyro,-1.0,0.0639253556728363,0.840238630771637,0.03167801181066637
6.9354141999501735,9345.857474966,odom,navigating,,0.06598890877585689,0.02017245121178208,0.9159254759648197,1.2138869322599202,-2.9864818624570493,1.8577873983597168,1.794525084062247,-0.13700833916664124,0.84150237409168,-0.84150237409168,0.17471858699900622,pixhawk_fused,True,0.8,0.2,gyro,-1.0,0.08693849295377731,1.142724633216858,0.031533572589770596
7.273828199948184,9345.95757711,odom,navigating,,0.07094705932481611,0.02643087070761767,1.0989447385333446,1.211742828675248,-2.9787907057644447,2.040806660928242,1.9149168112008559,-0.3355419337749481,1.0400103470473838,-1.0400103470473838,0.05057906299953174,pixhawk_fused,True,0.8,0.2,gyro,-1.0,0.09463305026292801,1.2438623905181885,0.030502237316626036
7.27396330004558,9346.077406226,odom,navigating,,0.07672463382944816,0.036395496908110204,1.205818641430795,1.2070837366076677,-2.9682566180688763,2.147680563825692,2.088699207575529,-0.42811083793640137,1.1303422301202368,-1.1303422301202368,0.09589784299896564,pixhawk_fused,True,0.8,0.2,gyro,-1.0,0.12347299605607986,1.6229362487792969,0.027384653286703677
7.274029799969867,9346.197115534,odom,navigating,,0.0806011917631249,0.04686150154402778,1.3492631542173226,1.20090086596323,-2.9589648440161804,2.2911250766122198,2.254386790953571,-0.5668464303016663,1.2683271749406408,-1.2683271749406408,0.03489710200119589,pixhawk_fused,True,0.8,0.2,gyro,-1.0,0.08983031660318375,1.1807349920272827,0.022582464282088294
7.614432199974544,9346.29780031,odom,navigating,,0.08218698121201158,0.054092335002954434,1.5767038502544297,1.1959865110907242,-2.9534287084620225,2.518565772649327,2.360576452101725,-0.8195858597755432,1.525754115143354,-1.525754115143354,0.02453469700049027,pixhawk_fused,True,0.8,0.2,gyro,-1.0,0.0667077973484993,0.8093641400337219,0.018503178998143074
7.614542499999516,9346.417925105,odom,navigating,,0.08273309976961538,0.058230786235750925,1.5873426701276991,1.19296120495137,-2.950552504914222,2.5292045925225963,2.4140089686595005,-0.8195858597755432,1.525754115143354,-1.525754115143354,0.14486728200063226,pixhawk_fused,True,0.8,0.2,gyro,-1.0,0.01801278255879879,0.23676106333732605,0.01591649383300293
7.614597899955697,9346.539341264,odom,navigating,,0.08277835457062273,0.05867902123001277,1.6389471769860111,1.192625360201916,-2.950252220197063,2.5808090993809083,2.407222535452826,-0.9019474983215332,1.5918852682500435,-1.5918852682500435,0.07305196299967065,pixhawk_fused,True,0.8,0.2,gyro,-1.0,0.0,0.0,0.015626644699133278
7.953824699972756,9346.657245359,odom,navigating,,0.08286214088724772,0.05943661995259734,1.6358280280317756,1.1920620144271352,-2.9497387832395385,2.577689950426673,2.395736530107266,-0.8927792310714722,1.5908534051566674,-1.5908534051566674,0.08540002199879382,pixhawk_fused,True,0.8,0.2,gyro,-1.0,0.010228564962744713,-0.13444486260414124,0.01514183361589062
7.953907000017352,9346.7574398,odom,navigating,,0.08294885358054536,0.06014954450866527,1.624988657491274,1.1915365161721072,-2.949249260923616,2.566850579886171,2.384910437741586,-0.8808748126029968,1.5800107212453438,-1.5800107212453438,0.070548511999732,pixhawk_fused,True,0.8,0.2,gyro,-1.0,0.0025876190047711134,-0.03401181474328041,0.014691094697109358
7.953939500031993,9346.877290901,odom,navigating,,0.08298359914052025,0.060417451485996615,1.6155970625083076,1.1913403121342683,-2.9490635585327416,2.557458984903205,2.3808401949675413,-0.8710343837738037,1.569291477435763,-1.569291477435763,0.011951276001127553,pixhawk_fused,True,0.8,0.2,gyro,-1.0,0.007778503466397524,-0.10224110633134842,0.014523219117140959
8.316452599945478,9346.997440289,odom,navigating,,0.08326620727751195,0.06236980136591484,1.606683547286356,1.1899277886292117,-2.9476864910832776,2.5485454696812533,2.351112184757435,-0.8668174147605896,1.5655733189783347,-1.5655733189783347,0.088285256000745,pixhawk_fused,True,0.8,0.2,gyro,-1.0,0.030636977404356003,-0.4026942253112793,0.01332033497318023
8.3165571000427,9347.117216504,odom,navigating,,0.08402571712651864,0.06638177292223867,1.5843730895374475,1.187130295445292,-2.944712133528206,2.5262350119323447,2.289577304363483,-0.8500505089759827,1.5530648021600497,-1.5530648021600497,0.054680850998920505,pixhawk_fused,True,0.8,0.2,gyro,-1.0,0.046320900321006775,-0.6088446378707886,0.010973083095897855
8.31660889997147,9347.237599147,odom,navigating,,0.08516733309137993,0.0708186872806717,1.4924989478017214,1.184213956890281,-2.9411787972198633,2.4343608701966186,2.2205236746924695,-0.7515586614608765,1.4554866850874673,-1.4554866850874673,0.06936798000060662,pixhawk_fused,True,0.8,0.2,gyro,-1.0,0.04109397903084755,-0.5401416420936584,0.008587485707664879
8.652775299968198,9347.337997807,odom,navigating,,0.08648283014774753,0.07482110353452927,1.433417063711739,1.1817512686887892,-2.9377604591446156,2.375278986106636,2.1570242715362644,-0.6939380764961243,1.3975087478659403,-1.3975087478659403,0.05613598900163197,pixhawk_fused,True,0.8,0.2,gyro,-1.0,0.04887228459119797,-0.6423801779747009,0.006634636754635055
8.652896899962798,9347.457335709,odom,navigating,,0.08839922821398845,0.0795171823738371,1.4181296355010957,1.179081146965576,-2.933448129380264,2.359991557895993,2.0805777590260335,-0.6939380764961243,1.3975087478659403,-1.3975087478659403,0.1754076150009496,pixhawk_fused,True,0.8,0.2,gyro,-1.0,0.048585690557956696,-0.6386131644248962,0.004603275726743411
8.652948300004937,9347.576745886,odom,navigating,,0.09064750237667829,0.0840140526560382,1.3054303264502178,1.1767673534022323,-2.9289846174903067,2.247292248845115,2.004798820216457,-0.5726553201675415,1.275580947747017,-1.275580947747017,0.10423319599976821,pixhawk_fused,True,0.8,0.2,gyro,-1.0,0.04901440069079399,-0.6442481279373169,0.0029460861244367683
8.992576999939047,9347.677242562,odom,navigating,,0.09298529426829678,0.08795449074348861,1.243829419508517,1.1749561832193407,-2.9247760564751673,2.1856913419034143,1.9357412268433407,-0.5118327140808105,1.2158442069194566,-1.2158442069194566,0.09576037500119128,pixhawk_fused,True,0.8,0.2,gyro,-1.0,0.054116833955049515,-0.711314857006073,0.001750268714087474
8.992657999973744,9347.798330163,odom,navigating,,0.09626555514891855,0.09262067677339414,1.1737667689635347,1.1731125723052327,-2.919378417888896,2.115628691358432,1.8497579706425458,-0.4456627070903778,1.1497613543174516,-1.1497613543174516,0.041641836000053445,pixhawk_fused,True,0.8,0.2,gyro,-1.0,0.05452295392751694,-0.7166528701782227,0.000691023724873959
8.992710900027305,9347.916736782,odom,navigating,,0.10010634254356483,0.09717774590862505,1.0329181498856166,1.1716869477356464,-2.9135916984814303,1.9747800722805138,1.759914192628369,-0.2912916839122772,0.996162945439602,-0.996162945439602,0.0028755870007444173,pixhawk_fused,True,0.8,0.2,gyro,-1.0,0.05703948438167572,-0.7497303485870361,0.00010073357381511395
9.313637500046752,9348.017263438,odom,navigating,,0.10416983805355776,0.10123425974750916,1.0166926163120733,1.170797115114647,-2.907919353446844,1.9585545387069705,1.6787756672099332,-0.2912916839122772,0.996162945439602,-0.996162945439602,0.10325817400007509,pixhawk_fused,True,0.8,0.2,gyro,-1.0,0.06478182226419449,-0.7833730578422546,2.4591210205893055e-05
9.313752899994142,9348.136682744,odom,navigating,,0.11199673499268914,0.10780357290861796,0.9510998379363005,1.1700892417232283,-2.89772547752224,1.8929617603311977,1.596362979635431,-0.22858232259750366,0.9347714106343041,-0.9347714106343041,0.0712421579992224,pixhawk_fused,True,0.8,0.2,gyro,-1.0,0.11318358033895493,-0.540978729724884,0.0007700017593070857
9.313812099979259,9348.237628557,odom,navigating,,0.12262257226971499,0.11554257067905005,0.8264868073326017,1.1700820673307477,-2.88458011891714,1.768348729727499,1.5375173347266464,-0.09096257388591766,0.7937220292589914,-0.7937220292589914,0.06439644999954908,pixhawk_fused,True,0.8,0.2,gyro,-1.0,0.1701735258102417,-0.5964722633361816,0.002627728316688827
9.652193199959584,9348.357094774,odom,navigating,,0.139716472688571,0.12645700897335596,0.7720596634500003,1.1713121117227108,-2.8643362708243543,1.7139215858448975,1.4914625343400165,-0.03307205066084862,0.7372021334669839,-0.7372021334669839,0.06922124700031418,pixhawk_fused,True,0.8,0.2,gyro,-1.0,0.22502845525741577,-0.13444480299949646,0.006717167698215979
9.652277100016363,9348.457541233,odom,navigating,,0.15681477422768084,0.13694403515778938,0.7735447647096476,1.1728903740917394,-2.844340303190608,1.7154066871045448,1.4988898526231014,-0.03307205066084862,0.7372021334669839,-0.7372021334669839,0.1693697169994266,pixhawk_fused,True,0.8,0.2,gyro,-1.0,0.2353505939245224,0.20174749195575714,0.011116138482653016
9.652311800047755,9348.576309808,odom,navigating,,0.1776170412975104,0.15032956432032754,0.7728714205878808,1.1743037294104168,-2.8196439647383427,1.714733342982778,1.5374868184740094,-0.011356895789504051,0.7267224290273439,-0.7267224290273439,0.09525841399954516,pixhawk_fused,True,0.8,0.2,gyro,-1.0,0.24762685596942902,0.47466155886650085,0.01601867456776585
9.97512049996294,9348.676415223,odom,navigating,,0.19440218141493293,0.16211629899845792,0.8070609635752439,1.1746467485523515,-2.7991366396811244,1.7489228859701411,1.5814207853943558,-0.04291907697916031,0.7584818863473187,-0.7584818863473187,0.02084539900170057,pixhawk_fused,True,0.8,0.2,gyro,-1.0,0.237285315990448,0.4746139645576477,0.019267437092934072
9.975228899973445,9348.777385813,odom,navigating,,0.21034904743686472,0.17450493907859527,0.8505750173350619,1.1740098912488204,-2.7789530980758568,1.792436939729959,1.6355169986473799,-0.08266174048185349,0.7993588961563359,-0.7993588961563359,0.012057421999998041,pixhawk_fused,True,0.8,0.2,gyro,-1.0,0.22701404988765717,0.6103402972221375,0.021500300618091675
9.975290899979882,9348.89748486,odom,navigating,,0.22849047345920898,0.1904214839136229,0.9017296633763852,1.171811199895274,-2.754919507126074,1.8435915857712823,1.7003859163832558,-0.13054798543453217,0.8470994603834401,-0.8470994603834401,0.016947031999734463,pixhawk_fused,True,0.8,0.2,gyro,-1.0,0.2246711552143097,0.6040413975715637,0.022733301962486917
10.294969700044021,9348.999869735,odom,navigating,,0.24245461288328854,0.2041255024905915,0.9573912119630004,1.1689442502740062,-2.7355654916542878,1.8992531343578976,1.7396390535980903,-0.18888027966022491,0.9068462546370278,-0.9068462546370278,0.036343685000247206,pixhawk_fused,True,0.8,0.2,gyro,-1.0,0.23232416808605194,0.2348233312368393,0.022640949036740254
10.295077999937348,9349.116294352,odom,navigating,,0.2579584528083582,0.2204675133297957,1.0161988411006342,1.1648498556783404,-2.7134145028820944,1.9580607634955314,1.7680891969396937,-0.2510382831096649,0.9732254822752725,-0.9732254822752725,0.04300717899968731,pixhawk_fused,True,0.8,0.2,gyro,-1.0,0.20585550367832184,0.1353563368320465,0.02173034954155987
10.29515999997966,9349.217099895,odom,navigating,,0.27091034857813806,0.23463080477318385,1.0301344041888867,1.1610160266994338,-2.694608860539912,1.9719963265837839,1.7755468388780578,-0.26613304018974304,0.9887784921280395,-0.9887784921280395,0.034813534999557305,pixhawk_fused,True,0.8,0.2,gyro,-1.0,0.2255367636680603,0.03399966284632683,0.020603102489674705
10.63390180002898,9349.31787968,odom,navigating,,0.28369723772268374,0.2486257105334556,1.0278373532015523,1.1572212929607113,-2.6760357101047814,1.9696992755964495,1.7640532506700601,-0.26613304018974304,0.9887784921280395,-0.9887784921280395,0.13525570199999493,pixhawk_fused,True,0.8,0.2,gyro,-1.0,0.2109963446855545,-0.2029278725385666,0.01948157349148474
10.634007400018163,9349.437385438,odom,navigating,,0.2992257944139979,0.26500833247293176,1.0235013650793316,1.153108598465385,-2.6538408431640836,1.9653632874742288,1.736305043724549,-0.2664952874183655,0.9902933459445189,-0.9902933459445189,0.05444843900113483,pixhawk_fused,True,0.8,0.2,gyro,-1.0,0.21350540220737457,-0.37192294001579285,0.01855908382384312
10.63406249997206,9349.557261517,odom,navigating,,0.3151462885559763,0.280816140695783,0.979618662627979,1.1496913001571636,-2.63166718747072,1.9214805850228762,1.7038344041676112,-0.22278042137622833,0.9435582652851294,-0.9435582652851294,0.07359499000085634,pixhawk_fused,True,0.8,0.2,gyro,-1.0,0.2058294713497162,-0.27054348587989807,0.018321948331331078
10.957197500043549,9349.676470025,odom,navigating,,0.3315949050210001,0.2961206914230591,0.9485914556823434,1.1469916490504068,-2.609362521132059,1.8904533780772406,1.6726836291856941,-0.1918579488992691,0.9125619396134566,-0.9125619396134566,0.01564709600097558,pixhawk_fused,True,0.8,0.2,gyro,-1.0,0.21001960337162018,-0.30672335624694824,0.01881378751090295
10.957296399981715,9349.776588889,odom,navigating,,0.3456315180051454,0.308470898578105,0.9055717771528327,1.14526210057907,-2.590746324342045,1.8474336995477298,1.6517485342930942,-0.14507317543029785,0.8640249983682583,-0.8640249983682583,0.008356308000657009,pixhawk_fused,True,0.8,0.2,gyro,-1.0,0.22441716492176056,-0.16945230960845947,0.01974266402681247
10.957348300027661,9349.877238623,odom,navigating,,0.3602276349598727,0.32092018717997295,0.9040791526824834,1.1437815763105017,-2.5716193939887746,1.8459410750773806,1.6442794082829977,-0.14507317543029785,0.8640249983682583,-0.8640249983682583,0.10876988299969526,pixhawk_fused,True,0.8,0.2,gyro,-1.0,0.22297802567481995,-0.06808517128229141,0.020990499965383234
11.294825499993749,9349.997609703,odom,navigating,,0.37782446821562654,0.33593098766368673,0.9006078397463488,1.141994944629428,-2.54855902497549,1.842469762141246,1.6618383205633211,-0.1348695605993271,0.855303349615569,-0.855303349615569,0.033217422000234365,pixhawk_fused,True,0.8,0.2,gyro,-1.0,0.22210705280303955,0.36911800503730774,0.02249333026347409
11.29492679995019,9350.116402893,odom,navigating,,0.3949456168284355,0.35136129953227535,0.9307249542808713,1.1395892356609705,-2.5256365290698763,1.8725868766757685,1.6977727543590226,-0.16671423614025116,0.8839692154764485,-0.8839692154764485,0.03660051100087003,pixhawk_fused,True,0.8,0.2,gyro,-1.0,0.21778084337711334,0.4088613986968994,0.023363785386184856
11.294984600041062,9350.21687384,odom,navigating,,0.4087562335265259,0.36477297813205334,0.937607366113276,1.13686837330688,-2.506578639247144,1.8794692885081732,1.7322768241112356,-0.16671423614025116,0.8839692154764485,-0.8839692154764485,0.13656797600015125,pixhawk_fused,True,0.8,0.2,gyro,-1.0,0.2139175683259964,0.23720505833625793,0.023374033252229982
11.63335559994448,9350.317838809,odom,navigating,,0.4220744269045259,0.3784730546545359,0.9655066814650666,1.1336246121153268,-2.4877492902167644,1.9073686038599638,1.7512205992097862,-0.19708286225795746,0.9140982829272103,-0.9140982829272103,0.06244642900128383,pixhawk_fused,True,0.8,0.2,gyro,-1.0,0.21854780614376068,0.09470126032829285,0.0228342493754914
11.633463299949653,9350.436931882,odom,navigating,,0.4371657765603589,0.3945358153880862,0.9894352604697785,1.1295133732938372,-2.466096141896703,1.9312971828646757,1.7653807626280442,-0.22188204526901245,0.9404609000622582,-0.9404609000622582,0.07275935500001651,pixhawk_fused,True,0.8,0.2,gyro,-1.0,0.21835537254810333,-0.033765606582164764,0.021836351309666182
11.633513599983416,9350.557335911,odom,navigating,,0.4523485134435617,0.41111843134427817,1.0096662574663742,1.1250355126189187,-2.444063270658684,1.9515281798612714,1.7728194186294701,-0.24720850586891174,0.9638820569231462,-0.9638820569231462,0.06672839400016528,pixhawk_fused,True,0.8,0.2,gyro,-1.0,0.20970261096954346,-0.03402892127633095,0.020529407543739102
11.95436219999101,9350.657359689,odom,navigating,,0.4650588737783766,0.42494387047555304,1.0076435949080251,1.1213327982620127,-2.4256517000194204,1.9495055173029223,1.7626913999721536,-0.24720850586891174,0.9638820569231462,-0.9638820569231462,0.1666391950002435,pixhawk_fused,True,0.8,0.2,gyro,-1.0,0.22249341011047363,-0.1008436530828476,0.0194760452309132
11.954472700017504,9350.776828971,odom,navigating,,0.48053622278620667,0.4413604728750686,1.0085419689735393,1.1171625006734363,-2.403478252279462,1.9504038913684365,1.7478331053812948,-0.2512485682964325,0.9687148991241407,-0.9687148991241407,0.10879692399976193,pixhawk_fused,True,0.8,0.2,gyro,-1.0,0.22036872804164886,-0.10223075747489929,0.018493496469917308
11.954525699955411,9350.877277994,odom,navigating,,0.4937156788487653,0.4548723145261151,0.986181177745659,1.1139893396629603,-2.3848718292994944,1.9280431001405562,1.7282445648135036,-0.22777603566646576,0.945661667258973,-0.945661667258973,0.09491769300075248,pixhawk_fused,True,0.8,0.2,gyro,-1.0,0.2141047865152359,-0.16953045129776,0.017991973992940075
12.313850000035018,9350.998283151,odom,navigating,,0.5096731201706538,0.47050525947339084,0.9441227226417139,1.1107351808011454,-2.362771165251368,1.8859846450366111,1.699878514867818,-0.18323737382888794,0.9001844715341282,-0.9001844715341282,0.02552744599961443,pixhawk_fused,True,0.8,0.2,gyro,-1.0,0.2170071005821228,-0.30208390951156616,0.017905973275001187
12.313937800005078,9351.117785747,odom,navigating,,0.5261801216675958,0.48583736911219333,0.9224836556068414,1.1080475909918923,-2.34040307312411,1.8643455780017386,1.6782224705450706,-0.16199921071529388,0.8785496419384432,-0.8785496419384432,0.030991240999355796,pixhawk_fused,True,0.8,0.2,gyro,-1.0,0.21615904569625854,-0.13536645472049713,0.018418749485871532
12.313989100046456,9351.237363123,odom,navigating,,0.5435774041940981,0.5014992945425437,0.9218032095969164,1.1056170315915095,-2.3171210257808457,1.8636651319918136,1.674816022814749,-0.16199921071529388,0.8785496419384432,-0.8785496419384432,0.1510149530004128,pixhawk_fused,True,0.8,0.2,gyro,-1.0,0.23293253779411316,0.13607463240623474,0.01931561223115493
12.654058499960229,9351.357848616,odom,navigating,,0.5610786472230371,0.5173078256335198,0.9129690090734275,1.1031290770512816,-2.2936686645986937,1.8548309314683247,1.6815374353623729,-0.14961008727550507,0.8658340089037371,-0.8658340089037371,0.09515792899946973,pixhawk_fused,True,0.8,0.2,gyro,-1.0,0.22246024012565613,0.1680477410554886,0.020179821388101614
12.654177799937315,9351.477218907,odom,navigating,,0.5783946556812423,0.5332840213153068,0.9281826050625492,1.1003965693064979,-2.27026745995423,1.8700445274574464,1.6970480591409878,-0.16236825287342072,0.8809735273099791,-0.8809735273099791,0.028176282001368236,pixhawk_fused,True,0.8,0.2,gyro,-1.0,0.22377245128154755,0.10142336785793304,0.020794693472282633
12.654233600012958,9351.578411354,odom,navigating,,0.5927271889594264,0.5469556780123239,0.935259643752606,1.097772509262544,-2.2506345789660234,1.8771215661475031,1.716655508525324,-0.1670197993516922,0.884926961240853,-0.884926961240853,0.01558559899967804,pixhawk_fused,True,0.8,0.2,gyro,-1.0,0.20767606794834137,0.3532561659812927,0.020982334094895683
13.015325600048527,9351.697448193,odom,navigating,,0.6093600074574879,0.5633693821952435,0.9541074304448058,1.0942842988431376,-2.2275284602035876,1.895969352839703,1.726810362072138,-0.18778575956821442,0.9059414365194093,-0.9059414365194093,0.023686324000664172,pixhawk_fused,True,0.8,0.2,gyro,-1.0,0.23347729444503784,0.03372346609830856,0.020807284850295985
13.015436999965459,9351.818231899,odom,navigating,,0.6257020968049078,0.5798416032409621,0.9624336324037555,1.0905777373482346,-2.204623016477203,1.9042955547986526,1.7329024437566045,-0.19663481414318085,0.9148247093758832,-0.9148247093758832,0.03684309900017979,pixhawk_fused,True,0.8,0.2,gyro,-1.0,0.22514568269252777,-0.13444142043590546,0.020387624654263897
13.015494499937631,9351.937166834,odom,navigating,,0.6421690890044355,0.5965974302699285,0.9636486255166279,1.0867153147761082,-2.181449728764876,1.905510547911525,1.7389905979832254,-0.19663481414318085,0.9148247093758832,-0.9148247093758832,0.15596599000127753,pixhawk_fused,True,0.8,0.2,gyro,-1.0,0.21998077630996704,0.1020507663488388,0.019851676607946234
13.353935200022534,9352.037310131,odom,navigating,,0.6551562856548107,0.6098860865595231,0.9703234994315926,1.0836095306689284,-2.163130073530727,1.9121854218264898,1.737678396993629,-0.20453616976737976,0.9234911639555643,-0.9234911639555643,0.05454857000040647,pixhawk_fused,True,0.8,0.2,gyro,-1.0,0.20705115795135498,0.0,0.019376168133783737
13.354043400031514,9352.157991248,odom,navigating,,0.6691188665090959,0.6241369785418394,0.9687922264226065,1.0802994323411053,-2.143455601861474,1.9106541488175037,1.7356451477177042,-0.2029450237751007,0.9220850953529874,-0.9220850953529874,0.06775258500056225,pixhawk_fused,True,0.8,0.2,gyro,-1.0,0.17899100482463837,0.0,0.018890608912268143
13.354098099982366,9352.276771712,odom,navigating,,0.6814396693362652,0.6365819777318756,0.9615306642441102,1.0774838472109303,-2.1261711386785827,1.9033925866390073,1.7275198672450893,-0.1960260421037674,0.9150389739941159,-0.9150389739941159,0.008786997999777668,pixhawk_fused,True,0.8,0.2,gyro,-1.0,0.14444902539253235,-0.06780879199504852,0.018555509931647778
13.695035599987023,9352.377565991,odom,navigating,,0.6901129257338423,0.6452244561746876,0.960043079180644,1.075597397895344,-2.11407324137565,1.9019050015755412,1.7200697305732515,-0.1960260421037674,0.9150389739941159,-0.9150389739941159,0.10956666600031895,pixhawk_fused,True,0.8,0.2,gyro,-1.0,0.126032754778862,-0.10142336785793304,0.018404372671465694
13.695134500041604,9352.49740716,odom,navigating,,0.6989184094600737,0.6538110179328632,0.9387048264809725,1.0738339530189538,-2.1019013126604538,1.8805667488758697,1.7079122940454194,-0.17361360788345337,0.8914104537288944,-0.8914104537288944,0.0342111339996336,pixhawk_fused,True,0.8,0.2,gyro,-1.0,0.11803324520587921,-0.06745374947786331,0.01838549808902013
13.695192200015299,9352.617395639,odom,navigating,,0.7064958975839812,0.6610353019920302,0.9269668183844182,1.072449711177009,-2.0915238138790273,1.8688287407793154,1.6991193863876148,-0.16199763119220734,0.8789380477811496,-0.8789380477811496,0.05071942399990803,pixhawk_fused,True,0.8,0.2,gyro,-1.0,0.09332793951034546,0.0,0.018487429815815398
14.014583099982701,9352.717400981,odom,navigating,,0.7122925911205984,0.6665161144917501,0.9255358469010684,1.0714277241669832,-2.0836120186234686,1.8673977692959656,1.700473727633645,-0.15959469974040985,0.8768126640706609,-0.8768126640706609,0.036033942000358365,pixhawk_fused,True,0.8,0.2,gyro,-1.0,0.09521518647670746,0.10147411376237869,0.01859816276380942
14.014697100035846,9352.817788144,odom,navigating,,0.7178070384594037,0.6717411941271473,0.9256682884395862,1.0704464960243834,-2.076078906518842,1.8675302108344833,1.7011374609694698,-0.15959469974040985,0.8768126640706609,-0.8768126640706609,0.1360041009993438,pixhawk_fused,True,0.8,0.2,gyro,-1.0,0.08814083784818649,2.9196713512646966e-05,0.018695521568286144
14.014760899939574,9352.936539183,odom,navigating,,0.7239630738309023,0.6776390036292825,0.9350065916228139,1.0692986972041907,-2.0676312153379937,1.876868514017711,1.7133329982813026,-0.1680179387331009,0.8854387998632441,-0.8854387998632441,0.031205162000333075,pixhawk_fused,True,0.8,0.2,gyro,-1.0,0.07764417678117752,0.13607461750507355,0.01875773844301126
14.336065200041048,9353.03771532,odom,navigating,,0.7277150173220397,0.6813054434187866,0.9367603987552608,1.068541018972218,-2.0624402824365258,1.878622321150158,1.7221258355929303,-0.1680179387331009,0.8854387998632441,-0.8854387998632441,0.13184457600073074,pixhawk_fused,True,0.8,0.2,gyro,-1.0,0.05401776731014252,0.16903388500213623,0.018744119771462547
14.336153400014155,9353.15705434,odom,navigating,,0.7313350081462253,0.6849210212854894,0.9458883958276116,1.0677468449176268,-2.0573859749222967,1.8877503182225088,1.7329519728362435,-0.17601469159126282,0.8941438479996573,-0.8941438479996573,0.1015653279991966,pixhawk_fused,True,0.8,0.2,gyro,-1.0,0.04888695105910301,0.10145888477563858,0.01867499241385929
14.336207399959676,9353.25888881,odom,navigating,,0.7343048345584046,0.687968980241071,0.9565842128034858,1.067029197716162,-2.053191346785308,1.898446135198383,1.7525328324790082,-0.1846262663602829,0.9026277221865308,-0.9026277221865308,0.09627945499960333,pixhawk_fused,True,0.8,0.2,gyro,-1.0,0.04827810078859329,0.1903710514307022,0.018559662013741457
14.671374700032175,9353.376410932,odom,navigating,,0.7379756758550702,0.6919229421327723,0.9838009590785766,1.0659913022706355,-2.047896853088033,1.9256628814734738,1.7809789911043712,-0.21265661716461182,0.9295385451591861,-0.9295385451591861,0.09513819799940393,pixhawk_fused,True,0.8,0.2,gyro,-1.0,0.054162949323654175,0.23730698227882385,0.0182833514793155
14.67147419997491,9353.477337507,odom,navigating,,0.7409616585954647,0.6953332917565412,1.022041981593107,1.0649901106011332,-2.043475971646149,1.9639039039880042,1.8141363351513804,-0.2515871524810791,0.9690448002643239,-0.9690448002643239,0.009374089999255375,pixhawk_fused,True,0.8,0.2,gyro,-1.0,0.048691526055336,0.3031722605228424,0.017919441031257338
14.671527700033039,,mission_status,reached,reached waypoint 1/4,0.7409616585954647,0.6953332917565412,1.022041981593107,,,,,,,,,,,,,,,,,
14.671549499966204,,mission_status,turning,aligning for waypoint 2/4,0.7409616585954647,0.6953332917565412,1.022041981593107,,,,,,,,,,,,,,,,,
14.67156819999218,9353.596727418,odom,turning,,0.7434362610429441,0.6983574766584837,1.063677067904608,1.0640003563689187,-2.0396957946457928,2.005538990299505,1.828323241813787,-0.2993023693561554,1.017520398867811,-1.017520398867811,0.02209313999992446,pixhawk_fused,True,0.8,0.2,gyro,-1.0,0.02074267528951168,-0.27264294028282166,0.017475960659146833
14.99639380001463,9353.716865008,odom,turning,,0.7451739276807671,0.7004154530736107,1.033637259697082,1.0633584042069593,-2.037079948761346,1.9754991820919792,1.7877310152448607,-0.26531746983528137,0.9901138626165045,-0.9901138626165045,0.027328517000569263,pixhawk_fused,True,0.8,0.2,gyro,-1.0,0.028516869992017746,-0.37482741475105286,0.017211590359779566
14.99649990000762,9353.817391856,odom,turning,,0.7468377501444338,0.7022384114776685,1.0262030479792825,1.0628630591956902,-2.034662074518682,1.9680649703741797,1.7505339819802808,-0.26531746983528137,0.9901138626165045,-0.9901138626165045,0.12739217600028496,pixhawk_fused,True,0.8,0.2,gyro,-1.0,0.028518304228782654,-0.3748462498188019,0.017064259813031488
14.996543499990366,9353.919189734,odom,turning,,0.7488856447775034,0.704310045629708,0.9489604538841281,1.0623925646163468,-2.031787326644718,1.8908223762790253,1.7066343102058854,-0.181326761841774,0.9045434902138364,-0.9045434902138364,0.0068693970006279415,pixhawk_fused,True,0.8,0.2,gyro,-1.0,0.036027368158102036,-0.4735458493232727,0.017006341431785612
15.31409999995958,9354.037166156,odom,turning,,0.7518706523060418,0.7070324266057244,0.9367878643210279,1.061947128422334,-2.0277719543430415,1.878649786715925,1.645736608963424,-0.181326761841774,0.9045434902138364,-0.9045434902138364,0.12502973899972858,pixhawk_fused,True,0.8,0.2,gyro,-1.0,0.041293915361166,-0.5427696704864502,0.01713503940129018
15.314207499963231,9354.137215483,odom,turning,,0.754478943995261,0.7091573745909778,0.897589776235777,1.061763193635404,-2.0244126750348803,1.8394516986306741,1.5950316559938331,-0.143932044506073,0.8682220504707944,-0.8682220504707944,0.07315286899938656,pixhawk_fused,True,0.8,0.2,gyro,-1.0,0.04105300083756447,-0.539603054523468,0.0167398754023052
15.314258600003086,9354.237616932,odom,turning,,0.7573061211363901,0.7112274728043011,0.8074666434273969,1.061752380058332,-2.020908660156676,1.7493285658222941,1.5422209136633729,-0.04363108426332474,0.768772934479202,-0.768772934479202,0.06668897999952605,pixhawk_fused,True,0.8,0.2,gyro,-1.0,0.038720812648534775,-0.5089486241340637,0.013284131076150308
15.652956399950199,9354.357492165,odom,turning,,0.7610362839319553,0.7136314860262467,0.7519693656133168,1.0620027559582343,-2.0164780049047457,1.693831288008214,1.4753340652859805,0.009394551627337933,0.7161216567582739,-0.7161216567582739,0.07142898599886394,pixhawk_fused,True,0.8,0.2,gyro,-1.0,0.04105709120631218,-0.5396568179130554,0.00895899982283523
15.653054399997927,9354.457618715,odom,turning,,0.7644091062252832,0.7155188944359122,0.7403185879480456,1.0624606693565612,-2.0126402248111397,1.6821805103429428,1.4170760075181865,0.009394551627337933,0.7161216567582739,-0.7161216567582739,0.17131719299868564,pixhawk_fused,True,0.8,0.2,gyro,-1.0,0.04393428564071655,-0.57747483253479,0.0052532350408397
15.653104800032452,9354.576433947,odom,turning,,0.768859406866334,0.7176375149046267,0.636967023879734,1.0633654746227372,-2.007795118422577,1.5788289462746312,1.3427809167875595,0.11971654742956161,0.6055063222474707,-0.6055063222474707,0.09569005299999844,pixhawk_fused,True,0.8,0.2,gyro,-1.0,0.048508547246456146,-0.6375991702079773,0.0006298388931196639
15.974946000031196,9354.676767269,odom,turning,,0.7729149710216274,0.7192322554581632,0.575741249431756,1.0644617009984318,-2.003577407457607,1.5176031718266532,1.2770994219756238,0.18004819750785828,0.5453944538659704,-0.5453944538659704,0.09267669200016826,pixhawk_fused,True,0.8,0.2,gyro,-1.0,0.04918701946735382,-0.6465170383453369,0.0033428793761421465
15.975048099993728,9354.797159947,odom,turning,,0.77740383584551,0.7206488544692614,0.5113658452120609,1.0659568859820692,-1.9991141035210551,1.453227767606958,1.2061498647662288,0.2432089000940323,0.482662584108795,-0.482662584108795,0.03522010300002876,pixhawk_fused,True,0.8,0.2,gyro,-1.0,0.04340022802352905,-0.5704551339149475,0.007490461249469147
15.97510419995524,9354.897254776,odom,turning,,0.7809754780560774,0.7215308831631632,0.4544949177145541,1.0673447670086056,-1.9957069949296902,1.3963568401094513,1.150703266895857,0.3004612326622009,0.42543557457395914,-0.42543557457395914,0.015455143000508542,pixhawk_fused,True,0.8,0.2,gyro,-1.0,0.04340022802352905,-0.5704551339149475,0.010615025947044512
16.313912900048308,9355.018335339,odom,turning,,0.7857894484821916,0.7223977256056919,0.3879268530705271,1.069475769528748,-1.9913042054340615,1.3297887754654243,1.0769804147732136,0.3653095066547394,0.3606561877555502,-0.3606561877555502,0.057427404999543796,pixhawk_fused,True,0.8,0.2,gyro,-1.0,0.048745572566986084,-0.6407146453857422,0.014595832929333944
16.31404600001406,9355.136762565,odom,turning,,0.7904325543316714,0.7228910791035976,0.29099511361567987,1.0718082788985628,-1.9872593037488415,1.232857036010577,1.0066069303734,0.46999746561050415,0.25708515845009217,-0.25708515845009217,0.0651728840002761,pixhawk_fused,True,0.8,0.2,gyro,-1.0,0.04129806160926819,-0.5428241491317749,0.01818991754317651
16.314102499978617,9355.237367882,odom,turning,,0.7941508726125883,0.723048672252497,0.23548553569276187,1.0738682653308176,-1.9841597582438186,1.177347458087659,0.9505117736759178,0.5256137847900391,0.20172195200392135,-0.20172195200392135,0.05643923800016637,pixhawk_fused,True,0.8,0.2,gyro,-1.0,0.045953184366226196,-0.6040113568305969,0.020898076494726785
16.654525900026783,9355.357797101,odom,turning,,0.7989617664119361,0.7229448132112721,0.22098041615024377,1.0767824203750738,-1.9803305042398274,1.162842338545141,0.8779753013302952,0.5256137847900391,0.20172195200392135,-0.20172195200392135,0.17657572600001004,pixhawk_fused,True,0.8,0.2,gyro,-1.0,0.04691401869058609,-0.6166406273841858,0.024181597852991406
16.65464309998788,9355.47642064,odom,turning,,0.8034706073767157,0.72252760947274,0.09042840891688586,1.0797722704588353,-1.9769298422040245,1.032290331311783,0.8097303614382658,0.6719512939453125,0.05559610257812864,-0.05559610257812864,0.0340032380008779,pixhawk_fused,True,0.8,0.2,gyro,-1.0,0.04407818615436554,-0.5793662667274475,0.02702990082246076
16.65469180000946,9355.577160656,odom,turning,,0.8071515073482718,0.7219540068284018,0.06118680308090663,1.08240152933792,-1.974290705538191,1.0030487254758038,0.75358566508005,0.6938567161560059,0.03307982812591916,-0.03307982812591916,0.09434454700021888,pixhawk_fused,True,0.8,0.2,gyro,-1.0,0.04407152533531189,-0.5792787075042725,0.029188319101549363
16.972009400022216,9355.678338545,odom,turning,,0.8107883572272738,0.7211761900562922,0.0070880149409326965,1.0851700130218094,-1.9718073259728786,0.9489499373358299,0.697536354210925,0.7481942772865295,-0.020531336324726285,0.020531336324726285,0.01618674800010922,pixhawk_fused,True,0.8,0.2,gyro,-1.0,0.04374314099550247,-0.5749623775482178,0.031169749688410946
16.972114700009115,9355.778826439,odom,turning,,0.8146656365945988,0.7201092372608233,-0.09465579916357525,1.0883137486254446,-1.9692996158591536,0.8472061232313219,0.636920804756627,0.8611688613891602,-0.13255558087161656,0.13255558087161656,0.01109719799933373,pixhawk_fused,True,0.8,0.2,gyro,-1.0,0.04354221373796463,-0.5723214149475098,0.0331119387806097
16.97216759994626,9355.896622211,odom,turning,,0.8188854140346705,0.7186499615291545,-0.10811482911337855,1.0919762239984379,-1.9667457400894666,0.8337470932815186,0.5696180498724934,0.8611688613891602,-0.13255558087161656,0.13255558087161656,0.12872143799904734,pixhawk_fused,True,0.8,0.2,gyro,-1.0,0.04399394616484642,-0.5782589912414551,0.03501223382454008
17.315909400000237,9355.997447649,odom,turning,,0.8222819621721071,0.7172363704097497,-0.17321106899607597,1.0951174641612103,-1.9648306971806602,0.7686508533988212,0.5141714363891504,0.9280060529708862,-0.2000639851265299,0.2000639851265299,0.034071678999680444,pixhawk_fused,True,0.8,0.2,gyro,-1.0,0.041408147662878036,-0.5442711114883423,0.036370648769927266
17.315992000047117,9356.117996772,odom,turning,,0.8260686856293532,0.7153868356676703,-0.26461265089702557,1.0988407659052346,-1.9628565955047674,0.6772492714978716,0.4493063537823501,1.0248618125915527,-0.2980994662218439,0.2980994662218439,0.0366589440000098,pixhawk_fused,True,0.8,0.2,gyro,-1.0,0.03601115942001343,-0.47333279252052307,0.03768920970300004
17.316046899999492,9356.238049934,odom,turning,,0.8292338865740619,0.7135938151029398,-0.27557838666235535,1.1021527358137049,-1.9613518446644893,0.6662835357325418,0.3944738757744218,1.0248618125915527,-0.2980994662218439,0.2980994662218439,0.1564824100005353,pixhawk_fused,True,0.8,0.2,gyro,-1.0,0.03354457765817642,-0.4409118890762329,0.03861443265148879
17.6749373000348,9356.358767741,odom,turning,,0.8321450544310318,0.711731454239833,-0.32524694807247734,1.1053713346432246,-1.960093310656009,0.6166149743224199,0.34238800426630794,1.0733577013015747,-0.34716392363837834,0.34716392363837834,0.10280891199909092,pixhawk_fused,True,0.8,0.2,gyro,-1.0,0.030777469277381897,-0.40454086661338806,0.039312690220640496
17.67507190001197,9356.476869895,odom,turning,,0.834593437478607,0.7099863116726917,-0.4175386501425442,1.1082228957125053,-1.9591400522464133,0.524323272252353,0.2957228329574061,1.181120753288269,-0.45086110647252675,0.45086110647252675,0.03640710199942987,pixhawk_fused,True,0.8,0.2,gyro,-1.0,0.025799637660384178,-0.33911195397377014,0.03977187659001989
17.675123399938457,9356.596987222,odom,turning,,0.8368180193705816,0.7082426823874813,-0.4387952365149075,1.1109415745558409,-1.9583668814857507,0.5030666858799897,0.25175842120386815,1.1957762241363525,-0.4664409168832647,0.4664409168832647,0.10702271400077734,pixhawk_fused,True,0.8,0.2,gyro,-1.0,0.025584129616618156,-0.3362793028354645,0.04007593842262844
18.014448300004005,9356.717097883,odom,turning,,0.8381557827231072,0.707113603478834,-0.4723677576332801,1.1126415936436345,-1.9579493110480395,0.4694941647616171,0.224033204672604,1.2312554121017456,-0.5014752540462362,0.5014752540462362,0.0493030550005642,pixhawk_fused,True,0.8,0.2,gyro,-1.0,0.01026222575455904,-0.13488729298114777,0.04020111211908996
18.014552999986336,9356.818039414,odom,turning,,0.8378868617517121,0.7073499960284594,-0.5119425176671933,1.11229223192284,-1.9580277094818128,0.42991940472770385,0.19968018022560985,1.2715282440185547,-0.5448553239726173,0.5448553239726173,0.04183075199944142,pixhawk_fused,True,0.8,0.2,gyro,-1.0,0.005143165122717619,-0.33801037073135376,0.040182696565365605
18.01460540003609,9356.937409989,odom,turning,,0.8394131989756498,0.7058970143050706,-0.519649501740219,1.1143651114662194,-1.9576481945172597,0.42221242065467823,0.16114410785046768,1.2715282440185547,-0.5448553239726173,0.5448553239726173,0.16174732699982997,pixhawk_fused,True,0.8,0.2,gyro,-1.0,0.025529546663165092,-0.3355618417263031,0.04020753752494651
18.335397799964994,9357.038552236,odom,turning,,0.8403920173387426,0.7049092635593224,-0.5738582569886297,1.1157396834748206,-1.957437745671162,0.3680036654062675,0.1361464125899696,1.3311355113983154,-0.6063665928267584,0.6063665928267584,0.06669063300068956,pixhawk_fused,True,0.8,0.2,gyro,-1.0,0.012164831161499023,-0.2878114581108093,0.04018338345020409
18.335509500000626,9357.157501455,odom,turning,,0.8412815582127326,0.7039562142448204,-0.6002217530275914,1.1170336735388935,-1.957279077222968,0.3416401693673058,0.09480653115875962,1.3532860279083252,-0.6289860801719771,0.6289860801719771,0.07152115700046124,pixhawk_fused,True,0.8,0.2,gyro,-1.0,0.01029147394001484,-0.3381793200969696,0.04012176604400705
18.335562599939294,9357.257815086,odom,turning,,0.8415162365635984,0.7036848815125406,-0.603728860167998,1.1173911454424919,-1.957248923979209,0.3381330622268992,0.07727036527436199,1.3532860279083252,-0.6289860801719771,0.6289860801719771,0.1719582090008771,pixhawk_fused,True,0.8,0.2,gyro,-1.0,0.002564277732744813,-0.10111505538225174,0.04009125966626496
18.654041899950244,9357.357974592,odom,turning,,0.8418646846178791,0.7032741284621438,-0.6333454148969146,1.117928289088213,-1.9572087889719987,0.30851650749798254,0.06915269156898468,1.3899130821228027,-0.6639771905862437,0.6639771905862437,0.09355746999972325,pixhawk_fused,True,0.8,0.2,gyro,-1.0,0.007692450657486916,-0.10111001878976822,0.04004032040959515
18.654128700029105,9357.459106769,odom,turning,,0.8424112668956267,0.7026161178678139,-0.6621138750913782,1.1187819378167014,-1.9571538892730167,0.279748047303519,0.056262828549319334,1.4189928770065308,-0.696714921283041,0.696714921283041,0.004057492000356433,pixhawk_fused,True,0.8,0.2,gyro,-1.0,0.0117983128875494,-0.1550777107477188,0.039950608497804824
18.654163099941798,9357.577190762,odom,turning,,0.8430864700381365,0.7017788304830268,-0.6692488784077587,1.1198562251081439,-1.9571004452478715,0.2726130439871385,0.04005417972524375,1.424894094467163,-0.701581824707304,0.701581824707304,0.014188817000103882,pixhawk_fused,True,0.8,0.2,gyro,-1.0,0.007719377987086773,-0.10146395862102509,0.039822287492473886
18.99553149996791,9357.696725281,odom,turning,,0.8432251658997704,0.7016030256958637,-0.6877412768232108,1.1200799829721764,-1.9570917112048516,0.25412064557168634,0.03126130223088254,1.4448604583740234,-0.7224987571262466,0.7224987571262466,0.014387328999873716,pixhawk_fused,True,0.8,0.2,gyro,-1.0,0.0,-0.13529881834983826,0.0397931968916658
18.99563609994948,9357.798345923,odom,turning,,0.843062521978202,0.701818112359975,-0.7030118775688654,1.1198103713822896,-1.9570967020865773,0.23885004482603178,0.006915903123621493,1.4603347778320312,-0.7355009927176581,0.7355009927176581,0.015357665999545134,pixhawk_fused,True,0.8,0.2,gyro,-1.0,-0.007739891763776541,-0.37302321195602417,0.03983370279533193
18.995692800031975,9357.917573544,odom,turning,,0.8430363573191916,0.7018551387975819,-0.7112604606695191,1.1197650375399484,-1.9570960782263616,0.2306014617253781,-0.03432860469269127,1.4603347778320312,-0.7355009927176581,0.7355009927176581,0.13494634899871016,pixhawk_fused,True,0.8,0.2,gyro,-1.0,0.0025645343121141195,-0.3707921802997589,0.03984195579738334
19.33208259998355,9358.017945617,odom,turning,,0.8433603533070267,0.7013691220775535,-0.7646962305196234,1.1203486587717395,-1.9571199928679635,0.17716569187527376,-0.04855360824783905,1.5228424072265625,-0.798738864722167,0.798738864722167,0.035076759999356,pixhawk_fused,True,0.8,0.2,gyro,-1.0,0.0025762177538126707,-0.03386195749044418,0.03972005176509249
19.332191599998623,9358.137455192,odom,turning,,0.843335671624546,0.7014065844575853,-0.7645612099825749,1.1203038448129115,-1.9571179133339112,0.17730071241232226,-0.04787840940644281,1.5228424072265625,-0.798738864722167,0.798738864722167,0.15487045500049135,pixhawk_fused,True,0.8,0.2,gyro,-1.0,0.0,0.0,0.03972965203861476
19.332282899995334,,mission_status,navigating,going to waypoint 2/4,0.843335671624546,0.7014065844575853,-0.7645612099825749,,,,,,,,,,,,,,,,,
19.332305400050245,9358.257782726,odom,navigating,,0.843335671624546,0.7014065844575853,-0.7686796868528438,1.1203038448129115,-1.9571179133339112,0.17318223554205336,-0.04787840940644281,1.5260213613510132,-0.8038867304273591,0.8038867304273591,0.10206487200048286,pixhawk_fused,True,0.8,0.2,gyro,-1.0,0.0,0.0,0.03972965203861476
19.675988200004213,9358.377822732,odom,navigating,,0.843335671624546,0.7014065844575853,-0.7677527842306602,1.1203038448129115,-1.9571179133339112,0.174109138164237,-0.04787840940644281,1.5261387825012207,-0.802728161693056,0.802728161693056,0.10796671000025526,pixhawk_fused,True,0.8,0.2,gyro,-1.0,0.0,0.0,0.03972965203861476
19.67609199997969,9358.497246019,odom,navigating,,0.8433604144747942,0.7013690379962898,-0.7676133717659849,1.120348762748442,-1.9571199928679635,0.1742485506289123,-0.047199390400938644,1.5262285470962524,-0.8027236167736994,0.8027236167736994,0.03053919199919619,pixhawk_fused,True,0.8,0.2,gyro,-1.0,0.0025803521275520325,0.03391629830002785,0.03972003424660541
19.676146600046195,9358.597371586,odom,navigating,,0.8440846682923135,0.7002854586194383,-0.7620060719143206,1.1216510709487244,-1.9571717732658669,0.17985585048057662,-0.03027358023360971,1.52199125289917,-0.7999448035307871,0.7999448035307871,0.028386580001097172,pixhawk_fused,True,0.8,0.2,gyro,-1.0,0.020612837746739388,0.2032022774219513,0.03944957503667229
20.015963100013323,9358.717920371,odom,navigating,,0.8467615102957602,0.6964743704026866,-0.7419244046344023,1.126307667575442,-1.9572491319326142,0.19993751776049484,-0.0019113064239925782,1.502464771270752,-0.7819318104930865,0.7819318104930865,0.035595059000115725,pixhawk_fused,True,0.8,0.2,gyro,-1.0,0.07297046482563019,0.25578853487968445,0.03858875682413235
20.01606749999337,9358.836744807,odom,navigating,,0.8533860221181058,0.6875026378793536,-0.7386742490703218,1.1374597927913674,-1.9571701096386251,0.20318767332457544,0.014354562799683739,1.502464771270752,-0.7819318104930865,0.7819318104930865,0.15433085000040592,pixhawk_fused,True,0.8,0.2,gyro,-1.0,0.1270553022623062,0.10224629193544388,0.0367876865834086
20.01610430004075,9358.936802266,odom,navigating,,0.8611798925287598,0.6771515063372155,-0.7114737314150927,1.1504152899374882,-1.9569569573982595,0.23038819097980445,0.020446634001116307,1.4706683158874512,-0.7494594046496497,0.7494594046496497,0.03186633299992536,pixhawk_fused,True,0.8,0.2,gyro,-1.0,0.15729893743991852,0.101682648062706,0.03481498816231512
20.33483049995266,9359.037251136,odom,navigating,,0.8699289886051843,0.6656036196335,-0.7124170992224872,1.164900492332515,-1.9566753884875718,0.22944482317241,0.015727853232281392,1.4706683158874512,-0.7494594046496497,0.7494594046496497,0.1322215399995912,pixhawk_fused,True,0.8,0.2,gyro,-1.0,0.1569174826145172,-0.0337604284286499,0.032651996362557674
20.334911399986595,9359.138603384,odom,navigating,,0.8796790776914237,0.6524743883242692,-0.7131164823659173,1.1812533242599548,-1.9565146405053253,0.2287454400289799,0.0028303621599601826,1.4689477682113647,-0.7471101805180953,0.7471101805180953,0.07711825000114914,pixhawk_fused,True,0.8,0.2,gyro,-1.0,0.19835127890110016,-0.13035713136196136,0.030055243793205115
20.334960300009698,9359.257295071,odom,navigating,,0.8915019495071235,0.6361212067602374,-0.733203046985735,1.2014326028204152,-1.9565743231326278,0.20865887540916217,-0.008625173676069332,1.4909484386444092,-0.7693539452464031,0.7693539452464031,0.09157384100035415,pixhawk_fused,True,0.8,0.2,gyro,-1.0,0.2129305601119995,-0.0337202213704586,0.0265965139883952
20.65337770001497,9359.357704725,odom,navigating,,0.902003695932318,0.6214253273964133,-0.740878398185868,1.219494499808776,-1.9567273768388804,0.2009835242090292,-0.0059052945705857325,1.5004030466079712,-0.779626778571372,0.779626778571372,0.07630917000096815,pixhawk_fused,True,0.8,0.2,gyro,-1.0,0.21054358780384064,0.06749750673770905,0.023402494384390585
20.653457900043577,9359.47690969,odom,navigating,,0.91524133473983,0.6033313707706511,-0.7199334551914033,1.241913748473722,-1.9566670703513624,0.2219284672034939,0.015739297448441214,1.4853878021240234,-0.7588566269562291,0.7588566269562291,0.0085239720010577,pixhawk_fused,True,0.8,0.2,gyro,-1.0,0.21356365084648132,0.23667314648628235,0.0196846375939135
20.65350470005069,9359.577183293,odom,navigating,,0.9269290435323523,0.5880318069867145,-0.7157476810162038,1.2611614997554335,-1.9562162273688135,0.2261142413786934,0.03668579995664345,1.4853878021240234,-0.7588566269562291,0.7588566269562291,0.10856487899945932,pixhawk_fused,True,0.8,0.2,gyro,-1.0,0.22584405541419983,0.28271496295928955,0.016886083185129852
21.013446499942802,9359.69812157,odom,navigating,,0.9411527274814362,0.5703141886345768,-0.6904544342937614,1.2838564946357205,-1.9551371571490508,0.2514074881011358,0.06376251928927437,1.4601517915725708,-0.7340085836038637,0.7340085836038637,0.11812809399998514,pixhawk_fused,True,0.8,0.2,gyro,-1.0,0.21676044166088104,0.27134403586387634,0.014125967120843607
21.013526299968362,9359.817645543,odom,navigating,,0.9555088138163597,0.5533764212708967,-0.6692848531206115,1.3059987493648937,-1.9534922457136445,0.2725770692742857,0.09012208267395824,1.4409127235412598,-0.7141343156979131,0.7141343156979131,0.0632866460000514,pixhawk_fused,True,0.8,0.2,gyro,-1.0,0.20778357982635498,0.3033904731273651,0.01201673143251159
21.013573799980804,9359.936954709,odom,navigating,,0.9705854523171233,0.5364743692437793,-0.6302991335915072,1.3285360115873102,-1.951243645542842,0.31156278880338995,0.11316284950942375,1.3983608484268188,-0.6711679487363147,0.6711679487363147,0.024198980998335173,pixhawk_fused,True,0.8,0.2,gyro,-1.0,0.21261832118034363,0.2727203369140625,0.010436001571752979
21.336185400024988,9360.037336845,odom,navigating,,0.9834009941998296,0.5226768875823306,-0.6265145653834405,1.3472325823684472,-1.9489971249060916,0.31534735701145666,0.1321066338704858,1.3983608484268188,-0.6711679487363147,0.6711679487363147,0.12427803499849688,pixhawk_fused,True,0.8,0.2,gyro,-1.0,0.20895613729953766,0.237354576587677,0.009500319782048731
21.33628619997762,9360.157256361,odom,navigating,,0.9993051061529041,0.5061061486422042,-0.6136770374360735,1.3699887155498733,-1.945884478336539,0.3281848849588237,0.14157471584210207,1.385158896446228,-0.6574894814626026,0.6574894814626026,0.09212049000052502,pixhawk_fused,True,0.8,0.2,gyro,-1.0,0.2135801464319229,-0.03382304310798645,0.008734407724721779
21.3363551000366,9360.258230723,odom,navigating,,1.0129232724856183,0.4921177413006941,-0.5927542251176696,1.3893118499409824,-1.9431012299608779,0.34910769727722757,0.14090714090465314,1.3603744506835938,-0.6311748860315132,0.6311748860315132,0.08431184800065239,pixhawk_fused,True,0.8,0.2,gyro,-1.0,0.2206430733203888,-0.13481839001178741,0.008222214352112022
21.67575539997779,9360.376446504,odom,navigating,,1.0289502748856445,0.4754569057406165,-0.5960303258660017,1.4122131345992623,-1.9399422097819579,0.3458315965288955,0.12941345519705774,1.362886667251587,-0.6323976210229743,0.6323976210229743,0.09047921499950462,pixhawk_fused,True,0.8,0.2,gyro,-1.0,0.2214992791414261,-0.2031208872795105,0.007477557151238354
21.675871400046162,9360.477108987,odom,navigating,,1.041669936495516,0.46190045017395454,-0.5983232228514049,1.4306583936901733,-1.9376314315429901,0.34353869954349225,0.11794647743907587,1.362886667251587,-0.6323976210229743,0.6323976210229743,0.1909426860001986,pixhawk_fused,True,0.8,0.2,gyro,-1.0,0.20916055142879486,-0.06698605418205261,0.006647556537307568
21.67592940002214,9360.597518528,odom,navigating,,1.057064192571498,0.44508673621327904,-0.6214085400739985,1.4533110700524952,-1.935074020565414,0.3204533823208987,0.10506806084061245,1.3865398168563843,-0.6580339381568777,0.6580339381568777,0.11771194600078161,pixhawk_fused,True,0.8,0.2,gyro,-1.0,0.22450187802314758,-0.23742587864398956,0.005351777284599389
22.015240099979565,9360.717667947,odom,navigating,,1.0725603407460187,0.42789788918634053,-0.6312299994510087,1.4763270410137617,-1.9326548986023189,0.3106319229438885,0.10370240438124577,1.3977348804473877,-0.6699682117872583,0.6699682117872583,0.062086837000606465,pixhawk_fused,True,0.8,0.2,gyro,-1.0,0.2195867896080017,0.06712234765291214,0.003858476366833636
22.015326699940488,9360.818545275,odom,navigating,,1.0857579525970718,0.4131266326284224,-0.6362908513099357,1.4960358249948786,-1.9306722708368114,0.3055710710849615,0.1009825260867836,1.4030438661575317,-0.675613885881816,0.675613885881816,0.05324104200008151,pixhawk_fused,True,0.8,0.2,gyro,-1.0,0.21780812740325928,0.06223655864596367,0.0024921317769831773
22.015363699989393,9360.936635931,odom,navigating,,1.101118300500159,0.39595972954892966,-0.6400027512123659,1.5189541618323879,-1.9283500551605557,0.30185917118253125,0.10369095996208234,1.4082906246185303,-0.6809294392787563,0.6809294392787563,0.05568186699929356,pixhawk_fused,True,0.8,0.2,gyro,-1.0,0.22039653360843658,0.03415413200855255,0.000919759778546679
22.356317900004797,9361.037859543,odom,navigating,,1.1139983119182948,0.38175088992011585,-0.6390693742072848,1.5380213055816532,-1.9262933959827848,0.30279254818761236,0.11451325167727817,1.4101696014404297,-0.6824651828598873,0.6824651828598873,0.0741198390005593,pixhawk_fused,True,0.8,0.2,gyro,-1.0,0.210922509431839,0.13523799180984497,0.00026550514871397367
22.35643139993772,9361.157927726,odom,navigating,,1.1295716199470616,0.36503323114099434,-0.6263776905011988,1.560701639746871,-1.9235346861089415,0.31548423189369834,0.1287306380212465,1.3968852758407593,-0.6701543353688614,0.6701543353688614,0.08484542400037753,pixhawk_fused,True,0.8,0.2,gyro,-1.0,0.22578585147857666,-7.404527423204854e-05,0.0013675231387790653
22.356534000020474,9361.276813693,odom,navigating,,1.1453467534046782,0.3485743901489512,-0.6138745567721499,1.5832914102041094,-1.920460510919357,0.32798736562274733,0.14441285112887697,1.3854433298110962,-0.6584446403500335,0.6584446403500335,0.09598131100028695,pixhawk_fused,True,0.8,0.2,gyro,-1.0,0.20927861332893372,0.165708988904953,0.0021433270199832217
22.67601159994956,9361.3781991,odom,navigating,,1.1588859681813513,0.3347998502633684,-0.6125330887079148,1.602395153752696,-1.9176152924289362,0.3293288336869824,0.15113053427630863,1.3854433298110962,-0.6584446403500335,0.6584446403500335,0.1971577989988873,pixhawk_fused,True,0.8,0.2,gyro,-1.0,0.22893671691417694,0.0,0.002557472178499014
22.676109299995005,9361.496865556,odom,navigating,,1.1749720935621617,0.31857985171832975,-0.5984661258475726,1.6249747344930776,-1.9141491250704845,0.34339579654732455,0.15243897346971882,1.3645927906036377,-0.6411935131032662,0.6411935131032662,0.01485629700073332,pixhawk_fused,True,0.8,0.2,gyro,-1.0,0.20639710128307343,-0.06782246381044388,0.0029451708960032837
22.67614550003782,9361.597873828,odom,navigating,,1.1886901176642728,0.30477621091105456,-0.5985827271369007,1.6442072011995046,-1.911176431142655,0.34327919525799644,0.1518553347052952,1.3645927906036377,-0.6411935131032662,0.6411935131032662,0.11542839800131333,pixhawk_fused,True,0.8,0.2,gyro,-1.0,0.2072146087884903,-0.10342945158481598,0.0032553508594560542
23.03521889995318,9361.717090988,odom,navigating,,1.204959712149814,0.2883301739821014,-0.600381535831771,1.6670775008004044,-1.9076948752322158,0.3414803865631262,0.15046677982113552,1.366788387298584,-0.6430947465379433,0.6430947465379433,0.05071637000037299,pixhawk_fused,True,0.8,0.2,gyro,-1.0,0.2180342972278595,0.03378739953041077,0.00367686270560477
23.035319400019944,9361.837128323,odom,navigating,,1.2206782628073687,0.2723001291952126,-0.6091183941589372,1.6892872364095761,-1.9044142023112334,0.33274352823596,0.13964829458370642,1.3749778270721436,-0.6513118803244725,0.6513118803244725,0.06995500099947094,pixhawk_fused,True,0.8,0.2,gyro,-1.0,0.214137002825737,-0.10173363238573074,0.004185090822280371
23.035368300043046,9361.957306321,odom,navigating,,1.2361617327089205,0.2561340406523235,-0.6111445454300395,1.7114686903556362,-1.9014036608636509,0.3307173769648577,0.12950883439985791,1.3749778270721436,-0.6513118803244725,0.6513118803244725,0.1900251869992644,pixhawk_fused,True,0.8,0.2,gyro,-1.0,0.21038611233234406,-0.06744705885648727,0.004954823655398269
23.35446399997454,9362.057611024,odom,navigating,,1.2491743691728934,0.24231060249213127,-0.622496321045468,1.7303021984541203,-1.899013028517073,0.31936560134942915,0.12203965035913647,1.3867741823196411,-0.6636333543923393,0.6636333543923393,0.09209468200060655,pixhawk_fused,True,0.8,0.2,gyro,-1.0,0.21808317303657532,0.03372346609830856,0.005771525765874793
23.354571699979715,9362.158812605,odom,navigating,,1.2622807441515924,0.22814480219369415,-0.6367946831766359,1.7494677041640616,-1.896748000027257,0.3050672392182613,0.11523423504546428,1.4021704196929932,-0.6798026334237948,0.6798026334237948,0.08061353199991572,pixhawk_fused,True,0.8,0.2,gyro,-1.0,0.22063249349594116,0.06751424074172974,0.006767972662748358
23.35462420003023,9362.276896585,odom,navigating,,1.2780307174796057,0.21098104131427137,-0.6429993219500328,1.7726127102132765,-1.8941088633614236,0.29886260044486435,0.11320481069505847,1.40913724899292,-0.687049474958767,0.687049474958767,0.022913471999345347,pixhawk_fused,True,0.8,0.2,gyro,-1.0,0.22127775847911835,0.0,0.008066144592570816
23.696101299952716,9362.377276253,odom,navigating,,1.2912335808928483,0.19659883035714337,-0.6449734932651053,1.792009979993352,-1.891893119828648,0.29688842912979185,0.11523423504546428,1.412200927734375,-0.6900227829594806,0.6900227829594806,0.008854481000525993,pixhawk_fused,True,0.8,0.2,gyro,-1.0,0.21613705158233643,0.06756985932588577,0.00915022058946078
23.69621730002109,9362.497948165,odom,navigating,,1.3069237363512125,0.17959753782868138,-0.6423918645904386,1.8149884153649738,-1.8892067777398265,0.29947005780445857,0.11793503820611125,1.4106104373931885,-0.6874708918821707,0.6874708918821707,0.008954550999987987,pixhawk_fused,True,0.8,0.2,gyro,-1.0,0.2223910689353943,-0.03284407779574394,0.01037379731626109
23.696271799970418,9362.617318306,odom,navigating,,1.3222232884203184,0.1631427133235933,-0.6410505312658946,1.8372951612376875,-1.8865148209090634,0.30081139112900257,0.12465271661319678,1.4106104373931885,-0.6874708918821707,0.6874708918821707,0.12834008100071514,pixhawk_fused,True,0.8,0.2,gyro,-1.0,0.21445883810520172,0.13423144817352295,0.011478670141303337
24.035523399943486,9362.737183152,odom,navigating,,1.338309664965001,0.14610050089702165,-0.6383345191596903,1.8605397769680099,-1.8835321452177824,0.3035274032352069,0.13010392667420353,1.4080960750579834,-0.6854371022400155,0.6854371022400155,0.07035139700019499,pixhawk_fused,True,0.8,0.2,gyro,-1.0,0.22569020092487335,-0.06742021441459656,0.012454996899837922
24.035640300018713,9362.837380955,odom,navigating,,1.351774390368731,0.13200239644437683,-0.6279886369876213,1.8798613517085798,-1.8809375105806694,0.3138732854072759,0.13822159302939202,1.3971625566482544,-0.6745354600739374,0.6745354600739374,0.06235279599968635,pixhawk_fused,True,0.8,0.2,gyro,-1.0,0.21779273450374603,0.06823109835386276,0.013152844861311483
24.035690999939106,9362.957915131,odom,navigating,,1.3683859237030915,0.11489579796479177,-0.6263721138531286,1.9034669745503894,-1.8775680415556517,0.31548980854176856,0.14632019838238366,1.3971625566482544,-0.6745354600739374,0.6745354600739374,0.1824472459993558,pixhawk_fused,True,0.8,0.2,gyro,-1.0,0.22579699754714966,0.06737807393074036,0.013808731969057384
24.376108899945393,9363.077266698,odom,navigating,,1.3839180569876084,0.09907357426515184,-0.617545456586359,1.9253989883868705,-1.8743158582511865,0.32431646580853823,0.1476667814188179,1.386664867401123,-0.6638433349323167,0.6638433349323167,0.1061135669988289,pixhawk_fused,True,0.8,0.2,gyro,-1.0,0.2032718062400818,0.033753570169210434,0.014298250543135034
24.37621809996199,9363.197493128,odom,navigating,,1.3972057110046863,0.08548363770879563,-0.61832641734408,1.9442054625426741,-1.8715654665135526,0.3235355050508172,0.14292512075796926,1.387143611907959,-0.6636361615904315,0.6636361615904315,0.11257614900023327,pixhawk_fused,True,0.8,0.2,gyro,-1.0,0.17766119539737701,-0.03384338691830635,0.014755781481501811
24.37627889995929,9363.298067441,odom,navigating,,1.4066089962420496,0.07580469698998593,-0.6223141868846966,1.9575641813415448,-1.869655414486472,0.31954773551020055,0.14090714090465314,1.39199960231781,-0.6681153940171642,0.6681153940171642,0.032681237998986035,pixhawk_fused,True,0.8,0.2,gyro,-1.0,0.1393529772758484,0.0,0.015123775241724367
24.71519829996396,9363.416822978,odom,navigating,,1.4168568935539143,0.06524224294313496,-0.6253074913658867,1.9721342287259076,-1.8675821190362822,0.3165544310290105,0.1436117561164674,1.3955678939819336,-0.6725299848266585,0.6725299848266585,0.02630676599983417,pixhawk_fused,True,0.8,0.2,gyro,-1.0,0.13532331585884094,0.03351620212197304,0.015534949638618506
24.715300200041384,9363.517400587,odom,navigating,,1.4245032141721699,0.05740294245743771,-0.6222490065857024,1.982971720439713,-1.8660106151529239,0.3196129158091948,0.14359650120887557,1.3935235738754272,-0.6687048531719191,0.6687048531719191,0.06360318299994105,pixhawk_fused,True,0.8,0.2,gyro,-1.0,0.1179950088262558,-3.8708221836714074e-05,0.015811863472090997
24.71539250004571,9363.63710361,odom,navigating,,1.432612127277575,0.04906774474190745,-0.622243213785291,1.9944823573262631,-1.8643567617210923,0.3196187086096062,0.1402090548062241,1.3928368091583252,-0.6678525475808127,0.6678525475808127,0.07171504000143614,pixhawk_fused,True,0.8,0.2,gyro,-1.0,0.10576792061328888,-0.033907800912857056,0.016121019690076115
25.035222199978307,9363.737365767,odom,navigating,,1.438760849365343,0.04271544805974825,-0.6245252544838403,2.003236363873022,-1.8631215184939984,0.31733666791105686,0.14088807762137617,1.3963162899017334,-0.67087329616255,0.67087329616255,0.05581633200017677,pixhawk_fused,True,0.8,0.2,gyro,-1.0,0.0928763747215271,-3.064150223508477e-05,0.016378351641366234
25.035348500008695,9363.837538612,odom,navigating,,1.4442252585056257,0.03707191784592734,-0.6241185798612399,2.0110146530424204,-1.8620226927007384,0.3177433425336573,0.14292512075796926,1.3963162899017334,-0.67087329616255,0.67087329616255,0.15611135800099873,pixhawk_fused,True,0.8,0.2,gyro,-1.0,0.09030326455831528,0.10173869132995605,0.016605757355769867
25.035406699986197,9363.958068608,odom,navigating,,1.4499558055815513,0.03119511366196248,-0.6236321855317856,2.019138144864508,-1.8608458843805153,0.3182297368631116,0.1476782276124032,1.3968825340270996,-0.6714509695688902,0.6714509695688902,0.05440945400005148,pixhawk_fused,True,0.8,0.2,gyro,-1.0,0.07403745502233505,0.03353288024663925,0.016814456738081258
25.374548299936578,9364.076840773,odom,navigating,,1.4548833839173687,0.026230831863899517,-0.6185743752183256,2.0260513478681297,-1.8597815788525243,0.3232875471765716,0.15782531837437275,1.3924448490142822,-0.6676619493025063,0.6676619493025063,0.09480937599983008,pixhawk_fused,True,0.8,0.2,gyro,-1.0,0.05597061291337013,0.0,0.016930135412422116
25.374655399937183,9364.178689082,odom,navigating,,1.457777474370103,0.023368940101056168,-0.6084518076379057,2.0300681758436427,-1.859124861998793,0.33341011475699145,0.170703743132329,1.3834073543548584,-0.6582262351843237,0.6582262351843237,0.012063245001627365,pixhawk_fused,True,0.8,0.2,gyro,-1.0,0.04099215194582939,0.15847156941890717,0.01695958100382256
25.37470799998846,9364.296993639,odom,navigating,,1.4613289754917296,0.01997312359927328,-0.5849156432025305,2.0349035084221594,-1.8582506258831866,0.35694627919236666,0.1895598008497006,1.35836923122406,-0.6335235446425794,0.6335235446425794,0.026265731001331005,pixhawk_fused,True,0.8,0.2,gyro,-1.0,0.04648363217711449,0.1357741504907608,0.01691252246196111
25.71275019994937,9364.397611251,odom,navigating,,1.4645000189599773,0.017057865476896805,-0.5800620627650965,2.0391264182222604,-1.857401344176208,0.36179985962980066,0.21389756546332694,1.35836923122406,-0.6335235446425794,0.6335235446425794,0.12667457300085516,pixhawk_fused,True,0.8,0.2,gyro,-1.0,0.04384179785847664,0.23728318512439728,0.016786877698027232
25.712857899954543,9364.517600362,odom,navigating,,1.468469619395259,0.013623929992839234,-0.5434502985369338,2.0442385367831446,-1.8562114347914551,0.39841162385796336,0.24972902204984618,1.325844407081604,-0.5967175572844862,0.5967175572844862,0.05144657300115796,pixhawk_fused,True,0.8,0.2,gyro,-1.0,0.051298338919878006,0.2697073817253113,0.016475292881683787
25.712910800008103,,mission_status,reached,reached waypoint 2/4,1.468469619395259,0.013623929992839234,-0.5434502985369338,,,,,,,,,,,,,,,,,
25.712932499940507,,mission_status,turning,aligning for waypoint 3/4,1.468469619395259,0.013623929992839234,-0.5434502985369338,,,,,,,,,,,,,,,,,
25.71295029995963,9364.637075343,odom,turning,,1.4704833530484671,0.011970056464698065,-0.5115396165760402,2.0467605956818304,-1.8555559656581555,0.430322305818857,0.2497099501716576,1.2850877046585083,-0.5568488689395307,0.5568488689395307,0.06773254700055986,pixhawk_fused,True,0.8,0.2,gyro,-1.0,0.010369771160185337,-0.13630087673664093,0.01625412258583065
26.035046500037424,9364.737516294,odom,turning,,1.4715128379755607,0.011102484560074455,-0.523288298861081,2.048067790787136,-1.855233845833447,0.4185736235338162,0.22942337025830095,1.2988466024398804,-0.566466690901172,0.566466690901172,0.05291374700027518,pixhawk_fused,True,0.8,0.2,gyro,-1.0,0.020553147420287132,-0.2701517641544342,0.016156850121245694
26.0351529000327,9364.857252747,odom,turning,,1.4738501188275088,0.009001741833177812,-0.5327557060882271,2.0511415500699095,-1.8545796244205786,0.4091062163066701,0.18206010445037593,1.2988466024398804,-0.566466690901172,0.566466690901172,0.17255770299925643,pixhawk_fused,True,0.8,0.2,gyro,-1.0,0.036081504076719284,-0.4742574095726013,0.016029862801312696
26.035205699969083,9364.957610738,odom,turning,,1.4760202957703017,0.00686275342980025,-0.6017231658351108,2.0541479324493874,-1.8540830316888781,0.3401387565597864,0.13613495256037939,1.3724396228790283,-0.6411922724875329,0.6411922724875329,0.05019913300020562,pixhawk_fused,True,0.8,0.2,gyro,-1.0,0.03829621896147728,-0.5033677220344543,0.01604689876475447
26.375233700033277,9365.058189184,odom,turning,,1.478271806191176,0.004422138818089394,-0.6117292620657329,2.0574460734564095,-1.8536981099357888,0.33013266032916433,0.0860937564109178,1.3724396228790283,-0.6411922724875329,0.6411922724875329,0.1504605160007486,pixhawk_fused,True,0.8,0.2,gyro,-1.0,0.04084727540612221,-0.5368989706039429,0.016223166162693252
26.37534369993955,9365.176930987,odom,turning,,1.480924104322403,0.0012004778708616382,-0.7320843935835859,2.0616115881166652,-1.8534485658495072,0.2097775288113113,0.023193216248231438,1.507633090019226,-0.7759032914372799,0.7759032914372799,0.01048027899923909,pixhawk_fused,True,0.8,0.2,gyro,-1.0,0.04084727540612221,-0.5368989706039429,0.012253861454550298
26.375409699976444,9365.296900085,odom,turning,,1.483346641144747,-0.002148985305865825,-0.7847063974172602,2.0657452859059204,-1.8534600032867952,0.15715552497763696,-0.03910460579085626,1.557395577430725,-0.8261095963450786,0.8261095963450786,0.01594552200003818,pixhawk_fused,True,0.8,0.2,gyro,-1.0,0.04148535057902336,-0.5452858805656433,0.008122277465293176
26.715282700024545,9365.397666567,odom,turning,,1.4853914127480286,-0.005361296826635997,-0.7961804540639784,2.0695458423399895,-1.8536962383551416,0.14568146833091877,-0.09649290497229814,1.557395577430725,-0.8261095963450786,0.8261095963450786,0.11612948600122763,pixhawk_fused,True,0.8,0.2,gyro,-1.0,0.041050951927900314,-0.5395761132240295,0.004315795779206544
26.715383799979463,9365.517669664,odom,turning,,1.4875822079956103,-0.009334263714892876,-0.8968854454050549,2.0740474097031045,-1.85426187161738,0.04497647698984231,-0.16487516995929474,1.6669813394546509,-0.9348935832115528,0.9348935832115528,0.04730836199996702,pixhawk_fused,True,0.8,0.2,gyro,-1.0,0.04148535057902336,-0.5452858805656433,0.00020275374774916694
26.715421100030653,9365.637300273,odom,turning,,1.4895992193218164,-0.013686957878723982,-0.9558003341717297,2.078753811170376,-1.8551914233387792,-0.013938411776832527,-0.23718275985091733,1.7234244346618652,-0.9904615848990795,0.9904615848990795,0.055706155000734725,pixhawk_fused,True,0.8,0.2,gyro,-1.0,0.04644866660237312,-0.6105239987373352,0.004938699268107603
27.05444350000471,9365.757692395,odom,turning,,1.4913135330198446,-0.018223085868189548,-0.9704186691364896,2.0834304753006987,-1.8564736640354562,-0.028556746741592365,-0.3102838104402282,1.7234244346618652,-0.9904615848990795,0.9904615848990795,0.17585097000119276,pixhawk_fused,True,0.8,0.2,gyro,-1.0,0.0465303398668766,-0.6115975379943848,0.00965722045057552
27.054550700006075,9365.861337687,odom,turning,,1.4925510594924636,-0.02232687512170639,-1.030681123563833,2.08747704061316,-1.8578871233308363,-0.08881920116893571,-0.37489333635690486,1.781654715538025,-1.04963804564203,1.04963804564203,0.10089760599839792,pixhawk_fused,True,0.8,0.2,gyro,-1.0,0.05040545016527176,-0.6625322103500366,0.013750600147205111
27.05460709996987,9365.976596591,odom,turning,,1.4935865996913766,-0.026853281299238585,-1.1476733658629772,2.0917465319760336,-1.8597125383219864,-0.20581144346808,-0.4448815776063951,1.9111433029174805,-1.1783785608741162,1.1783785608741162,0.06181104399911419,pixhawk_fused,True,0.8,0.2,gyro,-1.0,0.03889447823166847,-0.5112313032150269,0.01808113139046225
27.356060600024648,9366.076715612,odom,turning,,1.4942230153246197,-0.030795701329673575,-1.197264331501368,2.095308981761109,-1.8615171579726129,-0.25540240910647083,-0.5050660490291193,1.9570752382278442,-1.2253211620780347,1.2253211620780347,0.01068117899922072,pixhawk_fused,True,0.8,0.2,gyro,-1.0,0.04407374560832977,-0.5793079137802124,0.02170432586838445
27.356172399944626,9366.176849135,odom,turning,,1.4946169287828646,-0.03471832497099481,-1.299676943073975,2.09871276309799,-1.8635062322936826,-0.3578150206790778,-0.5644876241253436,2.070669174194336,-1.3384793404075024,1.3384793404075024,0.0035668439995788503,pixhawk_fused,True,0.8,0.2,gyro,-1.0,0.04618922621011734,-0.6071138978004456,0.02517537852627682
27.35622419998981,9366.278558274,odom,turning,,1.4947765019587678,-0.038603385233080045,-1.3113969709091342,2.1019483101300365,-1.8656627091059663,-0.369535048514237,-0.6230966165145139,2.070669174194336,-1.3384793404075024,1.3384793404075024,0.10505013799956942,pixhawk_fused,True,0.8,0.2,gyro,-1.0,0.04347476363182068,-0.5714348554611206,0.0284841348737588
27.713761999970302,9366.397429877,odom,turning,,1.4946710914103698,-0.04319527905824072,-1.3692824092494782,2.105599556019147,-1.868449284736111,-0.427420486854581,-0.6923295588639929,2.1256837844848633,-1.3935281889172908,1.3935281889172908,0.10833656599970709,pixhawk_fused,True,0.8,0.2,gyro,-1.0,0.04340022802352905,-0.5704551339149475,0.032230302989385486
27.713842700002715,9366.517671193,odom,turning,,1.4942659465716517,-0.04761871378801685,-1.471686171918461,2.10893824794019,-1.8713791402624624,-0.5298242495235639,-0.7592774917857239,2.2362539768218994,-1.5047954528066034,1.5047954528066034,0.036718107001433964,pixhawk_fused,True,0.8,0.2,gyro,-1.0,0.041069380939006805,-0.5398183465003967,0.03566910192430424
27.71389100002125,9366.636543018,odom,turning,,1.493573968657997,-0.05196459626385619,-1.4849496285654242,2.1120454877212067,-1.874495322039904,-0.543087706170527,-0.8256036472767404,2.2362539768218994,-1.5047954528066034,1.5047954528066034,0.15556087700133503,pixhawk_fused,True,0.8,0.2,gyro,-1.0,0.041300129145383835,-0.5428513288497925,0.038883084830524446
28.036279099993408,9366.737681472,odom,turning,,1.4927642130257963,-0.055601022461109206,-1.5395100290517183,2.1145097355732374,-1.8772893839926372,-0.5976481066568211,-0.8817560005366216,2.2901227474212646,-1.5589581398698207,1.5589581398698207,0.07625128499967104,pixhawk_fused,True,0.8,0.2,gyro,-1.0,0.038728583604097366,-0.5090507864952087,0.04144323735903656
28.036363000050187,9366.857970102,odom,turning,,1.4914522278058202,-0.06012330376389896,-1.6382328942868931,2.1173948811174634,-1.8810107101793119,-0.6963709718919959,-0.9527245683070591,2.396648406982422,-1.6646172897549982,1.6646172897549982,0.09238443200047186,pixhawk_fused,True,0.8,0.2,gyro,-1.0,0.0464533269405365,-0.6105852723121643,0.04445635667456843
28.036411199951544,9366.95820129,odom,turning,,1.4901080692699757,-0.06383322173501826,-1.6501215211267446,2.1196041780946766,-1.8842801536164115,-0.7082595987318474,-1.0121995645665587,2.396648406982422,-1.6646172897549982,1.6646172897549982,0.1923739800004114,pixhawk_fused,True,0.8,0.2,gyro,-1.0,0.04618231952190399,-0.6070231199264526,0.04677828534082513
28.375017300015315,9367.076861085,odom,turning,,1.4882365629047665,-0.06810884581329724,-1.8032541392401178,2.1219607060827963,-1.888308834936023,-0.8613922168452206,-1.082542503657347,2.5691704750061035,-1.8384387783142442,1.8384387783142442,0.002633911999510019,pixhawk_fused,True,0.8,0.2,gyro,-1.0,0.04374314099550247,-0.5749623775482178,0.04927382296344069
28.375133499968797,9367.178600892,odom,turning,,1.4864623315281427,-0.07154325355402347,-1.8149049697659416,2.1236942056688326,-1.8917639807639972,-0.8730430473710444,-1.140800616085873,2.5691704750061035,-1.8384387783142442,1.8384387783142442,0.10426348100008909,pixhawk_fused,True,0.8,0.2,gyro,-1.0,0.04400943964719772,-0.5784626603126526,0.051126717117963044
28.375191899947822,9367.297032606,odom,turning,,1.4841547076662545,-0.07539295467533191,-1.872450441966628,2.1254497483158237,-1.895894767205579,-0.9305885195717307,-1.2084504437083945,2.624845504760742,-1.893459091696393,1.893459091696393,0.11397243800092838,pixhawk_fused,True,0.8,0.2,gyro,-1.0,0.04407818615436554,-0.5793662667274475,0.05302519412471832
28.69491319998633,9367.416384587,odom,turning,,1.4815926664304486,-0.07907568876795457,-1.9306167198947715,2.1269206027510488,-1.9001330655576671,-0.9887547974998743,-1.284221828300292,2.6788330078125,-1.9472277384134644,1.9472277384134644,0.033250500999201904,pixhawk_fused,True,0.8,0.2,gyro,-1.0,0.033599529415369034,-0.7813764214515686,0.054642903878989034
28.694993900018744,9367.517032839,odom,turning,,1.479615235878938,-0.08145698501935528,-2.0418331278442925,2.127682959934639,-1.9031330013815826,-1.0999712054493953,-1.3632585465014702,2.800942897796631,-2.066484270426881,2.066484270426881,0.034315873999730684,pixhawk_fused,True,0.8,0.2,gyro,-1.0,0.041294172406196594,-0.6784586906433105,0.05550937704237291
28.69504100002814,9367.61757717,odom,turning,,1.4780005482457779,-0.08313927748216399,-2.0572667510617535,2.128093459956572,-1.905428391068563,-1.1154048286668563,-1.4405061829321446,2.800942897796631,-2.066484270426881,2.066484270426881,0.13433457299834117,pixhawk_fused,True,0.8,0.2,gyro,-1.0,0.023336686193943024,-0.7157237529754639,0.0559996460562684
29.01585620001424,9367.718729979,odom,turning,,1.4768920598401554,-0.08411721046802356,-2.129458359345648,2.128232164877864,-1.9069000773174087,-1.1875964369507508,-1.5195313466183389,2.8721089363098145,-2.1369730859729166,2.1369730859729166,0.05704096700173977,pixhawk_fused,True,0.8,0.2,gyro,-1.0,0.01801188290119171,-0.7102477550506592,0.05618957043235546
29.01598769996781,9367.837096974,odom,turning,,1.4754582657726916,-0.08520013234519075,-2.261793621746171,2.128264397655675,-1.9086965867852312,-1.3199316993512737,-1.598068327392708,3.018580675125122,-2.2827336306902284,2.2827336306902284,0.07104199999957928,pixhawk_fused,True,0.8,0.2,gyro,-1.0,0.02070094831287861,-0.5441890358924866,0.0562844108894196
29.016069100005552,9367.937156432,odom,turning,,1.4744883411556249,-0.08584041835415501,-2.2723267412109447,2.1282115774907453,-1.9098575906466564,-1.3304648188160475,-1.6507951617186292,3.018580675125122,-2.2827336306902284,2.2827336306902284,0.17094759199972032,pixhawk_fused,True,0.8,0.2,gyro,-1.0,0.012865628115832806,-0.4396771192550659,0.05627209603827836
29.355513300048187,9368.05753547,odom,turning,,1.4730214480083184,-0.08671417546622295,-2.3355509033255326,2.128055196530009,-1.9115578176878552,-1.3936889809306354,-1.6779252415265808,3.0888938903808594,-2.354966945621621,2.354966945621621,0.09362178399896948,pixhawk_fused,True,0.8,0.2,gyro,-1.0,0.012829700484871864,-0.1686343401670456,0.056175080942326504
29.355622499948367,9368.157874641,odom,turning,,1.4722009802114335,-0.08717990116819618,-2.3831917065525063,2.1279491402933393,-1.9124952716386532,-1.4413297841576092,-1.6921425614730259,3.1407783031463623,-2.410961256581795,2.410961256581795,0.0764354139992065,pixhawk_fused,True,0.8,0.2,gyro,-1.0,0.007744552101939917,-0.10179484635591507,0.056101769308833996
29.355723000015132,9368.276769845,odom,turning,,1.4720441878567079,-0.0872669633206199,-2.394695636621925,2.1279273051857897,-1.912673279753534,-1.4528337142270278,-1.6948433850395364,-3.128793954849243,-2.4246659543695563,2.4246659543695563,0.023587491999933263,pixhawk_fused,True,0.8,0.2,gyro,-1.0,0.0,0.0,0.05608615293003174
29.67696920002345,9368.378825851,odom,turning,,1.4720441878567079,-0.0872669633206199,-2.3966820510052225,2.1279273051857897,-1.912673279753534,-1.4548201286103253,-1.6948433850395364,-3.127131462097168,-2.4271489686960988,2.4271489686960988,0.015169623999099713,pixhawk_fused,True,0.8,0.2,gyro,-1.0,0.0,0.0,0.05608615293003174
29.677051199949346,9368.497137945,odom,turning,,1.4719649355259325,-0.08731073149517976,-2.3979652332932937,2.127916075701907,-1.9127631156245954,-1.4561033108983965,-1.6962052625864454,-3.1254541873931885,-2.4284124773884823,2.4284124773884823,0.008925498999815318,pixhawk_fused,True,0.8,0.2,gyro,-1.0,0.0,0.0,0.056078061997580884
29.677100399974734,9368.597852274,odom,turning,,1.4720042253662653,-0.08728909207896973,-2.3981002899471826,2.1279216904438485,-1.9127186135958751,-1.4562383675522854,-1.6968805511365788,-3.1254541873931885,-2.4284124773884823,2.4284124773884823,0.10927900599926943,pixhawk_fused,True,0.8,0.2,gyro,-1.0,0.0,0.0,0.05608212196253816
30.036015399964526,9368.7189612,odom,turning,,1.4720043935287928,-0.08728896974343492,-2.3989224220495897,2.1279216904438485,-1.91271840564247,-1.4570604996546925,-1.6995928021544577,-3.12530779838562,-2.4287620823117604,2.4287620823117604,0.05272459499974502,pixhawk_fused,True,0.8,0.2,gyro,-1.0,0.0025656844954937696,-0.033723507076501846,0.05608211471317234
30.036099100019783,9368.837593469,odom,turning,,1.4719656081760424,-0.08731024215304051,-2.4084958298672103,2.127916075701907,-1.9127622838109746,-1.4666339074723131,-1.7273064658469615,-3.1189637184143066,-2.4338005789308506,2.4338005789308506,0.06322837399966375,pixhawk_fused,True,0.8,0.2,gyro,-1.0,0.0,-0.4070363938808441,0.05607803300011776
30.036145900026895,9368.957490325,odom,turning,,1.4718444965680404,-0.08736928985865111,-2.419979243677488,2.1278925769671155,-1.9128949580835142,-1.4781173212825909,-1.7847596351421695,-3.1189637184143066,-2.4338005789308506,2.4338005789308506,0.18289466399983212,pixhawk_fused,True,0.8,0.2,gyro,-1.0,0.002553334226831794,-0.5034176707267761,0.056059173643513545
30.348151299986057,9369.058218208,odom,turning,,1.4714302026382478,-0.08754107356131358,-2.493145118777198,2.1277877684508772,-1.9133310363742915,-1.5512831963823008,-1.8186227634479724,-3.0381052494049072,-2.5167834026901676,2.5167834026901676,0.0872746469995036,pixhawk_fused,True,0.8,0.2,gyro,-1.0,0.010286846198141575,-0.13521090149879456,0.05596963075123749
30.34827169997152,9369.176511878,odom,turning,,1.471221641046648,-0.08762413713589445,-2.521001745836613,2.1277322448916793,-1.9135485556361669,-1.5791398234417158,-1.8220063942750135,-3.0079245567321777,-2.550757839211698,2.550757839211698,0.09284948099957546,pixhawk_fused,True,0.8,0.2,gyro,-1.0,-0.002572739962488413,0.03381624445319176,0.055921723776558234
30.348349099978805,,mission_status,navigating,going to waypoint 3/4,1.471221641046648,-0.08762413713589445,-2.521001745836613,,,,,,,,,,,,,,,,,
30.674544399953447,9369.279296012,odom,navigating,,1.471221641046648,-0.08762413713589445,-2.5242686081705776,2.1277322448916793,-1.9135485556361669,-1.5824066857756804,-1.8220063942750135,-3.0041861534118652,-2.5548414115397886,2.5548414115397886,0.013522513001589687,pixhawk_fused,True,0.8,0.2,gyro,-1.0,0.0,0.0,0.055921723776558234
30.67462439998053,9369.396153548,odom,navigating,,1.471221641046648,-0.08762413713589445,-2.5234014588999196,2.1277322448916793,-1.9135485556361669,-1.5815395365050224,-1.8220063942750135,-3.0044641494750977,-2.553757477400328,2.553757477400328,0.005753531000664225,pixhawk_fused,True,0.8,0.2,gyro,-1.0,0.0,0.0,0.055921723776558234
30.67466899997089,9369.496308399,odom,navigating,,1.471221641046648,-0.08762413713589445,-2.52348754211877,2.1277322448916793,-1.9135485556361669,-1.581625619723873,-1.8220063942750135,-3.004373073577881,-2.553865081218506,2.553865081218506,0.047845703000348294,pixhawk_fused,True,0.8,0.2,gyro,-1.0,0.0,0.0,0.055921723776558234
30.674708800041117,9369.596764555,odom,navigating,,1.471221641046648,-0.08762413713589445,-2.523514555264863,2.1277322448916793,-1.9135485556361669,-1.5816526328699658,-1.8220063942750135,-3.004340887069702,-2.5538988475850477,2.5538988475850477,0.03326674399977492,pixhawk_fused,True,0.8,0.2,gyro,-1.0,0.0,0.0,0.055921723776558234
31.01367290003691,9369.717225545,odom,navigating,,1.4699712354265477,-0.08812773201239776,-2.5213329181320407,2.127403886464814,-1.9148559586948772,-1.5794709957371436,-1.8112107861865459,-3.0043344497680664,-2.553870617186154,2.553870617186154,0.043265096999675734,pixhawk_fused,True,0.8,0.2,gyro,-1.0,0.031107742339372635,0.06814701855182648,0.055639141692700934
31.013758399989456,9369.817366804,odom,navigating,,1.4648533485418813,-0.09020534775110278,-2.5216555010192025,2.1260731926247174,-1.9202167895284221,-1.5797935786243054,-1.8200113119824477,-3.0049631595611572,-2.5520738000063847,2.5520738000063847,0.033256948001508135,pixhawk_fused,True,0.8,0.2,gyro,-1.0,0.08813861012458801,-0.13629399240016937,0.05449613806536004
31.013815899961628,9369.936398435,odom,navigating,,1.4534473184899337,-0.09467317236513295,-2.536631360771262,2.122976142560557,-1.9320686779529623,-1.5947694383763649,-1.836933358448936,-2.9906694889068604,-2.566563116350646,2.566563116350646,0.035808492999422015,pixhawk_fused,True,0.8,0.2,gyro,-1.0,0.1412535011768341,-0.16878578066825867,0.05181413353083297
31.33912350004539,9370.036663838,odom,navigating,,1.441000067926483,-0.0993160015245691,-2.5500049648819196,2.1194080780335405,-1.9448655066508889,-1.6081430424870224,-1.8504601851329148,-2.9764039516448975,-2.5798984149484587,2.5798984149484587,0.05614061299820605,pixhawk_fused,True,0.8,0.2,gyro,-1.0,0.16771899163722992,-0.1696324348449707,0.048694341940135846
31.339203899959102,9370.157794565,odom,navigating,,1.423425608966467,-0.10562842913785842,-2.551897057563953,2.1141738908237837,-1.962790674275308,-1.6100351351690558,-1.8599206702960112,-2.9764039516448975,-2.5798984149484587,2.5798984149484587,0.1764470709986199,pixhawk_fused,True,0.8,0.2,gyro,-1.0,0.1906878650188446,-0.1354817897081375,0.044088216966540604
31.339250099961646,9370.258646749,odom,navigating,,1.4076158410809074,-0.11127425555853188,-2.560570254958997,2.10943879178659,-1.978896665510734,-1.6187083325640996,-1.8490944700682974,-2.9642250537872314,-2.593446336695428,2.593446336695428,0.0964918839999882,pixhawk_fused,True,0.8,0.2,gyro,-1.0,0.19842839241027832,0.2371048778295517,0.03991745936162554
31.67433109995909,9370.377503853,odom,navigating,,1.3870292621081084,-0.11905507623807754,-2.5550967562515545,2.103620047554718,-2.0001214298160117,-1.6132348338566573,-1.8227236102625421,-2.9670512676239014,-2.5931955588101103,2.5931955588101103,0.10750322199965012,pixhawk_fused,True,0.8,0.2,gyro,-1.0,0.20424117147922516,0.13416138291358948,0.03484215835367967
31.67445049993694,9370.479180398,odom,navigating,,1.3691950866738747,-0.12635235256429922,-2.5183745810389198,2.0990294761341626,-2.018835988566702,-1.5765126586440226,-1.7920839147948733,-3.003980875015259,-2.554953514361258,2.554953514361258,0.015469153000594815,pixhawk_fused,True,0.8,0.2,gyro,-1.0,0.217880979180336,0.4090547561645508,0.03090677656366773
31.674586200038902,9370.596694639,odom,navigating,,1.3484094565213853,-0.1357705344549428,-2.4752922350840914,2.0944176934662733,-2.0411849489806784,-1.5334303126891942,-1.746975043842193,-3.047982692718506,-2.5123775804279997,2.5123775804279997,0.02830917000028421,pixhawk_fused,True,0.8,0.2,gyro,-1.0,0.22127313911914825,0.4735356867313385,0.02707689358408521
31.99310299998615,9370.697132374,odom,navigating,,1.331362213685934,-0.1443273354013328,-2.4429321575308336,2.0913085821046096,-2.0600041082942013,-1.5010702351359364,-1.7192460332058266,-3.0796165466308594,-2.478860195898886,2.478860195898886,0.01329413200073759,pixhawk_fused,True,0.8,0.2,gyro,-1.0,0.21608352661132812,0.20294317603111267,0.024625717833306845
31.993188100052066,9370.817112274,odom,navigating,,1.3118381656546227,-0.15479320788127415,-2.437378760527598,2.0882861873129284,-2.081949223195212,-1.4955168381327009,-1.6914636729592771,-3.0796165466308594,-2.478860195898886,2.478860195898886,0.13379969900051947,pixhawk_fused,True,0.8,0.2,gyro,-1.0,0.2231014221906662,0.20451653003692627,0.02237017841107749
31.993239099974744,9370.918653786,odom,navigating,,1.2955796522854528,-0.16400364389015876,-2.3976487178442127,2.08616963755445,-2.100515095261159,-1.4557867954493156,-1.6732828143090204,-3.1248257160186768,-2.433746642508979,2.433746642508979,0.010734198998761713,pixhawk_fused,True,0.8,0.2,gyro,-1.0,0.2212984412908554,0.22963884472846985,0.02090213124418365
32.3362956000492,9371.037123403,odom,navigating,,1.275435130777549,-0.17591996613452254,-2.3948064283498107,2.0839551417421056,-2.123815234550679,-1.4529445059549135,-1.659065458043211,-3.1248257160186768,-2.433746642508979,2.433746642508979,0.12927864599987515,pixhawk_fused,True,0.8,0.2,gyro,-1.0,0.23115365207195282,-0.06751774251461029,0.019501236617072468
32.336355500039645,9371.157388461,odom,navigating,,1.2551356230098611,-0.18815913783468474,-2.384068863159617,2.0819105438618384,-2.1474306312025346,-1.44220694076472,-1.6563683763006722,-3.137083053588867,-2.4210001022307828,2.4210001022307828,0.10101710500021,pixhawk_fused,True,0.8,0.2,gyro,-1.0,0.21905529499053955,-0.033873848617076874,0.01828112669435638
32.336385900038294,9371.257876605,odom,navigating,,1.2381653254129197,-0.198343843824344,-2.3794655711074175,2.0801631113976513,-2.1671452378789984,-1.4376036487125203,-1.663814613770099,3.139634847640991,-2.413385309813048,2.413385309813048,0.09212612600094872,pixhawk_fused,True,0.8,0.2,gyro,-1.0,0.22677530348300934,0.0,0.017222017963904095
32.675778400036506,9371.358827401,odom,navigating,,1.221610818619861,-0.20801416912831672,-2.390472580570789,2.078244325327551,-2.186221011694581,-1.448610658175892,-1.68353666025704,-3.133953332901001,-2.422213777301337,2.422213777301337,0.07415896299971791,pixhawk_fused,True,0.8,0.2,gyro,-1.0,0.21778713166713715,-0.27262917160987854,0.01596938972688418
32.67583680001553,9371.47699081,odom,navigating,,1.2020294332978296,-0.2188982353105391,-2.4246163517458137,2.0755263743211336,-2.2084585090833517,-1.4827544293509165,-1.703800370714189,-3.0990869998931885,-2.4598270702338474,2.4598270702338474,0.007371162999334047,pixhawk_fused,True,0.8,0.2,gyro,-1.0,0.21701189875602722,-0.1677892506122589,0.01402830165328949
32.67586770001799,9371.59728987,odom,navigating,,1.1820735577788586,-0.22955739030307226,-2.4362369314865506,2.0724062414289923,-2.2308665282644147,-1.4943750090916534,-1.7125130635836563,-3.086806297302246,-2.4721744025773065,2.4721744025773065,0.01554135399965162,pixhawk_fused,True,0.8,0.2,gyro,-1.0,0.2109949141740799,0.1002408117055893,0.011691220625254335
33.01515110000037,9371.717655781,odom,navigating,,1.1618860932501676,-0.2402842159888473,-2.435421622567739,2.0692045908019994,-2.253501632563994,-1.4935597001728418,-1.708435281681416,-3.086806297302246,-2.4721744025773065,2.4721744025773065,0.1355701640004554,pixhawk_fused,True,0.8,0.2,gyro,-1.0,0.22474484145641327,0.0011252473341301084,0.009280587717307663
33.0152615000261,9371.837038631,odom,navigating,,1.1409809837462852,-0.2516166937449466,-2.4335191255346,2.0660705250317073,-2.2770733590007506,-1.4916572031397028,-1.6948777805613027,-3.086747646331787,-2.473183882100943,2.473183882100943,0.0827602699991985,pixhawk_fused,True,0.8,0.2,gyro,-1.0,0.244044229388237,0.10129683464765549,0.006970149730468163
33.01532080001198,9371.937298264,odom,navigating,,1.1235017057166103,-0.26140893925770914,-2.4156645413245665,2.0637063027675944,-2.296968677186363,-1.4738026189296694,-1.6806871269763308,-3.105473041534424,-2.454413998661998,2.454413998661998,0.022985718000199995,pixhawk_fused,True,0.8,0.2,gyro,-1.0,0.225729301571846,0.13478973507881165,0.0053009257917686235
33.35531350004021,9372.057823873,odom,navigating,,1.1036172720481996,-0.2729259523370066,-2.413230161893015,2.0613219090231736,-2.3198235882352756,-1.4713682394981178,-1.6685067769010211,-3.105473041534424,-2.454413998661998,2.454413998661998,0.14306663699971978,pixhawk_fused,True,0.8,0.2,gyro,-1.0,0.21735168993473053,0.03368132933974266,0.0037147156066666205
33.355420600040816,9372.159791802,odom,navigating,,1.0877815402496065,-0.2823127960353279,-2.4032640277288073,2.0595967275733464,-2.3381513536522287,-1.4614021053339101,-1.659053990213247,-3.115549325942993,-2.444319663582805,2.444319663582805,0.09430016599981172,pixhawk_fused,True,0.8,0.2,gyro,-1.0,0.21352577209472656,0.032259780913591385,0.002629498345902458
33.3554804000305,9372.276795699,odom,navigating,,1.0687577886329036,-0.2939471253442113,-2.3848316567180814,2.057813527123459,-2.360379285184359,-1.4429697343231842,-1.640899844297854,-3.134425640106201,-2.4258178087607654,2.4258178087607654,0.10372022699993977,pixhawk_fused,True,0.8,0.2,gyro,-1.0,0.22833453118801117,0.16860917210578918,0.0016222592045043553
33.71412100002635,9372.39737957,odom,navigating,,1.0498977748207285,-0.30585707811433954,-2.372403558955141,2.056349535150607,-2.3826369540534373,-1.430541636560244,-1.6320839692799722,3.1355252265930176,-2.4124875205293925,2.4124875205293925,0.1109260989996983,pixhawk_fused,True,0.8,0.2,gyro,-1.0,0.19438138604164124,0.06723576039075851,0.0009350711803935303
33.714208199991845,9372.518068715,odom,navigating,,1.0305021474315903,-0.31815205227545373,-2.3711648702861874,2.0548818000164606,-2.40555425112392,-1.4293029478912902,-1.6381837022410783,3.1298329830169678,-2.4094155872896943,2.4094155872896943,0.03411177599991788,pixhawk_fused,True,0.8,0.2,gyro,-1.0,0.20997726917266846,-0.10222052782773972,0.0002671372583033425
33.714262199937366,9372.636580525,odom,navigating,,1.0113690841022018,-0.3300433442644597,-2.373871597652939,2.053242087416185,-2.42802174497888,-1.4320096752580418,-1.6517221550109533,3.1298329830169678,-2.4094155872896943,2.4094155872896943,0.15302694300044095,pixhawk_fused,True,0.8,0.2,gyro,-1.0,0.2168148159980774,-0.13570597767829895,0.0005883499779091302
34.05650179996155,9372.758090161,odom,navigating,,0.9925157170959036,-0.34137139530856625,-2.384741649905445,2.0513114480019863,-2.4499317157544063,-1.4428797275105478,-1.6679460622493674,3.139665126800537,-2.418947496226493,2.418947496226493,0.09532841200052644,pixhawk_fused,True,0.8,0.2,gyro,-1.0,0.20482361316680908,-0.10223593562841415,0.0017540227485427656
34.05663380003534,9372.858783154,odom,navigating,,0.976789941322534,-0.3505170086584628,-2.407398159624649,2.0494558797670774,-2.468028652891549,-1.465536237229752,-1.6786423513379742,-3.1183829307556152,-2.4445931078702845,2.4445931078702845,0.09495247999984713,pixhawk_fused,True,0.8,0.2,gyro,-1.0,0.201974019408226,-0.033604517579078674,0.002977594339597453
34.05670039996039,9372.976747353,odom,navigating,,0.9571369100497527,-0.3617221851243288,-2.4177824890825033,2.0469554480225356,-2.4905129909723334,-1.475920566687606,-1.6799852618160576,-3.1060564517974854,-2.457236384889547,2.457236384889547,0.014122235999820987,pixhawk_fused,True,0.8,0.2,gyro,-1.0,0.2238672375679016,0.16903729736804962,0.0046926903651939664
34.37430879997555,9373.076892809,odom,navigating,,0.9408685574599431,-0.37098272467158033,-2.4243286786437777,2.044873626482731,-2.5091162946512227,-1.4824667562488805,-1.6833725729771674,-3.0994322299957275,-2.4645716266990343,2.4645716266990343,0.00329646399950434,pixhawk_fused,True,0.8,0.2,gyro,-1.0,0.20521382987499237,0.06743357330560684,0.0061247255358401
34.37441809999291,9373.176940288,odom,navigating,,0.9241707409433597,-0.38039136729599915,-2.425541752579942,2.042658922716982,-2.5281540129936473,-1.4836798301850447,-1.6894418866379655,-3.0994322299957275,-2.4645716266990343,2.4645716266990343,0.10320852199947694,pixhawk_fused,True,0.8,0.2,gyro,-1.0,0.20328712463378906,-0.1014690026640892,0.007674418239829418
34.37447050004266,9373.296433533,odom,navigating,,0.9037776152675259,-0.39183304509658423,-2.4296227254560643,2.0399143536746944,-2.5513759618027994,-1.487760803061167,-1.6874008896106953,-3.0935399532318115,-2.470181810176436,2.470181810176436,0.11253886499980581,pixhawk_fused,True,0.8,0.2,gyro,-1.0,0.219946950674057,0.0,0.009607789673025047
34.69544020004105,9373.397634088,odom,navigating,,0.8874770856974159,-0.4010295585945241,-2.430903117169826,2.03776182797711,-2.5699676200909956,-1.489041194774929,-1.682666977142968,-3.091224431991577,-2.4729641315252224,2.4729641315252224,0.01267200700021931,pixhawk_fused,True,0.8,0.2,gyro,-1.0,0.20840777456760406,0.10152485966682434,0.011110891991029088
34.695538399973884,9373.516622331,odom,navigating,,0.8687126952682124,-0.4117633888653378,-2.42331404774671,2.035403012501533,-2.591456069314111,-1.481452125351813,-1.6752244175422348,-3.097832441329956,-2.4653384797149043,2.4653384797149043,0.03365636600028665,pixhawk_fused,True,0.8,0.2,gyro,-1.0,0.20219014585018158,0.1362871378660202,0.01271917503646351
34.69558609998785,9373.617392677,odom,navigating,,0.8546659595873317,-0.4198973698301094,-2.422773680466441,2.0337171342452955,-2.6076001160226947,-1.4809117580715436,-1.6725198118598714,-3.097832441329956,-2.4653384797149043,2.4653384797149043,0.134184294998704,pixhawk_fused,True,0.8,0.2,gyro,-1.0,0.1730484664440155,0.033948615193367004,0.013841238582417061
35.03554009995423,9373.71809773,odom,navigating,,0.8417780833607744,-0.4274503448712309,-2.417292216813585,2.032243160508992,-2.6224652492890854,-1.475430294418688,-1.6624832895645827,-3.102189540863037,-2.4609941295110325,2.4609941295110325,0.054139262001626776,pixhawk_fused,True,0.8,0.2,gyro,-1.0,0.16258643567562103,0.2067568600177765,0.014796110006141571
35.035690500051714,9373.838824175,odom,navigating,,0.8277366359353633,-0.4359037284103677,-2.4039039480008064,2.0308186796831347,-2.6387929188544916,-1.4620420256059092,-1.6516305418381898,-3.1165127754211426,-2.446972932862554,2.446972932862554,0.07334855199951562,pixhawk_fused,True,0.8,0.2,gyro,-1.0,0.14760902523994446,0.06263134628534317,0.01565053381250126
35.03575599996839,9373.957162291,odom,navigating,,0.815798593322222,-0.44325046073342084,-2.402421921166717,2.029736698115699,-2.652768635406694,-1.4605599987718199,-1.6442109354886956,-3.1165127754211426,-2.446972932862554,2.446972932862554,0.19121872100004111,pixhawk_fused,True,0.8,0.2,gyro,-1.0,0.12884314358234406,0.06774083524942398,0.016244656862613054
35.376302500022575,9374.05866328,odom,navigating,,0.8073574011301035,-0.4485133492377824,-2.394579973097781,2.0290267451902273,-2.662690716230656,-1.4527180507028836,-1.6415177711930422,-3.1256062984466553,-2.4378458697073797,2.4378458697073797,0.09487613499914005,pixhawk_fused,True,0.8,0.2,gyro,-1.0,0.11059734970331192,-0.0337706059217453,0.016608289281245865
35.37641020002775,9374.177212873,odom,navigating,,0.7989123136436055,-0.45380093007744543,-2.3898349027062062,2.0283344683042013,-2.6726304730940633,-1.447972980311309,-1.640167317851032,-3.130875825881958,-2.4322533242446074,2.4322533242446074,0.10183409099954588,pixhawk_fused,True,0.8,0.2,gyro,-1.0,0.08491533994674683,-0.03385007008910179,0.016953640208069866
35.376472100033425,9374.297215772,odom,navigating,,0.7914508694528322,-0.4584801618149207,-2.3890307467114713,2.0277289079881577,-2.6814169203720395,-1.4471688243165741,-1.638130287437487,-3.130469560623169,-2.431756975540396,2.431756975540396,0.04433986599906348,pixhawk_fused,True,0.8,0.2,gyro,-1.0,0.08579163998365402,0.06633234769105911,0.01725253225484159
35.73651539999992,9374.417338538,odom,navigating,,0.7848383703732301,-0.462649035213607,-2.388742704400362,2.027210064242097,-2.6892166287421766,-1.446880782005465,-1.6333580833666197,-3.1292600631713867,-2.4325883122826633,2.4325883122826633,0.0532874400014407,pixhawk_fused,True,0.8,0.2,gyro,-1.0,0.07531365007162094,0.03413538262248039,0.017499158679591245
35.73665059998166,9374.53713737,odom,navigating,,0.7800017733926394,-0.4657386394311882,-2.3799494982007605,2.026863197962166,-2.6949453291495815,-1.4380875758058633,-1.6265984272319656,-3.137259006500244,-2.4232875048624987,2.4232875048624987,0.049672818999169976,pixhawk_fused,True,0.8,0.2,gyro,-1.0,0.04085221514105797,0.06710738688707352,0.017646108601894542
35.736709199962206,9374.657955224,odom,navigating,,0.7764258059586593,-0.46807110923355,-2.3776516999280966,2.0266456787002904,-2.6992092057705133,-1.4357897775331994,-1.6150933329278447,-3.137259006500244,-2.4232875048624987,2.4232875048624987,0.16985373199895548,pixhawk_fused,True,0.8,0.2,gyro,-1.0,0.041231878101825714,0.06774428486824036,0.017714854657311624
36.096152600017376,9374.777260221,odom,navigating,,0.7727818799485775,-0.470522965235369,-2.34807732006728,2.0264847227646388,-2.7035982703413968,-1.406215397672383,-1.5934831178972693,3.1127796173095703,-2.3917256354796406,2.3917256354796406,0.0036983779991714982,pixhawk_fused,True,0.8,0.2,gyro,-1.0,0.04084930196404457,0.20134711265563965,0.017722707648243772
36.096263500046916,9374.897092145,odom,navigating,,0.7686188095314879,-0.4734913566632656,-2.341870944880115,2.026436061667814,-2.7087110127624965,-1.400009022485218,-1.5623933173107087,3.1127796173095703,-2.3917256354796406,2.3917256354796406,0.1233689359996788,pixhawk_fused,True,0.8,0.2,gyro,-1.0,0.051298338919878006,0.2697073817253113,0.017593106261782437
36.09633750002831,9375.017402219,odom,navigating,,0.7640176161105429,-0.4770109478662039,-2.2927363073931057,2.026575390449321,-2.714502307144877,-1.3508743849982086,-1.5197717532205701,3.0616564750671387,-2.340967530335736,2.340967530335736,0.0480415769998217,pixhawk_fused,True,0.8,0.2,gyro,-1.0,0.05427448824048042,0.44162052869796753,0.01725197457921769
36.43550250004046,,mission_status,reached,reached waypoint 3/4,0.7640176161105429,-0.4770109478662039,-2.2927363073931057,,,,,,,,,,,,,,,,,
36.4355637000408,,mission_status,turning,aligning for waypoint 4/4,0.7640176161105429,-0.4770109478662039,-2.2927363073931057,,,,,,,,,,,,,,,,,
36.43558920000214,9375.137185496,odom,turning,,0.7611151117138044,-0.4794264358648749,-2.2545388045462182,2.0268211913743084,-2.7182704228477297,-1.312676882151321,-1.4952814262133982,3.0187950134277344,-2.2993509460049384,2.2993509460049384,0.05372968499978015,pixhawk_fused,True,0.8,0.2,gyro,-1.0,0.01531772781163454,-0.20133711397647858,0.016874964547747888
36.43566009995993,9375.237474922,odom,turning,,0.7595604710238777,-0.480715822320946,-2.2606204238857974,2.026949290671933,-2.720286115204669,-1.3187585014909002,-1.5257188017463816,3.0187950134277344,-2.2993509460049384,2.2993509460049384,0.15402148099929036,pixhawk_fused,True,0.8,0.2,gyro,-1.0,0.025603223592042923,-0.33653026819229126,0.01667667500827883
36.43570719996933,9375.35739594,odom,turning,,0.7571017038734681,-0.4826030280379642,-2.2601873298170028,2.027028936826138,-2.723384620942666,-1.3183254074221056,-1.572429728727591,3.0139026641845703,-2.287134016025316,2.287134016025316,0.0933193040000333,pixhawk_fused,True,0.8,0.2,gyro,-1.0,0.030874423682689667,-0.4058152437210083,0.016489061714296642
36.75591219996568,9375.458240126,odom,turning,,0.7544865970785709,-0.4844234422497474,-2.3502295275345064,2.026962599689868,-2.726570259157456,-1.4083676051396092,-1.6204529719418808,3.111293315887451,-2.3876795374932405,2.3876795374932405,0.004668585999752395,pixhawk_fused,True,0.8,0.2,gyro,-1.0,0.0387694388628006,-0.5095877647399902,0.016444305496001486
36.75601779995486,9375.558793562,odom,turning,,0.7518285376190739,-0.48609149183567657,-2.3596881137087236,2.0267477838222607,-2.7297009976732642,-1.4178261913138264,-1.667751461300716,3.111293315887451,-2.3876795374932405,2.3876795374932405,0.10525896499893861,pixhawk_fused,True,0.8,0.2,gyro,-1.0,0.03579642251133919,-0.4705102741718292,0.016549851594304874
36.75606939999852,9375.676919843,odom,turning,,0.748376568231748,-0.4880097338787367,-2.461933146193312,2.0262682432697896,-2.733620919361938,-1.5200712237984146,-1.7272721503277864,-3.0584137439727783,-2.500603552150976,2.500603552150976,0.0021197259993641637,pixhawk_fused,True,0.8,0.2,gyro,-1.0,0.035736046731472015,-0.4697166979312897,0.016892450131337746
37.11756799998693,9375.797483117,odom,turning,,0.7443657070471,-0.4899207908214852,-2.4753239901834383,2.0254541056882958,-2.737988564732082,-1.533462067788541,-1.7942353863189981,-3.0584137439727783,-2.500603552150976,2.500603552150976,0.12251022900090902,pixhawk_fused,True,0.8,0.2,gyro,-1.0,0.04339376464486122,-0.5703701972961426,0.015739179942423163
37.117699799942784,9375.917387099,odom,turning,,0.7398988753015154,-0.49168087032993446,-2.586000894440701,2.024249639565176,-2.7426361153856718,-1.6441389720458037,-1.8666000909319374,-2.937823534011841,-2.6208579077007883,2.6208579077007883,0.015071613001055084,pixhawk_fused,True,0.8,0.2,gyro,-1.0,0.04374314099550247,-0.5749623775482178,0.011783624410182098
37.11775289999787,9376.038597723,odom,turning,,0.7353108023092366,-0.49311486668031945,-2.6368719701863665,2.022710160506224,-2.747189879053501,-1.6950100477914694,-1.9390526982718927,-2.8919742107391357,-2.6663340439679737,2.6663340439679737,0.05694774800031155,pixhawk_fused,True,0.8,0.2,gyro,-1.0,0.043887991458177567,-0.5768663287162781,0.008030756243842072
37.43826079997234,9376.157230691,odom,turning,,0.7305029218704291,-0.4942389387111341,-2.651750634024787,2.020790750575908,-2.751739067746415,-1.70988871162989,-2.0134775426482774,-2.8919742107391357,-2.6663340439679737,2.6663340439679737,0.17551227400144853,pixhawk_fused,True,0.8,0.2,gyro,-1.0,0.049258891493082047,-0.6474617719650269,0.004412100049724127
37.43836040003225,9376.257404533,odom,turning,,0.72661193436115,-0.49487676912120804,-2.7095765421290943,2.019017531889472,-2.7552607586640643,-1.767714619734197,-2.072906609342382,-2.834468126296997,-2.723759826469671,2.723759826469671,0.09414017000017338,pixhawk_fused,True,0.8,0.2,gyro,-1.0,0.04105300083756447,-0.539603054523468,0.0017090183578876703
37.438495100010186,9376.359270151,odom,turning,,0.7224447362633329,-0.49530176839692036,-2.8146515981547036,2.016909716174013,-2.7588806035889846,-1.8727896757598064,-2.136039911589886,-2.718043565750122,-2.8393120155813807,2.8393120155813807,0.08975031500085606,pixhawk_fused,True,0.8,0.2,gyro,-1.0,0.04726477712392807,-0.6212509870529175,0.000971889461778012
37.77566389995627,9376.476923249,odom,turning,,0.7176180243237308,-0.49546284764532744,-2.9055494970608398,2.0142004992106157,-2.762878507804621,-1.9636875746659426,-2.2088395467865185,-2.623840570449829,-2.9347342404606453,2.9347342404606453,0.01396177899914619,pixhawk_fused,True,0.8,0.2,gyro,-1.0,0.04618692770600319,-0.6070836782455444,0.0038024262410929714
37.775769499945454,9376.596660815,odom,turning,,0.7129529163922714,-0.49528366230897514,-2.9836114756361556,2.011311194598285,-2.7665455581525293,-2.0417495532412584,-2.2792169011478087,-2.5436999797821045,-3.0147173588159197,3.0147173588159197,0.028979729000639054,pixhawk_fused,True,0.8,0.2,gyro,-1.0,0.041046854108572006,-0.5395222306251526,0.006260473387250808
37.775828600046225,9376.696799879,odom,turning,,0.7090717385617202,-0.49488263177139447,-3.040537150980431,2.0087036668500473,-2.7694481717827952,-2.0986752285855337,-2.3380242874819754,-2.4879703521728516,-3.0711726158740635,3.0711726158740635,0.01370419600061723,pixhawk_fused,True,0.8,0.2,gyro,-1.0,0.045953184366226196,-0.6040113568305969,0.008096512301553017
38.11462649994064,9376.817378547,odom,turning,,0.704603153244192,-0.49413050843843564,-3.054193885687865,2.0054666641441643,-2.7726192532592187,-2.112331963292968,-2.4063264359321552,-2.4879703521728516,-3.0711726158740635,3.0711726158740635,0.1344676900007471,pixhawk_fused,True,0.8,0.2,gyro,-1.0,0.04340022802352905,-0.5704551339149475,0.009969595158357625
38.11471530003473,9376.919133114,odom,turning,,0.7008887142985346,-0.4932622982977065,3.1214315911577644,2.0025794390658858,-2.7751121986811724,-2.2198917936269247,-2.4638178045243864,-2.3667526245117188,3.091940357492809,-3.091940357492809,0.013137604000803549,pixhawk_fused,True,0.8,0.2,gyro,-1.0,0.04362098500132561,-0.5733568072319031,0.011325020500995151
38.11477820004802,9377.036599236,odom,turning,,0.696846018521787,-0.49205350900484623,3.1087165120164433,1.9992236949656137,-2.7776702335189642,-2.2326068727682458,-2.52741257839263,-2.3667526245117188,3.091940357492809,-3.091940357492809,0.130959955000435,pixhawk_fused,True,0.8,0.2,gyro,-1.0,0.03871304541826248,-0.5088465213775635,0.012581407423952468
38.43671349994838,9377.137904929,odom,turning,,0.6937229537260328,-0.4909214659803379,3.0632682439121184,1.9964710157405223,-2.7795297528685725,-2.2780551408725707,-2.57747667728,-2.32291841506958,3.047644573615436,-3.047644573615436,0.07486349099963263,pixhawk_fused,True,0.8,0.2,gyro,-1.0,0.03624124452471733,-0.47635704278945923,0.01338759432940999
38.43681810004637,9377.257892936,odom,turning,,0.6906221103337848,-0.48961458973060507,2.97590618807086,1.993590029264401,-2.7812684512897397,-2.365417196713829,-2.62819682947368,-2.2267262935638428,2.9511281379028604,-2.9511281379028604,0.09325038799943286,pixhawk_fused,True,0.8,0.2,gyro,-1.0,0.033558037132024765,-0.44108879566192627,0.014036369971643122
38.43687289999798,9377.358124298,odom,turning,,0.6883543218675052,-0.48853693399955567,2.9355405771621195,1.991384475448482,-2.782468342437944,-2.4057828076225696,-2.6660386457880634,-2.1863255500793457,2.910131659822111,-2.910131659822111,0.07683630000065023,pixhawk_fused,True,0.8,0.2,gyro,-1.0,0.028222529217600822,-0.3709585666656494,0.014409772296241574
38.776672399952076,9377.476525635,odom,turning,,0.6859685697014486,-0.4872851065449856,2.870785961987936,1.9889686807398708,-2.78366116317037,-2.470537422796753,-2.706642270601912,-2.1174280643463135,2.839339464412575,-2.839339464412575,0.007734411999990698,pixhawk_fused,True,0.8,0.2,gyro,-1.0,0.02322433330118656,-0.3052619993686676,0.014704641061895311
38.776772400015034,9377.597057938,odom,turning,,0.6835983501512781,-0.4859150009427037,2.8355437455748675,1.9864663774146818,-2.7847718423077286,-2.5057796392098215,-2.747898278643393,-2.0828757286071777,2.8056006698771765,-2.8056006698771765,0.016399848000219208,pixhawk_fused,True,0.8,0.2,gyro,-1.0,0.02322433330118656,-0.3052619993686676,0.014892738943494821
38.77682040003128,9377.697501886,odom,turning,,0.6818513189929688,-0.48481826901076125,2.8293261389884536,1.9845517504126862,-2.7855393983264496,-2.5119972457962354,-2.778987991271735,-2.0828757286071777,2.8056006698771765,-2.8056006698771765,0.11679848200037668,pixhawk_fused,True,0.8,0.2,gyro,-1.0,0.022978872060775757,-0.3020356297492981,0.014959345102184704
39.12063010002021,9377.818226183,odom,turning,,0.6806182819805981,-0.48399539979104333,2.800909845315459,1.9831609580384766,-2.7860524193771634,-2.54041353946923,-2.801330727280048,-2.053537368774414,2.7756662464007187,-2.7756662464007187,0.06531075400016562,pixhawk_fused,True,0.8,0.2,gyro,-1.0,0.012962213717401028,-0.17037609219551086,0.014965877925379345
39.12071589997504,9377.937350922,odom,turning,,0.6790058500206716,-0.48285886719017146,2.7554516242511915,1.9812933285060639,-2.7866877170301554,-2.5858717605334975,-2.831062472535194,-2.004438877105713,2.726276565821414,-2.726276565821414,0.02661017799982801,pixhawk_fused,True,0.8,0.2,gyro,-1.0,0.015487548895180225,-0.20356924831867218,0.014924268131519411
39.12076930003241,9378.038936832,odom,turning,,0.6782823599826329,-0.48232389663432007,2.7527401801608455,1.9804351048026603,-2.7869580564569607,-2.5885832046238435,-2.844619906721451,-2.004438877105713,2.726276565821414,-2.726276565821414,0.12780984099845227,pixhawk_fused,True,0.8,0.2,gyro,-1.0,0.012356466613709927,-0.16241411864757538,0.014884852974309536
39.45753130002413,9378.157874726,odom,turning,,0.6770010485145658,-0.4813399334827596,2.733769037588885,1.9788856439802567,-2.7874153459950715,-2.607554347195804,-2.868969084084717,-1.9889519214630127,2.7086498105838346,-2.7086498105838346,0.09520891799911624,pixhawk_fused,True,0.8,0.2,gyro,-1.0,0.020583977922797203,-0.2705570161342621,0.01478475888204568
39.457617299980484,9378.276461709,odom,turning,,0.6760567844562678,-0.48058137594164485,2.704113164272732,1.9777167378894325,-2.78773268289146,-2.637210220511957,-2.8872224149054286,-1.954888105392456,2.6761434713318395,-2.6761434713318395,0.10609237599965127,pixhawk_fused,True,0.8,0.2,gyro,-1.0,0.005145737435668707,-0.06763587146997452,0.01468327422299886
39.45765240001492,9378.377218909,odom,turning,,0.6757459381565928,-0.48032482294078743,2.689005214307759,1.9773264093478071,-2.787833124386188,-2.65231817047693,-2.8932954071625945,-1.9397709369659424,2.658776789472942,-2.658776789472942,0.09279946199967526,pixhawk_fused,True,0.8,0.2,gyro,-1.0,0.00510514946654439,-0.06710238009691238,0.014644193237869972
39.81723060004879,9378.497292381,odom,turning,,0.6751609423110626,-0.47983388097651747,2.6770275407479383,1.9765852634115506,-2.788017371103226,-2.664295844036751,-2.9048005637386978,-1.9260871410369873,2.6466809876426503,-2.6466809876426503,0.01645747699876665,pixhawk_fused,True,0.8,0.2,gyro,-1.0,0.010340594686567783,-0.13591738045215607,0.01456390814598791
39.817340199952014,9378.617813079,odom,turning,,0.674110734898276,-0.47892403774239584,2.6728405893059115,1.9752316946968782,-2.7883313807451304,-2.6684827954787775,-2.9257356265045957,-1.9260871410369873,2.6466809876426503,-2.6466809876426503,0.1369915809991653,pixhawk_fused,True,0.8,0.2,gyro,-1.0,0.010292503982782364,-0.13528527319431305,0.014396153640663156
39.81738859997131,9378.737928271,odom,turning,,0.6740431031809124,-0.478863945872933,2.661029230045167,1.9751433144996533,-2.788350720411817,-2.680294154739522,-2.9270974523664677,-1.9106942415237427,2.632257317767982,-2.632257317767982,0.08391338500041456,pixhawk_fused,True,0.8,0.2,gyro,-1.0,0.0,0.0,0.014384107022325478
40.178805400035344,9378.858986173,odom,turning,,0.6740431031809124,-0.478863945872933,2.651541895598192,1.9751433144996533,-2.788350720411817,-2.689781489186497,-2.9270974523664677,-1.900770664215088,2.620398167246525,-2.620398167246525,0.09655550599927665,pixhawk_fused,True,0.8,0.2,gyro,-1.0,0.0,0.0,0.014384107022325478
40.17891659995075,9378.97730624,odom,turning,,0.6740431031809124,-0.478863945872933,2.651757802238453,1.9751433144996533,-2.788350720411817,-2.689565582546236,-2.9270974523664677,-1.9006602764129639,2.620668049118985,-2.620668049118985,0.014243865000025835,pixhawk_fused,True,0.8,0.2,gyro,-1.0,0.0,0.0,0.014384107022325478
40.178978999960236,9379.096986909,odom,turning,,0.6740431031809124,-0.478863945872933,2.651632626630405,1.9751433144996533,-2.788350720411817,-2.689690758154284,-2.9270974523664677,-1.9005236625671387,2.6205115804267494,-2.6205115804267494,0.02678791400103364,pixhawk_fused,True,0.8,0.2,gyro,-1.0,0.0,0.0,0.014384107022325478
40.51497290004045,9379.217457352,odom,turning,,0.6740096772423314,-0.47883425917675343,2.6514152836046976,1.975099644284554,-2.788360286268458,-2.6899081011799915,-2.927772686533981,-1.9004325866699219,2.62040870732585,-2.62040870732585,0.03486881599928893,pixhawk_fused,True,0.8,0.2,gyro,-1.0,0.002564277732744813,-0.03370501846075058,0.014378163771782719
40.51505479996558,9379.317588262,odom,turning,,0.6737757108177082,-0.4786254126467799,2.6504692530775302,1.974793120965238,-2.788426623404728,-2.690854131707159,-2.9325028888687954,-1.9004325866699219,2.62040870732585,-2.62040870732585,0.1350225030000729,pixhawk_fused,True,0.8,0.2,gyro,-1.0,0.008000228554010391,-0.10515547543764114,0.01433569033386428
40.515086099971086,9379.436595552,odom,turning,,0.6725851705730166,-0.4775322120665363,2.622864788508753,1.9732087239707552,-2.788746247788574,-2.7184585962759362,-2.9568711884928023,-1.8765314817428589,2.591995210976843,-2.591995210976843,0.0014757480003027013,pixhawk_fused,True,0.8,0.2,gyro,-1.0,0.020580891519784927,-0.27051645517349243,0.014094283190391927
40.854983899975196,9379.537245408,odom,turning,,0.6714230490141524,-0.4764126798367432,2.610881315671768,1.971619752001357,-2.789027400792451,-2.730442069112921,-2.981186073774603,-1.8662089109420776,2.5830945727541486,-2.5830945727541486,0.05669885699899169,pixhawk_fused,True,0.8,0.2,gyro,-1.0,0.01535964198410511,-0.2018880397081375,0.013815159266306928
40.855089199962094,9379.658370497,odom,turning,,0.6706011641835463,-0.4755851518289046,2.6073659340182034,1.970467066276141,-2.7892052009539268,-2.7339574507664857,-2.9987641773508185,-1.8662089109420776,2.5830945727541486,-2.5830945727541486,0.17634134799845924,pixhawk_fused,True,0.8,0.2,gyro,-1.0,0.012862413190305233,-0.16906431317329407,0.013588095148692402
40.85516869998537,9379.776521963,odom,turning,,0.6699790862164366,-0.4749386031517763,2.5660106887820797,1.969578273422168,-2.7893278934630152,-2.7753126960026093,-3.012287288213181,-1.8192778825759888,2.534781620116476,-2.534781620116476,0.012045530000250437,pixhawk_fused,True,0.8,0.2,gyro,-1.0,0.005146251991391182,-0.06764263659715652,0.013399480102243143
41.18086049996782,,mission_status,navigating,going to waypoint 4/4,0.6699790862164366,-0.4749386031517763,2.5660106887820797,,,,,,,,,,,,,,,,,
41.18092600000091,9379.876938086,odom,navigating,,0.6682410435477693,-0.47305639562182256,2.558290133652232,1.9670337555557165,-2.7896260986461217,-2.783033251132457,-3.0508920247146873,-1.8192778825759888,2.534781620116476,-2.534781620116476,0.11225173400089261,pixhawk_fused,True,0.8,0.2,gyro,-1.0,0.06480780243873596,-0.8518375754356384,0.012809643136031381
41.18098429997917,9379.97720638,odom,navigating,,0.6629368676609437,-0.46633580695483656,2.5069049124822547,1.958478760417767,-2.78996173544217,-2.8344184723024344,3.103192488795145,-1.784151315689087,2.5027859559669534,-2.5027859559669534,0.015778646999024204,pixhawk_fused,True,0.8,0.2,gyro,-1.0,0.1051301509141922,-1.3818368911743164,0.010199771511265873
41.181027599959634,9380.097418963,odom,navigating,,0.6569563223354234,-0.4558685034694523,2.2987622141198414,1.946496069301334,-2.788640191551904,-3.0425611706648477,2.9524432821171236,-1.5530788898468018,2.280331532300953,-2.280331532300953,0.02322543999980553,pixhawk_fused,True,0.8,0.2,gyro,-1.0,0.12511341273784637,-1.0403964519500732,0.0048605506538856235
41.516921299975365,9380.198095672,odom,navigating,,0.6521805270445686,-0.44487938687944684,2.2869984081111996,1.9348001459307198,-2.786037446731987,-3.0543249766734895,2.8935214656493686,-1.5530788898468018,2.280331532300953,-2.280331532300953,0.12326679899888404,pixhawk_fused,True,0.8,0.2,gyro,-1.0,0.12570343911647797,-0.30351492762565613,0.0015845868468008404
41.51702349993866,9380.317231443,odom,navigating,,0.6480742591388637,-0.43403786992825466,2.2027838025393907,1.9236174515642248,-2.7829801157682263,-3.1385395822452984,2.8420001364121563,-1.467642068862915,2.18796495610619,-2.18796495610619,0.065057344001616,pixhawk_fused,True,0.8,0.2,gyro,-1.0,0.07518840581178665,-0.6474944353103638,0.008281416748785622
41.51709770003799,9380.436868772,odom,navigating,,0.6458750834953253,-0.4273937104017825,2.1669949564289293,1.9169508812992115,-2.7808498410850024,3.1088568788238264,2.806832459302865,-1.4312766790390015,2.1520210575475733,-2.1520210575475733,0.07455954999932146,pixhawk_fused,True,0.8,0.2,gyro,-1.0,0.04366453364491463,-0.3713659346103668,0.01256283695754691
41.87733779998962,9380.558287727,odom,navigating,,0.6452783550646074,-0.425421063463049,2.1219233272431017,1.9150046453796201,-2.780171912983937,3.063785249637999,2.8068210324264706,-1.3680003881454468,2.095691577137951,-2.095691577137951,0.07117271700008132,pixhawk_fused,True,0.8,0.2,gyro,-1.0,0.0,0.0,0.01386539310891682
41.87768599996343,9380.67710412,odom,navigating,,0.6451612184138589,-0.42503593347110774,2.1201399222128403,1.914624298601446,-2.7800400705250183,3.0620018446077375,2.811539821052398,-1.3682223558425903,2.0922826850801153,-2.0922826850801153,0.011355646000083652,pixhawk_fused,True,0.8,0.2,gyro,-1.0,0.01538311131298542,0.1347864866256714,0.014119343420045364
41.8777433000505,9380.797890966,odom,navigating,,0.644088886985413,-0.4217958603461636,2.1544545399806108,1.9113733630174121,-2.779001135312466,3.096316462375508,2.8602687369853674,-1.4028276205062866,2.12299376232693,-2.12299376232693,0.02497864199904143,pixhawk_fused,True,0.8,0.2,gyro,-1.0,0.04130285233259201,0.4750101864337921,0.01620727236103914
42.21734580001794,9380.917511814,odom,navigating,,0.642197529637796,-0.4169523859781964,2.16525946316635,1.9063440099118112,-2.7776812550494414,3.107121385561247,2.9143153769548023,-1.4028276205062866,2.12299376232693,-2.12299376232693,0.1446235629991861,pixhawk_fused,True,0.8,0.2,gyro,-1.0,0.05916118994355202,0.4395233392715454,0.019167320057809776
42.2174428999424,9381.036336392,odom,navigating,,0.6395015827164141,-0.4109735822891117,2.2476756680152263,1.8999232405717852,-2.7763441146537824,-3.0936477167694627,2.9698306627900313,-1.4889754056930542,2.2121302907592995,-2.2121302907592995,0.06793308300075296,pixhawk_fused,True,0.8,0.2,gyro,-1.0,0.05650986358523369,0.47267118096351624,0.022619365438692696
42.217501700040884,9381.137606287,odom,navigating,,0.6373101270487085,-0.4067575656459217,2.2941847544745824,1.895224741333913,-2.7756360333089583,-3.0471386303101067,3.0252200718298448,-1.534519910812378,2.2564202194339975,-2.2564202194339975,0.05491538100068283,pixhawk_fused,True,0.8,0.2,gyro,-1.0,0.05386862903833389,0.5731852650642395,0.024891360418481025
42.55692570004612,9381.257388245,odom,navigating,,0.6342445333502553,-0.4016375983081879,2.3064794417755197,1.8892810171054952,-2.7751030487313417,-3.0348439430091694,3.0867778437028752,-1.534519910812378,2.2564202194339975,-2.2564202194339975,0.17431592600041768,pixhawk_fused,True,0.8,0.2,gyro,-1.0,0.06393807381391525,0.5042434930801392,0.02742460263869529
42.55703000002541,9381.357403352,odom,navigating,,0.6311566164080465,-0.39706207671717697,2.3567224586645725,1.8837644291714295,-2.774908404344042,-2.9846009261201165,3.133454481932014,-1.586060881614685,2.30755204911301,-2.30755204911301,0.09654809099993145,pixhawk_fused,True,0.8,0.2,gyro,-1.0,0.06393565982580185,0.4369792342185974,0.029493844864048376
42.55709300003946,9381.477048055,odom,navigating,,0.6277982696002118,-0.39261642699293187,2.469977113058201,1.8781937733520029,-2.7750088458387707,-2.871346271726488,-3.0793191448126933,-1.709333062171936,2.4314995675511106,-2.4314995675511106,0.02953769700070552,pixhawk_fused,True,0.8,0.2,gyro,-1.0,0.04637424647808075,0.6095458269119263,0.03130427609115685
42.898174299974926,9381.597878331,odom,navigating,,0.6247846465108253,-0.3891798214908067,2.4999751382468247,1.873641881264821,-2.7754241287890244,-2.8413482465378643,-3.0104257082688033,-1.7328037023544312,2.4517888169712765,-2.4517888169712765,0.035082792999673984,pixhawk_fused,True,0.8,0.2,gyro,-1.0,0.04340668395161629,0.5705400109291077,0.03247048976939981
42.8982727000257,9381.69826337,odom,navigating,,0.6219968698447419,-0.38638382608939265,2.6008493805504993,1.8697408833360236,-2.776033640219767,-2.7404740042341897,-2.950916438886373,-1.8444302082061768,2.5629888558811884,-2.5629888558811884,0.02514950799923099,pixhawk_fused,True,0.8,0.2,gyro,-1.0,0.045955464243888855,0.604041337966919,0.033231617181608046
42.898321000044234,9381.819365952,odom,navigating,,0.6175729763863529,-0.3825467049590858,2.6677051326179915,1.8640354737100049,-2.777353728436197,-2.6736182521666976,-2.8626367234194885,-1.9062449932098389,2.624493843240235,-2.624493843240235,0.038393628999983775,pixhawk_fused,True,0.8,0.2,gyro,-1.0,0.057070542126894,0.750138521194458,0.03394199631518934
43.235965900006704,9381.936811505,odom,navigating,,0.6125622600144567,-0.37893796080350645,2.7570574201219835,1.858169524055145,-2.779282704223154,-2.5842659646627055,-2.7695542820601142,-1.9947658777236938,2.712915052098725,-2.712915052098725,0.03466890000163403,pixhawk_fused,True,0.8,0.2,gyro,-1.0,0.0642157569527626,0.8440556526184082,0.034135084788985484
43.236051599960774,9382.037475702,odom,navigating,,0.6074684523632667,-0.37591632720541895,2.82224364598647,1.8527294629742057,-2.781624259566096,-2.519079738798219,-2.684353024304689,-2.0559144020080566,2.7731089762277343,-2.7731089762277343,0.054870977999598836,pixhawk_fused,True,0.8,0.2,gyro,-1.0,0.07739891111850739,0.9495134949684143,0.03379483550480807
43.2360856999876,9382.158068004,odom,navigating,,0.5992506520182159,-0.3721290066531997,2.9152383777394144,1.8448324324104186,-2.7860416058000914,-2.4260850070452746,-2.558693048225588,-2.1411123275756836,2.857972999674771,-2.857972999674771,0.0024400680013059173,pixhawk_fused,True,0.8,0.2,gyro,-1.0,0.09519614279270172,1.1159919500350952,0.0323440497018286
43.57660290005151,9382.277037494,odom,navigating,,0.5860228460331376,-0.3681076454636998,3.021823046836571,1.8337988406354768,-2.7943726351206033,-2.319500337948118,-2.423286551374721,-2.24334716796875,2.9574066656656006,-2.9574066656656006,0.011232909999307594,pixhawk_fused,True,0.8,0.2,gyro,-1.0,0.17368489503860474,1.1244255304336548,0.0282879968093451
43.576714299968444,9382.377499405,odom,navigating,,0.5681450434270652,-0.3648342241495948,3.0390594086364158,1.8206345582705006,-2.806903907320045,-2.3022639761482733,-2.3360749867247423,-2.24334716796875,2.9574066656656006,-2.9574066656656006,0.11150619699947129,pixhawk_fused,True,0.8,0.2,gyro,-1.0,0.2307157665491104,0.5792495608329773,0.021013444838441583
43.576765100006014,9382.497508027,odom,navigating,,0.5465852195329902,-0.36205638574679133,-3.0811843317196774,1.805704959448487,-2.8227042070497763,-2.1393224093247802,-2.3286859484906763,-2.4619905948638916,-3.1243094797651,3.1243094797651,0.03449651699884271,pixhawk_fused,True,0.8,0.2,gyro,-1.0,0.19240714609622955,-0.16860073804855347,0.011270542586629765
43.93225159996655,9382.617606868,odom,navigating,,0.5298637061663429,-0.35962900714608576,-3.0996921405629565,1.7939050593752557,-2.8347981532380095,-2.1578302181680593,-2.3706361036859716,-2.438861608505249,-3.1369621099750225,3.1369621099750225,0.05271284599984938,pixhawk_fused,True,0.8,0.2,gyro,-1.0,0.13741330802440643,-0.30670779943466187,0.0039404217115659905
43.932334000011906,9382.737364721,odom,navigating,,0.5202677097853083,-0.35775078985819697,3.1381829036995375,1.7867410645649209,-2.84145307811233,-2.2031404810851516,-2.434211842487863,-2.3980555534362793,3.1054781117267347,-3.1054781117267347,0.0565102399996249,pixhawk_fused,True,0.8,0.2,gyro,-1.0,0.08476773649454117,-0.4389477074146271,0.0001362800950279305
43.932393399998546,9382.856810695,odom,navigating,,0.5154591469845549,-0.3564804303637553,3.1250728983487908,1.7828849845716541,-2.8445942142983998,-2.2162504864358983,-2.4997712611231697,-2.3980555534362793,3.1054781117267347,-3.1054781117267347,0.17609280199940258,pixhawk_fused,True,0.8,0.2,gyro,-1.0,0.03859495744109154,-0.5072943568229675,0.0014969765082281804
44.276152099948376,9382.977216619,odom,navigating,,0.5116274435833343,-0.35518732345941617,3.0182497761607467,1.77958517993739,-2.846932026480048,-2.3230736086239423,-2.5607263021598836,-2.2825937271118164,2.9871902282066083,-2.9871902282066083,0.07431682400056161,pixhawk_fused,True,0.8,0.2,gyro,-1.0,0.04148117080330849,-0.5452309250831604,0.0025655430588338688
44.27625330002047,9383.078277288,odom,navigating,,0.5078861897448068,-0.3536700056007737,2.9751919585528617,1.7761572760055018,-2.849064796604135,-2.3661314262318274,-2.6215783792545038,-2.244541883468628,2.948580915016625,-2.948580915016625,0.02634617300100217,pixhawk_fused,True,0.8,0.2,gyro,-1.0,0.05169110745191574,-0.6794309616088867,0.0033976249591419895
44.27630190004129,9383.197251502,odom,navigating,,0.5026988778393362,-0.3511165352783221,2.9141242410892336,1.7710407904231076,-2.8517573772951135,-2.4271991436954554,-2.7073899394588086,-2.1884984970092773,2.8936974919862486,-2.8936974919862486,0.035581149999416084,pixhawk_fused,True,0.8,0.2,gyro,-1.0,0.0612800307571888,-0.8054683208465576,0.0041783834056740255
44.61755970004015,9383.3174329,odom,navigating,,0.4969890097113519,-0.3476234728197649,2.7789984758633235,1.7648570879650491,-2.8543197791544155,-2.5623249089213656,-2.805591738560848,-2.043234348297119,2.7493424470252728,-2.7493424470252728,0.043304951999743935,pixhawk_fused,True,0.8,0.2,gyro,-1.0,0.06444739550352097,-0.7793322801589966,0.004471887968905525
44.617661500000395,9383.436802363,odom,navigating,,0.4899479805915607,-0.3422083339771399,2.75954514443957,1.7563359892321528,-2.856827905174951,-2.581778240345119,-2.902927557010337,-2.043234348297119,2.7493424470252728,-2.7493424470252728,0.16298394200020994,pixhawk_fused,True,0.8,0.2,gyro,-1.0,0.12388797104358673,-0.6106465458869934,0.003915143923743147
44.61771310004406,9383.536975602,odom,navigating,,0.48010905020914485,-0.333420169882296,2.643848096756711,1.7434413184570632,-2.8596142728516902,-2.697475288027978,-2.95975890977294,-1.9143182039260864,2.6189460618324016,-2.6189460618324016,0.07200314300098398,pixhawk_fused,True,0.8,0.2,gyro,-1.0,0.17467212677001953,-0.4727402627468109,0.002124379788132559
44.935593500034884,9383.656431877,odom,navigating,,0.46368169276908205,-0.3174504694508577,2.5767091159968896,1.7208634013439235,-2.8635036253897947,-2.7646142687877995,-2.9820252781880434,-1.8434531688690186,2.540589946491215,-2.540589946491215,0.08430694399976346,pixhawk_fused,True,0.8,0.2,gyro,-1.0,0.2378378063440323,-0.2353019267320633,0.001940953540031388
44.93569600000046,9383.757404145,odom,navigating,,0.4489160794480427,-0.3027642683371693,2.5645310478043837,1.700300968634318,-2.8668042618376797,-2.7767923369803054,-2.9793092257853186,-1.8289108276367188,2.5246905150092576,-2.5246905150092576,0.07057209699996747,pixhawk_fused,True,0.8,0.2,gyro,-1.0,0.23786143958568573,0.10085376352071762,0.005870346144923533
44.93574520002585,9383.857415426,odom,navigating,,0.43398503113206577,-0.28824445010171046,2.569390533437799,1.6797757595842497,-2.870336558378996,-2.77193285134689,-2.9549866997987,-1.8289108276367188,2.5246905150092576,-2.5246905150092576,0.17069754200019815,pixhawk_fused,True,0.8,0.2,gyro,-1.0,0.23018847405910492,0.3361789286136627,0.009569314356020424
45.29564150003716,9383.976910811,odom,navigating,,0.41612552792071245,-0.2720081843303892,2.6008272928048055,1.6561397755452758,-2.875227206563305,-2.7404960919798835,-2.90962232268314,-1.8549103736877441,2.5526531309127245,-2.5526531309127245,0.06830974500007869,pixhawk_fused,True,0.8,0.2,gyro,-1.0,0.22553111612796783,0.5111024975776672,0.013055500771176322
45.29575479996856,9384.097370571,odom,navigating,,0.39814528314617736,-0.25718181392739203,2.631225597983459,1.6335728799626135,-2.8810449110281504,-2.71009778680123,-2.8582803441135956,-1.8803726434707642,2.5778338736533555,-2.5778338736533555,0.03480489700086764,pixhawk_fused,True,0.8,0.2,gyro,-1.0,0.22059845924377441,0.471950888633728,0.015304949630359804
45.29580970003735,9384.216883069,odom,navigating,,0.37919351233462506,-0.24324556793381807,2.7103135520052897,1.6111542551578832,-2.8881718901323534,-2.6310098327793994,-2.8028031567323017,-1.9644209146499634,2.662804429972115,-2.662804429972115,0.048095076001118287,pixhawk_fused,True,0.8,0.2,gyro,-1.0,0.21929694712162018,0.3730230927467346,0.016273344187983627
45.63663029996678,9384.317317396,odom,navigating,,0.3629185499585419,-0.2324345897584929,2.7520905801734226,1.5928376152481099,-2.8949727982971485,-2.5892328046112665,-2.7628862010009367,-2.0059902667999268,2.705045339727345,-2.705045339727345,0.034937283000544994,pixhawk_fused,True,0.8,0.2,gyro,-1.0,0.22556523978710175,0.30670779943466187,0.01614553085052382
45.63673849997576,9384.437301417,odom,navigating,,0.3431117404309458,-0.22027501756491302,2.756949896627366,1.5713527012328836,-2.903836396288466,-2.5843734881573233,-2.738529333553208,-2.0059902667999268,2.705045339727345,-2.705045339727345,0.15504805900127394,pixhawk_fused,True,0.8,0.2,gyro,-1.0,0.22454693913459778,0.03392477706074715,0.015162714370495621
45.63679050002247,9384.556878044,odom,navigating,,0.32376350389767805,-0.20873307448142595,2.788933018977445,1.5506370068636204,-2.9126925079571957,-2.552390365807244,-2.739887401174629,-2.047905921936035,2.7453419433473973,-2.7453419433473973,0.08420878400102083,pixhawk_fused,True,0.8,0.2,gyro,-1.0,0.20183934271335602,6.670095172012225e-05,0.013923907604563591
45.955695700016804,9384.657403201,odom,navigating,,0.308203722166039,-0.1992887229071689,2.782217862253116,1.5338462250647564,-2.91971904556667,-2.559105522531573,-2.756115127604748,-2.0431151390075684,2.7410018270104555,-2.7410018270104555,0.07638978000068164,pixhawk_fused,True,0.8,0.2,gyro,-1.0,0.20715464651584625,-0.23537549376487732,0.013062316468516154
45.95580220001284,9384.757899267,odom,navigating,,0.2925995955900354,-0.18935356874155507,2.777203540124149,1.516632466039645,-2.9264927118353796,-2.56411984466054,-2.7812005609203068,-2.0431151390075684,2.7410018270104555,-2.7410018270104555,0.17670457399981387,pixhawk_fused,True,0.8,0.2,gyro,-1.0,0.20491069555282593,-0.16225041449069977,0.012582986179057419
45.95585399994161,9384.876934801,odom,navigating,,0.2736402530948804,-0.17649814415288395,2.7384144545511178,1.4950833983989038,-2.934261643101542,-2.6029089302335713,-2.8156511028434728,-2.00272798538208,2.701128564634862,-2.701128564634862,0.004606701000739122,pixhawk_fused,True,0.8,0.2,gyro,-1.0,0.23702391982078552,-0.33863651752471924,0.0126507892615611
46.29665939998813,9384.996626128,odom,navigating,,0.2551005930916137,-0.1629668402265985,2.705031779040446,1.4732346699012195,-2.941293587499553,-2.636291605744243,-2.8494187929781694,-1.9701367616653442,2.6678420965760377,-2.6678420965760377,0.04243879800014838,pixhawk_fused,True,0.8,0.2,gyro,-1.0,0.21448011696338654,-0.26848939061164856,0.01351362092793835
46.29675800004043,9385.097698452,odom,navigating,,0.2396240267584931,-0.1510666371158788,2.6666491811952433,1.454506906109297,-2.9468080958995664,-2.6746742035894457,-2.8609391828409887,-1.926231861114502,2.622750578114333,-2.622750578114333,0.02918210099960561,pixhawk_fused,True,0.8,0.2,gyro,-1.0,0.2195596694946289,-0.0671856701374054,0.014735245295607447
46.296805599937215,9385.216690991,odom,navigating,,0.2213043323700297,-0.13677651546867045,2.6620478721721157,1.4321739581075237,-2.9532157641750625,-2.6792755126125734,-2.8602830434831144,-1.921013593673706,2.6168372232108736,-2.6168372232108736,0.039640630999201676,pixhawk_fused,True,0.8,0.2,gyro,-1.0,0.22161023318767548,0.06774083524942398,0.01635029631318607
46.616700700018555,9385.317247892,odom,navigating,,0.20599278046088682,-0.1249857820162106,2.664341036923333,1.4136317927297732,-2.9586612320445376,-2.676982347861356,-2.848796958452452,-1.921013593673706,2.6168372232108736,-2.6168372232108736,0.14045019100012723,pixhawk_fused,True,0.8,0.2,gyro,-1.0,0.22707098722457886,0.1356651484966278,0.01757333649187875
46.616801299969666,9385.417708351,odom,navigating,,0.19044918019051615,-0.11336848888926547,2.6705945485112252,1.395093370513317,-2.964396379007505,-2.670728836273464,-2.8284379728335,-1.9239283800125122,2.619575016350987,-2.619575016350987,0.034976283999640145,pixhawk_fused,True,0.8,0.2,gyro,-1.0,0.2216990441083908,0.3388400971889496,0.018522878765420997
46.61685029999353,9385.537220392,odom,navigating,,0.17126834572261382,-0.09974057799626858,2.702697589525731,1.3727893280348713,-2.971889979965137,-2.638625795258958,-2.80206692839622,-1.9559661149978638,2.6531062754704977,-2.6531062754704977,0.0565546899997571,pixhawk_fused,True,0.8,0.2,gyro,-1.0,0.23998963832855225,0.13423144817352295,0.019107570459763905
46.977173699997365,9385.65713305,odom,navigating,,0.15192937346581376,-0.0867532155713196,2.725017893622895,1.3509102383400227,-2.979888283837273,-2.616305491161794,-2.7810670163458333,-1.9779132604599,2.6757556667342213,-2.6757556667342213,0.0014346380012284499,pixhawk_fused,True,0.8,0.2,gyro,-1.0,0.21736249327659607,0.033683016896247864,0.019072673980927643
46.977283100015484,9385.77709378,odom,navigating,,0.1328116398256996,-0.07436442667195478,2.7461437065180636,1.3296453390275347,-2.98805981289597,-2.5951796782666254,-2.769531355452953,-2.000370502471924,2.6992726246132874,-2.6992726246132874,0.012566497000079835,pixhawk_fused,True,0.8,0.2,gyro,-1.0,0.20610776543617249,0.0,0.018664978917161658
46.97734640003182,9385.897503774,odom,navigating,,0.11558611668862023,-0.06336560870146678,2.746680530865598,1.3106176024485612,-2.995518893588333,-2.594642853919091,-2.766842052989289,-2.000370502471924,2.6992726246132874,-2.6992726246132874,0.13296904600065318,pixhawk_fused,True,0.8,0.2,gyro,-1.0,0.18210911750793457,0.03371347486972809,0.01816181691704384
47.29631929995958,9385.997575302,odom,navigating,,0.10364211950672544,-0.05571680695027796,2.7468389707075835,1.2974059067071915,-3.0006778016653946,-2.5944844140771055,-2.7735902328572677,-2.0028975009918213,2.701153831721785,-2.701153831721785,0.03642514399871288,pixhawk_fused,True,0.8,0.2,gyro,-1.0,0.1506282538175583,-0.10072023421525955,0.01783145418950069
47.296428599976934,9386.098063075,odom,navigating,,0.09345657681512615,-0.04907156415221764,2.733941334475416,1.2860402133440898,-3.005005104074923,-2.607382050309273,-2.7837373489931183,-1.9884954690933228,2.6875700212358855,-2.6875700212358855,0.02417150700057391,pixhawk_fused,True,0.8,0.2,gyro,-1.0,0.13853314518928528,-0.06744031608104706,0.017651351879833764
47.29648060002364,9386.217538862,odom,navigating,,0.08272601689053981,-0.04191928215502738,2.7321825039307392,1.2739438756916963,-3.0094748545670376,-2.60914088085395,-2.7925454982308353,-1.9884954690933228,2.6875700212358855,-2.6875700212358855,0.14412842499950784,pixhawk_fused,True,0.8,0.2,gyro,-1.0,0.12445905059576035,-0.06812123209238052,0.01758722287027155
47.63584600004833,9386.317690169,odom,navigating,,0.07503945102778595,-0.036704129007421565,2.7237449353269336,1.2652047378134115,-3.012622645262075,-2.6175784494577554,-2.798652777934687,-1.9798260927200317,2.67855095381433,-2.67855095381433,0.06620776599993405,pixhawk_fused,True,0.8,0.2,gyro,-1.0,0.10370815545320511,0.0,0.017617415444308542
47.63596320000943,9386.438352825,odom,navigating,,0.06596154909589355,-0.03047113210612163,2.708705102540427,1.2548240157542039,-3.016296766025761,-2.632618282244262,-2.807491428303807,-1.963646650314331,2.6619640856958355,-2.6619640856958355,0.003349853999679908,pixhawk_fused,True,0.8,0.2,gyro,-1.0,0.0945403054356575,-0.13080453872680664,0.017714323635149708
47.6360206999816,9386.55678361,odom,navigating,,0.05777542098352813,-0.02475380304001944,2.7056065673924383,1.2453849067138991,-3.019553108398331,-2.6357168173922507,-2.812221692798059,-1.9614428281784058,2.6592725660852516,-2.6592725660852516,0.07077539499914565,pixhawk_fused,True,0.8,0.2,gyro,-1.0,0.09060545265674591,-0.034056372940540314,0.017881854420692695
47.97756849997677,9386.657253943,odom,navigating,,0.05164245522751622,-0.02045645034420019,2.706286632449119,1.2383019097549033,-3.021984499612335,-2.63503675233557,-2.808815142188175,-1.9614428281784058,2.6592725660852516,-2.6592725660852516,0.17090662900045572,pixhawk_fused,True,0.8,0.2,gyro,-1.0,0.08231738954782486,2.7089734430774115e-05,0.018018966390236004
47.97768520005047,9386.776701287,odom,navigating,,0.04533052068304464,-0.01608240961616393,2.710292601666587,1.231051614281396,-3.024515500507446,-2.631030783118102,-2.8040772852237934,-1.9644781351089478,2.663096002043727,-2.663096002043727,0.004882989000179805,pixhawk_fused,True,0.8,0.2,gyro,-1.0,0.0593404658138752,-0.10171660035848618,0.018119678599330426
47.97774220001884,9386.897292002,odom,navigating,,0.04043958564493605,-0.012745778514137353,2.7129934345721205,1.225476175533649,-3.0265076941295947,-2.6283299502125685,-2.7905427284236803,-1.9644781351089478,2.663096002043727,-2.663096002043727,0.12508649399933347,pixhawk_fused,True,0.8,0.2,gyro,-1.0,0.04617771878838539,0.06744027882814407,0.01815402315769384
48.31617190001998,9386.997940237,odom,navigating,,0.03696134702826022,-0.010438325037655627,2.730468113604663,1.2215640520976716,-3.027962952059427,-2.610855271180026,-2.7750054988896116,-1.9825137853622437,2.6810535262315898,-2.6810535262315898,0.029417910000120173,pixhawk_fused,True,0.8,0.2,gyro,-1.0,0.04340668395161629,0.23492825031280518,0.018124187745676517
48.31627850001678,9387.117888972,odom,navigating,,0.03312485571032768,-0.008020541828358322,2.7548217116771907,1.217351955874643,-3.029643007620318,-2.5865016731074983,-2.739158746815844,-2.005624294281006,2.702543932864013,-2.702543932864013,0.03548147199944651,pixhawk_fused,True,0.8,0.2,gyro,-1.0,0.03870334103703499,0.30523136258125305,0.017985676996073435
48.31633169995621,9387.237161845,odom,navigating,,0.02840929791787012,-0.005324076771106559,2.7641134901285516,1.2123973620182242,-3.031869980636976,-2.5772098946561375,-2.692482113019651,-2.005624294281006,2.702543932864013,-2.702543932864013,0.15498668899999757,pixhawk_fused,True,0.8,0.2,gyro,-1.0,0.05695052444934845,0.4083060026168823,0.017587103663411104
48.65610589995049,,mission_status,turning,final alignment at waypoint 4/4,0.02840929791787012,-0.005324076771106559,2.7641134901285516,,,,,,,,,,,,,,,,,
48.656191600020975,9387.357060475,odom,turning,,0.02402541794926383,-0.0030517220557131075,2.7933368517287045,1.20798084759785,-3.0340782378471634,-2.5479865330559845,-2.668159662305245,-2.036912441253662,2.7329832321196226,-2.7329832321196226,0.09439805399961188,pixhawk_fused,True,0.8,0.2,gyro,-1.0,0.038656819611787796,-0.033873848617076874,0.017022128242564192
48.65626740001608,9387.476761056,odom,turning,,0.021564406560994547,-0.0017522949296876651,2.799842054559487,1.2054822874339552,-3.035303915217616,-2.541481330225202,-2.7101022123884926,-2.077852725982666,2.7515418980806494,-2.7515418980806494,0.02570592200027022,pixhawk_fused,True,0.8,0.2,gyro,-1.0,0.031114013865590096,-0.4089644253253937,0.016287929019695033
48.65631949994713,9387.576826944,odom,turning,,0.019393036300350875,-0.0004932749505506036,2.7832790796651485,1.2031867937702723,-3.036319143741972,-2.5580443051195405,-2.7479287856076215,-2.063225746154785,2.7402839801996373,-2.7402839801996373,0.014159705000565737,pixhawk_fused,True,0.8,0.2,gyro,-1.0,0.03344060480594635,-0.43954527378082275,0.013871628529908359
48.97840909997467,9387.677366372,odom,turning,,0.017080397420544447,0.0009719517136021127,2.7131826223286915,1.2006414440901998,-3.0373273018505498,-2.6281407624559976,-2.7891885466800073,-1.9870260953903198,2.6629948885231634,-2.6629948885231634,0.003875132999382913,pixhawk_fused,True,0.8,0.2,gyro,-1.0,0.030868249014019966,-0.4057340621948242,0.011209001984736471
48.978547399980016,9387.797511642,odom,turning,,0.014213455631912751,0.002982079598385182,2.669937671078948,1.197329370205027,-3.038463143349942,-2.671385713705741,-2.8419610137305438,-1.9455512762069702,2.6221248193174023,-2.6221248193174023,0.016235618999417056,pixhawk_fused,True,0.8,0.2,gyro,-1.0,0.03612855076789856,-0.4748757779598236,0.007769292119026588
48.97861200000625,9387.898294655,odom,turning,,0.011596363091892206,0.005022758912829172,2.659946344287502,1.1941395729221322,-3.039378970146595,-2.681377040497187,-2.891975560600955,-1.9455512762069702,2.6221248193174023,-2.6221248193174023,0.11662984800022969,pixhawk_fused,True,0.8,0.2,gyro,-1.0,0.03829621896147728,-0.5033677220344543,0.004481833953696186
49.31747380003799,9388.017908443,odom,turning,,0.008454499083087751,0.007769589372006195,2.570860414090122,1.190070028758392,-3.0403037389396737,-2.770462970694567,-2.9548760851267524,-1.8497557640075684,2.526499615558924,-2.526499615558924,0.04454910400090739,pixhawk_fused,True,0.8,0.2,gyro,-1.0,0.043732210993766785,-0.5748187303543091,0.0003222577605724145
49.3175827000523,9388.118027329,odom,turning,,0.005721272436060955,0.010464088380691707,2.559298037616651,1.1862831972490686,-3.040928846875809,-2.782025347168038,-3.0127221535617204,-1.8497557640075684,2.526499615558924,-2.526499615558924,0.14506047800023225,pixhawk_fused,True,0.8,0.2,gyro,-1.0,0.04334454983472824,-0.5697233080863953,0.0035149544896387105
49.31764160003513,9388.236652153,odom,turning,,0.0028005391450973997,0.013725639576421698,2.5033411019828073,1.1819275091997257,-3.0413719955823644,-2.8379822828018817,-3.0787126072959214,-1.796329379081726,2.4730509495823996,-2.4730509495823996,0.08491749600034382,pixhawk_fused,True,0.8,0.2,gyro,-1.0,0.04128977283835411,-0.5427151918411255,0.00788945698679881
49.61820559995249,9388.336940278,odom,turning,,0.0004372816881217786,0.016715772667182324,2.448906504576383,1.178119258489663,-3.041524009521591,-2.892416880208306,-3.136154317725383,-1.7425661087036133,2.4193681275933403,-2.4193681275933403,0.07048109499919519,pixhawk_fused,True,0.8,0.2,gyro,-1.0,0.046170804649591446,-0.6068717837333679,0.01168075769751013
49.61834950000048,9388.437375639,odom,turning,,-0.001727109170723582,0.019801589094810758,2.393232475712563,1.1743506229032974,-3.0414589201057525,-2.948090909072126,3.0902225151695135,-1.6861765384674072,2.363977710017504,-2.363977710017504,0.02396570199925918,pixhawk_fused,True,0.8,0.2,gyro,-1.0,0.045953184366226196,-0.6040113568305969,0.015402045193534136
49.61840559996199,9388.539117142,odom,turning,,-0.0037412623925280712,0.023054176172123922,2.3122476114185813,1.1705355097308618,-3.041174231893986,-3.029075773366108,3.032563376658471,-1.599078893661499,2.2771619141190667,-2.2771619141190667,0.07379935699827911,pixhawk_fused,True,0.8,0.2,gyro,-1.0,0.04021569713950157,-0.5285974740982056,0.019138187471280866
49.95731460000388,9388.657413774,odom,turning,,-0.005937091367529788,0.027164147439759204,2.2368134320877706,1.1659201918550834,-3.0405320717786215,-3.1045099526969184,2.9623233541607426,-1.5219581127166748,2.200429607996287,-2.200429607996287,0.09177553100016667,pixhawk_fused,True,0.8,0.2,gyro,-1.0,0.04631626605987549,-0.6087837219238281,0.02361572980357692
49.957419999991544,9388.757565403,odom,turning,,-0.0075677051401627955,0.030758757416466012,2.17901405728877,1.1620541300983653,-3.039736026143383,3.1208759796836674,2.9028293493125994,-1.4648207426071167,2.1430537378876826,-2.1430537378876826,0.07626172200070869,pixhawk_fused,True,0.8,0.2,gyro,-1.0,0.04621688649058342,-0.6074774861335754,0.027329763147146104
49.95747120003216,9388.877125012,odom,turning,,-0.009199489260753643,0.035078220550134986,2.120354009166831,1.1576012238320752,-3.0385145078410347,3.0622159315617283,2.8332339901384658,-1.4078428745269775,2.0871269167154454,-2.0871269167154454,0.0162795449996338,pixhawk_fused,True,0.8,0.2,gyro,-1.0,0.04084727540612221,-0.5368989706039429,0.0315643474529949
50.29699599999003,9388.997317064,odom,turning,,-0.01048149700616339,0.03933223375297827,2.0528525467003176,1.1534070116018968,-3.0370486442875353,2.9947144690952148,2.7662669997570184,-1.3405286073684692,2.0194918527095935,-2.0194918527095935,0.09201931999996305,pixhawk_fused,True,0.8,0.2,gyro,-1.0,0.04362098500132561,-0.5733568072319031,0.03550819070910738
50.29710359999444,9389.09839933,odom,turning,,-0.011335019071549877,0.04295765909399392,2.006801588907695,1.1499731809979592,-3.0356060715154225,2.948663511302592,2.7101337323934263,-1.2973365783691406,1.9759613074749134,-1.9759613074749134,0.04542061500069394,pixhawk_fused,True,0.8,0.2,gyro,-1.0,0.0436122864484787,-0.5732424259185791,0.03870264659298609
50.29715480003506,9389.217869834,odom,turning,,-0.012059443583034424,0.04715891803633107,1.910386025264601,1.1461496457126117,-3.0337203500367544,2.852247947659498,2.64587508649524,-1.19195556640625,1.8715087441890859,-1.8715087441890859,0.05516728099973989,pixhawk_fused,True,0.8,0.2,gyro,-1.0,0.041050951927900314,-0.5395761132240295,0.0422199998385026
50.659161500050686,9389.338135443,odom,turning,,-0.012529861571854942,0.05162185337858782,1.8555621773140207,1.142263932359099,-3.0314752850738405,2.797424099708918,2.578236720669463,-1.1402928829193115,1.8198869524686956,-1.8198869524686956,0.0635050279997813,pixhawk_fused,True,0.8,0.2,gyro,-1.0,0.04084727540612221,-0.5368989706039429,0.04574792508265258
50.659249800024554,9389.457816164,odom,turning,,-0.012698939057527434,0.05624216219279323,1.8416269476836908,1.1384282317995453,-3.0288939594546624,2.783488870078588,2.508553686862993,-1.1402928829193115,1.8198869524686956,-1.8198869524686956,0.18260567499964964,pixhawk_fused,True,0.8,0.2,gyro,-1.0,0.048745572566986084,-0.6407146453857422,0.049178640692522764
50.65928220003843,9389.577315335,odom,turning,,-0.012546105309045263,0.060858654986490894,1.6949383844938808,1.1347849921165363,-3.026054563659588,2.636800306888778,2.438935467405302,-0.9728274941444397,1.6539359317510747,-1.6539359317510747,0.0041002739999385085,pixhawk_fused,True,0.8,0.2,gyro,-1.0,0.04359489679336548,-0.5730139017105103,0.05238223151151276
50.996185199939646,9389.697908618,odom,turning,,-0.012083531645058525,0.06536964268307281,1.6812720681017619,1.1314092844893617,-3.0230267620793714,2.623133990496659,2.370587521305177,-0.9728274941444397,1.6539359317510747,-1.6539359317510747,0.12440156699994986,pixhawk_fused,True,0.8,0.2,gyro,-1.0,0.041155606508255005,-0.5409517288208008,0.055294268336026416
50.99629719997756,9389.799939431,odom,turning,,-0.01142180112375377,0.06931382442633156,1.6242746352238746,1.128609087911174,-3.020171353872094,2.566136557618772,2.3103115127394505,-0.9174423217773438,1.597758109578433,-1.597758109578433,0.04789003600126307,pixhawk_fused,True,0.8,0.2,gyro,-1.0,0.04484386742115021,-0.5894303917884827,0.057661070672813244
50.996353399939835,9389.916812984,odom,turning,,-0.01040841392421869,0.07363713880652853,1.5127209263281807,1.1257091776751764,-3.016808539356044,2.454582848723078,2.2420207170963846,-0.7938041090965271,1.4753900481551314,-1.4753900481551314,0.007683269001063309,pixhawk_fused,True,0.8,0.2,gyro,-1.0,0.041356150060892105,-0.6115360856056213,0.06005459647335156
51.2990857999539,9390.017388307,odom,turning,,-0.009446957750719673,0.0768112301409563,1.4994791792578286,1.1237080420566032,-3.0141637879482692,2.4413411016527258,2.175805314475058,-0.7938041090965271,1.4753900481551314,-1.4753900481551314,0.10793547300090722,pixhawk_fused,True,0.8,0.2,gyro,-1.0,0.03352944552898407,-0.7797229886054993,0.06166030343061224
51.29918520001229,9390.117570718,odom,turning,,-0.008468124205283818,0.07936650768390605,1.4483522874850943,1.1222175360245836,-3.0118690221215045,2.3902142098799914,2.099423533526457,-0.7488292455673218,1.430573454031291,-1.430573454031291,0.055210131000421825,pixhawk_fused,True,0.8,0.2,gyro,-1.0,0.025722254067659378,-0.811427652835846,0.06281019478569906
51.29924409999512,9390.219817027,odom,turning,,-0.007624960735623985,0.08111178380301137,1.313049899823485,1.1213022291114432,-3.010160476944096,2.254911822218382,2.0078289212871114,-0.6010167598724365,1.2843478882401609,-1.2843478882401609,0.05069457599893212,pixhawk_fused,True,0.8,0.2,gyro,-1.0,0.031748224049806595,-0.7749866247177124,0.06347386684165075
51.6412726000417,9390.337444745,odom,turning,,-0.006375070154325473,0.08313044588548282,1.219298938326336,1.1204051181212606,-3.0079622014973606,2.161160860721233,1.9006014983794457,-0.5112423896789551,1.1939658935158872,-1.1939658935158872,0.05441964100100449,pixhawk_fused,True,0.8,0.2,gyro,-1.0,0.038716934621334076,-0.6446036696434021,0.06405005282800628
51.641386799979955,9390.456962975,odom,turning,,-0.005126618509575423,0.08471911884846559,1.1962151873684044,1.1198548734110099,-3.0060180451118215,2.1380771097633016,1.7849857088268324,-0.5112423896789551,1.1939658935158872,-1.1939658935158872,0.17393263100166223,pixhawk_fused,True,0.8,0.2,gyro,-1.0,0.036119494587183,-0.8138687014579773,0.06431893045940389
51.64144210005179,9390.558242854,odom,turning,,-0.0048337347848450354,0.08500123441807486,1.0299779900864783,1.1197990379217042,-3.005615239365882,1.9718399124813755,1.6720705970062313,-0.32643434405326843,1.0144411428063536,-1.0144411428063536,0.08442036999986158,pixhawk_fused,True,0.8,0.2,gyro,-1.0,-0.002580351196229458,-1.1192377805709839,0.06431705837688442
51.97824069997296,9390.676373703,odom,turning,,-0.003985897815827449,0.0856753687849721,0.9209524893446757,1.119752664312337,-3.0045330498450404,1.8628144117395729,1.5394832737863215,-0.22340498864650726,0.9112937195389891,-0.9112937195389891,0.0257505339995987,pixhawk_fused,True,0.8,0.2,gyro,-1.0,0.020739542320370674,-1.0222564935684204,0.06420944128775086
51.97835099999793,9390.77747068,odom,turning,,-0.003723041514546485,0.08584499110597447,0.8136864297884285,1.1197701323983766,-3.004220703830378,1.7555483521833257,1.42670169530784,-0.11601195484399796,0.8054022823660993,-0.8054022823660993,0.015207469999950263,pixhawk_fused,True,0.8,0.2,gyro,-1.0,-0.010288900695741177,-1.2847603559494019,0.06414783979980528
51.97840280004311,9390.898445327,odom,turning,,-0.003523366347979527,0.08595334916749461,0.7020198762175038,1.1197999737120279,-3.003995490292509,1.643881798612401,1.2907992564204438,-0.009262830950319767,0.6997683798163556,-0.6997683798163556,0.024799028999041184,pixhawk_fused,True,0.8,0.2,gyro,-1.0,0.0,-1.081957459449768,0.06408635101933438
52.336878999951296,9391.01773462,odom,turning,,-0.0032658193365830007,0.08604118968787725,0.5679619535209424,1.1198804516798537,-3.0037355485359654,1.5098238759158396,1.1542217531634387,0.12258000671863556,0.5663368194192075,-0.5663368194192075,0.06263900399972044,pixhawk_fused,True,0.8,0.2,gyro,-1.0,-0.010258137248456478,-1.2809183597564697,0.06396981108355015
52.33695959998295,9391.137644857,odom,turning,,-0.0030482303230065094,0.0860743740209728,0.38761157307545746,1.1199816210115003,-3.0035400723350447,1.3294734954703546,1.0330707755501631,0.31654128432273865,0.37123419166499616,-0.37123419166499616,0.06853459000012663,pixhawk_fused,True,0.8,0.2,gyro,-1.0,0.0076989708468317986,-0.8432978987693787,0.06384193426769545
52.33700860000681,9391.258077081,odom,turning,,-0.0028316924002909152,0.08607966335802258,0.29019652428822296,1.1201047294273991,-3.003361856266759,1.2320584466831201,0.9389430428288303,0.4142000377178192,0.2729982704013014,-0.2729982704013014,0.07605418099956296,pixhawk_fused,True,0.8,0.2,gyro,-1.0,-0.0025529563426971436,-0.7046798467636108,0.06369478880904399
52.67849079996813,9391.37914971,odom,turning,,-0.0026122481296315184,0.0860745947728598,0.27681965741505743,1.120237923583452,-3.003187383359767,1.2186815798099546,0.8719112119608532,0.4142000377178192,0.2729982704013014,-0.2729982704013014,0.19787198999983957,pixhawk_fused,True,0.8,0.2,gyro,-1.0,-0.015395641326904297,-0.6745373606681824,0.06353819062588231
52.678602700005285,9391.496287022,odom,turning,,-0.002432874320831703,0.08605426219275301,0.12679687474184687,1.1203598882556223,-3.0030542931804165,1.068658797136744,0.8177539739436471,0.5872834324836731,0.09905033580357078,-0.09905033580357078,0.014474864001385868,pixhawk_fused,True,0.8,0.2,gyro,-1.0,0.013569733127951622,-0.32106101512908936,0.06339857899772858
52.678654200048186,9391.597566886,odom,turning,,-0.0018105367939200145,0.08596375295071138,0.12112819426713273,1.1207991898241805,-3.0026042820114887,1.06299011666203,0.7894069314517976,0.5872834324836731,0.09905033580357078,-0.09905033580357078,0.11510689700116927,pixhawk_fused,True,0.8,0.2,gyro,-1.0,0.010324515402317047,-0.13570603728294373,0.06289988080051861
52.998954199953005,9391.698274731,odom,turning,,-0.0021223484049280525,0.0860141331331241,0.08657495063232834,1.1205750160533374,-3.0028267921550897,1.0284368730272255,0.7752086034307022,0.6245378255844116,0.059409259328188926,-0.059409259328188926,0.04258491499967931,pixhawk_fused,True,0.8,0.2,gyro,-1.0,-0.007695901207625866,-0.2360292375087738,0.06315335313361453
52.99906139995437,9391.817415664,odom,turning,,-0.0016821346970409407,0.08592935505952887,0.0537720104917252,1.1209025426665822,-3.0025206847425845,0.9956339328866224,0.7494861338164414,0.6598166227340698,0.024836223760190033,-0.024836223760190033,0.0543540340004256,pixhawk_fused,True,0.8,0.2,gyro,-1.0,0.010321925394237041,-0.13567198812961578,0.06278571393906673
52.99911299999803,9391.917874295,odom,turning,,-0.0017706608788455105,0.08594853057587655,0.04862631078233093,1.1208349578098808,-3.0025809912301025,0.9904882331772281,0.7237560176025711,0.6598166227340698,0.024836223760190033,-0.024836223760190033,0.1545910790009657,pixhawk_fused,True,0.8,0.2,gyro,-1.0,-0.0026817540638148785,-0.3877403438091278,0.06286117047738622
53.338374600047246,9392.03745401,odom,turning,,-0.001508200912912809,0.08588822099108201,0.03092402462274335,1.1210381282867952,-3.002404230835653,0.9727859470176405,0.7102557964861849,0.6780943274497986,0.006083613076748873,-0.006083613076748873,0.07601436799996009,pixhawk_fused,True,0.8,0.2,gyro,-1.0,0.0,0.0,0.06263497917612411
53.33848819998093,9392.137668519,odom,turning,,-0.001551684358944927,0.08589850450819365,0.008279832340779891,1.121004231881742,-3.002433344312386,0.9501417547356771,0.7082339624615227,0.7058300375938416,-0.021715954935607885,0.021715954935607885,0.06433700599882286,pixhawk_fused,True,0.8,0.2,gyro,-1.0,0.0,0.0,0.06267266286685978
53.33856089995243,9392.257339513,odom,turning,,-0.001551684358944927,0.08589850450819365,0.008256572800100281,1.121004231881742,-3.002433344312386,0.9501184951949975,0.7082339624615227,0.7066501975059509,-0.02174502933627126,0.02174502933627126,0.00627524099945731,pixhawk_fused,True,0.8,0.2,gyro,-1.0,0.0,0.0,0.06267266286685978
53.67030520003755,9392.358145155,odom,turning,,-0.001551684358944927,0.08589850450819365,0.008256572800100281,1.121004231881742,-3.002433344312386,0.9501184951949975,0.7082339624615227,0.7066501975059509,-0.02174502933627126,0.02174502933627126,0.10647864299971843,pixhawk_fused,True,0.8,0.2,gyro,-1.0,0.0,0.0,0.06267266286685978
53.67041959997732,,mission_status,reached,reached waypoint 4/4,-0.001551684358944927,0.08589850450819365,0.008256572800100281,,,,,,,,,,,,,,,,,
53.67044460005127,9392.476684668,odom,reached,,-0.001551684358944927,0.08589850450819365,0.008162254793947943,1.121004231881742,-3.002433344312386,0.9500241771888451,0.7082339624615227,0.706831157207489,-0.021862926737835083,0.021862926737835083,0.0427920769998309,pixhawk_fused,True,0.8,0.2,gyro,-1.0,0.0,0.0,0.06267266286685978
53.6705035000341,,mission_status,done,mission complete,-0.001551684358944927,0.08589850450819365,0.008162254793947943,,,,,,,,,,,,,,,,,
53.67052409995813,9392.576921088,odom,done,,-0.001551684358944927,0.08589850450819365,0.008138030026563992,1.121004231881742,-3.002433344312386,0.9499999524214612,0.7082339624615227,0.7068567276000977,-0.021893207668756517,0.021893207668756517,0.09154253499946208,pixhawk_fused,True,0.8,0.2,gyro,-1.0,0.0,0.0,0.06267266286685978
54.77711130003445,9392.696360756,odom,done,,-0.001551684358944927,0.08589850450819365,0.00807058977225017,1.121004231881742,-3.002433344312386,0.9499325121671474,0.7082339624615227,0.7069214582443237,-0.02197750790553299,0.02197750790553299,0.03340367799864907,pixhawk_fused,True,0.8,0.2,gyro,-1.0,0.0,0.0,0.06267266286685978
54.77717140002642,9392.797093604,odom,done,,-0.001551684358944927,0.08589850450819365,0.007945892087856676,1.121004231881742,-3.002433344312386,0.9498078144827539,0.7082339624615227,0.7070649266242981,-0.02213337985189763,0.02213337985189763,0.02544210199994268,pixhawk_fused,True,0.8,0.2,gyro,-1.0,0.0,0.0,0.06267266286685978
54.77720140002202,9392.897193306,odom,done,,-0.001551684358944927,0.08589850450819365,0.007945892087856676,1.121004231881742,-3.002433344312386,0.9498078144827539,0.7082339624615227,0.7070649266242981,-0.02213337985189763,0.02213337985189763,0.1258615339993412,pixhawk_fused,True,0.8,0.2,gyro,-1.0,0.0,0.0,0.06267266286685978
54.77722619997803,9393.017626053,odom,done,,-0.001551684358944927,0.08589850450819365,0.00782212040204655,1.121004231881742,-3.002433344312386,0.9496840427969437,0.7082339624615227,0.7072014212608337,-0.02228809428909925,0.02228809428909925,0.04964290999851073,pixhawk_fused,True,0.8,0.2,gyro,-1.0,0.0,0.0,0.06267266286685978
54.77724780002609,9393.137560132,odom,done,,-0.001551684358944927,0.08589850450819365,0.007768621079617288,1.121004231881742,-3.002433344312386,0.9496305434745145,0.7082339624615227,0.7072763442993164,-0.02235496836478022,0.02235496836478022,0.05569141800151556,pixhawk_fused,True,0.8,0.2,gyro,-1.0,0.0,0.0,0.06267266286685978
54.77727880002931,9393.257713263,odom,done,,-0.001551684358944927,0.08589850450819365,0.007768621079617288,1.121004231881742,-3.002433344312386,0.9496305434745145,0.7082339624615227,0.7072763442993164,-0.02235496836478022,0.02235496836478022,0.17562876000010874,pixhawk_fused,True,0.8,0.2,gyro,-1.0,0.0,0.0,0.06267266286685978
54.777302899979986,9393.357818691,odom,done,,-0.001551684358944927,0.08589850450819365,0.007702166142510514,1.121004231881742,-3.002433344312386,0.9495640885374077,0.7082339624615227,0.7073570489883423,-0.022438036936764987,0.022438036936764987,0.09385124199980055,pixhawk_fused,True,0.8,0.2,gyro,-1.0,0.0,0.0,0.06267266286685978
54.777326000039466,9393.476699807,odom,done,,-0.001551684358944927,0.08589850450819365,0.0075317151047409325,1.121004231881742,-3.002433344312386,0.9493936374996381,0.7082339624615227,0.7075662612915039,-0.022651100461800966,0.022651100461800966,0.02635953599929053,pixhawk_fused,True,0.8,0.2,gyro,-1.0,0.0,0.0,0.06267266286685978
54.777354200021364,9393.57782911,odom,done,,-0.001551684358944927,0.08589850450819365,0.007506213491371483,1.121004231881742,-3.002433344312386,0.9493681358862687,0.7082339624615227,0.7076087594032288,-0.022682977435608778,0.022682977435608778,0.013727462999668205,pixhawk_fused,True,0.8,0.2,gyro,-1.0,0.0,0.0,0.06267266286685978
54.777379799983464,9393.696781872,odom,done,,-0.001551684358944927,0.08589850450819365,0.007431802546944866,1.121004231881742,-3.002433344312386,0.949293724941842,0.7082339624615227,0.7077048420906067,-0.02277599098762629,0.02277599098762629,0.023997722999411053,pixhawk_fused,True,0.8,0.2,gyro,-1.0,0.0,0.0,0.06267266286685978
