local_t,bridge_t,event_type,mission_state,event_message,x_m,y_m,yaw_rad,raw_x_m,raw_y_m,raw_yaw_rad,encoder_yaw_rad,pixhawk_yaw_rad,pixhawk_yaw_ros_rad,pixhawk_gyro_yaw_rad,pixhawk_age_s,yaw_source,use_pixhawk_yaw,pixhawk_weight,encoder_weight,pixhawk_yaw_mode,pixhawk_yaw_sign,linear_x_mps,angular_z_radps,nearest_path_error_m
1.0211920998990536,9640.695206714,odom,idle,,0.012039428482260247,-0.03563363420515112,-0.05530651640555462,1.1823240763435081,-3.0547142860622216,0.5835619674535599,0.21642534712263392,0.8063419461250305,-0.03350438411064731,0.03350438411064731,0.044331267001325614,pixhawk_fused,True,0.8,0.2,gyro,-1.0,0.0,0.0,0.01669635289354899
1.0212661999976262,9640.814882253,odom,idle,,0.012039428482260247,-0.03563363420515112,-0.05530651640555462,1.1823240763435081,-3.0547142860622216,0.5835619674535599,0.21642534712263392,0.8063419461250305,-0.03350438411064731,0.03350438411064731,0.16485519300113083,pixhawk_fused,True,0.8,0.2,gyro,-1.0,0.0,0.0,0.01669635289354899
1.021296999999322,9640.934404685,odom,idle,,0.012039428482260247,-0.03563363420515112,-0.055459106857078444,1.1823240763435081,-3.0547142860622216,0.5834093770020361,0.21642534712263392,0.8064625859260559,-0.03369478999913024,0.03369478999913024,0.06216608199974871,pixhawk_fused,True,0.8,0.2,gyro,-1.0,0.0,0.0,0.01669635289354899
1.0213220999576151,9641.054161185,odom,idle,,0.012039428482260247,-0.03563363420515112,-0.0554998031796452,1.1823240763435081,-3.0547142860622216,0.5833686806794693,0.21642534712263392,0.8064779043197632,-0.03374557193551498,0.03374557193551498,0.030469797000478138,pixhawk_fused,True,0.8,0.2,gyro,-1.0,0.0,0.0,0.01669635289354899
1.0213456999044865,9641.174725778,odom,idle,,0.012039428482260247,-0.03563363420515112,-0.05558540579215787,1.1823240763435081,-3.0547142860622216,0.5832830780669567,0.21642534712263392,0.8065265417098999,-0.03385238928810048,0.03385238928810048,0.04260440299913171,pixhawk_fused,True,0.8,0.2,gyro,-1.0,0.0,0.0,0.01669635289354899
1.0213688999647275,9641.294829902,odom,idle,,0.012039428482260247,-0.03563363420515112,-0.05565731177819977,1.1823240763435081,-3.0547142860622216,0.5832111720809148,0.21642534712263392,0.8065828084945679,-0.033942115784588334,0.033942115784588334,0.04835088999971049,pixhawk_fused,True,0.8,0.2,gyro,-1.0,0.0,0.0,0.01669635289354899
1.0213923999108374,9641.415044542,odom,idle,,0.012039428482260247,-0.03563363420515112,-0.05565731177819977,1.1823240763435081,-3.0547142860622216,0.5832111720809148,0.21642534712263392,0.8065828084945679,-0.033942115784588334,0.033942115784588334,0.1691723109997838,pixhawk_fused,True,0.8,0.2,gyro,-1.0,0.0,0.0,0.01669635289354899
1.0214180999901146,9641.515164866,odom,idle,,0.012039428482260247,-0.03563363420515112,-0.05574070470642345,1.1823240763435081,-3.0547142860622216,0.5831277791526911,0.21642534712263392,0.8066370487213135,-0.034046176246333,0.034046176246333,0.07652961599887931,pixhawk_fused,True,0.8,0.2,gyro,-1.0,0.0,0.0,0.01669635289354899
1.021440799930133,9641.633413462,odom,idle,,0.012039428482260247,-0.03563363420515112,-0.05582566833550251,1.1823240763435081,-3.0547142860622216,0.583042815523612,0.21642534712263392,0.8067006468772888,-0.034152196908335264,0.034152196908335264,0.08966980700097338,pixhawk_fused,True,0.8,0.2,gyro,-1.0,0.0,0.0,0.01669635289354899
1.8831658998969942,9641.735245356,odom,idle,,0.0,0.0,-6.27403326409759e-05,1.1823240763435081,-3.0547142860622216,0.5829800751909711,0.21642534712263392,0.8067549467086792,-0.03423062232412683,0.03423062232412683,0.013094822999846656,pixhawk_fused,True,0.8,0.2,gyro,-1.0,0.0,0.0,0.0
1.8832689999835566,9641.854164139,odom,idle,,0.0,0.0,-0.0001065443076571082,1.1823240763435081,-3.0547142860622216,0.5829362712159549,0.21642534712263392,0.8067841529846191,-0.03428537729285943,0.03428537729285943,0.01523802900010196,pixhawk_fused,True,0.8,0.2,gyro,-1.0,0.0,0.0,0.0
1.8833190998993814,9641.95421878,odom,idle,,0.0,0.0,-0.0001537264206650235,1.1823240763435081,-3.0547142860622216,0.582889089102947,0.21642534712263392,0.8068140149116516,-0.034344354934024685,0.034344354934024685,0.07378721999884874,pixhawk_fused,True,0.8,0.2,gyro,-1.0,0.0,0.0,0.0
1.8833607999840751,9642.05507329,odom,idle,,0.0,0.0,-0.00021405573145405477,1.1823240763435081,-3.0547142860622216,0.582828759792158,0.21642534712263392,0.8068717122077942,-0.034419766572269674,0.034419766572269674,0.022960243999477825,pixhawk_fused,True,0.8,0.2,gyro,-1.0,0.0,0.0,0.0
1.8833989999257028,9642.173829745,odom,idle,,0.0,0.0,-0.00031122404356631606,1.1823240763435081,-3.0547142860622216,0.5827315914800457,0.21642534712263392,0.8069220185279846,-0.03454122696161556,0.03454122696161556,0.03375584599962167,pixhawk_fused,True,0.8,0.2,gyro,-1.0,0.0,0.0,0.0
1.8834359999746084,9642.274527891,odom,idle,,0.0,0.0,-0.00035917374412974823,1.1823240763435081,-3.0547142860622216,0.5826836417794823,0.21642534712263392,0.8069556951522827,-0.034601164086687446,0.034601164086687446,0.014938239999537473,pixhawk_fused,True,0.8,0.2,gyro,-1.0,0.0,0.0,0.0
1.8834838999900967,9642.394101253,odom,idle,,0.0,0.0,-0.00035917374412974823,1.1823240763435081,-3.0547142860622216,0.5826836417794823,0.21642534712263392,0.8069556951522827,-0.034601164086687446,0.034601164086687446,0.13455802699900232,pixhawk_fused,True,0.8,0.2,gyro,-1.0,0.0,0.0,0.0
1.8835222999332473,9642.495365219,odom,idle,,0.0,0.0,-0.0005100992341093846,1.1823240763435081,-3.0547142860622216,0.5825327162895027,0.21642534712263392,0.8070403933525085,-0.03478982094578731,0.03478982094578731,0.04855731200041191,pixhawk_fused,True,0.8,0.2,gyro,-1.0,0.0,0.0,0.0
3.1624233999755234,9642.607258976,odom,idle,,0.0,0.0,-0.0005100992341093846,1.1823240763435081,-3.0547142860622216,0.5825327162895027,0.21642534712263392,0.8070403933525085,-0.03478982094578731,0.03478982094578731,0.1615946330002771,pixhawk_fused,True,0.8,0.2,gyro,-1.0,0.0,0.0,0.0
3.1625200998969376,9642.722493853,odom,idle,,0.0,0.0,-0.0005486080079715183,1.1823240763435081,-3.0547142860622216,0.5824942075156405,0.21642534712263392,0.8070595264434814,-0.034837956911849856,0.034837956911849856,0.07776388300044346,pixhawk_fused,True,0.8,0.2,gyro,-1.0,0.0,0.0,0.0
3.1625624999869615,9642.840717434,odom,idle,,0.0,0.0,-0.0005927509402746667,1.1823240763435081,-3.0547142860622216,0.5824500645833374,0.21642534712263392,0.8070775866508484,-0.03489313557554322,0.03489313557554322,0.09954924799967557,pixhawk_fused,True,0.8,0.2,gyro,-1.0,0.0,0.0,0.0
3.1625985999125987,9642.956515946,odom,idle,,0.0,0.0,-0.000693347760275187,1.1823240763435081,-3.0547142860622216,0.5823494677633368,0.21642534712263392,0.8071325421333313,-0.035018881595659135,0.035018881595659135,0.02823881699987396,pixhawk_fused,True,0.8,0.2,gyro,-1.0,0.0,0.0,0.0
3.1626326999394223,9643.056523535,odom,idle,,0.0,0.0,-0.0007785216724807142,1.1823240763435081,-3.0547142860622216,0.5822642938511313,0.21642534712263392,0.8071780800819397,-0.03512534898050415,0.03512534898050415,0.013423111000520294,pixhawk_fused,True,0.8,0.2,gyro,-1.0,0.0,0.0,0.0
3.1626655999571085,9643.177794726,odom,idle,,0.0,0.0,-0.0008059526323958011,1.1823240763435081,-3.0547142860622216,0.5822368628912162,0.21642534712263392,0.8071728348731995,-0.035159637678380186,0.035159637678380186,0.027244453000093927,pixhawk_fused,True,0.8,0.2,gyro,-1.0,0.0,0.0,0.0
3.1627095999429002,9643.295449435,odom,idle,,0.0,0.0,-0.0008059526323958011,1.1823240763435081,-3.0547142860622216,0.5822368628912162,0.21642534712263392,0.8071728348731995,-0.035159637678380186,0.035159637678380186,0.14637869999933173,pixhawk_fused,True,0.8,0.2,gyro,-1.0,0.0,0.0,0.0
3.1627455999841914,9643.415436568,odom,idle,,0.0,0.0,-0.0009204444324284466,1.1823240763435081,-3.0547142860622216,0.5821223710911836,0.21642534712263392,0.8072559237480164,-0.03530275241840916,0.03530275241840916,0.01002167700062273,pixhawk_fused,True,0.8,0.2,gyro,-1.0,0.0,0.0,0.0
3.162786899949424,9643.533939293,odom,idle,,0.0,0.0,-0.0009259579817200159,1.1823240763435081,-3.0547142860622216,0.582116857541892,0.21642534712263392,0.8072535991668701,-0.035309644354472924,0.035309644354472924,0.08456640100121149,pixhawk_fused,True,0.8,0.2,gyro,-1.0,0.0,0.0,0.0
3.1628224999876693,9643.654966437,odom,idle,,0.0,0.0,-0.0009714435834076163,1.1823240763435081,-3.0547142860622216,0.5820713719402044,0.21642534712263392,0.8072899580001831,-0.03536650135178404,0.03536650135178404,0.029067093000776367,pixhawk_fused,True,0.8,0.2,gyro,-1.0,0.0,0.0,0.0
3.162870599888265,9643.774552116,odom,idle,,0.0,0.0,-0.001094144117786966,1.1823240763435081,-3.0547142860622216,0.5819486714058251,0.21642534712263392,0.8073838949203491,-0.03551987700440275,0.03551987700440275,0.03679923500021687,pixhawk_fused,True,0.8,0.2,gyro,-1.0,0.0,0.0,0.0
4.1957014999352396,9643.893937597,odom,idle,,0.0,0.0,0.0,1.1823240763435081,-3.0547142860622216,0.5819486714058251,0.21642534712263392,0.8073838949203491,-0.03551987700440275,0.03551987700440275,0.1563189529988449,pixhawk_fused,True,0.8,0.2,gyro,-1.0,0.0,0.0,0.0
4.195776699925773,9643.996164874,odom,idle,,0.0,0.0,-1.2021411955442929e-05,1.1823240763435081,-3.0547142860622216,0.5819366499938696,0.21642534712263392,0.8073673248291016,-0.03553490376934694,0.03553490376934694,0.0656227969993779,pixhawk_fused,True,0.8,0.2,gyro,-1.0,0.0,0.0,0.0
4.195810499950312,9644.114707006,odom,idle,,0.0,0.0,-0.00011781650190689774,1.1823240763435081,-3.0547142860622216,0.5818308549039182,0.21642534712263392,0.8074440360069275,-0.03566714763172255,0.03566714763172255,0.07075879900003201,pixhawk_fused,True,0.8,0.2,gyro,-1.0,0.0,0.0,0.0
4.195861899992451,9644.215065498,odom,idle,,0.0,0.0,-0.00011781650190689774,1.1823240763435081,-3.0547142860622216,0.5818308549039182,0.21642534712263392,0.8074440360069275,-0.03566714763172255,0.03566714763172255,0.17110858699925302,pixhawk_fused,True,0.8,0.2,gyro,-1.0,0.0,0.0,0.0
4.195885699940845,9644.334597385,odom,idle,,0.0,0.0,-0.00022515428176428376,1.1823240763435081,-3.0547142860622216,0.5817235171240608,0.21642534712263392,0.8075072169303894,-0.035801319856162236,0.035801319856162236,0.00467310699968948,pixhawk_fused,True,0.8,0.2,gyro,-1.0,0.0,0.0,0.0
4.195934499963187,9644.454143939,odom,idle,,0.0,0.0,-0.0003228707331506264,1.1823240763435081,-3.0547142860622216,0.5816258006726744,0.21642534712263392,0.8075840473175049,-0.03592346541952626,0.03592346541952626,0.048719995000283234,pixhawk_fused,True,0.8,0.2,gyro,-1.0,0.0,0.0,0.0
4.195966799976304,9644.554290863,odom,idle,,0.0,0.0,-0.00034705744665364247,1.1823240763435081,-3.0547142860622216,0.5816016139591714,0.21642534712263392,0.8076052665710449,-0.03595369881108688,0.03595369881108688,0.0951251599999523,pixhawk_fused,True,0.8,0.2,gyro,-1.0,0.0,0.0,0.0
4.195989899919368,9644.674512177,odom,idle,,0.0,0.0,-0.0004032345918938418,1.1823240763435081,-3.0547142860622216,0.5815454368139312,0.21642534712263392,0.8076382875442505,-0.03602392024170892,0.03602392024170892,0.03671694199874764,pixhawk_fused,True,0.8,0.2,gyro,-1.0,0.0,0.0,0.0
4.196014199987985,9644.794576181,odom,idle,,0.0,0.0,-0.00048037533137901267,1.1823240763435081,-3.0547142860622216,0.5814682960744461,0.21642534712263392,0.8076757788658142,-0.036120346164296435,0.036120346164296435,0.05151411100086989,pixhawk_fused,True,0.8,0.2,gyro,-1.0,0.0,0.0,0.0
4.523465699981898,,mission_status,navigating,going to waypoint 1/4,0.0,0.0,-0.00048037533137901267,,,,,,,,,,,,,,,,,
4.523563299910165,9644.915814174,odom,navigating,,0.0,0.0,-0.00048037533137901267,1.1823240763435081,-3.0547142860622216,0.5814682960744461,0.21642534712263392,0.8076757788658142,-0.036120346164296435,0.036120346164296435,0.17329098000118393,pixhawk_fused,True,0.8,0.2,gyro,-1.0,0.0,0.0,0.0
4.523634499986656,9645.034040131,odom,navigating,,0.0,0.0,-0.0005755993977180074,1.1823240763435081,-3.0547142860622216,0.5813730720081071,0.21642534712263392,0.8077318668365479,-0.0362393762441008,0.0362393762441008,0.0937128239984304,pixhawk_fused,True,0.8,0.2,gyro,-1.0,0.0,0.0,0.0
4.523674399941228,9645.134404383,odom,navigating,,0.0,0.0,-0.0006205832481566143,1.1823240763435081,-3.0547142860622216,0.5813280881576685,0.21642534712263392,0.8077429533004761,-0.03629560605526255,0.03629560605526255,0.08218210999984876,pixhawk_fused,True,0.8,0.2,gyro,-1.0,0.0,0.0,0.0
4.862069999915548,9645.253213587,odom,navigating,,0.0,0.0,-0.0006637874277437561,1.1823240763435081,-3.0547142860622216,0.5812848839780813,0.21642534712263392,0.8077654838562012,-0.036349611277657616,0.036349611277657616,0.023687580000114394,pixhawk_fused,True,0.8,0.2,gyro,-1.0,0.0,0.0,0.0
4.862166599952616,9645.35464263,odom,navigating,,0.0,0.0,-0.0006637874277437561,1.1823240763435081,-3.0547142860622216,0.5812848839780813,0.21642534712263392,0.8077654838562012,-0.036349611277657616,0.036349611277657616,0.1247248359995865,pixhawk_fused,True,0.8,0.2,gyro,-1.0,0.0,0.0,0.0
4.862211599946022,9645.474107873,odom,navigating,,0.0005878944086895141,-0.00022276525223524786,0.00115987701452136,1.182937642865653,-3.054577244768172,0.5831085484203464,0.22590106465045146,0.8077824711799622,-0.03643893765468435,0.03643893765468435,0.0521908729988354,pixhawk_fused,True,0.8,0.2,gyro,-1.0,0.007704352494329214,0.10126645863056183,0.0005695199586131543
5.205820299917832,9645.574701899,odom,navigating,,0.0013042176599127697,-0.0004854729251914943,0.0034491491108585848,1.1836804524291513,-3.054402979814585,0.5853978205166837,0.23739856083438513,0.807738721370697,-0.03645153382975893,0.03645153382975893,0.04612848699980532,pixhawk_fused,True,0.8,0.2,gyro,-1.0,0.010279138572514057,0.13510960340499878,0.0012572009676764426
5.205921499989927,9645.694581226,odom,navigating,,0.004281379711797227,-0.0014894271207506315,0.03439767081419398,1.1867193795165483,-3.053605270552105,0.616346342220019,0.28474658889803234,0.7773200869560242,-0.009601573986898228,0.009601573986898228,0.05025866300093185,pixhawk_fused,True,0.8,0.2,gyro,-1.0,0.041163839399814606,0.5410599112510681,0.004052292013728409
5.205971999908797,9645.815949552,odom,navigating,,0.008910270493453084,-0.002756193734219042,0.04884308379841207,1.1912826050643155,-3.052119235518298,0.6307917552042371,0.3570884891751616,0.7773200869560242,-0.009601573986898228,0.009601573986898228,0.17169454300164944,pixhawk_fused,True,0.8,0.2,gyro,-1.0,0.053806934505701065,0.7072414755821228,0.008187164715739855
5.541142899892293,9645.933953535,odom,navigating,,0.014554896635812744,-0.0038349556427886167,0.164594148797225,1.1965910316397412,-3.0499178407704837,0.7465428202030501,0.44371265855473546,0.6537819504737854,0.11341060574542447,-0.11341060574542447,0.06814607099840941,pixhawk_fused,True,0.8,0.2,gyro,-1.0,0.06197506934404373,0.8146039247512817,0.011080867624030672
5.541244899970479,9646.03470378,odom,navigating,,0.019686006276029448,-0.004386659819705468,0.22364644031833747,1.201180771246676,-3.047558401434691,0.8055951117241625,0.5215019500930714,0.5977059006690979,0.16779011149894163,-0.16779011149894163,0.0875642009996227,pixhawk_fused,True,0.8,0.2,gyro,-1.0,0.059410661458969116,0.7808972001075745,0.013490353327139696
5.541293399990536,9646.15336271,odom,navigating,,0.026146659702135956,-0.004514983182700107,0.30359723568271313,1.2066484901305115,-3.0441144850905992,0.8855459070885382,0.6189140619185924,0.5228543877601624,0.2433922586012976,-0.2433922586012976,0.028910783999890555,pixhawk_fused,True,0.8,0.2,gyro,-1.0,0.06441511958837509,0.8466761112213135,0.016993851642830453
5.842605999903753,9646.253956276,odom,navigating,,0.03128548921598095,-0.0041649191203295185,0.4405116605918793,1.2107490193516315,-3.0409974714995367,1.0224603319977044,0.6965507706961996,0.37079522013664246,0.395090771036257,-0.395090771036257,0.013488777000020491,pixhawk_fused,True,0.8,0.2,gyro,-1.0,0.05924707651138306,0.778747022151947,0.020155516940120088
5.842717099934816,9646.354247553,odom,navigating,,0.036488643605321815,-0.003398153378817775,0.45633479987455483,1.2146742438521387,-3.0374969918292214,1.03828347128038,0.775827789692565,0.37079522013664246,0.395090771036257,-0.395090771036257,0.11354315199969278,pixhawk_fused,True,0.8,0.2,gyro,-1.0,0.05980697274208069,0.7861063480377197,0.02369870848629133
5.842769999988377,9646.454364389,odom,navigating,,0.042124792645941184,-0.002085853114460346,0.5723144113170613,1.2186613344907034,-3.033302779599043,1.1542630827228864,0.8630623415733019,0.24807168543338776,0.5182299235631125,-0.5182299235631125,0.02283326799988572,pixhawk_fused,True,0.8,0.2,gyro,-1.0,0.06761129945516586,0.8886868953704834,0.02793626760478072
6.1628817999735475,9646.554527762,odom,navigating,,0.04821506490284859,-6.916343663287278e-05,0.690251215351189,1.2226406268765715,-3.028270515145769,1.2721998867570141,0.9597725309768534,0.12195586413145065,0.6414631930161612,-0.6414631930161612,0.013255449999633129,pixhawk_fused,True,0.8,0.2,gyro,-1.0,0.07729814946651459,1.016011357307434,0.033011743571332616
6.1630199999781325,9646.673979508,odom,navigating,,0.05587436605793451,0.003450512205699155,0.7964027159933338,1.2271045546733392,-3.0211202452601795,1.3783513873991589,1.0868858695129668,0.02023923024535179,0.7423842516709463,-0.7423842516709463,0.022204894999958924,pixhawk_fused,True,0.8,0.2,gyro,-1.0,0.08476056903600693,1.1140978336334229,0.036473204947206975
6.163078199955635,9646.774412726,odom,navigating,,0.06285310049945107,0.007771699390298526,0.8210073962364108,1.2305593885712056,-3.013674473585752,1.402956067642236,1.2106574521054212,0.02023923024535179,0.7423842516709463,-0.7423842516709463,0.1222619179989124,pixhawk_fused,True,0.8,0.2,gyro,-1.0,0.10112563520669937,1.3292012214660645,0.03823935704382754
6.502510299906135,9646.875395782,odom,navigating,,0.07027540225315793,0.013854949747298301,1.067522229593292,1.2334162524523196,-3.0045128783647326,1.649470900999117,1.3553948244840672,-0.25099676847457886,1.0141547858286994,-1.0141547858286994,0.0006427990010706708,pixhawk_fused,True,0.8,0.2,gyro,-1.0,0.10789863020181656,1.418225884437561,0.03905126141491113
6.5026123999850824,9646.99433443,odom,navigating,,0.0792805184955967,0.024313466495806433,1.1087742259371502,1.235190510905782,-2.990826217045807,1.6907228973429753,1.5637153292825334,-0.25099676847457886,1.0141547858286994,-1.0141547858286994,0.11946441300096922,pixhawk_fused,True,0.8,0.2,gyro,-1.0,0.15950989723205566,2.0966074466705322,0.037829309279812866
6.502661899896339,9647.115190883,odom,navigating,,0.08795668739153777,0.04131967136856064,1.2519074872472493,1.2330910133265327,-2.9718504688181424,1.8338561586530744,1.832048817900672,-0.3659287095069885,1.127332551317324,-1.127332551317324,0.0893771770006424,pixhawk_fused,True,0.8,0.2,gyro,-1.0,0.18709062039852142,1.9874948263168335,0.031683231987819166
6.860335599980317,9647.234190995,odom,navigating,,0.09318941205784147,0.061715179530409746,1.6030017384408584,1.226251945711877,-2.9519360189192483,2.1849504098466834,1.9672799275204513,-0.7710906267166138,1.530644845442881,-1.530644845442881,0.10155348800071806,pixhawk_fused,True,0.8,0.2,gyro,-1.0,0.1970369815826416,0.7063269019126892,0.020706694919125253
6.860437099938281,9647.35435756,odom,navigating,,0.09594125226397549,0.07841841650588217,1.7052824800393613,1.2193698317423378,-2.936469692358324,2.2872311514451864,2.0194192024858677,-0.8735478520393372,1.645371193008532,-1.645371193008532,0.10656962400025805,pixhawk_fused,True,0.8,0.2,gyro,-1.0,0.13276681303977966,0.33559513092041016,0.010648291449581314
6.860485399956815,9647.474321834,odom,navigating,,0.09715696715104978,0.08754058088911387,1.7426849350080518,1.215371407643188,-2.928180877579075,2.324633606413877,2.010660673356732,-0.9315885305404663,1.6942828111444015,-1.6942828111444015,0.031186692000119365,pixhawk_fused,True,0.8,0.2,gyro,-1.0,0.05907554551959038,-0.2363237887620926,0.004954920633768123
7.202684599906206,9647.59413513,odom,navigating,,0.097755536558305,0.09140890663006664,1.7130851282686164,1.213745212014253,-2.9246202993746464,2.2950337996744414,1.9707055089213499,-0.9040044546127319,1.6672692236099738,-1.6672692236099738,0.04908571200030565,pixhawk_fused,True,0.8,0.2,gyro,-1.0,0.03087751194834709,-0.40585583448410034,0.0025984821356840057
7.202821099897847,9647.694390262,odom,navigating,,0.09832445782356715,0.09422485220415897,1.7044279356023757,1.212672692326755,-2.921955168533159,2.286376607008201,1.9274086666933543,-0.9040044546127319,1.6672692236099738,-1.6672692236099738,0.1490566470001795,pixhawk_fused,True,0.8,0.2,gyro,-1.0,0.03555208072066307,-0.46729862689971924,0.0009759563834970673
7.2028867999324575,9647.815064,odom,navigating,,0.09951143676002334,0.09878090421159444,1.6598043432199436,1.2111600392570778,-2.9174966475249273,2.2417530146257687,1.8564399664181326,-0.8660504221916199,1.629231594452669,-1.629231594452669,0.09223803299937572,pixhawk_fused,True,0.8,0.2,gyro,-1.0,0.051262568682432175,-0.6737982034683228,0.001463444924176705
7.522271699970588,9647.915120414,odom,navigating,,0.10103009201055185,0.103288496854469,1.5505277242822773,1.209951102135746,-2.9128963022943255,2.1324763956881023,1.7847465400696279,-0.7451381683349609,1.5105597001705664,-1.5105597001705664,0.03222640599960869,pixhawk_fused,True,0.8,0.2,gyro,-1.0,0.05639725178480148,-0.7412887811660767,0.0036369044503407944
7.522409799974412,9648.015318955,odom,navigating,,0.1031856950014379,0.1083689864137209,1.5338933657652045,1.2089593723461818,-2.907467262743864,2.1158420371710296,1.701555751025902,-0.7451381683349609,1.5105597001705664,-1.5105597001705664,0.1326597370007221,pixhawk_fused,True,0.8,0.2,gyro,-1.0,0.06664133816957474,-0.8759376406669617,0.0057771580735773735
7.522476799902506,9648.134198663,odom,navigating,,0.10632975614325468,0.11422273662736207,1.4683581311618645,1.208368368768505,-2.900848937668865,2.0503068025676896,1.6013893323550363,-0.6861873269081116,1.4536641389523046,-1.4536641389523046,0.09278803900087951,pixhawk_fused,True,0.8,0.2,gyro,-1.0,0.06455735862255096,-0.8485457301139832,0.007782850101218443
7.881760299904272,9648.254874089,odom,navigating,,0.11006177607296697,0.11975734378792809,1.3198883577308012,1.2084439598313077,-2.894174049267642,1.9018370291366262,1.5007576103546996,-0.5263543725013733,1.293255748489906,-1.293255748489906,0.11345499299932271,pixhawk_fused,True,0.8,0.2,gyro,-1.0,0.0663570687174797,-0.8722012042999268,0.009149872356347925
7.881840799935162,9648.374292564,odom,navigating,,0.11440303625154545,0.12496826490021672,1.2347678124907224,1.2092064209916007,-2.8874346953107963,1.8167164838965475,1.3984932602631708,-0.44502711296081543,1.2124171933923262,-1.2124171933923262,0.11414771700037818,pixhawk_fused,True,0.8,0.2,gyro,-1.0,0.06676772236824036,-0.8775988817214966,0.0098601331459165
7.881888599949889,9648.493863647,odom,navigating,,0.11951493819023001,0.129942473428785,1.0815146282251464,1.2107427807494744,-2.880469503955866,1.6634632996309715,1.2909492270714806,-0.2797895073890686,1.0477424249444502,-1.0477424249444502,0.050250851001692354,pixhawk_fused,True,0.8,0.2,gyro,-1.0,0.06947440654039383,-0.913175642490387,0.009863489176092545
8.182784499949776,9648.594129484,odom,navigating,,0.1246153699487585,0.13398178444193382,1.0619174266502556,1.2127834275150424,-2.874291624193154,1.6438660980560806,1.1928657063883812,-0.2797895073890686,1.0477424249444502,-1.0477424249444502,0.1504260620004061,pixhawk_fused,True,0.8,0.2,gyro,-1.0,0.08234003186225891,-1.0822821855545044,0.00920449905585181
8.182976799900644,9648.694376952,odom,navigating,,0.1306672051740917,0.13784119314166665,0.9705764006840407,1.2157177540396065,-2.8677410919282615,1.5525250720898658,1.0846504259466097,-0.19143730401992798,0.9606024805102843,-0.9606024805102843,0.07271516599939787,pixhawk_fused,True,0.8,0.2,gyro,-1.0,0.08490042388439178,-1.1159361600875854,0.007753338180806395
8.183066300000064,9648.794460627,odom,navigating,,0.13844568678022542,0.1416433999017609,0.8697423237984208,1.2201259503237711,-2.860289289605082,1.4516909952042458,0.9689964899114968,-0.09328867495059967,0.8634524229560393,-0.8634524229560393,0.06468038300045009,pixhawk_fused,True,0.8,0.2,gyro,-1.0,0.10548233985900879,-1.1835685968399048,0.005057601305960602
8.50132009992376,9648.914732582,odom,navigating,,0.1578081712455793,0.14818623694570648,0.7608269095975435,1.2327049478297145,-2.8441808029287934,1.3427755810033686,0.8554253112130598,0.01533581130206585,0.7556931618247527,-0.7556931618247527,0.07124679499975173,pixhawk_fused,True,0.8,0.2,gyro,-1.0,0.26656532287597656,-0.7411779165267944,0.003747688696608056
8.501422599889338,9649.015081213,odom,navigating,,0.18432716377650388,0.15516102685105038,0.6460954189935182,1.2510250189706742,-2.823777870481003,1.2280440903993433,0.8263649057305334,0.14996646344661713,0.6196126608644026,-0.6196126608644026,0.08917240699884132,pixhawk_fused,True,0.8,0.2,gyro,-1.0,0.32803142070770264,-0.13473953306674957,0.017231712060692364
8.501504899933934,9649.115415512,odom,navigating,,0.21318877659851915,0.16258142261190336,0.5749223211489143,1.2710571704969311,-2.801715053952629,1.1568709925547394,0.8534187374719403,0.23514415323734283,0.5238940177951353,-0.5238940177951353,0.07563359499908984,pixhawk_fused,True,0.8,0.2,gyro,-1.0,0.3460223078727722,0.43796879053115845,0.03202915288783934
8.842078999965452,9649.234107934,odom,navigating,,0.24403863585959826,0.1717870755110417,0.6064702681990715,1.2917690177281975,-2.777068000457404,1.1884189396048965,0.8974022435405786,0.204159677028656,0.5523398885820406,-0.5523398885820406,0.08634620199882193,pixhawk_fused,True,0.8,0.2,gyro,-1.0,0.2788458466529846,0.2036202996969223,0.04693243591190015
8.842204299988225,9649.334635545,odom,navigating,,0.2652353955874924,0.1790056864896774,0.6130809050883197,1.3055089151188635,-2.7593867621773254,1.1950295764941448,0.9305519774143051,0.204159677028656,0.5523398885820406,-0.5523398885820406,0.18657578399870545,pixhawk_fused,True,0.8,0.2,gyro,-1.0,0.2272077053785324,0.33936721086502075,0.05653176542768607
8.842255999916233,9649.453628496,odom,navigating,,0.2844089234075373,0.18617369363540473,0.6866650109208756,1.3175864329880833,-2.7428598732497047,1.2686136823267007,0.9576133930567572,0.12538084387779236,0.6375207061563033,-0.6375207061563033,0.005035209000197938,pixhawk_fused,True,0.8,0.2,gyro,-1.0,0.17003528773784637,0.3386840522289276,0.0647570826739294
9.164733599987812,9649.553736933,odom,navigating,,0.2956576301244287,0.19066584647516863,0.6885546901883988,1.3245144006834766,-2.732924275454402,1.2705033615942238,0.9670738703456572,0.12538084387779236,0.6375207061563033,-0.6375207061563033,0.10517047800021828,pixhawk_fused,True,0.8,0.2,gyro,-1.0,0.11181869357824326,0.03418026119470596,0.06937703819129139
9.164841899997555,9649.654296191,odom,navigating,,0.30276099780743837,0.19355907235584222,0.7000353863308744,1.3288582353887213,-2.726602907842078,1.2819840577366994,0.9744972446843309,0.11474406719207764,0.6500140169207352,-0.6500140169207352,0.028846510000221315,pixhawk_fused,True,0.8,0.2,gyro,-1.0,0.07729969173669815,0.2031819224357605,0.07225394474635498
9.164896299946122,9649.77581784,odom,navigating,,0.306941038278214,0.19529946025866124,0.712069845269635,1.3313936033053426,-2.7228514284116443,1.29401851667546,0.9914039957123987,0.10444518178701401,0.660832491697778,-0.660832491697778,0.035322794999956386,pixhawk_fused,True,0.8,0.2,gyro,-1.0,0.031705018132925034,0.35261985659599304,0.07391975187497485
9.504079499980435,9649.894228565,odom,navigating,,0.3102019112146236,0.19680622883841772,0.7231367156594188,1.3332895145008672,-2.719800336050041,1.305085387065244,1.0468925941358005,0.10444518178701401,0.660832491697778,-0.660832491697778,0.15382903600038844,pixhawk_fused,True,0.8,0.2,gyro,-1.0,0.03859109804034233,0.5072436332702637,0.0751123621762502
9.50419039989356,9649.994450369,odom,navigating,,0.31357064022503167,0.1985940180542317,0.7692770135856277,1.3351210641174716,-2.716455197573436,1.3512256849914528,1.1043648822242094,0.06138212978839874,0.7041567541081803,-0.7041567541081803,0.06457733199931681,pixhawk_fused,True,0.8,0.2,gyro,-1.0,0.04629543051123619,0.6085098385810852,0.07617865589859736
9.504246899974532,9650.115920907,odom,navigating,,0.31836322631224323,0.20158451329381952,0.863816314317946,1.3374810233367773,-2.711322699578839,1.445764985723771,1.1895240728907785,-0.03590792417526245,0.801026802392711,-0.801026802392711,0.07232251099958376,pixhawk_fused,True,0.8,0.2,gyro,-1.0,0.056388821452856064,0.7411779761314392,0.07737508508779685
9.838634899933822,9650.233982384,odom,navigating,,0.32313381619801296,0.20517396589231734,0.9362349349072661,1.3394933884392335,-2.7057019269887506,1.5181836063130911,1.2795204564340283,-0.10547220706939697,0.8690797370989221,-0.8690797370989221,0.012713408999843523,pixhawk_fused,True,0.8,0.2,gyro,-1.0,0.05681047961115837,0.7467202544212341,0.07812671659957494
9.838734699995257,9650.33446661,odom,navigating,,0.3270092906962516,0.20863445542074133,1.0104244217607925,1.3408288652076505,-2.7006808920193595,1.5923730931666176,1.3578438144680531,-0.17857599258422852,0.9422438043672936,-0.9422438043672936,0.005279277998852194,pixhawk_fused,True,0.8,0.2,gyro,-1.0,0.05885227397084236,0.773557722568512,0.07834687609761723
9.838783199898899,9650.453540525,odom,navigating,,0.33152892939192335,0.2134526958708297,1.1259078541739087,1.3419561806174278,-2.6941715345287034,1.7078565255797338,1.457430378183566,-0.2985893487930298,1.0616732255537407,-1.0616732255537407,0.04898236599910888,pixhawk_fused,True,0.8,0.2,gyro,-1.0,0.06503058969974518,0.8547658920288086,0.07804251468143594
10.163370699970983,9650.553903569,odom,navigating,,0.33541237707900495,0.21848764148981542,1.1701753364491307,1.3424329137989282,-2.6878308272496927,1.7521240078549558,1.5532783329305782,-0.3306979835033417,1.0931668172199622,-1.0931668172199622,0.09540016599930823,pixhawk_fused,True,0.8,0.2,gyro,-1.0,0.07729814946651459,1.016011357307434,0.07713931331108695
10.16347029991448,9650.654504921,odom,navigating,,0.3393764850914387,0.2248946333995473,1.2614110873532314,1.3422228808596413,-2.6802995867257136,1.8433597587590564,1.6668725110356564,-0.4176442325115204,1.1788958559353249,-1.1788958559353249,0.014259463001508266,pixhawk_fused,True,0.8,0.2,gyro,-1.0,0.09444526582956314,1.2413941621780396,0.0753085498730107
10.163529699901119,9650.774684124,odom,navigating,,0.34376793680898143,0.23478126763910817,1.4667275124935146,1.3404572524724963,-2.6696265861554487,2.0486761838993397,1.8300651563300594,-0.6367005109786987,1.3946033635456458,-1.3946033635456458,0.032670732000042335,pixhawk_fused,True,0.8,0.2,gyro,-1.0,0.12074369937181473,1.5870622396469116,0.07128068914376588
10.483433699933812,9650.874860968,odom,navigating,,0.3467229939163867,0.2461554038077663,1.497300292812098,1.3366740601477642,-2.658500455115177,2.079248964217923,1.9855675392659988,-0.6367005109786987,1.3946033635456458,-1.3946033635456458,0.13282702099968446,pixhawk_fused,True,0.8,0.2,gyro,-1.0,0.1685597151517868,1.3975063562393188,0.0651850171783161
10.483534200000577,9650.993752777,odom,navigating,,0.3496284346663219,0.2708888371633576,1.7370891580393983,1.3255064424031486,-2.636241330572262,2.3190378294452234,2.071421133799863,-0.9023870825767517,1.6721566330511466,-1.6721566330511466,0.053232686999763246,pixhawk_fused,True,0.8,0.2,gyro,-1.0,0.2572808265686035,0.20298711955547333,0.04947585912256751
10.483593499986455,9651.09444922,odom,navigating,,0.3511544903836749,0.29111315626369816,1.774171581418394,1.3156649435237149,-2.6185072721272538,2.356120252824219,2.078150255153463,-0.9410510063171387,1.7167895850558177,-1.7167895850558177,0.04278783300105715,pixhawk_fused,True,0.8,0.2,gyro,-1.0,0.20839720964431763,-0.03388552740216255,0.036038330098695004
10.844946799916215,9651.215350166,odom,navigating,,0.3524826894256917,0.30810711789955986,1.7712050719780936,1.3074337318377156,-2.6035805846529136,2.3531537433839187,2.0632804972356493,-0.9410510063171387,1.7167895850558177,-1.7167895850558177,0.16373857500002487,pixhawk_fused,True,0.8,0.2,gyro,-1.0,0.12559328973293304,-0.1684495210647583,0.024779120019110375
10.845052199903876,9651.334221292,odom,navigating,,0.3534575889624357,0.3173078223207703,1.7616447092302863,1.303190962487415,-2.5953585229167446,2.3435933806361113,2.0186333180948792,-0.941520094871521,1.7159866238022565,-1.7159866238022565,0.10497863500131643,pixhawk_fused,True,0.8,0.2,gyro,-1.0,0.07487526535987854,-0.30543050169944763,0.018861573684370456
10.845103399944492,9651.455553822,odom,navigating,,0.35415980505219774,0.32169517600438924,1.670592134846452,1.301366067379778,-2.5913073826293678,2.252540806252277,1.955736643322965,-0.8542822599411011,1.6179051425243138,-1.6179051425243138,0.03611981399990327,pixhawk_fused,True,0.8,0.2,gyro,-1.0,0.03677795082330704,-0.4834115505218506,0.016205228131891146
11.182541399961337,9651.574512613,odom,navigating,,0.35519543281576055,0.32619995974981875,1.6398130472483639,1.2997551563261276,-2.5869748813847084,2.221761718654189,1.8860802410449613,-0.8321612477302551,1.5968337466502904,-1.5968337466502904,0.04649772499942628,pixhawk_fused,True,0.8,0.2,gyro,-1.0,0.049278754740953445,-0.6477228403091431,0.013697087739544726
11.18270359991584,9651.675091431,odom,navigating,,0.35653707398830453,0.3306223877490525,1.5334209697685328,1.2984451538498518,-2.5825429784123473,2.115369641174358,1.8164238619507833,-0.7164204716682434,1.4812682330990552,-1.4812682330990552,0.032945744000244304,pixhawk_fused,True,0.8,0.2,gyro,-1.0,0.05393315479159355,-0.7089005708694458,0.011461305197476485
11.18281239992939,9651.794162627,odom,navigating,,0.3587699753479972,0.33630122458110917,1.4598454596753958,1.2971891152822344,-2.5765715963810334,2.041794131081221,1.7244362752869642,-0.6467801332473755,1.4122885801578282,-1.4122885801578282,0.04433094500018342,pixhawk_fused,True,0.8,0.2,gyro,-1.0,0.059173017740249634,-0.7777736186981201,0.008945904744224516
11.541963099967688,9651.915843499,odom,navigating,,0.36179666029449487,0.34225560260720816,1.3648120460002786,1.2964447460681967,-2.569933723685942,1.9467607174061037,1.623735838949424,-0.5540151000022888,1.3186705557490108,-1.3186705557490108,0.05143754700111458,pixhawk_fused,True,0.8,0.2,gyro,-1.0,0.06406544148921967,-0.8420799374580383,0.00678624320761917
11.542062699911185,9652.034866011,odom,navigating,,0.36579443362352393,0.3484226314893738,1.291611069517007,1.2963947332742378,-2.562584442391543,1.8735597409228322,1.5129341688857112,-0.4884193539619446,1.254866759040427,-1.254866759040427,0.0888077190011245,pixhawk_fused,True,0.8,0.2,gyro,-1.0,0.07932262867689133,-1.0426212549209595,0.005151004827562737
11.542111199931242,9652.154260033,odom,navigating,,0.37058289183745435,0.3542576137696951,1.197943107117859,1.2971877635851001,-2.555077948322787,1.779891778523684,1.39912651607877,-0.39970412850379944,1.1662335763359784,-1.1662335763359784,0.02973219400155358,pixhawk_fused,True,0.8,0.2,gyro,-1.0,0.07214494049549103,-0.9482772946357727,0.004304998815587441
11.88252189999912,9652.274529054,odom,navigating,,0.37653158177917123,0.3599779217264566,1.0237471590723286,1.2990130745995476,-2.5470295276799892,1.6056958304781537,1.2760491174291644,-0.2116336077451706,0.9792599330330608,-0.9792599330330608,0.03302198399978806,pixhawk_fused,True,0.8,0.2,gyro,-1.0,0.08220848441123962,-1.0805531740188599,0.004349957695696697
11.882625499973074,9652.374742235,odom,navigating,,0.3828713608968992,0.3647628277399295,1.0014358562049845,1.3016792452080614,-2.5395475721130505,1.5833845276108096,1.1644615973055121,-0.2116336077451706,0.9792599330330608,-0.9792599330330608,0.1330157259999396,pixhawk_fused,True,0.8,0.2,gyro,-1.0,0.11670106649398804,-1.1248788833618164,0.0053382289074854665
11.882701799971983,9652.494312718,odom,navigating,,0.39910770469524476,0.3742482200033737,0.8431475523047212,1.3100293022651524,-2.522699187220937,1.4250962237105462,1.0582909079620961,-0.042305950075387955,0.8079481730843303,-0.8079481730843303,0.06372250499953225,pixhawk_fused,True,0.8,0.2,gyro,-1.0,0.23157696425914764,-0.7441266179084778,0.009854563865076812
12.22430889995303,9652.6153902,odom,navigating,,0.42649329481184584,0.38746301969894037,0.7392873199756005,1.3256434836971984,-2.4966070655127357,1.3212359913814256,1.0191062975654661,0.07312145829200745,0.6879289861703631,-0.6879289861703631,0.07394660599857161,pixhawk_fused,True,0.8,0.2,gyro,-1.0,0.32551729679107666,-0.03368999809026718,0.019468430068005044
12.224410699913278,9652.715481274,odom,navigating,,0.45319027239251175,0.40002167023889484,0.7212237014386618,1.3410430572150422,-2.471441584178261,1.3031723728444868,1.0339454604272027,0.09314097464084625,0.6616645954931495,-0.6616645954931495,0.0653829279999627,pixhawk_fused,True,0.8,0.2,gyro,-1.0,0.34332630038261414,0.3223358392715454,0.029072770989268717
12.22446229995694,9652.834248813,odom,navigating,,0.4845409297446598,0.41626486702385174,0.7472099239473564,1.358305061430168,-2.4406401496551156,1.3291585953531815,1.1049140573422445,0.07791537046432495,0.6764804537082431,-0.6764804537082431,0.006669243999567698,pixhawk_fused,True,0.8,0.2,gyro,-1.0,0.33008450269699097,0.7062918543815613,0.039279066910699066
12.564987399964593,9652.953980162,odom,navigating,,0.5118271183497151,0.43332306091358475,0.8264977448375379,1.3717236708097462,-2.411391919115668,1.408446416243363,1.1908363989728803,0.004508007783442736,0.7541258904124019,-0.7541258904124019,0.08199174100082018,pixhawk_fused,True,0.8,0.2,gyro,-1.0,0.2884349822998047,0.6375507712364197,0.04606784957639868
12.565150999929756,9653.054421968,odom,navigating,,0.5297007107358949,0.44650467226850826,0.8841050053681185,1.3794098366206253,-2.390555819724774,1.4660536767739436,1.2599587104830907,-0.047759149223566055,0.8088862415934321,-0.8088862415934321,0.030729410000276403,pixhawk_fused,True,0.8,0.2,gyro,-1.0,0.2396288961172104,0.7111470103263855,0.04907516277736505
12.565216399962083,9653.174914077,odom,navigating,,0.5452652402011656,0.45956635197741696,0.9828442183143362,1.3852329478740069,-2.37108909350735,1.5647928897201613,1.3092979263643008,-0.15431451797485352,0.9198692696774718,-0.9198692696774718,0.042714227000033134,pixhawk_fused,True,0.8,0.2,gyro,-1.0,0.1783483773469925,0.37371644377708435,0.05055893436889156
12.903251299983822,9653.29427266,odom,navigating,,0.556797209205521,0.47023026954925273,1.0209894966149482,1.389005222644964,-2.355841949835543,1.6029381680207733,1.3620553040076724,-0.18694864213466644,0.9543851162577388,-0.9543851162577388,0.04815300100017339,pixhawk_fused,True,0.8,0.2,gyro,-1.0,0.14665351808071136,0.5749049186706543,0.050951051297907994
12.903506299946457,9653.394288478,odom,navigating,,0.5661654359387049,0.480082954118927,1.0366685923486147,1.3914158185184444,-2.3424618118359333,1.6186172637544398,1.4411873028940512,-0.18694864213466644,0.9543851162577388,-0.9543851162577388,0.14841116500065255,pixhawk_fused,True,0.8,0.2,gyro,-1.0,0.16984923183918,0.8795199394226074,0.05041660036879239
12.903588099987246,9653.51532702,odom,navigating,,0.5779657754746216,0.4951007993771425,1.174241440625913,1.3930191392728037,-2.3234299161888554,1.756190112031738,1.5507073261910447,-0.3200778067111969,1.0988714604759928,-1.0988714604759928,0.07465990499986219,pixhawk_fused,True,0.8,0.2,gyro,-1.0,0.19735103845596313,1.044335126876831,0.04787392631666215
13.242434299900196,9653.634211615,odom,navigating,,0.5910061207818267,0.5161144614154005,1.2610414656879418,1.3923627343491805,-2.2987075835609354,1.842990137093767,1.6433967442456048,-0.40530848503112793,1.184217455008101,-1.184217455008101,0.09013613500064821,pixhawk_fused,True,0.8,0.2,gyro,-1.0,0.2686125338077545,0.4073837399482727,0.041896471335006895
13.2425333999563,9653.73474729,odom,navigating,,0.6036438521367397,0.5389192085964504,1.3228489346538177,1.3903855133722092,-2.2727102886055217,1.9047976060596428,1.6332649298918236,-0.4817359745502472,1.2638638243461366,-1.2638638243461366,0.01213218300108565,pixhawk_fused,True,0.8,0.2,gyro,-1.0,0.28911539912223816,-0.33929920196533203,0.03435412756213055
13.242583199986257,9653.853444742,odom,navigating,,0.6182701487369612,0.5629563812391212,1.3091802057650905,1.3893921199554031,-2.2445904132428773,1.8911288771709156,1.5608314301243558,-0.4741639196872711,1.2648555668453094,-1.2648555668453094,0.01559119100056705,pixhawk_fused,True,0.8,0.2,gyro,-1.0,0.2396242618560791,-0.7112079858779907,0.02731424031080974
13.582401699968614,9653.954358612,odom,navigating,,0.6297150395007959,0.5790912959059956,1.2401228025566493,1.390084500818132,-2.224820698914027,1.8220714739624744,1.4938834799588552,-0.41156819462776184,1.1952711258391258,-1.1952711258391258,0.07230103700021573,pixhawk_fused,True,0.8,0.2,gyro,-1.0,0.208391934633255,-0.7777736783027649,0.02372283766809941
13.582503899931908,9654.074630024,odom,navigating,,0.6418421857777215,0.593626517884402,1.1797920429465654,1.3922261089619414,-2.206012353177576,1.7617407143523904,1.4005378892241864,-0.3597339689731598,1.1431920443037864,-1.1431920443037864,0.04260865600008401,pixhawk_fused,True,0.8,0.2,gyro,-1.0,0.16441145539283752,-0.7428078055381775,0.02175401584060283
13.58255349996034,9654.193961332,odom,navigating,,0.6534833997776992,0.6050756187581481,1.0401239183844453,1.395658067985232,-2.190049225931546,1.6220725897902704,1.3017906507513848,-0.2104414701461792,0.9932973120669243,-0.9932973120669243,0.05314319500030251,pixhawk_fused,True,0.8,0.2,gyro,-1.0,0.16203400492668152,-0.7775403261184692,0.021659288958401444
13.903087999904528,9654.294398271,odom,navigating,,0.6671366364494983,0.6163833067001935,0.9652060793338837,1.4008485849798895,-2.1730983200106517,1.5471547507397088,1.2470269152540188,-0.13127638399600983,0.9133482536534188,-0.9133482536534188,0.03583734200037725,pixhawk_fused,True,0.8,0.2,gyro,-1.0,0.23411934077739716,-0.37197867035865784,0.02306844104859715
13.903282199986279,9654.396276824,odom,navigating,,0.683946364410908,0.6293336526456363,0.9619617232019866,1.4077731214440967,-2.15304017430874,1.5439103946078117,1.2307839160010436,-0.13127638399600983,0.9133482536534188,-0.9133482536534188,0.13836389700009022,pixhawk_fused,True,0.8,0.2,gyro,-1.0,0.22646529972553253,-0.06201394647359848,0.02550000847006528
13.903364399913698,9654.514562066,odom,navigating,,0.7026090457025863,0.6433280952789925,0.9244654296054409,1.415671711658423,-2.1310913162464353,1.506414101011266,1.2166314168260801,-0.07630254328250885,0.8700273629883644,-0.8700273629883644,0.06855487099892343,pixhawk_fused,True,0.8,0.2,gyro,-1.0,0.21530276536941528,-0.20213939249515533,0.028474539706986057
14.206616999930702,9654.615099077,odom,navigating,,0.7165941147412094,0.653551677410271,0.9228450692967367,1.4217353210249584,-2.114863672268947,1.5047937407025618,1.2085136023581573,-0.07630254328250885,0.8700273629883644,-0.8700273629883644,0.1692903959992691,pixhawk_fused,True,0.8,0.2,gyro,-1.0,0.18188244104385376,-0.10101436823606491,0.03089232294076823
14.206716599990614,9654.715267968,odom,navigating,,0.7279128158209685,0.6617254856028966,0.9117637950348376,1.426698129040884,-2.101813972230255,1.4937124664406627,1.2037834323845968,-0.06147999316453934,0.8573622177103873,-0.8573622177103873,0.09169602400106669,pixhawk_fused,True,0.8,0.2,gyro,-1.0,0.14866143465042114,-0.06737975776195526,0.03292124272210961
14.206767199910246,9654.816053362,odom,navigating,,0.7360007824663479,0.6674775474409692,0.9021441272881727,1.4302931235338787,-2.0925631649983902,1.4840927986939978,1.1976723548729284,-0.05049043521285057,0.8468678621957418,-0.8468678621957418,0.08554358299988962,pixhawk_fused,True,0.8,0.2,gyro,-1.0,0.0978042259812355,-0.0002443494158796966,0.034434618857048425
14.542509499937296,9654.934182719,odom,navigating,,0.7430819072813267,0.6725490972261272,0.9049767046809889,1.433421054678716,-2.0844342663877664,1.486925376086814,1.219316945154211,-0.04972458630800247,0.8450147662442518,-0.8450147662442518,0.00813133700103208,pixhawk_fused,True,0.8,0.2,gyro,-1.0,0.07488278299570084,0.3054611384868622,0.03573411630498103
14.542650899966247,9655.034400386,odom,navigating,,0.748309209945806,0.6765723923228206,0.9147973238311107,1.4355764917239735,-2.078200031252236,1.4967459952369357,1.2686790272191906,-0.04972458630800247,0.8450147662442518,-0.8450147662442518,0.10843987200132688,pixhawk_fused,True,0.8,0.2,gyro,-1.0,0.07744163274765015,0.5428785681724548,0.03649302570030512
14.542721299920231,9655.15381823,odom,navigating,,0.7547973575863531,0.6823109044909401,1.034960867087645,1.4378424560041132,-2.0698398884549913,1.61690953849347,1.3667853804532015,-0.18447431921958923,0.9706512109469961,-0.9706512109469961,0.005345887000657967,pixhawk_fused,True,0.8,0.2,gyro,-1.0,0.08503195643424988,0.9821968674659729,0.035742909045647836
14.863447599927895,,mission_status,reached,reached waypoint 1/4,0.7547973575863531,0.6823109044909401,1.034960867087645,,,,,,,,,,,,,,,,,
14.863511199946515,,mission_status,turning,aligning for waypoint 2/4,0.7547973575863531,0.6823109044909401,1.034960867087645,,,,,,,,,,,,,,,,,
14.863549799891189,9655.254608108,odom,turning,,0.7592736837931432,0.6871429559037994,1.0546336188967746,1.4389259972220885,-2.0633428002152443,1.6365822903025997,1.46606683290412,-0.18447431921958923,0.9706512109469961,-0.9706512109469961,0.10581182800160605,pixhawk_fused,True,0.8,0.2,gyro,-1.0,0.06222802773118019,0.8179288506507874,0.02915820697257939
14.863620499963872,9655.374163322,odom,turning,,0.7607567008782814,0.6890009995753641,1.140341480690702,1.4391436204606667,-2.0609754586500526,1.722290152096527,1.5018943762348933,-0.28420257568359375,1.0686590627860617,-1.0686590627860617,0.02498001700041641,pixhawk_fused,True,0.8,0.2,gyro,-1.0,0.0,0.0,0.02679251284063856
14.863668299978599,9655.474179441,odom,turning,,0.7607567008782814,0.6890009995753641,1.1662579712947936,1.4391436204606667,-2.0609754586500526,1.7482066427006187,1.5018943762348933,-0.3451891243457794,1.1010014865976165,-1.1010014865976165,0.02596480699867243,pixhawk_fused,True,0.8,0.2,gyro,-1.0,0.0,0.0,0.02679251284063856
15.204073899891227,9655.594597133,odom,turning,,0.7607567008782814,0.6890009995753641,1.1662579712947936,1.4391436204606667,-2.0609754586500526,1.7482066427006187,1.5018943762348933,-0.3451891243457794,1.1010014865976165,-1.1010014865976165,0.14590325099925394,pixhawk_fused,True,0.8,0.2,gyro,-1.0,0.0,0.0,0.02679251284063856
15.204175999970175,9655.694868172,odom,turning,,0.7607567008782814,0.6890009995753641,1.1645741032377235,1.4391436204606667,-2.0609754586500526,1.7465227746435485,1.5018943762348933,-0.34504491090774536,1.0988994941097092,-1.0988994941097092,0.06971969600090233,pixhawk_fused,True,0.8,0.2,gyro,-1.0,0.0,0.0,0.02679251284063856
15.204232099931687,9655.815338844,odom,turning,,0.7607567008782814,0.6890009995753641,1.164566636717412,1.4391436204606667,-2.0609754586500526,1.746515308123237,1.5018943762348933,-0.34428396821022034,1.0988901737416503,-1.0988901737416503,0.07689011299953563,pixhawk_fused,True,0.8,0.2,gyro,-1.0,0.0,0.0,0.02679251284063856
15.523762899916619,9655.933503443,odom,turning,,0.7607567008782814,0.6890009995753641,1.1644672896470845,1.4391436204606667,-2.0609754586500526,1.7464159610529095,1.5018943762348933,-0.34400486946105957,1.0987661601314662,-1.0987661601314662,0.005342331000065315,pixhawk_fused,True,0.8,0.2,gyro,-1.0,0.0,0.0,0.02679251284063856
15.523860099958256,9656.034226878,odom,turning,,0.7607567008782814,0.6890009995753641,1.1644672896470845,1.4391436204606667,-2.0609754586500526,1.7464159610529095,1.5018943762348933,-0.34400486946105957,1.0987661601314662,-1.0987661601314662,0.10570021999956225,pixhawk_fused,True,0.8,0.2,gyro,-1.0,0.0,0.0,0.02679251284063856
15.523908499977551,9656.134317903,odom,turning,,0.7607567008782814,0.6890009995753641,1.1643127043667767,1.4391436204606667,-2.0609754586500526,1.7462613757726018,1.5018943762348933,-0.34379521012306213,1.0985731939636512,-1.0985731939636512,0.09150641999985965,pixhawk_fused,True,0.8,0.2,gyro,-1.0,0.0,0.0,0.02679251284063856
15.882487999973819,9656.254904946,odom,turning,,0.7607567008782814,0.6890009995753641,1.1642581655014284,1.4391436204606667,-2.0609754586500526,1.7462068369072534,1.5018943762348933,-0.3437277376651764,1.0985051141903146,-1.0985051141903146,0.034009943999990355,pixhawk_fused,True,0.8,0.2,gyro,-1.0,0.0,0.0,0.02679251284063856
15.882591099943966,9656.375123164,odom,turning,,0.7607567008782814,0.6890009995753641,1.1641920180644463,1.4391436204606667,-2.0609754586500526,1.7461406894702713,1.5018943762348933,-0.3436323404312134,1.098422543782775,-1.098422543782775,0.04620631199941272,pixhawk_fused,True,0.8,0.2,gyro,-1.0,0.0,0.0,0.02679251284063856
15.88265839999076,9656.495691226,odom,turning,,0.7607567008782814,0.6890009995753641,1.1640312547881004,1.4391436204606667,-2.0609754586500526,1.7459799261939255,1.5018943762348933,-0.3434247076511383,1.0982218669979245,-1.0982218669979245,0.03653317799944489,pixhawk_fused,True,0.8,0.2,gyro,-1.0,0.0,0.0,0.02679251284063856
16.223013899987563,9656.615313792,odom,turning,,0.7607567008782814,0.6890009995753641,1.1640312547881004,1.4391436204606667,-2.0609754586500526,1.7459799261939255,1.5018943762348933,-0.3434247076511383,1.0982218669979245,-1.0982218669979245,0.15680800700101827,pixhawk_fused,True,0.8,0.2,gyro,-1.0,0.0,0.0,0.02679251284063856
16.223133599967696,9656.715565056,odom,turning,,0.7608382433186233,0.6891079072144317,1.1635320690100577,1.4391529783639023,-2.060841328703676,1.7454807404158827,1.4998649868147538,-0.3432638347148895,1.0981026222380221,-1.0981026222380221,0.0824686069991003,pixhawk_fused,True,0.8,0.2,gyro,-1.0,0.002542735543102026,-0.03342186659574509,0.026659039392405125
16.223202299908735,9656.833936505,odom,turning,,0.7615265824619474,0.6899949932398379,1.1581345165367998,1.4392404227708033,-2.0597219155232978,1.7400831879426248,1.4829430444996978,-0.3399498164653778,1.0955685646329418,-1.0955685646329418,0.09300186799919175,pixhawk_fused,True,0.8,0.2,gyro,-1.0,0.015427954494953156,-0.2027859389781952,0.025543334433389322
16.544431599904783,9656.936425528,odom,turning,,0.7626880520097072,0.6914288372784063,1.1525909830978998,1.439422589953789,-2.0578856869550757,1.7345396545037248,1.4551262451548166,-0.3399498164653778,1.0955685646329418,-1.0955685646329418,0.19537876399954257,pixhawk_fused,True,0.8,0.2,gyro,-1.0,0.02125352993607521,-0.2793576419353485,0.023705850934007216
16.5445422999328,9657.053919054,odom,turning,,0.764358890302505,0.6933589606744659,1.090651480337986,1.4397574989129194,-2.0553548940133695,1.6726001517438112,1.4166512087871308,-0.2709009051322937,1.0277893854771154,-1.0277893854771154,0.003293974999905913,pixhawk_fused,True,0.8,0.2,gyro,-1.0,0.030863620340824127,-0.40567323565483093,0.02115744408560545
16.544610399985686,9657.154900227,odom,turning,,0.7661678423799512,0.6952928040599338,1.0826960827083099,1.440205742477903,-2.0527450787776744,1.664644754114135,1.3767417723717972,-0.2709009051322937,1.0277893854771154,-1.0277893854771154,0.10404992999974638,pixhawk_fused,True,0.8,0.2,gyro,-1.0,0.03361706808209419,-0.4418646991252899,0.018509972931585926
16.863007799955085,9657.254944423,odom,turning,,0.7683777228240427,0.6974622049173573,1.0434521024138823,1.440859444007258,-2.0497181090110783,1.6254007738197074,1.330080374985566,-0.2331032156944275,0.9903950078878896,-0.9903950078878896,0.02620087699870055,pixhawk_fused,True,0.8,0.2,gyro,-1.0,0.03590525686740875,-0.4719407856464386,0.01541397541178747
16.863117899978533,9657.356228034,odom,turning,,0.7708542405916419,0.6996702486034083,1.0334599205042492,1.4417146523862856,-2.0465122993159803,1.6154085919100742,1.2800697070287823,-0.2331032156944275,0.9903950078878896,-0.9903950078878896,0.12746015499942587,pixhawk_fused,True,0.8,0.2,gyro,-1.0,0.04131940007209778,-0.5431045889854431,0.012104198091483507
16.86316489998717,9657.474109591,odom,turning,,0.7742299941723113,0.7023508042442724,0.9226510738175102,1.4430613586385854,-2.0424174888135043,1.5045997452233353,1.2150902309447051,-0.11176041513681412,0.8681448989902036,-0.8681448989902036,0.05481923099978303,pixhawk_fused,True,0.8,0.2,gyro,-1.0,0.04102640599012375,-0.5392534732818604,0.007828399181796297
17.20560309989378,9657.57555605,odom,turning,,0.7771712321035611,0.7044131431917731,0.8953298125866038,1.4443848780862016,-2.0390779650788406,1.477278483992429,1.1609444587977227,-0.09046818315982819,0.847517259696533,-0.847517259696533,0.04819567099912092,pixhawk_fused,True,0.8,0.2,gyro,-1.0,0.04389019310474396,-0.5768952965736389,0.004298599522938017
17.20571129990276,9657.694996253,odom,turning,,0.7810707945256129,0.7068053129707023,0.7957048207869248,1.4463276827746065,-2.0349361571067814,1.37765349219275,1.0919898581976475,0.017196042463183403,0.7402399133835333,-0.7402399133835333,0.05369283300024108,pixhawk_fused,True,0.8,0.2,gyro,-1.0,0.04359055310487747,-0.5729568004608154,0.00013628758095994464
17.20576619997155,9657.815590742,odom,turning,,0.7850878573622658,0.7089048491084189,0.7374229230236711,1.4485294934292314,-2.0309742288302504,1.3193715944294961,1.022325927714332,0.07279986888170242,0.6847961734924811,-0.6847961734924811,0.06596084700140636,pixhawk_fused,True,0.8,0.2,gyro,-1.0,0.043581992387771606,-0.6402341723442078,0.004443626719562409
17.543420999892987,9657.934485459,odom,turning,,0.7884200843803486,0.710357948683112,0.6656536210533133,1.450514512658899,-2.027928751210588,1.2476022924591383,0.9350609257482553,0.14035573601722717,0.6168940638695258,-0.6168940638695258,0.07084798699906969,pixhawk_fused,True,0.8,0.2,gyro,-1.0,0.02572251297533512,-0.8791040778160095,0.007810039901123162
17.543499799910933,9658.054457353,odom,turning,,0.7907286531168336,0.7110977892418724,0.5986809254314138,1.452036419655109,-2.0260417820114887,1.180629596837239,0.8200172342322216,0.20052681863307953,0.5619333126340408,-0.5619333126340408,0.10949192900079652,pixhawk_fused,True,0.8,0.2,gyro,-1.0,0.023233523592352867,-0.9840831756591797,0.009951183726879946
17.543547499924898,9658.154751729,odom,turning,,0.7924855645865428,0.711457544198853,0.5053825521022965,1.4533063911008772,-2.024775553727015,1.0873312235081216,0.7213539323062328,0.29160740971565247,0.4699761668239135,-0.4699761668239135,0.031277586000214797,pixhawk_fused,True,0.8,0.2,gyro,-1.0,0.01799607090651989,-0.980052649974823,0.011435096364052126
17.864266699994914,9658.254758541,odom,turning,,0.7936912957951936,0.7115775444715996,0.32980343968206594,1.454247692189672,-2.0240125726832088,0.911752111087891,0.617891743800855,0.485063761472702,0.27638219801526254,-0.27638219801526254,0.0158671859990136,pixhawk_fused,True,0.8,0.2,gyro,-1.0,0.01538490317761898,-1.0785069465637207,0.012362604450689192
17.864366399939172,9658.374281393,odom,turning,,0.7950817983803202,0.7115493377167703,0.30398127302916134,1.4554248124400029,-2.023271842653763,0.8859299444349864,0.48871844051904423,0.485063761472702,0.27638219801526254,-0.27638219801526254,0.13551701599863009,pixhawk_fused,True,0.8,0.2,gyro,-1.0,0.012816278263926506,-1.1118223667144775,0.013312944913025952
17.864417599979788,9658.474679842,odom,turning,,0.7957488590209241,0.7114591896396287,0.14981298921556951,1.4560316204764778,-2.022980499933029,0.7317616606213946,0.3771309285778116,0.6516063213348389,0.11157001463513558,-0.11157001463513558,0.04709031000129471,pixhawk_fused,True,0.8,0.2,gyro,-1.0,0.0025619762018322945,-1.1796455383300781,0.013713981608224391
18.20491159998346,9658.574798021,odom,turning,,0.7966178906299807,0.7112331661756526,0.008358908635915152,1.4568818379737798,-2.022691652653158,0.5903075800417402,0.2715629856765585,0.8027109503746033,-0.03885165246386346,0.03885165246386346,0.0416012599998794,pixhawk_fused,True,0.8,0.2,gyro,-1.0,0.023434707894921303,-0.8556309938430786,0.014158686539371863
18.205010299920104,9658.695239147,odom,turning,,0.7975297630852742,0.7108711691044248,-0.10078641166338698,1.457842582705964,-2.0224928491977536,0.4811622597424381,0.14438098152023487,0.9055944085121155,-0.14349087270159538,0.14349087270159538,0.046821186999295605,pixhawk_fused,True,0.8,0.2,gyro,-1.0,0.017951350659132004,-0.9774270057678223,0.014535920084005893
18.205068299896084,9658.815595997,odom,turning,,0.7976863748515821,0.7107823142152084,-0.12782380880440802,1.4580222544480868,-2.0224809958536554,0.45412486260141705,0.009111817845560245,0.9055944085121155,-0.14349087270159538,0.14349087270159538,0.16701059699880716,pixhawk_fused,True,0.8,0.2,gyro,-1.0,0.007689765188843012,-1.0444391965866089,0.014581600898647115
18.524072999949567,9658.934112374,odom,turning,,0.7976157705428348,0.7108359877594019,-0.3402592827932714,1.4579337702741595,-2.0224749652049034,0.24168938861255368,-0.12078624821853763,1.140028476715088,-0.37654108055491264,0.37654108055491264,0.06396571199911705,pixhawk_fused,True,0.8,0.2,gyro,-1.0,-0.012819470837712288,-1.112099289894104,0.014570757330610138
18.524172599893063,9659.034442288,odom,turning,,0.7979483092990267,0.7105402725130964,-0.42197061430912125,1.458374111609744,-2.0225392228071213,0.15997805709670382,-0.20052867817241032,1.220236897468567,-0.4587446336354714,0.4587446336354714,0.012718207000943949,pixhawk_fused,True,0.8,0.2,gyro,-1.0,0.01271845493465662,-0.6353095769882202,0.014591094546154438
18.524222899926826,9659.134475118,odom,turning,,0.7980407055111466,0.7104453765210044,-0.5561092683442705,1.4585034586277998,-2.0225677124236383,0.025839403061554522,-0.2717490928430524,1.3685314655303955,-0.6086006064619522,0.6086006064619522,0.005891262999284663,pixhawk_fused,True,0.8,0.2,gyro,-1.0,-0.010329176671802998,-0.8146039247512817,0.014587628181433904
18.8609976998996,9659.255693634,odom,turning,,0.798526423061683,0.709860934955689,-0.6115903623719277,1.4592304637325002,-2.022788974846808,-0.029641690966102585,-0.3278632595900651,1.4239059686660767,-0.6639237714614372,0.6639237714614372,0.011881062000611564,pixhawk_fused,True,0.8,0.2,gyro,-1.0,0.014597796835005283,-0.19187429547309875,0.014508118256359928
18.861127899959683,9659.374540284,odom,turning,,0.7984432395236313,0.7099679412048094,-0.6182129031556695,1.4591021564814706,-2.0227453046317088,-0.03626423174984439,-0.36101299897367967,1.4239059686660767,-0.6639237714614372,0.6639237714614372,0.13060804700035078,pixhawk_fused,True,0.8,0.2,gyro,-1.0,0.007689385209232569,-0.3032091557979584,0.014526687253144321
18.86121689993888,9659.474875348,odom,turning,,0.7990934812933255,0.7090546988455799,-0.6551684002944531,1.46014733029618,-2.0231508137719163,-0.07321972888862804,-0.3806129004074628,1.4650377035140991,-0.705213143071125,0.705213143071125,0.03598198999861779,pixhawk_fused,True,0.8,0.2,gyro,-1.0,0.010234669782221317,-0.1345251053571701,0.014326550930860271
19.22392509994097,9659.594985855,odom,turning,,0.7992223289791657,0.7088693553588128,-0.6744708501740417,1.4603568433519538,-2.0232348269476312,-0.09252217876821667,-0.38401560627503417,1.4843382835388184,-0.7284823550190429,0.7284823550190429,0.052466568999079755,pixhawk_fused,True,0.8,0.2,gyro,-1.0,0.0,0.0,0.014283755674196232
19.224035599967465,9659.71590462,odom,turning,,0.7992223289791657,0.7088693553588128,-0.6744708501740417,1.4603568433519538,-2.0232348269476312,-0.09252217876821667,-0.38401560627503417,1.4843382835388184,-0.7284823550190429,0.7284823550190429,0.1733789819991216,pixhawk_fused,True,0.8,0.2,gyro,-1.0,0.0,0.0,0.014283755674196232
19.22408709989395,9659.834506775,odom,turning,,0.7992223289791657,0.7088693553588128,-0.6743205997403068,1.4603568433519538,-2.0232348269476312,-0.09237192833448171,-0.38401560627503417,1.4843900203704834,-0.7282946382583703,0.7282946382583703,0.11170780499924149,pixhawk_fused,True,0.8,0.2,gyro,-1.0,0.0,0.0,0.014283755674196232
19.563686899957247,9659.954681077,odom,turning,,0.7992223289791657,0.7088693553588128,-0.6743054349254219,1.4603568433519538,-2.0232348269476312,-0.09235676351959687,-0.38401560627503417,1.4846758842468262,-0.7282756919357578,0.7282756919357578,0.0756959080008528,pixhawk_fused,True,0.8,0.2,gyro,-1.0,0.0,0.0,0.014283755674196232
19.563790899934247,9660.054894756,odom,turning,,0.7992225027020148,0.7088692410566233,-0.6746832257561121,1.4603570513053592,-2.0232348269476312,-0.09273455435028699,-0.38537364403642593,1.4847979545593262,-0.7284090393725435,0.7284090393725435,0.024782930999208475,pixhawk_fused,True,0.8,0.2,gyro,-1.0,-0.0025718400720506907,-0.03380441665649414,0.0142837950748594
19.563841699971817,9660.174518961,odom,turning,,0.7991968428867092,0.7089062873474522,-0.6763935343157145,1.460315252670907,-2.023217982721807,-0.0944448629098894,-0.390111509280287,1.485817790031433,-0.7293642659135746,0.7293642659135746,0.03646746100093878,pixhawk_fused,True,0.8,0.2,gyro,-1.0,0.0,-0.135244682431221,0.014292414663863282
19.884456099942327,9660.27498371,odom,turning,,0.798997741015633,0.7092065594235017,-0.7005776118967997,1.4599838789196655,-2.0230765744062476,-0.11862894049097461,-0.4334159623105655,1.5095843076705933,-0.7487764630862164,0.7487764630862164,0.02687928799969086,pixhawk_fused,True,0.8,0.2,gyro,-1.0,-0.005125490948557854,-0.5389580130577087,0.01436847665975266
19.884561199927703,9660.394809875,odom,turning,,0.7989518802433603,0.7092840303164685,-0.7122083555678763,1.4599029850450291,-2.023037063259253,-0.13025968416205125,-0.4915900748715801,1.5095843076705933,-0.7487764630862164,0.7487764630862164,0.14661021399842866,pixhawk_fused,True,0.8,0.2,gyro,-1.0,5.141017709320295e-07,-0.27045562863349915,0.014391945273846156
19.884620899916627,9660.495295142,odom,turning,,0.798869517242996,0.7094412781603018,-0.795431773798861,1.4597477478280216,-2.022950970549486,-0.21348310239303592,-0.5104880840239349,1.594567060470581,-0.8480686722346233,0.8480686722346233,0.0545505010013585,pixhawk_fused,True,0.8,0.2,gyro,-1.0,-0.007691811304539442,-0.23591497540473938,0.014447065970560396
20.22250399994664,9660.615678867,odom,turning,,0.7988694623614663,0.7094408164124147,-0.8097885383137742,1.4597479557814268,-2.0229513864562962,-0.2278398669079491,-0.5186057854304326,1.6116992235183716,-0.8639814486601042,0.8639814486601042,0.06905199799984985,pixhawk_fused,True,0.8,0.2,gyro,-1.0,0.0,0.0,0.014446696997833387
20.22263259999454,9660.733715224,odom,turning,,0.7988694623614663,0.7094408164124147,-0.8128148790518307,1.4597479557814268,-2.0229513864562962,-0.23086620764600563,-0.5186057854304326,1.6144734621047974,-0.8677623116843985,0.8677623116843985,0.009999440999308717,pixhawk_fused,True,0.8,0.2,gyro,-1.0,0.0,0.0,0.014446696997833387
20.222700399928726,9660.834175973,odom,turning,,0.7988694623614663,0.7094408164124147,-0.8128148790518307,1.4597479557814268,-2.0229513864562962,-0.23086620764600563,-0.5186057854304326,1.6144734621047974,-0.8677623116843985,0.8677623116843985,0.11018302999946172,pixhawk_fused,True,0.8,0.2,gyro,-1.0,0.0,0.0,0.014446696997833387
20.544556299922988,9660.935986874,odom,turning,,0.7988694623614663,0.7094408164124147,-0.8124573080716265,1.4597479557814268,-2.0229513864562962,-0.23050863666580146,-0.5186057854304326,1.6147890090942383,-0.8673156002652483,0.8673156002652483,0.014910820998920826,pixhawk_fused,True,0.8,0.2,gyro,-1.0,0.0,0.0,0.014446696997833387
20.54465669998899,9661.054386204,odom,turning,,0.7988694623614663,0.7094408164124147,-0.8125191760652911,1.4597479557814268,-2.0229513864562962,-0.23057050465946605,-0.5186057854304326,1.6148645877838135,-0.867392891768797,0.867392891768797,0.01544780799849832,pixhawk_fused,True,0.8,0.2,gyro,-1.0,0.0,0.0,0.014446696997833387
20.544705199892633,9661.154997283,odom,turning,,0.7988694623614663,0.7094408164124147,-0.8126274508663757,1.4597479557814268,-2.0229513864562962,-0.2306787794605506,-0.5186057854304326,1.6150258779525757,-0.867528158993891,0.867528158993891,0.01235504999931436,pixhawk_fused,True,0.8,0.2,gyro,-1.0,0.0,0.0,0.014446696997833387
20.883571699960157,9661.273956805,odom,turning,,0.7988694623614663,0.7094408164124147,-0.8126274508663757,1.4597479557814268,-2.0229513864562962,-0.2306787794605506,-0.5186057854304326,1.6150258779525757,-0.867528158993891,0.867528158993891,0.1316985069988732,pixhawk_fused,True,0.8,0.2,gyro,-1.0,0.0,0.0,0.014446696997833387
20.88365239999257,9661.374501425,odom,turning,,0.7988694623614663,0.7094408164124147,-0.8126777285828575,1.4597479557814268,-2.0229513864562962,-0.2307290571770324,-0.5186057854304326,1.6150925159454346,-0.8675909706479521,0.8675909706479521,0.03156445100103156,pixhawk_fused,True,0.8,0.2,gyro,-1.0,0.0,0.0,0.014446696997833387
20.883683699998073,9661.494570716,odom,turning,,0.7988694623614663,0.7094408164124147,-0.8127515610716207,1.4597479557814268,-2.0229513864562962,-0.23080288966579565,-0.5186057854304326,1.6151992082595825,-0.8676832090564655,0.8676832090564655,0.046880502999556484,pixhawk_fused,True,0.8,0.2,gyro,-1.0,0.0,0.0,0.014446696997833387
21.223836099961773,9661.595234499,odom,turning,,0.7988694623614663,0.7094408164124147,-0.8127515610716207,1.4597479557814268,-2.0229513864562962,-0.23080288966579565,-0.5186057854304326,1.6151992082595825,-0.8676832090564655,0.8676832090564655,0.14665579000029538,pixhawk_fused,True,0.8,0.2,gyro,-1.0,0.0,0.0,0.014446696997833387
21.2239363999106,9661.714980539,odom,turning,,0.7988694623614663,0.7094408164124147,-0.8128101232586246,1.4597479557814268,-2.0229513864562962,-0.2308614518527995,-0.5186057854304326,1.6152732372283936,-0.8677563703138964,0.8677563703138964,0.09088609599893971,pixhawk_fused,True,0.8,0.2,gyro,-1.0,0.0,0.0,0.014446696997833387
21.223983299918473,9661.834062132,odom,turning,,0.7988694623614663,0.7094408164124147,-0.8129211007185291,1.4597479557814268,-2.0229513864562962,-0.230972429312704,-0.5186057854304326,1.6154208183288574,-0.867895013368188,0.867895013368188,0.10168929600149568,pixhawk_fused,True,0.8,0.2,gyro,-1.0,0.0,0.0,0.014446696997833387
21.54538899997715,9661.93440322,odom,turning,,0.7988694623614663,0.7094408164124147,-0.8129961657830667,1.4597479557814268,-2.0229513864562962,-0.2310474943772416,-0.5186057854304326,1.615530252456665,-0.8679887912911014,0.8679887912911014,0.006459898000684916,pixhawk_fused,True,0.8,0.2,gyro,-1.0,0.0,0.0,0.014446696997833387
21.545493999961764,9662.054419605,odom,turning,,0.7988694623614663,0.7094408164124147,-0.8130876962368201,1.4597479557814268,-2.0229513864562962,-0.23113902483099502,-0.5186057854304326,1.6156578063964844,-0.8681031390963705,0.8681031390963705,0.012310607000472373,pixhawk_fused,True,0.8,0.2,gyro,-1.0,0.0,0.0,0.014446696997833387
21.545541499974206,9662.154689825,odom,turning,,0.7988694623614663,0.7094408164124147,-0.8130876962368201,1.4597479557814268,-2.0229513864562962,-0.23113902483099502,-0.5186057854304326,1.6156578063964844,-0.8681031390963705,0.8681031390963705,0.11243383000146423,pixhawk_fused,True,0.8,0.2,gyro,-1.0,0.0,0.0,0.014446696997833387
21.881093599949963,9662.27383016,odom,turning,,0.7988694623614663,0.7094408164124147,-0.8131390640304448,1.4597479557814268,-2.0229513864562962,-0.2311903926246197,-0.5186057854304326,1.6157279014587402,-0.8681673121456639,0.8681673121456639,0.05333440299909853,pixhawk_fused,True,0.8,0.2,gyro,-1.0,0.0,0.0,0.014446696997833387
21.881298099993728,9662.374611683,odom,turning,,0.7988694623614663,0.7094408164124147,-0.8131853820793371,1.4597479557814268,-2.0229513864562962,-0.23123671067351204,-0.5186057854304326,1.6158020496368408,-0.8682251765797497,0.8682251765797497,0.04606563599918445,pixhawk_fused,True,0.8,0.2,gyro,-1.0,0.0,0.0,0.014446696997833387
21.881386499968357,9662.494540481,odom,turning,,0.7988694623614663,0.7094408164124147,-0.8133433748593757,1.4597479557814268,-2.0229513864562962,-0.23139470345355062,-0.5186057854304326,1.6159776449203491,-0.868422554261482,0.868422554261482,0.036362946999361156,pixhawk_fused,True,0.8,0.2,gyro,-1.0,0.0,0.0,0.014446696997833387
22.20538439997472,9662.594642095,odom,turning,,0.7988694623614663,0.7094408164124147,-0.8133433748593757,1.4597479557814268,-2.0229513864562962,-0.23139470345355062,-0.5186057854304326,1.6159776449203491,-0.868422554261482,0.868422554261482,0.13603236800008744,pixhawk_fused,True,0.8,0.2,gyro,-1.0,0.0,0.0,0.014446696997833387
22.20546739990823,9662.715357299,odom,turning,,0.7988694623614663,0.7094408164124147,-0.8134059198704366,1.4597479557814268,-2.0229513864562962,-0.23145724846461158,-0.5186057854304326,1.6160579919815063,-0.8685006905491116,0.8685006905491116,0.08302240100056224,pixhawk_fused,True,0.8,0.2,gyro,-1.0,0.0,0.0,0.014446696997833387
22.20550339994952,9662.815850533,odom,turning,,0.7988694623614663,0.7094408164124147,-0.8135062366941673,1.4597479557814268,-2.0229513864562962,-0.23155756528834226,-0.5186057854304326,1.6161890029907227,-0.8686260142908083,0.8686260142908083,0.07520001800003229,pixhawk_fused,True,0.8,0.2,gyro,-1.0,0.0,0.0,0.014446696997833387
22.544539099908434,9662.933593143,odom,turning,,0.7988694623614663,0.7094408164124147,-0.8135062366941673,1.4597479557814268,-2.0229513864562962,-0.23155756528834226,-0.5186057854304326,1.6161890029907227,-0.8686260142908083,0.8686260142908083,0.19351757699951122,pixhawk_fused,True,0.8,0.2,gyro,-1.0,0.0,0.0,0.014446696997833387
22.544639999978244,9663.035941425,odom,turning,,0.7988694623614663,0.7094408164124147,-0.8136379245476972,1.4597479557814268,-2.0229513864562962,-0.23168925314187216,-0.5186057854304326,1.6163605451583862,-0.8687905289330171,0.8687905289330171,0.09774944899982074,pixhawk_fused,True,0.8,0.2,gyro,-1.0,0.0,0.0,0.014446696997833387
22.544685799977742,9663.154575699,odom,turning,,0.7988694623614663,0.7094408164124147,-0.8136806593688033,1.4597479557814268,-2.0229513864562962,-0.23173198796297823,-0.5186057854304326,1.6164137125015259,-0.8688439165050746,0.8688439165050746,0.10427354999956151,pixhawk_fused,True,0.8,0.2,gyro,-1.0,0.0,0.0,0.014446696997833387
22.862585700000636,9663.255161378,odom,turning,,0.7988694623614663,0.7094408164124147,-0.8137245158069446,1.4597479557814268,-2.0229513864562962,-0.23177584440111954,-0.5186057854304326,1.616461992263794,-0.8688987052510144,0.8688987052510144,0.026984731999618816,pixhawk_fused,True,0.8,0.2,gyro,-1.0,0.0,0.0,0.014446696997833387
22.862686899956316,9663.373947539,odom,turning,,0.7988694623614663,0.7094408164124147,-0.8137626610891214,1.4597479557814268,-2.0229513864562962,-0.23181398968329636,-0.5186057854304326,1.616520643234253,-0.8689463591645123,0.8689463591645123,0.015396031998534454,pixhawk_fused,True,0.8,0.2,gyro,-1.0,0.0,0.0,0.014446696997833387
22.862737499992363,9663.474139283,odom,turning,,0.7988694623614663,0.7094408164124147,-0.8138619818088688,1.4597479557814268,-2.0229513864562962,-0.23191331040304375,-0.5186057854304326,1.6166400909423828,-0.8690704378424795,0.8690704378424795,0.054409525999290054,pixhawk_fused,True,0.8,0.2,gyro,-1.0,0.0,0.0,0.014446696997833387
23.184327799943276,9663.574420136,odom,turning,,0.7988694623614663,0.7094408164124147,-0.8138858247733236,1.4597479557814268,-2.0229513864562962,-0.23193715336749854,-0.5186057854304326,1.6166658401489258,-0.8691002241833719,0.8691002241833719,0.047781577000932884,pixhawk_fused,True,0.8,0.2,gyro,-1.0,0.0,0.0,0.014446696997833387
23.184486799989827,9663.675555838,odom,turning,,0.7988694623614663,0.7094408164124147,-0.8140034102936053,1.4597479557814268,-2.0229513864562962,-0.23205473888778028,-0.5186057854304326,1.6168146133422852,-0.8692471202932882,0.8692471202932882,0.03322806100004527,pixhawk_fused,True,0.8,0.2,gyro,-1.0,0.0,0.0,0.014446696997833387
23.18454309995286,9663.795084166,odom,turning,,0.7988694623614663,0.7094408164124147,-0.8140034102936053,1.4597479557814268,-2.0229513864562962,-0.23205473888778028,-0.5186057854304326,1.6168146133422852,-0.8692471202932882,0.8692471202932882,0.15243426699998963,pixhawk_fused,True,0.8,0.2,gyro,-1.0,0.0,0.0,0.014446696997833387
23.584669000003487,9663.895098137,odom,turning,,0.7988694623614663,0.7094408164124147,-0.814140729113061,1.4597479557814268,-2.0229513864562962,-0.23219205770723594,-0.5186057854304326,1.6170018911361694,-0.8694186683059323,0.8694186683059323,0.031102298000405426,pixhawk_fused,True,0.8,0.2,gyro,-1.0,0.0,0.0,0.014446696997833387
23.584766699932516,9663.995163477,odom,turning,,0.7988694623614663,0.7094408164124147,-0.8141780344341034,1.4597479557814268,-2.0229513864562962,-0.23222936302827835,-0.5186057854304326,1.6170375347137451,-0.869465272590949,0.869465272590949,0.049858339998536394,pixhawk_fused,True,0.8,0.2,gyro,-1.0,0.0,0.0,0.014446696997833387
23.584823299897835,9664.095493236,odom,turning,,0.7988694623614663,0.7094408164124147,-0.8141780344341034,1.4597479557814268,-2.0229513864562962,-0.23222936302827835,-0.5186057854304326,1.6170375347137451,-0.869465272590949,0.869465272590949,0.1504602969998814,pixhawk_fused,True,0.8,0.2,gyro,-1.0,0.0,0.0,0.014446696997833387
23.584862099960446,9664.195495282,odom,turning,,0.7988694623614663,0.7094408164124147,-0.814227218172305,1.4597479557814268,-2.0229513864562962,-0.23227854676647997,-0.5186057854304326,1.6171040534973145,-0.8695267161442551,0.8695267161442551,0.07238638600028935,pixhawk_fused,True,0.8,0.2,gyro,-1.0,0.0,0.0,0.014446696997833387
23.923939500004053,9664.296684411,odom,turning,,0.7988694623614663,0.7094408164124147,-0.8143544683471535,1.4597479557814268,-2.0229513864562962,-0.23240579694132846,-0.5186057854304326,1.6172754764556885,-0.869685685204773,0.869685685204773,0.05576397600088967,pixhawk_fused,True,0.8,0.2,gyro,-1.0,0.0,0.0,0.014446696997833387
23.924031999893486,,mission_status,navigating,going to waypoint 2/4,0.7988694623614663,0.7094408164124147,-0.8143544683471535,,,,,,,,,,,,,,,,,
23.924054899951443,9664.415957211,odom,navigating,,0.7988694623614663,0.7094408164124147,-0.8143544683471535,1.4597479557814268,-2.0229513864562962,-0.23240579694132846,-0.5186057854304326,1.6172754764556885,-0.869685685204773,0.869685685204773,0.17505827599961776,pixhawk_fused,True,0.8,0.2,gyro,-1.0,0.0,0.0,0.014446696997833387
23.924097699928097,9664.534033411,odom,navigating,,0.7994657603176446,0.7082872536702733,-0.8108040910168604,1.460880158096227,-2.0235873079695037,-0.22885541961103528,-0.50038677868989,1.617311716079712,-0.8697895292336706,0.8697895292336706,0.10623926600055711,pixhawk_fused,True,0.8,0.2,gyro,-1.0,0.01793896220624447,0.1684075891971588,0.014036810994848716
24.264313499908894,9664.634681128,odom,navigating,,0.8011884618372117,0.7051994499630281,-0.7941783145897708,1.4640165113539765,-2.025219950154001,-0.21222964318394577,-0.44845350278046414,1.6081838607788086,-0.8619386483649377,0.8619386483649377,0.09539219699945534,pixhawk_fused,True,0.8,0.2,gyro,-1.0,0.05340009182691574,0.7018939256668091,0.013027982053601285
24.26440709992312,9664.754325456,odom,navigating,,0.8068609483297831,0.6966653605808206,-0.7410969254223985,1.4734460545376404,-2.029231371340978,-0.1591482540165734,-0.35226206025613344,1.5623464584350586,-0.8195191222647791,0.8195191222647791,0.10419585199997528,pixhawk_fused,True,0.8,0.2,gyro,-1.0,0.1224387139081955,0.7190348505973816,0.01087582407672238
24.26445379992947,9664.875074091,odom,navigating,,0.8174287946148883,0.6833535335978989,-0.6063113978744593,1.4895912449899533,-2.0345433331242933,-0.024362726468634244,-0.2826438566786329,1.4110623598098755,-0.6685936566213732,0.6685936566213732,0.0023656089997530216,pixhawk_fused,True,0.8,0.2,gyro,-1.0,0.18203651905059814,0.4380997121334076,0.008719087526019175
24.623887099907734,9664.994806028,odom,navigating,,0.8324816938954003,0.6661440577687168,-0.602951118612459,1.5116255719018097,-2.040646141707715,-0.021002447206633912,-0.2657600136110216,1.4110623598098755,-0.6685936566213732,0.6685936566213732,0.12199482599862677,pixhawk_fused,True,0.8,0.2,gyro,-1.0,0.24534259736537933,-0.033945243805646896,0.006901636055428649
24.623988699982874,9665.115662993,odom,navigating,,0.8498383183704556,0.6458490845371229,-0.5856012293145133,1.5372803675988018,-2.0480603044645473,-0.0036525579086882365,-0.30703503684217065,1.3834091424942017,-0.636646945170558,0.636646945170558,0.09170626699960849,pixhawk_fused,True,0.8,0.2,gyro,-1.0,0.2701782286167145,-0.37203454971313477,0.004482548831598192
24.624039399903268,9665.234582045,odom,navigating,,0.86763321460876,0.6228747862316997,-0.6302983050061469,1.564773991281582,-2.0574718596786585,-0.04834963360032185,-0.35975414128554517,1.4298896789550781,-0.6793416949282055,0.6793416949282055,0.10378582699922845,pixhawk_fused,True,0.8,0.2,gyro,-1.0,0.2870195806026459,-0.40411457419395447,0.00045064876506200095
24.964089199900627,9665.334963474,odom,navigating,,0.8819758777749921,0.602616994013009,-0.6735198683215412,1.5878905077142795,-2.06651159420421,-0.09157119691571614,-0.3921638186652733,1.4731677770614624,-0.7252617286811237,0.7252617286811237,0.08902600200053712,pixhawk_fused,True,0.8,0.2,gyro,-1.0,0.2872581481933594,-0.3675495684146881,0.004045490350143121
24.96419469988905,9665.454590768,odom,navigating,,0.8994807909943591,0.5765102927475612,-0.7130462945967116,1.6168636158986016,-2.0786993273782044,-0.13109762319088658,-0.4009833994097861,1.5172090530395508,-0.7724413954387073,0.7724413954387073,0.016179848000319907,pixhawk_fused,True,0.8,0.2,gyro,-1.0,0.30980539321899414,0.00010209820175077766,0.010522966778853416
24.964245399925858,9665.574482204,odom,navigating,,0.9179160893501125,0.5492368245898709,-0.7038898265284783,1.647255278236732,-2.0913503807390614,-0.12194115512265324,-0.38203196087314134,1.5096766948699951,-0.7657220634813074,0.7657220634813074,0.030141138000544743,pixhawk_fused,True,0.8,0.2,gyro,-1.0,0.32791709899902344,0.20203885436058044,0.017186599540307546
25.283903499948792,9665.67458401,odom,navigating,,0.9342247823492973,0.5263026695660111,-0.6975664588820428,1.6734852730526033,-2.1015452964306918,-0.11561778747621776,-0.35024792749475386,1.5096766948699951,-0.7657220634813074,0.7657220634813074,0.13023203700140584,pixhawk_fused,True,0.8,0.2,gyro,-1.0,0.3255423307418823,0.37072327733039856,0.022227089017588762
25.284091599984095,9665.775681774,odom,navigating,,0.9511639169199712,0.5042444067879011,-0.673259579494577,1.6997604977341132,-2.11066197371618,-0.09131090808875197,-0.30698926352253453,1.489238977432251,-0.7461093359733586,0.7461093359733586,0.05311328199968557,pixhawk_fused,True,0.8,0.2,gyro,-1.0,0.3143133521080017,0.4803900420665741,0.026200300836130962
25.28417569992598,9665.894379091,odom,navigating,,0.9725325667604343,0.4791355487499986,-0.592651240219734,1.7314128775914788,-2.119892401514332,-0.010702568813908964,-0.24740368493295745,1.402191400527954,-0.6602931908811097,0.6602931908811097,0.013670927000930533,pixhawk_fused,True,0.8,0.2,gyro,-1.0,0.322786808013916,0.5770110487937927,0.029266400127898645
25.603987099952064,9665.99532871,odom,navigating,,0.9920711858243565,0.4586423416125902,-0.5831298835786529,1.7589994564463987,-2.1262728278937426,-0.0011812121728278502,-0.19939954279776292,1.402191400527954,-0.6602931908811097,0.6602931908811097,0.1142291110008955,pixhawk_fused,True,0.8,0.2,gyro,-1.0,0.3304176330566406,0.40715909004211426,0.030304462829087515
25.60412609996274,9666.114294538,odom,navigating,,1.016463177056979,0.43525279563738406,-0.5450319159909903,1.792232490136953,-2.132405165860708,0.036916755414834745,-0.16624981064648506,1.3630783557891846,-0.6209739045346742,0.6209739045346742,0.08264484200117295,pixhawk_fused,True,0.8,0.2,gyro,-1.0,0.32162463665008545,0.16909797489643097,0.030029104295032992
25.604191099992022,9666.214487548,odom,navigating,,1.0365826585264784,0.41662249469642054,-0.49316395664163143,1.8192803656956125,-2.136910060478307,0.08878471476419364,-0.1642127570556125,1.3030377626419067,-0.5567596555794243,0.5567596555794243,0.07587632300055702,pixhawk_fused,True,0.8,0.2,gyro,-1.0,0.30823224782943726,0.0,0.029327674610480074
25.943202399997972,9666.314794037,odom,navigating,,1.056515028098711,0.39825072262703276,-0.49047358918795714,1.8460298281177598,-2.141301828443458,0.09147508221786793,-0.16557842787146645,1.2990481853485107,-0.5530610801274543,0.5530610801274543,0.05594764099987515,pixhawk_fused,True,0.8,0.2,gyro,-1.0,0.3010106086730957,-0.101448655128479,0.02857170731546205
25.943312599905767,9666.434469184,odom,navigating,,1.0804889612390796,0.3756925968074385,-0.5125736014263319,1.8784566264562195,-2.146969390549724,0.06937506997949316,-0.18723065240470707,1.3143595457077026,-0.5752724196011786,0.5752724196011786,0.032085498998640105,pixhawk_fused,True,0.8,0.2,gyro,-1.0,0.31530362367630005,-0.23575559258460999,0.027992747888965712
25.94336509995628,9666.553913171,odom,navigating,,1.1040657772265603,0.3523360671922366,-0.5243231631107728,1.910990520798375,-2.153522210302074,0.05762550829505231,-0.21499402022913658,1.3234362602233887,-0.583037672191358,0.583037672191358,0.10985705200073426,pixhawk_fused,True,0.8,0.2,gyro,-1.0,0.320204496383667,-0.27153459191322327,0.028262719882280955
26.283454199903645,9666.654200475,odom,navigating,,1.1232064717010943,0.33244969268493607,-0.5475672662817774,1.9379111288730306,-2.1596144132618296,0.03438140512404764,-0.23325115638081012,1.3479350805282593,-0.6075231991703276,0.6075231991703276,0.03227454899933946,pixhawk_fused,True,0.8,0.2,gyro,-1.0,0.3139056861400604,-0.20291776955127716,0.02914396044789595
26.28355409996584,9666.774428479,odom,navigating,,1.145713693132273,0.3082983591267417,-0.5766086090563511,1.969988357537291,-2.1674191125136923,0.0053400623494739285,-0.24137646323281317,1.3814122676849365,-0.6417646995926861,0.6417646995926861,0.04390869199960434,pixhawk_fused,True,0.8,0.2,gyro,-1.0,0.3179229199886322,0.0,0.03072966020258914
26.283602299983613,9666.894182329,odom,navigating,,1.1686230821572208,0.2835491008765722,-0.576206422364013,2.002730205284681,-2.1755022613751644,0.005742249041812086,-0.23935467271530333,1.3814122676849365,-0.6417646995926861,0.6417646995926861,0.16379457500079297,pixhawk_fused,True,0.8,0.2,gyro,-1.0,0.33311596512794495,0.03394163399934769,0.03246284142249393
26.604583999956958,9666.995222874,odom,navigating,,1.1880788121309105,0.2627855791360104,-0.575843800381984,2.0303961183636976,-2.182154066948406,0.006104871023841052,-0.22852093701308013,1.3843551874160767,-0.6440004792841737,0.6440004792841737,0.06799221899927943,pixhawk_fused,True,0.8,0.2,gyro,-1.0,0.32536906003952026,0.13576725125312805,0.03375233640787225
26.604688999941573,9667.095332867,odom,navigating,,1.207447825071101,0.24256029283987518,-0.5654595877434059,2.057693745962044,-2.1884038985893293,0.01648908366241919,-0.21906812509534004,1.372938632965088,-0.6333852722006504,0.6333852722006504,0.053235187000609585,pixhawk_fused,True,0.8,0.2,gyro,-1.0,0.31762221455574036,0.10182561725378036,0.034716917086025124
26.60473889997229,9667.214899537,odom,navigating,,1.2308490250474864,0.2186780704681911,-0.555221108326617,2.09036988043338,-2.195492406313564,0.026727563079208094,-0.20486218953809204,1.3631175756454468,-0.6241305664810006,0.6241305664810006,0.06438993699885032,pixhawk_fused,True,0.8,0.2,gyro,-1.0,0.3318834602832794,0.16908112168312073,0.03548592395247661
26.963536099996418,9667.334657852,odom,navigating,,1.254661372905138,0.19517254526762096,-0.5518724808523149,2.1231824323385498,-2.2020402351841883,0.030076190553510185,-0.1879935986802079,1.3631175756454468,-0.6241305664810006,0.6241305664810006,0.18432752499938942,pixhawk_fused,True,0.8,0.2,gyro,-1.0,0.32032135128974915,0.13366124033927917,0.035698198576402045
26.96363819995895,9667.455355774,odom,navigating,,1.2793254269201473,0.17147803567323705,-0.5268709766091733,2.156810369545645,-2.2082777975742025,0.05507769479665181,-0.17648846844800306,1.3319140672683716,-0.5957862825425928,0.5957862825425928,0.007866363999710302,pixhawk_fused,True,0.8,0.2,gyro,-1.0,0.3284870684146881,0.06444274634122849,0.03545133665066459
26.963696099934168,9667.573968913,odom,navigating,,1.3033942956911981,0.14866278396283172,-0.5275439945274502,2.189457806447059,-2.2141079792433622,0.054404676878374914,-0.17987591649878829,1.3319140672683716,-0.5957862825425928,0.5957862825425928,0.12646283699905325,pixhawk_fused,True,0.8,0.2,gyro,-1.0,0.3127172291278839,-0.06738312542438507,0.0349902471161274
27.267012499971315,9667.674303274,odom,navigating,,1.3232974538780535,0.12960949718669545,-0.5281603365415336,2.2165574624036215,-2.219085136044249,0.053788334864291465,-0.18662792350391333,1.33204185962677,-0.5948805161402215,0.5948805161402215,0.050796858999092365,pixhawk_fused,True,0.8,0.2,gyro,-1.0,0.31766965985298157,-0.13469257950782776,0.034742714651179604
27.26723499991931,9667.774912276,odom,navigating,,1.3433298878783015,0.11022869582339223,-0.5374966205926307,2.2439451338264345,-2.2242648394618345,0.044452050813194366,-0.1900306270256236,1.3431929349899292,-0.6056887945183207,0.6056887945183207,0.04323919099988416,pixhawk_fused,True,0.8,0.2,gyro,-1.0,0.32297027111053467,-0.06738312542438507,0.03463949010878361
27.267286999966018,9667.876366683,odom,navigating,,1.3636055008796264,0.0903503456588638,-0.539234598964694,2.271809434454045,-2.229726527696918,0.04271407244113112,-0.19877391353091645,1.3431929349899292,-0.6056887945183207,0.6056887945183207,0.1443924400009564,pixhawk_fused,True,0.8,0.2,gyro,-1.0,0.32413622736930847,-0.16016775369644165,0.034722836404961946
27.622976699960418,9667.99542533,odom,navigating,,1.3857693026498101,0.06817294548938624,-0.5516934639607776,2.302514794503972,-2.236070978137223,0.030255207445047505,-0.21502452848236472,1.3543471097946167,-0.6172063477062274,0.6172063477062274,0.06748762099960004,pixhawk_fused,True,0.8,0.2,gyro,-1.0,0.28145599365234375,-0.23758094012737274,0.03513466336134441
27.62307729991153,9668.115086258,odom,navigating,,1.4043339952780995,0.048855239249795734,-0.5757442075125088,2.3286416444308466,-2.2420047206021896,0.006204463893316303,-0.23463970808317697,1.3801528215408325,-0.6423581904568363,0.6423581904568363,0.07350664200021129,pixhawk_fused,True,0.8,0.2,gyro,-1.0,0.23642447590827942,-0.10244759917259216,0.03601070599672007
27.62313599989284,9668.234351291,odom,navigating,,1.4189466283677115,0.033144486843123544,-0.5906558302115718,2.3494843983307083,-2.2470974994963866,-0.008707158805746684,-0.243421145924913,1.395982027053833,-0.6587906411685635,0.6587906411685635,0.015313961999709136,pixhawk_fused,True,0.8,0.2,gyro,-1.0,0.18557384610176086,-0.033413682132959366,0.03706218848905096
27.984620299888775,9668.354095443,odom,navigating,,1.4300160955449235,0.021199064521281064,-0.5960040069266603,2.365297591171564,-2.250992258823027,-0.014055335520835266,-0.24065929628329907,1.4027116298675537,-0.6661490446724583,0.6661490446724583,0.029415564000373706,pixhawk_fused,True,0.8,0.2,gyro,-1.0,0.13172346353530884,0.03394867852330208,0.03789029587094707
27.984720399952494,9668.474795182,odom,navigating,,1.4372025664315573,0.01342826698697086,-0.5975333722872147,2.3755723609708044,-2.2535338653418053,-0.015584700881389635,-0.24338300207489122,1.4058130979537964,-0.6673825009562661,0.6673825009562661,0.02232066299984581,pixhawk_fused,True,0.8,0.2,gyro,-1.0,0.0845874473452568,0.033691562712192535,0.038439118290688905
27.98477749992162,9668.594845603,odom,navigating,,1.442624530566405,0.007676496815887446,-0.591628058210213,2.383263309710004,-2.25535865647274,-0.009679386804387957,-0.21360546787758858,1.4058130979537964,-0.6673825009562661,0.6673825009562661,0.1416966010001488,pixhawk_fused,True,0.8,0.2,gyro,-1.0,0.07488654553890228,0.30547642707824707,0.03877366241258252
28.30980029993225,9668.694871326,odom,navigating,,1.4473561935047756,0.0030146793797338756,-0.5757717599444837,2.3897784898960066,-2.256652334606705,0.006176911461341361,-0.1621909808948527,1.3954532146453857,-0.660281396644621,0.660281396644621,0.06456630499997118,pixhawk_fused,True,0.8,0.2,gyro,-1.0,0.08263343572616577,0.6788365840911865,0.032546395756000365
28.30991999991238,9668.815305886,odom,navigating,,1.4535690731366444,-0.002287901651419788,-0.4894509470640888,2.397883265911623,-2.2576671472242498,0.09249772434173625,-0.06480938316528753,1.3081812858581543,-0.5766725982599545,0.5766725982599545,0.07577619899893762,pixhawk_fused,True,0.8,0.2,gyro,-1.0,0.0797669067978859,0.9808182716369629,0.02467472910034964
28.30996919993777,,mission_status,reached,reached waypoint 2/4,1.4535690731366444,-0.002287901651419788,-0.4894509470640888,,,,,,,,,,,,,,,,,
28.683873099973425,,mission_status,turning,aligning for waypoint 3/4,1.4535690731366444,-0.002287901651419788,-0.4894509470640888,,,,,,,,,,,,,,,,,
28.683918899972923,9668.933973563,odom,turning,,1.4607828174781623,-0.007161189951048974,-0.4646613417123253,2.406588195454747,-2.2577732034609195,0.11728732969349975,0.06240313807018983,1.3081812858581543,-0.5766725982599545,0.5766725982599545,0.19483773799947812,pixhawk_fused,True,0.8,0.2,gyro,-1.0,0.0850876122713089,1.118396520614624,0.016598585267254506
28.683980699977838,9669.05459586,odom,turning,,1.464170859897977,-0.008997069171840844,-0.24740640796346924,2.4104276391755945,-2.2574446370806487,0.3345422634423558,0.12048571916848849,1.0588818788528442,-0.3206573070459653,0.3206573070459653,0.006405103998986306,pixhawk_fused,True,0.8,0.2,gyro,-1.0,0.0076913004741072655,0.10109490156173706,0.013180836766647216
28.684024499962106,9669.175403394,odom,turning,,1.464170859897977,-0.008997069171840844,-0.24740640796346924,2.4104276391755945,-2.2574446370806487,0.3345422634423558,0.12048571916848849,1.0588818788528442,-0.3206573070459653,0.3206573070459653,0.12693875599870807,pixhawk_fused,True,0.8,0.2,gyro,-1.0,0.0,0.0,0.013180836766647216
28.684071099967696,9669.294508286,odom,turning,,1.464170859897977,-0.008997069171840844,-0.24641057833014302,2.4104276391755945,-2.2574446370806487,0.33553809307568205,0.12048571916848849,1.0583171844482422,-0.3194151775412847,0.3194151775412847,0.0684022500008723,pixhawk_fused,True,0.8,0.2,gyro,-1.0,0.0,0.0,0.013180836766647216
29.003974799998105,9669.395130829,odom,turning,,1.464170859897977,-0.008997069171840844,-0.24823926539982394,2.4104276391755945,-2.2574446370806487,0.33370940600600113,0.12048571916848849,1.0585705041885376,-0.32169612924425195,0.32169612924425195,0.041497476000586175,pixhawk_fused,True,0.8,0.2,gyro,-1.0,0.0,0.0,0.013180836766647216
29.004053599899635,9669.495600524,odom,turning,,1.464170859897977,-0.008997069171840844,-0.24812563086731898,2.4104276391755945,-2.2574446370806487,0.3338230405385061,0.12048571916848849,1.059229850769043,-0.3215543944653709,0.3215543944653709,0.08300672900077188,pixhawk_fused,True,0.8,0.2,gyro,-1.0,0.0,0.0,0.013180836766647216
29.00409859989304,9669.615146516,odom,turning,,1.464170859897977,-0.008997069171840844,-0.2481234730278536,2.4104276391755945,-2.2574446370806487,0.3338251983779715,0.12048571916848849,1.0593769550323486,-0.321551703017636,0.321551703017636,0.09023349800008873,pixhawk_fused,True,0.8,0.2,gyro,-1.0,0.0,0.0,0.013180836766647216
29.343686599982902,9669.733827362,odom,turning,,1.464170859897977,-0.008997069171840844,-0.24823908606586653,2.4104276391755945,-2.2574446370806487,0.33370958533995854,0.12048571916848849,1.059685468673706,-0.3216959055638526,0.3216959055638526,0.0941826439993747,pixhawk_fused,True,0.8,0.2,gyro,-1.0,0.0,0.0,0.013180836766647216
29.343792999978177,9669.834193597,odom,turning,,1.464170859897977,-0.008997069171840844,-0.24828701705328093,2.4104276391755945,-2.2574446370806487,0.33366165435254413,0.12048571916848849,1.0597453117370605,-0.32175568908309826,0.32175568908309826,0.08677106399954937,pixhawk_fused,True,0.8,0.2,gyro,-1.0,0.0,0.0,0.013180836766647216
29.3438456999138,9669.954198615,odom,turning,,1.464170859897977,-0.008997069171840844,-0.24843080729885397,2.4104276391755945,-2.2574446370806487,0.3335178641069711,0.12048571916848849,1.0599545240402222,-0.32193503576094545,0.32193503576094545,0.013183959001253243,pixhawk_fused,True,0.8,0.2,gyro,-1.0,0.0,0.0,0.013180836766647216
29.685606899904087,9670.055215352,odom,turning,,1.464170859897977,-0.008997069171840844,-0.24843080729885397,2.4104276391755945,-2.2574446370806487,0.3335178641069711,0.12048571916848849,1.0599545240402222,-0.32193503576094545,0.32193503576094545,0.11378698400039866,pixhawk_fused,True,0.8,0.2,gyro,-1.0,0.0,0.0,0.013180836766647216
29.685709499986842,9670.175213631,odom,turning,,1.464170859897977,-0.008997069171840844,-0.2485063501131991,2.4104276391755945,-2.2574446370806487,0.33344232129262596,0.12048571916848849,1.060070276260376,-0.32202925849655906,0.32202925849655906,0.05478435799886938,pixhawk_fused,True,0.8,0.2,gyro,-1.0,0.0,0.0,0.013180836766647216
29.685751999961212,9670.298131321,odom,turning,,1.4642110084445812,-0.009017013046290878,-0.24872373575424528,2.410472141204315,-2.2574392302921127,0.3332249356515798,0.11980670030846714,1.0602047443389893,-0.322132490166894,0.322132490166894,0.05781419300001289,pixhawk_fused,True,0.8,0.2,gyro,-1.0,0.0,0.0,0.01314183727781191
30.024803999927826,9670.415363965,odom,turning,,1.4642513307140343,-0.009037071222930182,-0.24908780482011372,2.4105168511864403,-2.2574338235035767,0.33286086658571135,0.11912768734029498,1.060577392578125,-0.3224186746584837,0.3224186746584837,0.03372309100086568,pixhawk_fused,True,0.8,0.2,gyro,-1.0,0.0,0.0,0.013102645831165395
30.024903599987738,9670.516227745,odom,turning,,1.464331166059355,-0.009076904090300597,-0.2502502156698274,2.4106054393370706,-2.25742321787991,0.33169845573599765,0.11778491546295705,1.0622191429138184,-0.32353648124212664,0.32353648124212664,0.0897713449994626,pixhawk_fused,True,0.8,0.2,gyro,-1.0,0.0025630006566643715,-0.03368823230266571,0.013024950789010831
30.02495429990813,9670.63488428,odom,turning,,1.464570562332258,-0.009197326188185029,-0.25179205994315174,2.410871619695771,-2.2573922328225295,0.33015661146267333,0.1137413349388844,1.0632877349853516,-0.32445951408656576,0.32445951408656576,0.10206089900020743,pixhawk_fused,True,0.8,0.2,gyro,-1.0,0.007656204979866743,-0.10063360631465912,0.01279116182649917
30.36383119993843,9670.754634325,odom,turning,,1.4664831844455197,-0.010197112555441867,-0.25969903579865566,2.4130189465582244,-2.2571761692344907,0.3222496356071694,0.08121722958526655,1.066269874572754,-0.3262663024193261,0.3262663024193261,0.10798701500061725,pixhawk_fused,True,0.8,0.2,gyro,-1.0,0.028443781659007072,-0.3738667368888855,0.010892104798328698
30.363932699896395,9670.855065672,odom,turning,,1.4691684011746586,-0.011732366306959396,-0.2852444630870805,2.416106014858933,-2.2569827725676226,0.29670420831874456,0.03460162595644454,1.0889763832092285,-0.3465763258314345,0.3465763258314345,0.030207232000975637,pixhawk_fused,True,0.8,0.2,gyro,-1.0,0.03859109804034233,-0.5072436332702637,0.008116872589521823
30.36398099991493,9670.974212621,odom,turning,,1.4726738146550413,-0.013996709179390332,-0.3397575589664055,2.4202790158417775,-2.256947628442138,0.24219111243941954,-0.028302732946150957,1.1400359869003296,-0.3990012899315569,0.3990012899315569,0.10537133700017876,pixhawk_fused,True,0.8,0.2,gyro,-1.0,0.0411473847925663,-0.5408436059951782,0.004278371829274126
30.6853240999626,9671.075172102,odom,turning,,1.4754990512062918,-0.01606220464500885,-0.3817488565878554,2.423774504630367,-2.257120229768483,0.20019981481796967,-0.08104473757794783,1.17989182472229,-0.4383150464272711,0.4383150464272711,0.05445086699910462,pixhawk_fused,True,0.8,0.2,gyro,-1.0,0.04357535019516945,-0.5727569460868835,0.000985369491578183
30.685427699936554,9671.175545136,odom,turning,,1.478279557648023,-0.018332262679022993,-0.4721566101997319,2.4273450645982466,-2.2574883072957483,0.1097920612060932,-0.13514477479138626,1.2792296409606934,-0.5377546365833494,0.5377546365833494,0.04643596899950353,pixhawk_fused,True,0.8,0.2,gyro,-1.0,0.043573178350925446,-0.5727283954620361,0.0024521109161744696
30.68551459989976,9671.295576307,odom,turning,,1.4816113770899584,-0.02140865214487342,-0.5285270250617057,2.431819390065276,-2.2582269577911416,0.05342164634411939,-0.2035041491562567,1.3322906494140625,-0.591146268425009,0.591146268425009,0.052442101999986335,pixhawk_fused,True,0.8,0.2,gyro,-1.0,0.04390561580657959,-0.57709801197052,0.0068663645215478126
31.00669999991078,9671.41491292,odom,turning,,1.4846623131182721,-0.024638028731685746,-0.5421531033989977,2.4361431572669154,-2.259247801057439,0.039795568006827375,-0.2718101143999892,1.3322906494140625,-0.591146268425009,0.591146268425009,0.17262134299926402,pixhawk_fused,True,0.8,0.2,gyro,-1.0,0.04133123159408569,-0.5432601571083069,0.011250173676225455
31.006807199912146,9671.515086942,odom,turning,,1.48698974671425,-0.027428711043902543,-0.6222681110528562,2.439621385922871,-2.260299837334521,-0.04031943964703111,-0.3306556611342053,1.4176690578460693,-0.6765681626773092,0.6765681626773092,0.08182879900050466,pixhawk_fused,True,0.8,0.2,gyro,-1.0,0.03356270119547844,-0.6447704434394836,0.014865479386368551
31.006859799963422,9671.615750137,odom,turning,,1.4887093075530309,-0.029778614811861948,-0.6972203812147376,2.4423495266461446,-2.2613177692531448,-0.11527170980891255,-0.40156322857233984,1.494338035583496,-0.752528782901785,0.752528782901785,0.07473009900058969,pixhawk_fused,True,0.8,0.2,gyro,-1.0,0.03586414456367493,-0.7407720685005188,0.017775276533868217
31.344945299904794,9671.734691556,odom,turning,,1.4905298335901713,-0.03271471266868209,-0.7720614213678948,2.445484216276652,-2.2627699078818986,-0.19011274996206973,-0.4928260541880293,1.5657658576965332,-0.8232741248584005,0.8232741248584005,0.013575097998909769,pixhawk_fused,True,0.8,0.2,gyro,-1.0,0.03582490608096123,-0.739961564540863,0.0212273496649179
31.34505329991225,9671.855108588,odom,turning,,1.4916456807357363,-0.03507265477154897,-0.8544374937066715,2.4477124370137417,-2.2641263879442444,-0.2724888223008465,-0.6038718666957125,1.6423612833023071,-0.8984908863282415,0.8984908863282415,0.02253084400035732,pixhawk_fused,True,0.8,0.2,gyro,-1.0,0.043921053409576416,-0.6452186107635498,0.023805887847716284
31.345104899955913,9671.95516602,odom,turning,,1.4919996136518734,-0.036039369537416155,-0.9591003015982315,2.44853946770636,-2.2647394345828764,-0.3771516301924064,-0.7073951472263588,1.7475677728652954,-1.0034384151673528,1.0034384151673528,0.07553841399931116,pixhawk_fused,True,0.8,0.2,gyro,-1.0,-0.002601094078272581,-1.1976702213287354,0.024805085417274473
31.68575529998634,9672.075894229,odom,turning,,1.4923004806604299,-0.03734854525736675,-1.0439691632848855,2.4495104021554006,-2.265667738583844,-0.46202049187906047,-0.8330512743925936,1.823223352432251,-1.0781121822571964,1.0781121822571964,0.04757660900031624,pixhawk_fused,True,0.8,0.2,gyro,-1.0,0.01709357462823391,-0.9949076175689697,0.02605836763380867
31.68585659994278,9672.194653803,odom,turning,,1.4924135012715145,-0.03846840889754022,-1.2322445504666106,2.450220355080872,-2.2665411428858295,-0.6502958790607856,-0.9650627319300448,2.024021863937378,-1.2804484378075809,1.2804484378075809,0.05537216199991235,pixhawk_fused,True,0.8,0.2,gyro,-1.0,-0.002568502677604556,-1.2491399049758911,0.027049628049089926
31.685913499910384,9672.295996372,odom,turning,,1.492392883208467,-0.03950233544783366,-1.33855699904437,2.450771431604744,-2.2674162108150573,-0.7566083276385449,-1.0766273166922737,2.1290316581726074,-1.3854492794251652,1.3854492794251652,0.045464363998689805,pixhawk_fused,True,0.8,0.2,gyro,-1.0,0.012911470606923103,-1.1200803518295288,0.027894872537432076
32.04442359996028,9672.415495596,odom,turning,,1.492238002153558,-0.04061395820714675,-1.3651735456691325,2.4512530516912676,-2.2684299836655764,-0.7832248742633074,-1.2097602554634364,2.1290316581726074,-1.3854492794251652,1.3854492794251652,0.16457415299919376,pixhawk_fused,True,0.8,0.2,gyro,-1.0,0.002562745939940214,-1.1116008758544922,0.02872934984791557
32.04452349990606,9672.534634198,odom,turning,,1.4919480323971233,-0.04165735948001659,-1.5635617773579114,2.4515843214658064,-2.2694610166487297,-0.9816131059520863,-1.3422293613811733,2.3453497886657715,-1.6003084169602604,1.6003084169602604,0.09236691600017366,pixhawk_fused,True,0.8,0.2,gyro,-1.0,2.441124706820119e-06,-1.2844713926315308,0.029431680009715747
32.044588499935344,9672.654500098,odom,turning,,1.4916254151042212,-0.04239550125143432,-1.6746361454070733,2.451720530946235,-2.2702549827499157,-1.0926874740012482,-1.4815727200184035,2.4516494274139404,-1.7043160400366992,1.7043160400366992,0.03335550900010276,pixhawk_fused,True,0.8,0.2,gyro,-1.0,0.005140083841979504,-1.1490325927734375,0.02986277642305192
32.38577399996575,9672.774699675,odom,turning,,1.4911691971055572,-0.043120667050268624,-1.7916297442379758,2.4517379990322747,-2.2711115428260773,-1.2096810728321508,-1.614804846014238,2.5645101070404053,-1.817251934764406,1.817251934764406,0.047920842000166886,pixhawk_fused,True,0.8,0.2,gyro,-1.0,0.023233653977513313,-0.9161535501480103,0.0302083389382518
32.38588159997016,9672.875391852,odom,turning,,1.4911602183989403,-0.043114261588534486,-1.9043846623763239,2.451726977501797,-2.271111126919267,-1.3224359909704988,-1.7364478258184013,2.6753344535827637,-1.9277868647551746,1.9277868647551746,0.03296512899942172,pixhawk_fused,True,0.8,0.2,gyro,-1.0,0.002569400705397129,-1.1830649375915527,0.03019800521404256
32.38593469990883,9672.994689192,odom,turning,,1.4909694525765818,-0.043300155770527926,-2.040063611824579,2.451669790315358,-2.2713712766292153,-1.458114940418754,-1.8731894583305373,2.809431314468384,-2.0632004426694124,2.0632004426694124,0.07141203399987717,pixhawk_fused,True,0.8,0.2,gyro,-1.0,-0.010331769473850727,-1.2901133298873901,0.030245271929297678
32.725404499913566,9673.095173708,odom,turning,,1.4906792628224959,-0.043516470850970435,-2.2175241334247286,2.4515462659926484,-2.2717114884001792,-1.6355754620189036,-1.9690604769529647,3.0057427883148193,-2.261052303192636,2.261052303192636,0.05657855900062714,pixhawk_fused,True,0.8,0.2,gyro,-1.0,0.015427953563630581,-0.7435484528541565,0.03026209644380319
32.725504699978046,9673.215256234,odom,turning,,1.490375660919943,-0.04369906843343685,-2.308323234614147,2.4513930043329903,-2.2720309048306198,-1.7263745632083218,-2.0543952220838886,3.0972659587860107,-2.3532167176580634,2.3532167176580634,0.06963378199907311,pixhawk_fused,True,0.8,0.2,gyro,-1.0,-0.012910566292703152,-0.7126575112342834,0.030243472980641693
32.72555289999582,9673.335640735,odom,turning,,1.4895417756346223,-0.04413865495354563,-2.3181864109402204,2.450938002282337,-2.2728564798494015,-1.7362377395343953,-2.103719346137226,3.0972659587860107,-2.3532167176580634,2.3532167176580634,0.19049445599921455,pixhawk_fused,True,0.8,0.2,gyro,-1.0,0.0024484789464622736,-0.3540126085281372,0.03014099031280945
33.046131199924275,9673.454291037,odom,turning,,1.4892160568726625,-0.04428827985986061,-2.437990007047549,2.450748140823358,-2.2731605077278547,-1.8560413356417238,-2.1551413996863564,-3.0480008125305176,-2.490104252455255,2.490104252455255,0.0076089829999546055,pixhawk_fused,True,0.8,0.2,gyro,-1.0,0.0025891803670674562,-0.44227680563926697,0.03008266374698113
33.04630309995264,9673.554544227,odom,turning,,1.4890910894951208,-0.044338984655528435,-2.441100079155149,2.4506716139702314,-2.27327155484625,-1.859151407749324,-2.1707129969307695,-3.0480008125305176,-2.490104252455255,2.490104252455255,0.10787234000054013,pixhawk_fused,True,0.8,0.2,gyro,-1.0,0.0,0.0,0.030054732649363234
33.04639049991965,9673.655193797,odom,turning,,1.4891329174974404,-0.044321947434853404,-2.467061914301614,2.4506971922390752,-2.273234331186713,-1.885113242895789,-2.171392036143092,-3.018695592880249,-2.5223734880066124,2.5223734880066124,0.03236518199992133,pixhawk_fused,True,0.8,0.2,gyro,-1.0,0.0,0.0,0.03006402702106643
33.385174199938774,9673.774571841,odom,turning,,1.4891329174974404,-0.044321947434853404,-2.4665826219156077,2.4506971922390752,-2.273234331186713,-1.8846339505097827,-2.171392036143092,-3.0185327529907227,-2.521774723027332,2.521774723027332,0.04352924500017252,pixhawk_fused,True,0.8,0.2,gyro,-1.0,0.0,0.0,0.03006402702106643
33.3852594998898,9673.875336816,odom,turning,,1.489174571776911,-0.04430479591198888,-2.4667181028578793,2.450722562554514,-2.273197107527176,-1.8847694314520542,-2.172071010156676,-3.0185327529907227,-2.521774723027332,2.521774723027332,0.14398533799976576,pixhawk_fused,True,0.8,0.2,gyro,-1.0,-0.002583201974630356,-0.03395375981926918,0.030073129434958167
33.385315599967726,9673.995624819,odom,turning,,1.489174571776911,-0.04430479591198888,-2.467019501309995,2.450722562554514,-2.273197107527176,-1.8850708299041699,-2.172071010156676,-3.0182268619537354,-2.5221512541961504,2.5221512541961504,0.06839677499920072,pixhawk_fused,True,0.8,0.2,gyro,-1.0,0.0,0.0,0.030073129434958167
33.72115329990629,9674.114838904,odom,turning,,1.4891331461018193,-0.04432159998915519,-2.469063426507865,2.4506971922390752,-2.2732339152799024,-1.8871147551020397,-2.178159330074714,-3.017209529876709,-2.5231868545235714,2.5231868545235714,0.0741430810012389,pixhawk_fused,True,0.8,0.2,gyro,-1.0,1.2795294423995074e-07,-0.06740499287843704,0.030063867060853122
33.72128959989641,9674.216697965,odom,turning,,1.48925818651741,-0.04427343253730287,-2.473520892862588,2.4507751747660382,-2.2731249476955595,-1.891572221456763,-2.2004828585626064,-3.017209529876709,-2.5231868545235714,2.5231868545235714,0.1755633000011585,pixhawk_fused,True,0.8,0.2,gyro,-1.0,-0.002584499539807439,-0.3056690990924835,0.030093941664215626
33.72136490000412,9674.334242241,odom,turning,,1.48908961305689,-0.04433328357542132,-2.5061355530757834,2.450667246948721,-2.2732676037315507,-1.9241868816699583,-2.2491661275311827,-2.9862494468688965,-2.551788846370729,2.551788846370729,0.007644184999662684,pixhawk_fused,True,0.8,0.2,gyro,-1.0,0.0051288120448589325,-0.4718937873840332,0.030049181913301654
34.0440434999764,9674.43476802,odom,turning,,1.4888728804062803,-0.04439331081566189,-2.5770245826256906,2.4505191841241944,-2.2734368778034115,-1.9950759112198655,-2.2863669969528857,-2.9163973331451416,-2.631086542633327,2.631086542633327,0.03022225299901038,pixhawk_fused,True,0.8,0.2,gyro,-1.0,0.007748438976705074,-0.10184593498706818,0.029977611758461604
34.0441518999869,9674.534950177,odom,turning,,1.4886568426470659,-0.04445379526465987,-2.5927351002000076,2.450371953113288,-2.273606151875273,-2.010786428794183,-2.2897468454528465,-2.904195785522461,-2.6498703712494693,2.6498703712494693,0.08151321900004405,pixhawk_fused,True,0.8,0.2,gyro,-1.0,0.0,0.0,0.029906809434865952
34.044204099918716,9674.653993898,odom,turning,,1.4886568426470659,-0.04445379526465987,-2.5975412124972186,2.450371953113288,-2.273606151875273,-2.0155925410913937,-2.2897468454528465,-2.9010446071624756,-2.65587355400339,2.65587355400339,0.02338512099959189,pixhawk_fused,True,0.8,0.2,gyro,-1.0,0.0,0.0,0.029906809434865952
34.36660419998225,9674.755358175,odom,turning,,1.4886568426470659,-0.04445379526465987,-2.5963768632816686,2.450371953113288,-2.273606151875273,-2.0144281918758438,-2.2897468454528465,-2.900836944580078,-2.6544192417924877,2.6544192417924877,0.015784897001140052,pixhawk_fused,True,0.8,0.2,gyro,-1.0,0.0,0.0,0.029906809434865952
34.36673039989546,9674.855419299,odom,turning,,1.4886568426470659,-0.04445379526465987,-2.5963768632816686,2.450371953113288,-2.273606151875273,-2.0144281918758438,-2.2897468454528465,-2.900836944580078,-2.6544192417924877,2.6544192417924877,0.11575800399987202,pixhawk_fused,True,0.8,0.2,gyro,-1.0,0.0,0.0,0.029906809434865952
34.3667980999453,9674.974327412,odom,turning,,1.4886568426470659,-0.04445379526465987,-2.5965631210585745,2.450371953113288,-2.273606151875273,-2.0146144496527496,-2.2897468454528465,-2.9005825519561768,-2.654651886095258,2.654651886095258,0.03593409600034647,pixhawk_fused,True,0.8,0.2,gyro,-1.0,0.0,0.0,0.029906809434865952
34.704412399907596,9675.095267717,odom,turning,,1.4886568426470659,-0.04445379526465987,-2.5966321420464125,2.450371953113288,-2.273606151875273,-2.0146834706405876,-2.2897468454528465,-2.900491952896118,-2.654738096212933,2.654738096212933,0.04649497099853761,pixhawk_fused,True,0.8,0.2,gyro,-1.0,0.0,0.0,0.029906809434865952
34.7045140999835,9675.214935684,odom,turning,,1.4886568426470659,-0.04445379526465987,-2.5966321420464125,2.450371953113288,-2.273606151875273,-2.0146834706405876,-2.2897468454528465,-2.900491952896118,-2.654738096212933,2.654738096212933,0.16597277599976223,pixhawk_fused,True,0.8,0.2,gyro,-1.0,0.0,0.0,0.029906809434865952
34.70456069998909,9675.315419374,odom,turning,,1.4886568426470659,-0.04445379526465987,-2.5966917337243647,2.450371953113288,-2.273606151875273,-2.01474306231854,-2.2897468454528465,-2.90041184425354,-2.6548125286446536,2.6548125286446536,0.08846940500006895,pixhawk_fused,True,0.8,0.2,gyro,-1.0,0.0,0.0,0.029906809434865952
35.044372899923474,9675.434369396,odom,turning,,1.4886568426470659,-0.04445379526465987,-2.5968732527599867,2.450371953113288,-2.273606151875273,-2.014924581354162,-2.2897468454528465,-2.9001665115356445,-2.655039252845536,2.655039252845536,0.01516611599981843,pixhawk_fused,True,0.8,0.2,gyro,-1.0,0.0,0.0,0.029906809434865952
35.044469799962826,9675.534384041,odom,turning,,1.4886568426470659,-0.04445379526465987,-2.596895817735203,2.450371953113288,-2.273606151875273,-2.014947146329378,-2.2897468454528465,-2.9001383781433105,-2.6550674373116,2.6550674373116,0.00924170299913385,pixhawk_fused,True,0.8,0.2,gyro,-1.0,0.0,0.0,0.029906809434865952
35.04451659996994,9675.654327577,odom,turning,,1.4886568426470659,-0.04445379526465987,-2.597024865564877,2.450371953113288,-2.273606151875273,-2.015076194159052,-2.2897468454528465,-2.899949073791504,-2.6552286224867805,2.6552286224867805,0.013932738998846617,pixhawk_fused,True,0.8,0.2,gyro,-1.0,0.0,0.0,0.029906809434865952
35.36536519997753,9675.754931634,odom,turning,,1.4886568426470659,-0.04445379526465987,-2.597024865564877,2.450371953113288,-2.273606151875273,-2.015076194159052,-2.2897468454528465,-2.899949073791504,-2.6552286224867805,2.6552286224867805,0.11433661499904701,pixhawk_fused,True,0.8,0.2,gyro,-1.0,0.0,0.0,0.029906809434865952
35.36546229990199,9675.854995815,odom,turning,,1.4886568426470659,-0.04445379526465987,-2.5970931414520733,2.450371953113288,-2.273606151875273,-2.0151444700462484,-2.2897468454528465,-2.899843692779541,-2.6553139012734994,2.6553139012734994,0.033097166000516154,pixhawk_fused,True,0.8,0.2,gyro,-1.0,0.0,0.0,0.029906809434865952
35.365507799899206,9675.974957961,odom,turning,,1.4886568426470659,-0.04445379526465987,-2.597226648915349,2.450371953113288,-2.273606151875273,-2.015277977509524,-2.2897468454528465,-2.8996458053588867,-2.655480656117166,2.655480656117166,0.031721586999992724,pixhawk_fused,True,0.8,0.2,gyro,-1.0,0.0,0.0,0.029906809434865952
35.72356039995793,9676.095235118,odom,turning,,1.4886568426470659,-0.04445379526465987,-2.597226648915349,2.450371953113288,-2.273606151875273,-2.015277977509524,-2.2897468454528465,-2.8996458053588867,-2.655480656117166,2.655480656117166,0.15181778599981044,pixhawk_fused,True,0.8,0.2,gyro,-1.0,0.0,0.0,0.029906809434865952
35.723697699955665,9676.216319127,odom,turning,,1.4886568426470659,-0.04445379526465987,-2.5972910033030647,2.450371953113288,-2.273606151875273,-2.01534233189724,-2.2897468454528465,-2.899559259414673,-2.6555610365504054,2.6555610365504054,0.09409066100124619,pixhawk_fused,True,0.8,0.2,gyro,-1.0,0.0,0.0,0.029906809434865952
35.72375689994078,9676.334301027,odom,turning,,1.4886568426470659,-0.04445379526465987,-2.5974317807976304,2.450371953113288,-2.273606151875273,-2.0154831093918055,-2.2897468454528465,-2.899367570877075,-2.6557368712769476,2.6557368712769476,0.0947760510007356,pixhawk_fused,True,0.8,0.2,gyro,-1.0,0.0,0.0,0.029906809434865952
36.08534019999206,9676.455176969,odom,turning,,1.4886568426470659,-0.04445379526465987,-2.5975473384193455,2.450371953113288,-2.273606151875273,-2.0155986670135206,-2.2897468454528465,-2.8992137908935547,-2.655881205414387,2.655881205414387,0.027120957998704398,pixhawk_fused,True,0.8,0.2,gyro,-1.0,0.0,0.0,0.029906809434865952
36.08543849992566,9676.574626908,odom,turning,,1.4886568426470659,-0.04445379526465987,-2.5976543346430585,2.450371953113288,-2.273606151875273,-2.0157056632372337,-2.2897468454528465,-2.8990654945373535,-2.6560148459132416,2.6560148459132416,0.03498104699974647,pixhawk_fused,True,0.8,0.2,gyro,-1.0,0.0,0.0,0.029906809434865952
36.08548409992363,9676.695283225,odom,turning,,1.4886568426470659,-0.04445379526465987,-2.5977160987621986,2.450371953113288,-2.273606151875273,-2.0157674273563737,-2.2897468454528465,-2.8989923000335693,-2.6560919904652636,2.6560919904652636,0.04639217899966752,pixhawk_fused,True,0.8,0.2,gyro,-1.0,0.0,0.0,0.029906809434865952
36.42469779995736,9676.815103451,odom,turning,,1.4886568426470659,-0.04445379526465987,-2.5977160987621986,2.450371953113288,-2.273606151875273,-2.0157674273563737,-2.2897468454528465,-2.8989923000335693,-2.6560919904652636,2.6560919904652636,0.16615536999961478,pixhawk_fused,True,0.8,0.2,gyro,-1.0,0.0,0.0,0.029906809434865952
36.42480769997928,9676.934287711,odom,turning,,1.4886568426470659,-0.04445379526465987,-2.597901594425408,2.450371953113288,-2.273606151875273,-2.015952923019583,-2.2897468454528465,-2.898752450942993,-2.6563236775621424,2.6563236775621424,0.06337293700016744,pixhawk_fused,True,0.8,0.2,gyro,-1.0,0.0,0.0,0.029906809434865952
36.42486139992252,9677.034539093,odom,turning,,1.4886568426470659,-0.04445379526465987,-2.597966458115862,2.450371953113288,-2.273606151875273,-2.0160177867100373,-2.2897468454528465,-2.8986754417419434,-2.656404693190905,2.656404693190905,0.012050747000103001,pixhawk_fused,True,0.8,0.2,gyro,-1.0,0.0,0.0,0.029906809434865952
36.74715689988807,9677.136265718,odom,turning,,1.4886568426470659,-0.04445379526465987,-2.598080907539422,2.450371953113288,-2.273606151875273,-2.016132236133597,-2.2897468454528465,-2.89853572845459,-2.6565476418519043,2.6565476418519043,0.00661647000015364,pixhawk_fused,True,0.8,0.2,gyro,-1.0,0.0,0.0,0.029906809434865952
36.74725649994798,9677.253911888,odom,turning,,1.4886568426470659,-0.04445379526465987,-2.598153244059395,2.450371953113288,-2.273606151875273,-2.01620457265357,-2.2897468454528465,-2.8984386920928955,-2.656637990861165,2.656637990861165,0.009584379999068915,pixhawk_fused,True,0.8,0.2,gyro,-1.0,0.0,0.0,0.029906809434865952
36.74730199994519,9677.354991827,odom,turning,,1.4886568426470659,-0.04445379526465987,-2.598153244059395,2.450371953113288,-2.273606151875273,-2.01620457265357,-2.2897468454528465,-2.8984386920928955,-2.656637990861165,2.656637990861165,0.11035847499988449,pixhawk_fused,True,0.8,0.2,gyro,-1.0,0.0,0.0,0.029906809434865952
37.10576859989669,9677.474507933,odom,turning,,1.4886568426470659,-0.04445379526465987,-2.598297564698812,2.450371953113288,-2.273606151875273,-2.016348893292987,-2.2897468454528465,-2.898240804672241,-2.6568182483911165,2.6568182483911165,0.03463863000069978,pixhawk_fused,True,0.8,0.2,gyro,-1.0,0.0,0.0,0.029906809434865952
37.10586679994594,9677.595479449,odom,turning,,1.4886568426470659,-0.04445379526465987,-2.5983755699278968,2.450371953113288,-2.273606151875273,-2.016426898522072,-2.2897468454528465,-2.8981521129608154,-2.6569156773034135,2.6569156773034135,0.052152207999824896,pixhawk_fused,True,0.8,0.2,gyro,-1.0,0.0,0.0,0.029906809434865952
37.10591239994392,9677.715509636,odom,turning,,1.4886568426470659,-0.04445379526465987,-2.5983755699278968,2.450371953113288,-2.273606151875273,-2.016426898522072,-2.2897468454528465,-2.8981521129608154,-2.6569156773034135,2.6569156773034135,0.17229266999856918,pixhawk_fused,True,0.8,0.2,gyro,-1.0,0.0,0.0,0.029906809434865952
37.44543469999917,9677.834810211,odom,turning,,1.4886568426470659,-0.04445379526465987,-2.5984443352689723,2.450371953113288,-2.273606151875273,-2.0164956638631475,-2.2897468454528465,-2.8980751037597656,-2.6570015654414543,2.6570015654414543,0.11342041900024924,pixhawk_fused,True,0.8,0.2,gyro,-1.0,0.0,0.0,0.029906809434865952
37.44553259992972,9677.954686605,odom,turning,,1.4886568426470659,-0.04445379526465987,-2.5986126693334857,2.450371953113288,-2.273606151875273,-2.016663997927661,-2.2897468454528465,-2.8978793621063232,-2.65721181481235,2.65721181481235,0.07456894700044359,pixhawk_fused,True,0.8,0.2,gyro,-1.0,0.0,0.0,0.029906809434865952
37.44557799992617,9678.055230649,odom,turning,,1.4886568426470659,-0.04445379526465987,-2.5986667012666658,2.450371953113288,-2.273606151875273,-2.016718029860841,-2.2897468454528465,-2.8978090286254883,-2.657279300606775,2.657279300606775,0.024487410999427084,pixhawk_fused,True,0.8,0.2,gyro,-1.0,0.0,0.0,0.029906809434865952
37.787005099933594,,mission_status,navigating,going to waypoint 3/4,1.4886568426470659,-0.04445379526465987,-2.5986667012666658,,,,,,,,,,,,,,,,,
37.78707229997963,9678.175325835,odom,navigating,,1.4885267692199562,-0.04448993870295148,-2.5983902465458923,2.450283157009253,-2.2737078410904323,-2.0164415751400675,-2.287717361870061,-2.8976473808288574,-2.657439312623779,2.657439312623779,0.03698805599924526,pixhawk_fused,True,0.8,0.2,gyro,-1.0,0.005145994480699301,0.06763925403356552,0.029863953721588062
37.78715899994131,9678.2946878,odom,navigating,,1.4862906851981172,-0.04514628562465173,-2.587595926961729,2.448775910728112,-2.275485218844973,-2.005647255555904,-2.25528490728634,-2.9050464630126953,-2.6520264476146203,2.6520264476146203,0.041118253000604454,pixhawk_fused,True,0.8,0.2,gyro,-1.0,0.035868484526872635,0.40408769249916077,0.029156233476728594
37.78720849996898,9678.396138898,odom,navigating,,1.480458581794516,-0.047159335976312056,-2.574488038488126,2.445010290466122,-2.2803725397747985,-1.992539367082301,-2.1892371790819505,-2.9050464630126953,-2.6520264476146203,2.6520264476146203,0.14335301800019806,pixhawk_fused,True,0.8,0.2,gyro,-1.0,0.09160376340150833,0.7604497075080872,0.027559953895836806
38.12458949990105,9678.515434994,odom,navigating,,1.4675651750030787,-0.052816426849707554,-2.4596015388650367,2.437348663157061,-2.292185332959155,-1.8776528674592117,-2.0990195966543728,-3.013305425643921,-2.5310435971226197,2.5310435971226197,0.07361678600136656,pixhawk_fused,True,0.8,0.2,gyro,-1.0,0.16526687145233154,0.5430693626403809,0.025030922211117388
38.124697299906984,9678.615580773,odom,navigating,,1.4529412317692416,-0.060293666518597466,-2.4555765676619337,2.4292418076073923,-2.3064698603181304,-1.8736278962561086,-2.078717760269991,-3.013305425643921,-2.5310435971226197,2.5310435971226197,0.17386385800091375,pixhawk_fused,True,0.8,0.2,gyro,-1.0,0.20392963290214539,0.10178974270820618,0.023041552399481774
38.12475709989667,9678.734110165,odom,navigating,,1.431036746941942,-0.07168989344973398,-2.385854185774161,2.417206920186245,-2.3280300534660516,-1.803905514368336,-2.088849631919051,-3.094893455505371,-2.441498429810594,2.441498429810594,0.00804908499958401,pixhawk_fused,True,0.8,0.2,gyro,-1.0,0.24726854264736176,-0.23454412817955017,0.02022455548058771
38.464777699904516,9678.854418051,odom,navigating,,1.4059757643724713,-0.08393220200784823,-2.401867695997244,2.4030001674008274,-2.3520320354982385,-1.819919024591419,-2.1341605782667146,-3.0860626697540283,-2.4502027479167685,2.4502027479167685,0.01285969099990325,pixhawk_fused,True,0.8,0.2,gyro,-1.0,0.2768040597438812,-0.5390117764472961,0.01634187759265772
38.464877899969,9678.954938394,odom,navigating,,1.3835137198857739,-0.0936141270333204,-2.4471025591030875,2.389557227472837,-2.3724665768636246,-1.8651538876972624,-2.1794868414590916,-3.0431454181671143,-2.495414789115976,2.495414789115976,0.03242186900024535,pixhawk_fused,True,0.8,0.2,gyro,-1.0,0.2871840298175812,-0.44227665662765503,0.011792202016835668
38.464931699912995,9679.074238323,odom,navigating,,1.3547991440952394,-0.10451495591413384,-2.512835123590737,2.3715609397838273,-2.397356104029353,-1.930886452184912,-2.2119575484733867,-2.972200632095337,-2.5694445328171955,2.5694445328171955,0.0358865069993044,pixhawk_fused,True,0.8,0.2,gyro,-1.0,0.3073238730430603,-0.10183560848236084,0.00475283202951765
38.78592169994954,9679.174459082,odom,navigating,,1.3288036017647988,-0.11392440867508491,-2.5233942027229803,2.3550163748167616,-2.419505221220899,-1.9414455313171552,-2.207891101630795,-2.9611713886260986,-2.5836455347146496,2.5836455347146496,0.029818099001204246,pixhawk_fused,True,0.8,0.2,gyro,-1.0,0.322786808013916,0.10182561725378036,0.0020004583221734005
38.7860213998938,9679.295356068,odom,navigating,,1.2963309260805433,-0.12632348095983414,-2.5167988403710675,2.3347041100536536,-2.4477120211069314,-1.9348501689652424,-2.174756614875385,-2.9611713886260986,-2.5836455347146496,2.5836455347146496,0.1501392290010699,pixhawk_fused,True,0.8,0.2,gyro,-1.0,0.33322325348854065,0.2695327401161194,0.009901819792965089
38.7860728999367,9679.395397851,odom,navigating,,1.269586209704193,-0.13762748533964708,-2.498060477568333,2.3185750359902464,-2.471855619408083,-1.916111806162508,-2.1375632296173985,-2.976933479309082,-2.5694815682377325,2.5694815682377325,0.04963164099899586,pixhawk_fused,True,0.8,0.2,gyro,-1.0,0.3332323431968689,0.4044182002544403,0.015504489235458233
39.145331599982455,9679.515621113,odom,navigating,,1.2389108244746416,-0.15226853865097334,-2.430328369145199,2.3009965266923533,-2.5009474689867943,-1.848379697739374,-2.07865681542262,-3.0443570613861084,-2.499563201418112,2.499563201418112,0.06975326900101209,pixhawk_fused,True,0.8,0.2,gyro,-1.0,0.32284238934516907,0.577005922794342,0.020541977985959928
39.14543099992443,9679.634299578,odom,navigating,,1.2092990048541485,-0.1687106335226627,-2.3802926287205053,2.2852964605039454,-2.5309593044302634,-1.7983439573146802,-2.016538114009567,-3.0923011302948,-2.452519938847016,2.452519938847016,0.012204151000332786,pixhawk_fused,True,0.8,0.2,gyro,-1.0,0.33407241106033325,0.5698333382606506,0.023491679835915838
39.145478099933825,9679.754871868,odom,navigating,,1.180779949471869,-0.18677508301255752,-2.2998427078142494,2.2714010139661642,-2.5617258027813294,-1.7178940364084243,-1.9670845330119058,3.1048645973205566,-2.3643843111600384,2.3643843111600384,0.0244403209999291,pixhawk_fused,True,0.8,0.2,gyro,-1.0,0.32659679651260376,0.34619417786598206,0.024485323993058923
39.485193499946035,9679.875885295,odom,navigating,,1.1536760791947611,-0.20561508315654992,-2.2933970349517034,2.2591140870178728,-2.5923623302541237,-1.7114483635458784,-1.9346518729928373,3.1048645973205566,-2.3643843111600384,2.3643843111600384,0.145440360000066,pixhawk_fused,True,0.8,0.2,gyro,-1.0,0.3185448944568634,0.19324491918087006,0.024044162046839842
39.4853032999672,9679.994268286,odom,navigating,,1.1276310401621448,-0.22474051851835586,-2.2626355719653706,2.247868590722997,-2.62265531870147,-1.6806869005595455,-1.9197593592581847,3.069737434387207,-2.3296892115678296,2.3296892115678296,0.06826587900104641,pixhawk_fused,True,0.8,0.2,gyro,-1.0,0.3101230561733246,0.03368831053376198,0.02277380251799422
39.48535509989597,9680.094792761,odom,navigating,,1.1057655380944087,-0.24098489190088623,-2.245112777454783,2.238531066921149,-2.648244193169003,-1.663164106048958,-1.9264807951711027,3.049893856048584,-2.3061426169182764,2.3061426169182764,0.05466946500018821,pixhawk_fused,True,0.8,0.2,gyro,-1.0,0.3099992871284485,-0.13359501957893372,0.021551460062204653
39.804998499923386,9680.194966616,odom,navigating,,1.0835849234069799,-0.2569681660656478,-2.2505080543894613,2.2287867862586626,-2.673788149701005,-1.6685593829836363,-1.953542344705861,3.049893856048584,-2.3061426169182764,2.3061426169182764,0.15422153899999103,pixhawk_fused,True,0.8,0.2,gyro,-1.0,0.3100922107696533,-0.3705337643623352,0.020721862788234843
39.805099999997765,9680.296305722,odom,navigating,,1.0611476098370234,-0.27195460620852113,-2.2717614916732947,2.2182801484125854,-2.6986404532071964,-1.6898128202674696,-1.999463652887523,3.065965414047241,-2.3212426788117395,2.3212426788117395,0.07410833299945807,pixhawk_fused,True,0.8,0.2,gyro,-1.0,0.30582255125045776,-0.5103509426116943,0.020861996684818085
39.805147799896076,9680.41512239,odom,navigating,,1.0336148024316203,-0.2884520005027558,-2.3576289719224652,2.204347270261862,-2.7275557503448633,-1.7756803005166402,-2.0441565796446417,-3.1178267002105713,-2.417374914398383,2.417374914398383,0.013747095999860903,pixhawk_fused,True,0.8,0.2,gyro,-1.0,0.31507155299186707,-0.2715618312358856,0.022602176156872964
40.14546569995582,9680.515832863,odom,navigating,,1.009464146189049,-0.3017059887053151,-2.3754974664950304,2.1914570704849847,-2.7519025191229294,-1.7935487950892053,-2.074536884739569,-3.103928804397583,-2.4321275579537858,2.4321275579537858,0.06284095499904652,pixhawk_fused,True,0.8,0.2,gyro,-1.0,0.31722745299339294,-0.20175759494304657,0.025136962125077992
40.14556469989475,9680.634274836,odom,navigating,,0.9792613519520028,-0.317478455930649,-2.400378147373894,2.1748952453852843,-2.781679783125294,-1.8184294759680688,-2.0786033774686135,-3.074396848678589,-2.462189718505334,2.462189718505334,0.004324395998992259,pixhawk_fused,True,0.8,0.2,gyro,-1.0,0.3268178105354309,0.03330015018582344,0.028972354705071174
40.145613899920136,9680.754993089,odom,navigating,,0.9494955593730889,-0.3331814876322283,-2.4011862235538266,2.158660323038613,-2.811158841944552,-1.8192375521480015,-2.069081846593157,-3.0720880031585693,-2.465565407996963,2.465565407996963,0.015808453999852645,pixhawk_fused,True,0.8,0.2,gyro,-1.0,0.3147798478603363,0.10258220136165619,0.0326206810786403
40.486152299912646,9680.873884033,odom,navigating,,0.9204036884648299,-0.3491076289307874,-2.3951354557467033,2.143111023069,-2.840453862000177,-1.8131867843408782,-2.038640603766925,-3.0720880031585693,-2.465565407996963,2.465565407996963,0.1351529430012306,pixhawk_fused,True,0.8,0.2,gyro,-1.0,0.3149451017379761,0.4071793258190155,0.03570690494286846
40.48625129996799,9680.974611246,odom,navigating,,0.896477076572252,-0.36331879407057077,-2.349525028701582,2.130934103472078,-2.8654771032054716,-1.7675763572957568,-1.9993950264564047,-3.1199147701263428,-2.4183777377959,2.4183777377959,0.036654176999945776,pixhawk_fused,True,0.8,0.2,gyro,-1.0,0.3169254660606384,0.4098438322544098,0.03732310033175532
40.48630409990437,9681.094762882,odom,navigating,,0.868577579166431,-0.38162012100592785,-2.3118823861690485,2.1176864317916024,-2.8961009455205464,-1.7299337147632234,-1.9575324273000116,3.1270387172698975,-2.3817809680159794,2.3817809680159794,0.0461327449993405,pixhawk_fused,True,0.8,0.2,gyro,-1.0,0.3152250647544861,0.23569682240486145,0.03777366225999199
40.80489049991593,9681.194968461,odom,navigating,,0.8467210351025134,-0.39687666463774596,-2.30947030033044,2.1078134279712755,-2.9208596699943827,-1.7275216289246151,-1.945378922827058,3.1270387172698975,-2.3817809680159794,2.3817809680159794,0.146629335000398,pixhawk_fused,True,0.8,0.2,gyro,-1.0,0.2947450876235962,-0.03368819132447243,0.037364891753676854
40.80499139998574,9681.29577873,odom,navigating,,0.827348073508914,-0.41052525052298405,-2.2894947483494215,2.0991313733027277,-2.942910009318442,-1.7075460769435964,-1.9480796319110567,3.102816581726074,-2.3561858186181293,2.3561858186181293,0.06898642099986318,pixhawk_fused,True,0.8,0.2,gyro,-1.0,0.25889521837234497,-0.03360776603221893,0.03689843977062189
40.805050599970855,9681.414714583,odom,navigating,,0.8072061804070195,-0.4246626318784448,-2.283534804005608,2.090075626364973,-2.9657913304498194,-1.7015861325997828,-1.9467139745504862,3.0966508388519287,-2.3490854036938056,2.3490854036938056,0.0553775249991304,pixhawk_fused,True,0.8,0.2,gyro,-1.0,0.21691274642944336,0.0,0.036457335468430656
41.106422499986365,9681.514764703,odom,navigating,,0.7935550064185799,-0.4342722401222009,-2.282234675271719,2.083953478114864,-2.9813225384731767,-1.7002860038658938,-1.9439825931569383,3.096343755722046,-2.348140629244934,2.348140629244934,0.09265570500065223,pixhawk_fused,True,0.8,0.2,gyro,-1.0,0.16784913837909698,0.169709250330925,0.03613517919051752
41.106521699926816,9681.614793972,odom,navigating,,0.7818492058817573,-0.44259362238816435,-2.280088104112287,2.0787484043818396,-2.994708291214728,-1.6981394327064618,-1.9345146533933204,3.0968141555786133,-2.3478108936305744,2.3478108936305744,0.09003269399909186,pixhawk_fused,True,0.8,0.2,gyro,-1.0,0.1575515866279602,0.16974319517612457,0.03579164372472841
41.106572399963625,9681.715352525,odom,navigating,,0.7728001647178393,-0.44915015536307407,-2.2739028128407357,2.0747927147074656,-3.0051594055016073,-1.6919541414349106,-1.9297690687058575,3.089324951171875,-2.3412684568250204,2.3412684568250204,0.07526188100018771,pixhawk_fused,True,0.8,0.2,gyro,-1.0,0.11362665146589279,0.06788706034421921,0.03542350499321209
41.42454369994812,9681.815357072,odom,navigating,,0.7664615215961571,-0.4537797304613592,-2.272970309786737,2.0720421150164268,-3.012510974283464,-1.691021638380912,-1.9250769749576664,3.089324951171875,-2.3412684568250204,2.3412684568250204,0.17516631999933452,pixhawk_fused,True,0.8,0.2,gyro,-1.0,0.07749605178833008,0.13581502437591553,0.035135074234291776
41.42464270000346,9681.915610095,odom,navigating,,0.7616721292025007,-0.45734063144408005,-2.260866687094786,2.06999834894978,-3.018118229902212,-1.678918015688961,-1.9095206616315943,3.080199718475342,-2.3300208329418326,2.3300208329418326,0.0531728000005387,pixhawk_fused,True,0.8,0.2,gyro,-1.0,0.06457032263278961,0.23764052987098694,0.03486505200904785
41.424690799904056,9682.033937852,odom,navigating,,0.7563328495967311,-0.4615787589810802,-2.2406741815679823,2.0678674504063403,-3.0245934830344092,-1.6587255101621572,-1.8554283415779964,3.0660085678100586,-2.318211352587643,2.318211352587643,0.09179100400069728,pixhawk_fused,True,0.8,0.2,gyro,-1.0,0.06918033957481384,0.5725288391113281,0.034341623141797846
41.76597819989547,,mission_status,reached,reached waypoint 3/4,0.7563328495967311,-0.4615787589810802,-2.2406741815679823,,,,,,,,,,,,,,,,,
41.76604179991409,,mission_status,turning,aligning for waypoint 4/4,0.7563328495967311,-0.4615787589810802,-2.2406741815679823,,,,,,,,,,,,,,,,,
41.76607159990817,9682.154991858,odom,turning,,0.7523880497869937,-0.46511585946195977,-2.1943341393400178,2.0665161691791254,-3.029716623125771,-1.6123854679341927,-1.7837044005655378,3.024308681488037,-2.278119239390793,2.278119239390793,0.03391111299970362,pixhawk_fused,True,0.8,0.2,gyro,-1.0,0.02587488852441311,0.34010106325149536,0.03361857509325416
41.76614719990175,9682.274776323,odom,turning,,0.7520036742049316,-0.4654942402159476,-2.1222786272361596,2.0664030425266775,-3.030243992961446,-1.5403299558303345,-1.7755713788463738,2.943063497543335,-2.190282631919685,2.190282631919685,0.03460676400027296,pixhawk_fused,True,0.8,0.2,gyro,-1.0,0.0,0.0,0.03352017059225301
41.766200299956836,9682.37573548,odom,turning,,0.7520036742049316,-0.4654942402159476,-2.1222786272361596,2.0664030425266775,-3.030243992961446,-1.5403299558303345,-1.7755713788463738,2.943063497543335,-2.190282631919685,2.190282631919685,0.13526353899942478,pixhawk_fused,True,0.8,0.2,gyro,-1.0,0.0,0.0,0.03352017059225301
42.124257499934174,9682.495427465,odom,turning,,0.7520036742049316,-0.4654942402159476,-2.124058164286325,2.0664030425266775,-3.030243992961446,-1.5421094928805001,-1.7755713788463738,2.9430975914001465,-2.1925034673073918,2.1925034673073918,0.06711639300010575,pixhawk_fused,True,0.8,0.2,gyro,-1.0,0.0,0.0,0.03352017059225301
42.124354899977334,9682.61531652,odom,turning,,0.7520036742049316,-0.4654942402159476,-2.124196807428465,2.0664030425266775,-3.030243992961446,-1.5422481360226399,-1.7755713788463738,2.9435911178588867,-2.192676487763378,2.192676487763378,0.08260291099941242,pixhawk_fused,True,0.8,0.2,gyro,-1.0,0.0,0.0,0.03352017059225301
42.124403699999675,9682.733498264,odom,turning,,0.7520036742049316,-0.4654942402159476,-2.1242689471738676,2.0664030425266775,-3.030243992961446,-1.5423202757680425,-1.7755713788463738,2.943845510482788,-2.192766514711979,2.192766514711979,0.08591842399982852,pixhawk_fused,True,0.8,0.2,gyro,-1.0,0.0,0.0,0.03352017059225301
42.44547439995222,9682.834580899,odom,turning,,0.7520036742049316,-0.4654942402159476,-2.124333926391189,2.0664030425266775,-3.030243992961446,-1.542385254985364,-1.7755713788463738,2.943969488143921,-2.192847605526413,2.192847605526413,0.00873992100059695,pixhawk_fused,True,0.8,0.2,gyro,-1.0,0.0,0.0,0.03352017059225301
42.44557179999538,9682.934684909,odom,turning,,0.7520036742049316,-0.4654942402159476,-2.1244002541928797,2.0664030425266775,-3.030243992961446,-1.5424515827870546,-1.7755713788463738,2.9440572261810303,-2.1929303791718215,2.1929303791718215,0.0640729469996586,pixhawk_fused,True,0.8,0.2,gyro,-1.0,0.0,0.0,0.03352017059225301
42.44562539993785,9683.054952344,odom,turning,,0.7520036742049316,-0.4654942402159476,-2.1244589471199715,2.0664030425266775,-3.030243992961446,-1.5425102757141465,-1.7755713788463738,2.9441301822662354,-2.1930036247772753,2.1930036247772753,0.0330786150007043,pixhawk_fused,True,0.8,0.2,gyro,-1.0,0.0,0.0,0.03352017059225301
42.805074099916965,9683.175106486,odom,turning,,0.7520036742049316,-0.4654942402159476,-2.1246216977354817,2.0664030425266775,-3.030243992961446,-1.5426730263296566,-1.7755713788463738,2.944342613220215,-2.193206728203188,2.193206728203188,0.04614580300039961,pixhawk_fused,True,0.8,0.2,gyro,-1.0,0.0,0.0,0.03352017059225301
42.805178899900056,9683.294741346,odom,turning,,0.7520036742049316,-0.4654942402159476,-2.124739670080996,2.0664030425266775,-3.030243992961446,-1.5427909986751709,-1.7755713788463738,2.944512128829956,-2.193353950404528,2.193353950404528,0.050526087999969604,pixhawk_fused,True,0.8,0.2,gyro,-1.0,0.0,0.0,0.03352017059225301
42.80558589997236,9683.41509543,odom,turning,,0.7520036742049316,-0.4654942402159476,-2.124739670080996,2.0664030425266775,-3.030243992961446,-1.5427909986751709,-1.7755713788463738,2.944512128829956,-2.193353950404528,2.193353950404528,0.17105133399854822,pixhawk_fused,True,0.8,0.2,gyro,-1.0,0.0,0.0,0.03352017059225301
43.14501310000196,9683.534343336,odom,turning,,0.7519723149648493,-0.46552563329724084,-2.1250634889257483,2.0663941005302524,-3.03028745522314,-1.5431148175199232,-1.77624281414823,2.9448297023773193,-2.19359158059765,2.19359158059765,0.09454692299914313,pixhawk_fused,True,0.8,0.2,gyro,-1.0,0.0025434899143874645,-0.033431779593229294,0.033511708935858746
43.14512209990062,9683.634387813,odom,turning,,0.752036299847357,-0.46546243572916696,-2.1264945909216535,2.0664128163367237,-3.0301994909327257,-1.5445459195158284,-1.7816672589639464,2.945451021194458,-2.194032299821697,2.194032299821697,0.09216162799930316,pixhawk_fused,True,0.8,0.2,gyro,-1.0,-0.005137260537594557,-0.06752445548772812,0.03352826431793516
43.14517899998464,9683.754516327,odom,turning,,0.7521319914156446,-0.4653680736841788,-2.130114511113078,2.0664408900464304,-3.0300680643806177,-1.5481658397072529,-1.785031864568984,2.9490673542022705,-2.197715554689489,2.197715554689489,0.03400650100047642,pixhawk_fused,True,0.8,0.2,gyro,-1.0,0.002563383663073182,-0.03369326516985893,0.03355289744078341
43.46614929998759,9683.854814965,odom,turning,,0.7515518211268636,-0.4659305334025202,-2.133055061115144,2.0662653773724124,-3.030856831646673,-1.5511063897093191,-1.7972083503522065,2.949395179748535,-2.1983637715926987,2.1983637715926987,0.016388033000112046,pixhawk_fused,True,0.8,0.2,gyro,-1.0,0.017983105033636093,-0.2363709807395935,0.033411545289168544
43.466258400003426,9683.954939754,odom,turning,,0.7497401416652145,-0.467609172776925,-2.1499462239468206,2.065674581748141,-3.0332549503158392,-1.5679975525409955,-1.838491041832373,2.960270404815674,-2.2091900435587983,2.2091900435587983,0.07295460599925718,pixhawk_fused,True,0.8,0.2,gyro,-1.0,0.03357630595564842,-0.5771303772926331,0.033034566841690316
43.46631209994666,9684.075868806,odom,turning,,0.7465677890551113,-0.470237856661219,-2.1829091773023697,2.0644692838114005,-3.03719462757801,-1.6009605058965446,-1.9060340882493394,2.99039363861084,-2.233532861818991,2.233532861818991,0.04554987299889035,pixhawk_fused,True,0.8,0.2,gyro,-1.0,0.043681856244802475,-0.5741568803787231,0.03263193119627125
43.82464779994916,9684.195052363,odom,turning,,0.7430017759449907,-0.47281638006323873,-2.2808623533627146,2.062907553738088,-3.0413087777471732,-1.6989136819568895,-1.9723640459981817,3.0958354473114014,-2.339369986166678,2.339369986166678,0.056254395998621476,pixhawk_fused,True,0.8,0.2,gyro,-1.0,0.04102640599012375,-0.5392534732818604,0.029162327636728033
43.824748499901034,9684.315727312,odom,turning,,0.7391600964474566,-0.47521875430122174,-2.338284563340815,2.0610187129583415,-3.045427294937846,-1.75633589193499,-2.040654729533323,-3.1321463584899902,-2.3940846480033025,2.3940846480033025,0.06366942199929326,pixhawk_fused,True,0.8,0.2,gyro,-1.0,0.04398509860038757,-0.5781427025794983,0.02502340276600179
43.82479689992033,9684.43395493,odom,turning,,0.7351223164438362,-0.4773736127060342,-2.422661230153857,2.0588300033682465,-3.049446826307627,-1.840712558748032,-2.109632144249869,-3.0448970794677734,-2.4822968329093085,2.4822968329093085,0.038985493998552556,pixhawk_fused,True,0.8,0.2,gyro,-1.0,0.041137099266052246,-0.5407084226608276,0.020980178822614264
44.14681249996647,9684.534439343,odom,turning,,0.7317734357652746,-0.4789006396035604,-2.451539202739861,2.0568717061511514,-3.052563216038474,-1.8695905313340357,-2.165105405593792,-3.023035764694214,-2.504547790398322,2.504547790398322,0.09168673400017724,pixhawk_fused,True,0.8,0.2,gyro,-1.0,0.038448840379714966,-0.5053738355636597,0.017842562013558945
44.14691969996784,9684.654753967,odom,turning,,0.7276670219936653,-0.4804746451724458,-2.5081936373975986,2.0543063929441763,-3.05613523168019,-1.9262449659917735,-2.234082721544214,-2.969223976135254,-2.5581274088523016,2.5581274088523016,0.03392974400048843,pixhawk_fused,True,0.8,0.2,gyro,-1.0,0.0437190942466259,-0.5746463537216187,0.01424270899547999
44.14696709997952,9684.755196603,odom,turning,,0.7242463978758553,-0.48154547795820096,-2.606467189890612,2.0520374133396606,-3.0589099539662366,-2.024518518484787,-2.290792034457804,-2.8599603176116943,-2.666761337270461,2.666761337270461,0.026696028999140253,pixhawk_fused,True,0.8,0.2,gyro,-1.0,0.040687669068574905,-0.6016547083854675,0.011443341985573697
44.48239569994621,9684.85532545,odom,turning,,0.7212813154635846,-0.4823034239085575,-2.6205229787433595,2.0499770110005953,-3.0611729029220003,-2.0385743073375346,-2.3612113813857074,-2.8599603176116943,-2.666761337270461,2.666761337270461,0.12681122799949662,pixhawk_fused,True,0.8,0.2,gyro,-1.0,0.007693600840866566,-0.9775428771972656,0.009157998439186054
44.482497999910265,9684.97514429,odom,turning,,0.7188004831748741,-0.48269841865713087,-2.697792078975038,2.0481216507190916,-3.0628664754542316,-2.115843407569213,-2.466748766134088,-2.7901933193206787,-2.7369663253924474,2.7369663253924474,0.049732625999240554,pixhawk_fused,True,0.8,0.2,gyro,-1.0,0.020509369671344757,-0.9434416890144348,0.0074442393492905184
44.48255969991442,9685.094865502,odom,turning,,0.7167814511533956,-0.4827853912220484,-2.8432915786618294,2.046482769932437,-3.064048898516396,-2.2613429072560045,-2.5865302763766933,-2.632815361022949,-2.8888928810259924,2.8888928810259924,0.05517964400132769,pixhawk_fused,True,0.8,0.2,gyro,-1.0,0.020658353343605995,-1.0182547569274902,0.006243966308507363
44.84616499999538,9685.215248811,odom,turning,,0.7150818000996748,-0.4826476241782761,-2.9452982647158237,2.044987169041989,-3.064868026979615,-2.363349593309999,-2.7109733297468366,-2.535463333129883,-2.985292814662181,2.985292814662181,0.06812054000147327,pixhawk_fused,True,0.8,0.2,gyro,-1.0,0.020659003406763077,-1.0183758735656738,0.00540853286962444
44.84627169999294,9685.336567099,odom,turning,,0.7136710922095465,-0.4823639154851429,-2.970646048706435,2.043652732040598,-3.065406418345768,-2.38869737730061,-2.837804371617222,-2.535463333129883,-2.985292814662181,2.985292814662181,0.18929101700086903,pixhawk_fused,True,0.8,0.2,gyro,-1.0,-0.004846228286623955,-1.2102824449539185,0.004855582022619622
44.846308299922384,9685.455276486,odom,turning,,0.7125671598679109,-0.4819835863350942,3.046243183105563,2.0425214655161215,-3.0656954735790443,-2.654993452668198,-2.9651237118688822,-2.232071876525879,2.9968816787447268,-2.9968816787447268,0.01018981200104463,pixhawk_fused,True,0.8,0.2,gyro,-1.0,0.015424873679876328,-1.0138485431671143,0.004554174010085973
45.18646649993025,9685.574528935,odom,turning,,0.7109663112598712,-0.4811792253497067,3.0245941706640647,2.0407420082275283,-3.0659034269842786,-2.6766424651096967,-3.0734000908204777,-2.232071876525879,2.9968816787447268,-2.9968816787447268,0.12944155700097326,pixhawk_fused,True,0.8,0.2,gyro,-1.0,0.018009182065725327,-0.6425086855888367,0.004326775205013035
45.18656740000006,9685.674827558,odom,turning,,0.710433067945014,-0.48085202233695096,2.927720136635676,2.0401166923379876,-3.065923182557776,-2.7735164991380854,3.131271124596553,-2.1313419342041016,2.8954187660660082,-2.8954187660660082,0.05335104100049648,pixhawk_fused,True,0.8,0.2,gyro,-1.0,0.01025251392275095,-0.6738787293434143,0.004300183170659025
45.186616999912076,9685.795334236,odom,turning,,0.7095904910797215,-0.48025607176194157,2.801260037348496,2.0390852434480236,-3.065888454339102,-2.8999765984252655,3.0575559148046936,-1.9934401512145996,2.755775003477507,-2.755775003477507,0.06479328599925793,pixhawk_fused,True,0.8,0.2,gyro,-1.0,0.002572867553681135,-0.5749049186706543,0.0043236307284156145
45.50624109990895,9685.915071061,odom,turning,,0.7090367946764818,-0.4797991617482358,2.7926041789606515,2.0383715473612583,-3.0658110956723545,-2.90863245681311,3.0142667424433385,-1.9934401512145996,2.755775003477507,-2.755775003477507,0.18491732499933278,pixhawk_fused,True,0.8,0.2,gyro,-1.0,0.005142650566995144,-0.3380171060562134,0.004393180717286385
45.50635069992859,9686.015298186,odom,turning,,0.7088003281649745,-0.47959105294306065,2.7355507806240116,2.0380596172534062,-3.06576721750385,-2.96568585514975,2.989234669720466,-1.9283537864685059,2.69071828846591,-2.69071828846591,0.08961049000026833,pixhawk_fused,True,0.8,0.2,gyro,-1.0,0.002563255839049816,-0.10107476264238358,0.004433645400207865
45.506401099963114,9686.115821767,odom,turning,,0.7085341876441441,-0.4793497288279941,2.6975005344195324,2.0377046407906705,-3.065711901898058,-3.003736101354229,2.9838254494233065,-1.8861265182495117,2.6445191048677494,-2.6445191048677494,0.07608877600068809,pixhawk_fused,True,0.8,0.2,gyro,-1.0,0.0025640223175287247,-0.03370165824890137,0.004485076137625702
45.82311249990016,9686.234118018,odom,turning,,0.7085010709517511,-0.479319475884795,2.692600826161324,2.037660346715356,-3.0657048314822797,-3.0086358096124375,2.983146423626383,-1.8802769184112549,2.638566791012459,-2.638566791012459,0.0161080599991692,pixhawk_fused,True,0.8,0.2,gyro,-1.0,0.0,0.0,0.004491661788248199
45.823213499970734,9686.334344571,odom,turning,,0.7085343613669934,-0.47934984313018364,2.692164503215672,2.037704848744076,-3.065711901898058,-3.0090721325580896,2.9824674071189987,-1.8801223039627075,2.6381909857518453,-2.6381909857518453,0.00864116400043713,pixhawk_fused,True,0.8,0.2,gyro,-1.0,0.0,0.0,0.004485078411533923
45.823260299977846,9686.434669547,odom,turning,,0.7085343613669934,-0.47934984313018364,2.692054304518906,2.037704848744076,-3.065711901898058,-3.0091823312548556,2.9824674071189987,-1.8799291849136353,2.638053307954729,-2.638053307954729,0.034330403001149534,pixhawk_fused,True,0.8,0.2,gyro,-1.0,0.0,0.0,0.004485078411533923
46.145990399993025,9686.534683939,odom,turning,,0.7085343613669934,-0.47934984313018364,2.692011830774022,2.037704848744076,-3.065711901898058,-3.0092248049997394,2.9824674071189987,-1.8798786401748657,2.6380002430309957,-2.6380002430309957,0.08287561500037555,pixhawk_fused,True,0.8,0.2,gyro,-1.0,0.0,0.0,0.004485078411533923
46.14609739999287,9686.654182847,odom,turning,,0.7079401949628716,-0.4788008373183166,2.6891391529378676,2.036906723574785,-3.0655798514857335,-3.0120974828358937,2.968909973153058,-1.8796277046203613,2.637792835817248,-2.637792835817248,0.024818445001073997,pixhawk_fused,True,0.8,0.2,gyro,-1.0,0.0077492170967161655,-0.16976027190685272,0.004608393669472347
46.14616099989507,9686.755175104,odom,turning,,0.7074205280142098,-0.4783058275311271,2.6634431765491993,2.0362005138106083,-3.065451960141514,-3.037793459224562,2.9432065568212615,-1.8512674570083618,2.612098715916783,-2.612098715916783,0.01672113799941144,pixhawk_fused,True,0.8,0.2,gyro,-1.0,0.0051630353555083275,-0.33931615948677063,0.004728555175382486
46.48641609994229,9686.874097673,odom,turning,,0.7075759113465444,-0.47846805494312705,2.653840652381339,2.0364194887463203,-3.0655020769121757,-3.0473959833924225,2.8951566468211856,-1.8512674570083618,2.612098715916783,-2.612098715916783,0.13599821800016798,pixhawk_fused,True,0.8,0.2,gyro,-1.0,-0.0025817756541073322,-0.3732852041721344,0.004680835826317415
46.48651739989873,9686.975094615,odom,turning,,0.7073361420336045,-0.47820027048545816,2.587873293425834,2.036071998606173,-3.0654101615070624,-3.1133633423479274,2.864043963559382,-1.7786327600479126,2.5374254155313083,-2.5374254155313083,0.03684475000045495,pixhawk_fused,True,0.8,0.2,gyro,-1.0,0.0025865777861326933,-0.37397950887680054,0.004768946035609599
46.48657279997133,9687.094713002,odom,turning,,0.7069343169418771,-0.47771608267380256,2.554745006886014,2.035470181451424,-3.06522653865024,3.136693678291839,2.835662591615745,-1.7437516450881958,2.5031125476216385,-2.5031125476216385,0.04690617699998256,pixhawk_fused,True,0.8,0.2,gyro,-1.0,0.002570169745013118,-0.033782459795475006,0.004945977224095617
46.82653079996817,9687.195079405,odom,turning,,0.7069059596772966,-0.47768124443761056,2.5546094142470483,2.0354273430499457,-3.0652130216788995,3.136558085652873,2.834983578001805,-1.7437516450881958,2.5031125476216385,-2.5031125476216385,0.14697245699971972,pixhawk_fused,True,0.8,0.2,gyro,-1.0,0.0,0.0,0.0049590249622263475
46.82663219992537,,mission_status,navigating,going to waypoint 4/4,0.7069059596772966,-0.47768124443761056,2.5546094142470483,,,,,,,,,,,,,,,,,
46.826654299977235,9687.315392722,odom,navigating,,0.7069059596772966,-0.47768124443761056,2.544491138110761,2.0354273430499457,-3.0652130216788995,3.1264398095165857,2.834983578001805,-1.7351127862930298,2.490470358163626,-2.490470358163626,0.08964473300147802,pixhawk_fused,True,0.8,0.2,gyro,-1.0,0.0,0.0,0.0049590249622263475
46.826708199921995,9687.435770519,odom,navigating,,0.7056749797411659,-0.47619820894529685,2.55223481751971,2.0335838361125402,-3.064650715671145,3.134183488925535,2.861350741949727,-1.7387051582336426,2.4935733979526393,-2.4935733979526393,0.023666157998377457,pixhawk_fused,True,0.8,0.2,gyro,-1.0,0.03892124816775322,0.3836609125137329,0.0055011391559771005
47.166409999947064,9687.554482763,odom,navigating,,0.7013593322493836,-0.47150641871885657,2.5711758393433133,2.0273997177476715,-3.063103334382794,-3.130060796430448,2.938483948451745,-1.7486793994903564,2.4980693819704882,-2.4980693819704882,0.03051230999881227,pixhawk_fused,True,0.8,0.2,gyro,-1.0,0.0957082137465477,0.7819964289665222,0.006980806451136233
47.166560099925846,9687.655077735,odom,navigating,,0.6932788861133129,-0.46392906018709573,2.6837518997122336,2.016484451460308,-3.0612147015564526,-3.017484736061528,3.00814033287248,-1.8736613988876343,2.621290395695292,-2.621290395695292,0.016181596000024,pixhawk_fused,True,0.8,0.2,gyro,-1.0,0.15368816256523132,0.6733621954917908,0.008749971196903407
47.166641999967396,9687.774896342,odom,navigating,,0.6780951734654704,-0.45156852804827824,2.7435473572627034,1.9970060798521911,-3.059234569231808,-2.957689278511058,3.0731198736973018,-1.9313457012176514,2.6797972557130687,-2.6797972557130687,0.028851348999523907,pixhawk_fused,True,0.8,0.2,gyro,-1.0,0.21436269581317902,0.37341633439064026,0.01051699497878223
47.48269569990225,9687.894215108,odom,navigating,,0.6591307127406177,-0.43712717535118517,2.756187937237887,1.9732255681965791,-3.057594232771317,-2.9450486985358744,3.0548474810810458,-1.9526163339614868,2.7001312307152383,-2.7001312307152383,0.03376056500019331,pixhawk_fused,True,0.8,0.2,gyro,-1.0,0.23188941180706024,-0.40647074580192566,0.0118972005985851
47.48279629996978,9687.994852302,odom,navigating,,0.6415331144700559,-0.4227009645038887,2.7268484393501753,1.95059524682532,-3.055215245815432,-2.974388196423586,3.008964301184518,-1.9221223592758179,2.6749170056912535,-2.6749170056912535,0.05296812599954137,pixhawk_fused,True,0.8,0.2,gyro,-1.0,0.2654809355735779,-0.5368456840515137,0.014028589539351695
47.48284439998679,9688.094994859,odom,navigating,,0.6229801951459523,-0.4058805414317687,2.7169644647130777,1.9258508711364453,-3.0513612453562176,-2.9842721710606837,2.959502922111861,-1.9221223592758179,2.6749170056912535,-2.6749170056912535,0.15296148299967172,pixhawk_fused,True,0.8,0.2,gyro,-1.0,0.28868892788887024,-0.40665221214294434,0.017611787248089053
47.846304799895734,9688.215329714,odom,navigating,,0.6002057303268427,-0.38329687042913335,2.6689547941743603,1.8944120594262557,-3.0450130517546183,-3.032281841599401,2.9243771989626857,-1.8727895021438599,2.623687969300472,-2.623687969300472,0.0941439790003642,pixhawk_fused,True,0.8,0.2,gyro,-1.0,0.3182432949542999,-0.16742359101772308,0.023615827329559812
47.84643459995277,9688.333934186,odom,navigating,,0.5778546713402309,-0.3598937574216168,2.6061848258621305,1.862876549382632,-3.037747575682529,-3.095051809911631,2.9094464597717766,-1.8021018505096436,2.5489814507696265,-2.5489814507696265,0.09587047599961807,pixhawk_fused,True,0.8,0.2,gyro,-1.0,0.30617135763168335,-0.03381786495447159,0.03053603767390248
47.84648429998197,9688.455318221,odom,navigating,,0.5549858138562418,-0.33602798008664286,2.606496223403796,1.8306541692415181,-3.030380202441875,-3.0947404123699656,2.9384992121002558,-1.7900437116622925,2.542142227250659,-2.542142227250659,0.03129394000097818,pixhawk_fused,True,0.8,0.2,gyro,-1.0,0.3203272521495819,0.43788161873817444,0.03755062837604164
48.20678559993394,9688.575080461,odom,navigating,,0.530466856410831,-0.312816271015286,2.6607058338496588,1.7974128174147541,-3.024466215550406,-3.0405308019241026,3.007529967750922,-1.8496259450912476,2.592672840345227,-2.592672840345227,0.04408207999949809,pixhawk_fused,True,0.8,0.2,gyro,-1.0,0.3227637708187103,0.644952654838562,0.04310077747042866
48.20688779989723,9688.697874592,odom,navigating,,0.504072513980014,-0.2913353808969017,2.7250090010764554,1.7635561314619008,-3.0210289537152817,-2.976227634697306,3.0842664263377504,-1.9093232154846191,2.653894878435456,-2.653894878435456,0.052877554999213316,pixhawk_fused,True,0.8,0.2,gyro,-1.0,0.3196098506450653,0.6270105838775635,0.04616762108666256
48.20696559990756,9688.815656175,odom,navigating,,0.47779244280595823,-0.27280530176071405,2.736189681126776,1.7314168287061782,-3.0199939696174285,-2.9650469546469855,3.140754461281786,-1.9093232154846191,2.653894878435456,-2.653894878435456,0.17087465199983853,pixhawk_fused,True,0.8,0.2,gyro,-1.0,0.30314376950263977,0.40520742535591125,0.046851109658165274
48.54649919993244,9688.934246406,odom,navigating,,0.45031357642711894,-0.25564094544203575,2.8336507255455796,1.6990267341437426,-3.020758822241882,-2.8675859102281818,-3.0856147439833737,-2.0155527591705322,2.761382505345666,-2.761382505345666,0.06715330799852381,pixhawk_fused,True,0.8,0.2,gyro,-1.0,0.3139772415161133,0.4736846089363098,0.04573212677843519
48.54664769989904,9689.054378397,odom,navigating,,0.421837185733686,-0.23957197277702455,2.8666544923961483,1.6664053953946858,-3.0229870429789716,-2.834582143377613,-3.063283506557596,-2.0510993003845215,2.7970291363778945,-2.7970291363778945,0.033061008998629404,pixhawk_fused,True,0.8,0.2,gyro,-1.0,0.3129759728908539,0.10199429839849472,0.043147334688527404
48.54673839989118,9689.154982279,odom,navigating,,0.3976964677708261,-0.22628648475032248,2.886917547826701,1.6389359982836158,-3.0251574526694056,-2.8143190879470605,-3.063298762011053,-2.0729260444641113,2.82232357363733,-2.82232357363733,0.029119769998942502,pixhawk_fused,True,0.8,0.2,gyro,-1.0,0.32294610142707825,0.00010571016900939867,0.040676685127693187
48.88281779992394,9689.274204757,odom,navigating,,0.36928282589701245,-0.21029787993955879,2.8720259681693197,1.6064112538912907,-3.0274183220911173,-2.8292106676044417,-3.0917258855596685,-2.060554027557373,2.810796749379062,-2.810796749379062,0.03385691699986637,pixhawk_fused,True,0.8,0.2,gyro,-1.0,0.3099375367164612,-0.4073837399482727,0.03806030253544404
48.8829177999869,9689.375493698,odom,navigating,,0.346215433000023,-0.1963240947198814,2.8654238129368883,1.5794601806427682,-3.0284237768054267,-2.835812822836873,-3.1248374607993794,-2.060554027557373,2.810796749379062,-2.810796749379062,0.1343128219996288,pixhawk_fused,True,0.8,0.2,gyro,-1.0,0.30993759632110596,-0.33948639035224915,0.036760206019360794
48.88297189993318,9689.494358832,odom,navigating,,0.31836072129757914,-0.177979463177598,2.813202333630823,1.5461073657907984,-3.0284092200670605,-2.8880343021429384,3.115730046079474,-2.009078025817871,2.75618179601016,-2.75618179601016,0.0638019260004512,pixhawk_fused,True,0.8,0.2,gyro,-1.0,0.32982194423675537,-0.33868730068206787,0.036410058846965535
49.206902899895795,9689.595273172,odom,navigating,,0.29552520902845086,-0.16170330973736285,2.767470292921307,1.5180845006916963,-3.0273638382989456,-2.9337663428524543,3.090072395770124,-1.9583131074905396,2.7054529726165764,-2.7054529726165764,0.05588992899902223,pixhawk_fused,True,0.8,0.2,gyro,-1.0,0.32425743341445923,-0.23491664230823517,0.037148956479906965
49.207003799965605,9689.715089913,odom,navigating,,0.2682837148875336,-0.1414812145587085,2.7657133528590334,1.4842120102800451,-3.0254438045084138,-2.935523282914728,3.0812528142654236,-1.9583131074905396,2.7054529726165764,-2.7054529726165764,0.17628134199912893,pixhawk_fused,True,0.8,0.2,gyro,-1.0,0.31843847036361694,-0.06740503758192062,0.038698489942951456
49.207053899997845,9689.815834664,odom,navigating,,0.24597282576578933,-0.12485149754952138,2.746475575041761,1.4564330745252834,-3.0238146975318054,-2.9547610607320003,3.0866620579724318,-1.9347915649414062,2.680089437122964,-2.680089437122964,0.09813744299935934,pixhawk_fused,True,0.8,0.2,gyro,-1.0,0.31855785846710205,0.13506917655467987,0.04002374518032823
49.525484599987976,9689.933843189,odom,navigating,,0.21854450386869623,-0.10487987090057097,2.7503296759539744,1.4225421802372689,-3.0222065938491256,-2.950906959819787,3.106956241773706,-1.935192584991455,2.6798670981410377,-2.6798670981410377,0.05163732700020773,pixhawk_fused,True,0.8,0.2,gyro,-1.0,0.3318834602832794,0.16908112168312073,0.041261165943581424
49.52558759995736,9690.0341016,odom,navigating,,0.19510801764969563,-0.08858318911645452,2.764444527692967,1.394005982157345,-3.021474389909294,-2.9367921080807946,3.1299817557274765,-1.948257565498352,2.691776125240647,-2.691776125240647,0.006695508000120753,pixhawk_fused,True,0.8,0.2,gyro,-1.0,0.33960169553756714,0.2705298960208893,0.041681291329381046
49.5256363999797,9690.134281234,odom,navigating,,0.1714987253246379,-0.07295718294068423,2.7684596020106866,1.3656940618249667,-3.0213974471493574,-2.9327770337630747,-3.1329398790104386,-1.948257565498352,2.691776125240647,-2.691776125240647,0.10687121599949023,pixhawk_fused,True,0.8,0.2,gyro,-1.0,0.31901979446411133,0.13526494801044464,0.0414486471204779
49.86576439999044,9690.25420955,odom,navigating,,0.14383161743059705,-0.05543821478332313,2.8157637041704637,1.332951798170766,-3.0219695269671583,-2.8854729316032977,-3.1146369602185215,-2.001706123352051,2.7462530036452644,-2.7462530036452644,0.005667809999067686,pixhawk_fused,True,0.8,0.2,gyro,-1.0,0.30264484882354736,0.10199959576129913,0.04051857465882201
49.865880899946205,9690.35517502,odom,navigating,,0.1220319172772244,-0.041971175699213714,2.8164424297609996,1.307338281224713,-3.022701522953584,-2.884794206012762,-3.111218991495802,-2.001706123352051,2.7462530036452644,-2.7462530036452644,0.1063851369999611,pixhawk_fused,True,0.8,0.2,gyro,-1.0,0.2895686626434326,-0.03377716615796089,0.03950654629926045
49.86593410000205,9690.474544182,odom,navigating,,0.09797680350907821,-0.02716803481896153,2.8168837012555903,1.2791062149999446,-3.0235570432627195,-2.884352934518171,-3.1146217005814774,-2.005119800567627,2.7476467989688222,-2.7476467989688222,0.03551056300057098,pixhawk_fused,True,0.8,0.2,gyro,-1.0,0.24786294996738434,-0.06787339597940445,0.0383423679499207
50.22663799999282,9690.595158055,odom,navigating,,0.0771923316293385,-0.014239031600267696,2.8154011925604996,1.2546365457593849,-3.024180487571613,-2.885835443213262,-3.12208325107007,-2.005119800567627,2.7476467989688222,-2.7476467989688222,0.15632961700066517,pixhawk_fused,True,0.8,0.2,gyro,-1.0,0.2067842185497284,-0.12942789494991302,0.03745139241011255
50.22678969998378,9690.71542201,odom,navigating,,0.06144219066889814,-0.0042440306072638045,2.8085715899941626,1.2359852048438864,-3.0244878427045503,-2.892665045779599,-3.1328941026240518,-1.999409556388855,2.7418049536948508,-2.7418049536948508,0.0957510940006614,pixhawk_fused,True,0.8,0.2,gyro,-1.0,0.15927892923355103,-0.13506917655467987,0.03694010882618489
50.22686469997279,9690.833864342,odom,navigating,,0.051336625260237974,0.002355959364190651,2.7995684280003443,1.2239153812506602,-3.0245288095253815,-2.901668207773417,3.136062383848286,-1.9907262325286865,2.7340989932720965,-2.7340989932720965,0.10907649900036631,pixhawk_fused,True,0.8,0.2,gyro,-1.0,0.08750146627426147,-0.06762572377920151,0.03409498485424232
50.53058779996354,9690.933931667,odom,navigating,,0.04617965031292619,0.005784375754631945,2.7816280892175564,1.2177228407728793,-3.024499280141838,-2.919608546556205,-3.1390052478530253,-1.9663045406341553,2.7096983836745325,-2.7096983836745325,0.012352651001492632,pixhawk_fused,True,0.8,0.2,gyro,-1.0,0.056597448885440826,0.13525819778442383,0.028042061449669343
50.53070299990941,9691.034061805,odom,navigating,,0.04125287465658538,0.00891570753461566,2.7896756414163493,1.2118859006180496,-3.024591403500357,-2.911560994357412,-3.098363462227939,-1.9663045406341553,2.7096983836745325,-2.7096983836745325,0.11228686800131982,pixhawk_fused,True,0.8,0.2,gyro,-1.0,0.07279415428638458,0.588822603225708,0.02236261474530846
50.530766399926506,,mission_status,turning,final alignment at waypoint 4/4,0.04125287465658538,0.00891570753461566,2.7896756414163493,,,,,,,,,,,,,,,,,
50.53078689996619,9691.134320292,odom,turning,,0.03547206780824726,0.012177063785371029,2.8281935873687267,1.2052640403351615,-3.025044326016958,-2.8730430484050347,-3.037519034315448,-2.0059022903442383,2.7427290279460554,-2.7427290279460554,0.09818279499995697,pixhawk_fused,True,0.8,0.2,gyro,-1.0,0.06407501548528671,0.43794697523117065,0.015994634227129708
50.86586899997201,9691.25475669,odom,turning,,0.0333937669187368,0.013239061074190359,2.8830309311409437,1.2029441121463635,-3.025299484845181,-2.8182057046328177,-3.023992124064512,-2.0714550018310547,2.8077359506083135,-2.8077359506083135,0.11143601900039357,pixhawk_fused,True,0.8,0.2,gyro,-1.0,0.0,0.0,0.01378447732740997
50.86597089993302,9691.355207582,odom,turning,,0.033313236682019964,0.013279351150317623,2.9025246287595277,1.2028546921821126,-3.025310090468848,-2.7987120070142337,-3.0253501673181598,-2.0893115997314453,2.8323880636287337,-2.8323880636287337,0.011216954999326845,pixhawk_fused,True,0.8,0.2,gyro,-1.0,0.0,0.0,0.013699454782882195
50.86602580000181,9691.473910707,odom,turning,,0.033192987666691744,0.01334004911834738,2.898632449888641,1.202720874165844,-3.0253254790208355,-2.8026041858851203,-3.027379580170617,-2.0864531993865967,2.828034457592801,-2.828034457592801,0.029937104000055115,pixhawk_fused,True,0.8,0.2,gyro,-1.0,0.0,0.0,0.01357211332107767
51.20592409989331,9691.574790773,odom,turning,,0.0326738821356789,0.013604181456402688,2.896888582800546,1.2021420358623733,-3.025390152529863,-2.804348052973215,-3.036161009841528,-2.0864531993865967,2.828034457592801,-2.828034457592801,0.13050199300050735,pixhawk_fused,True,0.8,0.2,gyro,-1.0,0.012816280126571655,-0.16845794022083282,0.013020881651876657
51.20604560000356,9691.695088249,odom,turning,,0.030342591671574704,0.014859768281103752,2.887170755569395,1.1995043548703765,-3.0256226444369156,-2.8140658802043665,-3.0774207792435275,-2.0834741592407227,2.826150421845303,-2.826150421845303,0.07313609599987103,pixhawk_fused,True,0.8,0.2,gyro,-1.0,0.03086979314684868,-0.40575435757637024,0.010495570231962358
51.20611669996288,9691.815298245,odom,turning,,0.02756515822820855,0.016517431018583516,2.8287475405876084,1.196272966906435,-3.0257644686592857,-2.872489095186153,-3.126164976773397,-2.0205864906311035,2.765320443960414,-2.765320443960414,0.08620800800053985,pixhawk_fused,True,0.8,0.2,gyro,-1.0,0.033618755638599396,-0.44188690185546875,0.00737097729504868
51.52599209989421,9691.915359832,odom,turning,,0.025095839163214527,0.018150600714286556,2.819854129639647,1.1933124382528113,-3.025757398243508,-2.8813825061341145,3.112403629406622,-2.0205864906311035,2.765320443960414,-2.765320443960414,0.18598767500043323,pixhawk_fused,True,0.8,0.2,gyro,-1.0,0.03843734785914421,-0.505222737789154,0.004478717898827087
51.52610089990776,9692.015878055,odom,turning,,0.022272431446993746,0.02021887574548882,2.7708644373708733,1.1898169494642215,-3.0255814696626793,-2.930372198402888,3.0596616192183914,-1.9740321636199951,2.717266407045112,-2.717266407045112,0.09023659699960263,pixhawk_fused,True,0.8,0.2,gyro,-1.0,0.04100392758846283,-0.5389580130577087,0.0010276607681145207
51.52615349995904,9692.133997434,odom,turning,,0.01905432621950924,0.022880160474523438,2.6884725339948394,1.1856657835889268,-3.0251270914722417,-3.012764101778922,2.9953763547387062,-1.8851581811904907,2.6303619665527203,-2.6303619665527203,0.09555393399932655,pixhawk_fused,True,0.8,0.2,gyro,-1.0,0.04138941317796707,-0.5440248847007751,0.00312372134789643
51.84313850000035,9692.234914706,odom,turning,,0.01624157683438119,0.025507735779971456,2.635124120651624,1.1818717776871226,-3.024478068894504,-3.0661125151221373,2.9373547869764574,-1.8330984115600586,2.5781775874519206,-2.5781775874519206,0.016024045000449405,pixhawk_fused,True,0.8,0.2,gyro,-1.0,0.04080475866794586,-0.5363401174545288,0.006968379298528241
51.84323849994689,9692.354599032,odom,turning,,0.013037319864241967,0.02891117604013462,2.5762521967868723,1.1773242526214507,-3.023396087327068,-3.124984438986889,2.8655316688229684,-1.7775440216064453,2.5225338918590405,-2.5225338918590405,0.028744743000061135,pixhawk_fused,True,0.8,0.2,gyro,-1.0,0.04395414888858795,-0.6457048654556274,0.011642249810689368
51.84328859997913,9692.454700101,odom,turning,,0.01066840983135603,0.03177918275724827,2.473616931525611,1.1737688732521534,-3.0223022524155336,3.055565602931436,2.809470881378433,-1.6649105548858643,2.40830642336844,-2.40830642336844,0.0035513969996827655,pixhawk_fused,True,0.8,0.2,gyro,-1.0,0.03891604766249657,-0.5115147829055786,0.01534992344237042
52.16626189998351,9692.554907686,odom,turning,,0.008435458335264667,0.03481637159770018,2.4622943050239225,1.1702340812699743,-3.02099235391596,3.0442429764297474,2.752654813153335,-1.6649105548858643,2.40830642336844,-2.40830642336844,0.10341580499880365,pixhawk_fused,True,0.8,0.2,gyro,-1.0,0.04102640599012375,-0.5392534732818604,0.019084134198242543
52.16634569992311,9692.655361135,odom,turning,,0.006306758476756642,0.03809164759894966,2.40737466997479,1.1666555150959932,-3.019426256821138,2.989323341380615,2.6937787644596543,-1.6105685234069824,2.3543734909319736,-2.3543734909319736,0.0262233590001415,pixhawk_fused,True,0.8,0.2,gyro,-1.0,0.04389900714159012,-0.5770111083984375,0.022916389792647603
52.16638079995755,9692.774795986,odom,turning,,0.004126971887934681,0.041959879472488006,2.3051248375753923,1.1627083515112338,-3.0173928884247534,2.887073508981217,2.6268537030682864,-1.5000139474868774,2.2433246828937388,-2.2433246828937388,0.03466095499970834,pixhawk_fused,True,0.8,0.2,gyro,-1.0,0.04102640599012375,-0.5392534732818604,0.027209417459625282
52.50679559994023,9692.895674284,odom,turning,,0.0022280251827511005,0.045926362773851315,2.291898510180764,1.1589417954589205,-3.0151230770066166,2.873847181586589,2.5605619302447065,-1.5000139474868774,2.2433246828937388,-2.2433246828937388,0.15501274700000067,pixhawk_fused,True,0.8,0.2,gyro,-1.0,0.041024357080459595,-0.5392265319824219,0.03137713370812452
52.506897699902765,9693.015201577,odom,turning,,0.0006279923499163502,0.04992568590302093,2.194559079455546,1.1554068995000388,-3.012661532548854,2.776507750861371,2.4942853540626193,-1.3940004110336304,2.1382365463995794,-2.1382365463995794,0.08173218999945675,pixhawk_fused,True,0.8,0.2,gyro,-1.0,0.0385737381875515,-0.5070154666900635,0.03536003853001905
52.506947699934244,9693.11545966,odom,turning,,-0.00048716183257439816,0.05328859545236764,2.142210587593495,1.1526268744021588,-3.010465128682765,2.72415925899932,2.4408872485786115,-1.3413892984390259,2.0861496153497554,-2.0861496153497554,0.0686099459999241,pixhawk_fused,True,0.8,0.2,gyro,-1.0,0.04141721501946449,-0.5443903207778931,0.038548635983491224
52.846315199974924,9693.233847816,odom,turning,,-0.001610078721300031,0.05749550255509403,2.0879478131757443,1.1493764587016382,-3.0075679218410354,2.669896484581569,2.375251483746383,-1.289261817932129,2.0347222629213193,-2.0347222629213193,0.00874136600032216,pixhawk_fused,True,0.8,0.2,gyro,-1.0,0.041137099266052246,-0.5407084226608276,0.04234780868349214
52.846423999988474,9693.334627389,odom,turning,,-0.002358195559429864,0.061190200267486575,2.0765952194869746,1.146720685763386,-3.004892601282691,2.6585438908927994,2.318435449800715,-1.289261817932129,2.0347222629213193,-2.0347222629213193,0.10890547300004982,pixhawk_fused,True,0.8,0.2,gyro,-1.0,0.0435493178665638,-0.572414755821228,0.04551846149109875
52.84647809993476,9693.45434955,odom,turning,,-0.0029885228039022056,0.0657734901128974,1.9466910926069627,1.1436748962136163,-3.001410213558631,2.528639764012788,2.248695092102851,-1.146632194519043,1.889801031115041,-1.889801031115041,0.04285611399973277,pixhawk_fused,True,0.8,0.2,gyro,-1.0,0.04654904827475548,-0.6118434071540833,0.04924414842424436
53.18687459989451,9693.555117383,odom,turning,,-0.0032579665778380944,0.06952812822271826,1.916438430924081,1.141386057058901,-2.998421715172004,2.498387102329906,2.1892545478126384,-1.1247925758361816,1.866827865602956,-1.866827865602956,0.03165010200063989,pixhawk_fused,True,0.8,0.2,gyro,-1.0,0.04405820742249489,-0.5791036486625671,0.05212412012515157
53.18699709989596,9693.674488868,odom,turning,,-0.003291186129040724,0.07401975063328645,1.8133015441796612,1.138889472452356,-2.99468770382761,2.3952502155854862,2.11885808298781,-1.012664556503296,1.755526524248109,-1.755526524248109,0.0355284910001501,pixhawk_fused,True,0.8,0.2,gyro,-1.0,0.04395414888858795,-0.6457048654556274,0.055367864898810515
53.18705769989174,9693.795449796,odom,turning,,-0.0030560737821707165,0.07777946202234143,1.7483289961655208,1.1370193474790804,-2.9914176365302945,2.330277667571346,2.0309751299086845,-0.9530851244926453,1.6962652648115017,-1.6962652648115017,0.0495787689997087,pixhawk_fused,True,0.8,0.2,gyro,-1.0,0.033576566725969315,-0.8487160801887512,0.05789977278279096
53.54746359994169,9693.916175544,odom,turning,,-0.002641559715445947,0.08039156528917465,1.654788958888256,1.1359298795890558,-2.98900766451703,2.236737630294081,1.9234311478859605,-0.8656494617462158,1.6062204325818874,-1.6062204325818874,0.05654621400026372,pixhawk_fused,True,0.8,0.2,gyro,-1.0,0.015494546853005886,-1.0183061361312866,0.05948376898226862
53.54754679999314,9694.034532516,odom,turning,,-0.0021043766368815664,0.08224313307548665,1.5736429854503802,1.1353609190723337,-2.987165613253461,2.1555916568562052,1.7997129756165189,-0.790652334690094,1.5357119827294208,-1.5357119827294208,0.09342058099900896,pixhawk_fused,True,0.8,0.2,gyro,-1.0,0.023079905658960342,-1.0448371171951294,0.060436938439097816
53.5475843999302,9694.15574316,odom,turning,,-0.0015909223597780353,0.08343646315921936,1.4681035547775882,1.13513393793052,-2.9858864918578623,2.0500522261834133,1.6678387385571376,-0.6919081211090088,1.4367560369992114,-1.4367560369992114,0.03413028400063922,pixhawk_fused,True,0.8,0.2,gyro,-1.0,0.01538196112960577,-1.078162670135498,0.0609346776177126
53.867179499939084,9694.274496736,odom,turning,,-0.0010939461440982595,0.08428392014379246,1.2726831097473834,1.1350833012763455,-2.9849053676919652,1.8546317811532085,1.5351559736890532,-0.481149286031723,1.2256551673436022,-1.2256551673436022,0.041529719999743975,pixhawk_fused,True,0.8,0.2,gyro,-1.0,-2.312885726496461e-06,-1.2168676853179932,0.06119590446211851
53.867286399938166,9694.374507552,odom,turning,,-0.0007378890417496231,0.0847478950885379,1.2509140469727247,1.1351257237710133,-2.9843220583902816,1.8328627183785497,1.4262845928473562,-0.481149286031723,1.2256551673436022,-1.2256551673436022,0.14159336800003075,pixhawk_fused,True,0.8,0.2,gyro,-1.0,-0.002561720088124275,-1.246991515159607,0.0612803943486254
53.86733549996279,9694.475055503,odom,turning,,-0.0005544695094762686,0.0849468374646666,1.0951588630258815,1.1351696019395179,-2.9840550462179602,1.6771075344317066,1.3153760912793222,-0.31228575110435486,1.0586910178685045,-1.0586910178685045,0.04858592299933662,pixhawk_fused,True,0.8,0.2,gyro,-1.0,0.0,-1.1459136009216309,0.061295187463217674
54.20686399994884,9694.596426758,odom,turning,,-0.0003110588589058452,0.08514937293683086,0.9490876843918745,1.1352616213213342,-2.9837520581065333,1.5310363557976996,1.1795881339731182,-0.16262172162532806,0.910049140694127,-0.910049140694127,0.06492035100018256,pixhawk_fused,True,0.8,0.2,gyro,-1.0,-0.009730368852615356,-1.3425835371017456,0.06127074002128332
54.206968499929644,9694.715385958,odom,turning,,-0.00023318109958159194,0.0851947170796864,0.8372273984205874,1.1353017563285446,-2.9836713721853023,1.4191760698264124,1.0471341598750992,-0.05562187731266022,0.8033371570134019,-0.8033371570134019,0.06979712399879645,pixhawk_fused,True,0.8,0.2,gyro,-1.0,0.00508496817201376,-1.1362311840057373,0.061248967950407046
54.20702289999463,9694.815401181,odom,turning,,1.2602669631045504e-05,0.08530060034336127,0.8142622751463617,1.135448883362748,-2.9834478222746754,1.3962109465521868,0.9321591654352852,-0.05562187731266022,0.8033371570134019,-0.8033371570134019,0.16997856499983754,pixhawk_fused,True,0.8,0.2,gyro,-1.0,0.010162406601011753,-1.0686020851135254,0.06115356462876673
54.54665689996909,9694.934781186,odom,turning,,0.0001878180386094136,0.08533990091895852,0.5924593035562198,1.1355736554058888,-2.9833186832100242,1.1744079749620449,0.7939832171212224,0.1875028759241104,0.5606646556877947,-0.5606646556877947,0.06668325400096364,pixhawk_fused,True,0.8,0.2,gyro,-1.0,0.007711407728493214,-1.0476462841033936,0.061059609890434005
54.54676679999102,9695.054420371,odom,turning,,0.0007609639333345727,0.08543351982723302,0.49655060469010204,1.1360009996536462,-2.9829254433207257,1.078499276095927,0.6687238174923101,0.2764860689640045,0.4720903763794756,-0.4720903763794756,0.03253550699992047,pixhawk_fused,True,0.8,0.2,gyro,-1.0,0.0,-1.0182547569274902,0.06072722459110523
54.54682269995101,9695.154774642,odom,turning,,0.001613173293814954,0.0854615191817943,0.3220770956572159,1.1366975395844796,-2.9824336335173456,0.9040257670630409,0.5829084202564575,0.4695068299770355,0.27545914459465504,-0.27545914459465504,0.02717019000010623,pixhawk_fused,True,0.8,0.2,gyro,-1.0,0.025715311989188194,-0.6084254384040833,0.060153267139543984
54.863615799928084,9695.273997876,odom,turning,,0.0021051008802901797,0.08543756217675838,0.24099521028211024,1.1371216605544558,-2.982183257617443,0.8229438816879353,0.5009839465914914,0.5472149848937988,0.19458771527050495,-0.19458771527050495,0.03311695699994743,pixhawk_fused,True,0.8,0.2,gyro,-1.0,0.010345272719860077,-0.47592610120773315,0.05979319072520553
54.863733399892226,9695.374560903,odom,turning,,0.002194282182330573,0.08542593224355288,0.22910662267873727,1.1372025544290922,-2.982143954423854,0.8110552940845623,0.44152808138750177,0.5472149848937988,0.19458771527050495,-0.19458771527050495,0.1331664039989846,pixhawk_fused,True,0.8,0.2,gyro,-1.0,-0.005124085582792759,-0.6736790537834167,0.05972268787852722
54.86378579994198,9695.475178151,odom,turning,,0.002814614267804605,0.08532794559044365,0.13579964323057325,1.1377746342468928,-2.9818848444809314,0.7177483146363983,0.4090573530668142,0.6487833857536316,0.08607884550331592,-0.08607884550331592,0.04201600499982305,pixhawk_fused,True,0.8,0.2,gyro,-1.0,0.005174066871404648,-0.2720072865486145,0.05922002611356642
55.18750519992318,9695.575225301,odom,turning,,0.0032552484359640727,0.08524513594615167,0.10930031011321983,1.1381882535699046,-2.9817118272477763,0.6912489815190449,0.3738706137720324,0.6716092824935913,0.06174855301021098,-0.06174855301021098,0.03511453899955086,pixhawk_fused,True,0.8,0.2,gyro,-1.0,0.007690915837883949,-0.438056081533432,0.058853505242451004
55.187645399942994,9695.694800749,odom,turning,,0.0033420659110525858,0.08522858916121065,0.10470549770792081,1.138269875281459,-2.981677930842723,0.6866541691137459,0.3508832306716989,0.6716092824935913,0.06174855301021098,-0.06174855301021098,0.15500277499995718,pixhawk_fused,True,0.8,0.2,gyro,-1.0,-0.002563255839049816,-0.23584111034870148,0.058781124616727194
55.18773959996179,9695.795124504,odom,turning,,0.0033429252410521956,0.08522478768461757,0.07374138457444612,1.1382726826524299,-2.981680634236991,0.6556900559802712,0.33059667522863134,0.7049634456634521,0.028116603078827844,-0.028116603078827844,0.07559485899946594,pixhawk_fused,True,0.8,0.2,gyro,-1.0,0.005128428805619478,-0.134811669588089,0.058777799879913877
55.50778569991235,9695.895205265,odom,turning,,0.0034291435584432664,0.08520241189999005,0.04396482508545896,1.1383570077582525,-2.9816519366670686,0.625913496491284,0.315681233457958,0.7404707670211792,-0.005371214923872962,0.005371214923872962,0.01659934700001031,pixhawk_fused,True,0.8,0.2,gyro,-1.0,0.0,-0.2037225365638733,0.05870165738073342
55.507843300001696,9695.995790051,odom,turning,,0.003860042442088027,0.08507472832475518,0.03801820126463418,1.1387871593769805,-2.9815217578353916,0.6199668726704592,0.2859265808607763,0.7404707670211792,-0.005371214923872962,0.005371214923872962,0.11666077500012761,pixhawk_fused,True,0.8,0.2,gyro,-1.0,0.012910825200378895,-0.16970063745975494,0.058309746936350625
55.50787509989459,9696.116040149,odom,turning,,0.004159709809994819,0.0849831058469046,0.02565527008343671,1.1390878600009497,-2.981433585591572,0.6076039414892618,0.28121159552134306,0.7589893937110901,-0.01964501100541593,0.01964501100541593,0.08872289999999339,pixhawk_fused,True,0.8,0.2,gyro,-1.0,0.0,0.0,0.05803516815763674
55.84761129994877,9696.234466311,odom,turning,,0.004159709809994819,0.0849831058469046,0.0040461135005892546,1.1390878600009497,-2.981433585591572,0.5859947849064143,0.28121159552134306,0.7831608653068542,-0.04665004432336928,0.04665004432336928,0.09602804399946763,pixhawk_fused,True,0.8,0.2,gyro,-1.0,0.0,0.0,0.05803516815763674
55.847711699898355,,mission_status,navigating,correcting final position at waypoint 4/4,0.004159709809994819,0.0849831058469046,0.0040461135005892546,,,,,,,,,,,,,,,,,
55.84773519996088,9696.354467936,odom,navigating,,0.004159709809994819,0.0849831058469046,0.004680075508173731,1.1390878600009497,-2.981433585591572,0.5866287469139988,0.28121159552134306,0.7831764221191406,-0.04585786301871331,0.04585786301871331,0.10515166200093518,pixhawk_fused,True,0.8,0.2,gyro,-1.0,0.0,0.0,0.05803516815763674
55.84778039995581,9696.455309477,odom,navigating,,0.004159709809994819,0.0849831058469046,0.004503698027539138,1.1390878600009497,-2.981433585591572,0.5864523694333642,0.28121159552134306,0.7833414673805237,-0.04607825998724939,0.04607825998724939,0.014172016000884469,pixhawk_fused,True,0.8,0.2,gyro,-1.0,0.0,0.0,0.05803516815763674
56.18563500000164,9696.574703469,odom,navigating,,0.004159709809994819,0.0849831058469046,0.004503698027539138,1.1390878600009497,-2.981433585591572,0.5864523694333642,0.28121159552134306,0.7833414673805237,-0.04607825998724939,0.04607825998724939,0.13339634499970998,pixhawk_fused,True,0.8,0.2,gyro,-1.0,0.0,0.0,0.05803516815763674
56.1857752999058,9696.675347403,odom,navigating,,0.004159709809994819,0.0849831058469046,0.004429778709363008,1.1390878600009497,-2.981433585591572,0.5863784501151881,0.28121159552134306,0.7834224104881287,-0.046170627621426596,0.046170627621426596,0.054576005999479094,pixhawk_fused,True,0.8,0.2,gyro,-1.0,0.0,0.0,0.05803516815763674
56.185824399930425,9696.794189112,odom,navigating,,0.004159709809994819,0.0849831058469046,0.0042979838718709695,1.1390878600009497,-2.981433585591572,0.586246655277696,0.28121159552134306,0.7835683226585388,-0.046335314789279713,0.046335314789279713,0.06869015300071624,pixhawk_fused,True,0.8,0.2,gyro,-1.0,0.0,0.0,0.05803516815763674
56.50596669991501,9696.894731919,odom,navigating,,0.004159709809994819,0.0849831058469046,0.0042979838718709695,1.1390878600009497,-2.981433585591572,0.586246655277696,0.28121159552134306,0.7835683226585388,-0.046335314789279713,0.046335314789279713,0.16904231700027594,pixhawk_fused,True,0.8,0.2,gyro,-1.0,0.0,0.0,0.05803516815763674
56.506050599971786,9696.99532917,odom,navigating,,0.004631593874593658,0.0848354257852548,0.002677853893701787,1.1395632414853163,-2.981297584064549,0.5846265252995269,0.27376533685235993,0.7837547063827515,-0.04650117749949487,0.04650117749949487,0.07261272700088739,pixhawk_fused,True,0.8,0.2,gyro,-1.0,0.012864986434578896,-0.1690981388092041,0.05760035103516936
56.50608319998719,9697.116367919,odom,navigating,,0.008233411492202442,0.08359572086720085,-0.018197161727494637,1.1432535826146109,-2.980353475604783,0.5637515096783304,0.2163617545110526,0.7978431582450867,-0.058250198090873076,0.058250198090873076,0.07815246700010903,pixhawk_fused,True,0.8,0.2,gyro,-1.0,0.051053665578365326,-0.6710523962974548,0.054200804761583704
56.84577949997038,9697.233832421,odom,navigating,,0.014176835455081777,0.08103987309791064,-0.07787970267978872,1.149623507347057,-2.979221793173496,0.5040689687260363,0.11882757835040082,0.8518264889717102,-0.1084703626283029,0.1084703626283029,0.09025151500100037,pixhawk_fused,True,0.8,0.2,gyro,-1.0,0.07228973507881165,-0.9501805305480957,0.04822533640811421
56.84586489992216,9697.33440197,odom,navigating,,0.0196474217762344,0.07804610550056088,-0.09665355368757861,1.155839130652819,-2.97871584253856,0.48529511771824646,0.024825811147840424,0.8518264889717102,-0.1084703626283029,0.1084703626283029,0.19054514600065886,pixhawk_fused,True,0.8,0.2,gyro,-1.0,0.07744551450014114,-1.0179483890533447,0.04226546226139043
56.845908999908715,9697.454322582,odom,navigating,,0.026413663702597914,0.07332785448852021,-0.33632638860874586,1.1640850030538872,-2.978938352682161,0.2456222827970792,-0.0995638341818073,1.1169270277023315,-0.3769302388676027,0.3769302388676027,0.010733412998888525,pixhawk_fused,True,0.8,0.2,gyro,-1.0,0.080216184258461,-1.0543662309646606,0.0341659583970359
57.18619569996372,9697.555122793,odom,navigating,,0.03220376898452637,0.06816379180902706,-0.3597086188323427,1.1717604592643969,-2.980069827160043,0.2222400525734824,-0.2165377140816223,1.1169270277023315,-0.3769302388676027,0.3769302388676027,0.11128372299936018,pixhawk_fused,True,0.8,0.2,gyro,-1.0,0.08792156726121902,-1.1556462049484253,0.026427215312898635
57.18631129991263,9697.674864241,odom,navigating,,0.0385315950991273,0.060823026330982126,-0.47443723455281833,1.1810815547472309,-2.9827241444244583,0.10751143685300674,-0.3627245539262531,1.2256028652191162,-0.48382378366073164,0.48382378366073164,0.054240256000412046,pixhawk_fused,True,0.8,0.2,gyro,-1.0,0.0929252877831459,-1.221415400505066,0.01675291093811836
57.1863752999343,9697.794157071,odom,navigating,,0.04389284989826162,0.05232817641860106,-0.693958752350745,1.1902295290202072,-2.9868738546259164,-0.11201008094491993,-0.5142367086762484,1.460835337638855,-0.7203047348507265,0.7203047348507265,0.06578553799954534,pixhawk_fused,True,0.8,0.2,gyro,-1.0,0.09521042555570602,-1.2514513731002808,0.0069248531426427725
57.50719689996913,9697.894910339,odom,navigating,,0.04744140440058191,0.044433555092007485,-0.7199770821801788,1.1975332685188596,-2.9915184939318333,-0.13802841077435368,-0.6447603903790573,1.460835337638855,-0.7203047348507265,0.7203047348507265,0.16628205300003174,pixhawk_fused,True,0.8,0.2,gyro,-1.0,0.10035192221403122,-1.3190315961837769,0.0012092829803376347
57.50730439997278,9697.99512523,odom,navigating,,0.0500485856325191,0.03566225499939363,-0.8665842888628733,1.204532460255546,-2.9974129332032105,-0.28463561745704824,-0.7827532282925876,1.6106520891189575,-0.8690466205128053,0.8690466205128053,0.07024037700102781,pixhawk_fused,True,0.8,0.2,gyro,-1.0,0.11430936306715012,-1.5024889707565308,0.00931583107303504
57.50735629990231,9698.115707974,odom,navigating,,0.05157573812420595,0.024385158623579456,-1.088850617845004,1.212006721546491,-3.0059943384236245,-0.5069019464391789,-0.9544603910630332,1.8449158668518066,-1.1038832770832399,1.1038832770832399,0.07747881800059986,pixhawk_fused,True,0.8,0.2,gyro,-1.0,0.11277764290571213,-1.4823559522628784,0.01846625316711848
57.86525689996779,9698.234166325,odom,navigating,,0.05111716326733841,0.012688264575560278,-1.2342384350460265,1.2180528628269867,-3.0160179005093415,-0.6522897636402014,-1.131088425317511,1.984452724456787,-1.2414962378986696,1.2414962378986696,0.013618882001537713,pixhawk_fused,True,0.8,0.2,gyro,-1.0,0.1110776886343956,-1.460011601448059,0.02653352544617415
57.86536429997068,9698.354785459,odom,navigating,,0.04845661902696854,0.0007544262397356678,-1.385576654743347,1.222389731093156,-3.0274497230553075,-0.803627983337522,-1.3183138210979135,2.1256566047668457,-1.383935480023227,1.383935480023227,0.02986316500027897,pixhawk_fused,True,0.8,0.2,gyro,-1.0,0.1204790323972702,-1.6509698629379272,0.03323580635738394
57.86541399999987,9698.475288041,odom,navigating,,0.04428198121517676,-0.008571140565884016,-1.6852899834023694,1.2240280919962974,-3.037534839348974,-1.1033413119965443,-1.5565187213826503,2.447824478149414,-1.6989226420172074,1.6989226420172074,0.025937610000255518,pixhawk_fused,True,0.8,0.2,gyro,-1.0,0.1032983809709549,-2.104480266571045,0.02376314475704207
58.2060291999951,9698.597139442,odom,navigating,,0.03881030248750626,-0.01522886807938073,-1.741700754493638,1.2231165282444512,-3.046104183271885,-1.159752083087813,-1.8434908001289685,2.447824478149414,-1.6989226420172074,1.6989226420172074,0.14807968900095148,pixhawk_fused,True,0.8,0.2,gyro,-1.0,0.08802631497383118,-2.3748586177825928,0.015184345481116024
58.206138099892996,,mission_status,navigating,"retrying waypoint 4, distance 0.05 m",0.03881030248750626,-0.01522886807938073,-1.741700754493638,,,,,,,,,,,,,,,,,
58.206163199967705,9698.714860367,odom,navigating,,0.03211904799910569,-0.019724517953897854,-1.968332920974112,1.219997747049444,-3.0535376856954035,-1.386384249568287,-2.1347124653961873,2.6600375175476074,-1.9103355963476518,1.9103355963476518,0.08830060100081027,pixhawk_fused,True,0.8,0.2,gyro,-1.0,0.06663469970226288,-2.2906856536865234,0.007717184535960104
58.20622589997947,9698.815073594,odom,navigating,,0.026489175110857324,-0.02179246367729332,-2.3847566864340037,1.2164312421729666,-3.0583597092559853,-1.8028080150281787,-2.3062365615728857,3.134683847427368,-2.3859026627786974,2.3859026627786974,0.07559390099959273,pixhawk_fused,True,0.8,0.2,gyro,-1.0,0.05866555869579315,-1.5086809396743774,0.0028564506004931166
58.52608280000277,9698.916289038,odom,navigating,,0.021395955945315164,-0.022931272348810466,-2.4008562273779708,1.2128023512749189,-3.0621105648262033,-1.8189075559721457,-2.387634487473132,3.134683847427368,-2.3859026627786974,2.3859026627786974,0.17640639199998986,pixhawk_fused,True,0.8,0.2,gyro,-1.0,0.04888206347823143,-0.6425086855888367,0.0009338615575170128
58.526272199931554,9699.017404595,odom,navigating,,0.019006624012255148,-0.023311293915103743,-2.5995485044673003,1.211015199710332,-3.063741335430054,-2.0175998330614755,-2.4240954366940417,-2.9189517498016357,-2.6248279983051637,2.6248279983051637,0.08813369699964824,pixhawk_fused,True,0.8,0.2,gyro,-1.0,0.01693706400692463,-0.22262175381183624,0.002584076631794816
58.52633609995246,9699.134860434,odom,navigating,,0.01704212653146762,-0.023555625120565103,-2.628573097488446,1.2095083693360014,-3.0650252397539726,-2.046624426082621,-2.453926333141801,-2.8906943798065186,-2.6536511772223332,2.6536511772223332,0.08999683799993363,pixhawk_fused,True,0.8,0.2,gyro,-1.0,0.005084215197712183,-0.06682722270488739,0.003884380935505184
58.887733299983665,9699.255330555,odom,navigating,,0.01699687936566957,-0.023560455526570753,-2.6489428096503973,1.2094732252105167,-3.0650541452773004,-2.0669941382445725,-2.454612988753017,-2.8647091388702393,-2.678939226473174,2.678939226473174,0.03224290599973756,pixhawk_fused,True,0.8,0.2,gyro,-1.0,0.0,0.0,0.003913669021183896
58.887833099928685,9699.375267671,odom,navigating,,0.01699687936566957,-0.023560455526570753,-2.6512753497113914,1.2094732252105167,-3.0650541452773004,-2.0693266783055666,-2.454612988753017,-2.864164352416992,-2.6818547816932714,2.6818547816932714,0.02547299199977715,pixhawk_fused,True,0.8,0.2,gyro,-1.0,0.0,0.0,0.003913669021183896
58.887880499940366,9699.495990713,odom,navigating,,0.01699687936566957,-0.023560455526570753,-2.6510572608783702,1.2094732252105167,-3.0650541452773004,-2.0691085894725454,-2.454612988753017,-2.864421844482422,-2.681582180744461,2.681582180744461,0.08646327600035875,pixhawk_fused,True,0.8,0.2,gyro,-1.0,0.0,0.0,0.003913669021183896
59.22583879996091,9699.615519153,odom,navigating,,0.01699687936566957,-0.023560455526570753,-2.6510786283927006,1.2094732252105167,-3.0650541452773004,-2.0691299569868757,-2.454612988753017,-2.8644423484802246,-2.68160888913875,2.68160888913875,0.09312887799933378,pixhawk_fused,True,0.8,0.2,gyro,-1.0,0.0,0.0,0.003913669021183896
59.22594629996456,9699.715553127,odom,navigating,,0.01699687936566957,-0.023560455526570753,-2.6512465130287666,1.2094732252105167,-3.0650541452773004,-2.0692978416229417,-2.454612988753017,-2.864234685897827,-2.68181873716177,2.68181873716177,0.07536688899926958,pixhawk_fused,True,0.8,0.2,gyro,-1.0,0.0,0.0,0.003913669021183896
59.22600399993826,9699.83385867,odom,navigating,,0.01699687936566957,-0.023560455526570753,-2.6513314615201073,1.2094732252105167,-3.0650541452773004,-2.0693827901142825,-2.454612988753017,-2.864053964614868,-2.6819249188932175,2.6819249188932175,0.09094220699989819,pixhawk_fused,True,0.8,0.2,gyro,-1.0,0.0,0.0,0.003913669021183896
59.54678229999263,9699.935278297,odom,navigating,,0.01699687936566957,-0.023560455526570753,-2.6513314615201073,1.2094732252105167,-3.0650541452773004,-2.0693827901142825,-2.454612988753017,-2.864053964614868,-2.6819249188932175,2.6819249188932175,0.19211126499976672,pixhawk_fused,True,0.8,0.2,gyro,-1.0,0.0,0.0,0.003913669021183896
59.5468855999643,9700.054445171,odom,navigating,,0.01699687936566957,-0.023560455526570753,-2.6514232789325707,1.2094732252105167,-3.0650541452773004,-2.069474607526746,-2.454612988753017,-2.863804340362549,-2.6820396864995875,2.6820396864995875,0.11403912500099977,pixhawk_fused,True,0.8,0.2,gyro,-1.0,0.0,0.0,0.003913669021183896
59.54693179996684,9700.15511602,odom,navigating,,0.016862751716316383,-0.023574763943478565,-2.6510322684148955,1.2093690405544941,-3.065139822080257,-2.0690835970090706,-2.452575930166314,-2.8637449741363525,-2.6820601198370153,2.6820601198370153,0.033579912000277545,pixhawk_fused,True,0.8,0.2,gyro,-1.0,0.0025724826846271753,0.033812861889600754,0.004000479929907367
59.8876573999878,9700.275342335,odom,navigating,,0.01592680671416099,-0.023680845737624426,-2.6477946377721446,1.20864546668098,-3.0657428869554377,-2.06584596636632,-2.437027239975309,-2.863891124725342,-2.6819000345202677,2.6819000345202677,0.04432376999830012,pixhawk_fused,True,0.8,0.2,gyro,-1.0,0.015387967228889465,0.2022603452205658,0.004611420814057863
59.88775919994805,9700.395840829,odom,navigating,,0.014325086263111464,-0.023894776658094023,-2.642938321888285,1.2074249881456578,-3.0668019936482978,-2.06098965048246,-2.4126741682927,-2.863848924636841,-2.6819177969838077,2.6819177969838077,0.014568618998964666,pixhawk_fused,True,0.8,0.2,gyro,-1.0,0.012855987064540386,0.16897985339164734,0.005683809754785557
59.88780929998029,9700.495881971,odom,navigating,,0.012466971949628647,-0.024191180555418444,-2.609682772192972,1.2060356514452848,-3.06807092532704,-2.027734100787147,-2.3843157571769105,-2.896594524383545,-2.6474380382443363,2.6474380382443363,0.07209948600029747,pixhawk_fused,True,0.8,0.2,gyro,-1.0,0.027975624427199364,0.36771324276924133,0.00696785755033554
60.227020199992694,9700.614720856,odom,navigating,,0.009425319017655281,-0.02479120914773128,-2.5693415161747546,1.2038244828874245,-3.0702440384117424,-1.9873928447689295,-2.3375857168323386,-2.9363901615142822,-2.608693865492433,2.608693865492433,0.08551624400024593,pixhawk_fused,True,0.8,0.2,gyro,-1.0,0.03086979314684868,0.40575435757637024,0.009165019180000119
60.22711929993238,9700.717535044,odom,navigating,,0.006240076536979149,-0.02557655793181755,-2.528758219103156,1.2015952223833086,-3.0726508911239288,-1.9468095476973308,-2.2881395397700177,-2.9741697311401367,-2.5703258760119376,2.5703258760119376,0.07396670100024494,pixhawk_fused,True,0.8,0.2,gyro,-1.0,0.044571951031684875,0.5858563184738159,0.01159610429289234
60.22716699994635,9700.834408902,odom,navigating,,0.0025557537367768175,-0.026709374922129932,-2.479541890604678,1.1991400205044054,-3.075622337331327,-1.8975932191988527,-2.225982925460681,-3.0216712951660156,-2.524343172028154,2.524343172028154,0.01341518399931374,pixhawk_fused,True,0.8,0.2,gyro,-1.0,0.0385756716132164,0.5070408582687378,0.014594219747680463
60.566788199939765,9700.954434073,odom,navigating,,-0.001228530032041297,-0.02813164326376224,-2.417948101707322,1.1967604096883049,-3.078890533047995,-1.835999430301497,-2.1636889529971275,-3.0824084281921387,-2.4629243137384353,2.4629243137384353,0.0888721280007303,pixhawk_fused,True,0.8,0.2,gyro,-1.0,0.039137061685323715,0.5144198536872864,0.017888240404753175
60.5668902999023,9701.055182329,odom,navigating,,-0.004668979153201575,-0.029662396749683947,-2.374699696436439,1.194727665152136,-3.0820603668039874,-1.7927510250306138,-2.10693388998607,-3.122022867202759,-2.4230494024301468,2.4230494024301468,0.03442568900027254,pixhawk_fused,True,0.8,0.2,gyro,-1.0,0.0437190942466259,0.5746463537216187,0.021080112102904842
60.56692769995425,9701.175029524,odom,navigating,,-0.008843127664649291,-0.03184726526913765,-2.2738649517192737,1.1924415293916886,-3.0861799237616863,-1.6919162803134487,-2.035911784466111,3.0518712997436523,-2.3147663940335215,2.3147663940335215,0.049435151000579935,pixhawk_fused,True,0.8,0.2,gyro,-1.0,0.05402754247188568,0.7101411819458008,0.02522442098010937
60.885692399926484,9701.275240739,odom,navigating,,-0.012176070165249929,-0.03387765781069827,-2.216173076041447,1.1907732231981933,-3.089708061234898,-1.6342244046356218,-1.9770892251324783,2.9947316646575928,-2.2573571245814263,2.2573571245814263,0.03588978399966436,pixhawk_fused,True,0.8,0.2,gyro,-1.0,0.04869943484663963,0.6401082277297974,0.028770589949949268
60.88577209995128,9701.375284421,odom,navigating,,-0.015311572520832168,-0.03604816358638847,-2.204688371152542,1.1893468707916885,-3.0932447247977244,-1.622739699746717,-1.919616979900533,2.9947316646575928,-2.2573571245814263,2.2573571245814263,0.1359212440002011,pixhawk_fused,True,0.8,0.2,gyro,-1.0,0.046152401715517044,0.6066298484802246,0.03232263880747632
60.885827599908225,9701.496160686,odom,navigating,,-0.018725830262070035,-0.03874221803115853,-2.1198246169151274,1.1879754180841657,-3.097371976031417,-1.5378759455093023,-1.8500063437440155,2.9051105976104736,-2.168686779990286,2.168686779990286,0.06590496699936921,pixhawk_fused,True,0.8,0.2,gyro,-1.0,0.03331275284290314,0.5726311206817627,0.036464639715452024
61.225494299898855,9701.614891946,odom,navigating,,-0.021031181725847323,-0.04087568735866213,-2.0424672551031047,1.1872222108504058,-3.1004214047657785,-1.4605185836972796,-1.7660983346716412,2.829960346221924,-2.0929646123791636,2.0929646123791636,0.0753555219998816,pixhawk_fused,True,0.8,0.2,gyro,-1.0,0.04100596532225609,0.8084772229194641,0.03952212223331112
61.22562029992696,9701.715481115,odom,navigating,,-0.02282751145597796,-0.04281758677891517,-2.028579149817123,1.1867889399305993,-3.1030310120480684,-1.4466304784112978,-1.696449501908237,2.829960346221924,-2.0929646123791636,2.0929646123791636,0.17546146200038493,pixhawk_fused,True,0.8,0.2,gyro,-1.0,0.04613861069083214,0.8085981011390686,0.0421363111863337
61.225697799935006,9701.834286318,odom,navigating,,-0.024828932514740696,-0.04530860121197556,-1.9094481643815697,1.1864861597725778,-3.106212075287943,-1.3274994929757447,-1.621231329275695,2.6990807056427,-1.9629014613176288,1.9629014613176288,0.0052559510004357435,pixhawk_fused,True,0.8,0.2,gyro,-1.0,0.0307539664208889,0.6737377047538757,0.04532049505469476
61.547831299947575,9701.934493199,odom,navigating,,-0.0261301352344678,-0.04718844192910952,-1.834880319589714,1.1864324038173244,-3.1084976911648776,-1.252931648183889,-1.5434571983740284,2.6248531341552734,-1.8891331641221942,1.8891331641221942,0.055345808001220576,pixhawk_fused,True,0.8,0.2,gyro,-1.0,0.017948156222701073,0.7077818512916565,0.04760656208992637
61.547932599904016,9702.05429686,odom,navigating,,-0.02736370280222168,-0.04937938641265667,-1.7695916978289188,1.186606148887398,-3.1110060251388183,-1.1876430264230937,-1.4460451777271637,2.5648539066314697,-1.8318438641572894,1.8318438641572894,0.028851023998868186,pixhawk_fused,True,0.8,0.2,gyro,-1.0,0.025878790766000748,0.816365659236908,0.05011284625125339
61.547982699936256,9702.155123635,odom,navigating,,-0.028007458889937872,-0.05081407592062451,-1.6238967952668846,1.1868569406941112,-3.1125583973088955,-1.0419481238610595,-1.3573687025946275,2.4039618968963623,-1.6719374459529819,1.6719374459529819,0.016280949999782024,pixhawk_fused,True,0.8,0.2,gyro,-1.0,0.010330215096473694,0.8146857619285583,0.05166238327850264
61.90786349994596,9702.274871152,odom,navigating,,-0.028694540627283376,-0.05285204027927767,-1.5244209682053438,1.18740313031296,-3.114638555221458,-0.9424722967995187,-1.2356798896817196,2.309896469116211,-1.578005007102579,1.578005007102579,0.027425188000052003,pixhawk_fused,True,0.8,0.2,gyro,-1.0,0.017942791804671288,1.0444391965866089,0.05373644440763951
61.90796409989707,9702.395830806,odom,navigating,,-0.028955295010162307,-0.05417205638566065,-1.499438069653551,1.1879108485518404,-3.1158846120256243,-0.9174893982477259,-1.1100160418723704,2.309896469116211,-1.578005007102579,1.578005007102579,0.14786120700046013,pixhawk_fused,True,0.8,0.2,gyro,-1.0,0.012706773355603218,1.0355149507522583,0.05497687496865274
61.90801479993388,9702.515113371,odom,navigating,,-0.029034079064219103,-0.05529192767336139,-1.3122153569088413,1.1884605733785782,-3.1168634487040636,-0.7302666855030162,-0.982017744718194,2.1095476150512695,-1.376120789840311,1.376120789840311,0.07606606199988164,pixhawk_fused,True,0.8,0.2,gyro,-1.0,0.012856629677116871,1.1153227090835571,0.05594964205040481
62.247222299920395,9702.616390193,odom,navigating,,-0.02901825415107432,-0.05587661850862885,-1.2917537441793399,1.188795170407601,-3.1173431972099404,-0.7098050727735148,-0.8787538673475648,2.1095476150512695,-1.376120789840311,1.376120789840311,0.17714222200083896,pixhawk_fused,True,0.8,0.2,gyro,-1.0,-0.007230858784168959,0.7920237183570862,0.05642570315592464
62.24732859991491,9702.734528414,odom,navigating,,-0.028890767519231208,-0.05676603281605222,-1.104456104068979,1.1893905410067878,-3.1180161344292796,-0.522507432663154,-0.74729944059372,1.9072966575622559,-1.175049981489271,1.175049981489271,0.01110994200098503,pixhawk_fused,True,0.8,0.2,gyro,-1.0,0.0,1.014030933380127,0.05709208994411693
62.24738009995781,9702.854802844,odom,navigating,,-0.028698751331631845,-0.057367825228865285,-0.9953537519799041,1.1898817269499522,-3.118413325433278,-0.413405080574079,-0.6132356937342394,1.8038612604141235,-1.072119221105665,1.072119221105665,0.015799405999132432,pixhawk_fused,True,0.8,0.2,gyro,-1.0,0.015658002346754074,1.2348580360412598,0.057483886230636
62.56587829999626,9702.955208278,odom,navigating,,-0.028604919731990613,-0.05757120288210242,-0.8711006900976387,1.1900719003390392,-3.1185316509208563,-0.2891520186918136,-0.5017779084295128,1.6778839826583862,-0.9447053733015954,0.9447053733015954,0.035607755000455654,pixhawk_fused,True,0.8,0.2,gyro,-1.0,0.007689382415264845,1.1791468858718872,0.05760012515500274
62.565990199916996,9703.074461399,odom,navigating,,-0.028439094246796,-0.057833898008545916,-0.6875414148309419,1.190354820946861,-3.1186599581718863,-0.10559274342511682,-0.3631746990469103,1.4819239377975464,-0.7499975191498696,0.7499975191498696,0.041187661001458764,pixhawk_fused,True,0.8,0.2,gyro,-1.0,0.007720018271356821,1.2511098384857178,0.057725331082998405
62.56604399997741,9703.175107977,odom,navigating,,-0.02843420669341834,-0.05782665879998357,-0.5789686402672307,1.1903549249235637,-3.1186512241288664,0.0029800311385943523,-0.25095391106755627,1.3731138706207275,-0.6423315990115105,0.6423315990115105,0.03290996699979587,pixhawk_fused,True,0.8,0.2,gyro,-1.0,0.0025651687756180763,1.111739993095398,0.05771659642519453
62.90809739998076,9703.275197625,odom,navigating,,-0.028717119311520226,-0.0575444279088071,-0.5573815481569176,1.1899634526382095,-3.1185709541144457,0.02456712324890742,-0.1420061631609369,1.3731138706207275,-0.6423315990115105,0.6423315990115105,0.13295602300058817,pixhawk_fused,True,0.8,0.2,gyro,-1.0,-0.010254554450511932,0.876112163066864,0.05764061184195224
62.90819719992578,9703.395491372,odom,navigating,,-0.029105968408329096,-0.057241036469003484,-0.44463983324109185,1.1894718507882347,-3.118531235014046,0.13730883816473322,-0.019562006278072922,1.2624629735946655,-0.5319683326626716,0.5319683326626716,0.0524380819988437,pixhawk_fused,True,0.8,0.2,gyro,-1.0,0.0,1.010546326637268,0.05760627063516724
62.908249699976295,9703.515659788,odom,navigating,,-0.029714090398253033,-0.05685436041671222,-0.27056072833703737,1.1887512922390964,-3.1185424644979287,0.3113879430687877,0.07237219682024576,1.0683115720748901,-0.3376284397984443,0.3376284397984443,0.07256949899965548,pixhawk_fused,True,0.8,0.2,gyro,-1.0,0.012861771509051323,0.9805240035057068,0.05762537853959943
63.227595099946484,9703.633986211,odom,navigating,,-0.03030808842770791,-0.05653323523184219,-0.20429196112607606,1.1880785629731623,-3.118600691451394,0.377656710279749,0.12711310038502835,1.0008636713027954,-0.26849740619906765,0.26849740619906765,0.013849304001269047,pixhawk_fused,True,0.8,0.2,gyro,-1.0,-0.0025941417552530766,0.44326815009117126,0.05769095810495527
63.2277000999311,9703.734816064,odom,navigating,,-0.030673060115568918,-0.05635831884609099,-0.13680303724445586,1.187677524831167,-3.118655175243566,0.4451456341613692,0.1602551973044643,0.9241302609443665,-0.1924606605912147,0.1924606605912147,0.0072340890001214575,pixhawk_fused,True,0.8,0.2,gyro,-1.0,0.0025723534636199474,0.30423295497894287,0.057749823871742045
63.22776029992383,9703.834862527,odom,navigating,,-0.030714968998283382,-0.05634294210811432,-0.1315430849306649,1.187634062569473,-3.1186653649604223,0.45040558647516016,0.18663764308304925,0.9241302609443665,-0.1924606605912147,0.1924606605912147,0.10716220399990561,pixhawk_fused,True,0.8,0.2,gyro,-1.0,-0.0025638947263360023,0.1684999018907547,0.05776048822621371
63.58899839990772,9703.955472156,odom,navigating,,-0.030965160225371442,-0.056244790990343525,-0.10244964396821088,1.1873711054885538,-3.11872088851962,0.4794990274376142,0.21638463901629565,0.8937863707542419,-0.163529810562223,0.163529810562223,0.03180801199960115,pixhawk_fused,True,0.8,0.2,gyro,-1.0,-0.007689385209232569,0.23582935333251953,0.05781888382281865
63.58911369997077,9704.075552445,odom,navigating,,-0.03176470208432601,-0.05594550084174756,-0.0688583179907668,1.1865386680073995,-3.1189103340717885,0.5130903534150583,0.23329138326624896,0.8554202318191528,-0.125784679695457,0.125784679695457,0.03582725100022799,pixhawk_fused,True,0.8,0.2,gyro,-1.0,-0.0052158948965370655,0.06855802983045578,0.058017420503389226
63.58916659990791,9704.195952061,odom,navigating,,-0.03201785155094835,-0.05585411583682742,-0.06805039577280758,1.1862769586469115,-3.11897313600017,0.5138982756330175,0.2373425912384717,0.8554202318191528,-0.125784679695457,0.125784679695457,0.15599005700096313,pixhawk_fused,True,0.8,0.2,gyro,-1.0,-0.0025816468987613916,0.03393331915140152,0.058083080390587016
63.92719469999429,9704.297745504,odom,navigating,,-0.03201785155094835,-0.05585411583682742,-0.06234268423363587,1.1862769586469115,-3.11897313600017,0.5196059871721892,0.2373425912384717,0.8488420248031616,-0.1186550008202491,0.1186550008202491,0.07735053599935782,pixhawk_fused,True,0.8,0.2,gyro,-1.0,0.0,0.0,0.058083080390587016
63.92727409990039,9704.415844398,odom,navigating,,-0.03201785155094835,-0.05585411583682742,-0.06098979904189461,1.1862769586469115,-3.11897313600017,0.5209588723639305,0.2373425912384717,0.8468247056007385,-0.11696497534164765,0.11696497534164765,0.015516691999437171,pixhawk_fused,True,0.8,0.2,gyro,-1.0,0.0,0.0,0.058083080390587016
63.92731899989303,9704.534673885,odom,navigating,,-0.03201785155094835,-0.05585411583682742,-0.061021335103312424,1.1862769586469115,-3.11897313600017,0.5209273363025126,0.2373425912384717,0.8468596339225769,-0.11700437062183001,0.11700437062183001,0.08484521100035636,pixhawk_fused,True,0.8,0.2,gyro,-1.0,0.0,0.0,0.058083080390587016
64.26638939999975,9704.654843471,odom,navigating,,-0.03206004845870105,-0.055838798519510346,-0.05927888543138771,1.1862332884318123,-3.1189835336704315,0.5226697859744374,0.2461164089041772,0.8469001650810242,-0.11701374404547342,0.11701374404547342,0.027301006999550737,pixhawk_fused,True,0.8,0.2,gyro,-1.0,0.002562490524724126,0.16840760409832,0.058093954959939395
64.26652319997083,9704.755772971,odom,navigating,,-0.03197550836111141,-0.05586977833027751,-0.028175278902471623,1.1863209407921187,-3.1189629462833133,0.5537733925033534,0.2852780640237212,0.8142082691192627,-0.0879164800536407,0.0879164800536407,0.016724756000257912,pixhawk_fused,True,0.8,0.2,gyro,-1.0,-0.00254286197014153,0.4343670606613159,0.05807241035134483
64.2666109999409,9704.874270578,odom,navigating,,-0.03284282977047158,-0.05563566973914307,-0.019810407565096,1.1854677079704408,-3.11924409928719,0.5621382638407291,0.3273083947844061,0.8142082691192627,-0.0879164800536407,0.0879164800536407,0.13576959000056377,pixhawk_fused,True,0.8,0.2,gyro,-1.0,-0.010317269712686539,0.13561080396175385,0.05836287639165617
64.58755669998936,9704.975085803,odom,navigating,,-0.03292876006282448,-0.05561323453385646,0.03870349363952896,1.1853835908180235,-3.1192725889037076,0.620652165045354,0.32865120001556314,0.7547197937965393,-0.015181450490332931,0.015181450490332931,0.04314328300097259,pixhawk_fused,True,0.8,0.2,gyro,-1.0,0.0,0.0,0.05839228410077084
64.58766289998312,,mission_status,reached,reached waypoint 4/4,-0.03292876006282448,-0.05561323453385646,0.03870349363952896,,,,,,,,,,,,,,,,,
64.58768689993303,9705.095413941,odom,reached,,-0.03292876006282448,-0.05561323453385646,0.03632692085501932,1.1853835908180235,-3.1192725889037076,0.6182755922608444,0.32865120001556314,0.7562437653541565,-0.018150612133048267,0.018150612133048267,0.04919491900000139,pixhawk_fused,True,0.8,0.2,gyro,-1.0,0.0,0.0,0.05839228410077084
64.58773469994776,9705.195549183,odom,reached,,-0.03292876006282448,-0.05561323453385646,0.03632692085501932,1.1853835908180235,-3.1192725889037076,0.6182755922608444,0.32865120001556314,0.7562437653541565,-0.018150612133048267,0.018150612133048267,0.14976827999998932,pixhawk_fused,True,0.8,0.2,gyro,-1.0,0.0,0.0,0.05839228410077084
64.90848999994341,,mission_status,done,mission complete,-0.03292876006282448,-0.05561323453385646,0.03632692085501932,,,,,,,,,,,,,,,,,
64.90855900000315,9705.296190841,odom,done,,-0.03292876006282448,-0.05561323453385646,0.03590740708051199,1.1853835908180235,-3.1192725889037076,0.6178560784863371,0.32865120001556314,0.7562525272369385,-0.01867471963954696,0.01867471963954696,0.07140039899968542,pixhawk_fused,True,0.8,0.2,gyro,-1.0,0.0,0.0,0.05839228410077084
64.90862729994114,9705.414916852,odom,done,,-0.03292876006282448,-0.05561323453385646,0.03593757573747203,1.1853835908180235,-3.1192725889037076,0.6178862471432971,0.32865120001556314,0.7562923431396484,-0.018637029397725848,0.018637029397725848,0.06340593899949454,pixhawk_fused,True,0.8,0.2,gyro,-1.0,0.0,0.0,0.05839228410077084
64.9086705999216,9705.51536468,odom,done,,-0.03292876006282448,-0.05561323453385646,0.035821553183431276,1.1853835908180235,-3.1192725889037076,0.6177702245892563,0.32865120001556314,0.7563814520835876,-0.018781978357076436,0.018781978357076436,0.09803562600063742,pixhawk_fused,True,0.8,0.2,gyro,-1.0,0.0,0.0,0.05839228410077084
66.02563289995305,9705.615662364,odom,done,,-0.03292876006282448,-0.05561323453385646,0.035793042772758965,1.1853835908180235,-3.1192725889037076,0.617741714178584,0.32865120001556314,0.7564017176628113,-0.01881759686344841,0.01881759686344841,0.09328819999973348,pixhawk_fused,True,0.8,0.2,gyro,-1.0,0.0,0.0,0.05839228410077084
66.02574409998488,9705.734324581,odom,done,,-0.03292876006282448,-0.05561323453385646,0.03566798868535759,1.1853835908180235,-3.1192725889037076,0.6176166600911827,0.32865120001556314,0.756555438041687,-0.01897382873804846,0.01897382873804846,0.09541161299966916,pixhawk_fused,True,0.8,0.2,gyro,-1.0,0.0,0.0,0.05839228410077084
66.02579699992202,9705.834553655,odom,done,,-0.03292876006282448,-0.05561323453385646,0.0356049917261152,1.1853835908180235,-3.1192725889037076,0.6175536631319403,0.32865120001556314,0.7566388249397278,-0.019052531641401138,0.019052531641401138,0.013020417000007,pixhawk_fused,True,0.8,0.2,gyro,-1.0,0.0,0.0,0.05839228410077084
66.02585320000071,9705.955096957,odom,done,,-0.03292876006282448,-0.05561323453385646,0.03549157245317247,1.1853835908180235,-3.1192725889037076,0.6174402438589975,0.32865120001556314,0.7567708492279053,-0.019194227603688625,0.019194227603688625,0.0151146999996854,pixhawk_fused,True,0.8,0.2,gyro,-1.0,0.0,0.0,0.05839228410077084
66.02590119990055,9706.074359159,odom,done,,-0.03292876006282448,-0.05561323453385646,0.03549157245317247,1.1853835908180235,-3.1192725889037076,0.6174402438589975,0.32865120001556314,0.7567708492279053,-0.019194227603688625,0.019194227603688625,0.1346528779995424,pixhawk_fused,True,0.8,0.2,gyro,-1.0,0.0,0.0,0.05839228410077084
66.02594339998905,9706.174824358,odom,done,,-0.03292876006282448,-0.05561323453385646,0.0354531815164828,1.1853835908180235,-3.1192725889037076,0.6174018529223079,0.32865120001556314,0.7568233013153076,-0.019242189776576844,0.019242189776576844,0.053799830999196274,pixhawk_fused,True,0.8,0.2,gyro,-1.0,0.0,0.0,0.05839228410077084
66.02598459995352,9706.275243393,odom,done,,-0.03292876006282448,-0.05561323453385646,0.035332236864762834,1.1853835908180235,-3.1192725889037076,0.6172809082705879,0.32865120001556314,0.756949782371521,-0.01939328694013485,0.01939328694013485,0.043451149000247824,pixhawk_fused,True,0.8,0.2,gyro,-1.0,0.0,0.0,0.05839228410077084
66.02602669992484,9706.397923481,odom,done,,-0.03292876006282448,-0.05561323453385646,0.035332236864762834,1.1853835908180235,-3.1192725889037076,0.6172809082705879,0.32865120001556314,0.756949782371521,-0.01939328694013485,0.01939328694013485,0.1659467030003725,pixhawk_fused,True,0.8,0.2,gyro,-1.0,0.0,0.0,0.05839228410077084
66.02606779988855,9706.515165751,odom,done,,-0.03292876006282448,-0.05561323453385646,0.0352328693004933,1.1853835908180235,-3.1192725889037076,0.6171815407063184,0.32865120001556314,0.7570731043815613,-0.01951742747095951,0.01951742747095951,0.08963932500046212,pixhawk_fused,True,0.8,0.2,gyro,-1.0,0.0,0.0,0.05839228410077084
66.02610739995725,9706.633696695,odom,done,,-0.03292876006282448,-0.05561323453385646,0.035144391362857186,1.1853835908180235,-3.1192725889037076,0.6170930627686823,0.32865120001556314,0.7571817636489868,-0.019627963371999353,0.019627963371999353,0.10382297400064999,pixhawk_fused,True,0.8,0.2,gyro,-1.0,0.0,0.0,0.05839228410077084
