local_t,bridge_t,event_type,mission_state,event_message,x_m,y_m,yaw_rad,raw_x_m,raw_y_m,raw_yaw_rad,encoder_yaw_rad,pixhawk_yaw_rad,pixhawk_yaw_ros_rad,pixhawk_gyro_yaw_rad,pixhawk_age_s,yaw_source,use_pixhawk_yaw,pixhawk_weight,encoder_weight,pixhawk_yaw_mode,pixhawk_yaw_sign,linear_x_mps,angular_z_radps,nearest_path_error_m
1.0585669999709353,10172.984560814,odom,idle,,0.02205803122291108,-0.026950181305331715,0.0013131950630264067,1.2991035343308248,-3.2688647027728965,0.31681458607453256,0.018467871563659116,0.853466272354126,0.01465643274322553,-0.01465643274322553,0.009059345000423491,pixhawk_fused,True,0.8,0.2,gyro,-1.0,0.0,0.0,0.003896937277804971
1.0587013999465853,10173.103782828,odom,idle,,0.02205803122291108,-0.026950181305331715,0.0011733042925037296,1.2991035343308248,-3.2688647027728965,0.3166746953040099,0.018467871563659116,0.8535546660423279,0.014481617495458857,-0.014481617495458857,0.015698045999670285,pixhawk_fused,True,0.8,0.2,gyro,-1.0,0.0,0.0,0.003896937277804971
1.0587544000009075,10173.203895299,odom,idle,,0.02205803122291108,-0.026950181305331715,0.001095391155695069,1.2991035343308248,-3.2688647027728965,0.3165967821672012,0.018467871563659116,0.8536102771759033,0.014384253036272065,-0.014384253036272065,0.0065086480008176295,pixhawk_fused,True,0.8,0.2,gyro,-1.0,0.0,0.0,0.003896937277804971
1.0587983999866992,10173.323972466,odom,idle,,0.02205803122291108,-0.026950181305331715,0.001095391155695069,1.2991035343308248,-3.2688647027728965,0.3165967821672012,0.018467871563659116,0.8536102771759033,0.014384253036272065,-0.014384253036272065,0.12666001800062077,pixhawk_fused,True,0.8,0.2,gyro,-1.0,0.0,0.0,0.003896937277804971
1.0588411999633536,10173.445286501,odom,idle,,0.02205803122291108,-0.026950181305331715,0.0009660767088590094,1.2991035343308248,-3.2688647027728965,0.31646746772036516,0.018467871563659116,0.8536861538887024,0.014222654897760884,-0.014222654897760884,0.0561457240000891,pixhawk_fused,True,0.8,0.2,gyro,-1.0,0.0,0.0,0.003896937277804971
1.0588811000343412,10173.562967449,odom,idle,,0.02205803122291108,-0.026950181305331715,0.0009660767088590094,1.2991035343308248,-3.2688647027728965,0.31646746772036516,0.018467871563659116,0.8536861538887024,0.014222654897760884,-0.014222654897760884,0.17430579400024726,pixhawk_fused,True,0.8,0.2,gyro,-1.0,0.0,0.0,0.003896937277804971
1.0589214999927208,10173.663787279,odom,idle,,0.02205803122291108,-0.026950181305331715,0.0009290421782212066,1.2991035343308248,-3.2688647027728965,0.31643043318972736,0.018467871563659116,0.8536862134933472,0.014176374638494388,-0.014176374638494388,0.09600652300105139,pixhawk_fused,True,0.8,0.2,gyro,-1.0,0.0,0.0,0.003896937277804971
1.058967599994503,10173.782881093,odom,idle,,0.02205803122291108,-0.026950181305331715,0.0008593167756196785,1.2991035343308248,-3.2688647027728965,0.3163607077871258,0.018467871563659116,0.8537291884422302,0.01408924222741677,-0.01408924222741677,0.10944201500024064,pixhawk_fused,True,0.8,0.2,gyro,-1.0,0.0,0.0,0.003896937277804971
1.0590095999650657,10173.883475334,odom,idle,,0.02205803122291108,-0.026950181305331715,0.0006913273823487276,1.2991035343308248,-3.2688647027728965,0.3161927183938549,0.018467871563659116,0.8538391590118408,0.01387931438912107,-0.01387931438912107,0.013363938000111375,pixhawk_fused,True,0.8,0.2,gyro,-1.0,0.0,0.0,0.003896937277804971
1.0590468000154942,10174.003496483,odom,idle,,0.02205803122291108,-0.026950181305331715,0.0005931126671255282,1.2991035343308248,-3.2688647027728965,0.3160945036786317,0.018467871563659116,0.8538832664489746,0.013756580600556269,-0.013756580600556269,0.015135278001253027,pixhawk_fused,True,0.8,0.2,gyro,-1.0,0.0,0.0,0.003896937277804971
1.91796789993532,10174.10359814,odom,idle,,0.0,0.0,-4.657703563887283e-05,1.2991035343308248,-3.2688647027728965,0.3160479266429928,0.018467871563659116,0.853902280330658,0.013698359306011631,-0.013698359306011631,0.011630967001110548,pixhawk_fused,True,0.8,0.2,gyro,-1.0,0.0,0.0,0.0
1.9180283999303356,10174.203947867,odom,idle,,0.0,0.0,-4.657703563887283e-05,1.2991035343308248,-3.2688647027728965,0.3160479266429928,0.018467871563659116,0.853902280330658,0.013698359306011631,-0.013698359306011631,0.11178273500081559,pixhawk_fused,True,0.8,0.2,gyro,-1.0,0.0,0.0,0.0
1.9180570000316948,10174.323930241,odom,idle,,0.0,0.0,-0.000128521087832012,1.2991035343308248,-3.2688647027728965,0.31596598259079967,0.018467871563659116,0.853969156742096,0.013595929240849151,-0.013595929240849151,0.03149646099882375,pixhawk_fused,True,0.8,0.2,gyro,-1.0,0.0,0.0,0.0
1.9180815999861807,10174.443342142,odom,idle,,0.0,0.0,-0.00023337758819247378,1.2991035343308248,-3.2688647027728965,0.3158611260904392,0.018467871563659116,0.8540101051330566,0.013464858615812196,-0.013464858615812196,0.04999253399910231,pixhawk_fused,True,0.8,0.2,gyro,-1.0,0.0,0.0,0.0
1.9181047999300063,10174.544151862,odom,idle,,0.0,0.0,-0.00023337758819247378,1.2991035343308248,-3.2688647027728965,0.3158611260904392,0.018467871563659116,0.8540101051330566,0.013464858615812196,-0.013464858615812196,0.15063881199967,pixhawk_fused,True,0.8,0.2,gyro,-1.0,0.0,0.0,0.0
1.9181268999818712,10174.663262435,odom,idle,,0.0,0.0,-0.00029695987485228725,1.2991035343308248,-3.2688647027728965,0.3157975438037794,0.018467871563659116,0.8540520668029785,0.013385380758013859,-0.013385380758013859,0.09392707799997879,pixhawk_fused,True,0.8,0.2,gyro,-1.0,0.0,0.0,0.0
1.918153899954632,10174.76355983,odom,idle,,0.0,0.0,-0.00043017682234858245,1.2991035343308248,-3.2688647027728965,0.3156643268562831,0.018467871563659116,0.8541102409362793,0.013218859575730098,-0.013218859575730098,0.08594571499997983,pixhawk_fused,True,0.8,0.2,gyro,-1.0,0.0,0.0,0.0
1.9181762000080198,10174.86395852,odom,idle,,0.0,0.0,-0.00043017682234858245,1.2991035343308248,-3.2688647027728965,0.3156643268562831,0.018467871563659116,0.8541102409362793,0.013218859575730098,-0.013218859575730098,0.18616599999950267,pixhawk_fused,True,0.8,0.2,gyro,-1.0,0.0,0.0,0.0
3.19809229997918,10174.965200195,odom,idle,,0.0,0.0,-0.0005088230166773178,1.2991035343308248,-3.2688647027728965,0.31558568066195436,0.018467871563659116,0.8541650772094727,0.01312055183485551,-0.01312055183485551,0.04615082199961762,pixhawk_fused,True,0.8,0.2,gyro,-1.0,0.0,0.0,0.0
3.198192299925722,10175.076868433,odom,idle,,0.0,0.0,-0.0006324375701024509,1.2991035343308248,-3.2688647027728965,0.3154620661085292,0.018467871563659116,0.8542320132255554,0.012966033647809459,-0.012966033647809459,0.0874097449996043,pixhawk_fused,True,0.8,0.2,gyro,-1.0,0.0,0.0,0.0
3.198245399980806,10175.182654494,odom,idle,,0.0,0.0,-0.0007004585544874709,1.2991035343308248,-3.2688647027728965,0.3153940451241442,0.018467871563659116,0.8542681932449341,0.012881007420871688,-0.012881007420871688,0.01587984000070719,pixhawk_fused,True,0.8,0.2,gyro,-1.0,0.0,0.0,0.0
3.1982862999429926,10175.284298756,odom,idle,,0.0,0.0,-0.0007425340236511535,1.2991035343308248,-3.2688647027728965,0.3153519696549805,0.018467871563659116,0.8542747497558594,0.012828413086984588,-0.012828413086984588,0.010462672000357998,pixhawk_fused,True,0.8,0.2,gyro,-1.0,0.0,0.0,0.0
3.1983252000063658,10175.402761082,odom,idle,,0.0,0.0,-0.0008948365003267345,1.2991035343308248,-3.2688647027728965,0.31519966717830494,0.018467871563659116,0.854375422000885,0.012638035003137125,-0.012638035003137125,0.0029584679996332852,pixhawk_fused,True,0.8,0.2,gyro,-1.0,0.0,0.0,0.0
3.1983631999464706,10175.503305678,odom,idle,,0.0,0.0,-0.0008948365003267345,1.2991035343308248,-3.2688647027728965,0.31519966717830494,0.018467871563659116,0.854375422000885,0.012638035003137125,-0.012638035003137125,0.10326090099988505,pixhawk_fused,True,0.8,0.2,gyro,-1.0,0.0,0.0,0.0
3.1984002999961376,10175.604541872,odom,idle,,0.0,0.0,-0.0009540309804831337,1.2991035343308248,-3.2688647027728965,0.31514047269814854,0.018467871563659116,0.8544127345085144,0.012564041908871663,-0.012564041908871663,0.026547009001660626,pixhawk_fused,True,0.8,0.2,gyro,-1.0,0.0,0.0,0.0
3.1984434999758378,10175.723749945,odom,idle,,0.0,0.0,-0.0010915060784987274,1.2991035343308248,-3.2688647027728965,0.31500299760013295,0.018467871563659116,0.8544932007789612,0.01239219805322988,-0.01239219805322988,0.0340666770007374,pixhawk_fused,True,0.8,0.2,gyro,-1.0,0.0,0.0,0.0
3.1985004999442026,10175.824183876,odom,idle,,0.0,0.0,-0.0010915060784987274,1.2991035343308248,-3.2688647027728965,0.31500299760013295,0.018467871563659116,0.8544932007789612,0.01239219805322988,-0.01239219805322988,0.1346348270017188,pixhawk_fused,True,0.8,0.2,gyro,-1.0,0.0,0.0,0.0
3.198536099982448,10175.924835488,odom,idle,,0.0,0.0,-0.0012425061504955925,1.2991035343308248,-3.2688647027728965,0.3148519975281361,0.018467871563659116,0.8545921444892883,0.012203447987366748,-0.012203447987366748,0.042809008999029174,pixhawk_fused,True,0.8,0.2,gyro,-1.0,0.0,0.0,0.0
3.198573900037445,10176.043586735,odom,idle,,0.0,0.0,-0.001316730782950415,1.2991035343308248,-3.2688647027728965,0.31477777289568126,0.018467871563659116,0.8546342849731445,0.01211066721104486,-0.01211066721104486,0.047888921999401646,pixhawk_fused,True,0.8,0.2,gyro,-1.0,0.0,0.0,0.0
3.198612999985926,10176.14386628,odom,idle,,0.0,0.0,-0.001316730782950415,1.2991035343308248,-3.2688647027728965,0.31477777289568126,0.018467871563659116,0.8546342849731445,0.01211066721104486,-0.01211066721104486,0.14777830599996378,pixhawk_fused,True,0.8,0.2,gyro,-1.0,0.0,0.0,0.0
4.3003873999696225,10176.264206093,odom,idle,,0.0,0.0,-8.398651109997601e-05,1.2991035343308248,-3.2688647027728965,0.3146937863845813,0.018467871563659116,0.854699969291687,0.012005684072193039,-0.012005684072193039,0.09061176599971077,pixhawk_fused,True,0.8,0.2,gyro,-1.0,0.0,0.0,0.0
4.300466399989091,10176.383494036,odom,idle,,0.0,0.0,-0.00026258510929300094,1.2991035343308248,-3.2688647027728965,0.31451518778638826,0.018467871563659116,0.8548012971878052,0.011782435825135839,-0.011782435825135839,0.015438921000168193,pixhawk_fused,True,0.8,0.2,gyro,-1.0,0.0,0.0,0.0
4.300508499960415,10176.484472662,odom,idle,,0.0,0.0,-0.0002864439248932982,1.2991035343308248,-3.2688647027728965,0.31449132897078796,0.018467871563659116,0.854810893535614,0.011752612305846346,-0.011752612305846346,0.01214990299922647,pixhawk_fused,True,0.8,0.2,gyro,-1.0,0.0,0.0,0.0
4.300544600002468,10176.603385148,odom,idle,,0.0,0.0,-0.00042913071164085714,1.2991035343308248,-3.2688647027728965,0.3143486421840404,0.018467871563659116,0.8548882007598877,0.01157425382458074,-0.01157425382458074,0.013788393998765969,pixhawk_fused,True,0.8,0.2,gyro,-1.0,0.0,0.0,0.0
4.300578900030814,10176.703570639,odom,idle,,0.0,0.0,-0.00042913071164085714,1.2991035343308248,-3.2688647027728965,0.3143486421840404,0.018467871563659116,0.8548882007598877,0.01157425382458074,-0.01157425382458074,0.11371175999920524,pixhawk_fused,True,0.8,0.2,gyro,-1.0,0.0,0.0,0.0
4.300612599938177,10176.80386374,odom,idle,,0.0,0.0,-0.00047386288081324723,1.2991035343308248,-3.2688647027728965,0.314303910014868,0.018467871563659116,0.8549025058746338,0.011518338614184689,-0.011518338614184689,0.03551498500019079,pixhawk_fused,True,0.8,0.2,gyro,-1.0,0.0,0.0,0.0
4.300656899926253,10176.924358143,odom,idle,,0.0,0.0,-0.0005791709036741532,1.2991035343308248,-3.2688647027728965,0.3141986019920071,0.018467871563659116,0.854938268661499,0.011386703589041066,-0.011386703589041066,0.034182842000518576,pixhawk_fused,True,0.8,0.2,gyro,-1.0,0.0,0.0,0.0
4.300689299940132,10177.043391998,odom,idle,,0.0,0.0,-0.0005791709036741532,1.2991035343308248,-3.2688647027728965,0.3141986019920071,0.018467871563659116,0.854938268661499,0.011386703589041066,-0.011386703589041066,0.15321256700008234,pixhawk_fused,True,0.8,0.2,gyro,-1.0,0.0,0.0,0.0
4.300719499937259,10177.144289625,odom,idle,,0.0,0.0,-0.0006401541315042003,1.2991035343308248,-3.2688647027728965,0.31413761876417706,0.018467871563659116,0.8549727201461792,0.011310474556912016,-0.011310474556912016,0.07564304100014851,pixhawk_fused,True,0.8,0.2,gyro,-1.0,0.0,0.0,0.0
4.300750599941239,10177.245088107,odom,idle,,0.0,0.0,-0.0007663383289251424,1.2991035343308248,-3.2688647027728965,0.3140114345667561,0.018467871563659116,0.8550408482551575,0.011152744317468535,-0.011152744317468535,0.0634297679989686,pixhawk_fused,True,0.8,0.2,gyro,-1.0,0.0,0.0,0.0
4.63763240003027,,mission_status,navigating,going to waypoint 1/4,0.0,0.0,-0.0007663383289251424,,,,,,,,,,,,,,,,,
4.637675800011493,10177.363810542,odom,navigating,,0.0,0.0,-0.0007663383289251424,1.2991035343308248,-3.2688647027728965,0.3140114345667561,0.018467871563659116,0.8550408482551575,0.011152744317468535,-0.011152744317468535,0.18227592299990647,pixhawk_fused,True,0.8,0.2,gyro,-1.0,0.0,0.0,0.0
4.637732099974528,10177.464444452,odom,navigating,,0.0,0.0,-0.0008597732951172166,1.2991035343308248,-3.2688647027728965,0.31391799960056405,0.018467871563659116,0.8550781607627869,0.011035950616974663,-0.011035950616974663,0.08741858100074751,pixhawk_fused,True,0.8,0.2,gyro,-1.0,0.0,0.0,0.0
4.6377724999329075,10177.583373254,odom,navigating,,0.0,0.0,-0.0009279332239275906,1.2991035343308248,-3.2688647027728965,0.31384983967175367,0.018467871563659116,0.8550886511802673,0.010950750712346566,-0.010950750712346566,0.1033806409996032,pixhawk_fused,True,0.8,0.2,gyro,-1.0,0.0,0.0,0.0
5.011661499971524,10177.704711903,odom,navigating,,0.0,0.0,-0.0010229283428898062,1.2991035343308248,-3.2688647027728965,0.31375484455279146,0.018467871563659116,0.8551630973815918,0.010832006824244095,-0.010832006824244095,0.10895845300001383,pixhawk_fused,True,0.8,0.2,gyro,-1.0,0.0,0.0,0.0
5.011821300024167,10177.824450191,odom,navigating,,0.0,0.0,-0.0011786352743766715,1.2991035343308248,-3.2688647027728965,0.3135991376213046,0.018467871563659116,0.8552594184875488,0.010637373182032539,-0.010637373182032539,0.00658936900072149,pixhawk_fused,True,0.8,0.2,gyro,-1.0,0.0,0.0,0.0
5.0118856999324635,10177.943636007,odom,navigating,,0.0,0.0,-0.0011786352743766715,1.2991035343308248,-3.2688647027728965,0.3135991376213046,0.018467871563659116,0.8552594184875488,0.010637373182032539,-0.010637373182032539,0.1255760950007243,pixhawk_fused,True,0.8,0.2,gyro,-1.0,0.0,0.0,0.0
5.334904999937862,10178.064880509,odom,navigating,,4.089221137516368e-05,-1.2439856254975212e-05,-0.0011055799866932503,1.2991462687556004,-3.268863870959276,0.313672192908988,0.019108740488442348,0.8552906513214111,0.010568475204561186,-0.010568475204561186,0.09527066800001194,pixhawk_fused,True,0.8,0.2,gyro,-1.0,0.0,0.0,3.742360856806242e-05
5.33501369995065,10178.183433651,odom,navigating,,0.0013697915959862755,-0.00040511238846755023,0.0029639540196896297,1.3005314463878688,-3.268825815486118,0.3177417269153709,0.03999802361183307,0.8553386330604553,0.010433321715373827,-0.010433321715373827,0.10652155100069649,pixhawk_fused,True,0.8,0.2,gyro,-1.0,0.018010079860687256,0.23672553896903992,0.0012452891423123174
5.335078799980693,10178.283624755,odom,navigating,,0.0029247910925382413,-0.0008274454121832032,0.017204012193559215,1.3021407977909798,-3.2687459613785075,0.3319817850892405,0.06427475775364816,0.8413099050521851,0.022164874979336096,-0.022164874979336096,0.09242353300032846,pixhawk_fused,True,0.8,0.2,gyro,-1.0,0.025728687644004822,0.3381793797016144,0.0026320252428188636
5.65955700003542,10178.383687695,odom,navigating,,0.005848439875839857,-0.0015193628140908058,0.08181758855048071,1.3051350148962515,-3.2684987047796836,0.396595361446162,0.10956284369887012,0.7768992185592651,0.09160894105680688,-0.09160894105680688,0.002160463000109303,pixhawk_fused,True,0.8,0.2,gyro,-1.0,0.03602556511759758,0.4735221266746521,0.0051660777643054824
5.659640799975023,10178.483719413,odom,navigating,,0.009148254819804242,-0.002136713359099375,0.09193339382087135,1.3084638290305457,-3.268064082162743,0.4067111667165526,0.16016099527608443,0.7768992185592651,0.09160894105680688,-0.09160894105680688,0.10197286999937205,pixhawk_fused,True,0.8,0.2,gyro,-1.0,0.03859688714146614,0.5073197484016418,0.007908871345630564
5.659688399988227,10178.603653902,odom,navigating,,0.014213996270690421,-0.002760656928704119,0.14626961883589057,1.3134738424694596,-3.2670889886455976,0.46104739173157183,0.2371110565638368,0.72796231508255,0.14030170092828972,-0.14030170092828972,0.11359117199936009,pixhawk_fused,True,0.8,0.2,gyro,-1.0,0.043579693883657455,0.5728140473365784,0.011781339187604527
6.018600199953653,10178.725250085,odom,navigating,,0.019782859559209706,-0.0029990465528068173,0.21122581892333986,1.318842887462511,-3.265591516174503,0.5260035918190211,0.3211259439650375,0.6674531102180481,0.2005082751298736,-0.2005082751298736,0.05694954700084054,pixhawk_fused,True,0.8,0.2,gyro,-1.0,0.05161998048424721,0.6784960627555847,0.014695263912022916
6.018709999974817,10178.843432863,odom,navigating,,0.02579487526156167,-0.0027348161511203343,0.3485139961246259,1.3244776969074528,-3.2634789175307235,0.6632917690203072,0.4105424622779953,0.5179926156997681,0.3497377433563064,-0.3497377433563064,0.013209941000241088,pixhawk_fused,True,0.8,0.2,gyro,-1.0,0.053691964596509933,0.7057303190231323,0.01827364150261781
6.018758999998681,10178.964186783,odom,navigating,,0.03179908898769105,-0.0019269837183732734,0.3667347794385662,1.329936785724971,-3.2608518421623938,0.6815125523342475,0.5018815875615648,0.5179926156997681,0.3497377433563064,-0.3497377433563064,0.13375064200045017,pixhawk_fused,True,0.8,0.2,gyro,-1.0,0.05436186119914055,0.7145354747772217,0.02229848675568821
6.3991052999626845,10179.083254101,odom,navigating,,0.03806237171625322,-0.00047764264068760054,0.4312117917221982,1.3354435998489906,-3.25753456944209,0.7459895646178795,0.5988053946577957,0.46150103211402893,0.406170506932814,-0.406170506932814,0.10630349999883038,pixhawk_fused,True,0.8,0.2,gyro,-1.0,0.06175193563103676,0.8116710782051086,0.026873903108423507
6.399240299942903,10179.183290856,odom,navigating,,0.043307066311716255,0.0012447430693963164,0.567613937924321,1.3398973379289019,-3.2542730282343895,0.8823917108200023,0.682026803205408,0.3114742636680603,0.5557728503728698,-0.5557728503728698,0.09797112300111621,pixhawk_fused,True,0.8,0.2,gyro,-1.0,0.06175810843706131,0.811752200126648,0.02929473666383563
6.399270899943076,10179.303528267,odom,navigating,,0.049938442624296926,0.004147990568046328,0.653020832853064,1.3453040224883008,-3.2494593228100173,0.9677986057487453,0.7911729229610812,0.23129044473171234,0.6352773929024528,-0.6352773929024528,0.10413479700036987,pixhawk_fused,True,0.8,0.2,gyro,-1.0,0.07434923946857452,0.9772507548332214,0.03183545533821456
6.799041999969631,10179.404224475,odom,navigating,,0.05564616415180818,0.007384788297202915,0.8165727246091561,1.3497291669749922,-3.2446144243748596,1.1313504975048374,0.8900803941174612,0.05189584568142891,0.8149299550438712,-0.8149299550438712,0.015736380000817007,pixhawk_fused,True,0.8,0.2,gyro,-1.0,0.08202418684959412,1.0781307220458984,0.033493176677784786
6.799150299979374,10179.504918738,odom,navigating,,0.06168206778684733,0.01169264232088945,0.8388437977705923,1.3541347638415917,-3.238649488899108,1.1536215706662736,1.0018816141329892,0.05189584568142891,0.8149299550438712,-0.8149299550438712,0.11606437100090261,pixhawk_fused,True,0.8,0.2,gyro,-1.0,0.09741343557834625,1.2804079055786133,0.03461168755856394
6.799201200017706,10179.624186202,odom,navigating,,0.06950176477538429,0.019043094135069015,0.9505901987645169,1.3592945037322746,-3.229239181405428,1.2653679716601982,1.1637925693692275,-0.049654558300971985,0.9143054621601889,-0.9143054621601889,0.055316129999482655,pixhawk_fused,True,0.8,0.2,gyro,-1.0,0.10586875677108765,1.3915451765060425,0.034791986302529394
6.7992459000088274,10179.743516999,odom,navigating,,0.07755523959501658,0.029931211671880106,1.0900260843233238,1.3635812552277822,-3.2163926518436505,1.4048038572190051,1.3681993667677843,-0.175146222114563,1.0378936069393943,-1.0378936069393943,0.0707026260006387,pixhawk_fused,True,0.8,0.2,gyro,-1.0,0.1456991285085678,1.9150779247283936,0.03259865841421627
7.1213816000381485,10179.843524607,odom,navigating,,0.08314686693261591,0.04187635630597253,1.2379865570791209,1.3651998605574265,-3.2033032327045587,1.5527643299748022,1.564549423159062,-0.31317028403282166,1.1742134468937704,-1.1742134468937704,0.055206595001436654,pixhawk_fused,True,0.8,0.2,gyro,-1.0,0.15685947239398956,1.926552414894104,0.02793138573412089
7.121488200034946,10179.963902367,odom,navigating,,0.08690011309470685,0.057249395350477385,1.4518945157426175,1.3640091193590527,-3.1875235203619456,1.7666722886382988,1.7561387655220815,-0.5304357409477234,1.393471105613787,-1.393471105613787,0.09503513700110489,pixhawk_fused,True,0.8,0.2,gyro,-1.0,0.1449722796678543,1.429142951965332,0.01952479380198265
7.121540199965239,10180.065328932,odom,navigating,,0.08769603312100907,0.06588364153438277,1.7169175901119067,1.3620927247531125,-3.1790670951380773,2.031695363007588,1.8491716479231617,-0.8295871019363403,1.7006392422104666,-1.7006392422104666,0.07727982899996277,pixhawk_fused,True,0.8,0.2,gyro,-1.0,0.0799628496170044,0.6441835761070251,0.013888652213637798
7.481127899955027,10180.184906836,odom,navigating,,0.08779155293480927,0.06995314886235571,1.7958851262292124,1.3609236107088831,-3.175167968789927,2.1106628991248937,1.8698015457532116,-0.9192433953285217,1.794140315332491,-1.794140315332491,0.09319781700105523,pixhawk_fused,True,0.8,0.2,gyro,-1.0,0.007185086607933044,-0.09444119781255722,0.011037310888239376
7.481213700026274,10180.304775273,odom,navigating,,0.08779813841313006,0.07031491998021913,1.8077440334490495,1.3608178664023212,-3.174821934323617,2.122521806344731,1.8643693509916281,-0.929778516292572,1.810317509287078,-1.810317509287078,0.01225745800002187,pixhawk_fused,True,0.8,0.2,gyro,-1.0,0.002563383663073182,-0.03369326516985893,0.010782503698368657
7.481265599955805,10180.424521452,odom,navigating,,0.08784240348263835,0.07178044421163443,1.7906958971771394,1.3604062226366591,-3.1734147136303936,2.1054736700728207,1.8422594059500346,-0.9105237126350403,1.794534071081359,-1.794534071081359,0.03181545699953858,pixhawk_fused,True,0.8,0.2,gyro,-1.0,0.0258268341422081,-0.33946943283081055,0.009762546595949793
7.818264800007455,10180.524852204,odom,navigating,,0.08801248173499328,0.07459789805319551,1.7821917735607722,1.3596956458509724,-3.1706830376992308,2.0969695464564535,1.799733123761989,-0.9105237126350403,1.794534071081359,-1.794534071081359,0.13251292499990086,pixhawk_fused,True,0.8,0.2,gyro,-1.0,0.033558037132024765,-0.44108879566192627,0.007860925369755021
7.818328600027598,10180.643500828,odom,navigating,,0.08851431393687134,0.07899743857690202,1.7455927698229956,1.358810700134996,-3.1663442978524143,2.060370542718677,1.732991191781685,-0.8774250149726868,1.7654696279103348,-1.7654696279103348,0.07448185899920645,pixhawk_fused,True,0.8,0.2,gyro,-1.0,0.04600340127944946,-0.6046714186668396,0.005056163756870643
7.818359400029294,10180.76382796,odom,navigating,,0.08947354225708501,0.08411562875943446,1.6468144485166358,1.3581381788224671,-3.161180606847032,1.9615922214123171,1.6544999548706412,-0.7716500759124756,1.6616206580633708,-1.6616206580633708,0.08636504500100273,pixhawk_fused,True,0.8,0.2,gyro,-1.0,0.05438375100493431,-0.7148231863975525,0.002054943543065339
8.13847290002741,10180.864830052,odom,navigating,,0.09069523981931665,0.08871336540670216,1.6324810386309427,1.3578763654852766,-3.1564305351646613,1.947258811526624,1.5827836171998715,-0.7716500759124756,1.6616206580633708,-1.6616206580633708,0.1869181820002268,pixhawk_fused,True,0.8,0.2,gyro,-1.0,0.05438375100493431,-0.7148231863975525,0.00039014587930359104
8.138567199930549,10180.983094516,odom,navigating,,0.09263818732022344,0.09421612038150795,1.5510611585293377,1.3580201652649964,-3.150596610334208,1.865838931425019,1.4948319755555972,-0.6927207112312317,1.5818298107618876,-1.5818298107618876,0.11032765500021924,pixhawk_fused,True,0.8,0.2,gyro,-1.0,0.05660028010606766,-0.7439574003219604,0.002981404581152804
8.138623800012283,10181.083342065,odom,navigating,,0.0946103964789844,0.09863466006646698,1.4343924698266974,1.3585274675970664,-3.145784568537077,1.7491702427223788,1.4219102116476046,-0.5653923153877258,1.4542395113939828,-1.4542395113939828,0.09583606799969857,pixhawk_fused,True,0.8,0.2,gyro,-1.0,0.05660594254732132,-0.7440318465232849,0.00477486092645265
8.459622499998659,10181.203730531,odom,navigating,,0.09752557139777857,0.10394901195384913,1.3613866508641634,1.3596540551699252,-3.139828783011156,1.6761644237598448,1.3305253645623238,-0.4964320659637451,1.3858249188894813,-1.3858249188894813,0.03507969800011779,pixhawk_fused,True,0.8,0.2,gyro,-1.0,0.05895782634615898,-0.7749451398849487,0.006553338276483262
8.459713299991563,10181.30379338,odom,navigating,,0.10040066865518976,0.10827717689030136,1.2876857745025503,1.3610478628685108,-3.134823136593752,1.6024635473982316,1.252217253388646,-0.4236782491207123,1.3132744110459869,-1.3132744110459869,0.030927694999263622,pixhawk_fused,True,0.8,0.2,gyro,-1.0,0.056402869522571564,-0.7413626313209534,0.007652634737249955
8.45975079992786,10181.404688586,odom,navigating,,0.10361441805336125,0.11237763401773868,1.1521293824918524,1.3628341826194768,-3.129929161154959,1.4669071553875337,1.1736802188402922,-0.2738865911960602,1.1634693096513335,-1.1634693096513335,0.005180727001061314,pixhawk_fused,True,0.8,0.2,gyro,-1.0,0.061530403792858124,-0.8087592124938965,0.008352601951071134
8.798399099963717,10181.524329101,odom,navigating,,0.10821528292790672,0.11727608820030319,1.1318774990803273,1.3656923981977247,-3.123846939958655,1.4466552719760086,1.0723466620166004,-0.2738865911960602,1.1634693096513335,-1.1634693096513335,0.12528079000003345,pixhawk_fused,True,0.8,0.2,gyro,-1.0,0.07230062037706375,-0.9503235816955566,0.008657859515691473
8.798490299959667,10181.624740112,odom,navigating,,0.11290278674315099,0.12138744640309605,1.0521558149971673,1.3688766847153808,-3.1184863170785153,1.3669335878928486,0.9783677686827471,-0.1958753764629364,1.0872997953528944,-1.0872997953528944,0.047126178000326036,pixhawk_fused,True,0.8,0.2,gyro,-1.0,0.07229336351156235,-0.950228214263916,0.008338360698871138
8.798546200036071,10181.743319164,odom,navigating,,0.11944407291588899,0.12599241992386673,0.8820537463264486,1.373670842519661,-3.112082391964313,1.19683151922213,0.8577470776341923,-0.013801711611449718,0.9048549915785377,-0.9048549915785377,0.055272372001127223,pixhawk_fused,True,0.8,0.2,gyro,-1.0,0.08180007338523865,-1.075184941291809,0.007080613311833789
9.13796999992337,10181.843656231,odom,navigating,,0.12667386280373075,0.12989863698980403,0.8609096311804318,1.379336013161767,-3.1061297257394704,1.1756874040761132,0.7517137418252203,-0.013801711611449718,0.9048549915785377,-0.9048549915785377,0.1550747630008118,pixhawk_fused,True,0.8,0.2,gyro,-1.0,0.12013788521289825,-0.9743378758430481,0.004841920283099065
9.138057200005278,10181.964870719,odom,navigating,,0.14645702147599604,0.13799956803597413,0.6822398216170213,1.395639040248653,-3.09230186405839,0.9970175945127027,0.6523179562403962,0.18295565247535706,0.7064434972042625,-0.7064434972042625,0.08332813500055636,pixhawk_fused,True,0.8,0.2,gyro,-1.0,0.2537781000137329,-0.7488248348236084,0.0031394145709708926
9.138112799962983,10182.083210905,odom,navigating,,0.17460380996545197,0.14692741396397185,0.6098002616835201,1.4196387347933823,-3.0750982947501355,0.9245780345792014,0.6073350370829271,0.2610985040664673,0.6271438446278159,-0.6271438446278159,0.08843839899964223,pixhawk_fused,True,0.8,0.2,gyro,-1.0,0.2983483672142029,0.06761224567890167,0.01635771230182625
9.460041599930264,10182.183292885,odom,navigating,,0.1993478320046318,0.154666653332226,0.577842810208637,1.4407708558566281,-3.06007844415025,0.8926205831043184,0.6363115067951208,0.3026583790779114,0.5799557712311332,-0.5799557712311332,0.010604226999930688,pixhawk_fused,True,0.8,0.2,gyro,-1.0,0.2830013930797577,0.27053001523017883,0.028056363729948547
9.460161100025289,10182.285226684,odom,navigating,,0.22036725024198733,0.16191475223043525,0.5831659670813432,1.4585134403912512,-3.046678758530548,0.8979437399770245,0.6629533138639724,0.3026583790779114,0.5799557712311332,-0.5799557712311332,0.11235884500092652,pixhawk_fused,True,0.8,0.2,gyro,-1.0,0.21305841207504272,0.22026026248931885,0.037510933673911756
9.460252200020477,10182.404259489,odom,navigating,,0.2387852796272668,0.1687901876858047,0.6335427946026722,1.4738978333105128,-3.0344388290518403,0.9483205674983535,0.6851701593362007,0.24282681941986084,0.6373650127286498,-0.6373650127286498,0.04788735100009944,pixhawk_fused,True,0.8,0.2,gyro,-1.0,0.15131501853466034,0.16855034232139587,0.04541940994496205
9.798351899953559,10182.524358072,odom,navigating,,0.2507914181490495,0.17354930451699171,0.6433135081045784,1.483840605498296,-3.026196387881958,0.9580912810002598,0.7024278071146438,0.2364160418510437,0.6452651915336434,-0.6452651915336434,0.05248673499954748,pixhawk_fused,True,0.8,0.2,gyro,-1.0,0.10072465986013412,0.16973471641540527,0.050375915361724366
9.798438800033182,10182.624385015,odom,navigating,,0.2570220326170116,0.1761281473136144,0.6676081702739607,1.488966656937331,-3.021815225540474,0.982385943169642,0.7171983234429561,0.21017315983772278,0.6719394445950571,-0.6719394445950571,0.0364595820010436,pixhawk_fused,True,0.8,0.2,gyro,-1.0,0.06453468650579453,0.16964952647686005,0.05286988758674815
9.798491799971089,10182.743721704,odom,navigating,,0.2619043465574865,0.1783029164729185,0.6928604390000843,1.4929357596063426,-3.0182357235761694,1.0076382118957656,0.7636155495235726,0.18807187676429749,0.6919048801595751,-0.6919048801595751,0.0506053230001271,pixhawk_fused,True,0.8,0.2,gyro,-1.0,0.05111704394221306,0.47032833099365234,0.05471375468025618
10.119999399990775,10182.8443401,odom,navigating,,0.26559609166761633,0.18017250029143006,0.7452375863393867,1.495867278759936,-3.015315017999648,1.060015359235068,0.8178605588056551,0.1379290223121643,0.743815682017285,-0.743815682017285,0.0336333340001147,pixhawk_fused,True,0.8,0.2,gyro,-1.0,0.051125042140483856,0.6719905734062195,0.05594655869905184
10.120128399925306,10182.962913987,odom,navigating,,0.26999823316471555,0.18278245675262003,0.7949349622883235,1.499245065921163,-3.0114703754436696,1.1097127351840048,0.8949937282638013,0.09250998497009277,0.7866691198582235,-0.7866691198582235,0.07401786800073751,pixhawk_fused,True,0.8,0.2,gyro,-1.0,0.05179405212402344,0.6807840466499329,0.05714368242359541
10.120191399939358,10183.064196131,odom,navigating,,0.2739632733970612,0.18554982521702587,0.8094384651343713,1.5021584931285008,-3.0076113841027294,1.1242162380300527,0.9678544761365742,0.09250998497009277,0.7866691198582235,-0.7866691198582235,0.1745990060007898,pixhawk_fused,True,0.8,0.2,gyro,-1.0,0.062149737030267715,0.8168997764587402,0.05792325640958426
10.46014149999246,10183.183511153,odom,navigating,,0.27888962467987305,0.18964246258378842,0.9323896204878919,1.5055756874600197,-3.0021946138031765,1.2471673933835732,1.0644120914752881,-0.038422245532274246,0.9161688187951628,-0.9161688187951628,0.005204818999118288,pixhawk_fused,True,0.8,0.2,gyro,-1.0,0.06689458340406418,0.8792663216590881,0.05842266738688545
10.460250600008294,10183.30398349,odom,navigating,,0.2835937905990224,0.19440580516808406,0.9523930218867236,1.5085739596566934,-2.9962088829869016,1.267170794782405,1.1653488883043572,-0.038422245532274246,0.9161688187951628,-0.9161688187951628,0.12571891399966262,pixhawk_fused,True,0.8,0.2,gyro,-1.0,0.06921480596065521,0.9097634553909302,0.05828629383979744
10.46031979995314,10183.404811587,odom,navigating,,0.2879799282132116,0.19982491426123627,1.1337803984774901,1.5110668011019441,-2.989698069822409,1.4485581713731714,1.251027072038554,-0.24117055535316467,1.1212340059513632,-1.1212340059513632,0.03466218700123136,pixhawk_fused,True,0.8,0.2,gyro,-1.0,0.09742199629545212,0.6739811301231384,0.05745803970054141
10.798279599985108,10183.52573099,odom,navigating,,0.2933121380731874,0.207863485513629,1.2562596425869723,1.513648230697825,-2.9804035923754446,1.5710374154826536,1.3695421347338124,-0.3684072196483612,1.244699943625409,-1.244699943625409,0.048333010001442744,pixhawk_fused,True,0.8,0.2,gyro,-1.0,0.1032555028796196,1.1536169052124023,0.05541103616336364
10.798367199953645,10183.643096232,odom,navigating,,0.3012186520271576,0.22487929021207065,1.3743171944212786,1.5158980785890588,-2.961775958148143,1.68909496731696,1.5378618392650505,-0.47818103432655334,1.3502778893346374,-1.3502778893346374,0.052671511000880855,pixhawk_fused,True,0.8,0.2,gyro,-1.0,0.23771964013576508,1.3775123357772827,0.048721586665075256
10.798422100022435,10183.743396301,odom,navigating,,0.30799401553078654,0.24597035208321483,1.3889287389687919,1.5158106341821578,-2.939623513702113,1.7037065118644732,1.6117753609287577,-0.47818103432655334,1.3502778893346374,-1.3502778893346374,0.1529527100010455,pixhawk_fused,True,0.8,0.2,gyro,-1.0,0.245381161570549,0.4030841588973999,0.03832162105954274
11.138785999966785,10183.843501522,odom,navigating,,0.3134853256706632,0.26625216681289343,1.5409226988401967,1.514752775209729,-2.9186381037662605,1.855700471735878,1.6262101806883378,-0.6614097952842712,1.5363401162559573,-1.5363401162559573,0.030441239998253877,pixhawk_fused,True,0.8,0.2,gyro,-1.0,0.22546543180942535,-0.13470594584941864,0.027606851929320386
11.138926499988884,10183.965717329,odom,navigating,,0.31871991810056366,0.2851638765611162,1.5337769466894966,1.5138750038862332,-2.899034960115003,1.848554719585178,1.590443517502474,-0.6614097952842712,1.5363401162559573,-1.5363401162559573,0.1524418289991445,pixhawk_fused,True,0.8,0.2,gyro,-1.0,0.16463987529277802,-0.44553688168525696,0.01769553188957137
11.138985499972478,10184.08336951,odom,navigating,,0.3223285993863399,0.2961542353186036,1.4977612255987829,1.5139037014561556,-2.8874673439954184,1.8125389984944642,1.525654817052464,-0.6287629008293152,1.5075154955489969,-1.5075154955489969,0.011546154999450664,pixhawk_fused,True,0.8,0.2,gyro,-1.0,0.090047188103199,-0.5072267651557922,0.012330646051025783
11.49679969996214,10184.204867496,odom,navigating,,0.32442041323679943,0.3013296774612565,1.389758417573991,1.5142903908131895,-2.881898559756639,1.7045361904696723,1.4556779902215728,-0.5106684565544128,1.3900103329522944,-1.3900103329522944,0.017313334999926155,pixhawk_fused,True,0.8,0.2,gyro,-1.0,0.04358837753534317,-0.5729281902313232,0.010077845101779214
11.496887599932961,10184.324325444,odom,navigating,,0.32640869800019723,0.3053620089641434,1.3762089012503522,1.5149325509285543,-2.877448772791427,1.6909866741460335,1.387913666515811,-0.5106684565544128,1.3900103329522944,-1.3900103329522944,0.13660587800040958,pixhawk_fused,True,0.8,0.2,gyro,-1.0,0.04647430032491684,-0.6108609437942505,0.00857251377829155
11.49694169999566,10184.444213403,odom,navigating,,0.3292573752848851,0.31019238030508467,1.2887092165981073,1.5161457510946934,-2.8719737755384083,1.6034869894937887,1.3033952483477473,-0.4223797917366028,1.301765341649804,-1.301765341649804,0.06662708800104156,pixhawk_fused,True,0.8,0.2,gyro,-1.0,0.05623754486441612,-0.7391895651817322,0.007094708542243453
11.861396700027399,10184.564279599,odom,navigating,,0.3330256826598829,0.3154408686296213,1.195417381549504,1.5181039443350857,-2.865816483162815,1.5101951544451853,1.2060136656693061,-0.3269324004650116,1.2094959265692566,-1.2094959265692566,0.07660523300000932,pixhawk_fused,True,0.8,0.2,gyro,-1.0,0.06992548704147339,-0.9191046953201294,0.005958133802032902
11.86151359998621,10184.683697436,odom,navigating,,0.33824271950160656,0.3212853345830361,1.1069475502870836,1.5212551662613094,-2.858643962262865,1.421725323182765,1.0878953293284148,-0.245092511177063,1.1284361774428222,-1.1284361774428222,0.08483766700010165,pixhawk_fused,True,0.8,0.2,gyro,-1.0,0.07718991488218307,-1.014588713645935,0.005404069055329599
11.861573399975896,10184.805405475,odom,navigating,,0.3452247610855406,0.3273638579997024,1.0046239528213186,1.5260122043827555,-2.850702429670358,1.3194017257169999,0.950886723315081,-0.1490955650806427,1.0347711920245024,-1.0347711920245024,0.027650899999571266,pixhawk_fused,True,0.8,0.2,gyro,-1.0,0.09034665673971176,-1.1875216960906982,0.005912478849078449
12.198501199949533,10184.924639482,odom,navigating,,0.35792038131304293,0.3355798397488057,0.8809711266355287,1.5355403174805007,-2.8389595088301607,1.19574889953121,0.8382310202368878,-0.022350825369358063,0.9083748316271636,-0.9083748316271636,0.10365382700001646,pixhawk_fused,True,0.8,0.2,gyro,-1.0,0.20655633509159088,-0.6786832213401794,0.008870942481344037
12.19860569993034,10185.043495199,odom,navigating,,0.38222797296333244,0.3490531008212801,0.8015058966158581,1.5544821693031121,-2.81862249761183,1.1162836695115395,0.8033952791561858,0.06548098474740982,0.8177610080941055,-0.8177610080941055,0.07093057000020053,pixhawk_fused,True,0.8,0.2,gyro,-1.0,0.2812361419200897,-0.2687511146068573,0.01615396373850306
12.19865919998847,10185.143973562,odom,navigating,,0.4043330179840668,0.3608907537132321,0.7387250264314349,1.5718360889233516,-2.800522649127014,1.0535027993271162,0.8192338503758583,0.14142505824565887,0.7353347829087111,-0.7353347829087111,0.06419805499899667,pixhawk_fused,True,0.8,0.2,gyro,-1.0,0.2837517559528351,0.3696967661380768,0.023074463092929577
12.537967799929902,10185.264239905,odom,navigating,,0.43106311813538334,0.37658147561905836,0.7689240236514212,1.5923948824483654,-2.7773271104003268,1.0837017965471025,0.891713159749893,0.11983825266361237,0.7549987126095625,-0.7549987126095625,0.06937759700122115,pixhawk_fused,True,0.8,0.2,gyro,-1.0,0.3012124001979828,0.7781999707221985,0.030456130187538434
12.53805640002247,10185.364329942,odom,navigating,,0.45218206314964693,0.39118176349130124,0.7829075577229707,1.6079558278086712,-2.7569056700994707,1.097685330618652,0.9621018669375363,0.11983825266361237,0.7549987126095625,-0.7549987126095625,0.1693848210015858,pixhawk_fused,True,0.8,0.2,gyro,-1.0,0.2952348291873932,0.680898904800415,0.034708399126898784
12.538118700031191,10185.483209752,odom,navigating,,0.47509651013885235,0.4097767707373354,0.9045823176625554,1.6239872677483207,-2.7321298934464053,1.2193600905582367,1.041966435029267,-0.0018675281899049878,0.8870295906765792,-0.8870295906765792,0.09435939399918425,pixhawk_fused,True,0.8,0.2,gyro,-1.0,0.27788370847702026,0.6087533235549927,0.037347925960879665
12.858587399940006,10185.583325993,odom,navigating,,0.4926783316863804,0.42619294817811937,0.9680550440774054,1.6356226766780118,-2.7110768986538516,1.2828328169730867,1.1028642245742954,-0.06499790400266647,0.9511418780787322,-0.9511418780787322,0.09044612800062168,pixhawk_fused,True,0.8,0.2,gyro,-1.0,0.28045669198036194,0.7102121114730835,0.03783260708376435
12.85867440002039,10185.683735284,odom,navigating,,0.5095766234271568,0.44402337704021955,1.026476140845572,1.64617028134492,-2.688890765756174,1.3412539137412534,1.1604509577587612,-0.12236014753580093,1.0097702524168821,-1.0097702524168821,0.012588971001605387,pixhawk_fused,True,0.8,0.2,gyro,-1.0,0.28557413816452026,0.574876070022583,0.03682678448623209
12.858727899962105,10185.80371315,odom,navigating,,0.5286572075435895,0.46634697096676037,1.0793194407826336,1.6574018447616452,-2.661756589534342,1.394097213678315,1.1969956862196176,-0.17637228965759277,1.0666661484344335,-1.0666661484344335,0.016062782000517473,pixhawk_fused,True,0.8,0.2,gyro,-1.0,0.274289071559906,0.10117209702730179,0.03412043632050255
13.180239400011487,10185.903873575,odom,navigating,,0.5439432684111187,0.48504089434091735,1.1081213003146628,1.666149092822734,-2.639248544765361,1.4228990732103441,1.1993912878619053,-0.21111302077770233,1.1020465095146033,-1.1020465095146033,0.035941091999120545,pixhawk_fused,True,0.8,0.2,gyro,-1.0,0.27939489483833313,-0.10107481479644775,0.031371662226597805
13.18034009996336,10186.004307162,odom,navigating,,0.5591351391750974,0.5033602368439851,1.1020822933301024,1.674922750966288,-2.61712583765628,1.4168600662257838,1.179036066634413,-0.20356446504592896,1.0995792992441389,-1.0995792992441389,0.023176345999672776,pixhawk_fused,True,0.8,0.2,gyro,-1.0,0.2845497727394104,-0.3032544255256653,0.028825815276706582
13.180388999986462,10186.124683817,odom,navigating,,0.578022546775897,0.5245898112817111,1.0654002612635802,1.6863093436466157,-2.5910917349481397,1.3801780341592615,1.127964946969657,-0.16834570467472076,1.0664900743095609,-1.0664900743095609,0.035167660000297474,pixhawk_fused,True,0.8,0.2,gyro,-1.0,0.2788738012313843,-0.4072815179824829,0.026769248484064475
13.498930700006895,10186.22509122,odom,navigating,,0.5947122116290827,0.5415897537390819,1.0563208906816597,1.6969156951505027,-2.569759874639166,1.371098663577341,1.0825547697613425,-0.16834570467472076,1.0664900743095609,-1.0664900743095609,0.13533554900095623,pixhawk_fused,True,0.8,0.2,gyro,-1.0,0.27368202805519104,-0.47511401772499084,0.026213478718110146
13.499029199942015,10186.343345764,odom,navigating,,0.6162596597653177,0.5615757345784717,1.0106725676164665,1.7112166508284918,-2.5440846995084607,1.3254503405121478,1.0364121975769207,-0.12315914779901505,1.0209653102485867,-1.0209653102485867,0.053690901999289053,pixhawk_fused,True,0.8,0.2,gyro,-1.0,0.2863002419471741,-0.33599531650543213,0.026902779589038573
13.499078599968925,10186.443652261,odom,navigating,,0.6345753691900964,0.5772401059660957,0.9383986711795915,1.723782651246608,-2.523519355451182,1.2531764440752728,1.0089616715564287,-0.03826140984892845,0.9374910785584184,-0.9374910785584184,0.051719656999921426,pixhawk_fused,True,0.8,0.2,gyro,-1.0,0.2760615050792694,-0.06719566136598587,0.02843807913301287
13.839095699950121,10186.563644535,odom,navigating,,0.6568801815468247,0.595715186514981,0.9381334222617452,1.739271540752,-2.4990463589561385,1.2529111951574265,1.0076341030452847,-0.03826140984892845,0.9374910785584184,-0.9374910785584184,0.17153947100086953,pixhawk_fused,True,0.8,0.2,gyro,-1.0,0.27968788146972656,0.06807831674814224,0.030738649393601894
13.839195300010033,10186.664928368,odom,navigating,,0.6747195969638117,0.6106502216313596,0.9225794318658642,1.7516104560516,-2.479321978469629,1.2373572047615455,1.019841142313624,-0.018260713666677475,0.9150107457070085,-0.9150107457070085,0.09556822599915904,pixhawk_fused,True,0.8,0.2,gyro,-1.0,0.2538036108016968,0.2042454034090042,0.03246489727032187
13.839244000031613,10186.783433574,odom,navigating,,0.6931584410114262,0.6265275348459001,0.9377983260461062,1.7642276130074037,-2.458516032322494,1.2525760989417876,1.0383043065578161,-0.032677847892045975,0.9294210306955907,-0.9294210306955907,0.10721265800020774,pixhawk_fused,True,0.8,0.2,gyro,-1.0,0.23146559298038483,0.2028263956308365,0.03393334412449718
14.179061000002548,10186.906236263,odom,navigating,,0.7085984555169127,0.6405005727631865,0.9557138314552938,1.7745828607744698,-2.4404492484291103,1.270491604350975,1.0669908241253934,-0.04799472168087959,0.9446534396214816,-0.9446534396214816,0.033534077998410794,pixhawk_fused,True,0.8,0.2,gyro,-1.0,0.19235439598560333,0.18962381780147552,0.034676859141174535
14.179141000029631,10187.024722748,odom,navigating,,0.7188269955258042,0.6502505186448809,0.9859925549169304,1.7812901899069093,-2.4280115552620236,1.3007703278126117,1.0830583178288133,-0.08187205344438553,0.978472713465843,-0.978472713465843,0.03548408099959488,pixhawk_fused,True,0.8,0.2,gyro,-1.0,0.1032814159989357,0.0,0.034815756471990984
14.179188099922612,10187.124887414,odom,navigating,,0.724923754314209,0.6561816446688155,0.9877641819365535,1.7852510784164144,-2.420484265852744,1.3025419548322348,1.0919389514577882,-0.08187205344438553,0.978472713465843,-0.978472713465843,0.13592633599910187,pixhawk_fused,True,0.8,0.2,gyro,-1.0,0.08517298102378845,0.10177445411682129,0.03481276587481223
14.496385599952191,10187.243312956,odom,navigating,,0.7297598114298129,0.6609772755047216,0.9936313665828689,1.7883647647529932,-2.414426999065068,1.3084091394785502,1.0979813732203354,-0.08827462047338486,0.984296239948872,-0.984296239948872,0.07439319799959776,pixhawk_fused,True,0.8,0.2,gyro,-1.0,0.040902066975831985,-0.06720239669084549,0.03474517588398844
14.496467099990696,10187.343591474,odom,navigating,,0.7321950325667368,0.6634228555471867,1.004043429822412,1.789923167571822,-2.411347625040353,1.3188212027180932,1.1081437937755283,-0.09945905953645706,0.9947704987666044,-0.9947704987666044,0.07139354599894432,pixhawk_fused,True,0.8,0.2,gyro,-1.0,0.03438917547464371,0.0753355473279953,0.0346891167427846
14.496512199984863,10187.443861713,odom,navigating,,0.7340920636144719,0.665376858554798,1.018966897810766,1.791122018953,-2.4089023009481982,1.3337446707064473,1.1304369093630504,-0.11260486394166946,1.0078584464332494,-1.0078584464332494,0.04527111899915326,pixhawk_fused,True,0.8,0.2,gyro,-1.0,0.028114711865782738,0.3023490309715271,0.03461038275214664
14.860618699924089,10187.564909729,odom,navigating,,0.736343651763561,0.6678354285497683,1.0252483329205762,1.792501789796732,-2.4058674289522033,1.3400261058162575,1.1619767681652489,-0.11260486394166946,1.0078584464332494,-1.0078584464332494,0.16579838500001642,pixhawk_fused,True,0.8,0.2,gyro,-1.0,0.03357825428247452,0.23765243589878082,0.034417007937348774
14.860719399992377,10187.683867873,odom,navigating,,0.7395253921390068,0.6715467445976421,1.0507163794671515,1.7943781533721646,-2.401353384384774,1.3654941523628328,1.1951340739983431,-0.1372906118631363,1.031417610137764,-1.031417610137764,0.10681305400066776,pixhawk_fused,True,0.8,0.2,gyro,-1.0,0.054008640348911285,0.2366308867931366,0.03397375124657057
14.86078049999196,10187.804554562,odom,navigating,,0.7431446716573118,0.6760658440837813,1.1002842061988956,1.7964204637649743,-2.3959357822716,1.4150619790945769,1.238942193325655,-0.1876448690891266,1.0824151443532142,-1.0824151443532142,0.11717543300073885,pixhawk_fused,True,0.8,0.2,gyro,-1.0,0.051262568682432175,0.4716586470603943,0.033256283805141236
15.190598399960436,10187.924547133,odom,navigating,,0.7463069598673517,0.680444840035231,1.1682256548741796,1.7980716138025377,-2.390792886606741,1.483003427769861,1.286732563582646,-0.2604532539844513,1.1553656624844701,-1.1553656624844701,0.043932197000685846,pixhawk_fused,True,0.8,0.2,gyro,-1.0,0.05163811519742012,0.33936721086502075,0.03232072723048227
15.190716299926862,10188.024791095,odom,navigating,,0.7494466633392078,0.6852145692568918,1.2056526568212902,1.7995803157575152,-2.385285448622506,1.5204304297169715,1.325398368132122,-0.2968381941318512,1.192484434156719,-1.192484434156719,0.03041398300047149,pixhawk_fused,True,0.8,0.2,gyro,-1.0,0.06713966280221939,0.3394182622432709,0.03108926384975864
15.1907782999333,,mission_status,reached,reached waypoint 1/4,0.7494466633392078,0.6852145692568918,1.2056526568212902,,,,,,,,,,,,,,,,,
15.190801799995825,,mission_status,turning,aligning for waypoint 2/4,0.7494466633392078,0.6852145692568918,1.2056526568212902,,,,,,,,,,,,,,,,,
15.561601100023836,10188.143932755,odom,turning,,0.7523064037044447,0.6899956302977097,1.2159367457047883,1.8008193021459036,-2.3798539136311816,1.5307145186004696,1.37711042232046,-0.2968381941318512,1.192484434156719,-1.192484434156719,0.14936494200082961,pixhawk_fused,True,0.8,0.2,gyro,-1.0,0.046477410942316055,0.2036203145980835,0.029654526684298164
15.561699699959718,10188.264951161,odom,turning,,0.7534634584759954,0.6920184560481744,1.2403631908028223,1.8012932279564333,-2.3775722488689466,1.5551409636985036,1.3461198000424646,-0.3361053764820099,1.2306776489904554,-1.2306776489904554,0.09274712700062082,pixhawk_fused,True,0.8,0.2,gyro,-1.0,0.025820353999733925,-0.3393842577934265,0.029010643943522083
15.561748899985105,10188.384187894,odom,turning,,0.7548964033224161,0.6943217086350384,1.2152227138477205,1.8019426664409812,-2.3749385189916494,1.5300004867434018,1.3052110351286608,-0.3120923340320587,1.2094675576379927,-1.2094675576379927,0.024791578000076697,pixhawk_fused,True,0.8,0.2,gyro,-1.0,0.025628728792071342,-0.33686551451683044,0.02707260693788897
15.561794899986126,10188.505236911,odom,turning,,0.7566692407806119,0.6969125420896629,1.1949517253146884,1.8028262604598235,-2.3719261059634196,1.5097294982103697,1.25789349108875,-0.2990328371524811,1.195947355001274,-1.195947355001274,0.033850091000203975,pixhawk_fused,True,0.8,0.2,gyro,-1.0,0.030769802629947662,-0.4044400751590729,0.023979859621468955
15.90064549993258,10188.624467978,odom,turning,,0.7588443771789163,0.6997723862775944,1.122631764952578,1.8040090994287983,-2.3685333461570157,1.4374095378482594,1.2037553690152383,-0.22101160883903503,1.1190881064227256,-1.1190881064227256,0.032350358000257984,pixhawk_fused,True,0.8,0.2,gyro,-1.0,0.036007560789585114,-0.4732854962348938,0.020413672778561685
15.900751499924809,10188.743999243,odom,turning,,0.7614753660267862,0.702850780410721,1.072734801193602,1.805557728437581,-2.364791640536628,1.3875125740892833,1.1427201842196457,-0.17329944670200348,1.0719714312544497,-1.0719714312544497,0.05130807299974549,pixhawk_fused,True,0.8,0.2,gyro,-1.0,0.041293915361166,-0.5427696704864502,0.01637280320258181
15.90080239996314,10188.844411166,odom,turning,,0.7639186090960819,0.7054002549653438,1.0134890325976262,1.807091592754592,-2.3616109932035636,1.3282668054933076,1.0894975897981418,-0.11337026953697205,1.0112219697824152,-1.0112219697824152,0.03534449200014933,pixhawk_fused,True,0.8,0.2,gyro,-1.0,0.041161783039569855,-0.5410329103469849,0.012841745597563145
16.218644300010055,10188.963202943,odom,turning,,0.7670066097663097,0.70826685903298,0.9680255104885562,1.8091403497029641,-2.3579291781638836,1.2828032833842375,1.0259904454659399,-0.07256898283958435,0.9702643186441096,-0.9702643186441096,0.07319834800000535,pixhawk_fused,True,0.8,0.2,gyro,-1.0,0.03847183659672737,-0.5056760907173157,0.008633558921348095
16.218761099968106,10189.06372568,odom,turning,,0.7697808178429779,0.7105546059803489,0.9571906492134667,1.8110699493501368,-2.3548949300281046,1.271968422109148,0.9718065029680498,-0.07256898283958435,0.9702643186441096,-0.9702643186441096,0.17358238300039375,pixhawk_fused,True,0.8,0.2,gyro,-1.0,0.04358186572790146,-0.5728425979614258,0.005058923333261559
16.218816000036895,10189.163843497,odom,turning,,0.7727450168435175,0.7127380635578535,0.9053388479062734,1.8132124932842697,-2.351901024852941,1.2201166208019547,0.9163255161111274,-0.022013483569025993,0.9193197996011409,-0.9193197996011409,0.09368263000033039,pixhawk_fused,True,0.8,0.2,gyro,-1.0,0.04103049263358116,-0.539307177066803,0.0014263619528905942
16.560841799946502,10189.283770034,odom,turning,,0.7765924300265511,0.7152194009888192,0.8060689234232106,1.8161026297102212,-2.3483504284119636,1.1208466963188919,0.8473252720680983,0.08565997332334518,0.8124829336395892,-0.8124829336395892,0.10352277899983164,pixhawk_fused,True,0.8,0.2,gyro,-1.0,0.0411514975130558,-0.5408976674079895,0.003035980831824561
16.560930399922654,10189.384924575,odom,turning,,0.7794844852431045,0.7168467961165728,0.7308117240535581,1.818348734440161,-2.3459075997606718,1.0455894969492394,0.7972917362299761,0.16987332701683044,0.7309236791721019,-0.7309236791721019,0.013933596999777365,pixhawk_fused,True,0.8,0.2,gyro,-1.0,0.038468003273010254,-0.5056256651878357,0.006219980323624188
16.56098439998459,10189.50405094,odom,turning,,0.7836413935851558,0.718872849487115,0.6592191246367172,1.821674117343269,-2.3426940957895805,0.9739968975323985,0.7275895682828794,0.24464119970798492,0.6588590028873119,-0.6588590028873119,0.027661400999932084,pixhawk_fused,True,0.8,0.2,gyro,-1.0,0.048855192959308624,-0.6421555280685425,0.010572306075268375
16.901275199954398,10189.624140882,odom,turning,,0.7886063875251418,0.7208518619994976,0.5926807283528206,1.8257824448170852,-2.339275133854117,0.9074585012485019,0.6470383968912985,0.30751940608024597,0.5958207520833645,-0.5958207520833645,0.032836664000569726,pixhawk_fused,True,0.8,0.2,gyro,-1.0,0.054003238677978516,-0.7098217606544495,0.015454970722441275
16.901389500009827,10189.725243831,odom,turning,,0.792713060654384,0.7221506950527137,0.5796970865162328,1.8292852119748582,-2.3367686714608236,0.8944748594119141,0.5821123183216133,0.30751940608024597,0.5958207520833645,-0.5958207520833645,0.13356691599983606,pixhawk_fused,True,0.8,0.2,gyro,-1.0,0.046302374452352524,-0.6086010932922363,0.019251456803772715
16.901445899973623,10189.845175294,odom,turning,,0.7977122427692291,0.7233480986909776,0.451810259799383,1.8336680379435844,-2.3340823293720017,0.7665880326950643,0.5046128684912314,0.44747817516326904,0.45533882379442786,-0.45533882379442786,0.03136822699889308,pixhawk_fused,True,0.8,0.2,gyro,-1.0,0.04543997719883919,-0.5972657203674316,0.0235982587238792
17.23924249992706,10189.963732095,odom,turning,,0.8022152705217229,0.7240802602518928,0.4380605821483972,1.8377231293456606,-2.3319919817425827,0.7528383550440785,0.43585677576851023,0.44747817516326904,0.45533882379442786,-0.45533882379442786,0.14965592099906644,pixhawk_fused,True,0.8,0.2,gyro,-1.0,0.043894603848457336,-0.5769532322883606,0.027265587039885946
17.23936429992318,10190.083707168,odom,turning,,0.8069928201744916,0.7245157096957796,0.29548866233776333,1.8421311176764201,-2.330098773941326,0.6102664352334446,0.36354539912693423,0.607691764831543,0.2952068763366375,-0.2952068763366375,0.011569006999707199,pixhawk_fused,True,0.8,0.2,gyro,-1.0,0.046161603182554245,-0.6067507863044739,0.030912044218282645
17.239422900020145,10190.183860597,odom,turning,,0.8107269695298241,0.7246140202264514,0.28423453005019855,1.8456513529202327,-2.328849181929271,0.5990123029458798,0.3072557000624903,0.607691764831543,0.2952068763366375,-0.2952068763366375,0.11117057499905059,pixhawk_fused,True,0.8,0.2,gyro,-1.0,0.04402494430541992,-0.5786664485931396,0.03358879947194502
17.57973699993454,10190.303822116,odom,turning,,0.815293797683144,0.7244486432813317,0.22622204568919518,1.8500449924660312,-2.327592519501438,0.5409998185848764,0.23837754704087358,0.6622933745384216,0.23991079562813378,-0.23991079562813378,0.11445224199997028,pixhawk_fused,True,0.8,0.2,gyro,-1.0,0.04359055310487747,-0.5729568004608154,0.03665791427221522
17.579864599974826,10190.404279114,odom,turning,,0.8189573732751092,0.7240863890815021,0.14407371683587827,1.853640714795944,-2.3268027124683566,0.45885148973155954,0.18289659199444688,0.7507947683334351,0.15109596258312796,-0.15109596258312796,0.026406458999190363,pixhawk_fused,True,0.8,0.2,gyro,-1.0,0.038468003273010254,-0.5056256651878357,0.03895559125039534
17.579919899930246,10190.524529147,odom,turning,,0.8233443050888778,0.7233792578922595,0.06938164463471164,1.8580310270872586,-2.3261168821378924,0.3841594175303929,0.11592576061153075,0.8259280920028687,0.07447411525160405,-0.07447411525160405,0.03537241800040647,pixhawk_fused,True,0.8,0.2,gyro,-1.0,0.04359055310487747,-0.5729568004608154,0.04151118165989564
17.919727799948305,10190.62538849,odom,turning,,0.8269383189005628,0.722571637095689,0.05827712517892364,1.8616984933419776,-2.3257720953920136,0.3730548980746049,0.06039902287896084,0.8259280920028687,0.07447411525160405,-0.07447411525160405,0.13639625799987698,pixhawk_fused,True,0.8,0.2,gyro,-1.0,0.04360359162092209,-0.5731281638145447,0.04344137038337423
17.91984190000221,10190.744497671,odom,turning,,0.8310336895086176,0.7213888532324977,0.0028495480221757963,1.8659588347550204,-2.325628815495807,0.31762732091785706,-0.0038252195131985908,0.8796102404594421,0.021245254158082927,-0.021245254158082927,0.07586432300013257,pixhawk_fused,True,0.8,0.2,gyro,-1.0,0.04103253781795502,-0.5393340587615967,0.04545283342958188
17.919901099987328,10190.863302062,odom,turning,,0.8350429150611649,0.7199414990598259,-0.10370861959894839,1.8702191761680633,-2.325763777255804,0.21106915329673287,-0.06943801105696594,0.9966009259223938,-0.09554848247855571,0.09554848247855571,0.04124228100045002,pixhawk_fused,True,0.8,0.2,gyro,-1.0,0.04102231189608574,-0.5391996502876282,0.04721470520067042
18.240342500037514,10190.965340311,odom,turning,,0.8375591879001347,0.7188551598137115,-0.118696039509092,1.872948148704958,-2.3260176883635957,0.19608173338658927,-0.1443891833059169,0.9966009259223938,-0.09554848247855571,0.09554848247855571,0.1424631190002401,pixhawk_fused,True,0.8,0.2,gyro,-1.0,0.028211276978254318,-0.7753313779830933,0.04819305900206768
18.240449899923988,10191.083910446,odom,turning,,0.840199977334442,0.7174157564360361,-0.2865653163705192,1.8759048302205847,-2.3265687648874676,0.028212456525162077,-0.23971084330240597,1.184615969657898,-0.2815504060396519,0.2815504060396519,0.003372814000613289,pixhawk_fused,True,0.8,0.2,gyro,-1.0,0.030761372298002243,-0.808688759803772,0.04900548652706559
18.240507500013337,10191.184578459,odom,turning,,0.8416421136357852,0.7164674591850297,-0.303515201355788,1.8775697051828937,-2.3270239748915262,0.01126257153989324,-0.3244734175988929,1.184615969657898,-0.2815504060396519,0.2815504060396519,0.10360785299963027,pixhawk_fused,True,0.8,0.2,gyro,-1.0,0.0025650474708527327,-0.9777378439903259,0.04933297147985263
18.58276180003304,10191.304150078,odom,turning,,0.8432526785499574,0.7151968519131868,-0.3875926896020176,1.8794945219017458,-2.327733511910187,-0.07281491670633633,-0.4043226527001698,1.2673001289367676,-0.36668426704495816,0.36668426704495816,0.10872076600026048,pixhawk_fused,True,0.8,0.2,gyro,-1.0,0.017943687736988068,-0.640172004699707,0.049547203384154054
18.582847099984065,10191.424949454,odom,turning,,0.8444849430545351,0.714054013313297,-0.4976116951518479,1.8810200680825475,-2.328438681907338,-0.18283392225616663,-0.46831802519038446,1.3913137912750244,-0.4882074279794064,0.4882074279794064,0.036736209998707636,pixhawk_fused,True,0.8,0.2,gyro,-1.0,0.023147715255618095,-0.43947935104370117,0.04958888764948678
18.58290059992578,10191.526843262,odom,turning,,0.8450695007557681,0.7134319670908108,-0.5074040345285371,1.8817684923879872,-2.328849181929271,-0.19262626163285584,-0.5172834794832665,1.3913137912750244,-0.4882074279794064,0.4882074279794064,0.13854951899884327,pixhawk_fused,True,0.8,0.2,gyro,-1.0,0.013575668446719646,-0.2974059581756592,0.04955143652437032
18.920726799988188,10191.644306121,odom,turning,,0.8457029941319377,0.7127143807465259,-0.5591701979569635,1.8825930276397427,-2.3293353769907097,-0.24439242506128228,-0.5682173297649629,1.4450231790542603,-0.540181593597826,0.540181593597826,0.07576162199984537,pixhawk_fused,True,0.8,0.2,gyro,-1.0,0.007714749779552221,-0.439413458108902,0.049479723272700414
18.92082500003744,10191.763720613,odom,turning,,0.8459429581452695,0.7124223598289552,-0.5944199199259587,1.8829116122565621,-2.329538755421029,-0.2796421470302774,-0.6107740941628843,1.4776092767715454,-0.5736053906092015,0.5736053906092015,0.09195808699951158,pixhawk_fused,True,0.8,0.2,gyro,-1.0,-0.005165367387235165,-0.4751754105091095,0.04943809095801068
18.92087339994032,10191.86418476,odom,turning,,0.8463253803228512,0.7119109629927852,-0.6316561631204105,1.8834335753037013,-2.3299066249948894,-0.31687839022472924,-0.6204023740918401,1.523452877998352,-0.6177419899412957,0.6177419899412957,0.07621276200006832,pixhawk_fused,True,0.8,0.2,gyro,-1.0,0.0,0.0,0.049338791911608004
19.24061520001851,10191.964419207,odom,turning,,0.8462980933695281,0.7119480599134986,-0.6666821152875406,1.883396143690759,-2.329879799005614,-0.35190434239185936,-0.6210889865167383,1.5631089210510254,-0.6613519827732411,0.6613519827732411,0.09501235100105987,pixhawk_fused,True,0.8,0.2,gyro,-1.0,-0.002776537789031863,-0.03649497404694557,0.04934631205152159
19.240717499982566,10192.082915585,odom,turning,,0.8461436006529061,0.7121580136784337,-0.6745287343269042,1.883184239170825,-2.3297279930197927,-0.3597509614312229,-0.6263685726749229,1.566564917564392,-0.6698401170922038,0.6698401170922038,0.10190452999995614,pixhawk_fused,True,0.8,0.2,gyro,-1.0,6.423410354727821e-07,-0.06758686900138855,0.049388831545983634
19.24077319994103,10192.184137812,odom,turning,,0.8461197625157502,0.7121909258640546,-0.6790105381258182,1.8831513825327977,-2.3297040783781906,-0.364232765230137,-0.643275316700297,1.5688724517822266,-0.6712165072699604,0.6712165072699604,0.09300564400109579,pixhawk_fused,True,0.8,0.2,gyro,-1.0,0.0,-0.271289587020874,0.04939576211268287
19.580360000021756,10192.304568954,odom,turning,,0.8465758040934999,0.7115241200984926,-0.692695682457189,1.8837914631141102,-2.330196927948597,-0.3779179095615078,-0.6647901708270364,1.5821775197982788,-0.6829443924268302,0.6829443924268302,0.013387790999331628,pixhawk_fused,True,0.8,0.2,gyro,-1.0,0.012861771509051323,-0.16905587911605835,0.049236556413547974
19.580447199987248,10192.424106112,odom,turning,,0.8471902552837771,0.710594909613028,-0.7227507004562964,1.8846634117422592,-2.3308902446016493,-0.40797292756061515,-0.6828871169199278,1.6194974184036255,-0.7159885786464033,0.7159885786464033,0.03301420000025246,pixhawk_fused,True,0.8,0.2,gyro,-1.0,0.0051630339585244656,-0.06786321848630905,0.04900000397743109
19.580502299941145,10192.525168398,odom,turning,,0.8471659895781458,0.7106325536984982,-0.7226164460657412,1.8846286835235848,-2.3308619629385374,-0.4078386731700599,-0.6822157267913236,1.6194974184036255,-0.7159885786464033,0.7159885786464033,0.13384230399969965,pixhawk_fused,True,0.8,0.2,gyro,-1.0,0.0,0.0,0.04901002471633706
19.9007442999864,10192.643458614,odom,turning,,0.8471659895781458,0.7106325536984982,-0.7277356146606263,1.8846286835235848,-2.3308619629385374,-0.41295784176494504,-0.6822157267913236,1.6242756843566895,-0.722387178218883,0.722387178218883,0.07483780500115245,pixhawk_fused,True,0.8,0.2,gyro,-1.0,0.0,0.0,0.04901002471633706
19.90082209999673,,mission_status,navigating,going to waypoint 2/4,0.8471659895781458,0.7106325536984982,-0.7277356146606263,,,,,,,,,,,,,,,,,
19.900844299932942,10192.743764468,odom,navigating,,0.8471659895781458,0.7106325536984982,-0.7271243502399729,1.8846286835235848,-2.3308619629385374,-0.41234657734429164,-0.6822157267913236,1.624544382095337,-0.7216231489376691,0.7216231489376691,0.06803862400010985,pixhawk_fused,True,0.8,0.2,gyro,-1.0,0.0,0.0,0.04901002471633706
19.90088780003134,10192.843794438,odom,navigating,,0.847191450868338,0.7105932081314877,-0.7269840114590408,1.884665075369501,-2.3308914923220807,-0.41220623856335953,-0.681513844932713,1.624544382095337,-0.7216231489376691,0.7216231489376691,0.16780622799888079,pixhawk_fused,True,0.8,0.2,gyro,-1.0,0.0025636390782892704,0.03369662165641785,0.048999620004839914
20.239671299932525,10192.944335177,odom,navigating,,0.8478824651344858,0.7095391229216694,-0.7243816905721617,1.8856484870228558,-2.3316798436813255,-0.40960391767648047,-0.6680555832478573,1.6246219873428345,-0.7217334628300336,0.7217334628300336,0.07234167999922647,pixhawk_fused,True,0.8,0.2,gyro,-1.0,0.02819875441491604,0.16844616830348969,0.04872708167407898
20.239750999957323,10193.064984982,odom,navigating,,0.8518957611464599,0.7035563727646948,-0.715892092368682,1.8913168809427428,-2.3361260954386482,-0.40111431947300075,-0.6682386666883814,1.6136229038238525,-0.7110768426050958,0.7110768426050958,0.07650499800001853,pixhawk_fused,True,0.8,0.2,gyro,-1.0,0.10521404445171356,-0.03373021259903908,0.0472439092839571
20.239799099974334,10193.184329773,odom,navigating,,0.8605311797419952,0.6904025852842697,-0.7215991428262408,1.90360048063655,-2.345960004018791,-0.40682136993055956,-0.6846265887953459,1.6186708211898804,-0.7141143987169084,0.7141143987169084,0.020670723000876023,pixhawk_fused,True,0.8,0.2,gyro,-1.0,0.182045578956604,-0.16850827634334564,0.04385155636008891
20.55695170001127,10193.284430946,odom,navigating,,0.8696937345083047,0.6759587329323284,-0.7342912935289722,1.916784726528429,-2.356857386313304,-0.4195135206332909,-0.6974745088656642,1.6310702562332153,-0.7267676132758674,0.7267676132758674,0.012347216999842203,pixhawk_fused,True,0.8,0.2,gyro,-1.0,0.20512178540229797,-0.06740335375070572,0.03990329221674994
20.55705439997837,10193.385912022,odom,navigating,,0.8799659053377371,0.6594103346854538,-0.7498257422947759,1.9316756460170688,-2.369412365200943,-0.4350479693990947,-0.7055616766458311,1.6507441997528076,-0.7441634530713376,0.7441634530713376,0.0368407460009621,pixhawk_fused,True,0.8,0.2,gyro,-1.0,0.2230699509382248,-0.10110490769147873,0.03522240916177077
20.55712210002821,10193.503681081,odom,navigating,,0.8935274529100214,0.6373519669006513,-0.7523575990425669,1.9514002344569836,-2.3861881743546296,-0.4375798261468857,-0.7015028679870111,1.655430555343628,-0.7483423197483238,0.7483423197483238,0.10580398400088598,pixhawk_fused,True,0.8,0.2,gyro,-1.0,0.25120115280151367,0.03403915837407112,0.02889164156700738
20.899736399995163,10193.604986234,odom,navigating,,0.905928557516672,0.6176611683690943,-0.7526216348473261,1.9692883863752708,-2.4010720234274916,-0.4378438619516449,-0.681101855139114,1.6597306728363037,-0.7537681124200638,0.7537681124200638,0.02888295499906235,pixhawk_fused,True,0.8,0.2,gyro,-1.0,0.26427868008613586,0.23607634007930756,0.023446372977906048
20.899817700032145,10193.723615334,odom,navigating,,0.9216708638152002,0.5940347808704138,-0.7173777437890329,1.9915720494200038,-2.4186636337899143,-0.4025999708933516,-0.6469832253194471,1.6224859952926636,-0.7182432693382319,0.7182432693382319,0.03308240299884346,pixhawk_fused,True,0.8,0.2,gyro,-1.0,0.2856091260910034,0.3719313442707062,0.017514837049679505
20.899865899933502,10193.844953906,odom,navigating,,0.9390975276821738,0.5700515408673329,-0.7078625091492543,2.0155677928500335,-2.4360730769693513,-0.39308473625357304,-0.5993147384049292,1.6224859952926636,-0.7182432693382319,0.7182432693382319,0.15391700199870684,pixhawk_fused,True,0.8,0.2,gyro,-1.0,0.286273330450058,0.403341144323349,0.012503396212827051
21.23968859994784,10193.963961129,odom,navigating,,0.9571774570831868,0.5475607924453865,-0.6408264509109963,2.039722620635068,-2.4518611074481735,-0.32604867801531506,-0.5510664073288035,1.5512319803237915,-0.6465246740718897,0.6465246740718897,0.08392826300041634,pixhawk_fused,True,0.8,0.2,gyro,-1.0,0.2839241325855255,0.407118022441864,0.009016722426102193
21.239776300033554,10194.084297978,odom,navigating,,0.9761182871720127,0.5259838289462936,-0.6057204539242269,2.064413136391987,-2.4665137123344145,-0.29094268102854565,-0.5190992517994341,1.515923261642456,-0.6106357548376139,0.6106357548376139,0.09026783900117152,pixhawk_fused,True,0.8,0.2,gyro,-1.0,0.27174651622772217,0.202357679605484,0.006785317316823476
21.239831699989736,10194.184335578,odom,navigating,,0.9920731572514242,0.5085885148119719,-0.5835550755562154,2.0849697464062458,-2.4781146009988366,-0.2687773026605342,-0.5098829477180732,1.4917632341384888,-0.5852389011522349,0.5852389011522349,0.012510972999734804,pixhawk_fused,True,0.8,0.2,gyro,-1.0,0.26667162775993347,-0.06740672886371613,0.005464338972655345
21.560828699963167,10194.303637872,odom,navigating,,1.0116900293422366,0.4875859635626762,-0.5721358417384895,2.1101252459772697,-2.49201171116386,-0.25735806884280826,-0.5005750989787728,1.4797106981277466,-0.573292546554428,0.573292546554428,0.003836453999610967,pixhawk_fused,True,0.8,0.2,gyro,-1.0,0.28141361474990845,0.03393513336777687,0.004116143920937934
21.560917099937797,10194.40387471,odom,navigating,,1.0281953454314612,0.4700374474025403,-0.5691653547150338,2.1312526880888973,-2.503587853373059,-0.25438758181935256,-0.5025587304812429,1.4729865789413452,-0.5690850183208999,0.5690850183208999,0.04029555700071796,pixhawk_fused,True,0.8,0.2,gyro,-1.0,0.2813853919506073,-0.03393164277076721,0.0030696536954924573
21.560962799936533,10194.505101698,odom,navigating,,1.044405076494403,0.4526940869756609,-0.5705993894430264,2.1520355514080514,-2.515060434786451,-0.2558216165473451,-0.5086317422536542,1.4744113683700562,-0.569360450974625,0.569360450974625,0.03280798199921264,pixhawk_fused,True,0.8,0.2,gyro,-1.0,0.2685047388076782,-0.06787002086639404,0.00196376770766877
21.898987900000066,10194.623770169,odom,navigating,,1.06364201854599,0.43173235535454835,-0.5860782505050757,2.1768171507564635,-2.5290363592920584,-0.2713004776093944,-0.5220289953858631,1.4913285970687866,-0.5853592300256308,0.5853592300256308,0.0344667869994737,pixhawk_fused,True,0.8,0.2,gyro,-1.0,0.2753107249736786,-0.10145888477563858,0.0003796216708622491
21.899099600035697,10194.724173856,odom,navigating,,1.0798246351447163,0.4136280025133344,-0.5883595164545152,2.1978098390614993,-2.5412409366918767,-0.27358174355883397,-0.5334425557429843,1.4913285970687866,-0.5853592300256308,0.5853592300256308,0.13463777399920218,pixhawk_fused,True,0.8,0.2,gyro,-1.0,0.2830580174922943,-0.13529203832149506,0.00129015107449377
21.899155299994163,10194.844067362,odom,navigating,,1.0996315038247755,0.3909736449152691,-0.6091078252869174,2.223657407565144,-2.556649868112956,-0.29433005239123616,-0.5409346255913771,1.5152872800827026,-0.6094186933775958,0.6094186933775958,0.035100553001029766,pixhawk_fused,True,0.8,0.2,gyro,-1.0,0.2922912836074829,-9.571706323185936e-05,0.003688623378384298
22.22059529996477,10194.944857357,odom,navigating,,1.1159458446070962,0.37214274868025005,-0.6127996529046981,2.245000289404595,-2.5695045078575376,-0.2980218800090168,-0.5414991816340795,1.5199244022369385,-0.6138913753954288,0.6138913753954288,0.05375758899936045,pixhawk_fused,True,0.8,0.2,gyro,-1.0,0.2896479368209839,0.033691562712192535,0.005786747425577561
22.22068309993483,10195.064408646,odom,navigating,,1.1349142235792231,0.3505194176110932,-0.6103673992366578,2.269731356075535,-2.584192672776074,-0.2955896263409766,-0.5293226695989484,1.5199244022369385,-0.6138913753954288,0.6138913753954288,0.17342857999938133,pixhawk_fused,True,0.8,0.2,gyro,-1.0,0.27191874384880066,0.03403927758336067,0.00803212874573265
22.22073729999829,10195.165229882,odom,navigating,,1.151034141335505,0.3325227406990981,-0.6072126441926311,2.2906310892084307,-2.5963142767672034,-0.29243487129694984,-0.5197554026800596,1.5174994468688965,-0.6123364943526279,0.6123364943526279,0.09734949899939238,pixhawk_fused,True,0.8,0.2,gyro,-1.0,0.27110010385513306,0.033936697989702225,0.009668555061582651
22.560107699944638,10195.283544082,odom,navigating,,1.1710879121305133,0.3106656305338917,-0.5931799838987819,2.316466596414572,-2.610888691173076,-0.27840221100310064,-0.5072584353421135,1.5032877922058105,-0.5979207482970845,0.5979207482970845,0.10361342999931367,pixhawk_fused,True,0.8,0.2,gyro,-1.0,0.2846064865589142,0.10110502690076828,0.011323770793943956
22.560211000032723,10195.384124693,odom,navigating,,1.1878219067881632,0.2927931200778415,-0.5803116207441116,2.3379117913293985,-2.622702108217648,-0.2655338478484303,-0.4976453883449796,1.4884401559829712,-0.58424020916592,0.58424020916592,0.011353437001162092,pixhawk_fused,True,0.8,0.2,gyro,-1.0,0.28373661637306213,0.16790086030960083,0.012442667081467962
22.56025989993941,10195.504422952,odom,navigating,,1.2079051476688116,0.2717552840966099,-0.5708004674301528,2.36352166909086,-2.636488379217681,-0.2560226945344715,-0.4875135828930017,1.4794111251831055,-0.5748839162624967,0.5748839162624967,0.025727176000145846,pixhawk_fused,True,0.8,0.2,gyro,-1.0,0.2813781201839447,0.10169956833124161,0.013490615176471855
22.89990790002048,10195.623360937,odom,navigating,,1.2278826728670365,0.2511752710666645,-0.5677180677865336,2.388889281135223,-2.64987205242518,-0.2529402948908523,-0.48821546444508923,1.4767462015151978,-0.5708572026453507,0.5708572026453507,0.030080767999606906,pixhawk_fused,True,0.8,0.2,gyro,-1.0,0.2753179371356964,-0.1691928505897522,0.014284494548400953
22.900014800019562,10195.726714372,odom,navigating,,1.2447970600694358,0.233594161469191,-0.5688152764862908,2.4104157858314963,-2.661352536067971,-0.25403750359060956,-0.4937086437056045,1.4767462015151978,-0.5708572026453507,0.5708572026453507,0.13312931899963587,pixhawk_fused,True,0.8,0.2,gyro,-1.0,0.2724277973175049,-0.059680014848709106,0.015068803032267673
22.90006649994757,10195.843731797,odom,navigating,,1.2645922363553734,0.21285241707529234,-0.5793731257429109,2.435660081506555,-2.674946450168162,-0.2645953528472296,-0.4976759245157261,1.4893020391464233,-0.5830599172971737,0.5830599172971737,0.027988711000944022,pixhawk_fused,True,0.8,0.2,gyro,-1.0,0.27942273020744324,-0.10108480602502823,0.016105776862454655
23.239362900028937,10195.944140837,odom,navigating,,1.28150678678382,0.19492724057924715,-0.580326981375232,2.4572932662997142,-2.686754044517387,-0.2655492084795507,-0.5024519403601534,1.4893020391464233,-0.5830599172971737,0.5830599172971737,0.12819168100031675,pixhawk_fused,True,0.8,0.2,gyro,-1.0,0.2844080626964569,-0.03367820009589195,0.01713636441433143
23.23945959995035,10196.065437635,odom,navigating,,1.3015848411549924,0.17346375521940188,-0.5846821530522074,2.483029995638369,-2.700946656471249,-0.2699043801565261,-0.5066023212631506,1.4945212602615356,-0.5874662016890537,0.5874662016890537,0.09525116499935393,pixhawk_fused,True,0.8,0.2,gyro,-1.0,0.2761669456958771,-0.03392477706074715,0.018492748373978286
23.239506699959747,10196.183748168,odom,navigating,,1.3214598651570366,0.1519751797440137,-0.5951592406734523,2.5085814384929592,-2.7152259849950937,-0.280381467777771,-0.5155439463272269,1.5058244466781616,-0.5983264990038764,0.5983264990038764,0.1088166760000604,pixhawk_fused,True,0.8,0.2,gyro,-1.0,0.281873881816864,-0.1347261518239975,0.020008810533767327
23.580694300006144,10196.303812561,odom,navigating,,1.3409070260682596,0.13063007333165338,-0.6032025041507539,2.5336816224581904,-2.729501362404239,-0.2884247312550727,-0.5195875935999031,1.514796257019043,-0.6073677971846949,0.6073677971846949,0.11445561800064752,pixhawk_fused,True,0.8,0.2,gyro,-1.0,0.2710457146167755,-0.03392995521426201,0.02172077062600013
23.580775199923664,10196.404583355,odom,navigating,,1.3575352228819464,0.11233121194476764,-0.6054471582501265,2.5551582183372075,-2.7417529372736404,-0.29066938535444525,-0.5162611064253251,1.5191277265548706,-0.611002222541679,0.611002222541679,0.024801043000479694,pixhawk_fused,True,0.8,0.2,gyro,-1.0,0.2839953899383545,0.0,0.023218829646382527
23.580830699997023,10196.524057555,odom,navigating,,1.377189706107869,0.09085780227062956,-0.6022783695378175,2.5804952612310013,-2.756086125729441,-0.2875005966421363,-0.5121260172664295,1.516809344291687,-0.608074434962083,0.608074434962083,0.03514757199991436,pixhawk_fused,True,0.8,0.2,gyro,-1.0,0.27272406220436096,0.06763584166765213,0.024877963836057997
23.920845499960706,10196.644116948,odom,navigating,,1.3942960933053743,0.07223352981990472,-0.6026987184197204,2.6025273006554,-2.768499072441304,-0.2879209455240392,-0.5142317258613265,1.516809344291687,-0.608074434962083,0.608074434962083,0.15504796799905307,pixhawk_fused,True,0.8,0.2,gyro,-1.0,0.22302547097206116,-0.03369493409991264,0.026275289797678084
23.920969999977387,10196.763984844,odom,navigating,,1.4080563612754857,0.057231520738173225,-0.6028138876722996,2.6202561602652774,-2.7785037107671444,-0.28803611477661833,-0.5111494451664786,1.5178678035736084,-0.6089870459297266,0.6089870459297266,0.09441777199936041,pixhawk_fused,True,0.8,0.2,gyro,-1.0,0.16264374554157257,0.16966649889945984,0.02741415930373009
23.92102370003704,10196.86421337,odom,navigating,,1.4181387175286386,0.046354778519233475,-0.6036658444766284,2.633210617644372,-2.7857244768571086,-0.28888807158094715,-0.5031385574046259,1.5202871561050415,-0.6120484496624735,0.6120484496624735,0.036632047000239254,pixhawk_fused,True,0.8,0.2,gyro,-1.0,0.16002196073532104,0.06784966588020325,0.02816594554767994
24.24084729992319,10196.965833779,odom,navigating,,1.4267328916427449,0.03730518785755216,-0.6003857718577702,2.6441843188386063,-2.791668616992337,-0.28560799896208894,-0.486689614123612,1.5202871561050415,-0.6120484496624735,0.6120484496624735,0.1379506829998718,pixhawk_fused,True,0.8,0.2,gyro,-1.0,0.1393669694662094,0.13569241762161255,0.028647991057394847
24.24092719994951,10197.083230088,odom,navigating,,1.435421813565899,0.028465316021515863,-0.5912353297281987,2.655183182394874,-2.7973840083818065,-0.27645755683251744,-0.47025587275872077,1.5123889446258545,-0.6047104882569578,0.6047104882569578,0.10796624599970528,pixhawk_fused,True,0.8,0.2,gyro,-1.0,0.10000185668468475,0.10111003369092941,0.028913720975532624
24.240975099965,10197.184322395,odom,navigating,,1.4394828628190495,0.024414533101809632,-0.5673783482540005,2.660298836163647,-2.7999784350655146,-0.2526005753583192,-0.469981242530724,1.4838063716888428,-0.574980784577277,0.574980784577277,0.09847392600022431,pixhawk_fused,True,0.8,0.2,gyro,-1.0,0.030769802629947662,-0.20222003757953644,0.02898004336165783
24.579886500025168,10197.284980044,odom,navigating,,1.4416282888798564,0.022283276485171255,-0.5628010721265594,2.6629986952238087,-2.8013407378232067,-0.24802329923087812,-0.4635115183875825,1.4792672395706177,-0.5708752057971027,0.5708752057971027,0.08690884499992535,pixhawk_fused,True,0.8,0.2,gyro,-1.0,0.028204884380102158,0.03369326516985893,0.029008818007235575
24.579994900035672,10197.405957608,odom,navigating,,1.4446160129639005,0.01938591019505287,-0.5463307625095243,2.666736657682902,-2.803170727789272,-0.23155298961384302,-0.43992141895715997,1.4653161764144897,-0.5561789008760418,0.5561789008760418,0.017330206999758957,pixhawk_fused,True,0.8,0.2,gyro,-1.0,0.033686865121126175,0.2530253529548645,0.02899831340593672
24.580048199975863,10197.523578636,odom,navigating,,1.4474235870076304,0.016822543634352816,-0.5397644065622046,2.6701999136936805,-2.804738904418147,-0.22498663366652333,-0.406962423268935,1.4653161764144897,-0.5561789008760418,0.5561789008760418,0.13556785400032823,pixhawk_fused,True,0.8,0.2,gyro,-1.0,0.03624541312456131,0.2041667252779007,0.028874365824141424
24.905931500019506,10197.624100879,odom,navigating,,1.4506981372285739,0.014014180795403508,-0.5135103461620936,2.6741830532175457,-2.806395461244246,-0.1987325732664123,-0.37703993770278915,1.4392566680908203,-0.530836147704121,0.530836147704121,0.054849348998686764,pixhawk_fused,True,0.8,0.2,gyro,-1.0,0.05918781831860542,0.3044223487377167,0.02859992585873679
24.9060147999553,10197.744000035,odom,navigating,,1.455606712568029,0.010088534525787174,-0.45950334962128675,2.6800658470982297,-2.808608501382754,-0.1447255767256055,-0.32847119750067366,1.3842823505401611,-0.4754780543529953,0.4754780543529953,0.06987991000096372,pixhawk_fused,True,0.8,0.2,gyro,-1.0,0.04870914667844772,0.5054493546485901,0.02798508110443498
24.90606409998145,,mission_status,reached,reached waypoint 2/4,1.455606712568029,0.010088534525787174,-0.45950334962128675,,,,,,,,,,,,,,,,,
25.2432712999871,,mission_status,turning,aligning for waypoint 3/4,1.455606712568029,0.010088534525787174,-0.45950334962128675,,,,,,,,,,,,,,,,,
25.24336049996782,10197.863779286,odom,turning,,1.4597377783539929,0.0071440976423353675,-0.4483081789581973,2.684905546698256,-2.810129264635235,-0.13353040606251604,-0.2721052690020768,1.3842823505401611,-0.4754780543529953,0.4754780543529953,0.18991776800066873,pixhawk_fused,True,0.8,0.2,gyro,-1.0,0.030880600214004517,0.202948197722435,0.027210257599881705
25.24345639999956,10197.964502896,odom,turning,,1.4608086795969877,0.006423182359737267,-0.40897321148481497,2.6861470285275075,-2.8104832013309444,-0.0941954385891337,-0.28884414810781456,1.3311092853546143,-0.4222368097984756,0.4222368097984756,0.0944166059998679,pixhawk_fused,True,0.8,0.2,gyro,-1.0,0.020657319575548172,-0.27152103185653687,0.026979053809598
25.243520500021987,10198.083480883,odom,turning,,1.4625770297189762,0.00516834028689761,-0.3970002894972051,2.6882169967232135,-2.811128896654198,-0.08222251660152385,-0.32152845496306853,1.3165299892425537,-0.3991333779329027,0.3991333779329027,0.09437893999893276,pixhawk_fused,True,0.8,0.2,gyro,-1.0,0.023083103820681572,-0.30340567231178284,0.025811427243996057
25.243579100002535,10198.185619174,odom,turning,,1.464420654869587,0.0037658607734420424,-0.4272938196973313,2.690404250639472,-2.811891669744599,-0.11251604680165006,-0.35644060002725436,1.342741847038269,-0.4282738743358816,0.4282738743358816,0.09299662999910652,pixhawk_fused,True,0.8,0.2,gyro,-1.0,0.028396688401699066,-0.37324774265289307,0.023617290066111428
25.579838300007395,10198.304725196,odom,turning,,1.467102116298538,0.0015392381800479193,-0.4641119731190776,2.693643332879407,-2.8131786933695966,-0.14933420022339633,-0.40896133480010577,1.3764327764511108,-0.4611700694793428,0.4611700694793428,0.011903020998943248,pixhawk_fused,True,0.8,0.2,gyro,-1.0,0.04104071855545044,-0.5394415855407715,0.02027124238569978
25.57989809999708,10198.424226286,odom,turning,,1.4701203350220011,-0.0012705174579557554,-0.5504411816051997,2.6973831669191477,-2.8149159361169267,-0.23566340870951846,-0.47112564624997316,1.4640276432037354,-0.5535336308711732,0.5535336308711732,0.03320040099970356,pixhawk_fused,True,0.8,0.2,gyro,-1.0,0.03847375512123108,-0.5057013034820557,0.01625347406904107
25.579929700004868,10198.524312834,odom,turning,,1.4723676971932342,-0.003609924157298827,-0.5602122927248655,2.7002443978217716,-2.816444601598807,-0.24543451982918424,-0.5200147965889969,1.4640276432037354,-0.5535336308711732,0.5535336308711732,0.13313282200033427,pixhawk_fused,True,0.8,0.2,gyro,-1.0,0.03873053193092346,-0.5090763568878174,0.013056946296369248
25.93978509993758,10198.644074475,odom,turning,,1.4750773198059663,-0.00676294033938335,-0.6122216370411152,2.703797073796801,-2.8186037818053586,-0.29744386414543394,-0.5826674168086963,1.513138771057129,-0.6028825037711824,0.6028825037711824,0.07566134899934696,pixhawk_fused,True,0.8,0.2,gyro,-1.0,0.04359055310487747,-0.5729568004608154,0.008927460110402026
25.93989010003861,10198.764763007,odom,turning,,1.4779851015760972,-0.010644667160786714,-0.7060522178061017,2.7077637850016525,-2.821394516503608,-0.39127444491042046,-0.655756968115447,1.6142208576202393,-0.7018971357578004,0.7018971357578004,0.08923500899982173,pixhawk_fused,True,0.8,0.2,gyro,-1.0,0.04900948703289032,-0.6441835761070251,0.004083195652300849
25.939945599995553,10198.884046119,odom,turning,,1.480873813740928,-0.015186779836474262,-0.7828889511917252,2.7119168224575945,-2.824819093181013,-0.46811117829604393,-0.736887998002031,1.6890264749526978,-0.7776607390874589,0.7776607390874589,0.012634415999855264,pixhawk_fused,True,0.8,0.2,gyro,-1.0,0.048825908452272415,-0.641770601272583,0.001297637604771798
26.279680399922654,10199.003942721,odom,turning,,1.4832330893683716,-0.01963676863442737,-0.8915357436857303,2.7155379151029457,-2.828319988758139,-0.576757970790049,-0.8128157428110365,1.8053808212280273,-0.8944795651668275,0.8944795651668275,0.016302298001392046,pixhawk_fused,True,0.8,0.2,gyro,-1.0,0.046469639986753464,-0.6107996702194214,0.006305785931452597
26.279784700018354,10199.104668795,odom,turning,,1.4847491808270177,-0.023023803189085756,-0.902713703772035,2.718028157130631,-2.8310712123093937,-0.5879359308763537,-0.868739135178095,1.8053808212280273,-0.8944795651668275,0.8944795651668275,0.1167394330004754,pixhawk_fused,True,0.8,0.2,gyro,-1.0,0.04176526144146919,-0.5489650368690491,0.009961134417371653
26.2798459000187,10199.22405411,odom,turning,,1.486383513051799,-0.02739171197365703,-0.961018455702084,2.720934513922191,-2.834718507083805,-0.6462406828064027,-0.93902111664925,1.860594391822815,-0.9497901536458695,0.9497901536458695,0.061389406999296625,pixhawk_fused,True,0.8,0.2,gyro,-1.0,0.046161603182554245,-0.6067507863044739,0.01449548870441773
26.599420999991708,10199.324842184,odom,turning,,1.4875628524106086,-0.031309231210093935,-1.0182751280573015,2.7232687908959505,-2.8380784102521814,-0.7034973551616202,-1.0006971271880545,1.916623830795288,-1.0059419932001794,1.0059419932001794,0.05358574199999566,pixhawk_fused,True,0.8,0.2,gyro,-1.0,0.051457375288009644,-0.6763587594032288,0.01840194239829145
26.599481799989007,10199.424871289,odom,turning,,1.4884771927566904,-0.03519229750052266,-1.125695493113475,2.725340422718898,-2.841487598377599,-0.8109177202177937,-1.0608167900037397,2.0335187911987305,-1.1251836289995873,1.1251836289995873,0.02892865899957542,pixhawk_fused,True,0.8,0.2,gyro,-1.0,0.04346492514014244,-0.571305513381958,0.022131516522545126
26.599513199995272,10199.543740187,odom,turning,,1.4892417820197612,-0.03975290414653443,-1.1396297220099678,2.727479431445142,-2.8455873997618006,-0.8248519491142865,-1.1305036810277316,2.0335187911987305,-1.1251836289995873,1.1251836289995873,0.14795509099894844,pixhawk_fused,True,0.8,0.2,gyro,-1.0,0.04630700498819351,-0.6086620092391968,0.02633872779968305
26.92195410002023,10199.644565482,odom,turning,,1.4896396288393259,-0.043636415304344645,-1.1954895768021458,2.729060085278331,-2.849156919962654,-0.8807118039064645,-1.1893415912369227,2.0893702507019043,-1.1802990111345018,1.1802990111345018,0.07056573299996671,pixhawk_fused,True,0.8,0.2,gyro,-1.0,0.046163905411958694,-0.6067810654640198,0.029779570711685143
26.922069699969143,10199.763570914,odom,turning,,1.4898151946341027,-0.048518958052058025,-1.3013628881218715,2.7307386851653854,-2.853745203895752,-0.9865851152261902,-1.262965239056948,2.2039108276367188,-1.2942343560689653,1.2942343560689653,0.08321481500024674,pixhawk_fused,True,0.8,0.2,gyro,-1.0,0.0437234602868557,-0.5747036933898926,0.033923863706095216
26.922129399958067,10199.865209863,odom,turning,,1.4897008627530417,-0.052333241778861395,-1.3128641481198624,2.7318108929227756,-2.85740747131534,-0.9980863752241811,-1.320475547319959,2.2039108276367188,-1.2942343560689653,1.2942343560689653,0.18437375299981795,pixhawk_fused,True,0.8,0.2,gyro,-1.0,0.04615010321140289,-0.6065996885299683,0.03702065514085555
27.25915149995126,10199.983668082,odom,turning,,1.489285883988513,-0.05680086534180262,-1.4169609964384662,2.732799503411261,-2.861784058681909,-1.1021832235427849,-1.3881025617552583,2.3175084590911865,-1.407447926186916,1.407447926186916,0.10738040700016427,pixhawk_fused,True,0.8,0.2,gyro,-1.0,0.04358837753534317,-0.5729281902313232,0.04049056768987548
27.259239599923603,10200.085043313,odom,turning,,1.4887142307998718,-0.06047214846357346,-1.4720921848440849,2.7333925865229904,-2.8654519408434385,-1.1573144119484036,-1.4441022352747805,2.37229061126709,-1.4623620034092633,1.4623620034092633,0.09279294900079549,pixhawk_fused,True,0.8,0.2,gyro,-1.0,0.041024357080459595,-0.5392265319824219,0.04321287958363078
27.259295900003053,10200.203945118,odom,turning,,1.4878060102476398,-0.06463439187307535,-1.5286585444659413,2.73381764328329,-2.8696908630557423,-1.21388077157026,-1.5083266223737986,2.426645517349243,-1.51701388963401,1.51701388963401,0.033491637999759405,pixhawk_fused,True,0.8,0.2,gyro,-1.0,0.041141215711832047,-0.5407625436782837,0.04615364736180589
27.599220899981447,10200.324970091,odom,turning,,1.4865498791229625,-0.06899062662977434,-1.5841970599102333,2.733971944709974,-2.8742219598024006,-1.269419287014552,-1.5766553716713885,2.4787254333496094,-1.5693548978203502,1.5693548978203502,0.0284801489997335,pixhawk_fused,True,0.8,0.2,gyro,-1.0,0.043714720755815506,-0.5745888352394104,0.04906043221753403
27.599310399964452,10200.42517362,odom,turning,,1.4852493039463261,-0.07262227412485539,-1.6668920060832735,2.7338596498711474,-2.878077831842262,-1.3521142331875922,-1.6347914443760045,2.566330909729004,-1.6581894124382701,1.6581894124382701,0.06931955099935294,pixhawk_fused,True,0.8,0.2,gyro,-1.0,0.04629543051123619,-0.6085098385810852,0.05134189555625457
27.599410900031216,10200.543805523,odom,turning,,1.4834560864721829,-0.07677957470606916,-1.6984841686053118,2.7334416635266257,-2.882586053714345,-1.3837063957096305,-1.7030286811553639,2.5883824825286865,-1.6806208814018933,1.6806208814018933,0.07294167500003823,pixhawk_fused,True,0.8,0.2,gyro,-1.0,0.043758463114500046,-0.5751637816429138,0.05378320299123679
27.94021489995066,10200.644387953,odom,turning,,1.4816389594839168,-0.08033729038214554,-1.8007037424507613,2.7328153078700588,-2.8865315536718623,-1.48592596955508,-1.7645978350998053,2.7016754150390625,-1.7930023698443143,1.7930023698443143,0.06221928199920512,pixhawk_fused,True,0.8,0.2,gyro,-1.0,0.04886007308959961,-0.6422196626663208,0.05571426867556256
27.940302400034852,10200.765505832,odom,turning,,1.479907751076434,-0.08323014257647832,-1.8669860222483396,2.732064804030567,-2.8898182572415965,-1.5522082493526583,-1.8578291150679211,2.76179838180542,-1.852547645472881,1.852547645472881,0.07497651099947689,pixhawk_fused,True,0.8,0.2,gyro,-1.0,0.02640453353524208,-0.9150317311286926,0.057142472837495836
27.940354999969713,10200.883738353,odom,turning,,1.4781872002123881,-0.08552941624597449,-1.8866150590562982,2.731140659097704,-2.89253724801504,-1.571837286160617,-1.9560803927033668,2.76179838180542,-1.852547645472881,1.852547645472881,0.19348128599995107,pixhawk_fused,True,0.8,0.2,gyro,-1.0,0.028396690264344215,-0.9161535501480103,0.05808476097899224
28.242137799970806,10200.984128786,odom,turning,,1.4768092054612916,-0.08703656257444448,-2.028535600893715,2.7302969921326667,-2.894396975318054,-1.7137578279980337,-2.0508528251887252,2.9123826026916504,-2.006231309735176,2.006231309735176,0.09652175799965335,pixhawk_fused,True,0.8,0.2,gyro,-1.0,0.02821127325296402,-0.910171627998352,0.05856237688967609
28.242227499955334,10201.084131688,odom,turning,,1.4755874305793866,-0.08816198775639056,-2.1176709484066447,2.729483686364794,-2.8958453707855134,-1.8028931755109634,-2.13671401988587,3.0045406818389893,-2.0961846071118084,2.0961846071118084,0.014682622000691481,pixhawk_fused,True,0.8,0.2,gyro,-1.0,0.015427187085151672,-0.8111032843589783,0.058811113316638006
28.242335799965076,10201.186069411,odom,turning,,1.4742835787606208,-0.08917342743106116,-2.198649790501045,2.728557045991068,-2.8972107928442843,-1.8838720176053638,-2.2072707096924327,3.087064027786255,-2.179767702066299,2.179767702066299,0.007927217000542441,pixhawk_fused,True,0.8,0.2,gyro,-1.0,0.016730159521102905,-0.5340481400489807,0.05891945184563611
28.58061780000571,10201.305342877,odom,turning,,1.4732748535339597,-0.08986215253964824,-2.2123478027464967,2.7278111171264916,-2.8981779841320305,-1.8975700298508154,-2.2758436894694767,3.087064027786255,-2.179767702066299,2.179767702066299,0.12711031500111858,pixhawk_fused,True,0.8,0.2,gyro,-1.0,0.0025726109743118286,-0.6424765586853027,0.05892555899522973
28.58070539997425,10201.424380719,odom,turning,,1.4721140690194408,-0.09052957878020063,-2.357091738351162,2.726914006136309,-2.8991720014090525,-2.042313965455481,-2.3457441979843505,-3.033367872238159,-2.343201002442237,2.343201002442237,0.054312693000611034,pixhawk_fused,True,0.8,0.2,gyro,-1.0,0.007749216631054878,-0.5092194676399231,0.058828903375727305
28.580758800031617,10201.524787208,odom,turning,,1.470745522425073,-0.09121311870321264,-2.423592194713984,2.7258243302928795,-2.9002456648402792,-2.1088144218183027,-2.3814039423507882,-2.9606635570526123,-2.41741110136449,2.41741110136449,0.04821887000071001,pixhawk_fused,True,0.8,0.2,gyro,-1.0,0.015430397354066372,-0.270420104265213,0.05862930884943056
28.919874100014567,10201.644181173,odom,turning,,1.4708650256221323,-0.09115842614592784,-2.4476581247923845,2.7259210286263134,-2.9001566607828386,-2.1328803518967034,-2.4022931901352647,-2.9381580352783203,-2.442270963259932,2.442270963259932,0.05390392300068925,pixhawk_fused,True,0.8,0.2,gyro,-1.0,-0.0025647892616689205,-0.1685788482427597,0.05865087690700915
28.91997349995654,10201.763990279,odom,turning,,1.4707397328781786,-0.09121276449967564,-2.4504438992635564,2.725818715550938,-2.900247120514116,-2.1356661263678753,-2.4162244922286598,-2.9381580352783203,-2.442270963259932,2.442270963259932,0.17354019900085405,pixhawk_fused,True,0.8,0.2,gyro,-1.0,0.0025816468987613916,-0.10179995000362396,0.058625774715128594
28.920021699974313,10201.864115606,odom,turning,,1.4705262578777816,-0.0913055310266705,-2.4715084304364554,2.7256444505973514,-2.9004014219407996,-2.1567306575407743,-2.419718789524234,-2.911196231842041,-2.467726760343608,2.467726760343608,0.05148203699900478,pixhawk_fused,True,0.8,0.2,gyro,-1.0,0.0,0.0,0.05858315808739086
29.261042700032704,10201.964753203,odom,turning,,1.4705262578777816,-0.0913055310266705,-2.4715084304364554,2.7256444505973514,-2.9004014219407996,-2.1567306575407743,-2.419718789524234,-2.911196231842041,-2.467726760343608,2.467726760343608,0.15136710999831848,pixhawk_fused,True,0.8,0.2,gyro,-1.0,0.0,0.0,0.05858315808739086
29.261121499934234,10202.083961004,odom,turning,,1.470565465318147,-0.09128855402850816,-2.4734668422210824,2.7256764754217575,-2.9003731402776878,-2.1586890693254013,-2.420359697097487,-2.9095633029937744,-2.470014369890053,2.470014369890053,0.011634062999291928,pixhawk_fused,True,0.8,0.2,gyro,-1.0,-0.0025812580715864897,-0.03392820805311203,0.05859103554169934
29.26116999995429,10202.204171585,odom,turning,,1.4704041059778015,-0.09135761156350397,-2.475700797513516,2.7255444250094336,-2.9004887623709985,-2.160923024617835,-2.426936215171697,-2.9078004360198975,-2.471163221727085,2.471163221727085,0.01627531800113502,pixhawk_fused,True,0.8,0.2,gyro,-1.0,0.005163293797522783,-0.20359990000724792,0.058557942950133154
29.580577799933963,10202.304791979,odom,turning,,1.4701154444397682,-0.09147576048480138,-2.4814830162187484,2.725306526313845,-2.9006904771740762,-2.1667052433230674,-2.455851596338927,-2.9078004360198975,-2.471163221727085,2.471163221727085,0.11660999500054459,pixhawk_fused,True,0.8,0.2,gyro,-1.0,0.007745329290628433,-0.3732852041721344,0.058494275392906935
29.58069059997797,10202.424383108,odom,turning,,1.4693151095769248,-0.09177635054148098,-2.526508137637717,2.724638579976231,-2.9012240856119083,-2.211730364742036,-2.4770918202419794,-2.8649790287017822,-2.522133423994255,2.522133423994255,0.048465886000485625,pixhawk_fused,True,0.8,0.2,gyro,-1.0,0.0025819058064371347,-0.033936720341444016,0.05829538972798127
29.580750399967656,10202.524727858,odom,turning,,1.469271947423413,-0.09179203987065221,-2.5413582467869436,2.7246023960837205,-2.90125236727502,-2.2265804738912625,-2.4777784584823577,-2.853384017944336,-2.540521972726059,2.540521972726059,0.036317571999461506,pixhawk_fused,True,0.8,0.2,gyro,-1.0,0.0,0.0,0.0582842316253699
29.899257499957457,,mission_status,navigating,going to waypoint 3/4,1.469271947423413,-0.09179203987065221,-2.5413582467869436,,,,,,,,,,,,,,,,,
29.899302499950863,10202.626840875,odom,navigating,,1.469271947423413,-0.09179203987065221,-2.5413582467869436,2.7246023960837205,-2.90125236727502,-2.2265804738912625,-2.4777784584823577,-2.853384017944336,-2.540521972726059,2.540521972726059,0.13820203700015554,pixhawk_fused,True,0.8,0.2,gyro,-1.0,0.0,0.0,0.0582842316253699
29.899360799929127,10202.743486776,odom,navigating,,1.469271947423413,-0.09179203987065221,-2.5406346172436507,2.7246023960837205,-2.90125236727502,-2.2258568443479696,-2.4777784584823577,-2.853525161743164,-2.539617605606985,2.539617605606985,0.08103040999958466,pixhawk_fused,True,0.8,0.2,gyro,-1.0,0.0,0.0,0.0582842316253699
29.89940170000773,10202.843564883,odom,navigating,,1.4691875913023456,-0.0918227471826471,-2.540505618423017,2.724531691925941,-2.9013076828808124,-2.2257278455273357,-2.476420393317673,-2.8532700538635254,-2.5397955816760254,2.5397955816760254,0.023141091000070446,pixhawk_fused,True,0.8,0.2,gyro,-1.0,0.005145737435668707,0.06763587146997452,0.0582624607586907
30.23959090001881,10202.944430328,odom,navigating,,1.4666710842721167,-0.09277766948161914,-2.5361464850110957,2.722434481834149,-2.9029948088574815,-2.2213687121154146,-2.4546003457201566,-2.8532700538635254,-2.5397955816760254,2.5397955816760254,0.1233685469996999,pixhawk_fused,True,0.8,0.2,gyro,-1.0,0.043740950524806976,0.10145886987447739,0.057645198563293004
30.239670699927956,10203.064455505,odom,navigating,,1.4576396067020387,-0.09636800002083784,-2.5336853826840624,2.714958348962557,-2.909204921398005,-2.2189076097883813,-2.4430189890122036,-2.854401111602783,-2.539609646743123,2.539609646743123,0.09220068399918091,pixhawk_fused,True,0.8,0.2,gyro,-1.0,0.11793327331542969,0.0673966184258461,0.05556516173627809
30.23971889994573,10203.183652271,odom,navigating,,1.4420985326242997,-0.10267596988927818,-2.51395844850619,2.702133862461734,-2.920014547355509,-2.199180675610509,-2.4404401617688336,-2.878814935684204,-2.515603868609254,2.515603868609254,0.10234771700015699,pixhawk_fused,True,0.8,0.2,gyro,-1.0,0.17296166718006134,-0.03393164277076721,0.05209350085036285
30.581509099924006,10203.285754715,odom,navigating,,1.425528455323996,-0.10936753794716969,-2.5149602741031822,2.688449696583671,-2.931507508202614,-2.200182501207501,-2.4486342246958674,-2.8791961669921875,-2.514809869746637,2.514809869746637,0.09137501300028816,pixhawk_fused,True,0.8,0.2,gyro,-1.0,0.21659629046916962,-0.1265977919101715,0.0483637469060608
30.581616599927656,10203.40417692,odom,navigating,,1.4037683538154848,-0.11786009095386502,-2.53797581238589,2.6703881115254178,-2.9463198213040753,-2.223198039490209,-2.462748613183658,-2.8568215370178223,-2.5400478347343918,2.5400478347343918,0.015396054999655462,pixhawk_fused,True,0.8,0.2,gyro,-1.0,0.2333144098520279,-0.10109997540712357,0.04322137553141971
30.58167039998807,10203.52455937,odom,navigating,,1.379850765493119,-0.12690549148262353,-2.5379971356553788,2.650446211777033,-2.9623257869515833,-2.2232193627596977,-2.4628553583204864,-2.8568215370178223,-2.5400478347343918,2.5400478347343918,0.13591896499929135,pixhawk_fused,True,0.8,0.2,gyro,-1.0,0.25307756662368774,0.13577412068843842,0.03732951060285918
30.90003619994968,10203.625131691,odom,navigating,,1.3581208827489932,-0.13530859441814785,-2.5433151100425926,2.632385666485806,-2.977043689207068,-2.2285373371469115,-2.448786746464098,-2.8480308055877686,-2.5502023795349116,2.5502023795349116,0.05454724700030056,pixhawk_fused,True,0.8,0.2,gyro,-1.0,0.2735859155654907,0.20354878902435303,0.03212992905145873
30.900124000036158,10203.743799541,odom,navigating,,1.3311918457283862,-0.14629702643299336,-2.532197462621392,2.6101818575486835,-2.9958295759757534,-2.217419689725711,-2.4217787348404802,-2.85758376121521,-2.543044146309566,2.543044146309566,0.07359038800132112,pixhawk_fused,True,0.8,0.2,gyro,-1.0,0.2778697907924652,0.3381793200969696,0.026162583035710296
30.90017799998168,10203.843848241,odom,navigating,,1.3085027631847295,-0.15634232466230674,-2.514428832034416,2.591717674697896,-3.0124059578138205,-2.199651059138735,-2.3919630361064277,-2.871366262435913,-2.5282737189633364,2.5282737189633364,0.055308548000539304,pixhawk_fused,True,0.8,0.2,gyro,-1.0,0.28129205107688904,0.2688045799732208,0.02178694306467211
31.22164080000948,10203.94404981,odom,navigating,,1.287309700976593,-0.16650010092514478,-2.4841445856883873,2.5747108293109933,-3.0286261154687204,-2.169366812792706,-2.3612775867986318,-2.901062488555908,-2.4980892630917544,2.4980892630917544,0.073869920001016,pixhawk_fused,True,0.8,0.2,gyro,-1.0,0.26765865087509155,0.3382808268070221,0.018341886377008478
31.22172849997878,10204.064851216,odom,navigating,,1.2613119624925362,-0.18005945854375668,-2.436567140461051,2.5541885316085984,-3.049568271096284,-2.12178936756537,-2.327036840343934,-2.95184588432312,-2.447192588756751,2.447192588756751,0.083658920999369,pixhawk_fused,True,0.8,0.2,gyro,-1.0,0.28459230065345764,0.23589982092380524,0.015026273393899392
31.221783999935724,10204.165295854,odom,navigating,,1.2398729318197919,-0.19192173158446874,-2.4132437441225476,2.537475524383292,-3.067485328537899,-2.0984659712268665,-2.3123273947548535,-2.9759950637817383,-2.4217233064872734,2.4217233064872734,0.0757174259997555,pixhawk_fused,True,0.8,0.2,gyro,-1.0,0.2871208190917969,0.20226870477199554,0.012856006766314968
31.559534700005315,10204.28353836,odom,navigating,,1.2143839874102729,-0.20647015667772076,-2.411533418238366,2.5177432416673837,-3.0892104287361715,-2.096755645342685,-2.3037520246819434,-2.9759950637817383,-2.4217233064872734,2.4217233064872734,0.19455638399995223,pixhawk_fused,True,0.8,0.2,gyro,-1.0,0.28653404116630554,0.03392995521426201,0.010644795716273431
31.559623099979945,10204.384228717,odom,navigating,,1.1933291260143868,-0.21863225724799765,-2.396864606511166,2.5014883557938097,-3.1072936409485687,-2.082086833615485,-2.302546488352087,-2.9951164722442627,-2.4036994567615504,2.4036994567615504,0.036495124999419204,pixhawk_fused,True,0.8,0.2,gyro,-1.0,0.27625006437301636,0.03393501043319702,0.008938020782807072
31.55967869993765,10204.50408464,odom,navigating,,1.1682150140543242,-0.2331128982948403,-2.397355446971786,2.4820915019205447,-3.1288382375910975,-2.082577674076105,-2.3059950560037796,-2.9948172569274902,-2.403452782417607,2.403452782417607,0.11406259499926819,pixhawk_fused,True,0.8,0.2,gyro,-1.0,0.2794645130634308,-0.033699993044137955,0.006880446145914805
31.88170489994809,10204.604184951,odom,navigating,,1.1472178350765465,-0.24512538213042037,-2.4003194164707415,2.465845142136585,-3.146761325681464,-2.0855416435750604,-2.3107252566817085,-2.9922773838043213,-2.4059762672381066,2.4059762672381066,0.036929709998730686,pixhawk_fused,True,0.8,0.2,gyro,-1.0,0.274343878030777,-0.16859400272369385,0.005081975041683361
31.881810799939558,10204.724064114,odom,navigating,,1.1216850743274094,-0.2595202291101061,-2.4097692110962896,2.446023647409831,-3.1683539595606023,-2.0949914382006085,-2.3175154457324347,-2.981478214263916,-2.416089327142533,2.416089327142533,0.04934883399982937,pixhawk_fused,True,0.8,0.2,gyro,-1.0,0.2813359200954437,-0.033832915127277374,0.002718972662992572
31.881876399973407,10204.825136558,odom,navigating,,1.1001083102033777,-0.2715200507229526,-2.4106037568445813,2.4292222599873,-3.186444450142183,-2.0958259839489,-2.3216963314751093,-2.981478214263916,-2.416089327142533,2.416089327142533,0.15039401899957738,pixhawk_fused,True,0.8,0.2,gyro,-1.0,0.2788178324699402,0.0,0.0005855942470495051
32.240495300036855,10204.944567284,odom,navigating,,1.074938761638816,-0.2853783756781704,-2.417825006936793,2.409580021095858,-3.2074144715260484,-2.103047234041112,-2.324503881665615,-2.973212957382202,-2.4244112722137534,2.4244112722137534,0.07364221999887377,pixhawk_fused,True,0.8,0.2,gyro,-1.0,0.2752969563007355,-0.03381786495447159,0.0020187056577821716
32.24060160003137,10205.065445375,odom,navigating,,1.0498541857070947,-0.2991906664207328,-2.422742617278309,2.3900043272940916,-3.2283144126123493,-2.1079648443826278,-2.3183546486934308,-2.9659976959228516,-2.4320872015812958,2.4320872015812958,0.07798748000095657,pixhawk_fused,True,0.8,0.2,gyro,-1.0,0.2717728316783905,0.13479997217655182,0.004613590573438764
32.24065369996242,10205.18413991,odom,navigating,,1.0245530050853489,-0.31345796392809994,-2.416927998267587,2.3703635440764863,-3.2497140657314296,-2.102150225371906,-2.3066664058669484,-2.9714059829711914,-2.427735553489026,2.427735553489026,0.02173022600072727,pixhawk_fused,True,0.8,0.2,gyro,-1.0,0.2759939432144165,0.033994488418102264,0.006952665863626662
32.55771269998513,10205.284826787,odom,navigating,,1.0033668025409157,-0.32574066760212395,-2.4076019346785995,2.3540211098193082,-3.2679526191375374,-2.0928241617829184,-2.295252847945746,-2.979767084121704,-2.4189292556577886,2.4189292556577886,0.014339814000777551,pixhawk_fused,True,0.8,0.2,gyro,-1.0,0.27880385518074036,0.06786328554153442,0.008633016807065507
32.55779370001983,10205.386129875,odom,navigating,,0.9816612475488983,-0.33864180384246534,-2.39463740276186,2.337376311310919,-3.2869400127558954,-2.079859629866179,-2.285563570926163,-2.993797540664673,-2.405149175212678,2.405149175212678,0.038208689000384766,pixhawk_fused,True,0.8,0.2,gyro,-1.0,0.28476983308792114,0.031454071402549744,0.010091590595469218
32.55784969998058,10205.503886186,odom,navigating,,0.9574026065062237,-0.35329732593929525,-2.3911527086469,2.3188470390442935,-3.3083860394843425,-2.076374935751219,-2.280619587711537,-2.996652841567993,-2.4020278771752084,2.4020278771752084,0.10729895000076795,pixhawk_fused,True,0.8,0.2,gyro,-1.0,0.26664504408836365,0.06739998608827591,0.011525408737785459
32.90072879998479,10205.604500008,odom,navigating,,0.937084821672619,-0.3656593993772604,-2.3878950493147433,2.30335492626112,-3.326431196223582,-2.073117276419062,-2.279231114341173,-3.0003464221954346,-2.398304739990231,2.398304739990231,0.029855422999389702,pixhawk_fused,True,0.8,0.2,gyro,-1.0,0.2742137610912323,0.03368494287133217,0.012653903856199874
32.90082869993057,10205.724294711,odom,navigating,,0.9127411132648735,-0.3804982679032462,-2.3875477063990362,2.284801531399487,-3.348077897988081,-2.072769933503355,-2.2765456083271354,-2.9998786449432373,-2.3985396511535684,2.3985396511535684,0.03552608599966334,pixhawk_fused,True,0.8,0.2,gyro,-1.0,0.25035691261291504,0.16962400078773499,0.01398340333361661
32.90088430000469,10205.844197171,odom,navigating,,0.8873378930963126,-0.396042130128908,-2.3880587865603626,2.2654589533649885,-3.370722984051112,-2.0732810136646815,-2.2791090629485113,-2.9998786449432373,-2.3985396511535684,2.3985396511535684,0.1554218609999225,pixhawk_fused,True,0.8,0.2,gyro,-1.0,0.2881324887275696,-0.06762909889221191,0.015321741384351818
33.25980789994355,10205.963980651,odom,navigating,,0.8628532679445344,-0.4108449571116817,-2.391617240238925,2.2467604070265015,-3.3923790437188464,-2.0768394673432438,-2.2934064887722703,-2.9980010986328125,-2.3994224879834394,2.3994224879834394,0.0844618539995281,pixhawk_fused,True,0.8,0.2,gyro,-1.0,0.25894659757614136,-0.16841085255146027,0.01675998358171135
33.25988879997749,10206.084495453,odom,navigating,,0.8415961505292935,-0.4231714925834074,-2.406673179137751,2.2303641128373677,-3.410681230866956,-2.09189540624207,-2.313609196280762,-2.983065605163574,-2.4131953270379047,2.4131953270379047,0.09169312099948002,pixhawk_fused,True,0.8,0.2,gyro,-1.0,0.2322549968957901,-0.13567888736724854,0.018443705961018436
33.25993609998841,10206.203823108,odom,navigating,,0.8228002757977804,-0.4335871108605005,-2.4234096809393897,2.2157164988328524,-3.426404379883345,-2.1086319080437086,-2.3256330912579912,-2.965578317642212,-2.431106709936593,2.431106709936593,0.03364417300144851,pixhawk_fused,True,0.8,0.2,gyro,-1.0,0.187164306640625,0.033699993044137955,0.02033330500853979
33.581721600028686,10206.304151066,odom,navigating,,0.8094052620244886,-0.44090068067063837,-2.4360672360079887,2.205243965345234,-3.4375057644683933,-2.1212894631123076,-2.3298597599056072,-2.951617479324341,-2.4458650899920205,2.4458650899920205,0.005604793999737012,pixhawk_fused,True,0.8,0.2,gyro,-1.0,0.16665314137935638,-0.10109997540712357,0.021770427637298983
33.5818032999523,10206.42383203,odom,navigating,,0.7956881453257632,-0.4483746546563395,-2.4368949219907288,2.1945148173555555,-3.448859396533991,-2.1221171490950477,-2.323710460545157,-2.9470720291137695,-2.448430216411088,2.448430216411088,0.06182175399953849,pixhawk_fused,True,0.8,0.2,gyro,-1.0,0.1394052952528,0.06781896948814392,0.023254920449157106
33.58184989995789,10206.524458483,odom,navigating,,0.7868878011159264,-0.4532446192379529,-2.43583020352943,2.1876546424702688,-3.456214708477142,-2.121052430633749,-2.31974314545151,-2.9477667808532715,-2.4480880021545626,2.4480880021545626,0.055480676999650314,pixhawk_fused,True,0.8,0.2,gyro,-1.0,0.10326587408781052,0.06786664575338364,0.02414518780883476
33.92414050002117,10206.645386778,odom,navigating,,0.7801672864112453,-0.45696870782057375,-2.4313355168255226,2.182417335959433,-3.461836520834256,-2.1165577439298415,-2.322016758915284,-2.953051805496216,-2.4419082845989206,2.4419082845989206,0.05714083300154016,pixhawk_fused,True,0.8,0.2,gyro,-1.0,0.05929611995816231,0.09352701157331467,0.024820854800969776
33.92424329998903,10206.763891244,odom,navigating,,0.77630881601065,-0.4591092109031144,-2.4309568088851465,2.179411161533361,-3.4650664531243613,-2.1161790359894654,-2.3138685891958293,-2.9521610736846924,-2.4434637687690146,2.4434637687690146,0.001898578999316669,pixhawk_fused,True,0.8,0.2,gyro,-1.0,0.02820705622434616,-0.03370501846075058,0.025206805141539
33.92431759997271,10206.865364034,odom,navigating,,0.7732070966601201,-0.4608949109378111,-2.418044363324207,2.1770147064914362,-3.467724721503476,-2.1032665904285257,-2.2853040558891946,-2.9607880115509033,-2.4344435330591687,2.4344435330591687,0.0558306699986133,pixhawk_fused,True,0.8,0.2,gyro,-1.0,0.03075128234922886,0.336833655834198,0.025463189977140376
34.26300869998522,10206.983789427,odom,navigating,,0.7695958407386055,-0.4631694892443038,-2.39339846416781,2.174285110094326,-3.471005602377864,-2.078620691272129,-2.235789310842281,-2.9836487770080566,-2.4159679349325187,2.4159679349325187,0.09493201200166368,pixhawk_fused,True,0.8,0.2,gyro,-1.0,0.043883588165044785,0.44108879566192627,0.025599661273811008
34.26308980002068,10207.104715482,odom,navigating,,0.7653468410866812,-0.4661634815377004,-2.35143819540429,2.1711718396645576,-3.4751679977370413,-2.036660422508609,-2.1833448291003954,-3.022676944732666,-2.3766031153164393,2.3766031153164393,0.03951552000035008,pixhawk_fused,True,0.8,0.2,gyro,-1.0,0.051150958985090256,0.4033880829811096,0.025496942847090188
34.263158799964,,mission_status,reached,reached waypoint 3/4,0.7653468410866812,-0.4661634815377004,-2.35143819540429,,,,,,,,,,,,,,,,,
34.26318839995656,,mission_status,turning,aligning for waypoint 4/4,0.7653468410866812,-0.4661634815377004,-2.35143819540429,,,,,,,,,,,,,,,,,
34.26320649997797,10207.204731742,odom,turning,,0.7639256428218514,-0.4672276916259145,-2.300159738646447,2.170149956631234,-3.4766199284123895,-1.9853819657507656,-2.1944837853850414,-3.0817670822143555,-2.3098251883945946,2.3098251883945946,0.02610911600095278,pixhawk_fused,True,0.8,0.2,gyro,-1.0,0.015435667708516121,-0.20288732647895813,0.02541055799032039
34.58343979995698,10207.323724071,odom,turning,,0.7627637282872147,-0.4680631482677369,-2.304464900647415,2.169303794225334,-3.477774069811442,-1.9896871277517338,-2.216059765193338,-3.0817670822143555,-2.3098251883945946,2.3098251883945946,0.14566654700138315,pixhawk_fused,True,0.8,0.2,gyro,-1.0,0.012863700278103352,-0.16908122599124908,0.025368604168325242
34.58358670002781,10207.424363987,odom,turning,,0.7614646935516547,-0.4689543409797057,-2.334516303247859,2.1683445051669867,-3.4790236618234975,-2.019738530352178,-2.2398023593131016,-3.047321081161499,-2.3414498417339806,2.3414498417339806,0.05299853299948154,pixhawk_fused,True,0.8,0.2,gyro,-1.0,0.023146560415625572,-0.30423974990844727,0.0253572145406882
34.58364139997866,10207.526458582,odom,turning,,0.7594693638713848,-0.4702410165851202,-2.3704127283465666,2.166845577022055,-3.4808648812734453,-2.0556349554508855,-2.275599447878366,-3.0084261894226074,-2.3773710332177167,2.3773710332177167,0.04927139299979899,pixhawk_fused,True,0.8,0.2,gyro,-1.0,0.025635113939642906,-0.3369494378566742,0.025407840761673694
34.91978749993723,10207.643839049,odom,turning,,0.7565995920403235,-0.47192356237654287,-2.4094105723938073,2.1646377357186783,-3.4833532517204833,-2.094632799498126,-2.3257398452291196,-2.972557544708252,-2.4135897918007854,2.4135897918007854,0.051452893001624034,pixhawk_fused,True,0.8,0.2,gyro,-1.0,0.030871335417032242,-0.40577465295791626,0.025619877242611565
34.91987450001761,10207.744102194,odom,turning,,0.7538970374516526,-0.4733397230681292,-2.418597589732195,2.162506421268428,-3.4855365545220423,-2.103819816836514,-2.3717146563057865,-2.972557544708252,-2.4135897918007854,2.4135897918007854,0.1514015800003108,pixhawk_fused,True,0.8,0.2,gyro,-1.0,0.035896312445402145,-0.47182324528694153,0.025959061924886208
34.91992230003234,10207.86429741,odom,turning,,0.7501040629360123,-0.47507421372417113,-2.508825342452077,2.159436821053759,-3.488360145858319,-2.1940475695563957,-2.434580825019885,-2.8744874000549316,-2.510652058925438,2.510652058925438,0.04904663700108358,pixhawk_fused,True,0.8,0.2,gyro,-1.0,0.0411473847925663,-0.5408436059951782,0.026644802685299555
35.24080759997014,10207.984279241,odom,turning,,0.7459921742261919,-0.4766436289981206,-2.554239043663476,2.1560128682365702,-3.4911255102411296,-2.2394612707677948,-2.5009107304135862,-2.833315849304199,-2.550841832067776,2.550841832067776,0.0138556370002334,pixhawk_fused,True,0.8,0.2,gyro,-1.0,0.0437234602868557,-0.5747036933898926,0.027645844317413158
35.240895099937916,10208.084425683,odom,turning,,0.7424365471223651,-0.47775731317140774,-2.651821439878249,2.152976748520144,-3.4932853143078972,-2.337043666982568,-2.5570631413877773,-2.7253365516662598,-2.6587660367749217,2.6587660367749217,0.010852260998944985,pixhawk_fused,True,0.8,0.2,gyro,-1.0,0.04614780843257904,-0.6065694689750671,0.024748824888660183
35.240955199929886,10208.184525516,odom,turning,,0.7387838304406767,-0.4786788594540523,-2.6631610249400532,2.149788822817896,-3.4952924805752223,-2.348383252044372,-2.6138258419613702,-2.7253365516662598,-2.6587660367749217,2.6587660367749217,0.11064583999905153,pixhawk_fused,True,0.8,0.2,gyro,-1.0,0.04103662818670273,-0.5393878221511841,0.021943583254976314
35.558976299944334,10208.303981153,odom,turning,,0.7345507445249574,-0.47947529555188884,-2.72102983930301,2.1460103094447818,-3.4973603692368758,-2.406252066407329,-2.6787367088060514,-2.6697347164154053,-2.714874958541203,2.714874958541203,0.11384295399875555,pixhawk_fused,True,0.8,0.2,gyro,-1.0,0.0411473847925663,-0.5408436059951782,0.018917815520435758
35.559089399990626,10208.404154726,odom,turning,,0.7306303236875737,-0.4799650065382899,-2.819062440583775,2.142434134734961,-3.499039800937551,-2.504284667688094,-2.738276543909667,-2.5619940757751465,-2.822521826770115,2.822521826770115,0.025634364001234644,pixhawk_fused,True,0.8,0.2,gyro,-1.0,0.046166207641363144,-0.6068113446235657,0.01632112812789806
35.55914499994833,10208.504617886,odom,turning,,0.7266382485636976,-0.4802227476460652,-2.8762152869880433,2.1387180073834173,-3.500520845089633,-2.561437514092362,-2.7985639831055034,-2.50466251373291,-2.878892380800057,2.878892380800057,0.014196260999597143,pixhawk_fused,True,0.8,0.2,gyro,-1.0,0.04660291597247124,-0.6125514507293701,0.013876783813344064
35.89974779996555,10208.624894084,odom,turning,,0.7217530194387297,-0.48021110707699244,-2.89093354765402,2.134069209009396,-3.502022268675427,-2.576155774758339,-2.8721876746586767,-2.50466251373291,-2.878892380800057,2.878892380800057,0.13468886199916597,pixhawk_fused,True,0.8,0.2,gyro,-1.0,0.04871399328112602,-0.6402995586395264,0.011156792504697616
35.899863000027835,10208.725485631,odom,turning,,0.717814196803654,-0.47993856473540514,-2.949957981628318,2.130239539098594,-3.5029825975008007,-2.635180208732637,-2.931681666176543,-2.4457826614379883,-2.9377994253895765,2.9377994253895765,0.056321217998629436,pixhawk_fused,True,0.8,0.2,gyro,-1.0,0.046156998723745346,-0.6066902875900269,0.009181984789812083
35.89992480003275,10208.843632642,odom,turning,,0.713186888769477,-0.47931412874317475,-3.0636692607809186,2.1256462642837706,-3.5038214815375173,-2.7488914878852375,-3.002070452482925,-2.320303201675415,-3.06233819368105,3.06233819368105,0.021012424000218743,pixhawk_fused,True,0.8,0.2,gyro,-1.0,0.04373439401388168,-0.5748474597930908,0.007114319539622909
36.22292680002283,10208.945257819,odom,turning,,0.7092663465454515,-0.4785226606272986,-3.0757242475735924,2.121673314476762,-3.504282722190328,-2.7609464746779113,-3.0623579434817465,-2.320303201675415,-3.06233819368105,3.06233819368105,0.12215190700044332,pixhawk_fused,True,0.8,0.2,gyro,-1.0,0.04615010321140289,-0.6065996885299683,0.005580088314431089
36.22300699993502,10209.063996191,odom,turning,,0.7048900377192877,-0.4773395998005246,-3.126465110687526,2.1171457529379922,-3.5045127186565175,-2.8116873377918448,-3.130702050200235,-2.274069309234619,-3.1086786979101184,3.1086786979101184,0.08988904199941317,pixhawk_fused,True,0.8,0.2,gyro,-1.0,0.0437169075012207,-0.5746175646781921,0.0041159560356075564
36.223053699941374,10209.165783755,odom,turning,,0.7015098670103697,-0.47619963807195476,3.0576267199888316,2.113578728178002,-3.5044752870435754,-2.9107808142950735,3.098726545786344,-2.1638240814208984,3.064079851456968,-3.064079851456968,0.0841213620005874,pixhawk_fused,True,0.8,0.2,gyro,-1.0,0.03810408338904381,-0.5008423328399658,0.0031726772093105273
36.56360420002602,10209.284273076,odom,turning,,0.6982495741236974,-0.4748983805837525,3.0050800830862245,2.1100757530668237,-3.5042473701114383,-2.9633274511976806,3.0458090571865424,-2.1125192642211914,3.0116259055818,-3.0116259055818,0.08735882699875219,pixhawk_fused,True,0.8,0.2,gyro,-1.0,0.028201434761285782,-0.3706813156604767,0.0024301485730899852
36.563717799959704,10209.404279167,odom,turning,,0.6956158248907712,-0.47369527760402885,2.9377065226867884,2.1071989256588073,-3.5039188037311675,-3.0307010115971167,3.0021689313016138,-2.033352851867676,2.938322356292097,-2.938322356292097,0.015791623998666182,pixhawk_fused,True,0.8,0.2,gyro,-1.0,0.02840951643884182,-0.37341633439064026,0.001956301445795785
36.56379579997156,10209.505324708,odom,turning,,0.6935134196374033,-0.4726315024895611,2.9306079484835026,2.1048704713803943,-3.50355821252649,-3.0377995858004025,2.966661707443707,-2.033352851867676,2.938322356292097,-2.938322356292097,0.11624528500033193,pixhawk_fused,True,0.8,0.2,gyro,-1.0,0.0282888263463974,-0.3718299865722656,0.001663796132876027
36.88202429993544,10209.624314724,odom,turning,,0.6912165420039099,-0.4713583154330929,2.8955548847947106,2.1022922650622946,-3.5030587084471168,-3.0728526494891946,2.927080423300197,-1.9988850355148315,2.9044012222374365,-2.9044012222374365,0.05540030900010606,pixhawk_fused,True,0.8,0.2,gyro,-1.0,0.028393838554620743,-0.37321028113365173,0.0014363006595539947
36.88215640000999,10209.724463742,odom,turning,,0.689542723517392,-0.4703531710466643,2.8638151737006354,2.1003894914043975,-3.5026211744825027,-3.1045923605832697,2.8976614752272445,-1.9666279554367065,2.872081375488131,-2.872081375488131,0.05429571599961491,pixhawk_fused,True,0.8,0.2,gyro,-1.0,0.018005579710006714,-0.23666639626026154,0.0013346458669317943
36.88222389994189,10209.824571187,odom,turning,,0.6879545667839096,-0.4693348029998972,2.8311005525651285,2.0985640764132474,-3.502144545277705,-3.1373069817187766,2.869234376253892,-1.9332178831100464,2.8382950288439677,-2.8382950288439677,0.036014987001181,pixhawk_fused,True,0.8,0.2,gyro,-1.0,0.023078499361872673,-0.3033451437950134,0.0012918218065768221
37.22076719999313,10209.92467128,odom,turning,,0.6865464276379554,-0.46837679892783385,2.801242815793516,2.096928522881077,-3.501669579700149,3.116020588689197,2.84355378531527,-1.902029275894165,2.8073932379866524,-2.8073932379866524,0.05598022500089428,pixhawk_fused,True,0.8,0.2,gyro,-1.0,0.017950840294361115,-0.2359468936920166,0.0012995216062983382
37.220899699954316,10210.045160938,odom,turning,,0.6852039418829222,-0.46741261574677073,2.758790698308551,2.0953534837898293,-3.5011684119935333,3.073568471204232,2.8186515002755224,-1.855304479598999,2.760555903189866,-2.760555903189866,0.06486977800159366,pixhawk_fused,True,0.8,0.2,gyro,-1.0,0.00769168371334672,-0.10109993815422058,0.0013490300916850783
37.22095200000331,10210.164312637,odom,turning,,0.6847332016380172,-0.4670616369849969,2.7438828078193738,2.094797208430826,-3.500980422115201,3.058660580715055,2.809786117299216,-1.840142846107483,2.744138784700124,-2.744138784700124,0.07553684000049543,pixhawk_fused,True,0.8,0.2,gyro,-1.0,0.005145222879946232,-0.06762911379337311,0.0013770799587049067
37.56084319995716,10210.284443968,odom,turning,,0.6843078943629508,-0.4667376985155229,2.7422696131140833,2.094292505516322,-3.500804077627562,3.0570473860097644,2.8017142173654928,-1.840142846107483,2.744138784700124,-2.744138784700124,0.19592651899984048,pixhawk_fused,True,0.8,0.2,gyro,-1.0,0.007744162809103727,-0.10178972780704498,0.001408090311343537
37.5609333999455,10210.403902032,odom,turning,,0.6831480980140372,-0.4658303752801646,2.716100353242718,2.09290878355789,-3.5003004144800838,3.0308781261383992,2.779527964877217,-1.812178611755371,2.7169746353040023,-2.7169746353040023,0.014030135000211885,pixhawk_fused,True,0.8,0.2,gyro,-1.0,0.018071526661515236,-0.23753321170806885,0.001512521554830903
37.56099719996564,10210.504357361,odom,turning,,0.682372241487421,-0.4651994040548554,2.713089990517679,2.091975696628602,-3.499940655089028,3.02786776341336,2.764467520814244,-1.812178611755371,2.7169746353040023,-2.7169746353040023,0.11465953399965656,pixhawk_fused,True,0.8,0.2,gyro,-1.0,0.005128555465489626,-0.06741003692150116,0.0016022931997968903
37.88234220002778,10210.605400958,odom,turning,,0.6819629236670017,-0.46485792709915014,2.6947665044953695,2.0914807675241436,-3.4997426834472445,3.0095442773910506,2.756441415175494,-1.792038917541504,2.696078562618284,-2.696078562618284,0.03564923399972031,pixhawk_fused,True,0.8,0.2,gyro,-1.0,0.007718219421803951,-0.10144872963428497,0.0016567829807635271
37.88245579996146,10210.724344642,odom,turning,,0.6814499659850718,-0.46442234366399915,2.680412199841716,2.090858155028871,-3.499487316665616,2.995189972737397,2.7462943148861183,-1.777129888534546,2.6806734697456047,-2.6806734697456047,0.05033444999935455,pixhawk_fused,True,0.8,0.2,gyro,-1.0,0.007745328359305859,-0.10180504620075226,0.001731409092207103
37.88251229992602,10210.825463182,odom,turning,,0.6806000844707127,-0.46368153956934677,2.6770116146426908,2.0898206754901554,-3.4990460395397083,2.991789387538372,2.7292807686860954,-1.777129888534546,2.6806734697456047,-2.6806734697456047,0.15118880899899523,pixhawk_fused,True,0.8,0.2,gyro,-1.0,0.012824584729969501,-0.16856709122657776,0.0018709069331690493
38.20247669995297,10210.943939004,odom,turning,,0.6804022223160471,-0.4635047035724065,2.6634594318471687,2.0895777859128413,-3.4989391514894175,2.97823720474285,2.7252982348602792,-1.7609144449234009,2.6647305528754877,-2.6647305528754877,0.07423513999856368,pixhawk_fused,True,0.8,0.2,gyro,-1.0,0.0,0.0,0.0019070064166740893
38.20256070001051,10211.044216114,odom,turning,,0.680333926131414,-0.46344310024046964,2.653165908871447,2.0894937727371263,-3.4989017198764754,2.967943681767128,2.723924907187066,-1.7509597539901733,2.6522093793284656,-2.6522093793284656,0.056317349000892136,pixhawk_fused,True,0.8,0.2,gyro,-1.0,0.002572225406765938,-0.03380948305130005,0.0019199352663078926
38.20259849994909,10211.144693609,odom,turning,,0.6802005756720407,-0.46332269874739607,2.6526262753750647,2.0893296975003963,-3.498828520277833,2.9674040482707458,2.7212240828013154,-1.7509597539901733,2.6522093793284656,-2.6522093793284656,0.1566291060007643,pixhawk_fused,True,0.8,0.2,gyro,-1.0,0.0,0.0,0.0019452779778228854
38.558271599933505,10211.26593357,odom,turning,,0.6802005756720407,-0.46332269874739607,2.651036610314385,2.0893296975003963,-3.498828520277833,2.9658143832100663,2.7212240828013154,-1.7481088638305664,2.650222781105018,-2.650222781105018,0.10421161900012521,pixhawk_fused,True,0.8,0.2,gyro,-1.0,0.0,0.0,0.0019452779778228854
38.55835059995297,10211.384436708,odom,turning,,0.6802005756720407,-0.46332269874739607,2.6496705563802117,2.0893296975003963,-3.498828520277833,2.9644483292758927,2.7212240828013154,-1.7467609643936157,2.648515653265691,-2.648515653265691,0.034314405000259285,pixhawk_fused,True,0.8,0.2,gyro,-1.0,0.0,0.0,0.0019452779778228854
38.55839639995247,10211.50415125,odom,turning,,0.6802005756720407,-0.46332269874739607,2.6496362245156377,2.0893296975003963,-3.498828520277833,2.964413997411319,2.7212240828013154,-1.7467076778411865,2.6484727497790517,-2.6484727497790517,0.1080623679990822,pixhawk_fused,True,0.8,0.2,gyro,-1.0,0.0,0.0,0.0019452779778228854
38.88099189999048,10211.604665357,odom,turning,,0.6802005756720407,-0.46332269874739607,2.6495226777436702,2.0893296975003963,-3.498828520277833,2.9643004506393513,2.7212240828013154,-1.7465764284133911,2.6483308539372445,-2.6483308539372445,0.030594818001191015,pixhawk_fused,True,0.8,0.2,gyro,-1.0,0.0,0.0,0.0019452779778228854
38.881102600018494,10211.723669226,odom,turning,,0.6802005756720407,-0.46332269874739607,2.6492621773597707,2.0893296975003963,-3.498828520277833,2.9640399502554517,2.7212240828013154,-1.746253490447998,2.648005315381153,-2.648005315381153,0.041698446999362204,pixhawk_fused,True,0.8,0.2,gyro,-1.0,0.0,0.0,0.0019452779778228854
38.88117750000674,10211.824167666,odom,turning,,0.6802005756720407,-0.46332269874739607,2.6492621773597707,2.0893296975003963,-3.498828520277833,2.9640399502554517,2.7212240828013154,-1.746253490447998,2.648005315381153,-2.648005315381153,0.14230190399939602,pixhawk_fused,True,0.8,0.2,gyro,-1.0,0.0,0.0,0.0019452779778228854
39.20111309993081,10211.924921898,odom,turning,,0.6802005756720407,-0.46332269874739607,2.649038131306009,2.0893296975003963,-3.498828520277833,2.9638159042016903,2.7212240828013154,-1.7459402084350586,2.647725333253904,-2.647725333253904,0.04673891800121055,pixhawk_fused,True,0.8,0.2,gyro,-1.0,0.0,0.0,0.0019452779778228854
39.201217200024985,10212.04377053,odom,turning,,0.6793044897212206,-0.46250080317898257,2.644670997083757,2.0882231774311424,-3.4983244412235437,2.959448769979438,2.70289829308959,-1.7444641590118408,2.6468442632621665,-2.6468442632621665,0.05184401699989394,pixhawk_fused,True,0.8,0.2,gyro,-1.0,0.020581919699907303,-0.27052995562553406,0.0021262106960819056
39.201279500033706,10212.144781276,odom,turning,,0.6775926175941974,-0.46084816607813006,2.6375012913596776,2.0860837527980878,-3.4972830105701287,2.9522790642553587,2.667040156178435,-1.7444641590118408,2.6468442632621665,-2.6468442632621665,0.15251613999862457,pixhawk_fused,True,0.8,0.2,gyro,-1.0,0.025637667626142502,-0.33698299527168274,0.00254028026607509
39.52215560001787,10212.264080938,odom,turning,,0.6759724086369454,-0.459165888672073,2.6124789480565376,2.0840223106919966,-3.4961850165904895,2.9272567209522187,2.631838098555844,-1.7192208766937256,2.6243667955613272,-2.6243667955613272,0.09453141199992388,pixhawk_fused,True,0.8,0.2,gyro,-1.0,0.02314540185034275,-0.30422452092170715,0.003030148752588726
39.52226200001314,10212.364267513,odom,turning,,0.6753994025176492,-0.4585406053141317,2.5536286482541217,2.083283868150008,-3.495767862059589,2.868406421149803,2.6190512576410634,-1.6480900049209595,2.5540046746945517,-2.5540046746945517,0.007591742998556583,pixhawk_fused,True,0.8,0.2,gyro,-1.0,0.002573125995695591,-0.03382131829857826,0.003228546900441539
39.522313999943435,10212.464406349,odom,turning,,0.6751324360292588,-0.45824285408042176,2.5524210620852976,2.082937833683698,-3.4955673949769426,2.8671988349809787,2.613008827273152,-1.6480900049209595,2.5540046746945517,-2.5540046746945517,0.10740132499995525,pixhawk_fused,True,0.8,0.2,gyro,-1.0,0.0051630339585244656,-0.06786321848630905,0.0033263129910112406
39.84139880002476,,mission_status,navigating,going to waypoint 4/4,0.6751324360292588,-0.45824285408042176,2.5524210620852976,,,,,,,,,,,,,,,,,
39.84145659999922,10212.564781718,odom,navigating,,0.6727405188838276,-0.4554493806507666,2.536983382905406,2.079798569078275,-3.4936517282079205,2.851761155801087,2.5575735677356044,-1.645980715751648,2.5485634721732278,-2.5485634721732278,0.09406480799952988,pixhawk_fused,True,0.8,0.2,gyro,-1.0,0.06666457653045654,-0.8762431144714355,0.004306537255764591
39.84152669995092,10212.684783942,odom,navigating,,0.6653998303939401,-0.44462553072392064,2.474307408908699,2.069467443906216,-3.4856324210418554,2.78908518180438,2.392351489971934,-1.599797010421753,2.5114844712531705,-2.5114844712531705,0.10214835800070432,pixhawk_fused,True,0.8,0.2,gyro,-1.0,0.1574409455060959,-1.323067545890808,0.009181467291053175
39.841570999938995,10212.784795946,odom,navigating,,0.6581090330423093,-0.43029008966122106,2.3532151122914624,2.0580965517079837,-3.4742586174959498,2.6679928851871435,2.3150961619823534,-1.4628502130508423,2.3794654075420043,-2.3794654075420043,0.09437022900056036,pixhawk_fused,True,0.8,0.2,gyro,-1.0,0.17555198073387146,-0.6107997298240662,0.016996552333557034
40.16184359998442,10212.886230186,odom,navigating,,0.6524552337451237,-0.41718706098047165,2.2646557945763535,2.0486637852465384,-3.4635498489399845,2.5794335674720346,2.256502381671358,-1.3690091371536255,2.283421045950665,-2.283421045950665,0.07716972100024577,pixhawk_fused,True,0.8,0.2,gyro,-1.0,0.11870810389518738,-0.7462335228919983,0.02470423774757388
40.161966799991205,10213.004434292,odom,navigating,,0.6486102814696432,-0.40660083241568845,2.219163546445016,2.0417302028092035,-3.4546741896511635,2.533941319340697,2.1973746355698167,-1.3243929147720337,2.2413358608997007,-2.2413358608997007,0.11440244699952018,pixhawk_fused,True,0.8,0.2,gyro,-1.0,0.07669797539710999,-0.4704768657684326,0.03133535995157822
40.162020699935965,10213.104666311,odom,navigating,,0.6470264647288837,-0.4015176043248271,2.174877039774352,2.038650412877678,-3.450331082782837,2.4896548126700333,2.1740134198906893,-1.2763537168502808,2.191820297650113,-2.191820297650113,0.0350579670011939,pixhawk_fused,True,0.8,0.2,gyro,-1.0,0.04346492514014244,-0.16803103685379028,0.034666083090798896
40.50129449996166,10213.224198396,odom,navigating,,0.6458400999164844,-0.39754509108172914,2.139367247387313,2.036292429215722,-3.4469210628437987,2.454145020282994,2.1853811422227136,-1.2346866130828857,2.14459222523035,-2.14459222523035,0.04646699700060708,pixhawk_fused,True,0.8,0.2,gyro,-1.0,0.03625400736927986,0.20422492921352386,0.03729773202566786
40.50137770001311,10213.32491076,odom,navigating,,0.6447046415160929,-0.3939979018494595,2.1443938184825693,2.034114533202699,-3.443899707819144,2.4591715913782504,2.21052765280239,-1.2346866130828857,2.14459222523035,-2.14459222523035,0.1468874220008729,pixhawk_fused,True,0.8,0.2,gyro,-1.0,0.049204349517822266,0.23827439546585083,0.03960508996306636
40.50141359993722,10213.443826429,odom,navigating,,0.64307723954197,-0.3893884000355331,2.185012886991726,2.031139967694222,-3.4400205449978962,2.499790659887407,2.2516195671407107,-1.270362138748169,2.1850932094222446,-2.1850932094222446,0.07304993899924739,pixhawk_fused,True,0.8,0.2,gyro,-1.0,0.04373657703399658,0.4396112263202667,0.04251858285235574
40.82126200001221,10213.544265668,odom,navigating,,0.6417089905389283,-0.38602151003212626,2.2327302626636087,2.0287965407706325,-3.4372427034107713,2.54750803555929,2.3036978798533396,-1.3185148239135742,2.231721645510807,-2.231721645510807,0.06809974499992677,pixhawk_fused,True,0.8,0.2,gyro,-1.0,0.04373657703399658,0.5748761296272278,0.04454633983937646
40.82136910001282,10213.663682773,odom,navigating,,0.6394605849600012,-0.3813727380460791,2.2904165890316306,2.0252193262937856,-3.4335184658764235,2.6051943619273117,2.3815328956347654,-1.3713747262954712,2.2843801232344054,-2.2843801232344054,0.07350978300019051,pixhawk_fused,True,0.8,0.2,gyro,-1.0,0.053839102387428284,0.7076643109321594,0.04714541203066384
40.82142279995605,10213.764531949,odom,navigating,,0.6372007695149845,-0.37745486138667717,2.3037173642283717,2.0218575515447617,-3.430492743830259,2.618495137124053,2.44829009903778,-1.3713747262954712,2.2843801232344054,-2.2843801232344054,0.17403729800025758,pixhawk_fused,True,0.8,0.2,gyro,-1.0,0.04870007932186127,0.5727201104164124,0.04913195335660334
41.18000029993709,10213.884813077,odom,navigating,,0.633831495462348,-0.37252073703484834,2.4316848631318333,2.017126195668862,-3.4268442013354163,2.7464626360275144,2.5370504784582555,-1.511584758758545,2.4220967223411938,-2.4220967223411938,0.07181773900083499,pixhawk_fused,True,0.8,0.2,gyro,-1.0,0.05419011041522026,0.7122780084609985,0.051341387017443355
41.180102700018324,10214.004892467,odom,navigating,,0.6295511275418648,-0.3673662832051109,2.495827060888125,2.011460297189838,-3.423268234579001,2.810604833783806,2.6352256183310563,-1.5687605142593384,2.477774117208137,-2.477774117208137,0.03501424599926395,pixhawk_fused,True,0.8,0.2,gyro,-1.0,0.06659221649169922,0.807945728302002,0.053224469094683265
41.180164200020954,10214.124054336,odom,navigating,,0.624708986045684,-0.3625844096775326,2.6397922447473667,2.005375580552671,-3.4202204694718814,2.954570017643048,2.7351248813946785,-1.7246580123901367,2.6327044579154393,-2.6327044579154393,0.05142976599927351,pixhawk_fused,True,0.8,0.2,gyro,-1.0,0.06730581820011139,0.8166035413742065,0.054484664384715456
41.58199289999902,10214.224229024,odom,navigating,,0.6202695795603929,-0.35894471427202956,2.7195617541079895,2.000027434876846,-3.4181340729571614,3.0343395270036706,2.821642211744243,-1.8014532327651978,2.710792104936256,-2.710792104936256,0.033990762998655555,pixhawk_fused,True,0.8,0.2,gyro,-1.0,0.07010572403669357,0.9214737415313721,0.055022643889277335
41.58215050003491,10214.324255308,odom,navigating,,0.6147731281683528,-0.35522262407232175,2.739190355606107,1.9936486721246771,-3.416296596668508,3.053968128501788,2.9203665600449926,-1.8014532327651978,2.710792104936256,-2.710792104936256,0.13375571799952013,pixhawk_fused,True,0.8,0.2,gyro,-1.0,0.07771063596010208,1.0214331150054932,0.05503832719431501
41.58273739996366,10214.424332868,odom,navigating,,0.6078348618205904,-0.3514942784608198,2.8806630657503325,1.9858970009911492,-3.4148995656921413,-3.0877444685335727,3.0270102419238882,-1.9481865167617798,2.8608855659729384,-2.8608855659729384,0.050701333000688464,pixhawk_fused,True,0.8,0.2,gyro,-1.0,0.09578069299459457,1.1228381395339966,0.05425357729306429
41.582803299999796,10214.525069029,odom,navigating,,0.5986651149194319,-0.347798459385588,3.0154884088352127,1.976033563027463,-3.4142243409853443,-2.9529191254486924,3.1344931439644945,-2.0892810821533203,3.0025045463806532,-3.0025045463806532,0.04275544899974193,pixhawk_fused,True,0.8,0.2,gyro,-1.0,0.1424264758825302,1.123237133026123,0.05219500159773198
41.92258270003367,10214.627124037,odom,navigating,,0.5819684048349556,-0.34320459762179,3.126093052707249,1.958734959013016,-3.4150255854557137,-2.8423144815766563,-3.0316572558998267,-2.199618101119995,3.111509735322609,-3.111509735322609,0.03120880999995279,pixhawk_fused,True,0.8,0.2,gyro,-1.0,0.23548030853271484,1.0523568391799927,0.04667547546102447
41.92267839994747,10214.743887725,odom,navigating,,0.5554929623761965,-0.33865518175882287,3.139190483923172,1.9321518593150562,-3.4188966380941572,-2.8292170503607332,-2.9657240082629612,-2.199618101119995,3.111509735322609,-3.111509735322609,0.14812912399975176,pixhawk_fused,True,0.8,0.2,gyro,-1.0,0.26499223709106445,0.3043462038040161,0.03565517523804295
41.92275189992506,10214.86486586,odom,navigating,,0.5305047665148563,-0.33511970812368075,-3.0497796194774476,1.9072968524145966,-3.423271353880079,-2.7350018465817665,-2.979319599759058,-2.321842670440674,-3.0506614996175783,3.0506614996175783,0.046602346999861766,pixhawk_fused,True,0.8,0.2,gyro,-1.0,0.21283508837223053,-0.23593509197235107,0.02462498552996791
42.259085900033824,10214.985106008,odom,navigating,,0.5118863516812302,-0.33192156847731974,-3.068180828977043,1.88860308900443,-3.4259947116750324,-2.753403056081362,-3.0317793270600673,-2.309508800506592,-3.0605533440541044,3.0605533440541044,0.015396222999697784,pixhawk_fused,True,0.8,0.2,gyro,-1.0,0.14973551034927368,-0.5429330468177795,0.01687417935848702
42.259166899952106,10215.086603304,odom,navigating,,0.5016380702126851,-0.3295506848524722,3.1241857417402925,1.8781243169146544,-3.4269132418659543,-2.8442217925436126,-3.0953932125760253,-2.2108845710754395,3.1250153810000563,-3.1250153810000563,0.009509098999842536,pixhawk_fused,True,0.8,0.2,gyro,-1.0,0.10325679928064346,-0.6785811185836792,0.013114154726002055
42.25922300003003,10215.203460657,odom,navigating,,0.4958317131944477,-0.32771938134636736,3.0433092620827624,1.872036273023004,-3.426969597238773,-2.9250982722011427,3.0974142847667636,-2.1332526206970215,3.046512409410491,-3.046512409410491,0.01212727800157154,pixhawk_fused,True,0.8,0.2,gyro,-1.0,0.04602855071425438,-0.6050019860267639,0.011388585145107065
42.582672599935904,10215.304301706,odom,navigating,,0.49191992868305406,-0.3261373242836241,3.0305910620177356,1.8678268801942435,-3.426676382937392,-2.9378164722661695,3.0338156594374213,-2.1332526206970215,3.046512409410491,-3.046512409410491,0.11245629800032475,pixhawk_fused,True,0.8,0.2,gyro,-1.0,0.051160626113414764,-0.672458291053772,0.01051490876553995
42.582772900001146,10215.404561134,odom,navigating,,0.4872307164434324,-0.3238498640963527,2.9151210990713614,1.8626598619343775,-3.4259531209939857,-3.0532864352125437,2.9551718588540914,-2.0008208751678467,2.921836436948791,-2.921836436948791,0.022178700999575085,pixhawk_fused,True,0.8,0.2,gyro,-1.0,0.06647907197475433,-0.8738048076629639,0.00979185493805093
42.58282120001968,10215.524839968,odom,navigating,,0.4805905476861998,-0.3197816192578159,2.824970740654814,1.8550864068691355,-3.42414059911396,3.139748513550495,2.8404562908620883,-1.9146145582199097,2.8378269871688033,-2.8378269871688033,0.03494267299902276,pixhawk_fused,True,0.8,0.2,gyro,-1.0,0.09064415097236633,-1.1233501434326172,0.00945555811090471
42.901381099945866,10215.643904803,odom,navigating,,0.4706659269924805,-0.3118150715052948,2.8006159060676836,1.8431829460000972,-3.419638199937224,3.1153936789633647,2.71852326513508,-1.9146145582199097,2.8378269871688033,-2.8378269871688033,0.15411985799983086,pixhawk_fused,True,0.8,0.2,gyro,-1.0,0.16466590762138367,-0.9468716979026794,0.010517048902063654
42.901524499990046,10215.744354395,odom,navigating,,0.45927455402221207,-0.30061489727700486,2.701490544915398,1.82888365394935,-3.4125151719477205,3.016268317811079,2.627336780477811,-1.8121521472930908,2.7367255887007857,-2.7367255887007857,0.07553895500132057,pixhawk_fused,True,0.8,0.2,gyro,-1.0,0.20581920444965363,-0.8792223334312439,0.01344073767436641
42.90157809993252,10215.844721599,odom,navigating,,0.44528802560150543,-0.28440963589681867,2.615072746517389,1.8105671180162792,-3.401436454283843,2.92985051941307,2.571626947381196,-1.7200523614883423,2.6426525613284255,-2.6426525613284255,0.06317095799931849,pixhawk_fused,True,0.8,0.2,gyro,-1.0,0.275275856256485,-0.2366172820329666,0.019065254376604963
43.222435700008646,10215.9640883,odom,navigating,,0.4258443150784242,-0.2604753802964289,2.535978859939172,1.784668600928352,-3.3846980767430983,2.850756632834853,2.571489612315987,-1.6214549541473389,2.5438290003156805,-2.5438290003156805,0.09507295999901544,pixhawk_fused,True,0.8,0.2,gyro,-1.0,0.2973821461200714,0.0673932433128357,0.028050453658049354
43.22254839993548,10216.06425573,odom,navigating,,0.4088056190486449,-0.2402132218426133,2.5188791732017517,1.7621938287042085,-3.3707067636855035,2.833656946097433,2.6107047226169064,-1.5990185737609863,2.5126658395724886,-2.5126658395724886,0.08655478800028504,pixhawk_fused,True,0.8,0.2,gyro,-1.0,0.2974562346935272,0.47187018394470215,0.035334075317044224
43.22263620002195,10216.164389383,odom,navigating,,0.3913796539219784,-0.22127209938933146,2.5530259527560437,1.7397598153474911,-3.358091478310347,2.867803725651725,2.6567404799263343,-1.6303352117538452,2.5438491509156815,-2.5438491509156815,0.07452284200007853,pixhawk_fused,True,0.8,0.2,gyro,-1.0,0.27692821621894836,0.4718465805053711,0.04130572987970088
43.54290120000951,10216.264457112,odom,navigating,,0.3751963639594602,-0.20498098059026293,2.5581048900618155,1.7193278733996704,-3.3476112505467346,2.8728826629574966,2.6822226000406277,-1.6303352117538452,2.5438491509156815,-2.5438491509156815,0.17421330000070157,pixhawk_fused,True,0.8,0.2,gyro,-1.0,0.2538382112979889,0.16850827634334564,0.04577399991216833
43.542982499930076,10216.384669132,odom,navigating,,0.35851197229668863,-0.18900674587252067,2.6249185664259165,1.6985175602310254,-3.3375874805076124,2.9396963393215976,2.705705937298842,-1.707708477973938,2.621458812360703,-2.621458812360703,0.036442889000682044,pixhawk_fused,True,0.8,0.2,gyro,-1.0,0.19881673157215118,0.10181526839733124,0.04969947456785206
43.543030399945565,10216.484754472,odom,navigating,,0.3472784309504675,-0.17868398885759235,2.635214620818435,1.6846399976860942,-3.33124989252968,2.949992393714116,2.723284068224986,-1.7154432535171509,2.629938063626229,-2.629938063626229,0.09505699799956346,pixhawk_fused,True,0.8,0.2,gyro,-1.0,0.16523368656635284,0.20361006259918213,0.051983681546894894
43.86222030001227,10216.584850052,odom,navigating,,0.33894984001986705,-0.17126160850769986,2.651002751716307,1.6744226230266985,-3.3267707841343306,2.965780524611988,2.7379935292757014,-1.7303919792175293,2.645995259170472,-2.645995259170472,0.01644274300088,pixhawk_fused,True,0.8,0.2,gyro,-1.0,0.10842372477054596,0.20358972251415253,0.05348566569147362
43.86232219997328,10216.68641483,odom,navigating,,0.332513602037665,-0.16572712067906337,2.6820147224959423,1.6665891222282108,-3.3235009247904204,2.9967924953916234,2.7628195786148684,-1.7623502016067505,2.678550605078279,-2.678550605078279,0.012662638999245246,pixhawk_fused,True,0.8,0.2,gyro,-1.0,0.087758369743824,0.33926504850387573,0.054479319728730005
43.862371499999426,10216.8045107,odom,navigating,,0.3259002644263869,-0.16046586036976523,2.693569658580461,1.6586718162074132,-3.32054569894863,3.008347431476142,2.820757151761105,-1.7623502016067505,2.678550605078279,-2.678550605078279,0.13108689299951948,pixhawk_fused,True,0.8,0.2,gyro,-1.0,0.07668463885784149,0.5375540852546692,0.055147421924798094
44.18136309995316,10216.924180545,odom,navigating,,0.3195932724302365,-0.15609472600947844,2.7501128426955224,1.6513213911692857,-3.318342016713358,3.0648906155912035,2.895906725986045,-1.8124475479125977,2.7304726110296835,-2.7304726110296835,0.05481998799950816,pixhawk_fused,True,0.8,0.2,gyro,-1.0,0.06992549449205399,0.7148592472076416,0.05524848546006181
44.18144279997796,10217.024320939,odom,navigating,,0.3144044949764852,-0.1530665837362869,2.8549639532303903,1.6454500347258896,-3.317069133919917,-3.113443581053515,2.9797690143121334,-1.9248377084732056,2.840537280877172,-2.840537280877172,0.035663050000948715,pixhawk_fused,True,0.8,0.2,gyro,-1.0,0.07250802218914032,0.9530497193336487,0.054860569201446684
44.18149019998964,10217.124698274,odom,navigating,,0.3079920350852235,-0.15009336933156509,2.875838939203696,1.6384321271827322,-3.3162273385355268,-3.092568595080209,3.0850394072905547,-1.9248377084732056,2.840537280877172,-2.840537280877172,0.13563609499942686,pixhawk_fused,True,0.8,0.2,gyro,-1.0,0.10097364336252213,1.2591252326965332,0.05374336101997214
44.54187269997783,10217.244495987,odom,navigating,,0.29708205705342616,-0.1466807895365017,2.9736720225445117,1.6270016563339,-3.3163602207614717,-2.9947355117393935,-3.0391798305255904,-2.0093441009521484,2.9234395346241584,-2.9234395346241584,0.08346187800088956,pixhawk_fused,True,0.8,0.2,gyro,-1.0,0.1260700523853302,1.3865422010421753,0.05047752317342483
44.541953500011005,10217.36434133,odom,navigating,,0.2769850143466861,-0.14401596729655158,-3.015759405250714,1.6070670349546983,-3.320048482356714,-2.700981632355033,-2.8761549080514657,-2.3363146781921387,-3.0338634805231863,3.0338634805231863,0.014737031000549905,pixhawk_fused,True,0.8,0.2,gyro,-1.0,0.2383197396993637,1.1789604425430298,0.04145822890610696
44.54200100002345,10217.485105231,odom,navigating,,0.25011983987495934,-0.14355136136343172,-2.9640963756432632,1.581378030922545,-3.327924301673167,-2.649318602747582,-2.824564932831435,-2.3817126750946045,-2.982182312801438,2.982182312801438,0.08957114600161731,pixhawk_fused,True,0.8,0.2,gyro,-1.0,0.25035691261291504,-0.0339248962700367,0.026832496746109907
44.88149689999409,10217.605407306,odom,navigating,,0.22758938472331386,-0.14348776577487304,-2.9284493663025737,1.5599349155417708,-3.334839376257436,-2.6136715934068926,-2.848444948765755,-2.4250073432922363,-2.9317137338667685,2.9317137338667685,0.03171983799984446,pixhawk_fused,True,0.8,0.2,gyro,-1.0,0.17890553176403046,-0.5374405980110168,0.014296238730774062
44.88159809994977,10217.723907838,odom,navigating,,0.2136872245944674,-0.1428809165844398,-2.9819871927988055,1.5465279515528856,-3.3385665251394574,-2.6672094199031244,-2.9105177391126,-2.3771719932556152,-2.983121105447369,2.983121105447369,0.04242338100084453,pixhawk_fused,True,0.8,0.2,gyro,-1.0,0.10358810424804688,-0.5446272492408752,0.007031620053200121
44.88164689997211,10217.824324543,odom,navigating,,0.2078768363963927,-0.142220965315042,-2.9979645506155252,1.5407987312619675,-3.339737926671144,-2.683186777719844,-2.990427994977126,-2.3771719932556152,-2.983121105447369,2.983121105447369,0.14269192200117686,pixhawk_fused,True,0.8,0.2,gyro,-1.0,0.04920187219977379,-0.6467123031616211,0.004332357072497334
45.1819216000149,10217.92444279,odom,navigating,,0.2045264400047161,-0.14159742412630866,-3.118964291203523,1.5374199043337144,-3.340182323098131,-2.804186518307842,-3.041789085775657,-2.2452404499053955,-3.1215225542336276,3.1215225542336276,0.0471417829994607,pixhawk_fused,True,0.8,0.2,gyro,-1.0,0.033664438873529434,-0.44248735904693604,0.0029774302399111227
45.18202619999647,10218.02475796,odom,navigating,,0.2022132711099318,-0.14105769828015746,3.124006892228501,1.535053290605441,-3.3403852856216396,-2.844400642055404,-3.0776014602329114,-2.2060210704803467,3.1203501060801138,-3.1203501060801138,0.03360667699962505,pixhawk_fused,True,0.8,0.2,gyro,-1.0,0.030987534672021866,-0.40730196237564087,0.002132548426477578
45.18207540002186,10218.125159184,odom,navigating,,0.19867816356928292,-0.14006849176672723,3.112951913958554,1.531385616397317,-3.3405391711415136,-2.855455620325351,-3.1329145746140243,-2.2060210704803467,3.1203501060801138,-3.1203501060801138,0.13361481500032824,pixhawk_fused,True,0.8,0.2,gyro,-1.0,0.04402715712785721,-0.57869553565979,0.0009776716407550934
45.521635000011884,10218.243858157,odom,navigating,,0.19368425112580082,-0.1383057687386322,3.0658962364363687,1.5260913306534472,-3.3404092002632417,-2.9025112978475365,3.0704519981507987,-2.1637721061706543,3.0814848259287464,-3.0814848259287464,0.07389907600008883,pixhawk_fused,True,0.8,0.2,gyro,-1.0,0.05660877376794815,-0.7440690398216248,0.0003508166828023135
45.52172520000022,10218.345438418,odom,navigating,,0.18921175224924688,-0.13633337685258695,3.003295614997119,1.5212279243652238,-3.339918430226888,-2.965111919286786,2.996767326743166,-2.1041815280914307,3.021654712100564,-3.021654712100564,0.048107026999787195,pixhawk_fused,True,0.8,0.2,gyro,-1.0,0.05660594254732132,-0.7440318465232849,0.0012140773897682134
45.52177999995183,10218.464138521,odom,navigating,,0.18334787240776432,-0.1331184423558891,2.8944558160188376,1.514656804713213,-3.338676948397637,-3.0739517182650675,2.8959372338363076,-1.9957454204559326,2.910812905211984,-2.910812905211984,0.11162725900067016,pixhawk_fused,True,0.8,0.2,gyro,-1.0,0.06666457653045654,-0.8762431144714355,0.0018242974088247133
45.84364580002148,10218.564300731,odom,navigating,,0.1778963396744802,-0.1293873583275066,2.850982706438614,1.5083179690148494,-3.336817013141218,-3.117424827845291,2.7963430923595216,-1.9662694931030273,2.881354983647405,-2.881354983647405,0.09460193300037645,pixhawk_fused,True,0.8,0.2,gyro,-1.0,0.07948865741491318,-1.0448036193847656,0.001776056709558113
45.84375140001066,10218.68606095,odom,navigating,,0.17078099921325668,-0.12317729544185042,2.6847446360816076,1.499629571767442,-3.33311502662123,2.9995224089772887,2.6694968353765107,-1.7863695621490479,2.7052827242808926,-2.7052827242808926,0.10416506900037348,pixhawk_fused,True,0.8,0.2,gyro,-1.0,0.12907585501670837,-1.0179483890533447,0.0006015778134262097
45.84380109992344,10218.786466897,odom,navigating,,0.16025696560355057,-0.11171321960686796,2.5833777678290897,1.4860732972335982,-3.3254725310254503,2.8981555407247708,2.5800497724482545,-1.6820383071899414,2.600936997314035,-2.600936997314035,0.09486252100032289,pixhawk_fused,True,0.8,0.2,gyro,-1.0,0.22197706997394562,-0.7463830709457397,0.003025603275922966
46.200327300000936,10218.904810136,odom,navigating,,0.14289550346399404,-0.0899460741203319,2.4614531247871283,1.4628256661789,-3.3101501082209484,2.7762308976828094,2.54742656342024,-1.5496786832809448,2.456699415554344,-2.456699415554344,0.014621607000663062,pixhawk_fused,True,0.8,0.2,gyro,-1.0,0.28628602623939514,0.06719578802585602,0.011377013097144215
46.20040959992912,10219.024472852,odom,navigating,,0.12478604004784313,-0.06722329228738932,2.467380740183635,1.4385709167826504,-3.2941505891290026,2.7821585130793163,2.577135419693454,-1.5496786832809448,2.456699415554344,-2.456699415554344,0.1342744909998146,pixhawk_fused,True,0.8,0.2,gyro,-1.0,0.2667456269264221,0.23819208145141602,0.020103014287498097
46.20045769994613,10219.144203679,odom,navigating,,0.10813005171199591,-0.04790958452216033,2.485851938240393,1.4167536932258589,-3.280942636548927,2.8006297111360743,2.623216895948293,-1.5629522800445557,2.4683039694401017,-2.4683039694401017,0.08042689300054917,pixhawk_fused,True,0.8,0.2,gyro,-1.0,0.2186829000711441,0.37197867035865784,0.026813894337670435
46.543797499965876,10219.245103619,odom,navigating,,0.09692900723430022,-0.035805825228307143,2.540394971956468,1.4023556233076253,-3.2729014942753123,2.855172744852149,2.6441977591080703,-1.6221327781677246,2.5311961803408853,-2.5311961803408853,0.06795815800069249,pixhawk_fused,True,0.8,0.2,gyro,-1.0,0.16067636013031006,0.15760742127895355,0.030593302900069994
46.54387819999829,10219.364630616,odom,navigating,,0.0886162451128895,-0.027093243773660885,2.541213564566136,1.3917538467786534,-3.2671906778607576,2.855991337461817,2.6483023731050372,-1.6221327781677246,2.5311961803408853,-2.5311961803408853,0.18715006900129083,pixhawk_fused,True,0.8,0.2,gyro,-1.0,0.08974743634462357,-0.03367476537823677,0.03317413770401854
46.54393209994305,10219.485772031,odom,navigating,,0.0848467780040242,-0.023126247404886256,2.545411588142355,1.3869413890747124,-3.2645856455533826,2.860189361038036,2.641115455252799,-1.6328481435775757,2.538231251909449,-2.538231251909449,0.011148442999910912,pixhawk_fused,True,0.8,0.2,gyro,-1.0,0.04131774976849556,-1.3605066669697408e-05,0.03435789051011763
46.88131460000295,10219.604133882,odom,navigating,,0.08281635011864087,-0.020977978526080875,2.5420569015362133,1.3843456106938705,-3.263171562397787,2.8568346744318944,2.646150892172988,-1.625991702079773,2.532785558334603,-2.532785558334603,0.014275501998781692,pixhawk_fused,True,0.8,0.2,gyro,-1.0,0.025568872690200806,0.13443149626255035,0.03500500926605668
46.88140890002251,10219.705436666,odom,navigating,,0.08150532383435789,-0.019626006223330543,2.5471843330814137,1.3826804238014538,-3.262291919493644,2.8619621059770948,2.6718772099849217,-1.625991702079773,2.532785558334603,-2.532785558334603,0.11499435199948493,pixhawk_fused,True,0.8,0.2,gyro,-1.0,0.0204479843378067,0.2687695026397705,0.035393702162317076
46.88145979994442,10219.824150492,odom,navigating,,0.07996767088415475,-0.018131134524373038,2.5909317903876303,1.380755503105899,-3.261346563313447,2.9057095632833114,2.7041952846297246,-1.6750192642211914,2.579376820898666,-2.579376820898666,0.01343227500001376,pixhawk_fused,True,0.8,0.2,gyro,-1.0,0.023307323455810547,0.306352823972702,0.035774277493559936
47.223437499953434,10219.924492497,odom,navigating,,0.07790187932472345,-0.016258721778212845,2.598759861876146,1.3782115051229604,-3.26020573093233,2.913537634771827,2.743517173717273,-1.6750192642211914,2.579376820898666,-2.579376820898666,0.11388575900127762,pixhawk_fused,True,0.8,0.2,gyro,-1.0,0.03365662321448326,0.37430962920188904,0.03617286005778973
47.22351849998813,10220.044730408,odom,navigating,,0.07503003684240941,-0.013890722632243786,2.6293147941617443,1.3747476252519664,-3.258843220221232,2.9440925670574254,2.7996084744470635,-1.7014827728271484,2.6036056488520045,-2.6036056488520045,0.08293388799938839,pixhawk_fused,True,0.8,0.2,gyro,-1.0,0.03859109804034233,0.5072436332702637,0.03653206391192294
47.223567500011995,10220.164594234,odom,navigating,,0.0715596202570516,-0.011361505248168704,2.7112179077991025,1.3706646680935886,-3.2575127343345405,3.0259956806947836,2.8643210267527803,-1.788474202156067,2.6897650567060847,-2.6897650567060847,0.0946032860010746,pixhawk_fused,True,0.8,0.2,gyro,-1.0,0.04102640599012375,0.5392534732818604,0.03669051520418583
47.56104659999255,10220.286555173,odom,navigating,,0.06792289113045888,-0.009044511451369449,2.763982594638482,1.366489275646584,-3.256435535695425,3.078760367534163,2.9213126032799472,-1.8401799201965332,2.7414822784429926,-2.7414822784429926,0.09467447099996207,pixhawk_fused,True,0.8,0.2,gyro,-1.0,0.043879184871912,0.4410445988178253,0.03658003456083363
47.561148799955845,10220.387800219,odom,navigating,,0.0647664246403857,-0.007251088777350586,2.828110514411006,1.3629326485568554,-3.2557074908236983,-3.140297019872899,2.966676973975406,-1.9122620820999146,2.8102641797131436,-2.8102641797131436,0.01281671099968662,pixhawk_fused,True,0.8,0.2,gyro,-1.0,0.03870890662074089,0.37312009930610657,0.03630368820752775
47.561215199995786,10220.506211958,odom,navigating,,0.060396344373993514,-0.00504676270328391,2.8856096356949132,1.3580948205374757,-3.254964473306795,-3.082797898588992,3.0173819404287525,-1.97138512134552,2.869450998551263,-2.869450998551263,0.014138282000203617,pixhawk_fused,True,0.8,0.2,gyro,-1.0,0.04725349321961403,0.3726707398891449,0.03569000504545841
47.922578700003214,10220.62479801,odom,navigating,,0.05521155129286725,-0.0027173493226099795,2.892719033552845,1.3524435827735206,-3.2543547539226467,-3.07568850073106,3.053148542335239,-1.97138512134552,2.869450998551263,-2.869450998551263,0.1331154190011148,pixhawk_fused,True,0.8,0.2,gyro,-1.0,0.0647425577044487,0.306352823972702,0.03472483620865679
47.92267979995813,10220.744714279,odom,navigating,,0.05005863773204308,-0.0006073924102403313,2.9291277704712493,1.3468906029935388,-3.253943837993903,-3.039279763812656,3.0937826977175984,-2.005521297454834,2.904813652134551,-2.904813652134551,0.08385905900104262,pixhawk_fused,True,0.8,0.2,gyro,-1.0,0.051467664539813995,0.4058964252471924,0.03359547773539266
47.92272979998961,10220.864501626,odom,navigating,,0.04400763417570069,0.0015697257556624624,2.9905004316273103,1.3404628672144374,-3.253747114072551,-2.977907102656595,3.1320212205214966,-2.072477340698242,2.971920629299296,-2.971920629299296,0.0456762539997726,pixhawk_fused,True,0.8,0.2,gyro,-1.0,0.06923205405473709,0.30333006381988525,0.029550048841740426
48.26341140002478,,mission_status,turning,final alignment at waypoint 4/4,0.04400763417570069,0.0015697257556624624,2.9905004316273103,,,,,,,,,,,,,,,,,
48.26346389995888,10220.984317267,odom,turning,,0.03824689228719941,0.00339973615638872,3.017653834947161,1.3344185975145888,-3.253790576334245,-2.9507536993367443,-3.110178982897248,-2.0942440032958984,2.995643496400727,-2.995643496400727,0.013756639998973696,pixhawk_fused,True,0.8,0.2,gyro,-1.0,0.0541331022977829,0.37270551919937134,0.024222360124029594
48.26352429995313,10221.084813585,odom,turning,,0.03577124053377792,0.004139988933937593,3.0384363768828435,1.3318354003147637,-3.253853170309221,-2.9299711574010616,-3.126566920182518,-2.1198654174804688,3.0256572294785213,-3.0256572294785213,0.006950291000975994,pixhawk_fused,True,0.8,0.2,gyro,-1.0,0.02820284105837345,-0.10109993815422058,0.021965926989767237
48.26356959994882,10221.204809594,odom,turning,,0.03312488223576725,0.005005808109272225,3.004464425824719,1.329051008195374,-3.2538492191945214,-2.963943108459186,3.115968973404928,-2.0888619422912598,2.9933473754479123,-2.9933473754479123,0.012358126001345227,pixhawk_fused,True,0.8,0.2,gyro,-1.0,0.0282888263463974,-0.3718299865722656,0.019500468863352695
48.622492199996486,10221.324427574,odom,turning,,0.029978478989367893,0.0061954063084861954,2.994347134241881,1.325690897073592,-3.253692214373569,-2.974060400042024,3.0652792721933997,-2.0888619422912598,2.9933473754479123,-2.9933473754479123,0.1320770670008642,pixhawk_fused,True,0.8,0.2,gyro,-1.0,0.03333893418312073,-0.4382089078426361,0.01645429732476514
48.622593999956734,10221.444318475,odom,turning,,0.026674827230623106,0.007645937673445004,2.915642490215867,1.3221004775555125,-3.253335782236997,-3.052765044068038,3.010896962817892,-2.0090935230255127,2.908574190343781,-2.908574190343781,0.06166452400066191,pixhawk_fused,True,0.8,0.2,gyro,-1.0,0.03872275725007057,-0.5089741945266724,0.013111420872908976
48.622654799954034,10221.565106972,odom,turning,,0.023113766002388292,0.009457155613099325,2.867746059481297,1.3181536259008608,-3.2527160810893974,-3.100661474802608,2.950685754561418,-1.9631845951080322,2.8637492380096154,-2.8637492380096154,0.004048561000672635,pixhawk_fused,True,0.8,0.2,gyro,-1.0,0.03871110454201698,-0.5088210105895996,0.009330496867782173
48.981082599959336,10221.684649286,odom,turning,,0.01960858195078077,0.011516555296606685,2.816600363067567,1.3141830675580124,-3.251843092694222,3.131378135963248,2.8894064749660804,-1.9151235818862915,2.815132737035914,-2.815132737035914,0.01571138500003144,pixhawk_fused,True,0.8,0.2,gyro,-1.0,0.038464173674583435,-0.5055753588676453,0.005410570515148543
48.981162399984896,10221.805515041,odom,turning,,0.015854534978526062,0.014059610774498757,2.763448996648963,1.309826131788238,-3.25058726208001,3.078226769544644,2.821062353187013,-1.8655717372894287,2.7657756357146934,-2.7657756357146934,0.022262127000431065,pixhawk_fused,True,0.8,0.2,gyro,-1.0,0.046152401715517044,-0.6066298484802246,0.0009703824390314741
48.981220299960114,10221.92419398,odom,turning,,0.012323748984197271,0.016824559410868165,2.697478855883224,1.305612787844778,-3.249051318228947,3.012256628778905,2.7520620883861726,-1.7998771667480469,2.700562522883578,-2.700562522883578,0.05524196400074288,pixhawk_fused,True,0.8,0.2,gyro,-1.0,0.041157662868499756,-0.540978729724884,0.003473283423176199
49.3020604000194,10222.025196216,odom,turning,,0.009607818373649872,0.019236489812864396,2.6070274370335036,1.3022835578036736,-3.2475987636933823,2.9218052099291847,2.6973288773617616,-1.7005012035369873,2.601194189543887,-2.601194189543887,0.04675192099966807,pixhawk_fused,True,0.8,0.2,gyro,-1.0,0.04103253781795502,-0.5393340587615967,0.00709583173353973
49.30218050000258,10222.144234297,odom,turning,,0.006379655413136671,0.022479831626839863,2.550850637382322,1.2982098545718288,-3.24551423875931,2.865628410278003,2.6283591259214205,-1.646547555923462,2.5482091889335354,-2.5482091889335354,0.054171204999875044,pixhawk_fused,True,0.8,0.2,gyro,-1.0,0.04359055310487747,-0.5729568004608154,0.011671571946034853
49.302231100038625,10222.244449065,odom,turning,,0.0038942094909265763,0.02531316242969361,2.539495297783549,1.2949693166580567,-3.243589629993863,2.85427307067923,2.571550665546776,-1.646547555923462,2.5482091889335354,-2.5482091889335354,0.15448232299968367,pixhawk_fused,True,0.8,0.2,gyro,-1.0,0.043592724949121475,-0.5729853510856628,0.015435613693173476
49.6215521999402,10222.344779442,odom,turning,,0.0015680228839273684,0.028290373552767187,2.48194397703819,1.2918356667945752,-3.241478902930731,2.7967217499338712,2.5146200872497837,-1.5896254777908325,2.4905026966287336,-2.4905026966287336,0.05435986900010903,pixhawk_fused,True,0.8,0.2,gyro,-1.0,0.043894603848457336,-0.5769532322883606,0.019191808795815918
49.62163569999393,10222.463949134,odom,turning,,-0.0009568126343055781,0.031995798683361734,2.378180215861744,1.2882876697711636,-3.238737245236117,2.692957988757425,2.442903803526482,-1.4791595935821533,2.3787308198167523,-2.3787308198167523,0.07430544199996802,pixhawk_fused,True,0.8,0.2,gyro,-1.0,0.04402494430541992,-0.5786664485931396,0.023608617338350367
49.62168510002084,10222.564621968,odom,turning,,-0.0027318023504146194,0.03499977138465226,2.366571359213487,1.285669848329367,-3.2364304181118486,2.681349132109168,2.3848440572071032,-1.4791595935821533,2.3787308198167523,-2.3787308198167523,0.17474478000076488,pixhawk_fused,True,0.8,0.2,gyro,-1.0,0.04130842164158821,-0.5429602861404419,0.02699978859058951
49.96369889995549,10222.684215653,odom,turning,,-0.004822787894522172,0.03911308693243699,2.2190203539692352,1.282408099168261,-3.2331665894166903,2.5337981268649163,2.315279279682704,-1.3103629350662231,2.211701643819972,-2.211701643819972,0.011011575001248275,pixhawk_fused,True,0.8,0.2,gyro,-1.0,0.046159300953149796,-0.6067205667495728,0.0314066476002473
49.96378039999399,10222.804874968,odom,turning,,-0.006675731779157193,0.0434977203824095,2.2046884913966047,1.2792886941130381,-3.2295710750401825,2.519466264292286,2.243547746928859,-1.3103629350662231,2.211701643819972,-2.211701643819972,0.13170583400096803,pixhawk_fused,True,0.8,0.2,gyro,-1.0,0.046156998723745346,-0.6066902875900269,0.03584212009883171
49.96383899997454,10222.905043403,odom,turning,,-0.007920034677409179,0.047069633521258716,2.1379784001077513,1.2769996470049174,-3.2265599097323845,2.4527561730034324,2.186556208941825,-1.2422819137573242,2.14256264930503,-2.14256264930503,0.035693958001502324,pixhawk_fused,True,0.8,0.2,gyro,-1.0,0.04401608183979988,-0.5785499811172485,0.039270600854230904
50.3217531000264,10223.027195526,odom,turning,,-0.009158686907685006,0.051509910671133745,2.0441820703707108,1.2744471229323642,-3.2227212978251574,2.358959843266392,2.1170828982965957,-1.1419199705123901,2.0426907981588087,-2.0426907981588087,0.04445384800055763,pixhawk_fused,True,0.8,0.2,gyro,-1.0,0.039693769067525864,-0.5217372179031372,0.04331777831682644
50.32183389994316,10223.144992759,odom,turning,,-0.010088778032773379,0.056039112659979955,2.0302527847304823,1.2721604672884037,-3.2187025982689974,2.3450305576261634,2.047411271074246,-1.1419199705123901,2.0426907981588087,-2.0426907981588087,0.16235276500083273,pixhawk_fused,True,0.8,0.2,gyro,-1.0,0.046152401715517044,-0.6066298484802246,0.0472136338861903
50.32188079995103,10223.263970418,odom,turning,,-0.01068193714668006,0.06044111242850793,1.9723211673696792,1.270233571035499,-3.2147005349852558,2.2870989402653605,1.9804710067207667,-1.0857661962509155,1.987011299724742,-1.987011299724742,0.10398394599906169,pixhawk_fused,True,0.8,0.2,gyro,-1.0,0.041174136102199554,-0.541195273399353,0.050783423877257795
50.642301699961536,10223.364940952,odom,turning,,-0.010906384996526474,0.06339796036171874,1.8551538999254376,1.2691046959751826,-3.2119584613838312,2.169931672821119,1.9263174920315713,-0.9503751397132874,1.8540963525726042,-1.8540963525726042,0.016368911001336528,pixhawk_fused,True,0.8,0.2,gyro,-1.0,0.03333893418312073,-0.6404591798782349,0.05305999854564495
50.64250089996494,10223.484432639,odom,turning,,-0.010965490684170208,0.06770589557840802,1.8264119943809576,1.2677147354145941,-3.207880495107179,2.141189767276639,1.8613607654528084,-0.93051677942276,1.834402611578866,-1.834402611578866,0.08947481900031562,pixhawk_fused,True,0.8,0.2,gyro,-1.0,0.038589172065258026,-0.5072183609008789,0.05619007964781206
50.64255360001698,10223.584951087,odom,turning,,-0.010794884738823462,0.0713813530374389,1.7735890035713948,1.2667390180372329,-3.2043328100138755,2.088366776467076,1.8059104346006476,-0.877577543258667,1.7822363847746097,-1.7822363847746097,0.01205529799881333,pixhawk_fused,True,0.8,0.2,gyro,-1.0,0.04103458300232887,-0.5393609404563904,0.058706539934137304
50.98332979995757,10223.70398543,odom,turning,,-0.010323074628991638,0.07575283391186347,1.675127842793035,1.265834212771057,-3.2000300461061646,1.9899056156887163,1.738207210600259,-0.771175742149353,1.676089103962346,-1.676089103962346,0.023137187001339043,pixhawk_fused,True,0.8,0.2,gyro,-1.0,0.04629543051123619,-0.6085098385810852,0.0615121091164521
50.983410399989225,10223.805057351,odom,turning,,-0.009679407465591604,0.07947065274708863,1.6626794443478528,1.2652951975446884,-3.1962956188549603,1.977457217243534,1.6759513243784998,-0.771175742149353,1.676089103962346,-1.676089103962346,0.12397451899960288,pixhawk_fused,True,0.8,0.2,gyro,-1.0,0.0434541255235672,-0.7055550217628479,0.06372919550728456
50.983466299949214,10223.92508664,odom,turning,,-0.00895922551708904,0.08237733467159888,1.5424838701432795,1.2650800697469733,-3.1933087840955747,1.8572616430389608,1.572206686398403,-0.6415530443191528,1.5517808568729599,-1.5517808568729599,0.04801627099914185,pixhawk_fused,True,0.8,0.2,gyro,-1.0,0.01538336742669344,-1.0109994411468506,0.06531134471170372
51.321228999993764,10224.02514893,odom,turning,,-0.008426366368235832,0.08383620419535279,1.4455682082061734,1.2651350734226579,-3.191756619878903,1.7603459811018547,1.470018715845146,-0.5471094250679016,1.456183224762841,-1.456183224762841,0.033762491000743466,pixhawk_fused,True,0.8,0.2,gyro,-1.0,0.012820113450288773,-1.044751524925232,0.0659859551412001
51.32131979998667,10224.144846558,odom,turning,,-0.0077047628143999125,0.08528938613543194,1.4212512281156227,1.2653713084910043,-3.1901514275438965,1.736029001011304,1.3483144806996403,-0.5471094250679016,1.456183224762841,-1.456183224762841,0.15347924800153123,pixhawk_fused,True,0.8,0.2,gyro,-1.0,0.017947645857930183,-0.9774153828620911,0.06652492293163718
51.32135829993058,10224.264165583,odom,turning,,-0.006955048536168296,0.08639399405177738,1.319621859468581,1.2657421933892405,-3.1888689788938143,1.6343996323642622,1.2237875610894668,-0.4514743983745575,1.360249751652642,-1.360249751652642,0.09383850599988364,pixhawk_fused,True,0.8,0.2,gyro,-1.0,0.02057279273867607,-0.878767728805542,0.06679436109920284
51.64393869997002,10224.365099192,odom,turning,,-0.0064607839598152285,0.08698407256341686,1.0842264839532534,1.2660294810185722,-3.188154866900238,1.3990042568489347,1.1081869581230759,-0.18185818195343018,1.0949640069855886,-1.0949640069855886,0.009489619000305538,pixhawk_fused,True,0.8,0.2,gyro,-1.0,0.010259666480123997,-1.1462563276290894,0.06687293224189804
51.644021500018425,10224.484254163,odom,turning,,-0.0059194183531448945,0.08748708148936116,1.0222289786827807,1.26638851257271,-3.1875089636235794,1.337006751578462,0.9705527509888444,-0.1368054896593094,1.0518621908082204,-1.0518621908082204,0.015127099000892485,pixhawk_fused,True,0.8,0.2,gyro,-1.0,-0.005143939983099699,-1.2170196771621704,0.06685624080376416
51.64408240001649,10224.585247549,odom,turning,,-0.005680465847957682,0.08766078169833696,0.8262450944410664,1.2665619457126756,-3.1872698172075595,1.1410228673367477,0.8614675848883281,0.08001215755939484,0.834167290653153,-0.834167290653153,0.00395769399983692,pixhawk_fused,True,0.8,0.2,gyro,-1.0,-0.007692066486924887,-1.1795581579208374,0.0668142254189991
51.98151700000744,10224.705881755,odom,turning,,-0.005275944331827577,0.08788926550882002,0.716185378101039,1.2668758513778773,-3.186927317949138,1.0309631509967203,0.7282431716428105,0.18612466752529144,0.7298985545291143,-0.7298985545291143,0.01666577700052585,pixhawk_fused,True,0.8,0.2,gyro,-1.0,0.009562754072248936,-1.131240725517273,0.06669608096139401
51.981621799990535,10224.824331497,odom,turning,,-0.005066143773363611,0.08797141869376994,0.5834563370754196,1.2670499083780589,-3.1867842460063365,0.8982341099711009,0.5918447982932098,0.3177444040775299,0.5980868168725211,-0.5980868168725211,0.021152312998310663,pixhawk_fused,True,0.8,0.2,gyro,-1.0,0.0051431660540401936,-1.08163321018219,0.06660874480873796
51.98167290003039,10224.924337326,odom,turning,,-0.004943838360108477,0.08799676795070452,0.49177833527331255,1.2671583560788886,-3.1867222758915763,0.8065561081689938,0.480196276840565,0.4053535759449005,0.5114004250420767,-0.5114004250420767,0.03336496100018849,pixhawk_fused,True,0.8,0.2,gyro,-1.0,0.010315199382603168,-0.9490851759910583,0.06654166762733106
52.34065499994904,10225.04440843,odom,turning,,-0.004642181174721427,0.08801008383625968,0.46920049011568893,1.267441068733305,-3.1866162196549066,0.7839782630113702,0.3670370948817123,0.4053535759449005,0.5114004250420767,-0.5114004250420767,0.15322964299957675,pixhawk_fused,True,0.8,0.2,gyro,-1.0,0.0025719674304127693,-0.8451526165008545,0.06634094488808089
52.340735199977644,10225.165504629,odom,turning,,-0.0046554731187574624,0.08801594263560497,0.36605876848160707,1.2674266159716414,-3.18661476398107,0.6808365413772883,0.27067783512589555,0.5096471309661865,0.4065740104569632,-0.4065740104569632,0.09632653799963009,pixhawk_fused,True,0.8,0.2,gyro,-1.0,-0.025726113468408585,-0.9468075633049011,0.06635441093812462
52.34078299999237,10225.283550471,odom,turning,,-0.004156036053678189,0.0879915419680519,0.2234662412674036,1.267909067871786,-3.186483337428962,0.5382440141630849,0.20044163139885654,0.6699598431587219,0.2459472385300833,-0.2459472385300833,0.10729739199996402,pixhawk_fused,True,0.8,0.2,gyro,-1.0,-0.012904738076031208,-0.6446155309677124,0.06598878191697805
52.664706200012006,10225.384694133,odom,turning,,-0.004105571815029265,0.08798801387773791,0.15586763957383792,1.2679581448754211,-3.186471068178053,0.4706454124695192,0.15471104848697936,0.7536938190460205,0.17288412722484647,-0.17288412722484647,0.01383652799995616,pixhawk_fused,True,0.8,0.2,gyro,-1.0,0.0,-0.5408976674079895,0.06595107604120068
52.66482589999214,10225.503569555,odom,turning,,-0.004067107455245158,0.0879842377079359,0.10439275097073702,1.2679958884184712,-3.1864627500418434,0.4191705238664183,0.11375644818556874,0.8093294501304626,0.11877943229214726,-0.11877943229214726,0.028711372000543633,pixhawk_fused,True,0.8,0.2,gyro,-1.0,0.0,-0.2714528739452362,0.06592155681750365
52.66487969993614,10225.604592108,odom,turning,,-0.0038889655909860946,0.0879476665846871,0.09094046289581259,1.2681765999276202,-3.1864423706081304,0.40571823579149385,0.10959080196256699,0.8231087923049927,0.10300551323132096,-0.10300551323132096,0.013551237001593108,pixhawk_fused,True,0.8,0.2,gyro,-1.0,0.0,0.0,0.0657711605361196
53.001918499940075,10225.725042577,odom,turning,,-0.0038889655909860946,0.0879476665846871,0.09094046289581259,1.2681765999276202,-3.1864423706081304,0.40571823579149385,0.10959080196256699,0.8231087923049927,0.10300551323132096,-0.10300551323132096,0.13389420800012886,pixhawk_fused,True,0.8,0.2,gyro,-1.0,0.0,0.0,0.0657711605361196
53.00203029997647,10225.844158364,odom,turning,,-0.0038470478297263876,0.08793904808937045,0.09101994638521077,1.2682191263989908,-3.1864375876798103,0.40579771928089203,0.10766819327651647,0.8237935900688171,0.10358551952899872,-0.10358551952899872,0.032793397000205005,pixhawk_fused,True,0.8,0.2,gyro,-1.0,6.474934366451635e-07,-0.06785812228918076,0.06573576206401636
53.00210669997614,10225.944688648,odom,turning,,-0.00376146258536169,0.08792080398465235,0.08995488917538108,1.2683061548990815,-3.18642843772998,0.40473266207106234,0.10234287305264375,0.8237935900688171,0.10358551952899872,-0.10358551952899872,0.1333167360007792,pixhawk_fused,True,0.8,0.2,gyro,-1.0,0.0025809993967413902,-0.1017744243144989,0.0656630233517658
53.33929709997028,10226.064151967,odom,turning,,-0.0036325180192136146,0.08788997282098185,0.08107358664689446,1.2684383092881082,-3.186417832106313,0.3958513595425757,0.06253269585316135,0.8251451253890991,0.10243446446774035,-0.10243446446774035,0.1013262879987451,pixhawk_fused,True,0.8,0.2,gyro,-1.0,0.005163552705198526,-0.4072202444076538,0.06555103578112136
53.339415499940515,10226.164323034,odom,turning,,-0.0036395147085050254,0.08788897048133347,0.03980412154515395,1.2684319667092485,-3.1864209514073916,0.3545818944408352,0.03106907230076643,0.8722891211509705,0.05871473263767987,-0.05871473263767987,0.09301574300116044,pixhawk_fused,True,0.8,0.2,gyro,-1.0,0.005130473058670759,-0.1348654329776764,0.06555519413312044
53.33946889999788,10226.284769782,odom,turning,,-0.0034280822760984937,0.08782668828624704,0.013041004104139442,1.2686522933420945,-3.1864147128052345,0.3278187769998207,0.026338846625224167,0.8996544480323792,0.026444173177755173,-0.026444173177755173,0.09944061699934537,pixhawk_fused,True,0.8,0.2,gyro,-1.0,0.0,0.0,0.06536315723339722
53.662603099946864,10226.386622507,odom,turning,,-0.0034280822760984937,0.08782668828624704,0.013212807306799357,1.2686522933420945,-3.1864147128052345,0.3279905802024806,0.026338846625224167,0.9039008617401123,0.026658926624855694,-0.026658926624855694,0.009847334998994484,pixhawk_fused,True,0.8,0.2,gyro,-1.0,0.0,0.0,0.06536315723339722
53.662711299955845,,mission_status,navigating,correcting final position at waypoint 4/4,-0.0034280822760984937,0.08782668828624704,0.013212807306799357,,,,,,,,,,,,,,,,,
53.662745799985714,10226.504477039,odom,navigating,,-0.0034280822760984937,0.08782668828624704,0.013207482139097781,1.2686522933420945,-3.1864147128052345,0.32798525503477904,0.026338846625224167,0.9040207862854004,0.026652270183018145,-0.026652270183018145,0.017124325000622775,pixhawk_fused,True,0.8,0.2,gyro,-1.0,0.0,0.0,0.06536315723339722
53.66280890000053,10226.604692291,odom,navigating,,-0.0034280822760984937,0.08782668828624704,0.013207482139097781,1.2686522933420945,-3.1864147128052345,0.32798525503477904,0.026338846625224167,0.9040207862854004,0.026652270183018145,-0.026652270183018145,0.11712222899950575,pixhawk_fused,True,0.8,0.2,gyro,-1.0,0.0,0.0,0.06536315723339722
54.021394399926066,10226.724769397,odom,navigating,,-0.0034280822760984937,0.08782668828624704,0.013117041762531145,1.2686522933420945,-3.1864147128052345,0.3278948146582124,0.026338846625224167,0.9041198492050171,0.02653922000905007,-0.02653922000905007,0.06358927099972789,pixhawk_fused,True,0.8,0.2,gyro,-1.0,0.0,0.0,0.06536315723339722
54.02147359994706,10226.844118182,odom,navigating,,-0.0034280822760984937,0.08782668828624704,0.012925743811491808,1.2686522933420945,-3.1864147128052345,0.32770351670717307,0.026338846625224167,0.9043692946434021,0.02630009816498935,-0.02630009816498935,0.02295915299873741,pixhawk_fused,True,0.8,0.2,gyro,-1.0,0.0,0.0,0.06536315723339722
54.02153339993674,10226.963975069,odom,navigating,,-0.0034280822760984937,0.08782668828624704,0.012925743811491808,1.2686522933420945,-3.1864147128052345,0.32770351670717307,0.026338846625224167,0.9043692946434021,0.02630009816498935,-0.02630009816498935,0.14319871999941824,pixhawk_fused,True,0.8,0.2,gyro,-1.0,0.0,0.0,0.06536315723339722
54.343156400020234,10227.065270193,odom,navigating,,-0.0034280822760984937,0.08782668828624704,0.01285403488993242,1.2686522933420945,-3.1864147128052345,0.3276318077856137,0.026338846625224167,0.904452919960022,0.026210462224720715,-0.026210462224720715,0.09371302799991099,pixhawk_fused,True,0.8,0.2,gyro,-1.0,0.0,0.0,0.06536315723339722
54.343246000004,10227.18385325,odom,navigating,,-0.0034280822760984937,0.08782668828624704,0.012698309093031879,1.2686522933420945,-3.1864147128052345,0.32747608198871314,0.026338846625224167,0.9046392440795898,0.02601580541772276,-0.02601580541772276,0.10369832399919687,pixhawk_fused,True,0.8,0.2,gyro,-1.0,0.0,0.0,0.06536315723339722
54.34329119999893,10227.284552236,odom,navigating,,-0.0034280822760984937,0.08782668828624704,0.012597963882926944,1.2686522933420945,-3.1864147128052345,0.3273757367786082,0.026338846625224167,0.9047741293907166,0.025890374173461198,-0.025890374173461198,0.09130103099960252,pixhawk_fused,True,0.8,0.2,gyro,-1.0,0.0,0.0,0.06536315723339722
54.66427830001339,10227.384575399,odom,navigating,,-0.0034280822760984937,0.08782668828624704,0.012405724331074952,1.2686522933420945,-3.1864147128052345,0.3271834972267562,0.026338846625224167,0.9050055146217346,0.025650075216828584,-0.025650075216828584,0.047363023999423604,pixhawk_fused,True,0.8,0.2,gyro,-1.0,0.0,0.0,0.06536315723339722
54.66436980001163,10227.504476417,odom,navigating,,-0.0028615072434169664,0.08765686223647096,0.010549979467913473,1.2692436088498795,-3.1864007799270837,0.32532775236359474,0.017442972878846507,0.9051613211631775,0.02555430564010024,-0.02555430564010024,0.11751135399936175,pixhawk_fused,True,0.8,0.2,gyro,-1.0,0.015378770418465137,-0.2021394520998001,0.06484645650912621
54.664417700027116,10227.604914907,odom,navigating,,-0.00037739086310063785,0.08685327368305616,0.0011624740839665804,1.2718544638526008,-3.186395789045358,0.31594024697964784,-0.021894184797293756,0.9076399207115173,0.02365147712924957,-0.02365147712924957,0.04210916699958034,pixhawk_fused,True,0.8,0.2,gyro,-1.0,0.03589273616671562,-0.47177621722221375,0.06253870999442405
55.002289499971084,10227.72558193,odom,navigating,,0.003622716607728456,0.08533190629271623,-0.06970273245969644,1.2761290500739024,-3.186603950403998,0.24507504043598483,-0.08640834301948246,0.984032154083252,-0.0488003945042801,0.0488003945042801,0.05608200799906626,pixhawk_fused,True,0.8,0.2,gyro,-1.0,0.04389019310474396,-0.5768952965736389,0.05865957728881074
55.002399699995294,10227.843524239,odom,navigating,,0.008459503535220594,0.08308628059774553,-0.08574996713962107,1.2814234397944748,-3.187241743497853,0.2290278057560602,-0.16679164613131653,0.984032154083252,-0.0488003945042801,0.0488003945042801,0.1746355110008153,pixhawk_fused,True,0.8,0.2,gyro,-1.0,0.05660877376794815,-0.7440690398216248,0.05367792748800138
55.0024513999233,10227.944216836,odom,navigating,,0.012915370278393365,0.08058021080792428,-0.15818541438389672,1.2864362606043593,-3.1882451186781102,0.15659235851178455,-0.24384852948708946,1.0541691780090332,-0.12008609625598908,0.12008609625598908,0.0761325069997838,pixhawk_fused,True,0.8,0.2,gyro,-1.0,0.05917893350124359,-0.7778513431549072,0.048775054601959314
55.32220439997036,10228.044255573,odom,navigating,,0.017416991244580893,0.07755776614222422,-0.2777480537783804,1.2916524598445636,-3.1897253310165707,0.03702971911730085,-0.32557461999035353,1.1844877004623413,-0.24907515731355667,0.24907515731355667,0.06356919800055039,pixhawk_fused,True,0.8,0.2,gyro,-1.0,0.0668979287147522,-0.8793103098869324,0.0434700368815189
55.322313499986194,10228.144328218,odom,navigating,,0.02203741077908514,0.07385169645835858,-0.3594255736290363,1.297193274350339,-3.191818797947068,-0.04464780073335506,-0.4148690286926974,1.265211582183838,-0.3288528451015663,0.3288528451015663,0.05645579799966072,pixhawk_fused,True,0.8,0.2,gyro,-1.0,0.07204392552375793,-0.9469496011734009,0.03759203675735408
55.32244040002115,10228.264632377,odom,navigating,,0.02726839729349763,0.06872189004539916,-0.3813991279768701,1.3037554520059245,-3.195077011900285,-0.06662135508118883,-0.5253427064868399,1.265211582183838,-0.3288528451015663,0.3288528451015663,0.1762430590006261,pixhawk_fused,True,0.8,0.2,gyro,-1.0,0.06666126102209091,-0.8761995434761047,0.030267590573279917
55.663311399985105,10228.365089386,odom,navigating,,0.03126030389550878,0.06391570737367443,-0.5828561737384564,1.30903923610283,-3.1984111288464128,-0.2680784008427752,-0.6195351559772526,1.4926546812057495,-0.5569653438617898,0.5569653438617898,0.021893208999244962,pixhawk_fused,True,0.8,0.2,gyro,-1.0,0.07178904861211777,-0.9435994625091553,0.02403889169358656
55.66341659997124,10228.485655171,odom,navigating,,0.03551007634176395,0.05754693774045403,-0.6345359577687848,1.3150520008617856,-3.203151218765332,-0.31975818487310353,-0.7349679090282561,1.528164029121399,-0.5927659749080849,0.5927659749080849,0.09733189500002482,pixhawk_fused,True,0.8,0.2,gyro,-1.0,0.0720958337187767,-0.9476318359375,0.016510038938237576
55.66346469998825,10228.604415116,odom,navigating,,0.039186024041862035,0.05031284595679912,-0.730724976583728,1.3207870438480502,-3.2088917725168353,-0.4159472036880468,-0.8573281317731416,1.6191595792770386,-0.6824657595445824,0.6824657595445824,0.034068430999468546,pixhawk_fused,True,0.8,0.2,gyro,-1.0,0.08204054087400436,-1.0783456563949585,0.008760716996568598
56.00262439996004,10228.705058381,odom,navigating,,0.04157576721286861,0.04391723070313945,-0.9075553847933029,1.3250394830316943,-3.2142332636836937,-0.5927776118976216,-0.9602486420832442,1.8152903318405151,-0.8776685101082039,0.8776685101082039,0.032704732000638614,pixhawk_fused,True,0.8,0.2,gyro,-1.0,0.0819915235042572,-1.0777013301849365,0.0025091510593607423
56.00273780000862,10228.824817605,odom,navigating,,0.04359281955088365,0.03578861490933673,-0.9326661662696678,1.329474089398324,-3.2213379917735363,-0.6178883933739865,-1.08654562394346,1.8152903318405151,-0.8776685101082039,0.8776685101082039,0.15238169900112553,pixhawk_fused,True,0.8,0.2,gyro,-1.0,0.07743386179208755,-1.017795205116272,0.0047252286135878434
56.0027865000302,10228.944587736,odom,navigating,,0.0445607957568729,0.027603987080032085,-1.0559617530264953,1.3329285073893797,-3.2288207791540957,-0.741183980130814,-1.2108133194920185,1.9377070665359497,-1.0007244688560677,1.0007244688560677,0.07599624999966181,pixhawk_fused,True,0.8,0.2,gyro,-1.0,0.07975892722606659,-1.048356056213379,0.01126851029861494
56.34089839993976,10229.065962193,odom,navigating,,0.04446315696287868,0.018665395887667826,-1.2277247982152364,1.3356031001108055,-3.237350403976607,-0.9129470253195551,-1.3456399241850021,2.1183390617370605,-1.1816174336363985,1.1816174336363985,0.08338805299899832,pixhawk_fused,True,0.8,0.2,gyro,-1.0,0.09230020642280579,-1.2131993770599365,0.0176096115418857
56.341003399924375,10229.18448103,odom,navigating,,0.043083137429930765,0.00942745674034262,-1.341412536877594,1.33715100128267,-3.246561700061477,-1.0266347639819127,-1.4865243152604495,2.2263224124908447,-1.2885778375556185,1.2885778375556185,0.024743902000409435,pixhawk_fused,True,0.8,0.2,gyro,-1.0,0.09035763144493103,-1.1876660585403442,0.023271466576196106
56.341052699950524,10229.286123521,odom,navigating,,0.04088206263376835,0.0017476185150712888,-1.4578039976373007,1.337435793471139,-3.254545655148652,-1.1430262247416194,-1.6121956276354727,2.3395798206329346,-1.402680084555359,1.402680084555359,0.017182768999191467,pixhawk_fused,True,0.8,0.2,gyro,-1.0,0.0826048031449318,-1.2893315553665161,0.02724381244166841
56.68324569996912,10229.404525787,odom,navigating,,0.037534874268271255,-0.005718691335673279,-1.6943256175672468,1.3365646766566108,-3.262681416221649,-1.3795478446715654,-1.7615791731153512,2.5894362926483154,-1.6608091948916628,1.6608091948916628,0.011593694998737192,pixhawk_fused,True,0.8,0.2,gyro,-1.0,0.06945355981588364,-0.9129016399383545,0.02235879639383544
56.68338329996914,10229.524647117,odom,navigating,,0.03508893935373998,-0.00983908015477772,-1.7089663447373713,1.3355146159368783,-3.267356624678135,-1.39418857184169,-1.8351571782192082,2.5894362926483154,-1.6608091948916628,1.6608091948916628,0.13169328499861876,pixhawk_fused,True,0.8,0.2,gyro,-1.0,0.02580481581389904,-0.33918002247810364,0.01757494447499696
56.68342240003403,10229.62545138,odom,navigating,,0.034570317033547585,-0.010623524403449896,-1.7852706012717883,1.3352643440136782,-3.268263093571553,-1.470492828376107,-1.8493326044219158,2.6763532161712646,-1.752549420147152,1.752549420147152,0.05456420100017567,pixhawk_fused,True,0.8,0.2,gyro,-1.0,0.0025636390782892704,-0.03369662165641785,0.016634596333712347
57.043479299987666,10229.745434175,odom,navigating,,0.034570317033547585,-0.010623524403449896,-1.8182164481515004,1.3352643440136782,-3.268263093571553,-1.503438675255819,-1.8493326044219158,2.713843822479248,-1.7937145356824113,1.7937145356824113,0.06776533300035226,pixhawk_fused,True,0.8,0.2,gyro,-1.0,0.0,0.0,0.016634596333712347
57.04358920000959,10229.864581188,odom,navigating,,0.034570317033547585,-0.010623524403449896,-1.8182164481515004,1.3352643440136782,-3.268263093571553,-1.503438675255819,-1.8493326044219158,2.713843822479248,-1.7937145356824113,1.7937145356824113,0.18690066100134572,pixhawk_fused,True,0.8,0.2,gyro,-1.0,0.0,0.0,0.016634596333712347
57.043620500015095,10229.984481504,odom,navigating,,0.034570317033547585,-0.010623524403449896,-1.8175653643539738,1.3352643440136782,-3.268263093571553,-1.5027875914582924,-1.8493326044219158,2.7131075859069824,-1.7929008709787815,1.7929008709787815,0.11074695000024803,pixhawk_fused,True,0.8,0.2,gyro,-1.0,0.0,0.0,0.016634596333712347
57.364212499931455,10230.084797275,odom,navigating,,0.034570317033547585,-0.010623524403449896,-1.8176553842147813,1.3352643440136782,-3.268263093571553,-1.5028776113191,-1.8493326044219158,2.712986469268799,-1.7930133692332968,1.7930133692332968,0.09336805400016601,pixhawk_fused,True,0.8,0.2,gyro,-1.0,0.0,0.0,0.016634596333712347
57.36432019993663,10230.204835218,odom,navigating,,0.034570317033547585,-0.010623524403449896,-1.8177299519008585,1.3352643440136782,-3.268263093571553,-1.5029521790051772,-1.8493326044219158,2.7130889892578125,-1.7931065569025888,1.7931065569025888,0.03386065800077631,pixhawk_fused,True,0.8,0.2,gyro,-1.0,0.0,0.0,0.016634596333712347
57.36436679994222,10230.305459004,odom,navigating,,0.034570317033547585,-0.010623524403449896,-1.8178050753098862,1.3352643440136782,-3.268263093571553,-1.503027302414205,-1.8493326044219158,2.713292360305786,-1.7932004391280427,1.7932004391280427,0.01182345099914528,pixhawk_fused,True,0.8,0.2,gyro,-1.0,0.0,0.0,0.016634596333712347
57.70298830000684,10230.424400799,odom,navigating,,0.034570317033547585,-0.010623524403449896,-1.8179305709878415,1.3352643440136782,-3.268263093571553,-1.5031527980921602,-1.8493326044219158,2.7136600017547607,-1.7933572720614686,1.7933572720614686,0.07101750200126844,pixhawk_fused,True,0.8,0.2,gyro,-1.0,0.0,0.0,0.016634596333712347
57.70308889995795,10230.524713404,odom,navigating,,0.034570317033547585,-0.010623524403449896,-1.8179686532799337,1.3352643440136782,-3.268263093571553,-1.5031908803842524,-1.8493326044219158,2.713747978210449,-1.7934048638371243,1.7934048638371243,0.054117857000164804,pixhawk_fused,True,0.8,0.2,gyro,-1.0,0.0,0.0,0.016634596333712347
57.70313509996049,10230.644354743,odom,navigating,,0.034570317033547585,-0.010623524403449896,-1.8181480015100693,1.3352643440136782,-3.268263093571553,-1.503370228614388,-1.8493326044219158,2.7140936851501465,-1.7936289971265433,1.7936289971265433,0.06553840699962166,pixhawk_fused,True,0.8,0.2,gyro,-1.0,0.0,0.0,0.016634596333712347
58.04324859997723,10230.764851679,odom,navigating,,0.034570317033547585,-0.010623524403449896,-1.818231265983367,1.3352643440136782,-3.268263093571553,-1.5034534930876857,-1.8493326044219158,2.714240550994873,-1.793733053704673,1.793733053704673,0.07482599399918399,pixhawk_fused,True,0.8,0.2,gyro,-1.0,0.0,0.0,0.016634596333712347
58.04332820000127,10230.88376616,odom,navigating,,0.034570317033547585,-0.010623524403449896,-1.8184030635003006,1.3352643440136782,-3.268263093571553,-1.5036252906046192,-1.8493326044219158,2.7144930362701416,-1.7939477513087405,1.7939477513087405,0.0026156410003750352,pixhawk_fused,True,0.8,0.2,gyro,-1.0,0.0,0.0,0.016634596333712347
58.043374500004575,10230.985151211,odom,navigating,,0.034570317033547585,-0.010623524403449896,-1.8184030635003006,1.3352643440136782,-3.268263093571553,-1.5036252906046192,-1.8493326044219158,2.7144930362701416,-1.7939477513087405,1.7939477513087405,0.10337675799928547,pixhawk_fused,True,0.8,0.2,gyro,-1.0,0.0,0.0,0.016634596333712347
58.40085580002051,10231.104537072,odom,navigating,,0.034570317033547585,-0.010623524403449896,-1.8184908843795857,1.3352643440136782,-3.268263093571553,-1.5037131114839044,-1.8493326044219158,2.7146196365356445,-1.7940575023423373,1.7940575023423373,0.04453386899876932,pixhawk_fused,True,0.8,0.2,gyro,-1.0,0.0,0.0,0.016634596333712347
58.40091620001476,10231.22472907,odom,navigating,,0.034570317033547585,-0.010623524403449896,-1.8185754858904786,1.3352643440136782,-3.268263093571553,-1.5037977129947973,-1.8493326044219158,2.7147397994995117,-1.7941632301685824,1.7941632301685824,0.05009588800021447,pixhawk_fused,True,0.8,0.2,gyro,-1.0,0.0,0.0,0.016634596333712347
58.40094710001722,10231.344289188,odom,navigating,,0.034570317033547585,-0.010623524403449896,-1.8186503576625777,1.3352643440136782,-3.268263093571553,-1.5038725847668963,-1.8493326044219158,2.7148330211639404,-1.794256798657538,1.794256798657538,0.022606253000049037,pixhawk_fused,True,0.8,0.2,gyro,-1.0,0.0,0.0,0.016634596333712347
58.72365539998282,10231.444523963,odom,navigating,,0.03462147724724493,-0.010547672617804146,-1.8184870884626616,1.3352895063757118,-3.2681751292811385,-1.5037093155669803,-1.8479592199834347,2.7149739265441895,-1.794395724085109,1.794395724085109,0.07548102000146173,pixhawk_fused,True,0.8,0.2,gyro,-1.0,-0.002854635240510106,0.037521492689847946,0.01672608873070553
58.72376079997048,10231.544622425,odom,navigating,,0.03484611547369819,-0.010212066943933132,-1.817385027328849,1.335399201796973,-3.267786464366755,-1.5026072544331677,-1.8418710386137616,2.7151143550872803,-1.7945389850409195,1.7945389850409195,0.07133738599986827,pixhawk_fused,True,0.8,0.2,gyro,-1.0,0.0,0.0,0.0171299352476944
58.723808699985966,10231.664613666,odom,navigating,,0.03484611547369819,-0.010212066943933132,-1.8170366744350577,1.335399201796973,-3.267786464366755,-1.5022589015393764,-1.8418710386137616,2.714580774307251,-1.79410361985019,1.79410361985019,0.07570146099897102,pixhawk_fused,True,0.8,0.2,gyro,-1.0,0.0,0.0,0.0171299352476944
59.06233089999296,10231.784404355,odom,navigating,,0.03482249208953383,-0.010247677514354772,-1.8169869733318837,1.335387764359685,-3.2678276391409913,-1.5022092004362024,-1.8412300913133866,2.714704990386963,-1.7942016021524982,1.7942016021524982,0.015148469999985537,pixhawk_fused,True,0.8,0.2,gyro,-1.0,0.0,0.0,0.01708720255045106
59.06240960001014,10231.884733924,odom,navigating,,0.0347226042881681,-0.01039929836096211,-1.8154411052039063,1.3353397271230758,-3.268002735908199,-1.500663332308225,-1.8331124914940906,2.7147531509399414,-1.7942974672084169,1.7942974672084169,0.07508823100033624,pixhawk_fused,True,0.8,0.2,gyro,-1.0,0.005126256961375475,0.13475964963436127,0.016905645604234652
59.06245800002944,10232.004625223,odom,navigating,,0.03436036187325894,-0.010961723945666205,-1.8109612865695317,1.3351694132841887,-3.268649678951884,-1.4961835136738504,-1.8216225326905988,2.7098710536956787,-1.7915693053965882,1.7915693053965882,0.04351405299894395,pixhawk_fused,True,0.8,0.2,gyro,-1.0,0.0025803521275520325,0.03391629830002785,0.01623680287001842
59.479045099928044,10232.104654204,odom,navigating,,0.033621431845939076,-0.012146387953320561,-1.789669133699368,1.3348335685347346,-3.2700049112937983,-1.4748913608036867,-1.8005654861850313,2.687898635864258,-1.770218399501355,1.770218399501355,0.03517426600046747,pixhawk_fused,True,0.8,0.2,gyro,-1.0,0.025645334273576736,0.3370837867259979,0.014841441322986905
59.47914630000014,10232.204736574,odom,navigating,,0.032649693795146144,-0.013805933262865073,-1.7534590281342823,1.3344233804429093,-3.271883770310094,-1.438681255238601,-1.7550943372755667,2.651376485824585,-1.7363228831057862,1.7363228831057862,0.021599214000161737,pixhawk_fused,True,0.8,0.2,gyro,-1.0,0.01795237511396408,0.5730339884757996,0.012922162483845588
59.47919600002933,10232.305397361,odom,navigating,,0.03201451738786326,-0.015030284703605417,-1.7401882794667565,1.334198478835148,-3.2732446173939493,-1.4254105065710752,-1.6887337162708393,2.651376485824585,-1.7363228831057862,1.7363228831057862,0.122069114999249,pixhawk_fused,True,0.8,0.2,gyro,-1.0,0.010357767343521118,0.7487871646881104,0.011551859675519232
59.47923709999304,10232.424462063,odom,navigating,,0.031374660250408526,-0.01656891364372913,-1.636873768347489,1.3340664284228239,-3.2749057491949642,-1.3220959954518077,-1.599363069998747,2.5504586696624756,-1.6295235380893067,1.6295235380893067,0.05145508700115897,pixhawk_fused,True,0.8,0.2,gyro,-1.0,0.015383751131594181,0.8088952302932739,0.009918300813737629
59.82259100000374,10232.544907205,odom,navigating,,0.03092493117160552,-0.01802401404166148,-1.5342320938892509,1.3340893032973997,-3.2764285919814977,-1.2194543209935695,-1.4993722308279342,2.4469449520111084,-1.5262192525034264,1.5262192525034264,0.06333964899931743,pixhawk_fused,True,0.8,0.2,gyro,-1.0,0.01538835372775793,0.8089859485626221,0.008460249886006473
59.82269890001044,10232.664500065,odom,navigating,,0.030646560461510958,-0.019434089043181627,-1.4460142733059795,1.3342611767868262,-3.277855568248218,-1.1312365004102982,-1.385663658405848,2.365781784057617,-1.444371422148259,1.444371422148259,0.005274264000036055,pixhawk_fused,True,0.8,0.2,gyro,-1.0,0.01543399691581726,0.946599543094635,0.007135287312081606
59.82275309995748,10232.764638453,odom,navigating,,0.030559960464341833,-0.020369042793734075,-1.4256577726459105,1.33446829837844,-3.278771395044872,-1.1108799997502292,-1.2835977530350313,2.365781784057617,-1.444371422148259,1.444371422148259,0.10505317699971783,pixhawk_fused,True,0.8,0.2,gyro,-1.0,0.010256598703563213,1.011100172996521,0.006311511233744519
60.14229079999495,10232.864740304,odom,navigating,,0.030550361324463794,-0.020925787084349855,-1.2349023476630414,1.334631541801549,-3.2793037557622724,-0.9201245747673601,-1.1818062988207287,2.151008367538452,-1.2314471028213814,1.2314471028213814,0.04724060199987434,pixhawk_fused,True,0.8,0.2,gyro,-1.0,-0.012824585661292076,0.7754086256027222,0.005844421305790701
60.142396399984136,10232.983944504,odom,navigating,,0.030634329699016995,-0.021768437896901208,-1.1435009695278364,1.334972273456026,-3.2800790060569875,-0.8287231966321551,-1.0500314460713527,2.0712409019470215,-1.15012423673919,1.15012423673919,0.01499302800039004,pixhawk_fused,True,0.8,0.2,gyro,-1.0,0.0,1.0112009048461914,0.005192500987781532
60.142446400015615,10233.084469311,odom,navigating,,0.030740137844127945,-0.022201796650384447,-0.9634728633574925,1.3352070528505362,-3.2804583130681353,-0.6486950904618112,-0.9453866034774916,1.8716657161712646,-0.9512667932277039,0.9512667932277039,0.006912513999850489,pixhawk_fused,True,0.8,0.2,gyro,-1.0,0.002582032000645995,1.0520912408828735,0.004892223120627426
60.46427470003255,10233.184612866,odom,navigating,,0.030984426513798628,-0.02284995570136849,-0.9403406799459855,1.3356400118402347,-3.2809989919217455,-0.6255629070503042,-0.8296029655658378,1.8716657161712646,-0.9512667932277039,0.9512667932277039,0.1064570790003927,pixhawk_fused,True,0.8,0.2,gyro,-1.0,0.02065214142203331,1.3572646379470825,0.004491180955352135
60.46435529994778,10233.285332115,odom,navigating,,0.03119575766592623,-0.023260811352802776,-0.8313360687250382,1.335968162313695,-3.281324231047533,-0.5165582958293569,-0.7134987807380662,1.7634261846542358,-0.8440294357304886,0.8440294357304886,0.09372416200130829,pixhawk_fused,True,0.8,0.2,gyro,-1.0,-0.0025806124322116375,1.0515108108520508,0.004268527137826737
60.46441160002723,10233.404460151,odom,navigating,,0.03139482192796974,-0.023572320033939807,-0.6292443766294533,1.3362538902924874,-3.2815588024886373,-0.31446660373377205,-0.5778023511577169,1.5408271551132202,-0.6253758474355057,0.6253758474355057,0.02155262300038885,pixhawk_fused,True,0.8,0.2,gyro,-1.0,-0.00774338748306036,1.0517216920852661,0.004121410848548027
60.78211799997371,10233.507386456,odom,navigating,,0.03154613272196909,-0.023769209300437997,-0.6059118975485249,1.3364587243966437,-3.281699171037171,-0.29113412465284366,-0.46082850740553005,1.5408271551132202,-0.6253758474355057,0.6253758474355057,0.12248223899950972,pixhawk_fused,True,0.8,0.2,gyro,-1.0,-0.012843790464103222,1.0466811656951904,0.004042669732499873
60.782186200027354,10233.62391959,odom,navigating,,0.03176074442919787,-0.023976212015775312,-0.49119686839438526,1.3367268803126937,-3.281829557822253,-0.176419095498704,-0.3234383781279134,1.4308887720108032,-0.5162789451842621,0.5162789451842621,0.06324770599894691,pixhawk_fused,True,0.8,0.2,gyro,-1.0,-1.941907839864143e-06,1.0174635648727417,0.0039909108895195495
60.78224660002161,10233.724473953,odom,navigating,,0.03131735533193718,-0.023671536440615842,-0.38155525227166454,1.3362109479143065,-3.281677127976216,-0.06677747937598327,-0.23454066186222552,1.316745638847351,-0.40149832067540436,0.40149832067540436,0.056474801000149455,pixhawk_fused,True,0.8,0.2,gyro,-1.0,-0.0076943677850067616,0.6405230760574341,0.003995842585049533
61.099861999973655,10233.824482788,odom,navigating,,0.030755568050777154,-0.023353679086502425,-0.28661214325954926,1.3355783536555828,-3.281548820725186,0.028165629636132006,-0.16850062850909744,1.215519666671753,-0.29937374887517243,0.29937374887517243,0.0418289890003507,pixhawk_fused,True,0.8,0.2,gyro,-1.0,-0.020574461668729782,0.4056563377380371,0.0039455508102789775
61.09998239995912,10233.92510528,odom,navigating,,0.030477232943084503,-0.023222155422910902,-0.20955444845570326,1.3352729740799956,-3.2815099334384072,0.105223324439978,-0.12040492911902563,1.1303207874298096,-0.21510040102055816,0.21510040102055816,0.055368264000208,pixhawk_fused,True,0.8,0.2,gyro,-1.0,-0.017949050292372704,0.3707367479801178,0.00389910663586493
61.10003339999821,10234.044806342,odom,navigating,,0.029796251571829534,-0.022909009168740616,-0.142987220619278,1.3345285008892553,-3.281423008915019,0.17179055227640327,-0.10226222928570415,1.0561426877975464,-0.13644040266326218,0.13644040266326218,0.06742919199859898,pixhawk_fused,True,0.8,0.2,gyro,-1.0,0.0,0.0,0.003778307521069546
61.42633599997498,10234.145066951,odom,navigating,,0.029962448013541445,-0.022981931461209717,-0.13330329588889686,1.3347091084217018,-3.2814408929078693,0.1814744770067844,-0.08727809787773648,1.048510193824768,-0.12808114283433705,0.12808114283433705,0.0559323650013539,pixhawk_fused,True,0.8,0.2,gyro,-1.0,0.0025645331479609013,0.23595865070819855,0.0038106937233864844
61.426447200006805,10234.263706736,odom,navigating,,0.029545116107467167,-0.022811492209411956,-0.12924032890124737,1.3342595131595842,-3.281408036269842,0.1855374439944339,-0.06695338683272321,1.048510193824768,-0.12808114283433705,0.12808114283433705,0.17529497100076696,pixhawk_fused,True,0.8,0.2,gyro,-1.0,-0.010286846198141575,0.13521090149879456,0.0037188583988905545
61.42650439997669,10234.366592821,odom,navigating,,0.028795641500983106,-0.02251694104831037,-0.09134225593136741,1.3334556692716497,-3.281359999033233,0.22343551696431385,-0.04141017521893293,1.0037457942962646,-0.08709642425826342,0.08709642425826342,0.023612254999534343,pixhawk_fused,True,0.8,0.2,gyro,-1.0,-0.007104618474841118,0.40462368726730347,0.0035443668376012884
61.76361319993157,10234.484429952,odom,navigating,,0.02853635264332731,-0.022429016466451176,-0.07831435553179761,1.333181898613658,-3.2813566717787492,0.23646341736388365,-0.010190693857448432,0.9910110831260681,-0.07861285344413073,0.07861285344413073,0.09514673099874926,pixhawk_fused,True,0.8,0.2,gyro,-1.0,0.0,0.13525822758674622,0.0034724066934773957
61.76371680002194,10234.585961374,odom,navigating,,0.028538265616451033,-0.022429858036604043,-0.05041562475771483,1.3331839781477106,-3.2813568797321544,0.26436214813796644,-0.0006997268800883543,0.9608393311500549,-0.04611577228358538,0.04611577228358538,0.016776406000644783,pixhawk_fused,True,0.8,0.2,gyro,-1.0,0.0,0.13471266627311707,0.0034727776345661963
61.76376849994995,10234.705134761,odom,navigating,,0.028445950576339078,-0.022403736508189793,-0.025305168226944508,1.3330881116278974,-3.2813606228934487,0.28947260466873675,0.023729594067928073,0.933509349822998,-0.020835108107836554,0.020835108107836554,0.03332776099887269,pixhawk_fused,True,0.8,0.2,gyro,-1.0,-0.005143551155924797,0.13520918786525726,0.0034428596060890613
62.12052669993136,10234.826134526,odom,navigating,,0.02779640231974425,-0.022213017650775404,-0.02300521661464644,1.3324114312472637,-3.281380378466946,0.2917725562810348,0.03523471944637342,0.933509349822998,-0.020835108107836554,0.020835108107836554,0.15437469099924783,pixhawk_fused,True,0.8,0.2,gyro,-1.0,-0.005156824830919504,0.06778160482645035,0.0032380908257676954
62.12063100002706,10234.945235544,odom,navigating,,0.027710148116250857,-0.02218843215453298,-0.009985904831392167,1.3323218033296076,-3.2813837057214297,0.3047918680642891,0.03657749365666631,0.9189401268959045,-0.004898253059895347,0.004898253059895347,0.07614552900122362,pixhawk_fused,True,0.8,0.2,gyro,-1.0,0.0,0.0,0.0032102854368039925
62.12069360003807,,mission_status,reached,reached waypoint 4/4,0.027710148116250857,-0.02218843215453298,-0.009985904831392167,,,,,,,,,,,,,,,,,
62.12071519996971,10235.065553005,odom,reached,,0.027710148116250857,-0.02218843215453298,-0.006641724222802736,1.3323218033296076,-3.2813837057214297,0.3081360486728785,0.03657749365666631,0.9158343076705933,-0.0007183012784883484,0.0007183012784883484,0.0838793999992049,pixhawk_fused,True,0.8,0.2,gyro,-1.0,0.0,0.0,0.0032102854368039925
62.478587699937634,,mission_status,done,mission complete,0.027710148116250857,-0.02218843215453298,-0.006641724222802736,,,,,,,,,,,,,,,,,
62.47864049999043,10235.185096664,odom,done,,0.027710148116250857,-0.02218843215453298,-0.0068729366338663445,1.3323218033296076,-3.2813837057214297,0.3079048362618149,0.03657749365666631,0.9159330129623413,-0.0010073000378400191,0.0010073000378400191,0.02551848199982487,pixhawk_fused,True,0.8,0.2,gyro,-1.0,0.0,0.0,0.0032102854368039925
62.47870259999763,10235.305489384,odom,done,,0.027710148116250857,-0.02218843215453298,-0.006982439848838895,1.3323218033296076,-3.2813837057214297,0.30779533304684237,0.03657749365666631,0.9160535931587219,-0.0011441710125148401,0.0011441710125148401,0.035301691001222935,pixhawk_fused,True,0.8,0.2,gyro,-1.0,0.0,0.0,0.0032102854368039925
62.478745899978094,10235.423991265,odom,done,,0.027710148116250857,-0.02218843215453298,-0.007183244198392669,1.3323218033296076,-3.2813837057214297,0.3075945286972886,0.03657749365666631,0.9162862300872803,-0.001395161515051137,0.001395161515051137,0.030379476000234718,pixhawk_fused,True,0.8,0.2,gyro,-1.0,0.0,0.0,0.0032102854368039925
63.501584699959494,10235.525082676,odom,done,,0.027710148116250857,-0.02218843215453298,-0.007183244198392669,1.3323218033296076,-3.2813837057214297,0.3075945286972886,0.03657749365666631,0.9162862300872803,-0.001395161515051137,0.001395161515051137,0.1312162989997887,pixhawk_fused,True,0.8,0.2,gyro,-1.0,0.0,0.0,0.0032102854368039925
63.50168769992888,10235.626733874,odom,done,,0.027710148116250857,-0.02218843215453298,-0.007284061295839361,1.3323218033296076,-3.2813837057214297,0.3074937115998419,0.03657749365666631,0.9163975119590759,-0.001521175298789154,0.001521175298789154,0.05537431899938383,pixhawk_fused,True,0.8,0.2,gyro,-1.0,0.0,0.0,0.0032102854368039925
63.501738199964166,10235.744535952,odom,done,,0.027710148116250857,-0.02218843215453298,-0.007457559888859211,1.3323218033296076,-3.2813837057214297,0.30732021300682205,0.03657749365666631,0.9165858626365662,-0.0017380353398114548,0.0017380353398114548,0.06462803599970357,pixhawk_fused,True,0.8,0.2,gyro,-1.0,0.0,0.0,0.0032102854368039925
63.50178429996595,10235.864264997,odom,done,,0.027710148116250857,-0.02218843215453298,-0.007457559888859211,1.3323218033296076,-3.2813837057214297,0.30732021300682205,0.03657749365666631,0.9165858626365662,-0.0017380353398114548,0.0017380353398114548,0.18474583399984112,pixhawk_fused,True,0.8,0.2,gyro,-1.0,0.0,0.0,0.0032102854368039925
63.50182819995098,10235.965666274,odom,done,,0.027710148116250857,-0.02218843215453298,-0.007657611988824309,1.3323218033296076,-3.2813837057214297,0.30712016090685695,0.03657749365666631,0.9167883396148682,-0.001988085020282875,0.001988085020282875,0.08971097100038605,pixhawk_fused,True,0.8,0.2,gyro,-1.0,0.0,0.0,0.0032102854368039925
63.501887399936095,10236.08481444,odom,done,,0.027710148116250857,-0.02218843215453298,-0.007762457518410815,1.3323218033296076,-3.2813837057214297,0.30701531537727045,0.03657749365666631,0.9169026017189026,-0.002119133741544197,0.002119133741544197,0.09476212800109352,pixhawk_fused,True,0.8,0.2,gyro,-1.0,0.0,0.0,0.0032102854368039925
63.501926800003275,10236.205377139,odom,done,,0.027710148116250857,-0.02218843215453298,-0.00787030178242143,1.3323218033296076,-3.2813837057214297,0.30690747111325983,0.03657749365666631,0.9170094728469849,-0.0022539305770263177,0.0022539305770263177,0.0352383400004328,pixhawk_fused,True,0.8,0.2,gyro,-1.0,0.0,0.0,0.0032102854368039925
63.501965799950995,10236.324606768,odom,done,,0.027710148116250857,-0.02218843215453298,-0.007966430137495928,1.3323218033296076,-3.2813837057214297,0.30681134275818533,0.03657749365666631,0.9171048402786255,-0.002374083389477442,0.002374083389477442,0.029197014000601484,pixhawk_fused,True,0.8,0.2,gyro,-1.0,0.0,0.0,0.0032102854368039925
63.50200360000599,10236.443959154,odom,done,,0.027710148116250857,-0.02218843215453298,-0.008131332912445277,1.3323218033296076,-3.2813837057214297,0.306646439983236,0.03657749365666631,0.9172829389572144,-0.002580198635296534,0.002580198635296534,0.08536458100024902,pixhawk_fused,True,0.8,0.2,gyro,-1.0,0.0,0.0,0.0032102854368039925
