local_t,bridge_t,event_type,mission_state,mission_index,mission_total,event_message,x_m,y_m,yaw_rad,raw_x_m,raw_y_m,raw_yaw_rad,encoder_yaw_rad,pixhawk_yaw_rad,pixhawk_yaw_ros_rad,pixhawk_gyro_yaw_rad,pixhawk_age_s,yaw_source,use_pixhawk_yaw,pixhawk_weight,encoder_weight,pixhawk_yaw_mode,pixhawk_yaw_sign,linear_x_mps,angular_z_radps,cmd_linear_x_mps,cmd_angular_z_radps,cmd_age_s,nearest_segment,along_track_m,segment_progress_m,segment_ratio,nearest_path_x_m,nearest_path_y_m,nearest_path_yaw_rad,cross_track_error_m,signed_cross_track_error_m,heading_error_rad,distance_to_waypoint_m,turn_kind,turn_target_yaw_rad,turn_yaw_error_rad
1.004423400037922,3585.903603138,odom,idle,,4,,0.029148119266742607,0.019967938440542118,-0.034490939046182056,-7.034665801043704,-5.924218739685511,-1.7213845304286712,-2.2740976132349493,-0.5414127111434937,0.18225063719826845,-0.18225063719826845,0.04988266800000929,pixhawk_fused,True,0.8,0.2,gyro,-1.0,0.0,0.0,0.0,0.0,19.46478202499975,1,0.029254765422226624,0.029254765422226624,0.039214939530435186,0.02925434488970465,0.00015685975812174076,0.005361878910097319,0.019811363467566404,0.019811363467566404,0.039852817956279374,,,,
1.004556700005196,3586.025698726,odom,idle,,4,,0.029148119266742607,0.019967938440542118,-0.03449849380899073,-7.034665801043704,-5.924218739685511,-1.72139208519148,-2.2740976132349493,-0.5414373874664307,0.18224146093398427,-0.18224146093398427,0.0527707799997188,pixhawk_fused,True,0.8,0.2,gyro,-1.0,0.0,0.0,0.0,0.0,19.58658521299958,1,0.029254765422226624,0.029254765422226624,0.039214939530435186,0.02925434488970465,0.00015685975812174076,0.005361878910097319,0.019811363467566404,0.019811363467566404,0.039860372719088044,,,,
1.0046511000255123,3586.143448886,odom,idle,,4,,0.029148119266742607,0.019967938440542118,-0.03449849380899073,-7.034665801043704,-5.924218739685511,-1.72139208519148,-2.2740976132349493,-0.5414373874664307,0.18224146093398427,-0.18224146093398427,0.17088539499991384,pixhawk_fused,True,0.8,0.2,gyro,-1.0,0.0,0.0,0.0,0.0,19.704682938999667,1,0.029254765422226624,0.029254765422226624,0.039214939530435186,0.02925434488970465,0.00015685975812174076,0.005361878910097319,0.019811363467566404,0.019811363467566404,0.039860372719088044,,,,
1.00473350007087,3586.262621141,odom,idle,,4,,0.029148119266742607,0.019967938440542118,-0.03452787192082574,-7.034665801043704,-5.924218739685511,-1.721421463303315,-2.2740976132349493,-0.5414000749588013,0.18220577724108566,-0.18220577724108566,0.10389660200007711,pixhawk_fused,True,0.8,0.2,gyro,-1.0,0.0,0.0,0.0,0.0,19.823925616999986,1,0.029254765422226624,0.029254765422226624,0.039214939530435186,0.02925434488970465,0.00015685975812174076,0.005361878910097319,0.019811363467566404,0.019811363467566404,0.039889750830923054,,,,
1.004810900078155,3586.381356073,odom,idle,,4,,0.029148119266742607,0.019967938440542118,-0.03459790039342159,-7.034665801043704,-5.924218739685511,-1.7214914917759108,-2.2740976132349493,-0.5413542985916138,0.18212071774381308,-0.18212071774381308,0.11037338400001317,pixhawk_fused,True,0.8,0.2,gyro,-1.0,0.0,0.0,0.0,0.0,19.943287940999653,1,0.029254765422226624,0.029254765422226624,0.039214939530435186,0.02925434488970465,0.00015685975812174076,0.005361878910097319,0.019811363467566404,0.019811363467566404,0.039959779303518905,,,,
1.004884700058028,3586.481819021,odom,idle,,4,,0.029148119266742607,0.019967938440542118,-0.03464829527818547,-7.034665801043704,-5.924218739685511,-1.7215418866606746,-2.2740976132349493,-0.5413097143173218,0.1820595056362739,-0.1820595056362739,0.03259608500002287,pixhawk_fused,True,0.8,0.2,gyro,-1.0,0.0,0.0,0.0,0.0,20.043481525999596,1,0.029254765422226624,0.029254765422226624,0.039214939530435186,0.02925434488970465,0.00015685975812174076,0.005361878910097319,0.019811363467566404,0.019811363467566404,0.04001017418828279,,,,
1.0049572000280023,3586.601501077,odom,idle,,4,,0.029148119266742607,0.019967938440542118,-0.03466272611680221,-7.034665801043704,-5.924218739685511,-1.7215563174992914,-2.2740976132349493,-0.5413223505020142,0.18204197717032491,-0.18204197717032491,0.04433432699988771,pixhawk_fused,True,0.8,0.2,gyro,-1.0,0.0,0.0,0.0,0.0,20.163421112999913,1,0.029254765422226624,0.029254765422226624,0.039214939530435186,0.02925434488970465,0.00015685975812174076,0.005361878910097319,0.019811363467566404,0.019811363467566404,0.04002460502689953,,,,
1.005029599997215,3586.703793979,odom,idle,,4,,0.029148119266742607,0.019967938440542118,-0.034706894292819035,-7.034665801043704,-5.924218739685511,-1.7216004856753082,-2.2740976132349493,-0.5412976145744324,0.18198832798556522,-0.18198832798556522,0.01164139200000136,pixhawk_fused,True,0.8,0.2,gyro,-1.0,0.0,0.0,0.0,0.0,20.265012272999684,1,0.029254765422226624,0.029254765422226624,0.039214939530435186,0.02925434488970465,0.00015685975812174076,0.005361878910097319,0.019811363467566404,0.019811363467566404,0.04006877320291635,,,,
1.0051006000721827,3586.827177311,odom,idle,,4,,0.029148119266742607,0.019967938440542118,-0.034706894292819035,-7.034665801043704,-5.924218739685511,-1.7216004856753082,-2.2740976132349493,-0.5412976145744324,0.18198832798556522,-0.18198832798556522,0.13493409599959705,pixhawk_fused,True,0.8,0.2,gyro,-1.0,0.0,0.0,0.0,0.0,20.388309495999692,1,0.029254765422226624,0.029254765422226624,0.039214939530435186,0.02925434488970465,0.00015685975812174076,0.005361878910097319,0.019811363467566404,0.019811363467566404,0.04006877320291635,,,,
1.9000726999947801,3586.941167455,odom,idle,,4,,0.029148119266742607,0.019967938440542118,-0.034721890181237614,-7.034665801043704,-5.924218739685511,-1.7216154815637268,-2.2740976132349493,-0.5412993431091309,0.18197011306852198,-0.18197011306852198,0.0695795410001665,pixhawk_fused,True,0.8,0.2,gyro,-1.0,0.0,0.0,0.0,0.0,20.503188153999872,1,0.029254765422226624,0.029254765422226624,0.039214939530435186,0.02925434488970465,0.00015685975812174076,0.005361878910097319,0.019811363467566404,0.019811363467566404,0.04008376909133493,,,,
1.9001944999909028,3587.061518289,odom,idle,,4,,0.029148119266742607,0.019967938440542118,-0.03476435575627823,-7.034665801043704,-5.924218739685511,-1.7216579471387674,-2.2740976132349493,-0.541293740272522,0.18191853164735344,-0.18191853164735344,0.09191142300005595,pixhawk_fused,True,0.8,0.2,gyro,-1.0,0.0,0.0,0.0,0.0,20.62346095399971,1,0.029254765422226624,0.029254765422226624,0.039214939530435186,0.02925434488970465,0.00015685975812174076,0.005361878910097319,0.019811363467566404,0.019811363467566404,0.04012623466637555,,,,
1.9002865999937057,3587.162250823,odom,idle,,4,,0.029148119266742607,0.019967938440542118,-0.03476435575627823,-7.034665801043704,-5.924218739685511,-1.7216579471387674,-2.2740976132349493,-0.541293740272522,0.18191853164735344,-0.18191853164735344,0.19207660000029136,pixhawk_fused,True,0.8,0.2,gyro,-1.0,0.0,0.0,0.0,0.0,20.723627334999946,1,0.029254765422226624,0.029254765422226624,0.039214939530435186,0.02925434488970465,0.00015685975812174076,0.005361878910097319,0.019811363467566404,0.019811363467566404,0.04012623466637555,,,,
1.9003760000923648,3587.2816552,odom,idle,,4,,0.029148119266742607,0.019967938440542118,-0.03485545407933199,-7.034665801043704,-5.924218739685511,-1.7217490454618212,-2.2740976132349493,-0.541217029094696,0.1818078769917423,-0.1818078769917423,0.002355644000090251,pixhawk_fused,True,0.8,0.2,gyro,-1.0,0.0,0.0,0.0,0.0,20.843613474999984,1,0.029254765422226624,0.029254765422226624,0.039214939530435186,0.02925434488970465,0.00015685975812174076,0.005361878910097319,0.019811363467566404,0.019811363467566404,0.04021733298942931,,,,
1.9004543999908492,3587.401226443,odom,idle,,4,,0.029148119266742607,0.019967938440542118,-0.03485545407933199,-7.034665801043704,-5.924218739685511,-1.7217490454618212,-2.2740976132349493,-0.541217029094696,0.1818078769917423,-0.1818078769917423,0.12197346000039033,pixhawk_fused,True,0.8,0.2,gyro,-1.0,0.0,0.0,0.0,0.0,20.96320216199956,1,0.029254765422226624,0.029254765422226624,0.039214939530435186,0.02925434488970465,0.00015685975812174076,0.005361878910097319,0.019811363467566404,0.019811363467566404,0.04021733298942931,,,,
1.9005302001023665,3587.502499129,odom,idle,,4,,0.029148119266742607,0.019967938440542118,-0.03488751050847938,-7.034665801043704,-5.924218739685511,-1.7217811018909686,-2.2740976132349493,-0.5412001609802246,0.18176893866987062,-0.18176893866987062,0.04506364099961502,pixhawk_fused,True,0.8,0.2,gyro,-1.0,0.0,0.0,0.0,0.0,21.064017711999895,1,0.029254765422226624,0.029254765422226624,0.039214939530435186,0.02925434488970465,0.00015685975812174076,0.005361878910097319,0.019811363467566404,0.019811363467566404,0.0402493894185767,,,,
1.9006223999895155,3587.621298096,odom,idle,,4,,0.029148119266742607,0.019967938440542118,-0.034896460686932196,-7.034665801043704,-5.924218739685511,-1.7217900520694214,-2.2740976132349493,-0.5412179827690125,0.1817580670387773,-0.1817580670387773,0.034128065000004426,pixhawk_fused,True,0.8,0.2,gyro,-1.0,0.0,0.0,0.0,0.0,21.18325799999957,1,0.029254765422226624,0.029254765422226624,0.039214939530435186,0.02925434488970465,0.00015685975812174076,0.005361878910097319,0.019811363467566404,0.019811363467566404,0.04025833959702951,,,,
1.9006990999914706,3587.721556437,odom,idle,,4,,0.029148119266742607,0.019967938440542118,-0.03494000171378908,-7.034665801043704,-5.924218739685511,-1.7218335930962783,-2.2740976132349493,-0.5411856174468994,0.1817051783422297,-0.1817051783422297,0.07513301200015121,pixhawk_fused,True,0.8,0.2,gyro,-1.0,0.0,0.0,0.0,0.0,21.283471415999884,1,0.029254765422226624,0.029254765422226624,0.039214939530435186,0.02925434488970465,0.00015685975812174076,0.005361878910097319,0.019811363467566404,0.019811363467566404,0.0403018806238864,,,,
2.9044497000286356,3587.841542817,odom,idle,,4,,-0.0,0.0,-1.9019767640848784e-06,-7.034665801043704,-5.924218739685511,-2.2740995152117134,-2.2740976132349493,-0.5411961674690247,0.18170280087127447,-0.18170280087127447,0.08523949800019182,pixhawk_fused,True,0.8,0.2,gyro,-1.0,0.0,0.0,0.0,0.0,21.403069750999748,1,0.0,0.0,0.0,0.0,0.0,0.005361878910097319,0.0,0.0,0.005363780886861404,,,,
2.9049065000144765,3587.941767214,odom,idle,,4,,-0.0,0.0,-8.198282869376072e-05,-7.034665801043704,-5.924218739685511,-2.274179596063643,-2.2740976132349493,-0.541144073009491,0.18160269980638383,-0.18160269980638383,0.07178696600021794,pixhawk_fused,True,0.8,0.2,gyro,-1.0,0.0,0.0,0.0,0.0,21.503286221999588,1,0.0,0.0,0.0,0.0,0.0,0.005361878910097319,0.0,0.0,0.00544386173879108,,,,
2.905078100040555,3588.062685144,odom,idle,,4,,-0.0,0.0,-0.00011426558461957725,-7.034665801043704,-5.924218739685511,-2.274211878819569,-2.2740976132349493,-0.5411098003387451,0.18156234636151328,-0.18156234636151328,0.08444051800006491,pixhawk_fused,True,0.8,0.2,gyro,-1.0,0.0,0.0,0.0,0.0,21.6238668459996,1,0.0,0.0,0.0,0.0,0.0,0.005361878910097319,0.0,0.0,0.005476144494716896,,,,
2.9051922000944614,3588.181305836,odom,idle,,4,,-0.0,0.0,-0.00015658300251608637,-7.034665801043704,-5.924218739685511,-2.2742541962374654,-2.2740976132349493,-0.5410888195037842,0.1815094495892348,-0.1815094495892348,0.007556605999980093,pixhawk_fused,True,0.8,0.2,gyro,-1.0,0.0,0.0,0.0,0.0,21.74309113399977,1,0.0,0.0,0.0,0.0,0.0,0.005361878910097319,0.0,0.0,0.0055184619126134055,,,,
2.905302400002256,3588.282389008,odom,idle,,4,,-0.0,0.0,-0.00015658300251608637,-7.034665801043704,-5.924218739685511,-2.2742541962374654,-2.2740976132349493,-0.5410888195037842,0.1815094495892348,-0.1815094495892348,0.10851794700010942,pixhawk_fused,True,0.8,0.2,gyro,-1.0,0.0,0.0,0.0,0.0,21.844069085999763,1,0.0,0.0,0.0,0.0,0.0,0.005361878910097319,0.0,0.0,0.0055184619126134055,,,,
2.9054538999916986,3588.401949769,odom,idle,,4,,-0.0,0.0,-0.00020955680786505226,-7.034665801043704,-5.924218739685511,-2.2743071700428144,-2.2740976132349493,-0.5410394072532654,0.1814432323327577,-0.1814432323327577,0.04982161399993856,pixhawk_fused,True,0.8,0.2,gyro,-1.0,0.0,0.0,0.0,0.0,21.963727252999888,1,0.0,0.0,0.0,0.0,0.0,0.005361878910097319,0.0,0.0,0.005571435717962371,,,,
2.90557040006388,3588.505597821,odom,idle,,4,,-0.0,0.0,-0.00026595093610826126,-7.034665801043704,-5.924218739685511,-2.2743635641710576,-2.2740976132349493,-0.5410019755363464,0.1813727396728294,-0.1813727396728294,0.033040980999885505,pixhawk_fused,True,0.8,0.2,gyro,-1.0,0.0,0.0,0.0,0.0,22.066250387999844,1,0.0,0.0,0.0,0.0,0.0,0.005361878910097319,0.0,0.0,0.00562782984620558,,,,
2.9056849000044167,3588.625394613,odom,idle,,4,,-0.0,0.0,-0.00026595093610826126,-7.034665801043704,-5.924218739685511,-2.2743635641710576,-2.2740976132349493,-0.5410019755363464,0.1813727396728294,-0.1813727396728294,0.15286182799991366,pixhawk_fused,True,0.8,0.2,gyro,-1.0,0.0,0.0,0.0,0.0,22.186092678999557,1,0.0,0.0,0.0,0.0,0.0,0.005361878910097319,0.0,0.0,0.00562782984620558,,,,
2.9057664000429213,3588.72609809,odom,idle,,4,,-0.0,0.0,-0.00033890594905816585,-7.034665801043704,-5.924218739685511,-2.2744365191840075,-2.2740976132349493,-0.5409492254257202,0.18128154590742757,-0.18128154590742757,0.06654596900034448,pixhawk_fused,True,0.8,0.2,gyro,-1.0,0.0,0.0,0.0,0.0,22.28695007799979,1,0.0,0.0,0.0,0.0,0.0,0.005361878910097319,0.0,0.0,0.005700784859155485,,,,
3.2414754000492394,,mission_status,navigating,1,4,going to waypoint 1/4,-0.0,0.0,-0.00033890594905816585,,,,,,,,,,,,,,,,,,,,,,,,,,,,,,,,,
3.2416033000918105,3588.843606605,odom,navigating,1,4,,-0.0,0.0,-0.0003840729831727785,-7.034665801043704,-5.924218739685511,-2.274481686218122,-2.2740976132349493,-0.5409332513809204,0.18122508711547686,-0.18122508711547686,0.0778834780003308,pixhawk_fused,True,0.8,0.2,gyro,-1.0,0.0,0.0,0.28,0.03217715354175343,0.03298689000030208,1,0.0,0.0,0.0,0.0,0.0,0.005361878910097319,0.0,0.0,0.005745951893270098,0.7460107237835124,,,
3.2417133999988437,3588.948056154,odom,navigating,1,4,,0.000736372436860841,2.3809460090056292e-06,0.001623322049157938,-7.035140225942405,-5.924781919097567,-2.2724742911857914,-2.26401155854975,-0.5409513115882874,0.18121284090744427,-0.18121284090744427,0.06930719499996485,pixhawk_fused,True,0.8,0.2,gyro,-1.0,0.012703320942819118,0.16697318851947784,0.28,0.03217715354175343,0.035151741999925434,1,0.0007363746179091647,0.0007363746179091647,0.0009870831536770992,0.000736364032643116,3.948332614708396e-06,0.005361878910097319,1.567409136955636e-06,-1.5674091369556367e-06,0.003738556860939381,0.7452743491672514,,,
3.2418220000108704,3589.066424074,odom,navigating,1,4,,0.004834466458863375,0.00013389436342469644,0.018340293996225387,-7.037690316960117,-5.927992636493029,-2.255757319238724,-2.210518039390126,-0.550891637802124,0.1887392688693302,-0.1887392688693302,0.009581406999586761,pixhawk_fused,True,0.8,0.2,gyro,-1.0,0.056302644312381744,0.6727492809295654,0.28,-0.012733288457080156,0.005345920999843656,1,0.004835114886113245,0.004835114886113245,0.006481294077907068,0.004835045382118673,2.5925176311628275e-05,0.005361878910097319,0.0001079707391749832,0.00010797073917498318,-0.012978415086128068,0.7411756167617165,,,
3.5605206000618637,3589.181673739,odom,navigating,1,4,,0.015402201798743095,0.0011986105446845528,0.08049343518120233,-7.043712813938439,-5.936741361023295,-2.193604178053747,-2.136749433251057,-0.6085346937179565,0.24799210575239827,-0.24799210575239827,0.08160551499986468,pixhawk_fused,True,0.8,0.2,gyro,-1.0,0.11888100951910019,0.5435056686401367,0.28,-0.4310321328065835,0.02255161599987332,1,0.0154084071683892,0.0154084071683892,0.020654404390117887,0.015408185675027943,8.261761756047155e-05,0.005361878910097319,0.001116008969572542,0.001116008969572542,-0.07513155627110502,0.7306031689771164,,,
3.560654600034468,3589.281846433,odom,navigating,1,4,,0.02886656067342981,0.003300312489638021,0.12660468881677556,-7.050817749981686,-5.948370032262656,-2.1474929244181737,-2.1056634138863726,-0.6580008268356323,0.29785534837858846,-0.29785534837858846,0.030075018999923486,pixhawk_fused,True,0.8,0.2,gyro,-1.0,0.1679840385913849,0.16984553635120392,0.28,-0.5149022199267443,0.025518318999729672,1,0.028883841512431372,0.028883841512431372,0.038717729640590635,0.028883426311880615,0.00015487091856236255,0.005361878910097319,0.003145486786939544,0.003145486786939544,-0.12124280990667824,0.7171337806594859,,,
3.5607609000289813,3589.381898778,odom,navigating,1,4,,0.04638284410651165,0.006293952635671021,0.16637121704285995,-7.059862932886455,-5.963666003394012,-2.1077263961920893,-2.111076511078089,-0.7031490802764893,0.34891392263786963,-0.34891392263786963,0.022097998000390362,pixhawk_fused,True,0.8,0.2,gyro,-1.0,0.21187575161457062,-0.2716982364654541,0.2379739799095765,-0.7777777777777779,0.025901809000060894,1,0.04641592461082215,0.04641592461082215,0.06221884368553897,0.04641525738941207,0.0002488753747421559,0.005361878910097319,0.006045164159186053,0.006045164159186053,-0.16100933813276264,0.6996209166678683,,,
3.881617800099775,3589.501567869,odom,navigating,1,4,,0.06659666720364009,0.009179241805467718,0.13115804075462778,-7.07073536077234,-5.980949343628515,-2.1429395724803215,-2.1624413414160353,-0.6697494387626648,0.3177383716108101,-0.3177383716108101,0.02765667299991037,pixhawk_fused,True,0.8,0.2,gyro,-1.0,0.17673259973526,-0.3029978275299072,0.1690792577094243,-0.7777777777777779,0.04563710699994772,1,0.06664492763453247,0.06664492763453247,0.08933507992557009,0.06664396962447529,0.0003573403197022804,0.005361878910097319,0.0088220283009956,0.008822028300995599,-0.12579616184453046,0.6794230737622037,,,
3.881770700099878,3589.601999315,odom,navigating,1,4,,0.08090285853560217,0.010446610956399455,0.11886401256051693,-7.079021097841192,-5.992680494305976,-2.1552336006744324,-2.2239610419169407,-0.6697494387626648,0.3177383716108101,-0.3177383716108101,0.12834563100022933,pixhawk_fused,True,0.8,0.2,gyro,-1.0,0.14601829648017883,-0.6397576928138733,0.18300771565403468,-0.7777777777777778,0.04624918500030617,1,0.08095770876466804,0.08095770876466804,0.10852083781594735,0.08095654501069673,0.0004340833512637894,0.005361878910097319,0.01001267153566978,0.010012671535669778,-0.11350213365041961,0.6651283833794318,,,
3.88190040003974,3589.703720099,odom,navigating,1,4,,0.09501744931769246,0.010734543745657674,0.005171749603155362,-7.087929946493489,-6.003632069257893,-2.268925863631794,-2.2969666860606313,-0.5506062507629395,0.19388627231137923,-0.19388627231137923,0.0312043049998465,pixhawk_fused,True,0.8,0.2,gyro,-1.0,0.1485578417778015,-0.7406615018844604,0.18516557081109236,-0.7777777777777779,0.04263866500014046,1,0.09507364050515107,0.09507364050515107,0.1274427263229809,0.09507227383694375,0.0005097709052919236,0.005361878910097319,0.010224919821934655,0.010224919821934656,0.0001901293069419569,0.6510173848464457,,,
4.219993200036697,3589.804917026,odom,navigating,1,4,,0.11199062609932511,0.009818032707600947,-0.06460313890275016,-7.099606197471967,-6.015984959026325,-2.3387007521376995,-2.3604127100614516,-0.47885629534721375,0.12252962911145857,-0.12252962911145857,0.028950287000043318,pixhawk_fused,True,0.8,0.2,gyro,-1.0,0.22450430691242218,-0.5489319562911987,0.28,-0.5270625883013357,0.042893527999694925,1,0.11204165910245355,0.11204165910245355,0.1501877326028457,0.1120400485217229,0.0006007509304113829,0.005361878910097319,0.009217414276029179,0.009217414276029177,0.06996501781284747,0.6340360681369102,,,
4.220151300076395,3589.925823807,odom,navigating,1,4,,0.140265023010551,0.0068170600617901145,-0.07217580900161691,-7.12018123215793,-6.035609313924916,-2.346273422236566,-2.3982964592291505,-0.47885629534721375,0.12252962911145857,-0.12252962911145857,0.1509583920001205,pixhawk_fused,True,0.8,0.2,gyro,-1.0,0.27272406220436096,-0.135271817445755,0.28,0.050687214923080794,0.013928721999945992,1,0.14029955879895814,0.14029955879895814,0.18806641020843043,0.1402975420154891,0.0007522656408337217,0.005361878910097319,0.006064881602648641,0.006064881602648641,0.07753768791171423,0.605741527531174,,,
4.220263900002465,3590.041255337,odom,navigating,1,4,,0.17095610536878703,0.002992721549801014,-0.10685280930514462,-7.142947222330764,-6.056544399136702,-2.380950422540094,-2.3901673519039024,-0.43761810660362244,0.07715657079236676,-0.07715657079236676,0.09135995300039212,pixhawk_fused,True,0.8,0.2,gyro,-1.0,0.27403953671455383,0.20388637483119965,0.28,0.34692764761432965,0.033985270999892236,1,0.17096969443609114,0.17096969443609114,0.22917860157423886,0.1709672367743822,0.0009167144062969555,0.005361878910097319,0.002076036986200006,0.0020760369862000065,0.11221468821524194,0.5750447768326479,,,
4.541734800091945,3590.141698264,odom,navigating,1,4,,0.19864209993651744,4.4058831886559235e-05,-0.10420518088245245,-7.1631018168220235,-6.075753803810489,-2.3783027941174018,-2.357685264844369,-0.4334118664264679,0.07234595748799016,-0.07234595748799016,0.02955849499994656,pixhawk_fused,True,0.8,0.2,gyro,-1.0,0.29987725615501404,0.47571083903312683,0.28,0.38685463943959014,0.032015209999826766,1,0.19863948072544402,0.19863948072544402,0.26626893473864854,0.19863662531503182,0.001065075738954594,0.005361878910097319,0.0010210315842319408,-0.001021031584231941,0.10956705979254977,0.5473721953410046,,,
4.541977300075814,3590.242103543,odom,navigating,1,4,,0.22715634693832693,-0.001899974712924954,-0.09622831554261335,-7.183025832577558,-6.096244658958012,-2.3703259287775627,-2.3177796391792382,-0.4334118664264679,0.07234595748799016,-0.07234595748799016,0.13014425199980906,pixhawk_fused,True,0.8,0.2,gyro,-1.0,0.3027057349681854,0.4420870244503021,0.28,0.45336628153722014,0.03602355399971202,1,0.22714289421704587,0.22714289421704587,0.30447671457731124,0.2271396290746742,0.001217906858309245,0.005361878910097319,0.0031179263909218496,-0.0031179263909218496,0.10159019445271067,0.5188771974407769,,,
4.54216360009741,3590.362244232,odom,navigating,1,4,,0.26118408437614005,-0.0025584999100206063,-0.06424079373841085,-7.2055351666576515,-6.121772103989638,-2.33833840697336,-2.261009324346607,-0.46201634407043457,0.09815017452852895,-0.09815017452852895,0.10261031700019885,pixhawk_fused,True,0.8,0.2,gyro,-1.0,0.29958751797676086,0.5048457384109497,0.28,0.3613013301372146,0.006026645000019926,1,0.2611666115961889,0.2611666115961889,0.3500842592069465,0.26116285736838213,0.001400337036827786,0.005361878910097319,0.003958893855307346,-0.003958893855307346,0.06960267264850817,0.4848602746805222,,,
4.863092500017956,3590.481289745,odom,navigating,1,4,,0.29371854026749106,-0.0014870961088896129,0.011358064689384939,-7.2257593007676215,-6.147279419131638,-2.2627395485455644,-2.215721295469543,-0.5428918600082397,0.1813127398790615,-0.1813127398790615,0.11344728399990345,pixhawk_fused,True,0.8,0.2,gyro,-1.0,0.27909788489341736,0.3396739959716797,0.28,0.10971660828050153,0.02555218799989234,1,0.2937063445199168,0.2937063445199168,0.3937025771296399,0.29370212253871136,0.0015748103085185597,0.005361878910097319,0.0030619504324504725,-0.0030619504324504716,-0.00599618577928762,0.45231474333861516,,,
4.86344550002832,3590.582230085,odom,navigating,1,4,,0.31898374632083965,0.0002392385221032245,0.045410168986405264,-7.240782603394034,-6.167665964851096,-2.228687444248544,-2.1935731648651724,-0.579285740852356,0.21833846870081594,-0.21833846870081594,0.09835468300025241,pixhawk_fused,True,0.8,0.2,gyro,-1.0,0.2558269202709198,0.16982844471931458,0.28,-0.08137915793466037,0.025732831999903283,1,0.31898044374291074,0.31898044374291074,0.42758157969251503,0.3189758584506162,0.0017103263187700601,0.005361878910097319,0.0014711089436199982,-0.0014711089436199982,-0.040048290076307946,0.42703281400037474,,,
4.863603900070302,3590.684149938,odom,navigating,1,4,,0.3443592830501719,0.002304458453564001,0.06702743192013427,-7.255618789546415,-6.18835583140743,-2.207070181314815,-2.194912051579236,-0.6107655167579651,0.24569314803199938,-0.24569314803199938,0.011178866000136622,pixhawk_fused,True,0.8,0.2,gyro,-1.0,0.26235389709472656,-0.13523124158382416,0.28,-0.24266041997131063,0.027740354999878036,1,0.3443666891091416,0.3443666891091416,0.46161091004514115,0.3443617388936753,0.0018464436401805647,0.005361878910097319,0.0004580213973669541,0.00045802139736695425,-0.061665553010036955,0.40164429583041217,,,
5.184277000022121,3590.785265458,odom,navigating,1,4,,0.37076160176436546,0.0042722091845552035,0.06404820094380304,-7.271193376650105,-6.209765799015409,-2.2100494122911463,-2.209808487272827,-0.6107655167579651,0.24569314803199938,-0.24569314803199938,0.11216444499996214,pixhawk_fused,True,0.8,0.2,gyro,-1.0,0.2842731475830078,-0.20371565222740173,0.28,-0.28218567990683596,0.026009194999915053,1,0.3707791790848626,0.3707791790848626,0.4970158836382362,0.3707738491941242,0.001988063534552945,0.005361878910097319,0.0022841784846985877,0.0022841784846985877,-0.05868632203370572,0.3752384969699735,,,
5.184461600030772,3590.90370617,odom,navigating,1,4,,0.4028238880256805,0.005948553848531074,0.04702549818748425,-7.290650744964293,-6.235304223986832,-2.227072115047465,-2.241611652921582,-0.5959444046020508,0.23236544093506506,-0.23236544093506506,0.04915842499985956,pixhawk_fused,True,0.8,0.2,gyro,-1.0,0.27911680936813354,-0.3702385425567627,0.28,-0.3036660756965721,0.045062473000143655,1,0.40284999277002864,0.40284999277002864,0.5400056325288605,0.4028442018665299,0.0021600225301154417,0.005361878910097319,0.003788585778723526,0.0037885857787235263,-0.04166361927738693,0.34318164387378197,,,
5.184632100048475,3591.003791735,odom,navigating,1,4,,0.42883613078526606,0.00652084149119056,-7.169614321167472e-05,-7.307037390115424,-6.2555141756745645,-2.274169309378161,-2.269352165058347,-0.5439830422401428,0.18042920048551728,-0.18042920048551728,0.03364846500016938,pixhawk_fused,True,0.8,0.2,gyro,-1.0,0.2688668370246887,-0.23551249504089355,0.28,-0.2756510126780751,0.04542650000030335,1,0.4288649301301696,0.4288649301301696,0.57487770142916,0.4288587652661533,0.00229951080571664,0.005361878910097319,0.004221391367292157,0.004221391367292157,0.005433575053308994,0.31717388697224835,,,
5.520735700032674,3591.104131108,odom,navigating,1,4,,0.45510203021026907,0.006325694303793372,-0.005750828289521781,-7.324173416157659,-6.2754212640229134,-2.279848441524471,-2.2977487394408906,-0.5439830422401428,0.18042920048551728,-0.18042920048551728,0.1338514529998065,pixhawk_fused,True,0.8,0.2,gyro,-1.0,0.27399539947509766,-0.23560641705989838,0.28,-0.10285765481483392,0.04572432700024365,1,0.4551294056365412,0.4551294056365412,0.6100842670575563,0.45512286322493695,0.002440337068230225,0.005361878910097319,0.003885413087747949,0.003885413087747949,0.0111127071996191,0.2909072664643871,,,
5.520907000056468,3591.225810535,odom,navigating,1,4,,0.48589328955382716,0.005359916882486826,-0.035330174481216226,-7.344823937929721,-6.298281498679,-2.3094277877161655,-2.313984003827739,-0.5113763809204102,0.14751405419426133,-0.14751405419426133,0.07069284399995013,pixhawk_fused,True,0.8,0.2,gyro,-1.0,0.2547394633293152,-0.1014639362692833,0.25186813495119537,0.06061361719504837,0.014672667000013462,1,0.48591504400395125,0.48591504400395125,0.6513512855948713,0.485908059053774,0.0026054051423794852,0.005361878910097319,0.0027545513363373443,0.0027545513363373447,0.04069205339131354,0.26011026545112836,,,
5.521017000079155,3591.342499792,odom,navigating,1,4,,0.513683863045292,0.004167460413096125,-0.06069975717346443,-7.363706689394565,-6.318706474187745,-2.3347973704084137,-2.3200532300380305,-0.48305684328079224,0.11731951127963236,-0.11731951127963236,0.06999523300009969,pixhawk_fused,True,0.8,0.2,gyro,-1.0,0.23264001309871674,0.0,0.23828131869856828,0.0782790057581057,0.03140109600008145,1,0.5136988242338587,0.5136988242338587,0.6885944234535305,0.5136914398963337,0.002754377693814122,0.005361878910097319,0.0014131030324095715,0.0014131030324095717,0.06606163608356175,0.23231619730993489,,,
5.879514400032349,3591.463437515,odom,navigating,1,4,,0.5398084946666157,0.003004965035486473,-0.0644643181384521,-7.381489159392312,-6.337880194057193,-2.3385619313734014,-2.314663080591233,-0.4770073890686035,0.1112666807027357,-0.1112666807027357,0.08776017199988928,pixhawk_fused,True,0.8,0.2,gyro,-1.0,0.2222721427679062,0.03141457960009575,0.2006001571495015,0.237115946405982,0.007948373000090214,1,0.5398168471882463,0.5398168471882463,0.7236046748101408,0.539809087408365,0.002894418699240563,0.005361878910097319,0.00011054792535445923,0.00011054792535445967,0.06982619704854942,0.2061939062296159,,,
5.879644200089388,3591.582773279,odom,navigating,1,4,,0.5644363138141315,0.0021172149575537924,-0.06062860499631162,-7.398094030846896,-6.356089966712016,-2.334726218231261,-2.301723581096679,-0.4791512191295624,0.11282731815444401,-0.11282731815444401,0.0059160729997529415,pixhawk_fused,True,0.8,0.2,gyro,-1.0,0.2041447013616562,0.16982844471931458,0.17698986345842702,0.23955606526485676,0.026583439000205544,1,0.5644395523292323,0.5644395523292323,0.7566105075093117,0.5644314386019466,0.003026442030037247,0.005361878910097319,0.0009092401426634666,-0.000909240142663467,0.06599048390640894,0.18157344800635525,,,
5.879743000026792,3591.701338154,odom,navigating,1,4,,0.5866362189298181,0.001640223394438367,-0.03830862923548084,-7.412815385128908,-6.372713595563752,-2.31240624247043,-2.285507322994052,-0.5019766688346863,0.13667257948981695,-0.13667257948981695,0.025215807000222412,pixhawk_fused,True,0.8,0.2,gyro,-1.0,0.1822817325592041,0.16872690618038177,0.16570971121125383,0.2521124515352753,0.04570547500043176,1,0.5866365807661253,0.5866365807661253,0.7863648095980502,0.5866281479601455,0.003145459238392201,0.005361878910097319,0.0015052574817867098,-0.00150525748178671,0.04367050814557816,0.1593812512895197,,,
6.2053278000094,3591.801879522,odom,navigating,1,4,,0.6031197778872547,0.0015465923029733264,-0.035604320174116744,-7.423547361284897,-6.38522523696174,-2.309701933409066,-2.2719804323377724,-0.5019766688346863,0.13667257948981695,-0.13667257948981695,0.12575611900001604,pixhawk_fused,True,0.8,0.2,gyro,-1.0,0.161316379904747,0.10096916556358337,0.1456292670260048,0.17100944534822848,0.04595487599999615,1,0.6031194007388984,0.6031194007388984,0.8084594249263364,0.603110730995047,0.0032338376997053456,0.005361878910097319,0.0016872696509603931,-0.001687269650960393,0.04096619908421406,0.14290128439001262,,,
6.20555100007914,3591.903828964,odom,navigating,1,4,,0.6178807022598141,0.0016183979915608826,-0.022309800132517044,-7.433039061741385,-6.396529999977108,-2.2964074133674663,-2.2644845470366626,-0.5171934962272644,0.15141593236493045,-0.15141593236493045,0.04958035900017421,pixhawk_fused,True,0.8,0.2,gyro,-1.0,0.144856795668602,0.14646203815937042,0.12756460185913188,0.146412273959261,0.0453619280001476,1,0.6178804979371194,0.6178804979371194,0.8282461340548027,0.6178716160048828,0.003312984536219211,0.005361878910097319,0.001694610904416034,-0.0016946109044160339,0.02767167904261436,0.1281414315573422,,,
6.205732600064948,3592.025062772,odom,navigating,1,4,,0.6324932877691742,0.0018085511253008169,-0.008234769811060527,-7.442344560718827,-6.407798163193155,-2.28233238304601,-2.256378241264086,-0.5327177047729492,0.1669825560116964,-0.1669825560116964,0.05034315400007472,pixhawk_fused,True,0.8,0.2,gyro,-1.0,0.1157790943980217,0.033817920833826065,0.1126410876208273,0.09799355873237739,0.0119937529998424,1,0.6324938929661181,0.6324938929661181,0.8478348538454306,0.6324848009686912,0.0033913394153817222,0.005361878910097319,0.0015828110427336787,-0.0015828110427336792,0.013596648721157846,0.1135278651680807,,,
6.543680500006303,3592.143743422,odom,navigating,1,4,,0.6457820229268061,0.002063813040061424,-0.00809750032640233,-7.450744214663066,-6.418098719214644,-2.2821951135613516,-2.25569171671731,-0.5327177047729492,0.1669825560116964,-0.1669825560116964,0.16945245999977487,pixhawk_fused,True,0.8,0.2,gyro,-1.0,0.11608091741800308,-0.03390611335635185,0.09963681466714108,0.05602022280203479,0.030933440999888262,1,0.6457838057772501,0.6457838057772501,0.8656494942888415,0.6457745227394758,0.003462597977155366,0.005361878910097319,0.0013988050446902503,-0.0013988050446902503,0.013459379236499648,0.10023667865899716,,,
6.544027700088918,3592.243802042,odom,navigating,1,4,,0.6551609251519799,0.002223032146483117,-0.004962212433572866,-7.456688479570338,-6.425355086927584,-2.279059825668522,-2.259746701407682,-0.5378651022911072,0.17191496623696859,-0.17191496623696859,0.08500187099980394,pixhawk_fused,True,0.8,0.2,gyro,-1.0,0.08788388967514038,-0.06792119145393372,0.0935542334150642,0.05135087005189441,0.030928570000014588,1,0.6551634268916994,0.6551634268916994,0.8782225322029333,0.6551540090233883,0.0035128901288117333,0.005361878910097319,0.0012898765240950563,-0.0012898765240950563,0.010324091343670185,0.09085645345266694,,,
6.544414900010452,3592.364631378,odom,navigating,1,4,,0.6646251577978078,0.0023502364632771444,-0.008418124806929939,-7.462712349041133,-6.432655831897201,-2.2825157380418792,-2.259777183999774,-0.5329961180686951,0.1676028742689463,-0.1676028742689463,0.09133924799971282,pixhawk_fused,True,0.8,0.2,gyro,-1.0,0.0742623433470726,0.03368319571018219,0.07877667226596867,0.053811920581038945,0.006688590999601729,1,0.6646282055415889,0.6646282055415889,0.8909097206683851,0.6646186516186153,0.0035636388826735406,0.005361878910097319,0.0012134198621106846,-0.0012134198621106848,0.013780003717027258,0.08139156383286153,,,
6.879516800050624,3592.465555699,odom,navigating,1,4,,0.6717339927260553,0.0024440322063219444,-0.010258455725084659,-7.4672383717247035,-6.438138481835533,-2.284356068960034,-2.261139050141036,-0.5320065021514893,0.1656429567608806,-0.1656429567608806,0.014142716999685945,pixhawk_fused,True,0.8,0.2,gyro,-1.0,0.06913380324840546,0.03363293036818504,0.07056809323619356,0.05528102625529134,0.00732205599979352,1,0.6717374412004905,0.6717374412004905,0.9004393901922306,0.671727785083404,0.0036017575607689228,0.005361878910097319,0.001157741996800957,-0.001157741996800957,0.015620334635181978,0.07428230524282733,,,
6.879692499991506,3592.582171363,odom,navigating,1,4,,0.6791450952637161,0.0025308094266272008,-0.012012466304764935,-7.47196523580705,-6.443847135534673,-2.2861100795397142,-2.262497065075143,-0.5302345156669617,0.16378997271245443,-0.16378997271245443,0.024223980999977357,pixhawk_fused,True,0.8,0.2,gyro,-1.0,0.06202331557869911,-2.0467799913603812e-05,0.06684174214458358,0.05933078788416436,0.026649882000128855,1,0.679148902491469,0.679148902491469,0.9103741820855563,0.679139139835825,0.003641496728342225,0.005361878910097319,0.0011107032678948814,-0.0011107032678948812,0.017374345214862252,0.06687104611293648,,,
6.879802600014955,3592.70160842,odom,navigating,1,4,,0.6865937278863048,0.002592426291214256,-0.015349957753552523,-7.476735562151091,-6.449568141666084,-2.289447570988502,-2.2658654296398906,-0.5245682597160339,0.1604601975280615,-0.1604601975280615,0.015254854999966483,pixhawk_fused,True,0.8,0.2,gyro,-1.0,0.07427892088890076,0.033666402101516724,0.06034412122731349,0.06540617887327767,0.04600376300004427,1,0.6865977584217519,0.6865977584217519,0.9203591001206548,0.6865878886900085,0.0036814364004826195,0.005361878910097319,0.0010890257638376051,-0.0010890257638376051,0.02071183666364984,0.05942294531737774,,,
7.22501400008332,3592.803862798,odom,navigating,1,4,,0.6924187908912653,0.0026269599654400455,-0.01643314033201504,-7.480476519139219,-6.454033317183283,-2.2905307535669643,-2.271282277329522,-0.5245682597160339,0.1604601975280615,-0.1604601975280615,0.11649035199980062,pixhawk_fused,True,0.8,0.2,gyro,-1.0,0.053776197135448456,-0.033676452934741974,0.053064059859011956,0.07520370111369079,0.04554086699999971,1,0.6924229228568659,0.6924229228568659,0.9281675192886405,0.6924129693893258,0.003712670077154562,0.005361878910097319,0.0010857257188461459,-0.0010857257188461459,0.021795019242112357,0.05359879857319988,,,
7.225273100077175,3592.904163819,odom,navigating,1,4,,0.6975534472616168,0.002633907417440573,-0.01989214557792529,-7.483792003460238,-6.457954070685578,-2.2939897588128746,-2.2753374145765535,-0.5208568572998047,0.15715020019298517,-0.15715020019298517,0.04131688200004646,pixhawk_fused,True,0.8,0.2,gyro,-1.0,0.05121536925435066,1.673543556535151e-05,0.05002554533498549,0.07847567846343259,0.045917858999928285,1,0.6975575426685803,0.6975575426685803,0.9350502887288348,0.6975475153917108,0.003740201154915339,0.005361878910097319,0.0011063096404969402,-0.0011063096404969404,0.02525402448802261,0.04846580940391964,,,
7.225424400065094,,mission_status,turning,1,4,final alignment at waypoint 1/4,0.6975534472616168,0.002633907417440573,-0.01989214557792529,,,,,,,,,,,,,,,,,,,,,,,,,,,,,,,final,-1.5707963267948966,
7.225475799990818,3593.004405934,odom,turning,1,4,,0.7023433247703714,0.00263222031854915,-0.022276636150919238,-7.486891091467769,-6.461606273160353,-2.2963742493858685,-2.274650707872645,-0.518781840801239,0.1539980572622093,-0.1539980572622093,0.027482157000122243,pixhawk_fused,True,0.8,0.2,gyro,-1.0,0.04106323793530464,-0.06746721267700195,0.0,0.0,0.03833758700011458,1,0.7023473422776436,0.7023473422776436,0.941470839340723,0.7023372461481793,0.0037658833573628917,0.005361878910097319,0.0011336793352708526,-0.0011336793352708524,0.027638515061016555,0.0436780964942642,final,-1.5707963267948966,-1.5485196906439773
7.619764500064775,3593.121185445,odom,turning,1,4,,0.7066895595728755,0.002544665452433481,-0.03310286705014187,-7.489768750689406,-6.464864570294932,-2.307200480285091,-2.328785035414184,-0.518781840801239,0.1539980572622093,-0.1539980572622093,0.14499822400011908,pixhawk_fused,True,0.8,0.2,gyro,-1.0,0.048869844526052475,-0.6423481106758118,0.0,-1.55,0.024291070999879594,1,0.7066930451473847,0.7066930451473847,0.9472960945698987,0.7066828865491445,0.003789184378279595,0.005361878910097319,0.0012445368158615798,-0.00124453681586158,0.03846474596023919,0.03933737059362058,final,-1.5707963267948966,-1.5376934597447547
7.620063600013964,3593.222298909,odom,turning,1,4,,0.7118055922692521,0.002120138464914323,-0.10551474825813667,-7.493401280772046,-6.4684920679051645,-2.379612361493086,-2.3991280823967394,-0.4422125518321991,0.08106906996777383,-0.08106906996777383,0.055802126999878965,pixhawk_fused,True,0.8,0.2,gyro,-1.0,0.056864701211452484,-0.7474329471588135,0.0,-1.55,0.0021624820001306944,1,0.7118067280502244,0.7118067280502244,0.9541507988520366,0.7117964959436193,0.0038166031954081463,0.005361878910097319,0.001696489117250535,-0.001696489117250535,0.11087662716823399,0.03424604209901818,final,-1.5707963267948966,-1.4652815785367599
7.620232600020245,3593.323824657,odom,turning,1,4,,0.7173161167524013,0.001255138794672428,-0.178153107688372,-7.497624897613725,-6.472135577927601,-2.4522507209233213,-2.47555932757704,-0.3726712167263031,0.009378727660683067,-0.009378727660683067,0.04723378800008504,pixhawk_fused,True,0.8,0.2,gyro,-1.0,0.059458423405885696,-0.7815250158309937,0.0,-1.55,0.002923055999872304,1,0.7173125353192099,0.7173125353192099,0.9615311314577959,0.7173022240675158,0.0038461245258311835,0.005361878910097319,0.002591022976695035,-0.0025910229766950344,0.18351498659846932,0.028814916643960433,final,-1.5707963267948966,-1.3926432191065246
7.620332000078633,3593.441220209,odom,turning,1,4,,0.723787657674756,-0.00032513699245473315,-0.19638421101751202,-7.503015590556261,-6.476049468967522,-2.4704818242524613,-2.5668526854484446,-0.3726712167263031,0.009378727660683067,-0.009378727660683067,0.16524643499997183,pixhawk_fused,True,0.8,0.2,gyro,-1.0,0.059164147824048996,-0.7776570320129395,0.0,-1.55,0.023137730000144074,1,0.7237755100073957,0.7237755100073957,0.9701945118652621,0.7237651058514855,0.003880778047461048,0.005361878910097319,0.004205975500133422,-0.004205975500133422,0.20174608992760934,0.022629515274908755,final,-1.5707963267948966,-1.3744121157773845
7.941737700020894,3593.541741224,odom,turning,1,4,,0.7292144237744014,-0.0021489085266525043,-0.2705726842437022,-7.507916303685383,-6.479009020240142,-2.5446702974786515,-2.6453019354144556,-0.29843562841415405,-0.06374939496705208,0.06374939496705208,0.08767750699962562,pixhawk_fused,True,0.8,0.2,gyro,-1.0,0.059440504759550095,-0.7812894582748413,0.0,-1.55,0.03028621600014958,1,0.7291924193028866,0.7291924193028866,0.9774556799997068,0.7291819372797813,0.003909822719998827,0.005361878910097319,0.006058818341185177,-0.006058818341185176,0.2759345631537995,0.0178763711444611,final,-1.5707963267948966,-1.3002236425511944
7.941897800075822,3593.64259862,odom,turning,1,4,,0.7343063189304668,-0.004310617792675053,-0.3449941757931496,-7.512858191588743,-6.481494604111549,-2.619091789028099,-2.721100011183419,-0.22426645457744598,-0.1378283959169117,0.1378283959169117,0.0562449120002384,pixhawk_fused,True,0.8,0.2,gyro,-1.0,0.05947335809469223,-0.781721293926239,0.0,-1.55,0.004598717000135366,1,0.734272650495998,0.734272650495998,0.9842655434924811,0.7342620954453909,0.003937062173969924,0.005361878910097319,0.008247798527415006,-0.008247798527415006,0.35035605470324693,0.014346028894850503,final,-1.5707963267948966,-1.225802151001747
7.942006200086325,3593.76347199,odom,turning,1,4,,0.7406273864058748,-0.0076644220772219,-0.4821892473792695,-7.519504257648,-6.484146717069869,-2.756286860614219,-2.819172026016947,-0.07473846524953842,-0.28477249099204216,0.28477249099204216,0.011365398000179994,pixhawk_fused,True,0.8,0.2,gyro,-1.0,0.0594673827290535,-0.781642735004425,0.0,-1.55,0.00334363799993298,2,0.7576390700319502,0.011628346248437787,0.019380146415594414,0.7460775205856623,-0.007628087849356648,-1.5641297588910283,0.005450255292534771,-0.005450255292534799,-1.0819405115117589,0.012842263010363897,final,-1.5707963267948966,-1.088607079415627
8.280089600011706,3593.881543338,odom,turning,1,4,,0.7463082175132991,-0.011418353541669424,-0.6226499704640371,-7.526041439304277,-6.486051736624543,-2.8967475836989864,-2.912490996080878,0.07756208628416061,-0.43700909145066413,0.43700909145066413,0.014201437999872724,pixhawk_fused,True,0.8,0.2,gyro,-1.0,0.05428539589047432,-0.713530421257019,0.0,-1.55,0.028783975999886025,2,0.7614307894442853,0.01542006566077296,0.025699538340115024,0.7461027981533604,-0.011419723004069014,-1.5641297588910283,0.00020542392476262004,0.00020542392476261033,-0.9414797884269912,0.015421433914244628,final,-1.5707963267948966,-0.9481463563308594
8.280475500039756,3593.984989668,odom,turning,1,4,,0.7508929056814742,-0.015053852797488554,-0.6976511913346575,-7.531779372842874,-6.4871973103433,-2.9717488045696068,-2.99267210556402,0.15193775296211243,-0.5107155455488888,0.5107155455488888,0.010319516999970801,pixhawk_fused,True,0.8,0.2,gyro,-1.0,0.06042984127998352,-0.7942933440208435,0.0,-1.55,0.0033721740001055878,2,0.7650967718225224,0.019086048039010012,0.031809373197910724,0.7461272374927916,-0.015085623918746432,-1.5641297588910283,0.004765774091243359,0.00476577409124336,-0.8664785675563709,0.019672057148050492,final,-1.5707963267948966,-0.8731451354602391
8.280620300094597,3594.101676569,odom,turning,1,4,,0.7559250851245451,-0.01981907649207998,-0.7166179271598265,-7.538668370070126,-6.4879535536967765,-2.990715540394776,-3.087646625592044,0.15193775296211243,-0.5107155455488888,0.5107155455488888,0.1272678380000798,pixhawk_fused,True,0.8,0.2,gyro,-1.0,0.05915823206305504,-0.7775792479515076,0.0,-1.55,0.024441752999791788,2,0.7698954367442542,0.02388471296074181,0.03980697034505735,0.7461592278813802,-0.019884182207034407,-1.5641297588910283,0.009766074259803501,0.009766074259803501,-0.8475118317312018,0.025804180275006305,final,-1.5707963267948966,-0.85417839963507
8.621734700049274,3594.204609541,odom,turning,1,4,,0.7595988345600835,-0.023949282462541965,-0.8528899291492267,-7.544194482270152,-6.48808439797935,-3.126987542384176,3.1197940489975156,0.3029329180717468,-0.6620857063073841,0.6620857063073841,0.03247432799980743,pixhawk_fused,True,0.8,0.2,gyro,-1.0,0.05672507733106613,-0.7455977201461792,0.0,-1.55,0.031084880999969755,2,0.7740500420540831,0.028039318270570747,0.046731158658963795,0.7461869246346359,-0.024038695195378275,-1.5641297588910283,0.013412207964578886,0.013412207964578909,-0.7112398297418017,0.031081999478210484,final,-1.5707963267948966,-0.7179063976456699
8.621866300003603,3594.325478967,odom,turning,1,4,,0.7635372953211501,-0.029193848812593737,-0.8708288385111196,-7.550741728871242,-6.487696440106544,3.1382588554335173,3.0299083384728838,0.3029329180717468,-0.6620857063073841,0.6620857063073841,0.15321125699983895,pixhawk_fused,True,0.8,0.2,gyro,-1.0,0.05633550137281418,-0.7404771447181702,0.0,-1.5464186048518425,0.011096257000190235,2,0.7793207476837183,0.03331002390020591,0.05551547283687626,0.7462220618913475,-0.029309283702125755,-1.5641297588910283,0.017315618208492402,0.017315618208492443,-0.6933009203799088,0.03754182102901462,final,-1.5707963267948966,-0.699967488283777
8.621963900048286,3594.443447429,odom,turning,1,4,,0.7669203794893,-0.034651418249367794,-0.9466097087395493,-7.557092251550979,-6.486747132811648,3.062477985205087,2.9419147041985627,0.37481895089149475,-0.7348321433205334,0.7348321433205334,0.09188267799981986,pixhawk_fused,True,0.8,0.2,gyro,-1.0,0.05684471130371094,-0.7471702098846436,0.0,-1.385827917304815,0.028978916000141908,2,0.7848007492384874,0.03879002545497503,0.06464860580523608,0.746258594423221,-0.03478916348314165,-1.5641297588910283,0.020662244211756758,0.020662244211756775,-0.617520050151479,0.0439499079710514,final,-1.5707963267948966,-0.6241866180553473
8.964070199988782,3594.561454909,odom,turning,1,4,,0.7696226421111687,-0.03997668913821717,-1.0193092940736932,-7.562901554698254,-6.485364117894794,2.9897783998709437,2.860078014412345,0.4461098313331604,-0.8052642161984173,0.8052642161984173,0.09482726899977933,pixhawk_fused,True,0.8,0.2,gyro,-1.0,0.048867400735616684,-0.6423159837722778,0.0,-1.224533675025836,0.022345065000081377,2,0.7901439164757522,0.04413319269223975,0.07355368664552403,0.7462942147465821,-0.04013221198731441,-1.5641297588910283,0.023328945768323638,0.023328945768323627,-0.5448204648173351,0.04991971962933836,final,-1.5707963267948966,-0.5514870327212034
8.964223899994977,3594.666229464,odom,turning,1,4,,0.7713248866879752,-0.044027122684227316,-1.1664936749369446,-7.5670917742230515,-6.484042865139295,2.842594019007692,2.7998782471689223,0.6178630590438843,-0.9741125980753627,0.9741125980753627,0.010287536000305408,pixhawk_fused,True,0.8,0.2,gyro,-1.0,0.043857187032699585,-0.5764614343643188,0.0,-1.071917995050721,0.033950215999993816,2,0.7942056080601309,0.048194884276618485,0.08032302219148119,0.746321292088766,-0.04419381331488871,-1.5641297588910283,0.025004150228471148,0.025004150228471193,-0.3976360839540838,0.054295067907542065,final,-1.5707963267948966,-0.404302651857952
8.96434920001775,3594.783959709,odom,turning,1,4,,0.7729541542102565,-0.048735668466616755,-1.2434201438640562,-7.571736746254416,-6.482240325022721,2.7656675500805807,2.731610455183364,0.6971828937530518,-1.0532022348184313,1.0532022348184313,0.022576206999929127,pixhawk_fused,True,0.8,0.2,gyro,-1.0,0.038408659398555756,-0.5048456788063049,0.0,-0.7246690019103958,0.010651525999946898,2,0.7989249107537743,0.05291418697026184,0.0881883518977242,0.7463527534075909,-0.04891301113863451,-1.5641297588910283,0.026601991938337555,0.026601991938337545,-0.32070961502697215,0.05922480188072565,final,-1.5707963267948966,-0.32737618293084036
9.281921100104228,3594.884740808,odom,turning,1,4,,0.773828242651748,-0.051825004957969545,-1.2895592664611888,-7.574658325235239,-6.480909007322408,2.719528427483448,2.6876269887306723,0.7425073385238647,-1.099879996611568,1.099879996611568,0.004353575999630266,pixhawk_fused,True,0.8,0.2,gyro,-1.0,0.03077593445777893,-0.4045206904411316,0.0,-0.7044491951319706,0.008749722999709775,2,0.8020200057222797,0.056009281938767266,0.09334672888257389,0.7463733869155303,-0.05200803732954433,-1.5641297588910283,0.027455465837344067,0.02745546583734412,-0.27457049242983955,0.062376616352940235,final,-1.5707963267948966,-0.28123706033370777
9.282076700008474,3595.001442912,odom,turning,1,4,,0.7745104039055388,-0.054706390378860104,-1.2976650474177331,-7.577297170766305,-6.479565794687317,2.711422646526904,2.647061503133676,0.7425073385238647,-1.099879996611568,1.099879996611568,0.12209896799959097,pixhawk_fused,True,0.8,0.2,gyro,-1.0,0.028160743415355682,-0.3701464533805847,0.0,-0.6041421162127646,0.016292273000090063,2,0.8049058747551517,0.058895150971639346,0.09815640372355178,0.7463926256148942,-0.05489384223413106,-1.5641297588910283,0.02811840312321972,0.028118403123219688,-0.2664647114732952,0.06526318565755186,final,-1.5707963267948966,-0.2731312793771634
9.282185000018217,3595.103966116,odom,turning,1,4,,0.7749625051085274,-0.05698328058348423,-1.3610161378900365,-7.5793261721411795,-6.478438063370729,2.6480715560546,2.6152621883754175,0.8142353892326355,-1.1711099971968857,1.1711099971968857,0.004961448999893037,pixhawk_fused,True,0.8,0.2,gyro,-1.0,0.023077351972460747,-0.30333006381988525,0.0,-0.5343230730488617,0.014355360000081419,2,0.8071857283049465,0.06117500452143409,0.10195607520367052,0.7464078243008146,-0.05717364512220231,-1.5641297588910283,0.02855531534912474,0.028555315349124713,-0.20311362100099184,0.06751138580184413,final,-1.5707963267948966,-0.20978018890486005
9.620663800043985,3595.204988302,odom,turning,1,4,,0.7753269355370287,-0.059173756428050506,-1.3670973690851236,-7.581232564188328,-6.477299352114345,2.6419903248595134,2.5848323751361457,0.8142353892326355,-1.1711099971968857,1.1711099971968857,0.10582071299995732,pixhawk_fused,True,0.8,0.2,gyro,-1.0,0.020484618842601776,-0.2692510187625885,0.0,-0.4505050051934956,0.011398618999919563,2,0.8093785849560964,0.06336786117258401,0.10561075507471453,0.7464224430202988,-0.05936645304482871,-1.5641297588910283,0.028905134831649058,0.02890513483164901,-0.19703238980590476,0.0696490678273851,final,-1.5707963267948966,-0.20369895770977298
9.620836600079201,3595.324619314,odom,turning,1,4,,0.7756055277753717,-0.06123187651970308,-1.392259376976856,-7.582982492093378,-6.476180770747588,2.616828316967781,2.5563746761968518,0.8392537236213684,-1.1954494180817332,1.1954494180817332,0.06911093700000492,pixhawk_fused,True,0.8,0.2,gyro,-1.0,0.020632468163967133,-0.27119436860084534,0.0,-0.39724067712063404,0.031626217999928485,2,0.8114385165535889,0.06542779277007643,0.1090438981126487,0.7464361755924506,-0.061426338867589206,-1.5641297588910283,0.029170000383545298,0.029170000383545273,-0.17187038191417225,0.07163578009026005,final,-1.5707963267948966,-0.17853694981804047
9.620977200102061,3595.441314326,odom,turning,1,4,,0.7757968519144511,-0.06299749893993734,-1.435928296319812,-7.584452889031112,-6.475184798708557,2.5731593976248246,2.5320331659233855,0.8874818682670593,-1.2439442771215168,1.2439442771215168,0.08142988500003412,pixhawk_fused,True,0.8,0.2,gyro,-1.0,0.01285855658352375,-0.1690136194229126,0.0,-0.29939201151126577,0.022214807999716868,2,0.8132053752049943,0.06719465142148187,0.11198859709462969,0.7464479543883785,-0.0631931582567778,-1.5641297588910283,0.029349549716548937,0.02934954971654894,-0.12820146257121645,0.07332473830992263,final,-1.5707963267948966,-0.13486803047508467
9.940758000011556,3595.541858987,odom,turning,1,4,,0.7759002804268169,-0.06417843851167859,-1.4530362061809567,-7.585420496225669,-6.474499924963757,2.55605148776368,2.5157901236832734,0.9035285115242004,-1.2612682360548702,1.2612682360548702,0.06990856499987785,pixhawk_fused,True,0.8,0.2,gyro,-1.0,0.015507776290178299,-0.2038351148366928,0.0,-0.26235031385896673,0.029536716000166052,2,0.8143869780426022,0.06837625425908982,0.11395789139570024,0.7464558315655828,-0.06437473483742014,-1.5641297588910283,0.02944510317504983,0.029445103175049846,-0.1110935527100716,0.07444680145911596,final,-1.5707963267948966,-0.11776012061393981
9.940930200042203,3595.641933289,odom,turning,1,4,,0.7760181380540929,-0.06590198617019422,-1.4580370490450871,-7.586811288599878,-6.47347513058276,2.55105064489955,2.490761869374165,0.9035285115242004,-1.2612682360548702,1.2612682360548702,0.17055137199986348,pixhawk_fused,True,0.8,0.2,gyro,-1.0,0.012923795729875565,-0.2378195822238922,0.0,-0.25016081301630266,0.003678739999941172,2,0.8161112731013908,0.07010054931787837,0.11683165263302991,0.7464673266105322,-0.06609899157981794,-1.5641297588910283,0.029551468120963164,0.029551468120963216,-0.10609270984594121,0.076074807149099,final,-1.5707963267948966,-0.11275927774980943
9.94103740004357,3595.762330114,odom,turning,1,4,,0.7760328985651882,-0.0661959834204941,-1.492027647791586,-7.587045069818043,-6.473296249063577,2.517060046153051,2.4623806018395933,0.936058759689331,-1.2966589940030304,1.2966589940030304,0.09368974099970728,pixhawk_fused,True,0.8,0.2,gyro,-1.0,0.010337998159229755,-0.13588325679302216,0.0,-0.25,0.03160838599978888,2,0.8164053622198568,0.07039463843634444,0.11732179027198018,0.746469287161088,-0.0663930741631881,-1.5641297588910283,0.029564268365943062,0.029564268365943103,-0.07210211109944242,0.07635084206868427,final,-1.5707963267948966,-0.07876867900331064
10.26331890001893,3595.865202104,odom,turning,1,4,,0.776052424616859,-0.06747745957056317,-1.5170134279936391,-7.588035094389684,-6.472482361026169,2.492074265950998,2.4420977801006822,0.9614689350128174,-1.3228190038491217,1.3228190038491217,0.09431383599985566,pixhawk_fused,True,0.8,0.2,gyro,-1.0,0.01541408896446228,-0.20260368287563324,0.0,-0.25,0.009086215000024822,2,0.8176869400644124,0.07167621628090008,0.11945770588197561,0.7464778308235279,-0.06767462352918537,-1.5641297588910283,0.02957525099922425,0.02957525099922427,-0.0471163308973892,0.07753821929870124,final,-1.5707963267948966,-0.05378289880125742
10.263473100028932,3595.966116625,odom,turning,1,4,,0.7760472616381646,-0.06881046207856362,-1.540534915847548,-7.589048451333393,-6.471616318274729,2.4685527780970893,2.4238292840737197,0.9863884449005127,-1.3476523582030264,1.3476523582030264,0.015178523000031419,pixhawk_fused,True,0.8,0.2,gyro,-1.0,0.007755056489259005,-0.10193291306495667,0.0,-0.25,0.03104962199995498,2,0.8190198785320293,0.07300915474851685,0.12167922062822438,0.7464867168825129,-0.06900753237693462,-1.5641297588910283,0.02956120164934756,0.029561201649347564,-0.02359484304348025,0.07876675263108332,final,-1.5707963267948966,-0.030261410947348466
10.263591399998404,3596.084365856,odom,turning,1,4,,0.7760376201841961,-0.06935368633779665,-1.5566528932616475,-7.589456539095825,-6.47125764024138,2.45243480068299,2.4163867594333186,1.0038050413131714,-1.3659375343609779,1.3659375343609779,0.012914987999920413,pixhawk_fused,True,0.8,0.2,gyro,-1.0,0.002578024985268712,-0.033885709941387177,0.0,0.0,0.008256680000158667,2,0.8195630264450829,0.07355230266157058,0.12258444703406174,0.7464903377881362,-0.06955066822043704,-1.5641297588910283,0.029547938995039866,0.029547938995039852,-0.00747686562938088,0.07926551536244421,final,-1.5707963267948966,-0.014143433533249095
10.60018230008427,3596.201151939,odom,turning,1,4,,0.7760376201841961,-0.06935368633779665,-1.5624262785980925,-7.589456539095825,-6.47125764024138,2.446661415346544,2.4163867594333186,1.0113462209701538,-1.37315352017695,1.37315352017695,0.09475182500000301,pixhawk_fused,True,0.8,0.2,gyro,-1.0,0.0,0.0,0.0,0.0,0.02366451300031258,2,0.8195630264450829,0.07355230266157058,0.12258444703406174,0.7464903377881362,-0.06955066822043704,-1.5641297588910283,0.029547938995039866,0.029547938995039852,-0.0017034802929358772,0.07926551536244421,final,-1.5707963267948966,-0.008370048196804092
10.600322500104085,,mission_status,navigating,1,4,correcting final position at waypoint 1/4,0.7760376201841961,-0.06935368633779665,-1.5624262785980925,,,,,,,,,,,,,,,,,,,,,,,,,,,,,,,,,
10.60042410006281,3596.306367296,odom,navigating,1,4,,0.7760376201841961,-0.06935368633779665,-1.5629612339709604,-7.589456539095825,-6.47125764024138,2.4461264599736765,2.4163867594333186,1.0113335847854614,-1.3738221579453154,1.3738221579453154,0.047149548000106734,pixhawk_fused,True,0.8,0.2,gyro,-1.0,0.0,0.0,0.05,-0.4689140272215193,0.0099872470000264,2,0.8195630264450829,0.07355230266157058,0.12258444703406174,0.7464903377881362,-0.06955066822043704,-1.5641297588910283,0.029547938995039866,0.029547938995039852,-0.0011685249200679149,0.07926551536244421,,,
10.600568900001235,3596.424611193,odom,navigating,1,4,,0.7760376201841961,-0.06935368633779665,-1.5627646384386908,-7.589456539095825,-6.47125764024138,2.446323055505946,2.4163867594333186,1.0114006996154785,-1.3735764340407393,1.3735764340407393,0.052146496000204934,pixhawk_fused,True,0.8,0.2,gyro,-1.0,0.0,0.0,0.05,-0.4689140272215193,0.027925292999952944,2,0.8195630264450829,0.07355230266157058,0.12258444703406174,0.7464903377881362,-0.06955066822043704,-1.5641297588910283,0.029547938995039866,0.029547938995039852,-0.0013651204523374982,0.07926551536244421,,,
10.925248900079168,3596.544042265,odom,navigating,1,4,,0.7760376201841961,-0.06935368633779665,-1.5627835739925038,-7.589456539095825,-6.47125764024138,2.446304119952133,2.4163867594333186,1.0114253759384155,-1.3736001014956916,1.3736001014956916,0.06303981300015948,pixhawk_fused,True,0.8,0.2,gyro,-1.0,0.0,0.0,0.05,-0.4686837653889364,0.048182596000060585,2,0.8195630264450829,0.07355230266157058,0.12258444703406174,0.7464903377881362,-0.06955066822043704,-1.5641297588910283,0.029547938995039866,0.029547938995039852,-0.0013461848985245606,0.07926551536244421,,,
10.925720700062811,3596.644348227,odom,navigating,1,4,,0.7760376201841961,-0.06935368633779665,-1.5627835739925038,-7.589456539095825,-6.47125764024138,2.446304119952133,2.4163867594333186,1.0114253759384155,-1.3736001014956916,1.3736001014956916,0.163319164999848,pixhawk_fused,True,0.8,0.2,gyro,-1.0,0.0,0.0,0.05,-0.4687059443789261,0.048406700999748864,2,0.8195630264450829,0.07355230266157058,0.12258444703406174,0.7464903377881362,-0.06955066822043704,-1.5641297588910283,0.029547938995039866,0.029547938995039852,-0.0013461848985245606,0.07926551536244421,,,
10.925995300058275,3596.745411948,odom,navigating,1,4,,0.7760376201841961,-0.06935368633779665,-1.5628077436161858,-7.589456539095825,-6.47125764024138,2.446279950328451,2.4163867594333186,1.0114606618881226,-1.373630310992309,1.373630310992309,0.07397972099988692,pixhawk_fused,True,0.8,0.2,gyro,-1.0,0.0,0.0,0.05,-0.4687059443789261,0.04934525199996642,2,0.8195630264450829,0.07355230266157058,0.12258444703406174,0.7464903377881362,-0.06955066822043704,-1.5641297588910283,0.029547938995039866,0.029547938995039852,-0.0013220152748425473,0.07926551536244421,,,
11.283965700073168,3596.86656916,odom,navigating,1,4,,0.7760376201841961,-0.06935368633779665,-1.5628296540889632,-7.589456539095825,-6.47125764024138,2.4462580398556737,2.4163867594333186,1.0114909410476685,-1.3736576967905918,1.3736576967905918,0.011231196999688109,pixhawk_fused,True,0.8,0.2,gyro,-1.0,0.0,0.0,0.05,-0.4687342537287683,0.015900542000053974,2,0.8195630264450829,0.07355230266157058,0.12258444703406174,0.7464903377881362,-0.06955066822043704,-1.5641297588910283,0.029547938995039866,0.029547938995039852,-0.0013001048020651051,0.07926551536244421,,,
11.28420630004257,3596.984198627,odom,navigating,1,4,,0.7760376201841961,-0.06935368633779665,-1.5628587511759973,-7.589456539095825,-6.47125764024138,2.4462289427686397,2.4163867594333186,1.0115166902542114,-1.3736940651098908,1.3736940651098908,0.02717766399973698,pixhawk_fused,True,0.8,0.2,gyro,-1.0,0.0,0.0,0.05,-0.46875991674811035,0.03209326200021678,2,0.8195630264450829,0.07355230266157058,0.12258444703406174,0.7464903377881362,-0.06955066822043704,-1.5641297588910283,0.029547938995039866,0.029547938995039852,-0.0012710077150310806,0.07926551536244421,,,
11.284377000061795,3597.10399904,odom,navigating,1,4,,0.7760376201841961,-0.06935368633779665,-1.5628799844992818,-7.589456539095825,-6.47125764024138,2.446207709445355,2.4163867594333186,1.011548638343811,-1.373720604549692,1.373720604549692,0.03169095800012656,pixhawk_fused,True,0.8,0.2,gyro,-1.0,0.0,0.0,0.05,-0.4687939968655546,0.008065869999882125,2,0.8195630264450829,0.07355230266157058,0.12258444703406174,0.7464903377881362,-0.06955066822043704,-1.5641297588910283,0.029547938995039866,0.029547938995039852,-0.001249774391746561,0.07926551536244421,,,
11.640928400098346,3597.225190473,odom,navigating,1,4,,0.7760376201841961,-0.06935368633779665,-1.5629153709438084,-7.589456539095825,-6.47125764024138,2.4461723230008285,2.4163867594333186,1.0115801095962524,-1.3737648339220965,1.3737648339220965,0.06411087800006499,pixhawk_fused,True,0.8,0.2,gyro,-1.0,0.0,0.0,0.05,-0.4688603119311967,0.02772977999984505,2,0.8195630264450829,0.07355230266157058,0.12258444703406174,0.7464903377881362,-0.06955066822043704,-1.5641297588910283,0.029547938995039866,0.029547938995039852,-0.0012143879472199526,0.07926551536244421,,,
11.641118700033985,3597.342442506,odom,navigating,1,4,,0.7760376201841961,-0.06935368633779665,-1.5629663027795617,-7.589456539095825,-6.47125764024138,2.446121391165075,2.4163867594333186,1.0116373300552368,-1.3738284934308092,1.3738284934308092,0.06998733999989781,pixhawk_fused,True,0.8,0.2,gyro,-1.0,0.0,0.0,0.05,-0.4688603119311967,0.04799274900005912,2,0.8195630264450829,0.07355230266157058,0.12258444703406174,0.7464903377881362,-0.06955066822043704,-1.5641297588910283,0.029547938995039866,0.029547938995039852,-0.0011634561114666209,0.07926551536244421,,,
11.64126100006979,3597.46184917,odom,navigating,1,4,,0.7760376201841961,-0.06935368633779665,-1.5629935386279517,-7.589456539095825,-6.47125764024138,2.4460941553166857,2.4163867594333186,1.0116711854934692,-1.3738625354220337,1.3738625354220337,0.08760726499986049,pixhawk_fused,True,0.8,0.2,gyro,-1.0,0.0,0.0,0.05,-0.4689518622050983,0.015312557000015659,2,0.8195630264450829,0.07355230266157058,0.12258444703406174,0.7464903377881362,-0.06955066822043704,-1.5641297588910283,0.029547938995039866,0.029547938995039852,-0.0011362202630766927,0.07926551536244421,,,
11.980010400060564,3597.563201031,odom,navigating,1,4,,0.7760376201841961,-0.06935368633779665,-1.5629935386279517,-7.589456539095825,-6.47125764024138,2.4460941553166857,2.4163867594333186,1.0116711854934692,-1.3738625354220337,1.3738625354220337,0.1892001569999593,pixhawk_fused,True,0.8,0.2,gyro,-1.0,0.0,0.0,0.05,-0.4689518622050983,0.016951681999671564,2,0.8195630264450829,0.07355230266157058,0.12258444703406174,0.7464903377881362,-0.06955066822043704,-1.5641297588910283,0.029547938995039866,0.029547938995039852,-0.0011362202630766927,0.07926551536244421,,,
11.980357000022195,3597.682969759,odom,navigating,1,4,,0.7760376201841961,-0.06935368633779665,-1.563112242730563,-7.589456539095825,-6.47125764024138,2.445975451214074,2.4163867594333186,1.0117928981781006,-1.3740109033231336,1.3740109033231336,0.007170447999669705,pixhawk_fused,True,0.8,0.2,gyro,-1.0,0.0,0.0,0.05,-0.46899656344631213,0.035554914999920584,2,0.8195630264450829,0.07355230266157058,0.12258444703406174,0.7464903377881362,-0.06955066822043704,-1.5641297588910283,0.029547938995039866,0.029547938995039852,-0.0010175161604653038,0.07926551536244421,,,
11.980517200077884,3597.801360114,odom,navigating,1,4,,0.7760356547875165,-0.06945252543317254,-1.5633822368804235,-7.589530653689451,-6.471192218100094,2.4457054570642134,2.415036328915246,1.0117928981781006,-1.3740109033231336,1.3740109033231336,0.1260361429999648,pixhawk_fused,True,0.8,0.2,gyro,-1.0,0.002574026817455888,-0.03383316099643707,0.05,-0.4686944121763821,0.007559789999959321,2,0.8196618502417544,0.07365112645824197,0.12274914970182879,0.7464909965988074,-0.06964948982109727,-1.5641297588910283,0.02954531472937404,0.02954531472937408,-0.0007475220106047953,0.07935624771261378,,,
12.30097520002164,3597.904165994,odom,navigating,1,4,,0.7759952695318676,-0.07078360356670099,-1.5671580582177445,-7.590519763266109,-6.470300555489128,2.4419296357268925,2.39679072916571,1.0119909048080444,-1.3741717457103722,1.3741717457103722,0.04978324000012435,pixhawk_fused,True,0.8,0.2,gyro,-1.0,0.020583977922797203,-0.2705570161342621,0.05,-0.46551511125126566,0.008238477000304556,2,0.8209926295676998,0.07498190578418742,0.1249670659585909,0.7464998682638344,-0.07098023957515454,-1.5641297588910283,0.029496056714112043,0.02949605671411209,0.0030282993267161107,0.08057483203029889,,,
12.30131380003877,3598.005175214,odom,navigating,1,4,,0.775860077669656,-0.07324717543645104,-1.60111368470458,-7.592311323442887,-6.468604154790586,2.407974009240057,2.362988590329487,1.0490117073059082,-1.408165707588493,1.408165707588493,0.042958894000094006,pixhawk_fused,True,0.8,0.2,gyro,-1.0,0.02500368282198906,-0.3286498785018921,0.05,-0.4770807528393157,0.007933632000003854,2,0.8234552454341795,0.07744452165066708,0.1290713345311021,0.7465162853381244,-0.07344280071866124,-1.5641297588910283,0.02934444440856043,0.029344444408560447,0.03698392581355159,0.0828175727206958,,,
12.301472500083037,3598.124528267,odom,navigating,1,4,,0.775603327906172,-0.07605195473842585,-1.6088200123561638,-7.594284510123797,-6.466594368310355,2.400267681588473,2.3244029601012866,1.0490117073059082,-1.408165707588493,1.408165707588493,0.1630742420002207,pixhawk_fused,True,0.8,0.2,gyro,-1.0,0.025839803740382195,-0.33963990211486816,0.05,-0.45526254236607716,0.028250303999811877,2,0.8262582507827487,0.08024752699923633,0.13374290630049832,0.746534971625202,-0.07624574378029898,-1.5641297588910283,0.029069002237265742,0.029069002237265745,0.04469025346513544,0.08535029279717396,,,
12.644083800027147,3598.24225201,odom,navigating,1,4,,0.7751055839389196,-0.07971849871354675,-1.6493912942927338,-7.596759114055408,-6.4638434358938675,2.3596963996519036,2.2737133372800318,1.085740089416504,-1.4462151775959127,1.4462151775959127,0.08565310999983922,pixhawk_fused,True,0.8,0.2,gyro,-1.0,0.03329910337924957,-0.43768537044525146,0.05,-0.4438695730168464,0.047658941999998206,2,0.8299213950624529,0.08391067127894046,0.13984801109918374,0.7465593920443967,-0.07990880665951024,-1.5641297588910283,0.02854682624729449,0.028546826247294453,0.08526153540170545,0.08863363945633522,,,
12.644234900013544,3598.362607037,odom,navigating,1,4,,0.7742660911142805,-0.08408271252958183,-1.7154397885758783,-7.599544816281251,-6.46038063738058,2.293647905368759,2.2128268422939246,1.1558573246002197,-1.513549963653385,1.513549963653385,0.09189491400002225,pixhawk_fused,True,0.8,0.2,gyro,-1.0,0.0386703759431839,-0.5082857012748718,0.05,-0.48584638375572553,0.014849421000235452,2,0.8342799154047256,0.08826919162121315,0.14711205024833957,0.7465884482009933,-0.08426723014900374,-1.5641297588910283,0.027678257965184687,0.027678257965184676,0.15131002968484997,0.09250695191957066,,,
12.64435700001195,3598.46544049,odom,navigating,1,4,,0.7733266981451439,-0.08781483896953662,-1.7643696947425447,-7.601783809004732,-6.457250439543626,2.2447179992020923,2.1600924462543856,1.2041754722595215,-1.561531798065006,1.561531798065006,0.009273006000057649,pixhawk_fused,True,0.8,0.2,gyro,-1.0,0.04373439401388168,-0.5748474597930908,0.05,-0.47001190563377526,0.013893555999857199,2,0.8380056964306721,0.09199497264715972,0.15332154730429357,0.7466132861892172,-0.08799292838257614,-1.5641297588910283,0.02671400558070773,0.02671400558070774,0.20023993585151634,0.0957951621248054,,,
13.004564200062305,3598.583901528,odom,navigating,1,4,,0.771951045434008,-0.09219401247011694,-1.817154883359743,-7.604234165569293,-6.453369030825602,2.191932810584894,2.097188155164315,1.2543070316314697,-1.6117967565062636,1.6117967565062636,0.026546643000074255,pixhawk_fused,True,0.8,0.2,gyro,-1.0,0.040977392345666885,-0.5386092662811279,0.05,-0.4742679837205433,0.03229488599981778,2,0.8423756018052488,0.09636487802173643,0.16060456108563562,0.7466424182443425,-0.09236273665138137,-1.5641297588910283,0.025309189597354176,0.02530918959735416,0.2530251244687147,0.09963305071219572,,,
13.004734700080007,3598.701312667,odom,navigating,1,4,,0.7702643710543531,-0.09656999144762624,-1.911392189641659,-7.60648093575013,-6.449252468396938,2.097695504302978,2.032937127651961,1.355895757675171,-1.7135080245140188,1.7135080245140188,0.014689387000089482,pixhawk_fused,True,0.8,0.2,gyro,-1.0,0.038600750267505646,-0.5073705315589905,0.05,-0.5300607473938631,0.007430182000007335,2,0.8467402392960273,0.1007295155125148,0.1678787952557474,0.746671515181023,-0.09672727715344843,-1.5641297588910283,0.02359338015319085,0.0235933801531909,0.3472624307506307,0.10345570492939934,,,
13.00483200000599,3598.825974084,odom,navigating,1,4,,0.7682650182055533,-0.1008997933245267,-1.92442119422713,-7.608490264732869,-6.444927287112143,2.084666499717507,1.9675838267508732,1.355895757675171,-1.7135080245140188,1.7135080245140188,0.13898948099995323,pixhawk_fused,True,0.8,0.2,gyro,-1.0,0.041683342307806015,-0.5478882789611816,0.05,-0.5355097177806861,0.032345644000088214,2,0.8510566162355139,0.10504589245200147,0.1750725969610746,0.7467002903878442,-0.10104355817664476,-1.5641297588910283,0.02156520702855824,0.02156520702855819,0.36029143533610175,0.10723664334182618,,,
13.34403919999022,3598.941924611,odom,navigating,1,4,,0.7659437533666871,-0.10516545493018792,-1.9776717221158204,-7.610242480125377,-6.440398061946132,2.0314159718288165,1.9010439998439561,1.4063115119934082,-1.7634600775840872,1.7634600775840872,0.0742611380001108,pixhawk_fused,True,0.8,0.2,gyro,-1.0,0.04609956592321396,-0.6059353947639465,0.05,-0.5156794901097216,0.04793552699993597,2,0.8553067082968084,0.10929598451329604,0.18215592632432864,0.7467286237052974,-0.10529355579459718,-1.5641297588910283,0.019215556659526713,0.019215556659526758,0.4135419632247921,0.1109722931567431,,,
13.344168600044213,3599.062832809,odom,navigating,1,4,,0.7631044564903997,-0.10962025119593738,-2.077743309054502,-7.611803919063922,-6.435351407117215,1.931344384890135,1.8286525441783859,1.5143468379974365,-1.8704074634316556,1.8704074634316556,0.09368009099989649,pixhawk_fused,True,0.8,0.2,gyro,-1.0,0.04640910029411316,-0.6100039482116699,0.05,-0.5973317619760362,0.013855815000169969,2,0.8597424773451657,0.1137317535616533,0.18954871045599092,0.7467581948418239,-0.10972922627359455,-1.5641297588910283,0.01634662489479861,0.01634662489479858,0.5136135501634735,0.11490049570676311,,,
13.34427240001969,3599.164654916,odom,navigating,1,4,,0.7603806420733841,-0.11331851050002928,-2.0902512352776794,-7.612863025756782,-6.430882114122593,1.9188364586669575,1.7657214897639868,1.5143468379974365,-1.8704074634316556,1.8704074634316556,0.19563437999977396,pixhawk_fused,True,0.8,0.2,gyro,-1.0,0.049075908958911896,-0.6450566053390503,0.05,-0.5718685382662682,0.013650042999870493,2,0.8634224961091914,0.11741177232567897,0.19568193877025217,0.746782727755081,-0.1134091632621513,-1.5641297588910283,0.013598216490819345,0.013598216490819373,0.5261214763866511,0.11819659797298848,,,
13.663205999997444,3599.267090414,odom,navigating,1,4,,0.7574063930517945,-0.11686502808828675,-2.197743126954644,-7.613644431472292,-6.426319949137192,1.8113445669899928,1.7023135833525076,1.6331605911254883,-1.9888308197262876,1.9888308197262876,0.0979326689998743,pixhawk_fused,True,0.8,0.2,gyro,-1.0,0.04812034219503403,-0.6324965953826904,0.05,-0.6194654771467365,0.016117887999826053,2,0.866949107002378,0.1209383832188656,0.20155949298136533,0.7468062379719255,-0.11693569578881918,-1.5641297588910283,0.010600390636253511,0.010600390636253522,0.6336133680636158,0.1214020626564243,,,
13.66333490004763,3599.380814738,odom,navigating,1,4,,0.7535262863914307,-0.12088394897503535,-2.262418462876857,-7.614200290924485,-6.420761354615269,1.7466692310677798,1.6257717239360665,1.6946641206741333,-2.0505579115155332,2.0505579115155332,0.1031587029997354,pixhawk_fused,True,0.8,0.2,gyro,-1.0,0.04876502603292465,-0.6409703493118286,0.05,-0.6431385925436053,0.029838022000149067,2,0.8709420717798262,0.12493134799631377,0.2082142863944573,0.7468328571455778,-0.12092857183667437,-1.5641297588910283,0.00669357798707239,0.006693577987072353,0.6982887039858288,0.12511053392278793,,,
13.663449399988167,3599.484313914,odom,navigating,1,4,,0.7499274157723403,-0.12411615137459264,-2.32403171037861,-7.6143379976694305,-6.415926063627433,1.685055983566027,1.5594913555771128,1.7558108568191528,-2.111012680769264,2.111012680769264,0.026617140999860567,pixhawk_fused,True,0.8,0.2,gyro,-1.0,0.0489138588309288,-0.6429266333580017,0.05,-0.6110937519349183,0.033585780000066734,2,0.8741502104174119,0.1281394866338995,0.21356106530777785,0.7468542442612311,-0.12413663918466669,-1.5641297588910283,0.003073239803050652,0.0030732398030506917,0.7599019514875816,0.1281763349362368,,,
13.98313850001432,3599.584374788,odom,navigating,1,4,,0.7460436597167818,-0.12716164269154084,-2.337438249184024,-7.614149051205435,-6.410994240668887,1.6716494447606127,1.4918604821354768,1.7558108568191528,-2.111012680769264,2.111012680769264,0.12688576799973816,pixhawk_fused,True,0.8,0.2,gyro,-1.0,0.05378550663590431,-0.7069598436355591,0.05,-0.613564019677013,0.03229195999983858,2,0.8771697429273462,0.13115901914383377,0.2185935076601919,0.7468743740306407,-0.12715610459611512,-1.5641297588910283,0.0008307327739719247,-0.0008307327739719696,0.7733084902929959,0.13116164995803575,,,
13.983273199992254,3599.700904763,odom,navigating,1,4,,0.7412096481994741,-0.1304064721282429,-2.4865407788852893,-7.613497574777515,-6.405208727391172,1.5225469150593476,1.4120724066358483,1.9222142696380615,-2.2772696272733803,2.2772696272733803,0.042360464000012144,pixhawk_fused,True,0.8,0.2,gyro,-1.0,0.05422002449631691,-0.712671160697937,0.05,-0.6146323776951443,0.007322574000227178,2,0.8803822742318081,0.13437155044829574,0.22394760752228687,0.7468957904300891,-0.13036856451337211,-1.5641297588910283,0.005686268587927314,-0.0056862685879273235,0.922411019994261,0.13449181097870955,,,
13.98338039999362,3599.803752546,odom,navigating,1,4,,0.736964250074287,-0.13282528067242727,-2.5201543059525013,-7.61259676221672,-6.400406376222726,1.4889333879921356,1.3451244600995487,1.9477781057357788,-2.3026130191686747,2.3026130191686747,0.04510646900007487,pixhawk_fused,True,0.8,0.2,gyro,-1.0,0.04879910126328468,-0.6414182186126709,0.05,-0.652458530502666,0.008019037999929424,2,0.8827727270012422,0.13676200321772977,0.2279316069390069,0.746911726427756,-0.13275896416340413,-1.5641297588910283,0.009947697406043007,-0.00994769740604298,0.956024547061473,0.1371233102277236,,,
14.32164360000752,3599.904122486,odom,navigating,1,4,,0.7326551056270025,-0.1349142512278706,-2.6363492657638794,-7.611403151261354,-6.395768724151225,1.3727384281807575,1.2795078206315913,2.0763168334960938,-2.43136808401376,2.43136808401376,0.032072836000224925,pixhawk_fused,True,0.8,0.2,gyro,-1.0,0.048711568117141724,-0.6402677297592163,0.05,-0.6863210696635499,0.00792642899978091,2,0.8848329241453868,0.13882220036187443,0.23136519254486013,0.7469254607701794,-0.13481911552691606,-1.5641297588910283,0.014270672258656587,-0.014270672258656619,1.072219506872851,0.13955377243208586,,,
14.321854300098494,3600.02137583,odom,navigating,1,4,,0.7274258007111823,-0.13700249025066474,-2.651690139391051,-7.609613878572033,-6.39042972842523,1.357397554553586,1.2023479397985013,2.0763168334960938,-2.43136808401376,2.43136808401376,0.15066001700006382,pixhawk_fused,True,0.8,0.2,gyro,-1.0,0.05168220028281212,-0.6793138384819031,0.05,-0.6645710294312454,0.02653164299999844,2,0.88688625550633,0.14087553172281764,0.23478733543299068,0.746939149341732,-0.1368724012597944,-1.5641297588910283,0.019513782255701217,-0.019513782255701176,1.0875603805000227,0.14222061431490696,,,
14.322165200021118,3600.141921018,odom,navigating,1,4,,0.7221540207375973,-0.13865227996231877,-2.7753197208036315,-7.607462725366924,-6.385341898822077,1.2337679731410054,1.1266566726382699,2.2119638919830322,-2.5668847079876063,2.5668847079876063,0.04953770799966151,pixhawk_fused,True,0.8,0.2,gyro,-1.0,0.046106453984975815,-0.6060259342193604,0.05,-0.6538479125356602,0.0476375339999322,2,0.888500864138367,0.1424901403548546,0.23747829002139254,0.7469499131600855,-0.13848697401283552,-1.5641297588910283,0.02479644343619756,-0.024796443436197604,1.2111899619126032,0.14463161378284733,,,
14.662846500054002,3600.245187402,odom,navigating,1,4,,0.7178330281549267,-0.13968599813433835,-2.8251039084945235,-7.605456598866625,-6.381377683058088,1.1839837854501134,1.0657816737203198,2.258700132369995,-2.613912693739235,2.613912693739235,0.07170324000026085,pixhawk_fused,True,0.8,0.2,gyro,-1.0,0.048663076013326645,-0.6396303176879883,0.05,-0.6778016391523738,0.0488870770000176,2,0.8895057533625452,0.14349502957903285,0.23915306817814408,0.7469566122727126,-0.13949184090688643,-1.5641297588910283,0.029124231301353252,-0.02912423130135323,1.2609741496034952,0.14642077845299908,,,
14.66298770008143,3600.364915481,odom,navigating,1,4,,0.7126787549416929,-0.140562538620578,-2.887400448824695,-7.602791675978542,-6.3768795677215,1.1216872451199418,0.9941302554875494,2.318375825881958,-2.673887066483795,2.673887066483795,0.006749940000190691,pixhawk_fused,True,0.8,0.2,gyro,-1.0,0.04368634149432182,-0.574215829372406,0.05,-0.6191342249632167,0.012959060999946814,2,0.8903479133129057,0.1443371895293933,0.2405566369053419,0.7469622265476213,-0.14033398214320514,-1.5641297588910283,0.034284233452388194,-0.034284233452388214,1.3232706899336668,0.14835306853807192,,,
14.66308540001046,3600.483544791,odom,navigating,1,4,,0.7075192284994518,-0.14106504051940721,-2.991796076457315,-7.599838072173314,-6.3726193510805,1.0172916174873219,0.9231082815677242,2.4309706687927246,-2.7865776926878087,2.7865776926878087,0.01217597000004389,pixhawk_fused,True,0.8,0.2,gyro,-1.0,0.04887472838163376,-0.6424123048782349,0.05,-0.5940907740726596,0.03243299299992941,2,0.8908160079667988,0.14480528418328642,0.24133677732556924,0.7469653471093023,-0.14080206639534154,-1.5641297588910283,0.03944699518052446,-0.03944699518052445,1.4276663175662867,0.1500820967210102,,,
15.00172330008354,3600.601851405,odom,navigating,1,4,,0.7018941716644367,-0.14119750386392804,-3.007124235269056,-7.5963011590664005,-6.368243387574147,1.001963458675581,0.8460056093422802,2.4309706687927246,-2.7865776926878087,2.7865776926878087,0.13056998899992323,pixhawk_fused,True,0.8,0.2,gyro,-1.0,0.04879666864871979,-0.6413862705230713,0.05,-0.5956687621483591,0.008448156000213203,2,0.8909109688222018,0.14490024503868937,0.241495041900956,0.7469659801676038,-0.1408970251405736,-1.5641297588910283,0.045072810087783084,-0.04507281008778306,1.4429944763780276,0.15174860533619933,,,
15.00201900000684,3600.704388437,odom,navigating,1,4,,0.6976527388483308,-0.14100788614218052,-3.100220068576461,-7.59341343489995,-6.365131032139361,0.9088676253681758,0.7878314630779605,2.530488967895508,-2.8883250910642735,2.8883250910642735,0.04604855499974292,pixhawk_fused,True,0.8,0.2,gyro,-1.0,0.04366017505526543,-0.573871910572052,0.05,-0.6177080826861385,0.00824262500009354,2,0.8906930797236063,0.14468235594009396,0.24113190147299463,0.7469645276058919,-0.14067914088379677,-1.5641297588910283,0.04931288456291361,-0.04931288456291365,1.5360903096854328,0.15285530643157696,,,
15.002169799990952,3600.825486961,odom,navigating,1,4,,0.6925961340991653,-0.14045678889980368,3.106747495326788,-7.589722802635888,-6.36163071883177,0.8326498820918387,0.7181293304776923,2.6068646907806396,-2.966161147952377,2.966161147952377,0.0530060650003179,pixhawk_fused,True,0.8,0.2,gyro,-1.0,0.043929871171712875,-0.5774167776107788,0.05,-0.6268291996782418,0.028632182000364992,2,0.8901082847782006,0.1440975609946882,0.2401572648890018,0.746960629059556,-0.14009435893340108,-1.5641297588910283,0.05436570304685562,-0.05436570304685566,1.6123080529617697,0.15401213183511478,,,
15.3413392000366,3600.9422343,odom,navigating,1,4,,0.68740420410654,-0.13951478324463218,3.0471710754612573,-7.585646499986478,-6.358280007203905,0.773073462226308,0.6458255347919991,2.663679838180542,-3.022577527404129,3.022577527404129,0.06337961600002018,pixhawk_fused,True,0.8,0.2,gyro,-1.0,0.04864128679037094,-0.6393439173698425,0.05,-0.6100763742412796,0.04670346500006417,2,0.889131687958322,0.14312096417480963,0.23852963969158447,0.7469541185587664,-0.13911778381495069,-1.5641297588910283,0.05955123776895527,-0.05955123776895523,1.6718844728273003,0.15501600016173098,,,
15.34179590002168,3601.061780826,odom,navigating,1,4,,0.68224058831038,-0.1381852713495354,2.9860389554327766,-7.581292953857209,-6.355201506583492,0.7119413421978273,0.572762626568916,2.7226428985595703,-3.080751761853992,3.080751761853992,0.0059183690000281786,pixhawk_fused,True,0.8,0.2,gyro,-1.0,0.0489579476416111,-0.6435061097145081,0.05,-0.5915207562052051,0.0161079989998143,2,0.8877677822665961,0.14175705848308373,0.2362565140520498,0.7469450260562082,-0.13775390843122987,-1.5641297588910283,0.06470587560624642,-0.06470587560624647,1.7330165928557815,0.15582655090756345,,,
15.342033100081608,3601.162179116,odom,navigating,1,4,,0.6781178328164992,-0.136825523692711,2.917556580878518,-7.577589511663384,-6.352936436502994,0.6434589676435687,0.5132800813028241,2.792396068572998,3.131720337782698,-3.131720337782698,0.06240784499959773,pixhawk_fused,True,0.8,0.2,gyro,-1.0,0.04147796705365181,-0.545188844203949,0.05,-0.6050156453366587,0.011811534000116808,2,0.8863805803995115,0.14036985661599907,0.23394456231637648,0.7469357782492655,-0.13636673738982588,-1.5641297588910283,0.06881947470345089,-0.0688194747034509,1.8014989674100397,0.1563323918605964,,,
15.683456000057049,3601.284507572,odom,navigating,1,4,,0.6729968204926973,-0.13474548815503196,2.8661676439865738,-7.572691086021719,-6.350375823042977,0.5920700307516245,0.43753925513159386,2.837994337081909,3.0863614451034835,-3.0863614451034835,0.03168667899990396,pixhawk_fused,True,0.8,0.2,gyro,-1.0,0.05138542875647545,-0.6754130721092224,0.05,-0.6091117659011442,0.0361376589999054,2,0.8842664517597882,0.1382557279762758,0.23042109288195514,0.7469216843715278,-0.13425265572917308,-1.5641297588910283,0.07392650663533079,-0.07392650663533078,1.8528879043019844,0.15677938225912735,,,
15.68366199999582,3601.403729588,odom,navigating,1,4,,0.6680474540426471,-0.13228357270459218,2.7566903063196895,-7.567612406368396,-6.348193102510954,0.4825926930847402,0.3617870191365003,2.956944465637207,2.968528056476908,-2.968528056476908,0.04451018700001441,pixhawk_fused,True,0.8,0.2,gyro,-1.0,0.051467664539813995,-0.6764940023422241,0.05,-0.6375105841962876,0.007983335000062652,2,0.8817715959736385,0.13576087219012606,0.2262630923040251,0.7469050523692161,-0.13175785538241505,-1.5641297588910283,0.07885935069817236,-0.07885935069817235,1.9623652419688682,0.15700258472509643,,,
15.683802400017157,3601.503811552,odom,navigating,1,4,,0.6638794158002563,-0.12982914261433903,2.6918212571608606,-7.563044751413098,-6.346601468737968,0.4177236439259113,0.29550664274952604,3.021007776260376,2.904009398434954,-2.904009398434954,0.029252462000386004,pixhawk_fused,True,0.8,0.2,gyro,-1.0,0.04879666864871979,-0.6413862705230713,0.05,-0.6238527917518311,0.007614362999902369,2,0.8792894341203088,0.1332787103367964,0.2221262478106652,0.7468885049912427,-0.1292757486863991,-1.5641297588910283,0.08301093381691722,-0.08301093381691717,2.027234291127697,0.1570160175338691,,,
16.02270500001032,3601.604115862,odom,navigating,1,4,,0.6602032632776269,-0.12733371297569013,2.6797454384577857,-7.55876394738498,-6.3454115177625345,0.4056478252228364,0.23463169759144412,3.021007776260376,2.904009398434954,-2.904009398434954,0.12947029300039503,pixhawk_fused,True,0.8,0.2,gyro,-1.0,0.04888450354337692,-0.6425407528877258,0.05,-0.6244323958244903,0.008210847999635007,2,0.8767695527949163,0.1307588290114039,0.21792653892750485,0.74687170615571,-0.1267559233565029,-1.5641297588910283,0.08667036882208122,-0.08667036882208126,2.0393101098307724,0.15687454923023417,,,
16.023085799999535,3601.725227312,odom,navigating,1,4,,0.6556209216506038,-0.12373281363704652,2.5698959515502735,-7.5530539211933645,-6.34424535665666,0.2957983383153242,0.1547748166207993,3.141124725341797,2.78674750253995,-2.78674750253995,0.05264285000021118,pixhawk_fused,True,0.8,0.2,gyro,-1.0,0.04909808933734894,-0.6453481316566467,0.05,-0.6426790091634027,0.0286079970001083,2,0.8731381852082534,0.127127461424741,0.21187439410701278,0.7468474975764281,-0.12312463646420765,-1.5641297588910283,0.0912286031605425,-0.09122860316054245,2.1491595967382846,0.15647379807150702,,,
16.023315600003116,3601.844196667,odom,navigating,1,4,,0.6514866062865858,-0.11992176357319173,2.504110616793893,-7.547473366791849,-6.3435568229319275,0.23001300355894383,0.0777255720375174,-3.078721761703491,2.7237497636421497,-2.7237497636421497,0.0708183899996584,pixhawk_fused,True,0.8,0.2,gyro,-1.0,0.048667922616004944,-0.6396940350532532,0.05,-0.6318784046239342,0.048098632999881374,2,0.8692996583416212,0.12328893455810871,0.2054769914922153,0.7468219079659688,-0.11928619489532917,-1.5641297588910283,0.09533742021810346,-0.0953374202181035,2.2149449314946645,0.155850521585001,,,
16.34581560001243,3601.961328476,odom,navigating,1,4,,0.6476526394153292,-0.11579785019052535,2.439321017226142,-7.541848435133656,-6.343299709341695,0.16522340399119262,0.0005695024706485823,-3.017212152481079,2.662015403185683,-2.662015403185683,0.007015248000243446,pixhawk_fused,True,0.8,0.2,gyro,-1.0,0.04907837137579918,-0.6450889706611633,0.05,-0.6224201341917275,0.01156835499978115,2,0.8651502773872541,0.11913955360374175,0.19856151024392393,0.7467942460409757,-0.11513690614635436,-1.5641297588910283,0.09914380974798145,-0.09914380974798148,2.2797345310624157,0.1549958975077818,,,
16.34597880009096,3602.062952233,odom,navigating,1,4,,0.6447400372995749,-0.11218470276033193,2.426777450502644,-7.53720895307219,-6.343414998709557,0.15267983726769474,-0.0630176831919653,-3.017212152481079,2.662015403185683,-2.662015403185683,0.10728448400004709,pixhawk_fused,True,0.8,0.2,gyro,-1.0,0.04656308889389038,-0.6120279431343079,0.05,-0.6323373368719762,0.013098463999995147,2,0.8615177933305934,0.11550706954708101,0.19250750468145153,0.7467700300187258,-0.1115045028088709,-1.5641297588910283,0.10203226002713042,-0.10203226002713046,2.292278097785914,0.15411834803681934,,,
16.346102999988943,3602.164765708,odom,navigating,1,4,,0.6419856599348193,-0.10827783413003111,2.3050922360502395,-7.532447776677979,-6.343840928874159,0.030994622815290196,-0.12852366068463383,-2.8817434310913086,2.526518514786559,-2.526518514786559,0.05145197399997414,pixhawk_fused,True,0.8,0.2,gyro,-1.0,0.05134185031056404,-0.6748402714729309,0.05,-0.6328233511636199,0.013586767000106192,2,0.857592649408979,0.11158192562546648,0.18596574351628245,0.7467438629740651,-0.10757944610976947,-1.5641297588910283,0.10476053097344777,-0.10476053097344776,2.4139633122383186,0.15305324229210515,,,
16.663069700007327,3602.265494026,odom,navigating,1,4,,0.6394598271990863,-0.10414178164838483,2.2523869074016187,-7.52765960793177,-6.34458939477028,-0.021710705833330568,-0.1949337346785216,-2.831209182739258,2.4771949392302806,-2.4771949392302806,0.004907709000235627,pixhawk_fused,True,0.8,0.2,gyro,-1.0,0.049140047281980515,-0.6458996534347534,0.05,-0.6369169704746089,0.014641942999787716,2,0.8534398503258265,0.10742912654231403,0.17904456551327508,0.746716178262053,-0.10342673930796505,-1.5641297588910283,0.10725873451095232,-0.10725873451095236,2.4666686408869394,0.1518072902022017,,,
16.663199400063604,3602.382866458,odom,navigating,1,4,,0.6369250491175302,-0.0992347343524515,2.1373902106267564,-7.522277607441572,-6.34582967046978,-0.13670740260819292,-0.27061350275684437,-2.7069146633148193,2.352478159938651,-2.352478159938651,0.012498534999849653,pixhawk_fused,True,0.8,0.2,gyro,-1.0,0.048987384885549545,-0.6438930630683899,0.05,-0.7008462601942306,0.03186765500004185,1,0.6363838113432226,0.6363838113432226,0.853049146687464,0.6363746634288482,0.0034121965867498563,0.005361878910097319,0.10264840649344478,-0.1026484064934448,-2.132028331716659,0.15018240671541533,,,
16.663294800091535,3602.484271018,odom,navigating,1,4,,0.6349404935565759,-0.09460731638533704,2.123728289512076,-7.5174647338308205,-6.347308759859852,-0.15036932372287337,-0.3396061121494165,-2.7069146633148193,2.352478159938651,-2.352478159938651,0.11294587800011868,pixhawk_fused,True,0.8,0.2,gyro,-1.0,0.053938545286655426,-0.708971381187439,0.05,-0.7082322510782268,0.03768013799981418,1,0.6344240958458518,0.6344240958458518,0.850422219975966,0.6344149761020706,0.003401688879903864,0.005361878910097319,0.09801041414909442,-0.09801041414909441,-2.1183664106019786,0.14851806898884365,,,
17.0018287000712,3602.603858246,odom,navigating,1,4,,0.633065133714535,-0.08914591567249391,2.0567223913864803,-7.512086393320555,-6.3494105033358785,-0.21737522184846902,-0.41873821414133144,-2.6417148113250732,2.28844967034896,-2.28844967034896,0.11626896100005979,pixhawk_fused,True,0.8,0.2,gyro,-1.0,0.051467664539813995,-0.6764940023422241,0.05,-0.7128362749567608,0.007972483999765245,1,0.6325780461907924,0.6325780461907924,0.8479476581550622,0.6325689529836764,0.003391790632620249,0.005361878910097319,0.09253903653879936,-0.09253903653879933,-2.051360512476383,0.14639141241679174,,,
17.002266900031827,3602.704230535,odom,navigating,1,4,,0.6317183703428316,-0.0839902798407528,1.9381929383599534,-7.507283127157125,-6.351717663185595,-0.33590467487499587,-0.4917591334105664,-2.510995388031006,2.158713927481967,-2.158713927481967,0.030970603999776358,pixhawk_fused,True,0.8,0.2,gyro,-1.0,0.05660594254732132,-0.7440318465232849,0.05,-0.7164633519034731,0.00830836300019655,1,0.6312589459411699,0.6312589459411699,0.8461794526754783,0.6312498716959069,0.0033847178107019133,0.005361878910097319,0.08737625367097109,-0.08737625367097107,-1.9328310594498561,0.1442309960568538,,,
17.00259230006486,3602.821112757,odom,navigating,1,4,,0.6306217312108029,-0.07781458008730224,1.9212382542134518,-7.501863611872623,-6.354875310872041,-0.35285935902149745,-0.5777157328850728,-2.510995388031006,2.158713927481967,-2.158713927481967,0.14893989099982718,pixhawk_fused,True,0.8,0.2,gyro,-1.0,0.0542663149535656,-0.7132796049118042,0.05,-0.7215744036335562,0.0275918190000084,1,0.630195435768748,0.630195435768748,0.8447538563153776,0.6301863768112717,0.0033790154252615104,0.005361878910097319,0.08119476267414669,-0.08119476267414669,-1.9158763753033545,0.14144175629443312,,,
17.322527899988927,3602.922172158,odom,navigating,1,4,,0.6301191231980465,-0.07265634328511628,1.8531735439512247,-7.497604310226606,-6.357827999682287,-0.4209240692837246,-0.6487339560267149,-2.442417621612549,2.0913698984726246,-2.0913698984726246,0.07193415800020375,pixhawk_fused,True,0.8,0.2,gyro,-1.0,0.0542663149535656,-0.7132796049118042,0.05,-0.7278729667330488,0.028430445999674703,1,0.6297204926894978,0.6297204926894978,0.8441172125459133,0.6297114405592513,0.003376468850183653,0.005361878910097319,0.07603390511038997,-0.07603390511038997,-1.8478116650411274,0.13894089597463774,,,
17.32268700003624,3603.043856072,odom,navigating,1,4,,0.6299989274572485,-0.0665074292519488,1.725936052449144,-7.492836728867515,-6.361713068380243,-0.5481615607858052,-0.7330082194801276,-2.304543972015381,1.9536063665493304,-1.9536063665493304,0.08516061800037278,pixhawk_fused,True,0.8,0.2,gyro,-1.0,0.05538729950785637,-0.7280139327049255,0.05,-0.7318953279363614,0.04939552499990896,1,0.6296332682509902,0.6296332682509902,0.8440002913868377,0.629624217374581,0.003376001165547351,0.005361878910097319,0.06988443499494777,-0.06988443499494776,-1.7205741735390467,0.13574809910561275,,,
17.322942500002682,3603.143872277,odom,navigating,1,4,,0.6303012224862833,-0.06131869267259754,1.7119381891659284,-7.489074726994777,-6.365299391216239,-0.5621594240690209,-0.8042247919281507,-2.304543972015381,1.9536063665493304,-1.9536063665493304,0.1849589210000886,pixhawk_fused,True,0.8,0.2,gyro,-1.0,0.05634671822190285,-0.7406245470046997,0.05,-0.7373085182292161,0.04765227300003971,1,0.6299633801785083,0.6299633801785083,0.8444427943120556,0.6299543245567935,0.0033777711772482225,0.005361878910097319,0.06469739386441994,-0.06469739386441994,-1.7065763102558311,0.13286360950473147,,,
17.662214100011624,3603.244529948,odom,navigating,1,4,,0.6309846839579218,-0.05608146932566882,1.632918078468115,-7.485522258973153,-6.3692077922862635,-0.6411795347668343,-0.8765934304254338,-2.225010395050049,1.872967723940211,-1.872967723940211,0.08829368700025952,pixhawk_fused,True,0.8,0.2,gyro,-1.0,0.05394662171602249,-0.7090775370597839,0.05,-0.7446528882957704,0.04874526399999013,1,0.630674913048355,0.630674913048355,0.8453965780140351,0.6306658471984702,0.0033815863120561407,0.005361878910097319,0.059463910421821004,-0.059463910421821004,-1.6275561995580177,0.12976249797453193,,,
17.662407500087284,3603.364751474,odom,navigating,1,4,,0.6321675376102248,-0.050427985583626656,1.5169413283166693,-7.481975280921427,-6.3737662972917315,-0.75715628491828,-0.9557331185985752,-2.0994760990142822,1.7479851047738366,-1.7479851047738366,0.09322000700012723,pixhawk_fused,True,0.8,0.2,gyro,-1.0,0.048891838639974594,-0.6426371932029724,0.05,-0.7471067466656158,0.01377498400006516,1,0.6318880628473234,0.6318880628473234,0.8470227608024214,0.6318789795586064,0.003388091043209686,0.005361878910097319,0.05381685023535542,-0.053816850235355415,-1.511579449406572,0.12617541404097335,,,
17.66251540009398,3603.482107943,odom,navigating,1,4,,0.6337618593284942,-0.04498104156489807,1.4510735080327277,-7.478851945546845,-6.378505056308858,-0.8230241052022216,-1.0335109928195358,-2.036233425140381,1.6850364846332841,-1.6850364846332841,0.10931289500013008,pixhawk_fused,True,0.8,0.2,gyro,-1.0,0.05150631070137024,-0.677001953125,0.05,-0.7547356112174128,0.03512840599978517,1,0.6335115673617909,0.6335115673617909,0.8491990090287657,0.6335024607354591,0.003396796036115063,0.005361878910097319,0.04837853303460191,-0.048378533034601906,-1.4457116291226304,0.12246037177054056,,,
17.98262920009438,3603.584168003,odom,navigating,1,4,,0.635617647851199,-0.04003698267019945,1.387524887918981,-7.4762812671420145,-6.383118003515817,-0.8865727253159683,-1.1058757333669023,-1.9748188257217407,1.6236442591889673,-1.6236442591889673,0.00998452499970881,pixhawk_fused,True,0.8,0.2,gyro,-1.0,0.056713707745075226,-0.7454482913017273,0.05,-0.7639700420506408,0.034696231999987504,1,0.6353938385259306,0.6353938385259306,0.8517221244534252,0.6353847048422552,0.003406888497813701,0.005361878910097319,0.043444495675612815,-0.0434444956756128,-1.3821630090088837,0.1188424146026887,,,
17.982756300014444,3603.684536495,odom,navigating,1,4,,0.6377600049695409,-0.03537358067808355,1.2614622486555724,-7.474109984047279,-6.387768008019588,-1.0126353645793769,-1.1762034816125442,-1.8372408151626587,1.4838886120065027,-1.4838886120065027,0.008867052999903535,pixhawk_fused,True,0.8,0.2,gyro,-1.0,0.05117080360651016,-0.672592043876648,0.05,-0.7764226326228185,0.03188094999995883,1,0.6375611693252137,0.6375611693252137,0.8546273518585906,0.6375520044865086,0.0034185094074343624,0.005361878910097319,0.03879264772355554,-0.038792647723555534,-1.2561003697454751,0.11517888426099364,,,
17.98286009998992,3603.803826377,odom,navigating,1,4,,0.6408396825060475,-0.02985539711105767,1.2444021703531154,-7.47189295120339,-6.393685738072351,-1.029695442881834,-1.2627971665677928,-1.8372408151626587,1.4838886120065027,-1.4838886120065027,0.1282192850003412,pixhawk_fused,True,0.8,0.2,gyro,-1.0,0.05660594254732132,-0.7440318465232849,0.05,-0.7891891765358303,0.007881818999976531,1,0.6406703902821702,0.6406703902821702,0.8587951484569929,0.6406611807489166,0.0034351805938279715,0.005361878910097319,0.03329105625843565,-0.03329105625843565,-1.239040291443018,0.11047569999314918,,,
18.321730500087142,3603.903854526,odom,navigating,1,4,,0.6437999483991865,-0.025421590551891915,1.1749389087919078,-7.470425756748098,-6.398811082469808,-1.0991587044430415,-1.3358486828915703,-1.7677556276321411,1.4152992596371943,-1.4152992596371943,0.045586696000100346,pixhawk_fused,True,0.8,0.2,gyro,-1.0,0.055414143949747086,-0.7283667325973511,0.05,-0.8033423648067795,0.008094183999673987,1,0.6436543870419331,0.6436543870419331,0.8627950866142208,0.6436451346142087,0.003451180346456883,0.005361878910097319,0.028873185945727506,-0.02887318594572751,-1.1695770298818104,0.10635074300545394,,,
18.321871699998155,3604.024582816,odom,navigating,1,4,,0.6477487234849181,-0.02042610193790989,1.0448611520417643,-7.469169468636394,-6.405053635741548,-1.229236461193185,-1.423121277996931,-1.626613974571228,1.2747530678852372,-1.2747530678852372,0.06374199499987299,pixhawk_fused,True,0.8,0.2,gyro,-1.0,0.05153209716081619,-0.6773409247398376,0.05,-0.7844779385573122,0.02838270600022952,1,0.647629890441362,0.647629890441362,0.8681241030380953,0.647620580866419,0.003472496412152381,0.005361878910097319,0.023898941893487145,-0.023898941893487142,-1.039499273131667,0.10124202582289754,,,
18.321969100041315,3604.143899086,odom,navigating,1,4,,0.6518701247184892,-0.016038822187762203,1.0286854500463356,-7.468488712369018,-6.411034500448141,-1.2454121631886137,-1.505610322671995,-1.626613974571228,1.2747530678852372,-1.2747530678852372,0.1833869969996158,pixhawk_fused,True,0.8,0.2,gyro,-1.0,0.0537908636033535,-0.7070302367210388,0.05,-0.819359078381832,0.047718678999899566,1,0.6517747563805035,0.6517747563805035,0.8736801437316126,0.651765387223783,0.0034947205749264504,0.005361878910097319,0.019533823558243367,-0.019533823558243367,-1.0233235711362383,0.09623922181307129,,,
18.660966200055555,3604.261571583,odom,navigating,1,4,,0.6567582355269369,-0.011655228207526402,0.9450019616932144,-7.468306628367394,-6.417597759461434,-1.329095651541735,-1.5955836758131658,-1.5448698997497559,1.1925910579903893,-1.1925910579903893,0.1047434729998713,pixhawk_fused,True,0.8,0.2,gyro,-1.0,0.059258945286273956,-0.778903067111969,0.05,-0.8329938015388081,0.0161234610000065,1,0.6566863011106383,0.6566863011106383,0.8802638892107998,0.6566768613512567,0.003521055556843199,0.005361878910097319,0.015176501924130474,-0.015176501924130474,-0.9396400827831171,0.09060451807992467,,,
18.66128830006346,3604.362662501,odom,navigating,1,4,,0.6613669239765992,-0.008174381586286639,0.8298692247862929,-7.468632366581353,-6.4233640578445055,-1.4442283884486564,-1.6747310810356655,-1.4202200174331665,1.0687222417338662,-1.0687222417338662,0.09294401300030586,pixhawk_fused,True,0.8,0.2,gyro,-1.0,0.05930051580071449,-0.779449462890625,0.05,-0.838172516260081,0.015990038999916578,1,0.661313587099807,0.661313587099807,0.8864665962787367,0.6613040808239375,0.003545866385114947,0.005361878910097319,0.01172041645049268,-0.01172041645049268,-0.8245073458761956,0.08550422869186791,,,
18.661421700031497,3604.484142364,odom,navigating,1,4,,0.6670475487657551,-0.00460515733775585,0.7515143653019676,-7.469583961363708,-6.430005091431355,-1.5225832479329817,-1.7666805994193933,-1.3448857069015503,0.9936764989836984,-0.9936764989836984,0.03229851400010375,pixhawk_fused,True,0.8,0.2,gyro,-1.0,0.05917893350124359,-0.7778513431549072,0.05,-0.8640288393412678,0.0360015870001007,1,0.6670132678874231,0.6670132678874231,0.8941068092219356,0.667003679679564,0.0035764272368877426,0.005361878910097319,0.008181702185289392,-0.008181702185289392,-0.7461524863918703,0.07942001189060191,,,
19.07955560006667,3604.58420616,odom,navigating,1,4,,0.6719578426220764,-0.002066426682355682,0.6771408951986166,-7.470823322068226,-6.43539212439396,-1.5969567180363327,-1.842417491667308,-1.271405816078186,0.9196343323930077,-0.9196343323930077,0.027270234000297933,pixhawk_fused,True,0.8,0.2,gyro,-1.0,0.0567108690738678,-0.7454109787940979,0.05,-0.7676346201808057,0.032869165999727556,1,0.6719371034601986,0.6719371034601986,0.9007070301246641,0.6719274444729995,0.003602828120498657,0.005361878910097319,0.005669336298646808,-0.005669336298646808,-0.6717790162885193,0.0742902591317974,,,
19.07969340006821,3604.684293955,odom,navigating,1,4,,0.6767723056067472,-1.3841169158479438e-05,0.5710082300754937,-7.472371493579517,-6.440391656981251,-1.7030893831594556,-1.914141424707409,-1.1560834646224976,0.8051095578416161,-0.8051095578416161,0.05063082700007726,pixhawk_fused,True,0.8,0.2,gyro,-1.0,0.05412767827510834,-0.711457371711731,0.05,-0.7805856618034568,0.03367323799966471,1,0.6767625028999816,0.6767625028999816,0.9071753010032787,0.676752774548446,0.003628701204013115,0.005361878910097319,0.003642594734881842,-0.003642594734881842,-0.5656463511653964,0.0693439585828271,,,
19.079794400022365,3604.784588818,odom,navigating,1,4,,0.681341710872089,0.0015694221575755507,0.5353136701857069,-7.4741191339971085,-6.444900752257635,-1.7387839430492424,-1.9804027901287486,-1.1281559467315674,0.7768732712014489,-0.7768732712014489,0.09604963700030567,pixhawk_fused,True,0.8,0.2,gyro,-1.0,0.04888206347823143,-0.6425086855888367,0.05,-0.7078830410176098,0.03248747199995705,1,0.6813403317064252,0.6813403317064252,0.9133117125326281,0.6813305375493406,0.0036532468501305126,0.005361878910097319,0.002083854647628529,-0.002083854647628529,-0.5299517912756095,0.06470395707834742,,,
19.07988530001603,3604.901352818,odom,navigating,1,4,,0.6866812574622445,0.003001352200985463,0.4686756242555652,-7.476480278550825,-6.449899369849942,-1.805421988979384,-2.0561550712954566,-1.063591718673706,0.7124491941674523,-0.7124491941674523,0.04219478100003471,pixhawk_fused,True,0.8,0.2,gyro,-1.0,0.051457375288009644,-0.6763587594032288,0.05,-0.7114706597797491,0.007960427999933017,1,0.6866874793401733,0.6866874793401733,0.9204793677194454,0.6866776083187063,0.0036819174708777815,0.005361878910097319,0.0006805750530486455,-0.0006805750530486459,-0.4633137453454679,0.05932714820119874,,,
19.404645000002347,3605.003846125,odom,navigating,1,4,,0.6914785718522773,0.00393030999842936,0.35709293377758566,-7.478874362923929,-6.45415912899345,-1.9170046794573636,-2.1231029923588807,-0.9403350949287415,0.5899810445054345,-0.5899810445054345,0.032214887000009185,pixhawk_fused,True,0.8,0.2,gyro,-1.0,0.05146251618862152,-0.676426351070404,0.05,-0.6273178644149433,0.007975964999786811,1,0.6914897057049433,0.6914897057049433,0.9269165759413522,0.6914797656522488,0.003707666303765409,0.005361878910097319,0.00022264689517706353,0.00022264689517706362,-0.35173105486748835,0.05452147268703958,,,
19.404777400079183,3605.106669295,odom,navigating,1,4,,0.696328154378084,0.004535892331193336,0.3439750359592326,-7.481548893259333,-6.458249614065098,-1.9301225772757167,-2.190066251462638,-0.9403350949287415,0.5899810445054345,-0.5899810445054345,0.13244223299989244,pixhawk_fused,True,0.8,0.2,gyro,-1.0,0.043740950524806976,-0.5749335885047913,0.05,-0.6621361995316449,0.008273364000160655,1,0.6963424655623649,0.6963424655623649,0.9334215224558073,0.6963324557520323,0.0037336860898232295,0.005361878910097319,0.0008022177731208632,0.0008022177731208629,-0.3386131570491353,0.04967473631614045,,,
19.404883100069128,3605.224475065,odom,navigating,1,4,,0.7019998693847866,0.004829085119109955,0.22426738254427514,-7.484993391872959,-6.462765114306364,-2.049830230690674,-2.2679012095828948,-0.8108513355255127,0.4600856390937143,-0.4600856390937143,0.059320272999684676,pixhawk_fused,True,0.8,0.2,gyro,-1.0,0.04393208026885986,-0.5774458646774292,0.0,-1.55,0.029400420999991184,1,0.702015671095775,0.702015671095775,0.9410262462922657,0.7020055797340302,0.003764104985169063,0.005361878910097319,0.0010649954430781588,0.001064995443078159,-0.21890550363417782,0.044007941059433404,,,
19.74669410008937,3605.34381276,odom,navigating,1,4,,0.7078193018244084,0.0046728969122467046,0.1608022585796105,-7.488876173083458,-6.467102648023429,-2.113295354655339,-2.347666631431211,-0.7525577545166016,0.40059797689755494,-0.40059797689755494,0.06515680999973483,pixhawk_fused,True,0.8,0.2,gyro,-1.0,0.056442245841026306,-0.7418801784515381,0.0,-1.55,0.011009962000116502,1,0.707834182423757,0.707834182423757,0.9488257472142799,0.7078240074218528,0.00379530298885712,0.005361878910097319,0.0008776065388416569,0.0008776065388416569,-0.15544037966951318,0.038186627285348614,,,
19.74682560004294,3605.466884878,odom,navigating,1,4,,0.7147798006779502,0.0038791267046919264,0.09005219899314554,-7.493983217581254,-6.471898136729504,-2.1840454142418038,-2.4436672739442185,-0.6847437620162964,0.3359802926524454,-0.3359802926524454,0.008983365000403865,pixhawk_fused,True,0.8,0.2,gyro,-1.0,0.05889327824115753,-0.7740967273712158,0.0,-1.55,0.013804779000111012,1,0.7147903251419117,0.7147903251419117,0.9581502012688752,0.7147800501465809,0.003832600805075501,0.005361878910097319,4.652656842832259e-05,4.6526568428323144e-05,-0.08469032008304822,0.031220433309966024,,,
19.746934800059535,3605.56738057,odom,navigating,1,4,,0.720733384830365,0.0026550260112174207,0.0736872536046973,-7.498767268850041,-6.475647328672479,-2.200410359630252,-2.528254394669359,-0.6847437620162964,0.3359802926524454,-0.3359802926524454,0.10959975700006908,pixhawk_fused,True,0.8,0.2,gyro,-1.0,0.061523329466581345,-0.870871365070343,0.0,-1.55,0.0152716870002223,1,0.7207372602642744,0.7207372602642744,0.9661218495746823,0.720726899782713,0.0038644873982987293,0.005361878910097319,0.0012094787731430807,-0.001209478773143081,-0.06832537469459998,0.025302387183049196,,,
20.082090000039898,3605.68220649,odom,navigating,1,4,,0.7272971704411825,0.0006731044733181979,-0.10725681844806889,-7.50452395978579,-6.4793718157509135,-2.381354431683018,-2.622210352793675,-0.4824637770652771,0.13411724284728105,-0.13411724284728105,0.043451916000321944,pixhawk_fused,True,0.8,0.2,gyro,-1.0,0.06205916032195091,-0.8157092332839966,0.0,-1.55,0.002547398000388057,1,0.7272903247493595,0.7272903247493595,0.9749059920490024,0.7272798700685558,0.0038996239681960095,0.005361878910097319,0.003226565876240495,-0.0032265658762404945,0.11261869735816621,0.018996422488237987,,,
20.08232400007546,3605.782568183,odom,navigating,1,4,,0.7325646181046979,-0.0014261210723572892,-0.1468789957585943,-7.509531727327928,-6.482031706166589,-2.4209766089935436,-2.6999004843377796,-0.45271018147468567,0.10371096566756303,-0.10371096566756303,0.028778066000086255,pixhawk_fused,True,0.8,0.2,gyro,-1.0,0.059060804545879364,-0.7762987017631531,0.0,-1.55,0.010849853999843617,1,0.732546440954919,0.732546440954919,0.981951622946776,0.7325359107182948,0.003927806491787104,0.005361878910097319,0.005354004527093641,-0.00535400452709364,0.15224087466869163,0.014489730037667788,,,
20.08249760000035,3605.902117872,odom,navigating,1,4,,0.7384851433503417,-0.004385371606788369,-0.2834964613867452,-7.515617816457569,-6.484633494400843,-2.5575940746216945,-2.7906139280567865,-0.30435681343078613,-0.044029967214269106,0.044029967214269106,0.03437229499968453,pixhawk_fused,True,0.8,0.2,gyro,-1.0,0.05685613304376602,-0.7473203539848328,0.0,-1.55,0.030565113000193378,2,0.7543458111238646,0.008335087340352194,0.013891503537271643,0.7460555660141491,-0.004334902122362986,-1.5641297588910283,0.007570590893553027,-0.00757059089355298,-1.2806332975042831,0.011259996778367512,,,
20.42148320004344,3606.021379142,odom,navigating,1,4,,0.7443130816558123,-0.008004366768831206,-0.36051105844120634,-7.52214722065649,-6.4867379828618175,-2.6346086716761556,-2.8846310128704493,-0.2305341362953186,-0.11690996458689637,0.11690996458689637,0.0460524240002087,pixhawk_fused,True,0.8,0.2,gyro,-1.0,0.05915527045726776,-0.7775403261184692,0.0,-1.55,0.02323568800011344,2,0.7580035779251404,0.011992854141627938,0.019987646071068985,0.7460799505842842,-0.00799258764264139,-1.5641297588910283,0.0017669081917895994,-0.001766908191789648,-1.203618700449822,0.012122314755053005,,,
20.421613699989393,3606.121711299,odom,navigating,1,4,,0.7487409653265158,-0.011312758010561752,-0.4489446621990769,-7.527534253619094,-6.4879755135763695,-2.723042275434026,-2.9617412880317158,-0.14011161029338837,-0.2080953267471022,0.2080953267471022,0.029066113999761,pixhawk_fused,True,0.8,0.2,gyro,-1.0,0.056870415806770325,-0.7475080490112305,0.0,-1.55,0.031307760999879974,2,0.7613414142180266,0.01533069043451414,0.025550582939766885,0.7461022023317591,-0.01133034976386013,-1.5641297588910283,0.0026388216332828675,0.00263882163328286,-1.1151850966919514,0.015556138621495534,,,
20.421714000054635,3606.241405225,odom,navigating,1,4,,0.7530126947371791,-0.015122455631670306,-0.520062941253963,-7.533202647538981,-6.488769729221642,-2.7941605544889123,-3.079394187027398,-0.07872369885444641,-0.267954203273458,0.267954203273458,0.06957545600016601,pixhawk_fused,True,0.8,0.2,gyro,-1.0,0.04373439401388168,-1.0482512712478638,0.0,-1.55,0.022577186000035,2,0.7651795047452532,0.019168780961740833,0.031947258338381905,0.7461277890333535,-0.01516835500302914,-1.5641297588910283,0.0068850587000301965,0.006885058700030201,-1.0440668176370653,0.020367773488087975,,,
20.76463870005682,3606.362440171,odom,navigating,1,4,,0.7552345876500068,-0.017701745848742845,-0.6258187372198405,-7.536606886373354,-6.488796264076149,-2.89991635045479,3.0530953188531975,0.01764082908630371,-0.36297272881428666,0.36297272881428666,0.012359334999928251,pixhawk_fused,True,0.8,0.2,gyro,-1.0,0.017932072281837463,-1.3131868839263916,0.0,-1.55,0.015385906000119576,2,0.7677735499369365,0.021762826153424012,0.03627057091864177,0.7461450822836746,-0.01776234255118506,-1.5641297588910283,0.009089707353096109,0.009089707353096143,-0.9383110216711879,0.023584812527325423,,,
20.76516100007575,3606.465923934,odom,navigating,1,4,,0.7561980826728016,-0.019246885170038808,-0.6519662772596604,-7.5384085114949455,-6.488531830526053,-2.9260638904946097,2.9144768622184745,0.01764082908630371,-0.36297272881428666,0.36297272881428666,0.11508935699976064,pixhawk_fused,True,0.8,0.2,gyro,-1.0,0.02561214752495289,-1.346590280532837,0.0,-1.55,0.011644871000044077,2,0.7693250780803642,0.023314354296851837,0.03885639369559823,0.7461554255747824,-0.019313836217358937,-1.5641297588910283,0.010042880265697334,0.010042880265697373,-0.912163481631368,0.02538540053476146,,,
20.765379899996333,3606.583798332,odom,navigating,1,4,,0.7570267109728168,-0.02120030134290457,-0.8888220093457626,-7.540434310387379,-6.487900483987761,3.1202656845988743,2.7488045790051805,0.2710740864276886,-0.6162475092069335,0.6162475092069335,0.11006790999999794,pixhawk_fused,True,0.8,0.2,gyro,-1.0,0.028173362836241722,-1.4475845098495483,0.0,-1.512460099700433,0.010845557999800803,2,0.7712839749113397,0.025273251127827343,0.042121149197907895,0.7461684845967916,-0.021272689518744736,-1.5641297588910283,0.010858467667263665,0.010858467667263675,-0.6753077495452657,0.027507154390289754,,,
21.08830470009707,3606.684276819,odom,navigating,1,4,,0.7574429637309311,-0.022772796776379056,-1.0887681882016178,-7.541902877335146,-6.487200970323232,2.920319505743019,2.6114983197547743,0.48417437076568604,-0.8310057527677245,0.8310057527677245,0.026670860000194807,pixhawk_fused,True,0.8,0.2,gyro,-1.0,0.012800974771380424,-1.3124028444290161,0.0,-1.0716224888673496,0.008359046999885322,2,0.7728592103583585,0.026848486574846037,0.04474648326949679,0.746178985933078,-0.02284788996169807,-1.5641297588910283,0.011264228105689715,0.011264228105689698,-0.47536157068941054,0.02911570136844891,,,
21.088467700057663,3606.801475843,odom,navigating,1,4,,0.7576575772481029,-0.02443289526371145,-1.2512444613767526,-7.543307852131593,-6.486291007812606,2.7578432325678843,2.4869026952560427,0.6528952717781067,-1.0025798127309509,1.0025798127309509,0.03463306499997998,pixhawk_fused,True,0.8,0.2,gyro,-1.0,0.0,-1.0141831636428833,0.0,-1.0240479702020475,0.025003605999700085,2,0.7745207026808306,0.028509978897318204,0.0475155756055822,0.7461900623024224,-0.024509345363349318,-1.5641297588910283,0.011467769776514583,0.011467769776514609,-0.31288529751427574,0.030729930692610933,,,
21.088575900066644,3606.904175718,odom,navigating,1,4,,0.7576958593560664,-0.025975588956594964,-1.326904179520083,-7.544509240544315,-6.485322485623066,2.682183514424554,2.4241661683838815,0.7278223633766174,-1.081364649976892,1.081364649976892,0.026307222000014008,pixhawk_fused,True,0.8,0.2,gyro,-1.0,0.010339554399251938,-0.54361492395401,0.0,-0.6846389255157763,0.030300101000193536,2,0.7760636173011566,0.030052893517644206,0.05008704282971103,0.7462003481713189,-0.026052225697826614,-1.5641297588910283,0.011495766637713335,0.011495766637713355,-0.23722557937094524,0.032176529635304436,,,
21.421222900040448,3607.025787427,odom,navigating,1,4,,0.7576687898791574,-0.02637163702777079,-1.3410404051077602,-7.544793803984038,-6.485045699640699,2.6680472888368763,2.3512062554342386,0.7278223633766174,-1.081364649976892,1.081364649976892,0.14810887000021467,pixhawk_fused,True,0.8,0.2,gyro,-1.0,0.00768338842317462,-0.4376719892024994,0.0,-0.5091709148850145,0.01174661000004562,2,0.7764594761123883,0.030448752328875898,0.050746792854148425,0.7462029871714166,-0.026448075712489052,-1.5641297588910283,0.011466057500525508,0.011466057500525562,-0.2230893537832681,0.032536087548913815,,,
21.42137450003065,3607.143819931,odom,navigating,1,4,,0.7575871358920038,-0.02715887244057902,-1.4336329063212006,-7.545341428481383,-6.484474285273794,2.5754547876234364,2.3051857650258896,0.8358377814292908,-1.1851303895966239,1.1851303895966239,0.04485436100003426,pixhawk_fused,True,0.8,0.2,gyro,-1.0,0.005168998148292303,-0.47550949454307556,0.0,-0.3095999544577992,0.029674524999791174,2,0.7772461496838415,0.03123542590032909,0.05205788633815004,0.7462082315453527,-0.027234731802890023,-1.5641297588910283,0.011379157208382612,0.011379157208382668,-0.1304968525698278,0.03324360163923333,,,
21.42148730007466,3607.245185543,odom,navigating,1,4,,0.7575205116892048,-0.0276490437246929,-1.4393800455210002,-7.54567219916775,-6.484106457290616,2.5697076484236367,2.2755607893465637,0.8358377814292908,-1.1851303895966239,1.1851303895966239,0.14681077299974277,pixhawk_fused,True,0.8,0.2,gyro,-1.0,-0.0024126602802425623,-0.2854093015193939,0.0,-0.29166978395987364,0.002861575999759225,2,0.7777358659241412,0.031725142140628784,0.0528740619349489,0.7462114962477397,-0.027724437160969343,-1.5641297588910283,0.011309266750126976,0.011309266750126933,-0.12474971337002816,0.03368061992108558,,,
21.76157840003725,3607.36209226,odom,navigating,1,4,,0.7574148184096519,-0.028235325738791783,-1.5086014923460445,-7.546051007090725,-6.483646672311642,2.5004862015985925,2.2497505932178785,0.9172585606575012,-1.2648273094848819,1.2648273094848819,0.004345870999713952,pixhawk_fused,True,0.8,0.2,gyro,-1.0,0.00771513395011425,-0.10140817612409592,0.0,-0.25,0.022846013000162202,2,0.7783214303039792,0.03231070652046678,0.0538499808811655,0.7462153999235247,-0.028309988528699297,-1.5641297588910283,0.011199667359328286,0.011199667359328331,-0.055528266544983884,0.034196700203547994,,,
21.761728100012988,3607.462758964,odom,navigating,1,4,,0.757244383010184,-0.029107440418122632,-1.510975402747861,-7.546605951547934,-6.482952648617012,2.498112291196776,2.237581692924179,0.9172585606575012,-1.2648273094848819,1.2648273094848819,0.10501742599990394,pixhawk_fused,True,0.8,0.2,gyro,-1.0,0.010332807898521423,-0.13581503927707672,0.0,-0.25,0.0314805900002284,2,0.7791923893928823,0.033181665609369804,0.05530154710600172,0.746221206188424,-0.029180928263601028,-1.5641297588910283,0.011023421778523234,0.011023421778523253,-0.053154356143167325,0.03496482175443278,,,
21.761840000050142,3607.581765628,odom,navigating,1,4,,0.7571445995646897,-0.029590338999937627,-1.5226828984809462,-7.546909729882301,-6.482564233246714,2.4864047954636908,2.22407006361403,0.9284899234771729,-1.276098185236854,1.276098185236854,0.10992787599980147,pixhawk_fused,True,0.8,0.2,gyro,-1.0,0.0,-0.06761220842599869,0.0,-0.25,0.02335805500024435,2,0.7796746120357876,0.033663888252275176,0.05610523365134143,0.7462244209346054,-0.02966314019080486,-1.5641297588910283,0.010920421298024265,0.010920421298024294,-0.041446860410082165,0.03539086002893986,,,
22.08323540003039,3607.701752508,odom,navigating,1,4,,0.757154920923306,-0.029543797707552444,-1.5408625515124825,-7.546880907540335,-6.48260220553851,2.4682251424321544,2.200357894114667,0.9512985348701477,-1.2929401562170215,1.2929401562170215,0.0383001760001207,pixhawk_fused,True,0.8,0.2,gyro,-1.0,0.0,-0.3371509909629822,0.0,0.0,0.017815696000070602,2,0.7796281405851473,0.03361741680163486,0.05602778295471505,0.7462241111318189,-0.029616669772829025,-1.5641297588910283,0.010931052695672544,0.010931052695672546,-0.023267207378545818,0.03534994519727594,,,
22.08374230004847,3607.803913117,odom,navigating,1,4,,0.7570597352115664,-0.029927424601818242,-1.5603840058911667,-7.547111943773551,-6.482281499796957,2.4487036880534703,2.1908745225369612,0.97265625,-1.3148900580809542,1.3148900580809542,0.03221499700021013,pixhawk_fused,True,0.8,0.2,gyro,-1.0,0.0025724826846271753,-0.033812861889600754,0.0,0.0,0.007198613999662484,2,0.7800111243973447,0.03400040061383225,0.05666607512426452,0.746226664300497,-0.02999964507455871,-1.5641297588910283,0.010833311643303804,0.010833311643303749,-0.0037457529998616845,0.03568456085006546,,,
22.084001500043087,3607.903994946,odom,navigating,1,4,,0.7570841631952883,-0.02983173214022211,-1.5601206509114611,-7.547054756587111,-6.482362019355464,2.4489670430331762,2.192224945540013,0.97265625,-1.3148900580809542,1.3148900580809542,0.13219251400005305,pixhawk_fused,True,0.8,0.2,gyro,-1.0,0.0,0.0,0.0,0.0,0.044527721000122256,2,0.7799155969117828,0.03390487312827035,0.05650686618626512,0.7462260274647451,-0.02990411971175907,-1.5641297588910283,0.010858377019767334,0.010858377019767367,-0.004009107979567217,0.03560119061699371,,,
22.421990300063044,,mission_status,reached,1,4,reached waypoint 1/4,0.7570841631952883,-0.02983173214022211,-1.5601206509114611,,,,,,,,,,,,,,,,,,,,,,,,,,,,,,,,,
22.422116100089625,,mission_status,navigating,2,4,going to waypoint 2/4,0.7570841631952883,-0.02983173214022211,-1.5601206509114611,,,,,,,,,,,,,,,,,,,,,,,,,,,,,,,,,
22.42224330001045,3608.004134588,odom,navigating,2,4,,0.757072446082689,-0.02987945695873595,-1.5621681889241374,-7.547083578929077,-6.482322217073702,2.4469195050204995,2.191553549530629,0.9734517335891724,-1.3172710840807387,1.3172710840807387,0.04542543899970042,pixhawk_fused,True,0.8,0.2,gyro,-1.0,0.0025604499969631433,-0.03365470468997955,0.28,-0.11910830852615356,0.006290487999649486,2,0.7799632425574322,0.03395251877391983,0.05658627383108619,0.7462263450953244,-0.029951764298651717,-1.5641297588910283,0.010846342009153,0.010846342009153033,-0.001961569966890897,0.5661647187408698,,,
22.422410500003025,3608.121595828,odom,navigating,2,4,,0.7569173851678976,-0.030501601831643854,-1.5598070293453699,-7.547457811877138,-6.481801584928356,2.449280664599267,2.200335022379692,0.9735767841339111,-1.3164672749001156,1.3164672749001156,0.013861203000033129,pixhawk_fused,True,0.8,0.2,gyro,-1.0,0.012925094924867153,0.1698881983757019,0.28,-0.11775239714085187,0.02657330700003513,2,0.7805843398888986,0.03457361610538622,0.05762141304735874,0.7462304856521894,-0.030572847828415243,-1.5641297588910283,0.010687136999725448,0.010687136999725429,-0.004322729545658488,0.5655407045903396,,,
22.42252250004094,3608.241626669,odom,navigating,2,4,,0.756298373173885,-0.03324346507083237,-1.552262558271118,-7.549148722605782,-6.479556187239995,2.456825135673519,2.2388481399285274,0.9735767841339111,-1.3164672749001156,1.3164672749001156,0.13345537000031982,pixhawk_fused,True,0.8,0.2,gyro,-1.0,0.03841821849346161,0.5049713253974915,0.28,-0.12453851176081512,0.04639424800006964,2,0.7833220155448996,0.03731129176138714,0.06218410441534532,0.7462487364176614,-0.03331046264920719,-1.5641297588910283,0.010049860079003525,0.010049860079003575,-0.011867200619910312,0.5627917795331778,,,
22.74614770000335,3608.343966403,odom,navigating,2,4,,0.7551187766670453,-0.04000927183698033,-1.537220765074368,-7.553546188494236,-6.4742807836653204,2.471866928870269,2.2922234755689246,0.9645939469337463,-1.310831023905016,1.310831023905016,0.08561149300021498,pixhawk_fused,True,0.8,0.2,gyro,-1.0,0.10245878994464874,0.4713534712791443,0.28,-0.16306192634557154,0.04651400400007333,2,0.7900798081628345,0.0440690843793221,0.07344684183163076,0.7462937873673265,-0.04006810509897846,-1.5641297588910283,0.00882518540841312,0.008825185408413145,-0.026908993816660454,0.5560142908935092,,,
22.746285200002603,3608.465909937,odom,navigating,2,4,,0.7531451739744506,-0.05597914365000556,-1.4598137581574173,-7.564450183707036,-6.46244715354976,2.5492739357872196,2.339571481098833,0.8782559633255005,-1.2260428388151896,1.2260428388151896,0.09210617999997339,pixhawk_fused,True,0.8,0.2,gyro,-1.0,0.16467659175395966,0.3382588028907776,0.28,-0.515714163413682,0.015754303999983676,2,0.8060361680427405,0.06002544425922802,0.10004018400821392,0.7464001607360329,-0.05602411040492834,-1.5641297588910283,0.006745163125935374,0.006745163125935402,-0.10431600073361103,0.5400300152883272,,,
22.74638850009069,3608.566107725,odom,navigating,2,4,,0.7515409536404276,-0.07368481962001067,-1.4281389231001995,-7.576916990350855,-6.449772643044792,2.5809487708444374,2.35041288092111,0.8437066674232483,-1.189277813139893,1.189277813139893,0.08442268899989358,pixhawk_fused,True,0.8,0.2,gyro,-1.0,0.19555756449699402,-0.0676427111029625,0.28,-0.6204513957518529,0.015660158000173396,2,0.8237307560018219,0.07772003221830948,0.1295305086067511,0.746518122034427,-0.07371830516405066,-1.5641297588910283,0.005022943223240544,0.005022943223240566,-0.13599083579082882,0.5223174534643684,,,
23.064886100008152,3608.682131427,odom,navigating,2,4,,0.749153469397282,-0.09791560616337308,-1.4505004987099408,-7.59385400498428,-6.432280683954158,2.5585871952346966,2.3199714770954563,0.8534399271011353,-1.2096714320812,1.2096714320812,0.010529473000133294,pixhawk_fused,True,0.8,0.2,gyro,-1.0,0.21713069081306458,-0.33975934982299805,0.28,-0.5575045296878448,0.03546143199992002,2,0.8479450878932778,0.10193436410976538,0.16988683162863033,0.7466795473265145,-0.0979320989771782,-1.5641297588910283,0.0024739770462026502,0.0024739770462026685,-0.11362926018108754,0.49808511320622845,,,
23.06515640008729,3608.782332993,odom,navigating,2,4,,0.7461435761963585,-0.12040080521747387,-1.457093679441794,-7.609057104124858,-6.415442946276392,2.551994014502843,2.286196243775442,0.8534399271011353,-1.2096714320812,1.2096714320812,0.11047806400029003,pixhawk_fused,True,0.8,0.2,gyro,-1.0,0.2383245974779129,-0.2723959684371948,0.28,-0.3186236413529258,0.03670295699976123,2,0.870409721784166,0.1243989980006536,0.20732705611769967,0.7468293082244708,-0.12039623367061979,-1.5641297588910283,0.0006857472664324856,-0.0006857472664324811,-0.10703607944923443,0.47561482954418116,,,
23.065277000074275,3608.88497433,odom,navigating,2,4,,0.7422213815541405,-0.14449395225163408,-1.4899159317352604,-7.624896582276135,-6.396869463115813,2.5191717622093766,2.267244819763574,0.8883951306343079,-1.245852713469006,1.245852713469006,0.033979987999828154,pixhawk_fused,True,0.8,0.2,gyro,-1.0,0.2584499418735504,-0.13588319718837738,0.28,-0.15136366594559728,0.037320700000236684,2,0.8944761860496699,0.14846546226615753,0.24743693857272178,0.7469897477542908,-0.14446216314363305,-1.5641297588910283,0.004768472162666298,-0.004768472162666348,-0.07421382715576796,0.45157304841883106,,,
23.404227600083686,3609.003801608,odom,navigating,2,4,,0.7368929380347063,-0.17477011435229733,-1.5151329511385665,-7.644542439556829,-6.373224620261777,2.493954742806071,2.2666039363056028,0.9155256748199463,-1.2770485856417193,1.2770485856417193,0.045521269000346365,pixhawk_fused,True,0.8,0.2,gyro,-1.0,0.271976113319397,0.06745030730962753,0.28,0.10158804182116243,0.006580647999726352,2,0.9247161532017334,0.17870542941822098,0.2978357638647094,0.7471913430554589,-0.17470145831882564,-1.5641297588910283,0.010298633871654667,-0.010298633871654635,-0.048996807752461846,0.4214337571150876,,,
23.404422000050545,3609.104643584,odom,navigating,2,4,,0.7325820787850285,-0.20047826535305446,-1.5122123386885065,-7.661362334832425,-6.353310211953564,2.4968753552561305,2.2814812293681355,0.9155256748199463,-1.2770485856417193,1.2770485856417193,0.1460422899999685,pixhawk_fused,True,0.8,0.2,gyro,-1.0,0.26938343048095703,0.23605285584926605,0.28,0.33732231617967534,0.006975268000132928,2,0.9503949945062484,0.20438427072273604,0.34063288166907246,0.7473625315266763,-0.20037972900144346,-1.5641297588910283,0.01478078119250381,-0.014780781192503789,-0.05191742020252188,0.3959050726595704,,,
23.40453780000098,3609.224290748,odom,navigating,2,4,,0.7281317338465154,-0.23186992034176818,-1.4946728814643153,-7.68242689183431,-6.329613671882985,2.5144148124803216,2.3234124548419803,0.9040126800537109,-1.2654890874210372,1.2654890874210372,0.06441128899996329,pixhawk_fused,True,0.8,0.2,gyro,-1.0,0.28415223956108093,0.40744513273239136,0.28,0.3959961091822846,0.02649767899993094,2,0.9817562836189129,0.2357455598354005,0.39290053536633635,0.7475716021414653,-0.2317403212198018,-1.5641297588910283,0.019440300287223284,-0.01944030028722329,-0.06945687742671303,0.36478615102066286,,,
23.747957000043243,3609.324882971,odom,navigating,2,4,,0.7254825424924098,-0.25853179653819114,-1.447480739482975,-7.701048869728989,-6.310349825007708,2.5616069544616624,2.3646645504044033,0.8531088829040527,-1.2168380904826894,1.2168380904826894,0.05614527799980351,pixhawk_fused,True,0.8,0.2,gyro,-1.0,0.2803507447242737,0.4393981695175171,0.28,0.40711650268413996,0.027256288999979006,2,1.0083999064657125,0.26238918268220024,0.43730558667638186,0.7477492223467055,-0.2583833520058291,-1.5641297588910283,0.022267174663905695,-0.02226717466390573,-0.11664901940805339,0.3383576422520663,,,
23.748130000079982,3609.444233661,odom,navigating,2,4,,0.7237299106224695,-0.2906608776670546,-1.407236308234081,-7.7244205865805915,-6.288233938770318,2.6018513857105563,2.410677426973382,0.8136629462242126,-1.178010347220637,1.178010347220637,0.06896665500016752,pixhawk_fused,True,0.8,0.2,gyro,-1.0,0.27659741044044495,0.33663076162338257,0.28,0.2815842937093315,0.046400784000070416,2,1.0405165896859683,0.29450586590245575,0.49083220257633725,0.7479633288103054,-0.2904993215458023,-1.5641297588910283,0.02423395670225661,-0.024233956702256598,-0.15689345065694726,0.3064671225808028,,,
23.74825150007382,3609.568250863,odom,navigating,2,4,,0.7233487376330836,-0.3234757112617005,-1.4001883430620978,-7.749202310701047,-6.266720576729257,2.6088993508825395,2.4463372305952733,0.8136629462242126,-1.178010347220637,1.178010347220637,0.192275392999818,pixhawk_fused,True,0.8,0.2,gyro,-1.0,0.27868300676345825,0.2483406364917755,0.2758929190676929,0.1048101552610092,0.015804431999640656,2,1.0733281529896017,0.32731742920608936,0.5455169262131478,0.7481820677048526,-0.3233101557278887,-1.5641297588910283,0.024833881917416846,-0.024833881917416808,-0.16394141582893051,0.27382435563343566,,,
24.06254080007784,3609.68408605,odom,navigating,2,4,,0.723810770165688,-0.35411796269293655,-1.3369380441118217,-7.772872315917117,-6.247255430957712,2.6721496498328157,2.462618365811462,0.736130952835083,-1.1032090374860541,1.1032090374860541,0.009001566999813804,pixhawk_fused,True,0.8,0.2,gyro,-1.0,0.2480372190475464,0.06792119145393372,0.24587063332429376,0.022714230795800733,0.035722982000152115,2,1.1039728036530514,0.3579620798695389,0.5965902090363336,0.7483863608361453,-0.35395412542180016,-1.5641297588910283,0.024576136788626544,-0.02457613678862659,-0.22719171477920663,0.24329569608016094,,,
24.06286890001502,3609.784575071,odom,navigating,2,4,,0.7243811388025627,-0.3766978030161058,-1.3374661985921126,-7.790463094465919,-6.233087191142944,2.6716214953525244,2.459932809475138,0.736130952835083,-1.1032090374860541,1.1032090374860541,0.10941921999983606,pixhawk_fused,True,0.8,0.2,gyro,-1.0,0.21837717294692993,-0.16884489357471466,0.21825882523653886,-0.04285142174785742,0.03392417499981093,2,1.1265559445917992,0.3805452208082868,0.6342279408828322,0.7485369117635313,-0.3765367645296993,-1.5641297588910283,0.024156309749959033,-0.02415630974995904,-0.22666356029891577,0.2207935226654448,,,
24.063102700049058,3609.884633214,odom,navigating,2,4,,0.724758956213261,-0.39710877566277963,-1.3362121611640099,-7.806275122767705,-6.220174781942388,2.672875532780627,2.451136022528074,0.7338278293609619,-1.0994975246261434,1.0994975246261434,0.02651862299990171,pixhawk_fused,True,0.8,0.2,gyro,-1.0,0.20697829127311707,-0.06801341474056244,0.20607395448774884,0.033682152946398196,0.031335184999988996,2,1.1469689824031888,0.4009582586196763,0.6682489145552443,0.748672995658221,-0.3969493487331465,-1.5641297588910283,0.023914570862154164,-0.023914570862154153,-0.22791759772701847,0.2004864818629989,,,
24.38495720003266,3609.984919443,odom,navigating,2,4,,0.7249404353417326,-0.41650936541423933,-1.3528201381135476,-7.821189540991136,-6.207766077479992,2.6562675558310893,2.445055476569322,0.7522810697555542,-1.1186796355541424,1.1186796355541424,0.025161157000184176,pixhawk_fused,True,0.8,0.2,gyro,-1.0,0.19901645183563232,-0.03397257253527641,0.18347508540524154,0.08510297249573949,0.03412200299999313,2,1.1663703508787737,0.4203596270952612,0.7005838101359677,0.7488023352405438,-0.4163502860815806,-1.5641297588910283,0.023862430157361766,-0.023862430157361787,-0.21130962077748072,0.1812315361212307,,,
24.38512900006026,3610.101340337,odom,navigating,2,4,,0.7250615368249038,-0.4375195118975106,-1.353084174302543,-7.837292537697527,-6.194270358977752,2.656003519642094,2.443712659145938,0.7522810697555542,-1.1186796355541424,1.1186796355541424,0.14254217400002744,pixhawk_fused,True,0.8,0.2,gyro,-1.0,0.17925825715065002,0.0,0.15290970408136595,0.13137304025506308,0.006649591000041255,2,1.187380837810744,0.4413701140272317,0.7356005102156737,0.7489424020408627,-0.43736030612940424,-1.5641297588910283,0.0238813958959562,-0.023881395895956184,-0.21104558458848532,0.16043064562214698,,,
24.385230500018224,3610.204986037,odom,navigating,2,4,,0.7251718298226411,-0.4528620274908915,-1.3540830272252489,-7.849065778144207,-6.184431875422694,2.655004666719388,2.446421140610796,0.7547655701637268,-1.1205861137877777,1.1205861137877777,0.0479500219998954,pixhawk_fused,True,0.8,0.2,gyro,-1.0,0.1453419327735901,4.6534143621101975e-05,0.14386117223911374,0.11705590698775915,0.007647990999885224,2,1.2027237477410109,0.4567130239574984,0.7611714585291361,0.7490446858341165,-0.45270287511748164,-1.5641297588910283,0.02387338651349245,-0.023873386513492453,-0.21004673166577947,0.14527531520659037,,,
24.724238299997523,3610.32504556,odom,navigating,2,4,,0.7253450208206728,-0.4689825739636093,-1.349730124743953,-7.8614731101141295,-6.174138181863578,2.6593575692006843,2.4512123865590314,0.7507203817367554,-1.1163405705518648,1.1163405705518648,0.04924552600004972,pixhawk_fused,True,0.8,0.2,gyro,-1.0,0.1292216032743454,0.06789723038673401,0.12787178603499816,0.0960513341640632,0.026915519000340282,2,1.2188450905722996,0.47283436678878726,0.7880397661810815,0.7491521590647243,-0.46882385970864887,-1.5641297588910283,0.02380766728568992,-0.023807667285689928,-0.2143996341470753,0.12938815446262084,,,
24.724421699997038,3610.441233626,odom,navigating,2,4,,0.7255115856565618,-0.4821539739965689,-1.3503964354056048,-7.8716268094408415,-6.1657467628741855,2.6586912585390317,2.4478249365988596,0.7507203817367554,-1.1163405705518648,1.1163405705518648,0.16673902200000157,pixhawk_fused,True,0.8,0.2,gyro,-1.0,0.09756411612033844,-0.13498827815055847,0.11443319087671501,0.06900246074180152,0.04473341899984007,2,1.232017308324801,0.4860065845412885,0.8099929745915948,0.7492399718983663,-0.48199578475495686,-1.5641297588910283,0.02372891353341782,-0.023728913533417866,-0.2137333234854235,0.11644998958278105,,,
24.72454419999849,3610.5438845,odom,navigating,2,4,,0.7256089726396002,-0.49177545288815594,-1.3485436018715067,-7.879028203858593,-6.159598454085698,2.6605440920731303,2.4498390835023423,0.7500244379043579,-1.1145272268257662,1.1145272268257662,0.0896849620003195,pixhawk_fused,True,0.8,0.2,gyro,-1.0,0.09990955144166946,0.10098414868116379,0.1086866569439283,0.06343721659321164,0.04586490900010176,2,1.241639222644999,0.4956284988614866,0.826029142103273,0.7493041165684131,-0.4916174852619638,-1.5641297588910283,0.02369567048171634,-0.023695670481716315,-0.21558615701952166,0.10704054575890748,,,
25.064474000013433,3610.646242177,odom,navigating,2,4,,0.7256930786093526,-0.5004616608419664,-1.3541750356451878,-7.885707667234731,-6.154044892036182,2.654912658299449,2.447115424953093,0.7563390135765076,-1.1208707079771534,1.1208707079771534,0.009792083999855095,pixhawk_fused,True,0.8,0.2,gyro,-1.0,0.08289752155542374,-0.04035593941807747,0.09829753921349924,0.053140772713052065,0.04919949099985388,2,1.2503257982724052,0.5043150744888929,0.8405064464346508,0.7493620257857386,-0.5003038678607904,-1.5641297588910283,0.02366947314714588,-0.023669473147145854,-0.20995472324584052,0.09858194904020999,,,
25.064604700077325,3610.766837611,odom,navigating,2,4,,0.7257622047927705,-0.5103674298485497,-1.3557651438014044,-7.893307615563799,-6.147691166874003,2.6533225501432325,2.4423470777542264,0.75673907995224,-1.1216825594450905,1.1216825594450905,0.084927322999647,pixhawk_fused,True,0.8,0.2,gyro,-1.0,0.08672300726175308,0.0,0.0888375510414799,0.07899143703162832,0.014951861000099598,2,1.260231807989108,0.5142210842055955,0.8570160957521357,0.7494280643830086,-0.5102096574512813,-1.5641297588910283,0.023666385492385637,-0.02366638549238561,-0.2083646150896239,0.08899667289989359,,,
25.064706700039096,3610.884669783,odom,navigating,2,4,,0.72578570860488,-0.5200623547408353,-1.3593235344044832,-7.900717244936398,-6.1414390061549415,2.6497641595401538,2.439638622214749,0.7614585757255554,-1.1254490255374088,1.1254490255374088,0.024721500999930868,pixhawk_fused,True,0.8,0.2,gyro,-1.0,0.08007121831178665,0.03395036235451698,0.08017137745856397,0.13244401800554084,0.03401409799971589,2,1.269926674134398,0.5239159503508857,0.873173846937138,0.7494926953877485,-0.5199043081622827,-1.5641297588910283,0.023707513598943596,-0.023707513598943606,-0.20480622448654517,0.07970481713970944,,,
25.4054257000098,3611.00466377,odom,navigating,2,4,,0.7258163345148942,-0.5289882560629512,-1.3598617451935269,-7.907544937499787,-6.135689635179056,2.6492259487511105,2.44709246601943,0.7620987892150879,-1.1279455131996048,1.1279455131996048,0.03062264799973491,pixhawk_fused,True,0.8,0.2,gyro,-1.0,0.06948830187320709,0.10148423165082932,0.05269096982415622,0.18796501064139903,0.006690792999961559,2,1.2788525812779592,0.5328418574944469,0.8880500282649391,0.7495522001130598,-0.5288300169589634,-1.5641297588910283,0.023736393055984923,-0.023736393055984892,-0.20426801369750147,0.0712420065816516,,,
25.405799200059846,3611.105916956,odom,navigating,2,4,,0.7258813827201016,-0.5348606236688915,-1.3581269659806452,-7.912065927710951,-6.131941358231063,2.6509607279639913,2.455896890505939,0.7620987892150879,-1.1279455131996048,1.1279455131996048,0.13064804999976332,pixhawk_fused,True,0.8,0.2,gyro,-1.0,0.056342773139476776,0.13466738164424896,0.05,0.2156579003471232,0.0068711590001839795,2,1.2847252520362564,0.538714528252744,0.8978375953630264,0.7495913503814521,-0.5347025572178158,-1.5641297588910283,0.02371049454366654,-0.02371049454366657,-0.20600279291038315,0.06572466080286088,,,
25.40590820007492,3611.224424759,odom,navigating,2,4,,0.7260044999025717,-0.540591377931483,-1.3430304656151986,-7.9165164633084215,-6.1283289580380504,2.6660572283294384,2.4680733411001605,0.7458016872406006,-1.11213219788257,1.11213219788257,0.059600725999644055,pixhawk_fused,True,0.8,0.2,gyro,-1.0,0.051685839891433716,0.13585595786571503,0.05,0.25858343283913315,0.026752245999887236,2,1.2904566997159757,0.5444459759324631,0.9073897958937939,0.7496295591835752,-0.5404338775362763,-1.5641297588910283,0.023625584276487695,-0.02362558427648766,-0.22109929327582978,0.060381283726477906,,,
25.756983500090428,3611.344267361,odom,navigating,2,4,,0.726237817147554,-0.5466041822217279,-1.3287003622259865,-7.921253392335581,-6.124618195884362,2.6803873317186504,2.48969505691563,0.7322090864181519,-1.0995927671450745,1.0995927671450745,0.06630162999999811,pixhawk_fused,True,0.8,0.2,gyro,-1.0,0.05890793725848198,0.16832374036312103,0.05,0.32293667513888646,0.04684129099996426,2,1.2964709258065366,0.5504602020230241,0.9174132833030392,0.7496696531332122,-0.5464479699818234,-1.5641297588910283,0.023432356687339072,-0.023432356687339017,-0.2354293966650418,0.05481412361697794,,,
25.75734860007651,3611.464162388,odom,navigating,2,4,,0.7266280453438179,-0.5528402335811048,-1.3079909677737334,-7.926262074872701,-6.120882728866131,2.7010967261709036,2.5213418155213745,0.7146148085594177,-1.0815737835425507,1.0815737835425507,0.009806527999899117,pixhawk_fused,True,0.8,0.2,gyro,-1.0,0.052799440920352936,0.3154412508010864,0.05,0.4339908696630575,0.01571802700027547,2,1.3027094400551122,0.5566987162715998,0.9278105760022837,0.7497112423040091,-0.5526863456013702,-1.5641297588910283,0.023083709914424252,-0.02308370991442429,-0.256138791117295,0.049081704348812365,,,
25.757605400052853,,mission_status,reached,2,4,reached waypoint 2/4,0.7266280453438179,-0.5528402335811048,-1.3079909677737334,,,,,,,,,,,,,,,,,,,,,,,,,,,,,,,,,
25.757663400028832,,mission_status,turning,3,4,aligning for waypoint 3/4,0.7266280453438179,-0.5528402335811048,-1.3079909677737334,,,,,,,,,,,,,,,,,,,,,,,,,,,,,,,preturn,3.0201769059674173,
25.757725900039077,3611.564409932,odom,turning,3,4,,0.7270608599001626,-0.5573318566581031,-1.303543496717455,-7.929967804553984,-6.118307932983877,2.705544197227182,2.5438255924030417,0.7146148085594177,-1.0815737835425507,1.0815737835425507,0.10931949899986648,pixhawk_fused,True,0.8,0.2,gyro,-1.0,0.03595902770757675,-0.20256324112415314,0.0,-1.55,0.008939884000028542,2,1.3072038486878483,0.561193124904336,0.9353010906028135,0.7497412043624112,-0.5571806543616881,-1.5641297588910283,0.022680848464303405,-0.02268084846430345,-0.2605862621735733,0.733003593314907,preturn,3.0201769059674173,-1.9594649044947143
26.081976799992844,3611.665699339,odom,turning,3,4,,0.7274308271339978,-0.5617628031700419,-1.3083802899999508,-7.9335866097118775,-6.115724444649285,2.700707403944686,2.4842781536120224,0.688637375831604,-1.0729634010303388,1.0729634010303388,0.013933053000073414,pixhawk_fused,True,0.8,0.2,gyro,-1.0,0.049024228006601334,-0.6443773508071899,0.0,-1.55,0.032238087999758136,2,1.3116371631310089,0.5656264393474963,0.9426897838167224,0.7497707591352669,-0.5616138702900334,-1.5641297588910283,0.02234042843868661,-0.022340428438686583,-0.2557494688910775,0.7337081138381837,preturn,3.0201769059674173,-1.9546281112122177
26.082118200021796,3611.784322619,odom,turning,3,4,,0.7274991661403265,-0.5678279250946164,-1.3415383175563402,-7.938256744105276,-6.111854015871057,2.667549376388297,2.401155929602369,0.7191940546035767,-1.0939720808971296,1.0939720808971296,0.030430244999934075,pixhawk_fused,True,0.8,0.2,gyro,-1.0,0.05378550663590431,-0.7069598436355591,0.0,-1.55,0.00835614000015994,2,1.31770260586284,0.5716918820793276,0.9527986303979021,0.7498111945215916,-0.5676791782387413,-1.5641297588910283,0.02231252419860901,-0.022312524198609,-0.2225914413346881,0.7342785807075384,preturn,3.0201769059674173,-1.9214700836558283
26.082220799988136,3611.90245282,odom,turning,3,4,,0.7270026837344601,-0.5744259706806435,-1.4710189185182294,-7.942968053272911,-6.107208128844709,2.5380687754264075,2.310480631147884,0.8536568284034729,-1.232876654933728,1.232876654933728,0.032038073999956396,pixhawk_fused,True,0.8,0.2,gyro,-1.0,0.05941961705684662,-0.7810149192810059,0.0,-1.55,0.0038369580001926806,3,1.3714650664446395,0.02544100947593872,0.03349299310478334,0.7247462831989934,-0.59291864463436,3.0201769059674173,0.01862982376016793,-0.01862982376016789,-1.791989482693939,0.7343873235379911,preturn,3.0201769059674173,-1.791989482693939
26.441555100027472,3612.021926134,odom,turning,3,4,,0.7259187725723988,-0.5809007006185164,-1.4888000662519811,-7.947205395039335,-6.10219395633769,2.5202876276926554,2.219156672205026,0.8536568284034729,-1.232876654933728,1.232876654933728,0.1511780269997871,pixhawk_fused,True,0.8,0.2,gyro,-1.0,0.05946439877152443,-0.7816035151481628,0.0,-1.55,0.03043131899994478,3,1.3717567939288036,0.025732736960102837,0.03387705123835801,0.7244567033662781,-0.5928833112860711,3.0201769059674173,0.012071478980376913,-0.012071478980376879,-1.7742083349601874,0.7339585358242084,preturn,3.0201769059674173,-1.7742083349601874
26.441814200021327,3612.141893695,odom,turning,3,4,,0.7242531523807156,-0.5872496642022991,-1.6339028985641368,-7.9509705993945134,-6.096817445817391,2.3751847953805,2.1292137571496648,1.012582778930664,-1.3912854974377526,1.3912854974377526,0.05129300999988118,pixhawk_fused,True,0.8,0.2,gyro,-1.0,0.056580476462841034,-0.7436971068382263,0.0,-1.55,0.024509562000275764,3,1.3726411805186889,0.02661712354998804,0.03504134285127543,0.7235788274901384,-0.5927761964576826,3.0201769059674173,0.005567519450154363,-0.005567519450154356,-1.6291055026480326,0.7329960167301357,preturn,3.0201769059674173,-1.6291055026480326
26.44199680001475,3612.262101231,odom,turning,3,4,,0.7219316437670654,-0.5936485297990983,-1.698260110410338,-7.954349675866853,-6.090908408216966,2.310827583534299,2.035929228911313,1.071009635925293,-1.448640458892621,1.448640458892621,0.09102490800023588,pixhawk_fused,True,0.8,0.2,gyro,-1.0,0.05898132920265198,-0.7752540707588196,0.0,-1.55,0.01691679199984719,3,1.374170582969339,0.028146526000638137,0.03705479541425288,0.7220606842576534,-0.5925909588218887,3.0201769059674173,0.0010654143888868964,0.0010654143888869077,-1.5647482908018304,0.7314462456787193,preturn,3.0201769059674173,-1.5647482908018304
26.800394000019878,3612.382777163,odom,turning,3,4,,0.7191377936379687,-0.5995865596045432,-1.7765207062911248,-7.957071785941375,-6.084937150957695,2.232566987653512,1.9460091452900226,1.145702600479126,-1.5240935611236466,1.5240935611236466,0.033949341000152344,pixhawk_fused,True,0.8,0.2,gyro,-1.0,0.05378015339374542,-0.7068895101547241,0.0,-1.55,0.011841828000342502,3,1.3762246649817587,0.030200608013057885,0.03975898664313082,0.7200217240710793,-0.592342173228832,3.0201769059674173,0.007298113932460199,0.007298113932460242,-1.4864876949210437,0.7294278984002616,preturn,3.0201769059674173,-1.4864876949210437
26.80055660009384,3612.50487317,odom,turning,3,4,,0.7159508904474344,-0.6050469069332647,-1.9079804379655716,-7.959175359407367,-6.078975043648255,2.1011072559790653,1.8593696488926097,1.288074254989624,-1.6663919580686462,1.6663919580686462,0.036852933000318444,pixhawk_fused,True,0.8,0.2,gyro,-1.0,0.054282668977975845,-0.713494598865509,0.0,-1.55,0.0032623239999338693,3,1.3787267622419546,0.03270270527325373,0.043052988257433686,0.717538046853895,-0.5920391250803161,3.0201769059674173,0.013104253286336754,0.013104253286336767,-1.355027963246597,0.7270074016520283,preturn,3.0201769059674173,-1.355027963246597
26.800665199989453,3612.620907812,odom,turning,3,4,,0.7118570466983714,-0.6107916292098905,-1.926738829587439,-7.960909274900214,-6.072137286140053,2.082348864357198,1.762690096766016,1.288074254989624,-1.6663919580686462,1.6663919580686462,0.15398002900019492,pixhawk_fused,True,0.8,0.2,gyro,-1.0,0.056594621390104294,-0.7438830137252808,0.0,-1.55,0.023050839999996242,3,1.3820946804818441,0.036070623513143295,0.047486839928798354,0.714194922693686,-0.5916312107265506,3.0201769059674173,0.01930252057701748,0.019302520577017514,-1.3362695716247295,0.7237788083226926,preturn,3.0201769059674173,-1.3362695716247295
27.13022420008201,3612.725162513,odom,turning,3,4,,0.7080716354324036,-0.6152179155739836,-2.0431975818431356,-7.961837079813009,-6.066387457666675,1.9658901121015013,1.6828866408786003,1.410089373588562,-1.7916253507841002,1.7916253507841002,0.06864603199983321,pixhawk_fused,True,0.8,0.2,gyro,-1.0,0.062031105160713196,-0.8153404593467712,0.0,-1.55,0.0031995109998206317,3,1.385316122733408,0.03929206576470741,0.051727856513503416,0.7109971961888184,-0.5912410372007577,3.0201769059674173,0.02415470145259394,0.02415470145259399,-1.2198108193690338,0.7207048208053001,preturn,3.0201769059674173,-1.2198108193690338
27.130472799995914,3612.841703049,odom,turning,3,4,,0.7030668573691761,-0.6201239176015433,-2.147473970251899,-7.962342157043643,-6.0593973534937975,1.861613723692738,1.586847681813759,1.5159600973129272,-1.8978862290490044,1.8978862290490044,0.07535434300007182,pixhawk_fused,True,0.8,0.2,gyro,-1.0,0.06428956985473633,-0.845025897026062,0.0,-1.55,0.022997562999989896,3,1.389689852961936,0.04366579599323526,0.05748585587767214,0.7066556646682352,-0.5907113012592541,3.0201769059674173,0.02963075324605295,0.029630753246052903,-1.1155344309602704,0.7165391161890974,preturn,3.0201769059674173,-1.1155344309602704
27.130657500005327,3612.949888557,odom,turning,3,4,,0.6984153158456529,-0.6239362179899435,-2.2276203186501027,-7.962241507595509,-6.053384006465308,1.7814673752945342,1.5044273329601183,1.5958404541015625,-1.9774843053925408,1.9774843053925408,0.07225195899991377,pixhawk_fused,True,0.8,0.2,gyro,-1.0,0.06306563317775726,-0.828938364982605,0.0,-1.55,0.003917215000001306,3,1.393845413698075,0.047821356729374175,0.06295663592724694,0.7025306965108558,-0.5902079894946932,3.0201769059674173,0.033978371877524345,0.03397837187752432,-1.0353880825620667,0.7125812040183768,preturn,3.0201769059674173,-1.0353880825620667
27.459039900102653,3613.064648379,odom,turning,3,4,,0.6928659908378111,-0.62772041471032,-2.307871970249301,-7.9615387914485405,-6.046704085591678,1.701215723695336,1.4123786885164207,1.6736400127410889,-2.054897065948285,2.054897065948285,0.009190321999994921,pixhawk_fused,True,0.8,0.2,gyro,-1.0,0.05382569134235382,-0.7074880599975586,0.0,-1.55,0.01623625299998821,3,1.3988955524292963,0.05287149546059565,0.06960512453627683,0.6975177360996473,-0.5895963285426625,3.0201769059674173,0.03840683116452059,0.0384068311645206,-0.9551364309628685,0.707763343358822,preturn,3.0201769059674173,-0.9551364309628685
27.459319400019012,3613.165967228,odom,turning,3,4,,0.6879247407022224,-0.6305091314450723,-2.3948118217837893,-7.960470077308358,-6.04113176614501,1.6142758721608477,1.3346200016220324,1.762983798980713,-2.1440455332506074,2.1440455332506074,0.06627763000005871,pixhawk_fused,True,0.8,0.2,gyro,-1.0,0.06145079433917999,-0.8077128529548645,0.0,-1.55,0.009755843999755598,3,1.4034626630387674,0.05743860607006667,0.07561770844323486,0.6929842478338009,-0.5890431708232223,3.0201769059674173,0.04177349043002394,0.041773490430023916,-0.8681965794283801,0.7033949154883224,preturn,3.0201769059674173,-0.8681965794283801
27.45956450002268,3613.281922779,odom,turning,3,4,,0.681449460751975,-0.6334517490276694,-2.4609982914822384,-7.958526627964397,-6.034289891159383,1.5480894024623986,1.235788855256557,1.8233751058578491,-2.202405199598111,2.202405199598111,0.03157534499996473,pixhawk_fused,True,0.8,0.2,gyro,-1.0,0.054016608744859695,-0.7776198387145996,0.0,-1.55,0.02434949200005576,3,1.4095338700692788,0.06350981310057792,0.08361042962055058,0.6869577360661049,-0.5883078404749094,3.0201769059674173,0.04547871564101406,0.04547871564101409,-0.802010109729931,0.6975662825649589,preturn,3.0201769059674173,-0.802010109729931
27.78487130010035,3613.382822287,odom,turning,3,4,,0.6760480670348866,-0.635343407103251,-2.60222271406898,-7.956476124207421,-6.028946777955965,1.4068649798756567,1.15736630846199,1.9792948961257935,-2.358748718391694,2.358748718391694,0.02700220199994874,pixhawk_fused,True,0.8,0.2,gyro,-1.0,0.055738288909196854,-0.7326273322105408,0.0,-1.3450744553680576,0.0025204909998137737,3,1.4146663863958981,0.0686423294271974,0.09036736802349545,0.6818630045102845,-0.5876862021418384,3.0201769059674173,0.04801065176163383,0.04801065176163384,-0.6607856871431892,0.6926156683669349,preturn,3.0201769059674173,-0.6607856871431892
27.785323500051163,3613.50207455,odom,turning,3,4,,0.6697406650746304,-0.6369716041498498,-2.680407731160366,-7.953638724765037,-6.0230830326072,1.3286799627842711,1.0681023337137774,2.053812026977539,-2.43424825341586,2.43424825341586,0.03246726699990177,pixhawk_fused,True,0.8,0.2,gyro,-1.0,0.05401133745908737,-0.7099281549453735,0.0,-1.313092067318809,0.02272745899972506,3,1.4207301508583292,0.07470609388962847,0.0983502910879797,0.6758438805196633,-0.5869517732199059,3.0201769059674173,0.05039080000385645,0.05039080000385649,-0.5826006700518036,0.6867371631748129,preturn,3.0201769059674173,-0.5826006700518036
27.785662000067532,3613.604211471,odom,turning,3,4,,0.6657073674087365,-0.6376923916223097,-2.6936418498338046,-7.951579986053213,-6.01954062953039,1.3154458441108323,0.9997887417663149,2.053812026977539,-2.43424825341586,2.43424825341586,0.13385365099975388,pixhawk_fused,True,0.8,0.2,gyro,-1.0,0.025736406445503235,-0.7442178726196289,0.0,-1.150041039832909,0.02329166700019414,3,1.424646455939585,0.07862239897088423,0.1035060919694967,0.6719564066549994,-0.5864774395388063,3.0201769059674173,0.051594784701720485,0.051594784701720485,-0.5693665513783639,0.6829213816679292,preturn,3.0201769059674173,-0.5693665513783639
28.141620800015517,3613.724795996,odom,turning,3,4,,0.6625623538318058,-0.6379886679221493,-2.7936790535023137,-7.9497719559667415,-6.016950278733424,1.2154086404423232,0.9038872746782652,2.1582772731781006,-2.5352719059098137,2.5352719059098137,0.06355427200014674,pixhawk_fused,True,0.8,0.2,gyro,-1.0,0.005136746913194656,-0.9452479481697083,0.0,-0.9259100636834432,0.009259819999897445,3,1.4277324321354257,0.08170837516672494,0.10756876800232361,0.668893148926248,-0.5861036733437862,3.0201769059674173,0.05226979652652739,0.052269796526527405,-0.4693293477098557,0.6798958263420577,preturn,3.0201769059674173,-0.4693293477098557
28.141752700088546,3613.843840819,odom,turning,3,4,,0.6601878829855312,-0.6379974610335996,-2.8901355063151266,-7.948242999350094,-6.015133556194613,1.1189521876295103,0.8186135368943663,2.2619619369506836,-2.6344018022525684,2.6344018022525684,0.07179700699998648,pixhawk_fused,True,0.8,0.2,gyro,-1.0,0.025797052308917046,-0.6103403568267822,0.0,-0.7181109499385883,0.02793610400021862,3,1.430088357503073,0.08406430053437218,0.11067033487091114,0.666554567507333,-0.5858183291918762,3.0201769059674173,0.052566115241247414,0.05256611524124742,-0.3728728948970428,0.6775698218399729,preturn,3.0201769059674173,-0.3728728948970428
28.141854000044987,3613.962070182,odom,turning,3,4,,0.6584706741948396,-0.6378568151596669,-2.9651279816999,-7.9470251410276775,-6.0139147828772135,1.043959712244737,0.7394508877755728,2.335904121398926,-2.708396277855672,2.708396277855672,0.013770407999800227,pixhawk_fused,True,0.8,0.2,gyro,-1.0,0.00257171131670475,-0.7774626016616821,0.0,-0.683662955189931,0.021248996000394982,3,1.4318099591733229,0.08578590220462219,0.11293681698222051,0.6648456399954057,-0.5856098128376357,3.0201769059674173,0.0526344890788988,0.052634489078898804,-0.2978804195122695,0.6758587434759238,preturn,3.0201769059674173,-0.2978804195122695
28.48135820007883,3614.081712083,odom,turning,3,4,,0.6567628034297346,-0.6376026809608614,-3.029327378020162,-7.945726763146754,-6.012776529118321,0.9797603159244748,0.669825064336453,2.394315004348755,-2.771298877428807,2.771298877428807,0.022121233999769174,pixhawk_fused,True,0.8,0.2,gyro,-1.0,0.0,-0.6732280254364014,0.0,-0.4051728026276041,0.01185051399988879,3,1.433536037002636,0.0875119800339353,0.11520919194006878,0.6631322692771882,-0.5854007543415136,3.0201769059674173,0.05258907907497187,0.05258907907497183,-0.23368102319200723,0.6741343773731256,preturn,3.0201769059674173,-0.23368102319200723
28.481496900087222,3614.181807351,odom,turning,3,4,,0.655073996047594,-0.6372352094716092,-3.0917165637641864,-7.944354270672205,-6.011726114877799,0.9173711301804506,0.6353173170145264,2.462892770767212,-2.8403728903639687,2.8403728903639687,0.07047974399984014,pixhawk_fused,True,0.8,0.2,gyro,-1.0,0.020483599975705147,-0.2692376375198364,0.0,-0.264498789911728,0.013132555000083812,3,1.435256918937237,0.0892328619685363,0.11747472652210841,0.6614240562023302,-0.585192325159966,3.0201769059674173,0.05242885723953788,0.05242885723953787,-0.17129183744798304,0.672406241277613,preturn,3.0201769059674173,-0.17129183744798304
28.481596900033765,3614.301586359,odom,turning,3,4,,0.6544501676756375,-0.6370887740417457,-3.1279429493332627,-7.943839128496758,-6.011345019467367,0.8811447446113743,0.6130242444288366,2.4997806549072266,-2.8799593668687713,2.8799593668687713,0.045787260999986756,pixhawk_fused,True,0.8,0.2,gyro,-1.0,5.100943099023425e-07,-0.06732615828514099,0.0,-0.25,0.010003614999732235,3,1.4358938906993315,0.08986983373063083,0.11831329744658178,0.6607917737252773,-0.5851151766349144,3.0201769059674173,0.05235905647255503,0.052359056472555,-0.13506545187890673,0.6717657665347423,preturn,3.0201769059674173,-0.13506545187890673
28.809937300044112,3614.404227655,odom,turning,3,4,,0.6544498187371411,-0.6370890699232783,3.1310194671520932,-7.943839128496758,-6.011344561969874,0.8569218539171439,0.6062874512233001,2.526296615600586,-2.908416215005852,2.908416215005852,0.03194000199982838,pixhawk_fused,True,0.8,0.2,gyro,-1.0,1.2451796749246569e-07,-0.06651013344526291,0.0,-0.25,0.012904172000162362,3,1.435894201232521,0.08987014426382042,0.11831370626235568,0.6607914654781838,-0.5851151390238633,3.0201769059674173,0.05235939243846654,0.05235939243846654,-0.11084256118467595,0.6717654831323334,preturn,3.0201769059674173,-0.11084256118467595
28.810194200021215,3614.524747941,odom,turning,3,4,,0.6541634086326302,-0.6370116211704149,3.123183006069575,-7.943594824836288,-6.0111762028929965,0.8490853928346258,0.591402526693836,2.533308267593384,-2.9145437919083608,2.9145437919083608,0.04574916999990819,pixhawk_fused,True,0.8,0.2,gyro,-1.0,0.0025690149050205946,-0.16883639991283417,0.0,-0.25,0.010039597000286449,3,1.4361878832424875,0.09016382627378663,0.11870033752178351,0.6604999455085753,-0.5850795689479958,3.0201769059674173,0.05231720317077614,0.05231720317077608,-0.10300610010215783,0.6714694064730757,preturn,3.0201769059674173,-0.10300610010215783
28.810460500069894,3614.62973827,odom,turning,3,4,,0.6533148281051057,-0.636764246147117,3.120043553491099,-7.942857338879963,-6.010688968064532,0.8459459402561498,0.5752816195197232,2.533308267593384,-2.9145437919083608,2.9145437919083608,0.15114728499975172,pixhawk_fused,True,0.8,0.2,gyro,-1.0,0.008350932970643044,-0.16465051472187042,0.0,-0.25,0.01562536200026443,3,1.4370601781371262,0.09103612116842541,0.11984871046347458,0.6596340723105402,-0.5849739186373604,3.0201769059674173,0.05217442736528858,0.05217442736528863,-0.0998666475236818,0.6705886431351614,preturn,3.0201769059674173,-0.0998666475236818
29.13597679999657,3614.745038503,odom,turning,3,4,,0.6518437498678876,-0.6363069249894622,3.0907812881687287,-7.941557131009074,-6.009862727594854,0.8166836749337794,0.554178713758796,2.564606189727783,-2.945778118673302,2.945778118673302,0.07498651800005973,pixhawk_fused,True,0.8,0.2,gyro,-1.0,0.010320373810827732,-0.1356516033411026,0.0,0.0,0.003219139999600884,3,1.4385758161952094,0.09255175922650864,0.12184404225550663,0.658129592139348,-0.5847903481124934,3.0201769059674173,0.051898646477363065,0.051898646477363114,-0.07060438220131138,0.6690561610514767,preturn,3.0201769059674173,-0.07060438220131138
29.136112700100057,3614.864529721,odom,turning,3,4,,0.6517030098453507,-0.636261911583645,3.0763025053749065,-7.941431776696399,-6.009784495523804,0.8022048921399572,0.5521569052131063,2.581488847732544,-2.963275483969189,2.963275483969189,0.014100197000061598,pixhawk_fused,True,0.8,0.2,gyro,-1.0,0.0,0.0,0.0,0.0,0.008508264999818493,3,1.4387209720301124,0.0926969150614117,0.12203513936516043,0.657985504918669,-0.5847727671784052,3.0201769059674173,0.051871010554353995,0.05187101055435399,-0.05612559940748918,0.6689092990652858,preturn,3.0201769059674173,-0.05612559940748918
29.136204500100575,,mission_status,navigating,3,4,going to waypoint 3/4,0.6517030098453507,-0.636261911583645,3.0763025053749065,,,,,,,,,,,,,,,,,,,,,,,,,,,,,,,,,
29.481120400014333,3614.965169382,odom,navigating,3,4,,0.6517030098453507,-0.636261911583645,3.0751093548797037,-7.941431776696399,-6.009784495523804,0.8010117416447544,0.5521569052131063,2.5820083618164062,-2.96475824157387,2.96475824157387,0.010176332999890292,pixhawk_fused,True,0.8,0.2,gyro,-1.0,0.0,0.0,0.0,0.0,0.06769135199965604,3,1.4387209720301124,0.0926969150614117,0.12203513936516043,0.657985504918669,-0.5847727671784052,3.0201769059674173,0.051871010554353995,0.05187101055435399,-0.054932448912286436,0.6689092990652858,,,
29.481248300056905,3615.065285149,odom,navigating,3,4,,0.6517030098453507,-0.636261911583645,3.0751093548797037,-7.941431776696399,-6.009784495523804,0.8010117416447544,0.5521569052131063,2.5820083618164062,-2.96475824157387,2.96475824157387,0.11028310100027738,pixhawk_fused,True,0.8,0.2,gyro,-1.0,0.0,0.0,0.28,-0.7401418215884304,0.027147347000209265,3,1.4387209720301124,0.0926969150614117,0.12203513936516043,0.657985504918669,-0.5847727671784052,3.0201769059674173,0.051871010554353995,0.05187101055435399,-0.054932448912286436,0.6689092990652858,,,
29.481341100065038,3615.182255876,odom,navigating,3,4,,0.6517030098453507,-0.636261911583645,3.075610154522285,-7.941431776696399,-6.009784495523804,0.8015125412873356,0.5521569052131063,2.581986427307129,-2.964135875395322,2.964135875395322,0.03232539999999062,pixhawk_fused,True,0.8,0.2,gyro,-1.0,0.0,0.0,0.28,-0.743414437117418,0.046338597999692865,3,1.4387209720301124,0.0926969150614117,0.12203513936516043,0.657985504918669,-0.5847727671784052,3.0201769059674173,0.051871010554353995,0.05187101055435399,-0.05543324855486764,0.6689092990652858,,,
29.48143030004576,3615.301133796,odom,navigating,3,4,,0.6500190147138472,-0.6357176083723804,3.0759683795184634,-7.939927524944293,-6.008852115636094,0.8018707662835141,0.5562081453092702,2.582934617996216,-2.964674451789875,2.964674451789875,0.03502151600014258,pixhawk_fused,True,0.8,0.2,gyro,-1.0,0.04084828868508339,-1.3304070307640359e-05,0.28,-0.7433175817354077,0.01417069499984791,3,1.4404584945843033,0.09443443761560263,0.12432258126018277,0.6562607737298222,-0.5845623225240631,3.0201769059674173,0.05153467595548222,0.051534675955482216,-0.05579147355104608,0.6671509574021544,,,
29.80645190004725,3615.401842603,odom,navigating,3,4,,0.6425184417238282,-0.6332230026948547,3.064045886623277,-7.93317394697453,-6.004744703157261,0.7899482733883278,0.529161905231805,2.593815803527832,-2.9729294161340785,2.9729294161340785,0.0299865150000187,pixhawk_fused,True,0.8,0.2,gyro,-1.0,0.11068522185087204,-0.37213772535324097,0.28,-0.6951583296646845,0.014868788000057975,3,1.44820599033172,0.10218193336301912,0.13452213021648393,0.6485703138167711,-0.5836239640200834,3.0201769059674173,0.049966886968179164,0.04996688696817914,-0.04386898065585987,0.6593062110389083,,,
29.806609200080857,3615.520862148,odom,navigating,3,4,,0.6262261572193325,-0.6271044375298608,3.055376712233181,-7.91797039033646,-5.9962755095943105,0.7812790989982319,0.4845070759502989,2.593815803527832,-2.9729294161340785,2.9729294161340785,0.1494235119998848,pixhawk_fused,True,0.8,0.2,gyro,-1.0,0.1808786392211914,-0.33963990211486816,0.28,-0.5882132835463192,0.0338809710001442,3,1.4651193998772842,0.11909534290858352,0.15678857014779735,0.6317814181085608,-0.5815754515464027,3.0201769059674173,0.045866648975364605,0.04586664897536465,-0.03519980626576391,0.6421368326011133,,,
29.80671480007004,3615.625600742,odom,navigating,3,4,,0.6088694211459137,-0.6198550460143468,3.0207307811049167,-7.90121591720215,-5.987725796472854,0.7466331678699674,0.45405815156013796,2.6306707859039307,-3.0085820293566776,3.0085820293566776,0.05119710500002839,pixhawk_fused,True,0.8,0.2,gyro,-1.0,0.21964934468269348,-0.30569130182266235,0.28,-0.368798130004157,0.03333074400006808,3,1.4832263877021017,0.13720233073340102,0.18062635138594263,0.6138077310549992,-0.5793823756724933,3.0201769059674173,0.04077283347228302,0.040772833472283054,-0.0005538751374993822,0.6237237522034204,,,
30.146245900075883,3615.744431865,odom,navigating,3,4,,0.5851154842532048,-0.6091514539050088,2.97104151372511,-7.877689566198416,-5.976530832855451,0.6969439004901608,0.4418968974870763,2.689666748046875,-3.0673239982268403,3.0673239982268403,0.0702152680000836,pixhawk_fused,True,0.8,0.2,gyro,-1.0,0.23820482194423676,0.10099932551383972,0.28,0.4091989858788429,0.006567241000084323,3,1.5081018458388444,0.1620777888701436,0.21337479828386213,0.589115402093968,-0.5763695185578847,3.0201769059674173,0.03302506060306147,0.033025060603061464,0.04913539224230723,0.5984261709227172,,,
30.14646580000408,3615.864240612,odom,navigating,3,4,,0.5578521458963838,-0.5972632256679243,2.973285312259305,-7.850990012593525,-5.963425359713475,0.6991876990243555,0.48250053213919053,2.6931357383728027,-3.074420041813571,3.074420041813571,0.013657541999691603,pixhawk_fused,True,0.8,0.2,gyro,-1.0,0.27139973640441895,0.4416648745536804,0.28,0.40804246917363235,0.025955394999982673,3,1.536604350130794,0.1905802931620932,0.2508982377771805,0.5608227287160059,-0.5729173621244994,3.0201769059674173,0.024526423179161323,0.02452642317916134,0.04689159370811247,0.5695400452210164,,,
30.146598600083962,3615.964990992,odom,navigating,3,4,,0.5343572845060416,-0.5882198199377701,3.040829403522099,-7.8288974587282025,-5.951354288399817,0.7667317902871496,0.5271248709715612,2.6186838150024414,-3.0012856638273786,3.0012856638273786,0.005861684999672434,pixhawk_fused,True,0.8,0.2,gyro,-1.0,0.26365113258361816,0.47556403279304504,0.28,0.5603716462448406,0.026849354000205494,3,1.5610215621596006,0.21499750519089997,0.2830434054008281,0.5365852723277755,-0.5699600067031237,3.0201769059674173,0.018395236043551047,0.018395236043551005,-0.02065249755468157,0.5449050778356441,,,
30.482576000038534,3616.065678577,odom,navigating,3,4,,0.5108765171858669,-0.5804528991048186,3.051054179743384,-7.807787609474658,-5.938468414053769,0.7769565665084346,0.5791878391012127,2.6186838150024414,-3.0012856638273786,3.0012856638273786,0.10659458299960534,pixhawk_fused,True,0.8,0.2,gyro,-1.0,0.26881495118141174,0.4756391644477844,0.28,0.43483926102383574,0.027738330999909522,3,1.5852701790213095,0.23924612205260878,0.31496661812231463,0.5125151699357747,-0.5670230711327471,3.0201769059674173,0.01352942948517099,0.013529429485171036,-0.030877273775966607,0.5205217322369738,,,
30.482726600021124,3616.184432702,odom,navigating,3,4,,0.48310979353107825,-0.5725916978859004,3.1034334223632096,-7.783833955813847,-5.922374567297209,0.8293358091282603,0.6015114321933055,2.562190055847168,-2.941551995708663,2.941551995708663,0.029363844999807043,pixhawk_fused,True,0.8,0.2,gyro,-1.0,0.23044635355472565,-0.06738650053739548,0.28,0.4925839016403086,0.04596899600028337,3,1.6137846187062688,0.26776056173756807,0.3525057705155537,0.4842106490312725,-0.563569469112569,3.0201769059674173,0.009089141591516565,0.009089141591516525,-0.08325651639579235,0.4919154113999279,,,
30.482823700062,3616.302079614,odom,navigating,3,4,,0.4555143015395263,-0.5655726222172953,3.098805216259132,-7.760633343024073,-5.9058666853108255,0.8247076030241827,0.6643776790803247,2.595926523208618,-2.962753332405407,2.962753332405407,0.03431866300024922,pixhawk_fused,True,0.8,0.2,gyro,-1.0,0.22360889613628387,0.7769426107406616,0.28,0.3581742471338728,0.01601044400013052,3,1.6420270910378774,0.2960030340691766,0.389686878912971,0.4561760932996199,-0.5601488071400067,3.0201769059674173,0.005464040476273129,0.00546404047627317,-0.07862831029171469,0.4636211612147061,,,
30.82109290000517,3616.421704828,odom,navigating,3,4,,0.4266095140761238,-0.5604891271748847,3.112523390140067,-7.738062246782624,-5.887108373163675,0.8384257769051175,0.7334313453164495,2.595926523208618,-2.962753332405407,2.962753332405407,0.15399367200006964,pixhawk_fused,True,0.8,0.2,gyro,-1.0,0.24808703362941742,0.5434783697128296,0.28,0.29317356130020383,0.03438766099998247,3,1.6713347870325812,0.3253107300638804,0.4282703502487318,0.42708415591245624,-0.5565991277771166,3.0201769059674173,0.003918849344824759,0.003918849344824718,-0.09234648417264957,0.4342989466966916,,,
30.821236800053157,3616.525772235,odom,navigating,3,4,,0.4015108356300318,-0.5576786971789173,3.08267691359231,-7.719686402538381,-5.869782943159953,0.8085793003573607,0.788057765689613,2.6408774852752686,-3.0136731691649743,3.0136731691649743,0.07921622399999251,pixhawk_fused,True,0.8,0.2,gyro,-1.0,0.2618790864944458,0.5250744223594666,0.28,0.2626548319509494,0.03882402999988699,3,1.696589085676376,0.3505650287076751,0.46151753924658684,0.40201577540807354,-0.553540386389314,3.0201769059674173,0.004169002323193824,0.004169002323193849,-0.06250000762489272,0.4090482127380495,,,
30.82134090003092,3616.641302812,odom,navigating,3,4,,0.371995657329221,-0.5560291574585011,3.0816958919657784,-7.699339659100684,-5.848338205742618,0.8075982787308291,0.8409294884999984,2.6548266410827637,-3.02811559286626,3.02811559286626,0.01340112100024271,pixhawk_fused,True,0.8,0.2,gyro,-1.0,0.2663469612598419,0.2693850100040436,0.28,0.1894039856951979,0.006122843999946781,3,1.7260867662978143,0.3800627093291136,0.5003511246275179,0.37273525203085156,-0.5499676965342684,3.0201769059674173,0.006106415385369774,0.0061064153853697825,-0.06151898599836114,0.3795784076528517,,,
31.163242100039497,3616.7419861,odom,navigating,3,4,,0.3456363023114394,-0.5556877194386148,3.0878824250352057,-7.68203161400164,-5.828454449766336,0.8137848118002564,0.8720345290708446,2.655160903930664,-3.028152413263041,3.028152413263041,0.06183222100025887,pixhawk_fused,True,0.8,0.2,gyro,-1.0,0.27392086386680603,0.23563146591186523,0.28,0.04465710782872888,0.0061345849999270285,3,1.752293422098223,0.4062693651295223,0.5348520882332527,0.3467215254721275,-0.5467936078825407,3.0201769059674173,0.008960074200607099,0.008960074200607078,-0.06770551906778843,0.35343622371621897,,,
31.163407300016843,3616.863167866,odom,navigating,3,4,,0.31397020719955987,-0.5560875805649184,3.089864999100983,-7.661856889620754,-5.804043756111501,0.8157673858660335,0.8835625670648457,2.655749559402466,-3.028551754413228,3.028551754413228,0.004133784000259766,pixhawk_fused,True,0.8,0.2,gyro,-1.0,0.26363879442214966,-8.704835636308417e-05,0.28,-0.1439887542940976,0.026536212999872077,3,1.7836779662012097,0.4376539092325089,0.5761697222773049,0.3155680294029121,-0.5429923855504879,3.0201769059674173,0.01319231474228423,0.01319231474228419,-0.0696880931335655,0.3222082691608611,,,
31.163514100015163,3616.982088986,odom,navigating,3,4,,0.2829424722202166,-0.5563744247818517,3.0828640447931344,-7.6420088184488115,-5.7801930393862815,0.8087664315581851,0.859911394570527,2.6589746475219727,-3.0313970991056967,3.0313970991056967,0.015760412999952678,pixhawk_fused,True,0.8,0.2,gyro,-1.0,0.25866979360580444,-0.3702939450740814,0.28,-0.34555662884452504,0.0463958929999535,3,1.8144425380205123,0.4684184810518114,0.6166711651461512,0.28502994147980204,-0.539266252806554,3.0201769059674173,0.017235053705923722,0.017235053705923684,-0.06268713882571708,0.2916831546988609,,,
31.522503399988636,3617.101882603,odom,navigating,3,4,,0.2527389615838963,-0.5556582559439835,3.0747534112747963,-7.621928796048669,-5.7576196556573755,0.800655798039847,0.8193383430965863,2.6589746475219727,-3.0313970991056967,3.0313970991056967,0.13525361099982547,pixhawk_fused,True,0.8,0.2,gyro,-1.0,0.25216078758239746,-0.4059285819530487,0.25816167489375047,-0.4568431731187185,0.014739995000127237,3,1.844510435893062,0.49848637892436115,0.6562554393893996,0.25518339870039275,-0.5356244995761752,3.0201769059674173,0.0201823355194885,0.02018233551948846,-0.05457650530737901,0.26188445887900924,,,
31.52263420005329,3617.221818049,odom,navigating,3,4,,0.22670463901172158,-0.5540214956059522,3.067397310820195,-7.603843005214047,-5.738821541228463,0.7932996975852458,0.7895378938928946,2.6599106788635254,-3.0331423691735226,3.0331423691735226,0.05491508299974157,pixhawk_fused,True,0.8,0.2,gyro,-1.0,0.20957604050636292,-0.17004190385341644,0.21853446636978466,-0.6415662767442457,0.03606123000008665,3,1.8705513384846117,0.5245272815159109,0.6905381895202856,0.22933420510170466,-0.5324704865641338,3.0201769059674173,0.02171084080689016,0.02171084080689021,-0.047220404852777786,0.23606520388270918,,,
31.522740600048564,3617.341447613,odom,navigating,3,4,,0.2019685639380709,-0.5511633235890423,3.0445747327670634,-7.58566525738363,-5.72180354953904,0.7704771195321141,0.6942391278340956,2.6661970615386963,-3.0378632050380667,3.0378632050380667,0.06533487299975604,pixhawk_fused,True,0.8,0.2,gyro,-1.0,0.20995689928531647,-0.8077129125595093,0.20869334700252068,-0.5792297381114928,0.006128028999683011,3,1.895451485585998,0.5494274286172974,0.7233191393471226,0.20461736893226956,-0.5294546391800647,3.0201769059674173,0.021869685563946202,0.02186968556394624,-0.024397826799646083,0.21129938102766868,,,
31.862167700077407,3617.442052292,odom,navigating,3,4,,0.179881460916422,-0.5465658190680007,3.0282787835160594,-7.5678740949335435,-5.7079308531037904,0.7541811702811101,0.6123833251606968,2.6661970615386963,-3.0378632050380667,3.0378632050380667,0.16586383200001364,pixhawk_fused,True,0.8,0.2,gyro,-1.0,0.23822851479053497,-0.7744050025939941,0.184967536362526,-0.39923344764563695,0.006134843999916484,3,1.917932825818538,0.5719087688498371,0.7529157390460013,0.18230153275931504,-0.5267317520077679,3.0201769059674173,0.01998116522814865,0.01998116522814867,-0.008101877548642111,0.18874384922875606,,,
31.862321000080556,3617.562356803,odom,navigating,3,4,,0.15503715799530648,-0.538805829615136,3.0054433226652755,-7.545887680486254,-5.69400051198461,0.7313457094303262,0.5088371858153847,2.6673858165740967,-3.0408395329062454,3.0408395329062454,0.10820667100006176,pixhawk_fused,True,0.8,0.2,gyro,-1.0,0.23261664807796478,-0.8153404593467712,0.16100813603267572,-0.23140019444158147,0.026670486999591958,3,1.9435341006359608,0.59751004366726,0.7866197208689147,0.1568887304648383,-0.5236309856800598,3.0201769059674173,0.015287387254329838,0.015287387254329826,0.014733583302141806,0.1628013003585105,,,
31.862441200064495,3617.681548749,odom,navigating,3,4,,0.12742445863630028,-0.5272462320208855,2.9994431640313426,-7.519212831745905,-5.6804160389690175,0.7253455507963933,0.42031334951611904,2.6500661373138428,-3.0268852722440474,3.0268852722440474,0.03626901999996335,pixhawk_fused,True,0.8,0.2,gyro,-1.0,0.29194939136505127,-0.7405509352684021,0.1480009729437802,-0.17502860216435265,0.0462695060000442,3,1.972343591017565,0.6263195340488644,0.8245473063924368,0.1282913309801027,-0.5201416478118959,3.0201769059674173,0.0071572749313599995,0.007157274931360056,0.02073374193607469,0.13346451075478247,,,
32.18861890002154,3617.78335836,odom,navigating,3,4,,0.10247313614312531,-0.5145066222730332,2.9927297847101912,-7.493359191002827,-5.669624588139131,0.7186321714752419,0.3669457199571643,2.6428442001342773,-3.0225231507216206,3.0225231507216206,0.030493648999708967,pixhawk_fused,True,0.8,0.2,gyro,-1.0,0.27448394894599915,-0.3165602684020996,0.11947088872227457,-0.03407890410107703,0.04737071899990042,3,1.9986542174704582,0.6526301605017575,0.8591851469703708,0.10217439918434035,-0.5169549664787259,3.0201769059674173,0.0024665022035450764,-0.002466502203545089,0.027447121257226037,0.10699026979936398,,,
32.18884870002512,3617.901605125,odom,navigating,3,4,,0.0762219166686319,-0.49950540746370153,2.991766510556722,-7.464939904327325,-5.659304359725506,0.7176688973217726,0.31882713872073104,2.6246843338012695,-3.012472624385785,3.012472624385785,0.03418596299979981,pixhawk_fused,True,0.8,0.2,gyro,-1.0,0.25472673773765564,-0.4396551847457886,0.09121443509427861,0.1754591582727201,0.013320937999651505,3,2.02652909156712,0.6805050345984195,0.895882313676715,0.07450473548775693,-0.5135788271417422,3.0201769059674173,0.014177794350399257,-0.014177794350399286,0.028410395410695344,0.08034772726130013,,,
32.18901700002607,3618.004350934,odom,navigating,3,4,,0.05747301902466115,-0.4875929471003868,2.9834281738375146,-7.443728490630664,-5.6527086183903155,0.7093305606025653,0.2741951858821701,2.6246843338012695,-3.012472624385785,3.012472624385785,0.13582074399982957,pixhawk_fused,True,0.8,0.2,gyro,-1.0,0.2134627252817154,-0.4394572675228119,0.05,0.38244289103010276,0.01337410300038755,3,2.0465827720459897,0.7005587150772892,0.9222829084581267,0.054598687022572534,-0.5111499724218523,3.0201769059674173,0.023731734585874648,-0.023731734585874662,0.036748732129902706,0.06362486505177875,,,
32.53284340002574,3618.104382571,odom,navigating,3,4,,0.04311146166521737,-0.47754467444279936,2.958272079724508,-7.426776378580019,-5.6482535078179295,0.6841744664895586,0.23157737541808254,2.629917860031128,-3.03366343898518,3.03366343898518,0.0076595269997596915,pixhawk_fused,True,0.8,0.2,gyro,-1.0,0.16468004882335663,-0.338213175535202,0.05,0.9556386589295118,0.011917140999685216,3,2.0620556251030973,0.7160315681343967,0.9426528612008884,0.03923974265453012,-0.5092759367695183,3.0201769059674173,0.03196659532926163,-0.03196659532926156,0.06190482624290938,0.054031232362132184,,,
32.532992199994624,3618.205240428,odom,navigating,3,4,,0.032541040244251584,-0.46958062016636487,2.9392403100244566,-7.413865799369429,-5.64534199378192,0.6651426967895073,0.2152809845604072,2.665762186050415,-3.0533142982516996,3.0533142982516996,0.03324457899998379,pixhawk_fused,True,0.8,0.2,gyro,-1.0,0.12367158383131027,0.06502186506986618,0.05,1.2838550643125102,0.011926807000236295,4,2.140324347714751,0.03470829500096589,0.0688634959262184,-0.0037245460162951263,-0.4692927980531859,1.5628599854874305,0.03626672839380455,-0.036266728393804556,-1.376380324537026,0.050199017224085804,,,
32.53309849998914,,mission_status,reached,3,4,reached waypoint 3/4,0.032541040244251584,-0.46958062016636487,2.9392403100244566,,,,,,,,,,,,,,,,,,,,,,,,,,,,,,,,,
32.533137700054795,,mission_status,turning,4,4,aligning for waypoint 4/4,0.032541040244251584,-0.46958062016636487,2.9392403100244566,,,,,,,,,,,,,,,,,,,,,,,,,,,,,,,preturn,1.5628599854874305,
32.533181700040586,3618.320896149,odom,turning,4,4,,0.022875366323699686,-0.462396350368125,2.9488287888482323,-7.402135106189459,-5.642616223727466,0.674731175613283,0.2668175612426701,2.665762186050415,-3.0533142982516996,3.0533142982516996,0.15035611499979495,pixhawk_fused,True,0.8,0.2,gyro,-1.0,0.09028515219688416,0.7798402309417725,0.0,-1.55,0.006503557000087312,4,2.1474316819797856,0.04181562926600067,0.08296490552276803,-0.003668140377908928,-0.4621856876165249,1.5628599854874305,0.02654434265174508,-0.026544342651745084,-1.3859688033608017,0.4629618420757863,preturn,1.5628599854874305,-1.3859688033608017
32.921458700089715,3618.421594362,odom,turning,4,4,,0.020296054527159685,-0.46066177955499393,2.9158833708984844,-7.399143987589926,-5.641770768363144,0.6417857576635351,0.2891259040379404,2.7216575145721436,-3.099140295514893,3.099140295514893,0.07112215100005415,pixhawk_fused,True,0.8,0.2,gyro,-1.0,0.005120899993926287,-0.0673094093799591,0.0,-1.55,0.011779699999806326,4,2.149145728082919,0.04352967536913423,0.08636568354534745,-0.0036545372658186104,-0.4604716954931449,1.5628599854874305,0.02395134608293338,-0.023951346082933384,-1.3530233854110538,0.4611086693743062,preturn,1.5628599854874305,-1.3530233854110538
32.92169460002333,3618.524654533,odom,turning,4,4,,0.01939050040691706,-0.4600614285391713,2.6724006554382473,-7.398100435811777,-5.641468362521252,0.39830304220329804,0.27155541183424686,3.0229332447052,2.885713230515783,-2.885713230515783,0.05251708800005872,pixhawk_fused,True,0.8,0.2,gyro,-1.0,0.015364992432296276,-0.20195835828781128,0.0,-1.55,0.010618765999879543,4,2.1497388734810055,0.044122820767220655,0.08754252227233313,-0.0036498299109106675,-0.4598785687747441,1.5628599854874305,0.02304105594038732,-0.023041055940387325,-1.1095406699508168,0.46046987907520476,preturn,1.5628599854874305,-1.1095406699508168
32.92191160004586,3618.632491842,odom,turning,4,4,,0.017370442509657746,-0.45866241095344695,2.666792365745893,-7.395726938825791,-5.640832441008044,0.3926947525109439,0.24331139542169394,3.0229332447052,2.885713230515783,-2.885713230515783,0.16036648900035289,pixhawk_fused,True,0.8,0.2,gyro,-1.0,0.023071078583598137,-0.3032476007938385,0.0,-1.55,0.007574029999886989,4,2.1511218153074028,0.045505762593617764,0.09028636805403009,-0.0036388545277838795,-0.45849567050076884,1.5628599854874305,0.021009958695485643,-0.021009958695485643,-1.1039323802584626,0.4589912194090536,preturn,1.5628599854874305,-1.1039323802584626
32.922086500097066,3618.741522379,odom,turning,4,4,,0.016449612901848154,-0.457995235291994,2.6045900386818843,-7.39462253988127,-5.640561602493066,0.330492425446935,0.23452232679141655,-3.137704849243164,2.8102532209408926,-2.8102532209408926,0.08086858800015762,pixhawk_fused,True,0.8,0.2,gyro,-1.0,0.007720536086708307,-0.1014791801571846,0.0,-1.55,0.007464828000138368,4,2.1517816620164276,0.04616560930264295,0.09159554648407454,-0.003633617814063702,-0.4578358445720264,1.5628599854874305,0.020083863208809134,-0.020083863208809137,-1.0417300531944538,0.4582905468311446,preturn,1.5628599854874305,-1.0417300531944538
33.24291690008249,3618.84422878,odom,turning,4,4,,0.015894632207221204,-0.4575840789504577,2.609920846428447,-7.3939500185687415,-5.640404223355985,0.3358232331934978,0.2250542610793428,3.1413755416870117,2.8192651918781446,-2.8192651918781446,0.07588184399992315,pixhawk_fused,True,0.8,0.2,gyro,-1.0,0.005121154710650444,-0.06731275469064713,0.0,-1.55,0.013894850000269798,4,2.1521884009396106,0.04657234822582559,0.0924025427418522,-0.003630389829032591,-0.4574291184581065,1.5628599854874305,0.019525636949159583,-0.019525636949159587,-1.0470608609410166,0.4578600535556051,preturn,1.5628599854874305,-1.0470608609410166
33.243296200060286,3618.964596473,odom,turning,4,4,,0.01581574803769764,-0.4575250041799157,2.5989252451019493,-7.393853944095523,-5.640382263476392,0.32482763186700003,0.2237038444045297,-3.126452684402466,2.8058709850711274,-2.8058709850711274,0.08765321100008805,pixhawk_fused,True,0.8,0.2,gyro,-1.0,0.0,0.0,0.0,-1.55,0.00894640199976493,4,2.152246847804614,0.04663079509082891,0.092518505091773,-0.003629925979632908,-0.4573706734337464,1.5628599854874305,0.019446286431282905,-0.019446286431282905,-1.0360652596145188,0.4577982823644316,preturn,1.5628599854874305,-1.0360652596145188
33.243453100090846,3619.064987933,odom,turning,4,4,,0.01581574803769764,-0.4575250041799157,2.5964223747186583,-7.393853944095523,-5.640382263476392,0.32232476148370903,0.2237038444045297,-3.122875213623047,2.802745321745937,-2.802745321745937,0.0050265009999748145,pixhawk_fused,True,0.8,0.2,gyro,-1.0,0.0,0.0,0.0,-1.55,0.01005491100022482,4,2.152246847804614,0.04663079509082891,0.092518505091773,-0.003629925979632908,-0.4573706734337464,1.5628599854874305,0.019446286431282905,-0.019446286431282905,-1.0335623892312278,0.4577982823644316,preturn,1.5628599854874305,-1.0335623892312278
33.581534199998714,3619.181496224,odom,turning,4,4,,0.015736567986642636,-0.4574655804708788,2.596447912608638,-7.393757412124813,-5.640360303596799,0.32235029937368864,0.22235343521068235,-3.1203460693359375,2.803113256727298,-2.803113256727298,0.08303218100036247,pixhawk_fused,True,0.8,0.2,gyro,-1.0,0.00258436962030828,-0.033969104290008545,0.0,-1.55,0.026797299000008934,4,2.152305641248931,0.04668958853514595,0.09263515507740619,-0.0036294593796903753,-0.45731188184098726,1.5628599854874305,0.019366637271926935,-0.01936663727192694,-1.0335879271212074,0.4577361651514509,preturn,1.5628599854874305,-1.0335879271212074
33.58166990010068,3619.282305674,odom,turning,4,4,,0.015303911040642743,-0.457137847128219,2.59472982542365,-7.393227630029637,-5.640242269243988,0.32063221218870064,0.21491477677289345,-3.119274139404297,2.802818220933619,-2.802818220933619,0.03143751399966277,pixhawk_fused,True,0.8,0.2,gyro,-1.0,0.01030951738357544,-0.13550889492034912,0.0,-1.55,0.0023562730002595345,4,2.1526299305932715,0.047013877879486646,0.09327856605286032,-0.003626885735788559,-0.4569876027093584,1.5628599854874305,0.018931392975054438,-0.018931392975054438,-1.0318698399362194,0.4573939450519244,preturn,1.5628599854874305,-1.0318698399362194
33.58177240006626,3619.401552913,odom,turning,4,4,,0.013093850670037405,-0.4553930848901778,2.5660442322832995,-7.390467547663319,-5.639685037299321,0.2919466190483502,0.17633293713427967,-3.090492010116577,2.7765924834513096,-2.7765924834513096,0.044748175000222545,pixhawk_fused,True,0.8,0.2,gyro,-1.0,0.03619389981031418,-0.47573474049568176,0.0,-1.55,0.02944439799966858,4,2.154357098274942,0.048741045561157256,0.09670537813358368,-0.0036131784874656654,-0.4552604894206738,1.5628599854874305,0.016707555321715705,-0.016707555321715705,-1.003184246795869,0.455581288785176,preturn,1.5628599854874305,-1.003184246795869
33.8866520000156,3619.502375344,odom,turning,4,4,,0.01021676297406035,-0.45291049512685994,2.5210732559818516,-7.386713323247936,-5.639096238027739,0.2469756427469023,0.12426994946673346,-3.0469822883605957,2.733382711907568,-2.733382711907568,0.0296471520000523,pixhawk_fused,True,0.8,0.2,gyro,-1.0,0.04393869638442993,-0.5775328278541565,0.0,-1.55,0.002357958000175131,4,2.1568167765448445,0.05120072383105979,0.10158553846743261,-0.0035936578461302697,-0.45280088861241397,1.5628599854874305,0.013810855759827614,-0.013810855759827613,-0.9582132704944211,0.4530257154309516,preturn,1.5628599854874305,-0.9582132704944211
33.886804300011136,3619.603943664,odom,turning,4,4,,0.0068149575637896365,-0.44961739319701377,2.508207535661903,-7.38200155658281,-5.638631420576359,0.2341099224269536,0.05939720564664831,-3.0469822883605957,2.733382711907568,-2.733382711907568,0.1302674400003525,pixhawk_fused,True,0.8,0.2,gyro,-1.0,0.05413851886987686,-0.7115998864173889,0.0,-1.55,0.00874533199976213,4,2.1600827771609916,0.054466724447206766,0.10806549434307576,-0.003567738022627697,-0.44953499085108983,1.5628599854874305,0.010383022574704524,-0.010383022574704522,-0.9453475501744724,0.4496690381957316,preturn,1.5628599854874305,-0.9453475501744724
33.886950300075114,3619.704111481,odom,turning,4,4,,0.0032436850140983575,-0.44565402050978536,2.3925589660427793,-7.376668965821696,-5.638470838956836,0.11846135280782999,-0.013715283812061526,-2.924264669418335,2.607218134483042,-2.607218134483042,0.03017560099988259,pixhawk_fused,True,0.8,0.2,gyro,-1.0,0.056873273104429245,-0.7475456595420837,0.0,-1.55,0.028879911999865726,4,2.164017682491018,0.05840162977723276,0.11587260031462404,-0.003536509598741504,-0.4456002094414295,1.5628599854874305,0.006780408145462948,-0.006780408145462947,-0.8296989805553487,0.44566582490584455,preturn,1.5628599854874305,-0.8296989805553487
34.24354510009289,3619.824665446,odom,turning,4,4,,-0.000616830669741053,-0.44059828879026586,2.3192781221945977,-7.370316155654501,-5.638796119673305,0.045180508959648424,-0.10359718180745454,-2.8546648025512695,2.538049146553221,-2.538049146553221,0.05180101299993112,pixhawk_fused,True,0.8,0.2,gyro,-1.0,0.05909029394388199,-0.7766863107681274,0.0,-1.5313535155842128,0.008887681000032899,4,2.1690426169439823,0.06342656423019724,0.1258423943716817,-0.003496630422513273,-0.4405754332366724,1.5628599854874305,0.0028798904479853055,-0.0028798904479853055,-0.7564181367071672,0.440598720566669,preturn,1.5628599854874305,-0.7564181367071672
34.24376189999748,3619.94224356,odom,turning,4,4,,-0.0029049875613143816,-0.43695050474901276,2.2962296320915847,-7.366054109023535,-5.63941008130692,0.022132018856635405,-0.22055580069053418,-2.8546648025512695,2.538049146553221,-2.538049146553221,0.17012618199987628,pixhawk_fused,True,0.8,0.2,gyro,-1.0,0.023261666297912598,-1.1890381574630737,0.0,-1.4841138257201802,0.00257087899990438,4,2.1726721267036377,0.06705607398985285,0.13304357583395918,-0.0034678256966641633,-0.43694603777968455,1.5628599854874305,0.0005628558611394203,-0.00056285586113942,-0.7333696466041542,0.4369601612883587,preturn,1.5628599854874305,-0.7333696466041542
34.24394640000537,3620.062589382,odom,turning,4,4,,-0.0040683714447207475,-0.4343907952705552,2.211519741497781,-7.3633493838536905,-5.6401782195951755,-0.06257787173716833,-0.3619056007296183,-2.783409833908081,2.4670113295518785,-2.4670113295518785,0.11399677899999006,pixhawk_fused,True,0.8,0.2,gyro,-1.0,0.03100932203233242,-1.0189708471298218,0.0,-1.3060018452264759,0.030170526999881986,4,2.1752225226555644,0.06960646994177946,0.13810372590012795,-0.003447585096399488,-0.4343957221463355,1.5628599854874305,0.0006208058991077633,0.0006208058991077635,-0.6486597560103504,0.43440984641464747,preturn,1.5628599854874305,-0.6486597560103504
34.56454100005794,3620.166775856,odom,turning,4,4,,-0.004759963873771145,-0.43202246427823743,2.001839876909115,-7.361095751210481,-5.6411824265890536,-0.2722577363258343,-0.4646353828254007,-2.5485010147094727,2.2313615790807635,-2.2313615790807635,0.052818784000010055,pixhawk_fused,True,0.8,0.2,gyro,-1.0,0.041240133345127106,-0.7453362345695496,0.0,-0.840882445800083,0.031291906999740604,4,2.177585290407057,0.0719692376932725,0.14279160951483771,-0.0034288335619406494,-0.43203302880452177,1.5628599854874305,0.0013311722338937076,0.0013311722338937083,-0.4389798914216845,0.4320486857949235,preturn,1.5628599854874305,-0.4389798914216845
34.564708600053564,3620.284180382,odom,turning,4,4,,-0.0051914575342962566,-0.42979887995891175,1.9153886746434308,-7.359120734539606,-5.64229140050849,-0.35870893859151853,-0.5674949164468622,-2.4681878089904785,2.148935169478598,-2.148935169478598,0.0256342540001242,pixhawk_fused,True,0.8,0.2,gyro,-1.0,0.023157360032200813,-0.7102578282356262,0.0,-0.6421678876283691,0.010294386000168743,4,2.1798053802549373,0.07418932754115255,0.14719641096622196,-0.0034112143561351124,-0.42981300887302415,1.5628599854874305,0.0017802992443977745,0.0017802992443977747,-0.3525286891560002,0.42983023212108457,preturn,1.5628599854874305,-0.3525286891560002
34.56483920000028,3620.384437623,odom,turning,4,4,,-0.005402895430236726,-0.4279897300677219,1.7850272143775494,-7.357604130355229,-5.643300182477283,-0.4890703988573999,-0.6290793654283017,-2.324247360229492,2.001627472420874,-2.001627472420874,0.012792006999916339,pixhawk_fused,True,0.8,0.2,gyro,-1.0,0.020486019551753998,-0.6058834791183472,0.0,-0.6146770008889048,0.01022884999974849,4,2.181612795145617,0.07599674243183198,0.15078243868546964,-0.0033968702452581217,-0.4280056509025233,1.5628599854874305,0.002006088361899649,0.002006088361899649,-0.22216722889011886,0.42802383148893886,preturn,1.5628599854874305,-0.22216722889011886
34.88846090005245,3620.487195356,odom,turning,4,4,,-0.005505921856993695,-0.42616483141446737,1.7381811748531222,-7.356145628352275,-5.644401836436854,-0.5359164383818271,-0.6730933374459853,-2.276076316833496,1.9540797865592865,-1.9540797865592865,0.005181608999919263,pixhawk_fused,True,0.8,0.2,gyro,-1.0,0.018092405050992966,-0.44164276123046875,0.0,-0.3338785856559282,0.0036933500000486674,4,2.1834368186837807,0.07782076596999583,0.15440141903256469,-0.0033823943238697413,-0.4261816848075874,1.5628599854874305,0.002123594410614975,0.002123594410614975,-0.17532118936569163,0.4262003973602286,preturn,1.5628599854874305,-0.17532118936569163
34.88890200003516,3620.604130376,odom,turning,4,4,,-0.005525363915104831,-0.4247837121781047,1.7306759665032425,-7.355079659197042,-5.645280231620565,-0.5434216467317068,-0.7109504231543432,-2.276076316833496,1.9540797865592865,-1.9540797865592865,0.12172332399995867,pixhawk_fused,True,0.8,0.2,gyro,-1.0,0.007693217135965824,-0.10112009942531586,0.0,-0.25,0.014633664000029967,4,2.1848177401279303,0.07920168741414564,0.15714125624557074,-0.003371434975017717,-0.42480080685223237,1.5628599854874305,0.002153996775027374,0.002153996775027374,-0.16781598101581197,0.42481964617729867,preturn,1.5628599854874305,-0.16781598101581197
34.88918590010144,3620.705471663,odom,turning,4,4,,-0.005522100062138768,-0.42448762748415036,1.6901722342179384,-7.354855942923691,-5.645474210556968,-0.5839253790170109,-0.7150091955925886,-2.2253706455230713,1.904560415168944,-1.904560415168944,0.030984876999809785,pixhawk_fused,True,0.8,0.2,gyro,-1.0,0.005122428759932518,-0.06732950359582901,0.0,-0.25,0.010846909000065352,4,2.18511384140019,0.07949778868640489,0.1577287402679177,-0.0033690850389283293,-0.4245047149049695,1.5628599854874305,0.0021530828293681824,0.0021530828293681824,-0.12731224873050784,0.42452354407761544,preturn,1.5628599854874305,-0.12731224873050784
35.222280799993314,3620.822172817,odom,turning,4,4,,-0.005511323560950049,-0.42379648229022426,1.6882900388553188,-7.354335768275837,-5.645929420561027,-0.5858075743796305,-0.7244849026740191,-2.2253706455230713,1.904560415168944,-1.904560415168944,0.14978964399961114,pixhawk_fused,True,0.8,0.2,gyro,-1.0,0.010318302549421787,-0.13562437891960144,0.0,-0.25,0.029815720999977202,4,2.1858050503532565,0.08018899763947153,0.15910014341296835,-0.0033635994263481266,-0.42381352771986397,1.5628599854874305,0.002147791774130625,0.002147791774130625,-0.12543005336788826,0.4238323171832958,preturn,1.5628599854874305,-0.12543005336788826
35.22259200003464,3620.923047838,odom,turning,4,4,,-0.005485490916866231,-0.42285923621004073,1.682380947357905,-7.353637627103782,-5.646555277129421,-0.5917166658770443,-0.7386908952245128,-2.2199482917785645,1.9007057242148548,-1.9007057242148548,0.07480659299972103,pixhawk_fused,True,0.8,0.2,gyro,-1.0,0.012925094924867153,-0.1698881983757019,0.0,-0.25,0.0029084259999763162,4,2.18674247193166,0.08112641921787539,0.16096004828711347,-0.003356159806851546,-0.42287613566329485,1.5628599854874305,0.0021293981702811384,0.002129398170281138,-0.11952096187047445,0.4228948146510407,preturn,1.5628599854874305,-0.11952096187047445
35.222782500088215,3621.041523021,odom,turning,4,4,,-0.005452247250578385,-0.42202127614119167,1.660638061468913,-7.353020005490236,-5.647122574018901,-0.6134595517660364,-0.7501807259925972,-2.194946527481079,1.8764237428956656,-1.8764237428956656,0.0853881379998711,pixhawk_fused,True,0.8,0.2,gyro,-1.0,0.0025789295323193073,-0.03389760106801987,0.0,0.0,0.008704944999863073,4,2.187580669441288,0.08196461672750278,0.1626230862089701,-0.00334950765516412,-0.4220379645506791,1.5628599854874305,0.0021028058182186405,0.0021028058182186405,-0.09777807598148236,0.422056494460068,preturn,1.5628599854874305,-0.09777807598148236
35.543484800029546,3621.143751174,odom,turning,4,4,,-0.005454694058221771,-0.42207073751571844,1.6607729192326293,-7.353056147792065,-5.647088719204529,-0.61332469400232,-0.74950169118344,-2.194946527481079,1.8764237428956656,-1.8764237428956656,0.187282261999826,pixhawk_fused,True,0.8,0.2,gyro,-1.0,0.0,0.0,0.0,0.0,0.007813374999841471,4,2.187531190205931,0.08191513749214616,0.1625249162146699,-0.0033499003351413204,-0.42208744222780636,1.5628599854874305,0.0021048600105766663,0.0021048600105766663,-0.09791293374519872,0.4221059833197479,preturn,1.5628599854874305,-0.09791293374519872
35.54360930004623,,mission_status,navigating,4,4,going to waypoint 4/4,-0.005454694058221771,-0.42207073751571844,1.6607729192326293,,,,,,,,,,,,,,,,,,,,,,,,,,,,,,,,,
35.54366070008837,3621.261836719,odom,navigating,4,4,,-0.005454694058221771,-0.42207073751571844,1.655798728060832,-7.353056147792065,-5.647088719204529,-0.6182988851741174,-0.74950169118344,-2.1886000633239746,1.870216416703257,-1.870216416703257,0.10955161499987298,pixhawk_fused,True,0.8,0.2,gyro,-1.0,0.0,0.0,0.28,-0.5475058332506934,0.032591225000032864,4,2.187531190205931,0.08191513749214616,0.1625249162146699,-0.0033499003351413204,-0.42208744222780636,1.5628599854874305,0.0021048600105766663,0.0021048600105766663,-0.0929387425734014,0.4221059833197479,,,
35.54375070007518,3621.362480134,odom,navigating,4,4,,-0.005454694058221771,-0.42207073751571844,1.6564645225901817,-7.353056147792065,-5.647088719204529,-0.6176330906447676,-0.74950169118344,-2.1889305114746094,1.8710473107953547,-1.8710473107953547,0.09575159599990002,pixhawk_fused,True,0.8,0.2,gyro,-1.0,0.0,0.0,0.28,-0.5512162985309959,0.03509790199996132,4,2.187531190205931,0.08191513749214616,0.1625249162146699,-0.0033499003351413204,-0.42208744222780636,1.5628599854874305,0.0021048600105766663,0.0021048600105766663,-0.09360453710275118,0.4221059833197479,,,
35.902980600018054,3621.481483934,odom,navigating,4,4,,-0.0054243301316331816,-0.42138217778922243,1.6582374926068049,-7.35255061306394,-5.647557196635842,-0.6158601206281444,-0.7400565616757354,-2.188836097717285,1.870916974516538,-1.870916974516538,0.10435902399967745,pixhawk_fused,True,0.8,0.2,gyro,-1.0,0.025603223592042923,0.33653026819229126,0.28,-0.5506342770655474,0.006069993999972212,4,2.188219969223852,0.0826039165100672,0.16389149821166374,-0.003344434007153345,-0.4213986849013215,1.5628599854874305,0.00207996162786146,0.00207996162786146,-0.09537750711937432,0.4214170892545351,,,
35.90322760003619,3621.602746935,odom,navigating,4,4,,-0.005269956037291329,-0.4161923061626497,1.6602151830440168,-7.348692079220491,-5.651031432586417,-0.6138824301909325,-0.7299018080136881,-2.1887309551239014,1.8708642207919144,-1.8708642207919144,0.024472857000091608,pixhawk_fused,True,0.8,0.2,gyro,-1.0,0.07752330601215363,0.0,0.28,-0.5663268007027125,0.027141752000261476,4,2.193410902560559,0.08779484984677402,0.17419064476079943,-0.0033032374209568025,-0.4162079150405571,1.5628599854874305,0.0019667805553508816,0.001966780555350882,-0.09735519755658628,0.41622566973412356,,,
35.9033484000247,3621.721438797,odom,navigating,4,4,,-0.00482623413112096,-0.40144231483326,1.6674439335049196,-7.337729066831287,-5.660909260925745,-0.6066536797300297,-0.7413916877956304,-2.1968631744384766,1.882738102012732,-1.882738102012732,0.04865077800013751,pixhawk_fused,True,0.8,0.2,gyro,-1.0,0.15907242894172668,-0.13489405810832977,0.28,-0.6100539056203804,0.04631020799979524,4,2.2081639508660245,0.10254789815223952,0.203461644153148,-0.003186153423387408,-0.40145533134681344,1.5628599854874305,0.0016401323597517597,0.0016401323597517597,-0.10458394801748905,0.40147132484721076,,,
36.207233800087124,3621.8218237,odom,navigating,4,4,,-0.00396646945437884,-0.3838964314132317,1.6618087254887288,-7.324902667159136,-5.672912622610658,-0.6122888877462205,-0.769795895260918,-2.1968631744384766,1.882738102012732,-1.882738102012732,0.1488872029999584,pixhawk_fused,True,0.8,0.2,gyro,-1.0,0.1997702717781067,-0.2693767249584198,0.28,-0.5922226985583935,0.04638857600002666,4,2.225716105035006,0.1201000523212208,0.23828625011775567,-0.0030468549995289773,-0.38390372994065114,1.5628599854874305,0.0009196434168041997,0.0009196434168041998,-0.09894874000129827,0.38391692191377375,,,
36.20757120009512,3621.925159435,odom,navigating,4,4,,-0.0023103187971035277,-0.36377259210766927,1.6406821800007136,-7.3106250854438946,-5.68719066182339,-0.6334154332342357,-0.8096976395082338,-2.1792964935302734,1.8662440702407146,-1.8662440702407146,0.07496553199962364,pixhawk_fused,True,0.8,0.2,gyro,-1.0,0.22347083687782288,-0.43890896439552307,0.28,-0.4754127992082641,0.047174555999845325,4,2.2458524542276153,0.14023640151383032,0.2782380656867886,-0.002887047737252846,-0.36376801489385857,1.5628599854874305,0.0005767471034101727,-0.000576747103410173,-0.0778221945132831,0.3637799284480618,,,
36.207850500009954,3622.025225642,odom,navigating,4,4,,0.00040582158735186225,-0.34143330917863646,1.5779213713936715,-7.295343296734775,-5.703709981247061,-0.6961762418412778,-0.8382239711294897,-2.107851505279541,1.795026571670034,-1.795026571670034,0.0662757549998787,pixhawk_fused,True,0.8,0.2,gyro,-1.0,0.23564346134662628,-0.06733280420303345,0.28,0.02821222015936719,0.04727821999995285,4,2.2682125896255814,0.16259653691179674,0.32260201651885057,-0.0027095919339245977,-0.34140858367449933,1.5628599854874305,0.0031155116368113646,-0.0031155116368113646,-0.015061385906240954,0.3414335503547288,,,
36.52504100010265,3622.12539981,odom,navigating,4,4,,0.00363689476527318,-0.3175579009449765,1.5789922529210378,-7.279222915123707,-5.721615518070026,-0.6951053603139115,-0.8328299343824631,-2.107851505279541,1.795026571670034,-1.795026571670034,0.16606639499968878,pixhawk_fused,True,0.8,0.2,gyro,-1.0,0.2458643764257431,0.06732618063688278,0.28,0.08484218712198764,0.0467838810000103,4,2.2921128885911077,0.18649683587732296,0.3700217512076941,-0.002519912995169224,-0.3175090373913222,1.5628599854874305,0.006157001660379794,-0.006157001660379794,-0.016132267433607295,0.31757872639097406,,,
36.52517610008363,3622.225592458,odom,navigating,4,4,,0.006689601647830695,-0.29246552458267416,1.5708307651185618,-7.262058981734491,-5.740172073823419,-0.7032668481163875,-0.8111701362433288,-2.0929102897644043,1.779462702596047,-1.779462702596047,0.06995575299970369,pixhawk_fused,True,0.8,0.2,gyro,-1.0,0.2689944803714752,0.23571188747882843,0.28,0.16662352075552506,0.045977550000316114,4,2.3172287017988586,0.21161264908507388,0.41985314455235384,-0.002320587421790585,-0.2923940151456137,1.5628599854874305,0.009010472832760304,-0.009010472832760304,-0.007970779631131242,0.2925420206391305,,,
36.52527710003778,3622.344389392,odom,navigating,4,4,,0.009602270754598158,-0.2616981300379091,1.6022295090091205,-7.240476080074718,-5.762292077538231,-0.6718681042258288,-0.7773490304901182,-2.125361680984497,1.810259086170652,-1.810259086170652,0.07081625000000713,pixhawk_fused,True,0.8,0.2,gyro,-1.0,0.27535203099250793,0.3044222891330719,0.26355942270284016,0.2684801325787795,0.010628711000208568,4,2.348018243092126,0.24240219037834115,0.48094158036748214,-0.002076233678530072,-0.261605443494789,1.5628599854874305,0.011678872231079133,-0.011678872231079131,-0.039369523521689986,0.2618742348322625,,,
36.84254940005485,3622.445079509,odom,navigating,4,4,,0.011188127593941832,-0.23672428350109792,1.6072187467268262,-7.222453881391416,-5.779653192346292,-0.6668788665081231,-0.752316943665785,-2.125361680984497,1.810259086170652,-1.810259086170652,0.17144114699976853,pixhawk_fused,True,0.8,0.2,gyro,-1.0,0.25727400183677673,0.20289741456508636,0.23498248442627387,0.20403912072647545,0.010917221999989124,4,2.3730038889068137,0.26738783619302886,0.5305147132086604,-0.0018779411471653586,-0.2366205845428352,1.5628599854874305,0.013066480238430059,-0.013066480238430059,-0.04435876123939564,0.23698852419086985,,,
36.8426864000503,3622.562272279,odom,navigating,4,4,,0.01233830385069419,-0.20942783191844566,1.6467635455603375,-7.202378433966189,-5.79818412824016,-0.6273340676746118,-0.7367224901980655,-2.169877052307129,1.855764713147142,-1.855764713147142,0.008685593000336667,pixhawk_fused,True,0.8,0.2,gyro,-1.0,0.23256993293762207,0.20379415154457092,0.20818927229780498,0.1895257815802728,0.03573477300005834,4,2.400308608948984,0.2946925562351991,0.5846890388947305,-0.0016612438444210784,-0.20931672439705584,1.5628599854874305,0.01399998859103523,-0.013999988591035229,-0.083903560072907,0.20979096864253424,,,
36.842796400072984,3622.662640016,odom,navigating,4,4,,0.012940431840554309,-0.1895415339452804,1.662323089364191,-7.18760034999523,-5.811504625203148,-0.6117745238707584,-0.7292762125792047,-2.1885757446289062,1.8733403378142501,-1.8733403378142501,0.029059443999813084,pixhawk_fused,True,0.8,0.2,gyro,-1.0,0.20671842992305756,0.06792793422937393,0.1958049040663652,0.18203954026473135,0.032907290999901306,4,2.420199059294167,0.3145830065803821,0.624152975290282,-0.001503388098838872,-0.18942690045369787,1.5628599854874305,0.014444274827038028,-0.014444274827038027,-0.09946310387676038,0.1899827567611069,,,
37.18205730000045,3622.781647387,odom,navigating,4,4,,0.013397036045226657,-0.16857957132138646,1.6678245969656138,-7.171907728538729,-5.825409803960295,-0.6062730162693355,-0.7164283008685978,-2.1904561519622803,1.8770163976638103,-1.8770163976638103,0.10224498399975346,pixhawk_fused,True,0.8,0.2,gyro,-1.0,0.19464720785617828,0.13459192216396332,0.16411814858104123,0.15533350831180198,0.006747216999883676,4,2.4411639855003076,0.33554793278652273,0.6657487410964058,-0.001337005035614377,-0.1684626344874115,1.5628599854874305,0.014734505108589542,-0.014734505108589544,-0.10496461147818326,0.169111065402887,,,
37.182245400035754,3622.882248099,odom,navigating,4,4,,0.01353296971942905,-0.15224069097642925,1.6763571490243763,-7.159533793885688,-5.836080475452421,-0.597740464210573,-0.704915569473128,-2.1989004611968994,1.8848080272315526,-1.8848080272315526,0.024553373999879113,pixhawk_fused,True,0.8,0.2,gyro,-1.0,0.16391772031784058,0.06732954829931259,0.14557536904330023,0.10980351140345185,0.006795770999815431,4,2.457503430096291,0.35188737738250636,0.6981672530498417,-0.001207330987800633,-0.15212370446287976,1.5628599854874305,0.014740764932116256,-0.014740764932116257,-0.11349716353694572,0.15284099338334467,,,
37.182354400050826,3623.001620202,odom,navigating,4,4,,0.01349287643245288,-0.13504695598796151,1.6948936847226939,-7.146394008431848,-5.847169757149285,-0.5792039285122554,-0.6954245780611669,-2.218195676803589,1.9055927225215818,-1.9055927225215818,0.0343492540000625,pixhawk_fused,True,0.8,0.2,gyro,-1.0,0.14215798676013947,0.10187318176031113,0.13709912406232896,0.09791758576412216,0.026397677999739244,4,2.4746963054188194,0.36908025270503464,0.7322790266100225,-0.00107088389355991,-0.13493137058854865,1.5628599854874305,0.01456421899101018,-0.014564218991010179,-0.1320336992352633,0.13571933552753584,,,
37.502362700062804,3623.121360036,odom,navigating,4,4,,0.013362924980010855,-0.12019977447708968,1.694757056049944,-7.134985850983398,-5.8566728950430615,-0.5793405571850052,-0.696111218603734,-2.218195676803589,1.9055927225215818,-1.9055927225215818,0.1545477800000299,pixhawk_fused,True,0.8,0.2,gyro,-1.0,0.12035912275314331,-0.03365971893072128,0.12182055420812223,0.035466116456403296,0.04630585600034465,4,2.489541988025217,0.38392593531143254,0.7617338184302247,-0.0009530647262791011,-0.12008615551116675,1.5628599854874305,0.014316440568102723,-0.014316440568102723,-0.13189707056251354,0.12094028918588139,,,
37.50250230007805,3623.22166757,odom,navigating,4,4,,0.013333960628978646,-0.10988085746390033,1.6901539769339837,-7.127096764239691,-5.8633244510722164,-0.5839436363009656,-0.7062506781422592,-2.2135202884674072,1.9023644707346792,-1.9023644707346792,0.05903734599996824,pixhawk_fused,True,0.8,0.2,gyro,-1.0,0.10244347900152206,-0.1346523016691208,0.10902873884282108,0.03424303743491307,0.04637996499968722,4,2.4998603502004073,0.39424429748662254,0.7822061145080548,-0.0008711755419677811,-0.10976811828794042,1.5628599854874305,0.014205583541584155,-0.014205583541584157,-0.12729399144655318,0.11068693393105229,,,
37.50261349999346,3623.321848477,odom,navigating,4,4,,0.013397011445976978,-0.10025829760170388,1.6800382954671678,-7.119798306757531,-5.869595826685922,-0.5940593177677815,-0.7136359189873621,-2.2032620906829834,1.8915708570326204,-1.8915708570326204,0.0434453550001308,pixhawk_fused,True,0.8,0.2,gyro,-1.0,0.10261714458465576,0.0,0.10330780500231457,0.03261865914313858,0.04620935799994186,4,2.5094831074108086,0.4038670546970238,0.8012982854700399,-0.0007948068581198403,-0.10014566412309989,1.5628599854874305,0.0141922652553072,-0.014192265255307202,-0.11717830997973722,0.10114942488059663,,,
37.82381259999238,3623.422067791,odom,navigating,4,4,,0.013508906015364114,-0.09166741757782812,1.6786954728567693,-7.113318312287694,-5.87523722825381,-0.59540214037818,-0.7203879308516312,-2.2032620906829834,1.8915708570326204,-1.8915708570326204,0.1431199230000857,pixhawk_fused,True,0.8,0.2,gyro,-1.0,0.08209370821714401,-0.06744031608104706,0.09285831662389256,0.049030724936836426,0.04640581600006044,4,2.5180746049097813,0.4124585521959963,0.8183443706495092,-0.0007266225174019634,-0.09155443719264739,1.5628599854874305,0.01423597686056818,-0.014235976860568184,-0.1158354873693388,0.09265746590059461,,,
37.82406530005392,3623.541608352,odom,navigating,4,4,,0.01369190310324056,-0.0821926790636004,1.6715825233930806,-7.106210173762006,-5.881504486390091,-0.6025150898418687,-0.7244468075108897,-2.1956584453582764,1.883699841722333,-1.883699841722333,0.08976739499985342,pixhawk_fused,True,0.8,0.2,gyro,-1.0,0.08490891754627228,-0.03381960839033127,0.08352367947385206,0.09514192239251948,0.014636256000358117,4,2.527550497352042,0.4219344446382573,0.8371451524388989,-0.0006514193902444044,-0.08207884317079495,1.5628599854874305,0.014343774216105137,-0.014343774216105137,-0.10872253790565001,0.08332529449237214,,,
37.82425000006333,3623.642128343,odom,navigating,4,4,,0.013864075370603066,-0.0744432345096288,1.664984615866016,-7.100410935559545,-5.886647673189717,-0.6091129973689333,-0.7251257945430881,-2.1869421005249023,1.8756320188263889,-1.8756320188263889,0.0048651530000825005,pixhawk_fused,True,0.8,0.2,gyro,-1.0,0.08233591169118881,0.0,0.0748296555126854,0.14384152959011745,0.014057603999845014,4,2.5353010642594564,0.4296850115456717,0.8525227770856803,-0.0005899088916572789,-0.07432852034881715,1.5628599854874305,0.01445443947001614,-0.014454439470016142,-0.10212463037858543,0.07572323124469366,,,
38.18178580002859,3623.763265493,odom,navigating,4,4,,0.014031225878536512,-0.06605263051857409,1.6663608439253128,-7.094119430056213,-5.892201692736726,-0.6077367693096365,-0.7196707633466066,-2.187837839126587,1.8759947528014418,-1.8759947528014418,0.012758452000070974,pixhawk_fused,True,0.8,0.2,gyro,-1.0,0.06984281539916992,0.033977631479501724,0.06550450777991364,0.1855418346216442,0.03591393600027004,4,2.5436927305582033,0.4380766778444185,0.8691723842750237,-0.000523310462899905,-0.06593711832538801,1.5628599854874305,0.014554994715937483,-0.014554994715937485,-0.10350085843788226,0.06752647849605203,,,
38.18192210001871,3623.881619714,odom,navigating,4,4,,0.014116620773294557,-0.05894360845163289,1.6800988423734151,-7.088752526983235,-5.8968645071702595,-0.5939987708615342,-0.7088599314668725,-2.2023158073425293,1.8904601337308522,-1.8904601337308522,0.014399724999748287,pixhawk_fused,True,0.8,0.2,gyro,-1.0,0.05632149055600166,0.06729935854673386,0.05,0.19720067434974328,0.006534945000112202,4,2.550802206459534,0.445186153745749,0.883278043016117,-0.0004668878279355318,-0.05882786631987702,1.5628599854874305,0.014583967888171427,-0.014583967888171429,-0.11723885688598457,0.060610460807986107,,,
38.182021200074814,3624.001234235,odom,navigating,4,4,,0.014122494974550242,-0.05296671490948749,1.6891804022843975,-7.084197681957699,-5.900734478450996,-0.5849172109505518,-0.7000784749497662,-2.210465669631958,1.8996162545228834,-1.8996162545228834,0.028965630999664427,pixhawk_fused,True,0.8,0.2,gyro,-1.0,0.04393208026885986,0.03396739810705185,0.05,0.23746979052075617,0.026442400000178168,4,2.55677895839299,0.451162905679205,0.8951363043455804,-0.0004194547826176782,-0.052851302609827455,1.5628599854874305,0.014542407735272347,-0.014542407735272347,-0.12632041679696693,0.05481713010190447,,,
38.50260010000784,3624.101761985,odom,navigating,4,4,,0.014073205776601025,-0.04842160567558111,1.6929511612863557,-7.080699198640073,-5.903636385039684,-0.5811464519485936,-0.6811423078589606,-2.210465669631958,1.8996162545228834,-1.8996162545228834,0.12939262399959262,pixhawk_fused,True,0.8,0.2,gyro,-1.0,0.053341399878263474,0.1845059096813202,0.05,0.2904591926732058,0.026453787999798806,4,2.5613235333178372,0.45570748060405225,0.9041530341162277,-0.00038338786353508915,-0.04830687080542123,1.5628599854874305,0.014457048930070568,-0.014457048930070568,-0.13009117579892515,0.05042526169522599,,,
38.50276840000879,3624.20455464,odom,navigating,4,4,,0.013913708469823696,-0.04294363713677239,1.7200614187033803,-7.0764179371144635,-5.907057551281243,-0.554036194531569,-0.6615119226964749,-2.2380642890930176,1.9285870470101472,-1.9285870470101472,0.03239567399987209,pixhawk_fused,True,0.8,0.2,gyro,-1.0,0.056730762124061584,0.27115362882614136,0.0,0.0,0.021030315000189148,4,2.566800063529445,0.4611840108156601,0.9150188232858303,-0.0003399247068566788,-0.04283051306394153,1.5628599854874305,0.014254082074662588,-0.014254082074662586,-0.1572014332159497,0.045141413955679555,,,
38.50289600004908,,mission_status,turning,4,4,final alignment at waypoint 4/4,0.013913708469823696,-0.04294363713677239,1.7200614187033803,,,,,,,,,,,,,,,,,,,,,,,,,,,,,,,final,0.0,
38.50295160000678,3624.325179932,odom,turning,4,4,,0.013756648634277733,-0.03900216700074996,1.7162960752938918,-7.0733101566545935,-5.909486862961194,-0.5578015379410575,-0.6804327694536968,-2.2380642890930176,1.9285870470101472,-1.9285870470101472,0.15242770299983022,pixhawk_fused,True,0.8,0.2,gyro,-1.0,0.03843351826071739,-0.5051724314689636,0.0,-1.55,0.010441362999699777,4,2.570740163070983,0.4651241103571984,0.9228362349080397,-0.0003086550603678415,-0.03889053760634803,1.5628599854874305,0.014065746661457578,-0.014065746661457578,-0.15343608980646128,0.04135715672530408,final,0.0,-1.7162960752938918
38.84850250009913,3624.443927994,odom,turning,4,4,,0.013790965765758495,-0.03381572517496908,1.7164100174977037,-7.069376593222537,-5.912867311926008,-0.5576875957372456,-0.7514930112333819,-2.2536070346832275,1.946282432168209,-1.946282432168209,0.09825975100011419,pixhawk_fused,True,0.8,0.2,gyro,-1.0,0.0465233288705349,-0.6115053296089172,0.0,-1.55,0.02962722499978554,4,2.57592671391188,0.4703106611980953,0.9331266863028226,-0.0002674932547887098,-0.033704150103377406,1.5628599854874305,0.014058901771795895,-0.014058901771795895,-0.15355003201027317,0.03651977554505723,final,0.0,-1.7164100174977037
38.84864219999872,3624.561794746,odom,turning,4,4,,0.014281410013122706,-0.027867017594994575,1.6743870547318447,-7.06515663636079,-5.9170886412802295,-0.5997105585031046,-0.8332877653163236,-2.2149739265441895,1.9139893394405478,-1.9139893394405478,0.10207424700001866,pixhawk_fused,True,0.8,0.2,gyro,-1.0,0.05634952709078789,-0.7406615018844604,0.0,-1.55,0.011434781999923871,4,2.581879126443717,0.47626307372993226,0.944936656689611,-0.00022025337324155583,-0.027751925028436042,1.5628599854874305,0.014502120095706518,-0.014502120095706518,-0.11152706924441413,0.03131340514224952,final,0.0,-1.6743870547318447
38.848742600064725,3624.665984457,odom,turning,4,4,,0.01512603580935746,-0.022604104002477803,1.5215923108327045,-7.061688805375097,-5.921136579085165,-0.7525053024022448,-0.9063315751375978,-2.0476043224334717,1.7416119470293159,-1.7416119470293159,0.012347202999990259,pixhawk_fused,True,0.8,0.2,gyro,-1.0,0.05378818139433861,-0.7069950103759766,0.0,-1.55,0.016866531999767176,4,2.587148577461675,0.48153252474789016,0.9553915873826472,-0.00017843365046941138,-0.022482639959145845,1.5628599854874305,0.015304951452408988,-0.015304951452408991,0.04126767465472603,0.027198207239831032,final,0.0,-1.5215923108327045
39.18725000007544,3624.784302585,odom,turning,4,4,,0.016649311555075996,-0.016371642225114415,1.425400962817795,-7.057920398537477,-5.926329175613875,-0.8486966504171543,-0.9942603278712916,-1.9492605924606323,1.6433766354615325,-1.6433766354615325,0.024801718999697187,pixhawk_fused,True,0.8,0.2,gyro,-1.0,0.05651833117008209,-0.7428802251815796,0.0,-1.55,0.008518726999682258,1,0.016561289881365765,0.016561289881365765,0.022199801361262667,0.01656105181550195,8.879920544505068e-05,0.005361878910097319,0.01646067805014448,-0.01646067805014448,-1.4200390839076977,0.023350165832497556,final,0.0,-1.425400962817795
39.18752520007547,3624.905211258,odom,turning,4,4,,0.018661143735987085,-0.010434509719844033,1.3525677810040702,-7.054693211232321,-5.931703398646717,-0.9215298322308791,-1.0801596068085504,-1.8800444602966309,1.5737745648319357,-1.5737745648319357,0.031615823000265664,pixhawk_fused,True,0.8,0.2,gyro,-1.0,0.056343913078308105,-0.7405877113342285,0.0,-1.55,0.012403016999996908,1,0.01860492717554383,0.01860492717554383,0.02493922216182895,0.018604659732724398,9.97568886473158e-05,0.005361878910097319,0.010534418039047075,-0.010534418039047073,-1.3472059020939728,0.021380301181898483,final,0.0,-1.3525677810040702
39.18763719999697,3625.007212988,odom,turning,4,4,,0.020891524555753153,-0.005269388927397757,1.3373588341496843,-7.052196189923625,-5.936745021003227,-0.936738779085265,-1.1572546703526707,-1.8800444602966309,1.5737745648319357,-1.5737745648319357,0.13081064200014225,pixhawk_fused,True,0.8,0.2,gyro,-1.0,0.05891086533665657,-0.7743278741836548,0.0,-1.55,0.014553739999882964,1,0.020862970553488767,0.020862970553488767,0.02796604644994764,0.02086267065166094,0.00011186418579979056,0.005361878910097319,0.005381330468952791,-0.00538133046895279,-1.331996955239587,0.021545817643612856,final,0.0,-1.3373588341496843
39.52096380002331,3625.124809486,odom,turning,4,4,,0.02416323387477578,0.0008153134446247223,1.1859642969767141,-7.049671261267947,-5.94317560574398,-1.0881333162582352,-1.2519355498892246,-1.7144380807876587,1.4084484551245802,-1.4084484551245802,0.028596382000159792,pixhawk_fused,True,0.8,0.2,gyro,-1.0,0.05652115121483803,-0.7429172992706299,0.0,-1.55,0.01000543000009202,1,0.024167258123213176,0.024167258123213176,0.032395322684699586,0.02416691072278589,0.00012958129073879836,0.005361878910097319,0.000685742011316441,0.0006857420113164409,-1.1806024180666168,0.02417698507465514,final,0.0,-1.1859642969767141
39.52111980004702,3625.224860932,odom,turning,4,4,,0.027141463278429697,0.005360924829613969,1.1707489660257209,-7.04813040971652,-5.948386959669842,-1.1033486472092284,-1.3291220663200285,-1.7144380807876587,1.4084484551245802,-1.4084484551245802,0.12877071299999443,pixhawk_fused,True,0.8,0.2,gyro,-1.0,0.059458423405885696,-0.7815250158309937,0.0,-1.55,0.030776048000006995,1,0.027169817616333542,0.027169817616333542,0.03642014350482454,0.027169427054599106,0.00014568057401929816,0.005361878910097319,0.0052153192249651285,0.0052153192249651285,-1.1653870871156236,0.027665837126736637,final,0.0,-1.1707489660257209
39.52124090003781,3625.343383666,odom,turning,4,4,,0.0312701542571436,0.010613943017619797,1.1026826536091003,-7.0467940595438,-5.954933291275949,-1.171414959625849,-1.4314170343222368,-1.6545706987380981,1.3487028008992308,-1.3487028008992308,0.09232727300013721,pixhawk_fused,True,0.8,0.2,gyro,-1.0,0.052490293979644775,-0.8780996799468994,0.0,-1.55,0.013689927999621432,1,0.031326615158258006,0.031326615158258006,0.04199217807403636,0.03132616484323112,0.00016796871229614544,0.005361878910097319,0.010446124466673553,0.010446124466673553,-1.097320774699003,0.03302239139806256,final,0.0,-1.1026826536091003
39.84760310000274,3625.461622555,odom,turning,4,4,,0.035797748207305774,0.015267075078103457,0.9571799716930687,-7.046173235447813,-5.961395900841108,-1.3169176415418806,-1.529920050618257,-1.4963529109954834,1.1917586333448522,-1.1917586333448522,0.10749529299982896,pixhawk_fused,True,0.8,0.2,gyro,-1.0,0.05650986731052399,-0.7427690029144287,0.0,-1.55,0.010003355000208103,1,0.03587909343610173,0.03587909343610173,0.04809460815004801,0.03587857767993582,0.00019237843260019204,0.005361878910097319,0.015074913344944742,0.015074913344944742,-0.9518180927829714,0.038917378613597696,final,0.0,-0.9571799716930687
39.84775469999295,3625.565720602,odom,turning,4,4,,0.04017068645666237,0.019038679256339987,0.8756417576366149,-7.046124740713712,-5.967170434179027,-1.3984558555983344,-1.6103950368596058,-1.4162269830703735,1.109960227757179,-1.109960227757179,0.0968621950000852,pixhawk_fused,True,0.8,0.2,gyro,-1.0,0.06147221103310585,-0.8079943656921387,0.0,-1.55,0.011493873000290478,1,0.04027219161317837,0.04027219161317837,0.053983395049512856,0.04027161270693659,0.00021593358019805144,0.005361878910097319,0.0188230162539566,0.0188230162539566,-0.8702798787265176,0.04445396898169238,final,0.0,-0.8756417576366149
39.847853300045244,3625.666658303,odom,turning,4,4,,0.04474560304957928,0.022393116742758006,0.7639721156340158,-7.046525051018789,-5.972829220651592,-1.5101254976009335,-1.6881462038567612,-1.2950234413146973,0.9899622445995442,-0.9899622445995442,0.007244093000281282,pixhawk_fused,True,0.8,0.2,gyro,-1.0,0.056187305599451065,-0.7385292053222656,0.0,-1.55,0.015718302999630396,1,0.044865028443840306,0.044865028443840306,0.0601399242846003,0.04486438351631182,0.0002405596971384012,0.005361878910097319,0.02215287548962229,0.022152875489622286,-0.7586102367239185,0.050036193597488086,final,0.0,-0.7639721156340158
40.16406990005635,3625.767811535,odom,turning,4,4,,0.04962312898343873,0.025413318020013405,0.7485110779710866,-7.04737599635301,-5.978502647043886,-1.5255865352638627,-1.7667594915918743,-1.2950234413146973,0.9899622445995442,-0.9899622445995442,0.10825408800019432,pixhawk_fused,True,0.8,0.2,gyro,-1.0,0.061430104076862335,-0.8074408769607544,0.0,-1.55,0.01306014800002231,1,0.049758678139990756,0.049758678139990756,0.06669968212739849,0.049757962867039277,0.00026679872850959396,0.005361878910097319,0.025146880773848277,0.025146880773848274,-0.7431491990609893,0.05575205523470265,final,0.0,-0.7485110779710866
40.1643101000227,3625.881938602,odom,turning,4,4,,0.05560482996914719,0.02844426332203174,0.6472629297162968,-7.048932860316639,-5.985025188780433,-1.6268346835186525,-1.85867079530462,-1.1917781829833984,0.8864409675294987,-0.8864409675294987,0.11176379500011535,pixhawk_fused,True,0.8,0.2,gyro,-1.0,0.054288122802972794,-0.713566243648529,0.0,-1.4301385159515652,0.002541638999900897,1,0.05575654462353617,0.05575654462353617,0.0747396020539195,0.055755743132223944,0.000298958408215678,0.005361878910097319,0.028145709503838563,0.02814570950383856,-0.6419010508061995,0.062457771588737054,final,0.0,-0.6472629297162968
40.16448800009675,3625.982669827,odom,turning,4,4,,0.06039951542093128,0.03039850157630896,0.5721890468293156,-7.0505432514867765,-5.989946031799183,-1.7019085664056337,-1.9296164526387112,-1.1155537366867065,0.8103605200941197,-0.8103605200941197,0.03475540900035412,pixhawk_fused,True,0.8,0.2,gyro,-1.0,0.05376676842570305,-0.7067135572433472,0.0,-1.2649209551683636,0.012016359999961423,1,0.06056163949116477,0.06056163949116477,0.08118065539864729,0.06056076892739087,0.00032472262159458917,0.005361878910097319,0.030074211266637844,0.03007421126663784,-0.5668271679192183,0.06761782576486894,final,0.0,-0.5721890468293156
40.50708430004306,3626.102661652,odom,turning,4,4,,0.06594826856648091,0.03218357813812713,0.5002113900019323,-7.052770349275478,-5.995332607264296,-1.773886223233017,-2.0094809529954616,-1.0460691452026367,0.7403050710851781,-0.7403050710851781,0.04388991599989822,pixhawk_fused,True,0.8,0.2,gyro,-1.0,0.049135103821754456,-0.6458346843719482,0.0,-1.1060348527948902,0.003645646999757446,1,0.06611988419279266,0.06611988419279266,0.08863127845864617,0.06611893373015004,0.0003545251138345847,0.005361878910097319,0.03182951056835962,0.031829510568359615,-0.49484951109183495,0.07338226508284974,final,0.0,-0.5002113900019323
40.50725020002574,3626.204172393,odom,turning,4,4,,0.07030649145425641,0.033247665994021326,0.4239760428780648,-7.05477739077076,-5.999344860264894,-1.8501215703568845,-2.0723014167208316,-0.9669477939605713,0.6607982258493534,-0.6607982258493534,0.09768759899998258,pixhawk_fused,True,0.8,0.2,gyro,-1.0,0.045201096683740616,-0.5941258668899536,0.0,-0.9378811653549591,0.009946821000085038,1,0.07048374991471332,0.07048374991471332,0.0944808803246738,0.07048273672220666,0.00037792352129869524,0.005361878910097319,0.032870214976747275,0.03287021497674727,-0.41861416396796747,0.07777152457459884,final,0.0,-0.4239760428780648
40.50739949999843,3626.326147093,odom,turning,4,4,,0.0746352781527489,0.0340210685916063,0.37207437355663897,-7.056987103654784,-6.003146664419394,-1.9020232396783103,-2.132550741985861,-0.9168714284896851,0.6109334387476079,-0.6109334387476079,0.06508065299976806,pixhawk_fused,True,0.8,0.2,gyro,-1.0,0.03354121372103691,-0.44086766242980957,0.0,-0.8264495041392581,0.032311304999893764,1,0.07481662125880374,0.07481662125880374,0.100288935364574,0.0748155457819722,0.000401155741458296,0.005361878910097319,0.033620396137905524,0.033620396137905524,-0.36671249464654165,0.08202352012107855,final,0.0,-0.37207437355663897
40.8481626000721,3626.444511108,odom,turning,4,4,,0.07835727776004792,0.03446949402014346,0.2801548303955097,-7.059052247331488,-6.006275489763874,-1.9939427828394396,-2.185277469327064,-0.8167577981948853,0.5094202853138081,-0.5094202853138081,0.08058110900037718,pixhawk_fused,True,0.8,0.2,gyro,-1.0,0.028174763545393944,-0.3703307509422302,0.0,-0.6195567267826246,0.0109777379998377,1,0.07854097175428736,0.07854097175428736,0.10528129053688973,0.07853984274051974,0.0004211251621475589,0.005361878910097319,0.03404885830482778,0.034048858304827775,-0.2747929514854124,0.08560379078037378,final,0.0,-0.2801548303955097
40.848325600032695,3626.565806585,odom,turning,4,4,,0.08141215909118095,0.03468814324465443,0.23860417658657962,-7.060861192412943,-6.008746891213045,-2.0354934366483697,-2.227239217910068,-0.7755109667778015,0.4679706401521794,-0.4679706401521794,0.08852692399977968,pixhawk_fused,True,0.8,0.2,gyro,-1.0,0.020673921331763268,-0.27173924446105957,0.0,-0.5302132822727919,0.03099715300004391,1,0.08159698153704334,0.08159698153704334,0.10937775950888645,0.08159580859362929,0.0004375110380355458,0.005361878910097319,0.03425112456099549,0.034251124560995494,-0.2332422976764823,0.08849410675095501,final,0.0,-0.23860417658657962
40.84843690006528,3626.667355955,odom,turning,4,4,,0.08368130001033233,0.03476597735944856,0.23247784614108236,-7.062269369691831,-6.010527928947519,-2.041619767093867,-2.258359451753977,-0.7755109667778015,0.4679706401521794,-0.4679706401521794,0.18975754299981418,pixhawk_fused,True,0.8,0.2,gyro,-1.0,0.02584759145975113,-0.3397422432899475,0.0,-0.5173065085773039,0.03301473100009389,1,0.08386650717275985,0.08386650717275985,0.11241997534220083,0.08386530160528181,0.0004496799013688033,0.005361878910097319,0.0343167907563973,0.0343167907563973,-0.22711596723098504,0.09061585486644672,final,0.0,-0.23247784614108236
41.186384000000544,3626.784374744,odom,turning,4,4,,0.08619622737224963,0.034769705310082964,0.17753917019129073,-7.063893028289222,-6.012448503416904,-2.0965584430436586,-2.292813747882066,-0.7104699015617371,0.40801315212198414,-0.40801315212198414,0.113569321000341,pixhawk_fused,True,0.8,0.2,gyro,-1.0,0.020550068467855453,-0.2701112926006317,0.0,-0.3929292127317386,0.009452259000227059,1,0.08638141837172714,0.08638141837172714,0.11579112151850846,0.08638017665280731,0.00046316448607403385,0.005361878910097319,0.034307033982074416,0.034307033982074416,-0.1721772912811934,0.09294472561990039,final,0.0,-0.17753917019129073
41.18674260005355,3626.884802105,odom,turning,4,4,,0.08822098505931636,0.034709895608067004,0.14922097050660543,-7.065248135859093,-6.013954127661484,-2.124876642728344,-2.320569539736501,-0.6822008490562439,0.3795568781191937,-0.3795568781191937,0.03328185399959693,pixhawk_fused,True,0.8,0.2,gyro,-1.0,0.018092405050992966,-0.23780763149261475,0.0,-0.38266503362045357,0.030181896000158304,1,0.08840582626238633,0.08840582626238633,0.11850476600929016,0.08840455544293047,0.00047401906403716067,0.005361878910097319,0.03423636868629313,0.03423636868629314,-0.14385909159650812,0.09480358146166752,final,0.0,-0.14922097050660543
41.18689950008411,3627.004243703,odom,turning,4,4,,0.0892540603117367,0.034657351581682524,0.11954650465068095,-7.06595634197596,-6.014708083527503,-2.1545511085842683,-2.3536963880967243,-0.6537024974822998,0.3507297620768181,-0.3507297620768181,0.050398378999943816,pixhawk_fused,True,0.8,0.2,gyro,-1.0,-0.007761294953525066,-0.5100745558738708,0.0,-0.2674263769454592,0.00922548700009429,1,0.08943860493116002,0.08943860493116002,0.11988916791645818,0.0894373192656778,0.0004795566716658327,0.005361878910097319,0.03417828621735389,0.03417828621735388,-0.11418462574058363,0.09574664119846442,final,0.0,-0.11954650465068095
41.52187749999575,3627.104662749,odom,turning,4,4,,0.08930934752676178,0.03465864512002886,0.09403725185242351,-7.065991111785316,-6.014751088291705,-2.180060361382526,-2.3989386963124777,-0.6335057020187378,0.330052839427673,-0.330052839427673,0.02983183000014833,pixhawk_fused,True,0.8,0.2,gyro,-1.0,-0.017926719039678574,-0.43759825825691223,0.0,-0.25,0.010567823000201315,1,0.08949389828720308,0.08949389828720308,0.1199632866312169,0.08949261182688781,0.0004798531465248676,0.005361878910097319,0.03417928329517401,0.034179283295174015,-0.08867537294232619,0.09579864945400854,final,0.0,-0.09403725185242351
41.522031700005755,3627.221923087,odom,turning,4,4,,0.08994772943978165,0.034570737278259295,0.047676714042811597,-7.066471026653916,-6.01518113593373,-2.2264208991921377,-2.4185461824035746,-0.5851256251335144,0.2771364169711701,-0.2771364169711701,0.073280387000068,pixhawk_fused,True,0.8,0.2,gyro,-1.0,0.0051447078585624695,-0.0676223412156105,0.0,-0.25,0.023163352999745257,1,0.0901317996746419,0.0901317996746419,0.12081837003297231,0.09013050404459734,0.00048327348013188926,0.005361878910097319,0.0340879538069508,0.0340879538069508,-0.04231483513271428,0.09636249222251668,final,0.0,-0.047676714042811597
41.52213040005881,3627.340685609,odom,turning,4,4,,0.09116765926238823,0.03438271917286716,0.01171864926893873,-7.067403406541627,-6.015989991498731,-2.2623789639660106,-2.4367957723896683,-0.5502573251724243,0.23682090394147554,-0.23682090394147554,0.07873852600005193,pixhawk_fused,True,0.8,0.2,gyro,-1.0,0.012825224548578262,-0.1685754954814911,0.0,0.0,0.012473773999772675,1,0.09135070383547113,0.09135070383547113,0.12245226633227396,0.09134939068387637,0.0004898090653290959,0.005361878910097319,0.03389339731964342,0.033893397319643415,-0.006356770358841411,0.09743568890864975,final,0.0,-0.01171864926893873
41.84734570002183,3627.446794529,odom,turning,4,4,,0.09155864251263061,0.034317764485215625,-0.0015688288543751483,-7.067705812383519,-6.01624619009398,-2.2756664420893244,-2.4422201925327585,-0.534371554851532,0.2215944196427695,-0.2215944196427695,0.07214219499974206,pixhawk_fused,True,0.8,0.2,gyro,-1.0,-0.002284139161929488,0.030022859573364258,0.0,0.0,0.011543316999905073,1,0.09174133318789152,0.09174133318789152,0.12297589064485656,0.091740014421063,0.0004919035625794262,0.005361878910097319,0.03382634717090651,0.03382634717090651,0.0069307077644724675,0.09777880127112633,final,0.0,0.0015688288543751483
41.84747909998987,,mission_status,navigating,4,4,correcting final position at waypoint 4/4,0.09155864251263061,0.034317764485215625,-0.0015688288543751483,,,,,,,,,,,,,,,,,,,,,,,,,,,,,,,,,
41.84753070003353,3627.549038695,odom,navigating,4,4,,0.09155864251263061,0.034317764485215625,-0.0015688288543751483,-7.067705812383519,-6.01624619009398,-2.2756664420893244,-2.4422201925327585,-0.534371554851532,0.2215944196427695,-0.2215944196427695,0.17403859199976068,pixhawk_fused,True,0.8,0.2,gyro,-1.0,0.0,0.0,0.0,0.0,0.07111812800030748,1,0.09174133318789152,0.09174133318789152,0.12297589064485656,0.091740014421063,0.0004919035625794262,0.005361878910097319,0.03382634717090651,0.03382634717090651,0.0069307077644724675,0.09777880127112633,,,
41.84762540005613,3627.665266115,odom,navigating,4,4,,0.09155864251263061,0.034317764485215625,-0.00514859273817958,-7.067705812383519,-6.01624619009398,-2.279246205973129,-2.4422201925327585,-0.5309702157974243,0.21713109219395438,-0.21713109219395438,0.03197649799994906,pixhawk_fused,True,0.8,0.2,gyro,-1.0,0.0,0.0,0.05,-0.3641153692707617,0.014296078999905149,1,0.09174133318789152,0.09174133318789152,0.12297589064485656,0.091740014421063,0.0004919035625794262,0.005361878910097319,0.03382634717090651,0.03382634717090651,0.0105104716482769,0.09777880127112633,,,
42.16575130005367,3627.781820915,odom,navigating,4,4,,0.09155864251263061,0.034317764485215625,-0.005164047705917607,-7.067705812383519,-6.01624619009398,-2.279261660940867,-2.4422201925327585,-0.5309180021286011,0.21711182153732397,-0.21711182153732397,0.10803081400035808,pixhawk_fused,True,0.8,0.2,gyro,-1.0,0.0,0.0,0.05,-0.36388695297656937,0.036838985000031244,1,0.09174133318789152,0.09174133318789152,0.12297589064485656,0.091740014421063,0.0004919035625794262,0.005361878910097319,0.03382634717090651,0.03382634717090651,0.010525926616014926,0.09777880127112633,,,
42.166074600070715,3627.883224121,odom,navigating,4,4,,0.09155864251263061,0.034317764485215625,-0.005263189707917615,-7.067705812383519,-6.01624619009398,-2.279360802942867,-2.4422201925327585,-0.5308405756950378,0.21698820207356356,-0.21698820207356356,0.03086293400019713,pixhawk_fused,True,0.8,0.2,gyro,-1.0,0.0,0.0,0.05,-0.36388695297656937,0.0339869100002943,1,0.09174133318789152,0.09174133318789152,0.12297589064485656,0.091740014421063,0.0004919035625794262,0.005361878910097319,0.03382634717090651,0.03382634717090651,0.010625068618014934,0.09777880127112633,,,
42.16618900001049,3627.984300557,odom,navigating,4,4,,0.09155864251263061,0.034317764485215625,-0.005392895330384118,-7.067705812383519,-6.01624619009398,-2.2794905085653334,-2.4422201925327585,-0.5306708216667175,0.2168264724814321,-0.2168264724814321,0.0269946059997892,pixhawk_fused,True,0.8,0.2,gyro,-1.0,0.0,0.0,0.05,-0.36398171017088643,0.036343701000078,1,0.09174133318789152,0.09174133318789152,0.12297589064485656,0.091740014421063,0.0004919035625794262,0.005361878910097319,0.03382634717090651,0.03382634717090651,0.010754774240481437,0.09777880127112633,,,
42.499763400061056,3628.086182399,odom,navigating,4,4,,0.09155864251263061,0.034317764485215625,-0.005392895330384118,-7.067705812383519,-6.01624619009398,-2.2794905085653334,-2.4422201925327585,-0.5306708216667175,0.2168264724814321,-0.2168264724814321,0.12851603099989006,pixhawk_fused,True,0.8,0.2,gyro,-1.0,0.0,0.0,0.05,-0.36410567382941694,0.03481161099989549,1,0.09174133318789152,0.09174133318789152,0.12297589064485656,0.091740014421063,0.0004919035625794262,0.005361878910097319,0.03382634717090651,0.03382634717090651,0.010754774240481437,0.09777880127112633,,,
42.50011440005619,3628.205394353,odom,navigating,4,4,,0.09155864251263061,0.034317764485215625,-0.005741860846661062,-7.067705812383519,-6.01624619009398,-2.2798394740816104,-2.4422201925327585,-0.5304737091064453,0.21639134513907946,-0.21639134513907946,0.04795429299974785,pixhawk_fused,True,0.8,0.2,gyro,-1.0,0.0,0.0,0.05,-0.36410567382941694,0.008835717999772896,1,0.09174133318789152,0.09174133318789152,0.12297589064485656,0.091740014421063,0.0004919035625794262,0.005361878910097319,0.03382634717090651,0.03382634717090651,0.011103739756758381,0.09777880127112633,,,
42.5002973000519,3628.321286559,odom,navigating,4,4,,0.09155864251263061,0.034317764485215625,-0.005841448802622384,-7.067705812383519,-6.01624619009398,-2.2799390620375717,-2.4422201925327585,-0.5302258729934692,0.21626716742869345,-0.21626716742869345,0.04875653199997032,pixhawk_fused,True,0.8,0.2,gyro,-1.0,0.0,0.0,0.05,-0.364439160506271,0.027572479999889765,1,0.09174133318789152,0.09174133318789152,0.12297589064485656,0.091740014421063,0.0004919035625794262,0.005361878910097319,0.03382634717090651,0.03382634717090651,0.011203327712719703,0.09777880127112633,,,
42.80713560001459,3628.424220151,odom,navigating,4,4,,0.09155864251263061,0.034317764485215625,-0.005841448802622384,-7.067705812383519,-6.01624619009398,-2.2799390620375717,-2.4422201925327585,-0.5302258729934692,0.21626716742869345,-0.21626716742869345,0.15030645600018033,pixhawk_fused,True,0.8,0.2,gyro,-1.0,0.0,0.0,0.05,-0.3645343229650652,0.028782024000065576,1,0.09174133318789152,0.09174133318789152,0.12297589064485656,0.091740014421063,0.0004919035625794262,0.005361878910097319,0.03382634717090651,0.03382634717090651,0.011203327712719703,0.09777880127112633,,,
42.80726350005716,3628.524480904,odom,navigating,4,4,,0.09155864251263061,0.034317764485215625,-0.005916245630342765,-7.067705812383519,-6.01624619009398,-2.280013858865292,-2.4422201925327585,-0.5301477313041687,0.21617390189897148,-0.21617390189897148,0.06531223899992256,pixhawk_fused,True,0.8,0.2,gyro,-1.0,0.0,0.0,0.05,-0.3645343229650652,0.02898809299995264,1,0.09174133318789152,0.09174133318789152,0.12297589064485656,0.091740014421063,0.0004919035625794262,0.005361878910097319,0.03382634717090651,0.03382634717090651,0.011278124540440084,0.09777880127112633,,,
42.80735610006377,3628.625155221,odom,navigating,4,4,,0.09155864251263061,0.034317764485215625,-0.0059694572444795035,-7.067705812383519,-6.01624619009398,-2.280067070479429,-2.4422201925327585,-0.530074417591095,0.216107551236822,-0.216107551236822,0.0675072200001523,pixhawk_fused,True,0.8,0.2,gyro,-1.0,0.0,0.0,0.05,-0.364656637647764,0.029653391000010743,1,0.09174133318789152,0.09174133318789152,0.12297589064485656,0.091740014421063,0.0004919035625794262,0.005361878910097319,0.03382634717090651,0.03382634717090651,0.011331336154576823,0.09777880127112633,,,
43.1310855000047,3628.742345319,odom,navigating,4,4,,0.09155864251263061,0.034317764485215625,-0.006105942460991276,-7.067705812383519,-6.01624619009398,-2.2802035556959406,-2.4422201925327585,-0.529889702796936,0.2159373645067203,-0.2159373645067203,0.062348257999929046,pixhawk_fused,True,0.8,0.2,gyro,-1.0,0.0,0.0,0.05,-0.36478704547992563,0.04818667600011395,1,0.09174133318789152,0.09174133318789152,0.12297589064485656,0.091740014421063,0.0004919035625794262,0.005361878910097319,0.03382634717090651,0.03382634717090651,0.011467821371088595,0.09777880127112633,,,
43.13124040002003,3628.842507444,odom,navigating,4,4,,0.09155864251263061,0.034317764485215625,-0.006105942460991276,-7.067705812383519,-6.01624619009398,-2.2802035556959406,-2.4422201925327585,-0.529889702796936,0.2159373645067203,-0.2159373645067203,0.16205806200014194,pixhawk_fused,True,0.8,0.2,gyro,-1.0,0.0,0.0,0.05,-0.36478704547992563,0.049342443000114145,1,0.09174133318789152,0.09174133318789152,0.12297589064485656,0.091740014421063,0.0004919035625794262,0.005361878910097319,0.03382634717090651,0.03382634717090651,0.011467821371088595,0.09777880127112633,,,
43.13134900003206,3628.949327825,odom,navigating,4,4,,0.09155864251263061,0.034317764485215625,-0.006204905616218337,-7.067705812383519,-6.01624619009398,-2.2803025188511676,-2.4422201925327585,-0.529761552810669,0.21581396450423515,-0.21581396450423515,0.09185687399985909,pixhawk_fused,True,0.8,0.2,gyro,-1.0,0.0,0.0,0.05,-0.3648815977752611,0.0040608959998280625,1,0.09174133318789152,0.09174133318789152,0.12297589064485656,0.091740014421063,0.0004919035625794262,0.005361878910097319,0.03382634717090651,0.03382634717090651,0.011566784526315656,0.09777880127112633,,,
43.466316700098105,3629.065236641,odom,navigating,4,4,,0.09155864251263061,0.034317764485215625,-0.006422925002076418,-7.067705812383519,-6.01624619009398,-2.2805205382370257,-2.4422201925327585,-0.5294911861419678,0.21554210855760492,-0.21554210855760492,0.09283744300000762,pixhawk_fused,True,0.8,0.2,gyro,-1.0,0.0,0.0,0.05,-0.3650898872689087,0.013513469000372424,1,0.09174133318789152,0.09174133318789152,0.12297589064485656,0.091740014421063,0.0004919035625794262,0.005361878910097319,0.03382634717090651,0.03382634717090651,0.011784803912173738,0.09777880127112633,,,
43.466493000043556,3629.165248807,odom,navigating,4,4,,0.09160762637448605,0.034309514297323304,-0.0069607666563173964,-7.067743784675315,-6.016278214918387,-2.2810583798912667,-2.4428992490082546,-0.5289628505706787,0.21503913795407742,-0.21503913795407742,0.0032711939998080197,pixhawk_fused,True,0.8,0.2,gyro,-1.0,0.0025776377879083157,-0.03388062119483948,0.05,-0.3650898872689087,0.014544701999966492,1,0.09179027210931534,0.09179027210931534,0.12304149147318731,0.09178895263899774,0.0004921659658927493,0.005361878910097319,0.03381783445733199,0.03381783445733199,0.012322645566414716,0.09782177662098386,,,
43.46661020000465,3629.283058926,odom,navigating,4,4,,0.09180157430485829,0.03427602789661667,-0.00858251397835641,-7.067894758847515,-6.016404484226045,-2.2826801272133057,-2.4456000316388096,-0.5271624326705933,0.21368381853420168,-0.21368381853420168,0.007734339000307955,pixhawk_fused,True,0.8,0.2,gyro,-1.0,0.0051380302757024765,-0.06753457337617874,0.05,-0.36519983429854963,0.035983858999770746,1,0.09198403770255206,0.09198403770255206,0.12330122714059703,0.09198271544688538,0.0004932049085623881,0.005361878910097319,0.03378330861765235,0.03378330861765235,0.013944392888453729,0.09799170951269327,,,
43.806210400070995,3629.404415251,odom,navigating,4,4,,0.09228757459995507,0.03419027132084168,-0.009922028181633902,-7.0682744817654735,-6.0167196999977,-2.284019641416583,-2.452367339649062,-0.5271624326705933,0.21368381853420168,-0.21368381853420168,0.128417403000185,pixhawk_fused,True,0.8,0.2,gyro,-1.0,0.007718605920672417,-0.10145381093025208,0.05,-0.3640589432397966,0.009040065000135655,1,0.0924695711973014,0.0924695711973014,0.12395206697341724,0.09246824196216925,0.000495808267893669,0.005361878910097319,0.03369494741236805,0.033694947412368045,0.015283907091731221,0.09841733118986229,,,
43.80636430007871,3629.524758953,odom,navigating,4,4,,0.09466490068638345,0.03372881908657902,-0.019894313174253053,-7.070163946405436,-6.01823447419211,-2.2939919264092024,-2.485547557534567,-0.522872805595398,0.20942543021235496,-0.20942543021235496,0.070498698999927,pixhawk_fused,True,0.8,0.2,gyro,-1.0,0.031010879203677177,-0.4076088070869446,0.05,-0.36079311866125396,0.029396951999842713,1,0.09484438887090449,0.09484438887090449,0.12713542291977525,0.09484302549815234,0.000508541691679101,0.005361878910097319,0.033220754937879814,0.03322075493787982,0.02525619208435037,0.10049416231273346,,,
43.80649560003076,3629.625384863,odom,navigating,4,4,,0.0960121249993793,0.03343100155460277,-0.031401044047482785,-7.071262397882567,-6.019069407114127,-2.305498657282432,-2.499043928962536,-0.5104706883430481,0.1984074766078952,-0.1984074766078952,0.042909291999876586,pixhawk_fused,True,0.8,0.2,gyro,-1.0,0.005168999079614878,-0.06794162839651108,0.05,-0.35947714806026376,0.029786035000142874,1,0.09618999696387652,0.09618999696387652,0.128939161190651,0.09618861424822564,0.000515756644762604,0.005361878910097319,0.03291571806796439,0.03291571806796439,0.0367629229575801,0.10166592355278287,,,
44.12640460010152,3629.742106712,odom,navigating,4,4,,0.09931568309805486,0.032608669359357745,-0.053946148932118465,-7.074026140228817,-6.021057233714766,-2.3280437621670678,-2.5456976538395453,-0.4827151596546173,0.18177015166375668,-0.18177015166375668,0.08498971700009861,pixhawk_fused,True,0.8,0.2,gyro,-1.0,0.04096923768520355,-0.538502037525177,0.05,-0.35730830124102964,0.04781229600030201,1,0.09948909834991126,0.09948909834991126,0.1333614855364765,0.09948766821021147,0.000533445942145906,0.005361878910097319,0.03207568449998937,0.03207568449998937,0.05930802784221578,0.10453195792015557,,,
44.1265573001001,3629.844216917,odom,navigating,4,4,,0.10352083299740163,0.031327185461423844,-0.06797772079086162,-7.07772317745776,-6.023435763173159,-2.342075334025811,-2.6059241335730943,-0.4754437804222107,0.17897325973603756,-0.17897325973603756,0.09210427500011065,pixhawk_fused,True,0.8,0.2,gyro,-1.0,0.043544985353946686,-0.5723578333854675,0.05,-0.36057888958147055,0.049177299000348285,1,0.1036873166723463,0.1036873166723463,0.13898904314200677,0.10368582618393705,0.0005559561725680271,0.005361878910097319,0.030771671626659173,0.030771671626659173,0.07333959970095894,0.10815708674613218,,,
44.12667410005815,3629.944279377,odom,navigating,4,4,,0.10722745497093125,0.029959480959478424,-0.16323286010373295,-7.081163558593962,-6.0253782975221375,-2.4373304733386822,-2.6600623455424444,-0.36757123470306396,0.07372413386795551,-0.07372413386795551,0.07030999900007373,pixhawk_fused,True,0.8,0.2,gyro,-1.0,0.0359213724732399,-0.47215262055397034,0.05,-0.42112887481682204,0.04901746899986392,1,0.10738655193299942,0.10738655193299942,0.14394773226364815,0.10738500826868153,0.0005757909290545927,0.005361878910097319,0.029384112422288014,0.029384112422288014,0.16859473901383026,0.11133417085021309,,,
44.44602300005499,3630.044607053,odom,navigating,4,4,,0.11067204693438065,0.028476358590515546,-0.2148488586045354,-7.084522505176675,-6.027046333376206,-2.4889464718394847,-2.7114386533376615,-0.3164600133895874,0.022049602110123932,-0.022049602110123932,0.06981286299969724,pixhawk_fused,True,0.8,0.2,gyro,-1.0,0.04098350927233696,-0.5386896729469299,0.05,-0.4131337116629717,0.049487216000215994,1,0.11082314209654963,0.11082314209654963,0.14855435527051458,0.11082154903180388,0.0005942174210820583,0.005361878910097319,0.02788254197646534,0.02788254197646534,0.22021073751463272,0.11427687855039348,,,
44.44615370000247,3630.163257168,odom,navigating,4,4,,0.11486609546355381,0.02637748962033474,-0.27585280059914696,-7.088835791526691,-6.028887760779559,-2.5499504138340963,-2.775708689254743,-0.25645217299461365,-0.038157007138991055,0.038157007138991055,0.07503263800026616,pixhawk_fused,True,0.8,0.2,gyro,-1.0,0.04637424647808075,-0.6095458269119263,0.05,-0.466926338109115,0.015194889000213152,1,0.11500587650961144,0.11500587650961144,0.15416115726371973,0.11500422331873492,0.000616644629054879,0.005361878910097319,0.025761215304583855,0.02576121530458386,0.2812146795092443,0.11785580955435809,,,
44.446262200013734,3630.265480499,odom,navigating,4,4,,0.11837097428109253,0.024352854798874564,-0.31874178130267206,-7.092646745631022,-6.030251560801769,-2.5928393945376214,-2.8311591300742185,-0.2154298573732376,-0.077984742026591,0.077984742026591,0.09458569300022646,pixhawk_fused,True,0.8,0.2,gyro,-1.0,0.04380228370428085,-0.5757398009300232,0.05,-0.48444987737654926,0.012832431999868277,1,0.1184998491503512,0.1184998491503512,0.15884469937558043,0.118498145734183,0.0006353787975023217,0.005361878910097319,0.02371781694115522,0.023717816941155212,0.3241036602127694,0.12085011000868033,,,
44.788561500026844,3630.384654582,odom,navigating,4,4,,0.12268642398925969,0.021484774100182305,-0.3756454000323921,-7.097625233333702,-6.031688102925131,-2.6497430132673414,-2.9021506603355247,-0.1619834154844284,-0.13146557925250502,0.13146557925250502,0.028889891000289936,pixhawk_fused,True,0.8,0.2,gyro,-1.0,0.046244580298662186,-0.6078414916992188,0.05,-0.4617408867079618,0.0336080300003232,1,0.12279985859690283,0.12279985859690283,0.16460870424771343,0.12279809336879421,0.0006584348169908537,0.005361878910097319,0.020826638662754225,0.020826638662754225,0.3810072789424894,0.12455341885877023,,,
44.78869680000935,3630.500735282,odom,navigating,4,4,,0.12640531914349953,0.01862910000488277,-0.4765138342124424,-7.102208443203712,-6.03267766999928,-2.7506114474473917,-2.966390141936403,-0.052508022636175156,-0.24125603000428647,0.24125603000428647,0.040249803999813594,pixhawk_fused,True,0.8,0.2,gyro,-1.0,0.041165899485349655,-0.5410869717597961,0.05,-0.5375202509273319,0.008262695999746938,1,0.1265033885872887,0.1265033885872887,0.16957315029696435,0.1265015701215354,0.0006782926011878574,0.005361878910097319,0.01795106544735774,0.01795106544735774,0.48187571312253974,0.12777068550634724,,,
44.78880450001452,3630.604272116,odom,navigating,4,4,,0.12953720186079049,0.015909691015254877,-0.48763882981574724,-7.10630807822519,-6.033307644045098,-2.7617364430506965,-3.0232367575182177,-0.052508022636175156,-0.24125603000428647,0.24125603000428647,0.1423417679998238,pixhawk_fused,True,0.8,0.2,gyro,-1.0,0.04639747738838196,-0.6098511815071106,0.05,-0.5248086924430643,0.008473560999846086,1,0.1296206452124299,0.1296206452124299,0.17375171841369536,0.12961878193661674,0.0006950068736547814,0.005361878910097319,0.015214902853368116,0.015214902853368116,0.49300070872584456,0.13051055487631666,,,
45.12397479999345,3630.725846897,odom,navigating,4,4,,0.13336404418552938,0.012125238763072754,-0.5735981166095279,-7.11166949132827,-6.033778866461359,-2.847695729844477,-3.096990122777141,0.03567212447524071,-0.330173705022597,0.330173705022597,0.06955118499990931,pixhawk_fused,True,0.8,0.2,gyro,-1.0,0.04393428564071655,-0.57747483253479,0.05,-0.5552263996667112,0.0304330559997652,1,0.13342714084944246,0.13342714084944246,0.17885418613387408,0.13342522285587005,0.0007154167445354964,0.005361878910097319,0.011409986035241336,0.011409986035241335,0.5789599955196252,0.13391411313443163,,,
45.124316000030376,3630.829508283,odom,navigating,4,4,,0.1363684685733338,0.008720714851289696,-0.651808748372023,-7.116209238936586,-6.033868535969697,-2.9259063616069723,3.1239774699147684,0.11901767551898956,-0.4122736391833064,0.4122736391833064,0.06905495600040013,pixhawk_fused,True,0.8,0.2,gyro,-1.0,0.04729894548654556,-0.6217001080513,0.05,-0.5780574763261898,0.03437849099964296,1,0.1364132674916399,0.1364132674916399,0.18285697932034845,0.13641130657297995,0.0007314279172813938,0.005361878910097319,0.00798940178036688,0.007989401780366879,0.6571706272821203,0.13664702736815693,,,
45.124559800024144,3630.944702022,odom,navigating,4,4,,0.1393256462449112,0.004895835662202683,-0.7110281824410403,-7.121039039954523,-6.0336503096662435,-2.9851257956759896,3.0577390628010774,0.17559276521205902,-0.4697843648603198,0.4697843648603198,0.07003956000016842,pixhawk_fused,True,0.8,0.2,gyro,-1.0,0.043671075254678726,-0.574015200138092,0.05,-0.5621545659824908,0.0490117280000959,1,0.13934989421347796,0.13934989421347796,0.18679341968000504,0.13934789108128376,0.0007471736787200201,0.005361878910097319,0.004148721620685045,0.0041487216206850435,0.7163900613511376,0.13941163835345108,,,
45.462363000027835,3631.064981317,odom,navigating,4,4,,0.14220899244299345,0.000587870072840932,-0.768563539620609,-7.126189546714014,-6.033063340384628,-3.0426611528555583,2.986709403632883,0.2305973768234253,-0.52404248188045,0.52404248188045,0.009777472000223497,pixhawk_fused,True,0.8,0.2,gyro,-1.0,0.04381764307618141,-0.5759416818618774,0.05,-0.5496496572204349,0.014425650000248424,1,0.1422101002847664,0.1422101002847664,0.19062742096189342,0.1422080560375725,0.0007625096838475737,0.005361878910097319,0.0001746421214588953,-0.00017464212145889538,0.7739254185307063,0.14221020751997343,,,
45.462645600084215,3631.165557004,odom,navigating,4,4,,0.14438529306104364,-0.0031727571333750038,-0.836080693824214,-7.130465318269725,-6.032291084618949,-3.1101783070591633,2.927177243822351,0.299357146024704,-0.5934976143052814,0.5934976143052814,0.06536921799988704,pixhawk_fused,True,0.8,0.2,gyro,-1.0,0.0489579476416111,-0.6435061097145081,0.05,-0.5676803585285696,0.013608299999759765,1,0.14436620568775974,0.14436620568775974,0.19351760113525376,0.1443641304468993,0.000774070404541015,0.005361878910097319,0.003946884273739179,-0.003946884273739178,0.8414425727343113,0.14442014831785363,,,
45.46302980009932,3631.284125528,odom,navigating,4,4,,0.14700756316459043,-0.008535266123910853,-0.8884261269603595,-7.136251289044932,-6.030822975168673,3.1206615669842774,2.8453825032897866,0.3453328609466553,-0.6387146647980448,0.6387146647980448,0.03330948199982231,pixhawk_fused,True,0.8,0.2,gyro,-1.0,0.04878448694944382,-0.6412261724472046,0.05,-0.5723976210534215,0.0364669559999129,1,0.14695968511051025,0.14695968511051025,0.19699406513244308,0.14695757258880254,0.0007879762605297724,0.005361878910097319,0.009323376406468728,-0.009323376406468728,0.8937880058704568,0.14725513368095872,,,
45.78320210007951,3631.384377224,odom,navigating,4,4,,0.14866665556747735,-0.012656480787685664,-0.9996424984237127,-7.1404675859267455,-6.029423032844633,3.009445195520924,2.784507538127959,0.46842044591903687,-0.7621469851544138,0.7621469851544138,0.028278628999942157,pixhawk_fused,True,0.8,0.2,gyro,-1.0,0.038537148386240005,-0.5065345168113708,0.05,-0.5564408941190924,0.03377213700014181,1,0.14859665631610502,0.14859665631610502,0.19918836496407635,0.14859452026320097,0.0007967534598563055,0.005361878910097319,0.013453427638388634,-0.013453427638388636,1.00500437733381,0.1492044268228929,,,
45.78352649998851,3631.503948703,odom,navigating,4,4,,0.15032249216371393,-0.017724589422665055,-1.0600121111109608,-7.145403983860207,-6.027408213891995,2.949075582833676,2.7114332503400025,0.525581419467926,-0.8194199361613032,0.8194199361613032,0.03150026799994521,pixhawk_fused,True,0.8,0.2,gyro,-1.0,0.04640910029411316,-0.6100039482116699,0.05,-0.5938505120345634,0.00874846200031243,1,0.15022529465536458,0.15022529465536458,0.2013714948941659,0.15022313519104777,0.0008054859795766636,0.005361878910097319,0.01853034177290805,-0.018530341772908045,1.0653739900210581,0.15136384218336915,,,
45.78386580001097,3631.604272304,odom,navigating,4,4,,0.15150400557489335,-0.022415119567074204,-1.0729175727367792,-7.149745635054696,-6.025275818084038,2.9361701212078577,2.6451566714705055,0.525581419467926,-0.8194199361613032,0.8194199361613032,0.13157907999993768,pixhawk_fused,True,0.8,0.2,gyro,-1.0,0.051457375288009644,-0.6763587594032288,0.05,-0.5806349186353928,0.009018194999953266,1,0.15138164114833072,0.15138164114833072,0.2029215349352816,0.15137946506172006,0.0008116861397411264,0.005361878910097319,0.02322713959319078,-0.023227139593190775,1.0782794516468766,0.1531531954953717,,,
46.12564810004551,3631.722410598,odom,navigating,4,4,,0.15241853348751216,-0.027517986860087648,-1.1869757312271334,-7.154229110471556,-6.022673114854801,2.8221119627175035,2.5741346180492557,0.6475027799606323,-0.9438710622003313,0.9438710622003313,0.061415891999786254,pixhawk_fused,True,0.8,0.2,gyro,-1.0,0.041339531540870667,-0.5433692336082458,0.05,-0.6061838652614354,0.029507300999739527,1,0.1522687950893425,0.1522687950893425,0.20411073223865603,0.1522666062500374,0.0008164429289546242,0.005361878910097319,0.028334837097743353,-0.02833483709774335,1.1923376101372307,0.15488269416340814,,,
46.125780800008215,3631.841892227,odom,navigating,4,4,,0.1529980840027413,-0.033062652829879885,-1.2464860442162387,-7.1588329077286845,-6.019529192093102,2.7626016497283983,2.4977339067002173,0.7033615708351135,-0.999288650970721,0.999288650970721,0.0743404320000991,pixhawk_fused,True,0.8,0.2,gyro,-1.0,0.04875043407082558,-0.6407785415649414,0.05,-0.5798687066022902,0.04862610800000766,1,0.15281860758855367,0.15281860758855367,0.20484773571820755,0.15281641084578285,0.0008193909428728302,0.005361878910097319,0.03388253082865402,-0.03388253082865402,1.251847923126336,0.15652971833060664,,,
46.12588060006965,3631.944422919,odom,navigating,4,4,,0.1531553335157425,-0.03764877992440675,-1.25866220455275,-7.162432497991935,-6.016683100198379,2.750425489391887,2.434852469854572,0.7033615708351135,-0.999288650970721,0.999288650970721,0.17631578600003195,pixhawk_fused,True,0.8,0.2,gyro,-1.0,0.048667922616004944,-0.6396940350532532,0.05,-0.548869866404292,0.04949021500033268,1,0.1529512647007985,0.1529512647007985,0.20502555770925351,0.15294906605110312,0.0008201022308370141,0.005361878910097319,0.038469435147152876,-0.038469435147152876,1.2640240834628473,0.15771489090797589,,,
46.48574570007622,3632.06524081,odom,navigating,4,4,,0.15296837888736625,-0.043076818641980145,-1.3718185885875647,-7.166451613454906,-6.013029982728621,2.6372691053570723,2.3604276547791643,0.8266763091087341,-1.1217304434588191,1.1217304434588191,0.003464096000243444,pixhawk_fused,True,0.8,0.2,gyro,-1.0,0.04895549267530441,-0.6434738636016846,0.05,-0.510034358554935,0.012516013000094972,1,0.15273520841299942,0.15273520841299942,0.204735942183751,0.15273301286907823,0.000818943768735004,0.005361878910097319,0.04389639341427172,-0.04389639341427171,1.377180467497662,0.1589180205129138,,,
46.48592540004756,3632.184498093,odom,navigating,4,4,,0.15241235743298906,-0.048228773101565106,-1.4421947463461118,-7.170021466381208,-6.009273928323272,2.566892947598525,2.2894361772042626,0.8966388702392578,-1.191958294134402,1.191958294134402,0.07123373400008859,pixhawk_fused,True,0.8,0.2,gyro,-1.0,0.04367543384432793,-0.5740724802017212,0.05,-0.44702856122520346,0.03365665799992712,1,0.15215157092774245,0.15215157092774245,0.20395359755162967,0.15214938377351572,0.0008158143902065187,0.005361878910097319,0.049045292509920034,-0.049045292509920034,1.447556625256209,0.1598610060432608,,,
46.486049900064245,3632.304377174,odom,navigating,4,4,,0.15155342261967247,-0.05303835151619601,-1.4914643298843293,-7.1731342793134845,-6.005508266470601,2.5176233640603076,2.2224882163714375,0.942205011844635,-1.2369776235034702,1.2369776235034702,0.04842620599993097,pixhawk_fused,True,0.8,0.2,gyro,-1.0,0.04114944115281105,-0.5408706665039062,0.05,-0.4760458016875124,0.009306632999596332,1,0.15126686020797506,0.15126686020797506,0.2027676752966781,0.15126468577132188,0.0008110707011867124,0.005361878910097319,0.05385019630524616,-0.05385019630524615,1.4968262087944266,0.16056620640499863,,,
46.80421450000722,3632.404436319,odom,navigating,4,4,,0.15053502139474323,-0.057209967555576,-1.5914905408229192,-7.175657377979197,-6.002033573022535,2.4175971531217177,2.1636503872164385,1.0525996685028076,-1.346937474053168,1.346937474053168,0.03244150299997273,pixhawk_fused,True,0.8,0.2,gyro,-1.0,0.04373876750469208,-0.5749049186706543,0.05,-0.46012563268495055,0.009090562999972462,1,0.15022610602951364,0.15022610602951364,0.20137258251143894,0.15022394655353344,0.0008054903300457558,0.005361878910097319,0.058016291860435075,-0.058016291860435075,1.5968524197330165,0.16103966298407937,,,
46.804530700086616,3632.508836352,odom,navigating,4,4,,0.14924886263657902,-0.06138908996571192,-1.65007575073939,-7.1780130325630145,-5.9983498032208455,2.3590119432052465,2.1037443392750954,1.1098212003707886,-1.405202484290862,1.405202484290862,0.02746805700007826,pixhawk_fused,True,0.8,0.2,gyro,-1.0,0.04797426611185074,-0.6305765509605408,0.05,-0.4970746053410136,0.010087761000249884,1,0.1489175579187303,0.1489175579187303,0.1996185217867528,0.1489154172529176,0.0007984740871470112,0.005361878910097319,0.06218845800188583,-0.062188458001885834,1.6554376296494873,0.16138105020457236,,,
46.804828400025144,3632.622435872,odom,navigating,4,4,,0.14743214547965594,-0.06616205737607286,-1.7368851221331667,-7.1804784865447955,-5.993877307743783,2.2722025718114702,2.0337751443387027,1.200627088546753,-1.4961018754651783,1.4961018754651783,0.0006586869999409828,pixhawk_fused,True,0.8,0.2,gyro,-1.0,0.04649530351161957,-0.6111369729042053,0.05,-0.5015475607579025,0.029198179000104574,1,0.14707527492615374,0.14707527492615374,0.19714900903868784,0.14707316074286114,0.0007885960361547514,0.005361878910097319,0.06695161583087803,-0.06695161583087803,1.742247001043264,0.16159720095648064,,,
47.110814700019546,3632.725520124,odom,navigating,4,4,,0.1456712429790172,-0.07002394095695849,-1.7665316317171502,-7.182285144138794,-5.990036616302503,2.2425560622274867,1.9756163266119817,1.22347092628479,-1.5188333632161852,1.5188333632161852,0.05539410100027453,pixhawk_fused,True,0.8,0.2,gyro,-1.0,0.04390781745314598,-0.5771269202232361,0.05,-0.5380643398907016,0.0274765189997197,1,0.14529369088529792,0.14529369088529792,0.1947608610080265,0.14529160231198776,0.000779043444032106,0.005361878910097319,0.07080400219707203,-0.07080400219707202,1.7718935106272475,0.1616275451097228,,,
47.11096970003564,3632.825643302,odom,navigating,4,4,,0.14366445605814904,-0.0738207989110353,-1.7779252628974538,-7.183883182876659,-5.9860504406589214,2.231162431047183,1.9167707634267734,1.22347092628479,-1.5188333632161852,1.5188333632161852,0.15567309100015336,pixhawk_fused,True,0.8,0.2,gyro,-1.0,0.0412711426615715,-0.5424703359603882,0.05,-0.5215034352409056,0.03017443099997763,1,0.14326657461662773,0.14326657461662773,0.19204358603590635,0.14326451518278613,0.0007681743441436254,0.005361878910097319,0.07459004547502021,-0.07459004547502021,1.783287141807551,0.16152085402927804,,,
47.11107780004386,3632.929980762,odom,navigating,4,4,,0.14114736222567265,-0.07794959882017144,-1.83704140093994,-7.185404362035952,-5.981460368326538,2.172046293004697,1.8532255494613699,1.2828707695007324,-1.5768940651228662,1.5768940651228662,0.07450740900003439,pixhawk_fused,True,0.8,0.2,gyro,-1.0,0.05352583900094032,-0.6494277715682983,0.05,-0.5251522700017528,0.03501482699994085,1,0.14072737894788875,0.14072737894788875,0.18863988741900034,0.14072535601457425,0.0007545595496760014,0.005361878910097319,0.07870528974565962,-0.07870528974565962,1.8424032798500374,0.16124117904397411,,,
47.426394700072706,3633.041765402,odom,navigating,4,4,,0.13786197939390119,-0.08269747663367139,-1.9379851336590388,-7.186900836330701,-5.975883931402446,2.071102560285598,1.7944180768078164,1.3935019969940186,-1.6879348253419633,1.6879348253419633,0.0848514030003571,pixhawk_fused,True,0.8,0.2,gyro,-1.0,0.04610186442732811,-0.6059656143188477,0.05,-0.5079824970149736,0.047646688999975595,1,0.13741658591903108,0.13741658591903108,0.18420189085500133,0.137414610577831,0.0007368075634200053,0.005361878910097319,0.08343548356867483,-0.08343548356867482,1.9433470125691361,0.16076317365609905,,,
47.426633800030686,3633.142552768,odom,navigating,4,4,,0.13523527896138893,-0.08603206786764163,-1.9492211415271354,-7.1877453767000405,-5.971723906712088,2.0598665524175015,1.736259279436434,1.3935019969940186,-1.6879348253419633,1.6879348253419633,0.18478799400008938,pixhawk_fused,True,0.8,0.2,gyro,-1.0,0.046083513647317886,-0.6057243943214417,0.05,-0.5340333858172922,0.048881860000165034,1,0.13477204365617412,0.13477204365617412,0.18065697899442543,0.13477010632984138,0.0007226279159777018,0.005361878910097319,0.08675594288626848,-0.08675594288626848,1.9545830204372328,0.16028130701160126,,,
47.426806100062095,3633.244468123,odom,navigating,4,4,,0.13251977991413544,-0.08910065210829131,-2.0092214993226074,-7.188329600996707,-5.967668191449797,1.9998661946220295,1.6801145842958747,1.453918695449829,-1.7488525249173874,1.7488525249173874,0.09067740199998298,pixhawk_fused,True,0.8,0.2,gyro,-1.0,0.0384163074195385,-0.5049461722373962,0.05,-0.5395504664625542,0.04906565200008117,1,0.13204013034549478,0.13204013034549478,0.1769949494503674,0.13203823228997408,0.0007079797978014696,0.005361878910097319,0.08980992290921089,-0.08980992290921087,2.0145833782327047,0.15968850388995962,,,
47.76638520008419,3633.351402072,odom,navigating,4,4,,0.12953913549949886,-0.09210554723183251,-2.1025206326382078,-7.188693768999953,-5.963451437070491,1.9065670613064292,1.6221235496288338,1.5557260513305664,-1.8506019353082412,1.8506019353082412,0.07719904399982624,pixhawk_fused,True,0.8,0.2,gyro,-1.0,0.04132547229528427,-0.5431843996047974,0.05,-0.5628653437026551,0.004581938000228547,1,0.12904341697055166,0.12904341697055166,0.17297796513713284,0.1290415619923011,0.0006919118605485314,0.005361878910097319,0.0927987930600242,-0.09279879306002421,2.107882511548305,0.1589459639526366,,,
47.76662430004217,3633.46474132,odom,navigating,4,4,,0.1258371893644139,-0.09539516073422066,-2.1586665472369377,-7.188808600870324,-5.958500399217302,1.8504211467076992,1.5542753405888121,1.6096177101135254,-1.9039374941995377,1.9039374941995377,0.09103983799968773,pixhawk_fused,True,0.8,0.2,gyro,-1.0,0.041223615407943726,-0.5418456196784973,0.05,-0.5641161179927342,0.014009290000103647,1,0.12532388562559987,0.12532388562559987,0.16799206985926396,0.12532208411501092,0.0006719682794370559,0.005361878910097319,0.09606850998295288,-0.0960685099829529,2.164028426147035,0.15790894502415992,,,
47.76681040006224,3633.584700492,odom,navigating,4,4,,0.12189530152890138,-0.09844495746179954,-2.216612194402056,-7.1885853420944645,-5.95352145401713,1.7924754995425811,1.4859921777276264,1.6641663312911987,-1.9594083856752151,1.9594083856752151,0.010391566999714996,pixhawk_fused,True,0.8,0.2,gyro,-1.0,0.051377732306718826,-0.6753119230270386,0.05,-0.555690158898185,0.03509200899998177,1,0.12136570189168942,0.12136570189168942,0.16268626981146317,0.12136395727935152,0.0006507450792458527,0.005361878910097319,0.09909712704622108,-0.09909712704622108,2.221974073312153,0.15668399466594318,,,
48.09854420006741,3633.704212878,odom,navigating,4,4,,0.11708256517421607,-0.10163635667720171,-2.3321797120484797,-7.187906873314546,-5.947786722960973,1.6769079818961572,1.4068601329887123,1.7813701629638672,-2.083730602185988,2.083730602185988,0.031082852000054118,pixhawk_fused,True,0.8,0.2,gyro,-1.0,0.0487917959690094,-0.6413221955299377,0.05,-0.583829765720666,0.009142155000063212,1,0.11653592290515781,0.11653592290515781,0.1562121283111418,0.1165342477201118,0.0006248485132445673,0.005361878910097319,0.10226267519986475,-0.10226267519986475,2.337541590958577,0.15504282010589823,,,
48.09869230003096,3633.804311483,odom,navigating,4,4,,0.11277691104138614,-0.10405767288257521,-2.3452634903771,-7.186969003456937,-5.942936792053408,1.663824203567537,1.3391797681241209,1.7813701629638672,-2.083730602185988,2.083730602185988,0.13112325500014776,pixhawk_fused,True,0.8,0.2,gyro,-1.0,0.05393046513199806,-0.7088651657104492,0.05,-0.6924420779226446,0.009098230999825319,1,0.11221734792332211,0.11221734792332211,0.150423237020232,0.11221573481709307,0.000601692948080928,0.005361878910097319,0.10466087031374155,-0.10466087031374155,2.3506253692871972,0.15344911518081084,,,
48.09881039999891,3633.920947442,odom,navigating,4,4,,0.10727384365945351,-0.10662877726155966,-2.4120688029503397,-7.185370964719071,-5.937076706684576,1.5970188909942973,1.2559354353889332,1.8443810939788818,-2.146638760130667,2.146638760130667,0.06719037299990305,pixhawk_fused,True,0.8,0.2,gyro,-1.0,0.04909808933734894,-0.6453481316566467,0.05,-0.689914473341194,0.026885589000357868,1,0.10670057376280484,0.10670057376280484,0.14302820369880992,0.1066990399593122,0.0005721128147952397,0.005361878910097319,0.1072024310939655,-0.1072024310939655,2.417430681860437,0.15125268154240498,,,
48.444749400019646,3634.042532737,odom,navigating,4,4,,0.10181805198119936,-0.1086529375464249,-2.534824368949254,-7.183386340600873,-5.931606409178516,1.4742633249953832,1.1761854532216272,1.9778939485549927,-2.279632220428252,2.279632220428252,0.08595872600017174,pixhawk_fused,True,0.8,0.2,gyro,-1.0,0.051226843148469925,-0.6733286380767822,0.05,-0.7137729989674377,0.04901281900038157,4,2.501790464024954,0.3961744113111692,0.7860355848260323,-0.0008558576606958706,-0.10783806524767969,1.5628599854874305,0.10267714321121,-0.10267714321121002,-2.1855009527429017,0.14890391716376544,,,
48.444882100098766,3634.144755936,odom,navigating,4,4,,0.09707648858469485,-0.11002468295138211,-2.5478097240558677,-7.181366031678337,-5.92710280387203,1.4612779698887692,1.1085507555101726,1.9778939485549927,-2.279632220428252,2.279632220428252,0.18768839999984266,pixhawk_fused,True,0.8,0.2,gyro,-1.0,0.05122429504990578,-0.6732951402664185,0.05,-0.7131854285475194,0.048847231000308966,4,2.5003811315493985,0.3947650788356138,0.7832393782942394,-0.0008670424868230425,-0.10924735333970337,1.5628599854874305,0.09794661566426163,-0.09794661566426166,-2.1725155976362878,0.14672857763396516,,,
48.445143799996,3634.265165798,odom,navigating,4,4,,0.09113437446142046,-0.11126875609958677,-2.626512297026607,-7.178471902547005,-5.921766095633492,1.38257539691803,1.025352284839009,2.055266857147217,-2.357276892643237,2.357276892643237,0.1061890589999166,pixhawk_fused,True,0.8,0.2,gyro,-1.0,0.05410328507423401,-0.7111367583274841,0.05,-0.7220072331463921,0.01431672599983358,4,2.4990899394295614,0.39347388671577666,0.7806775698481058,-0.0008772897206075769,-0.11053850479655469,1.5628599854874305,0.09201456195902843,-0.09201456195902843,-2.0938130246655486,0.14382701516899993,,,
48.76677510002628,3634.365537841,odom,navigating,4,4,,0.08624042368970546,-0.11191256020694965,-2.7350684939882326,-7.175797829709092,-5.917617050882931,1.2740191999564043,0.95771769212946,2.1744260787963867,-2.4755213077476257,2.4755213077476257,0.09569723599997815,pixhawk_fused,True,0.8,0.2,gyro,-1.0,0.04895059019327164,-0.6434094309806824,0.05,-0.7339178851963166,0.014826935999735724,4,2.4984073159413174,0.3927912632275327,0.7793232008190158,-0.0008827071967239366,-0.11122110678721603,1.5628599854874305,0.08712587470599976,-0.08712587470599976,-1.9852568277039229,0.1412863468642814,,,
48.76701630000025,3634.482419942,odom,navigating,4,4,,0.08008260388324223,-0.11225144791459589,-2.805049748525609,-7.17207380012815,-5.912701240336588,1.204037945419028,0.8731993099196285,2.241204261779785,-2.5420459683349366,2.5420459683349366,0.11013486699994246,pixhawk_fused,True,0.8,0.2,gyro,-1.0,0.05389280617237091,-0.7083702087402344,0.05,-0.739398270923814,0.03394333500000357,4,2.4980195688594504,0.3924035161456658,0.7785538855993601,-0.0008857844576025597,-0.11160884165792251,1.5628599854874305,0.08097093832551877,-0.0809709383255188,-1.9152755731665465,0.1378898509812942,,,
48.76720420003403,3634.584830895,odom,navigating,4,4,,0.07490077606414453,-0.11213344089015752,-2.871303503406783,-7.168632503996964,-5.908825321588462,1.1377841905378538,0.8021848829472855,2.3063907623291016,-2.6071712429931395,2.6071712429931395,0.03130236600009084,pixhawk_fused,True,0.8,0.2,gyro,-1.0,0.05651833117008209,-0.7428802251815796,0.05,-0.7457905920271937,0.03608740999970905,4,2.4980964478450822,0.39248039513129757,0.7787064184654579,-0.0008851743261381684,-0.11153196509340924,1.5628599854874305,0.07578833716141596,-0.07578833716141598,-1.8490218182853724,0.13484819175976212,,,
49.12310130009428,3634.704826768,odom,navigating,4,4,,0.06910723576262266,-0.11156000920488271,-2.9963791290335333,-7.164448231939556,-5.904777383783526,1.0127085649111036,0.7224043062959543,2.4416794776916504,-2.743051791172289,2.743051791172289,0.027751771000112058,pixhawk_fused,True,0.8,0.2,gyro,-1.0,0.04888695105910301,-0.6425729393959045,0.05,-0.7621769301524867,0.009235225999873364,4,2.4986238824409686,0.39300782972718357,0.7797528827226082,-0.0008809884691095672,-0.11100454710780544,1.5628599854874305,0.06999042841169441,-0.06999042841169441,-1.7239461926586221,0.13123050593724092,,,
49.12343989999499,3634.824810159,odom,navigating,4,4,,0.06346768447124429,-0.11054709020921112,-3.0114657950282755,-7.160028348674016,-5.90113112877614,0.9976218989163614,0.6438902122205651,2.4416794776916504,-2.743051791172289,2.743051791172289,0.148108762999982,pixhawk_fused,True,0.8,0.2,gyro,-1.0,0.05165625736117363,-0.6789728999137878,0.05,-0.7675945961592858,0.02961809299995366,4,2.49959201260317,0.393975959889385,0.7816737154076754,-0.0008733051383692987,-0.11003644743453161,1.5628599854874305,0.0643430159379224,-0.06434301593792242,-1.70885952666388,0.12747080499418242,,,
49.123668200103566,3634.941087441,odom,navigating,4,4,,0.05769754856812166,-0.10902647485851996,-3.076591089156951,-7.155136785494724,-5.897713622514514,0.9324966047876861,0.5621106965689449,2.502946138381958,-2.8042681430986156,2.8042681430986156,0.08630360500001188,pixhawk_fused,True,0.8,0.2,gyro,-1.0,0.05392777547240257,-0.7088298201560974,0.05,-0.7789642350436814,0.04712103500014564,4,2.501066786778548,0.3954507340647631,0.7845997624928294,-0.0008616009500286826,-0.108561719703614,1.5628599854874305,0.05856099375559724,-0.05856099375559726,-1.6437342325352047,0.12335225709668325,,,
49.449623799999245,3635.049290263,odom,navigating,4,4,,0.05315473012006158,-0.10746207701796617,3.090209129951447,-7.151005583146333,-5.895260520965004,0.8161115167164978,0.4962842959234927,2.6317667961120605,-2.9325892028620473,2.9325892028620473,0.0883902739997211,pixhawk_fused,True,0.8,0.2,gyro,-1.0,0.051201991736888885,-0.6730020046234131,0.05,-0.7875715510338226,0.0039787320001778426,4,2.50259508237293,0.3969790296591453,0.7876319995253562,-0.000849472001898575,-0.10703347223922044,1.5628599854874305,0.05400590290779231,-0.05400590290779232,-1.5273491444640166,0.11988962978986913,,,
49.4499520000536,3635.16507067,odom,navigating,4,4,,0.04785774575104017,-0.10519715094725132,2.973261557619825,-7.145852331401893,-5.892685267585258,0.6991639443848756,0.41735818670087826,2.758415937423706,-3.0586397863438357,3.0586397863438357,0.007406365999941045,pixhawk_fused,True,0.8,0.2,gyro,-1.0,0.05152435600757599,-0.677239179611206,0.05,-0.8051104822906355,0.014262671999858867,4,2.504817898880704,0.3992018461669193,0.7920422108458364,-0.0008318311566166544,-0.10481072573369848,1.5628599854874305,0.048691110316897664,-0.04869111031689767,-1.4104015721323944,0.11557164183219854,,,
49.45029629999772,3635.267544639,odom,navigating,4,4,,0.04347310035654521,-0.10292939150701527,2.960224634393076,-7.141286963934052,-5.890807697880075,0.6861270211581267,0.34973123965332326,2.758415937423706,-3.0586397863438357,3.0586397863438357,0.1100084429999697,pixhawk_fused,True,0.8,0.2,gyro,-1.0,0.05413038656115532,-0.7114929556846619,0.05,-0.8137545393097954,0.016753496999626805,4,2.50705078922625,0.4014347365124652,0.7964724093102068,-0.0008141103627591728,-0.10257790570765579,1.5628599854874305,0.04428860548225943,-0.044288605482259435,-1.3973646489056455,0.11173347793125693,,,
49.767641200101934,3635.382382699,odom,navigating,4,4,,0.0381007571476427,-0.09960788239061322,2.8911636495459017,-7.135279106875459,-5.8888583010687245,0.6170660363109524,0.26317577536514186,2.8232638835906982,-3.1235703254750002,3.1235703254750002,0.10676123000030202,pixhawk_fused,True,0.8,0.2,gyro,-1.0,0.05652115121483803,-0.7429172992706299,0.05,-0.8174696277430125,0.03261010999995051,4,2.5103295574379776,0.4047135047241927,0.8029776969189767,-0.0007880892123240933,-0.09929924075283575,1.5628599854874305,0.03889007110908481,-0.038890071109084816,-1.3283036640584711,0.10664613415199765,,,
49.76812180003617,3635.48428483,odom,navigating,4,4,,0.03419313576582494,-0.09675388297813366,2.823837094482835,-7.130575117667689,-5.887723707289764,0.5497394812478857,0.19687633426288212,2.8921456336975098,3.092046607905262,-3.092046607905262,0.03116955399991639,pixhawk_fused,True,0.8,0.2,gyro,-1.0,0.046244580298662186,-0.6078414916992188,0.05,-0.844379874972357,0.03565206899975237,4,2.5131524550791857,0.40753640236540106,0.8085785079127196,-0.0007656859683491217,-0.09647643201198935,1.5628599854874305,0.03495992271273458,-0.034959922712734584,-1.2609771089954045,0.1026181485159741,,,
49.76840460009407,3635.584600688,odom,navigating,4,4,,0.030226043555592205,-0.09341946170843016,2.756189211724888,-7.125466243179926,-5.886854462055883,0.48209159848993854,0.12586193131449402,2.958380937576294,3.0251909984883003,-3.0251909984883003,0.0077206169999044505,pixhawk_fused,True,0.8,0.2,gyro,-1.0,0.056523971259593964,-0.7429543733596802,0.05,-0.8630066919507746,0.03413553300015337,4,2.516455287472051,0.41083923475826645,0.8151315404089784,-0.0007394738383640865,-0.0931737036338749,1.5628599854874305,0.030966492609054368,-0.03096649260905437,-1.1933292262374573,0.09818762414335834,,,
50.08613300009165,3635.704172997,odom,navigating,4,4,,0.025554258923832535,-0.08880691263464989,2.648748868433282,-7.118926774036193,-5.88627435523664,0.37465125519833276,0.03588085098021717,3.06766939163208,2.91363183342778,-2.91363183342778,0.06578285299974596,pixhawk_fused,True,0.8,0.2,gyro,-1.0,0.05671939253807068,-0.7455230355262756,0.05,-0.8646279530429496,0.009126655000272876,4,2.5210306147965724,0.4154145620827874,0.8242092849240719,-0.0007031628603037126,-0.08859852039826777,1.5628599854874305,0.02625824872443357,-0.02625824872443357,-1.0858888829458515,0.09241043166680163,,,
50.08633970003575,3635.804380894,odom,navigating,4,4,,0.02192601862885979,-0.08457333560654332,2.6111085345583236,-7.113351252107083,-5.886245075397183,0.3370109213233743,-0.04051990496165901,3.096325635910034,2.8851012357410126,-2.8851012357410126,0.04865801300002204,pixhawk_fused,True,0.8,0.2,gyro,-1.0,0.05660877376794815,-0.7440690398216248,0.05,-0.8993343400368355,0.009135303000221029,4,2.5252352638473177,0.4196192111335326,0.8325515798356806,-0.0006697936806572776,-0.08439400376281697,1.5628599854874305,0.02259652393261179,-0.02259652393261179,-1.048248549070893,0.0873693275041654,,,
50.086528600077145,3635.904925022,odom,navigating,4,4,,0.018713742937618773,-0.08019578344065253,2.4809851959697435,-7.1079349393050215,-5.886626170807617,0.20688758273479424,-0.11492176389305579,-3.0439956188201904,2.7418438867267305,-2.7418438867267305,0.04117572299992389,pixhawk_fused,True,0.8,0.2,gyro,-1.0,0.05403294786810875,-0.710212230682373,0.05,-0.9076066449109969,0.009478590000071563,4,2.529587184704109,0.4239711319903241,0.8411860715093438,-0.0006352557139626251,-0.08004221995929073,1.5628599854874305,0.01934960802088008,-0.01934960802088008,-0.918125210482313,0.08235027538748924,,,
50.42600770003628,3636.024587884,odom,navigating,4,4,,0.01496206267920477,-0.07403825024874229,2.403100351094585,-7.100812160859604,-5.887747039661831,0.1290027378596359,-0.2137452966257268,-2.9688055515289307,2.6689238343175585,-2.6689238343175585,0.05239264000010735,pixhawk_fused,True,0.8,0.2,gyro,-1.0,0.06460275501012802,-0.8491423726081848,0.05,-0.7889279510852374,0.029244899999866902,4,2.5357147496768957,0.430098696963111,0.8533435556361039,-0.0005866257774555846,-0.07391484795940367,1.5628599854874305,0.015549178140573765,-0.015549178140573766,-0.8402403656071546,0.07553493112138145,,,
50.426161500043236,3636.141781679,odom,navigating,4,4,,0.012036802770008147,-0.06800292342669087,2.385721944564725,-7.094317068972548,-5.889419192993324,0.11162433132977556,-0.30567186616903896,-2.9688055515289307,2.6689238343175585,-2.6689238343175585,0.17081594100000075,pixhawk_fused,True,0.8,0.2,gyro,-1.0,0.048667922616004944,-0.6396940350532532,0.05,-0.8115953029275158,0.0488657669998247,4,2.541726670813523,0.4361106180997382,0.8652715949330314,-0.0005389136202678742,-0.06790311615375216,1.5628599854874305,0.012576112444646334,-0.012576112444646336,-0.8228619590772943,0.06905998997611032,,,
50.42626520001795,3636.243406465,odom,navigating,4,4,,0.010133928144363032,-0.06307710905935662,2.2478745939971816,-7.089329431320037,-5.891153565983662,-0.02622301923776771,-0.3780367112311314,-2.818974733352661,2.5158369395669635,-2.5158369395669635,0.07626151000022219,pixhawk_fused,True,0.8,0.2,gyro,-1.0,0.05378550663590431,-0.7069598436355591,0.05,-0.7377847637138983,0.05009543999995003,4,2.5466372283502365,0.44102117563645166,0.8750144578110701,-0.0004999421687557196,-0.06299271326322065,1.5628599854874305,0.010634205211798094,-0.010634205211798094,-0.685014608509751,0.06388597801490624,,,
50.74720590002835,3636.344850071,odom,navigating,4,4,,0.008630286956853209,-0.05816726551781914,2.178129995619612,-7.084612174685012,-5.893182109861045,-0.09596761761533745,-0.4483949619041582,-2.748835802078247,2.4462368796404537,-2.4462368796404537,0.06445347899989429,pixhawk_fused,True,0.8,0.2,gyro,-1.0,0.05122939497232437,-0.6733621954917908,0.05,-0.7747435615695951,0.04975261500021588,4,2.551534983983681,0.4459189312698963,0.8847319208873158,-0.000461072316450737,-0.05809511187279287,1.5628599854874305,0.009091645592783533,-0.009091645592783533,-0.6152700101321813,0.05880401883186303,,,
50.74754810007289,3636.464911774,odom,navigating,4,4,,0.007276441760253303,-0.05209569521266877,2.1102749548986752,-7.079105734877122,-5.896076238992377,-0.16382265833627407,-0.5336381733429687,-2.684438705444336,2.38246441095435,-2.38246441095435,0.006343004999962432,pixhawk_fused,True,0.8,0.2,gyro,-1.0,0.05668247491121292,-0.7450377941131592,0.05,-0.8051909675009796,0.01435833600044134,4,2.5575956186145827,0.4519795659007981,0.8967566108988473,-0.0004129735564046108,-0.052034668106980986,1.5628599854874305,0.007689657483898873,-0.007689657483898874,-0.5474149694112447,0.052601407437269564,,,
50.747659599990584,3636.565285593,odom,navigating,4,4,,0.006535921855704025,-0.046866272328464714,2.096676149396145,-7.074638271872465,-5.898893508545134,-0.17742146383880408,-0.6060029818285179,-2.684438705444336,2.38246441095435,-2.38246441095435,0.10688631899984102,pixhawk_fused,True,0.8,0.2,gyro,-1.0,0.05668530985713005,-0.7450750470161438,0.05,-0.7532813360090034,0.012800542000150017,4,2.562818999853696,0.4572029471399109,0.9071201361792081,-0.0003715194552831678,-0.04681145136567916,1.5628599854874305,0.006907658851064751,-0.006907658851064753,-0.5338161639087147,0.04731982413819484,,,
51.08876210008748,3636.665522192,odom,navigating,4,4,,0.006178988163096796,-0.041693080669521695,1.9341110440685978,-7.070461777272413,-5.901966976693141,-0.3399865691663515,-0.6770479021831981,-2.500906467437744,2.198589512639874,-2.198589512639874,0.01205095099976461,pixhawk_fused,True,0.8,0.2,gyro,-1.0,0.05401133745908737,-0.7099281549453735,0.0,-1.55,0.023689079000178026,4,2.567989195877556,0.4623731431637712,0.9173781385621239,-0.00033048744575150425,-0.041641418164689525,1.5628599854874305,0.006509680615559913,-0.006509680615559913,-0.37125105858116725,0.042148462254688886,,,
51.08914100006223,3636.784754101,odom,navigating,4,4,,0.006246950366708477,-0.03522986230317919,1.8390593379154323,-7.065576161560511,-5.906198828489667,-0.435038275319517,-0.765617547124857,-2.4043335914611816,2.1020015876825986,-2.1020015876825986,0.027068325000072946,pixhawk_fused,True,0.8,0.2,gyro,-1.0,0.05891966447234154,-0.774443507194519,0.0,-1.55,0.008228510999742866,4,2.5744527500659853,0.4688366973522005,0.9302022469636287,-0.00027919101214548495,-0.03517806753033109,1.5628599854874305,0.006526346910430389,-0.006526346910430389,-0.27619935242800175,0.03577942965986302,,,
51.08938320004381,3636.904924856,odom,navigating,4,4,,0.006983548397709755,-0.028112100591066704,1.758236141893486,-7.060623751214846,-5.911363975168886,-0.5158614713414633,-0.8636781799204045,-2.327782154083252,2.0252562956746756,-2.0252562956746756,0.0304978479998681,pixhawk_fused,True,0.8,0.2,gyro,-1.0,0.06403036415576935,-0.8416188359260559,0.0,-1.55,0.011105030000180705,4,2.5815761334533494,0.4759600807395647,0.9443354990540295,-0.0002226580037838822,-0.02805490847676917,1.5628599854874305,0.007206433350754428,-0.007206433350754429,-0.19537615640605543,0.02896653496477284,,,
51.41951520007569,3637.021037955,odom,navigating,4,4,,0.008340331412493723,-0.021433581845670156,1.739602887788766,-7.056407454333033,-5.916718068312101,-0.5344947254461834,-0.9624864755181333,-2.327782154083252,2.0252562956746756,-2.0252562956746756,0.14840460499999608,pixhawk_fused,True,0.8,0.2,gyro,-1.0,0.056881848722696304,-0.8835961222648621,0.0,-1.55,0.003531056999690918,4,2.5882652096549332,0.4826491569411484,0.9576070576755378,-0.00016957176929784882,-0.02136604293152894,1.5628599854874305,0.008510171189135367,-0.00851017118913537,-0.17674290230133538,0.02299912082678968,,,
51.41986560006626,3637.126056043,odom,navigating,4,4,,0.009913723937842607,-0.01631989553086414,1.5814241582744675,-7.053524762638989,-5.921225333598519,-0.6926734549604818,-1.0533372841809712,-2.153672218322754,1.8514680448111236,-1.8514680448111236,0.03422921499986842,pixhawk_fused,True,0.8,0.2,gyro,-1.0,0.059050433337688446,-0.8336558938026428,0.0,-1.55,0.015691745999902196,4,2.593391221775515,0.48777516906172996,0.9677773963445387,-0.0001288904146218451,-0.016240192242352458,1.5628599854874305,0.01004293063037501,-0.01004293063037501,-0.018564172787036926,0.01909504942266641,,,
51.42005370010156,3637.241406755,odom,navigating,4,4,,0.012489548450871333,-0.010033490685173802,1.5639256491360662,-7.050395937294509,-5.927255608034196,-0.7101719640988831,-1.146438838852058,-2.153672218322754,1.8514680448111236,-1.8514680448111236,0.1498647160001383,pixhawk_fused,True,0.8,0.2,gyro,-1.0,0.05944348871707916,-0.7813286781311035,0.0,-1.55,0.03075935999959256,1,0.012435570811313789,0.012435570811313789,0.016669426343156043,0.012435392051994409,6.667770537262417e-05,0.005361878910097319,0.010100313580920768,-0.010100313580920768,-1.558563770225969,0.01602060410334554,,,
51.76669740001671,3637.344055903,odom,navigating,4,4,,0.01503642716139346,-0.005073262561142816,1.4948885480208378,-7.048259881506619,-5.932406114793687,-0.7792090652141115,-1.2242052670538983,-2.084399700164795,1.7844161359604538,-1.7844161359604538,0.09655237900005886,pixhawk_fused,True,0.8,0.2,gyro,-1.0,0.056827593594789505,-0.7469452023506165,0.0,-1.55,0.030999483999949007,1,0.015009008925995297,0.015009008925995297,0.020119025702304536,0.015008793173919184,8.047610280921815e-05,0.005361878910097319,0.005153812749176848,-0.005153812749176848,-1.4895266691107405,0.0158692197285873,,,
51.76685570005793,3637.467071992,odom,navigating,4,4,,0.01845899791820323,0.0004069693438892817,1.414074428496726,-7.046293557288082,-5.938560828547055,-0.8600231847382234,-1.3141023673673895,-2.008195161819458,1.7056593281563461,-1.7056593281563461,0.11131509300003017,pixhawk_fused,True,0.8,0.2,gyro,-1.0,0.0589020699262619,-0.7742122411727905,0.0,-1.55,0.012355609999758599,1,0.018460914682979442,0.018460914682979442,0.024746178700155903,0.018460649310316303,9.898471480062361e-05,0.005361878910097319,0.00030798905638153675,0.00030798905638153675,-1.4087125495866286,0.018463483641802184,,,
51.76697470003273,3637.584720108,odom,navigating,4,4,,0.02230223703627695,0.005488719334357509,1.2792496622555798,-7.044903222411364,-5.944778676954253,-0.9948479509793695,-1.4040757999119506,-1.8622695207595825,1.560594895535344,-1.560594895535344,0.11409557699971629,pixhawk_fused,True,0.8,0.2,gyro,-1.0,0.05169518664479256,-0.7474329471588135,0.0,-1.55,0.02844251200031067,1,0.02233134615265195,0.02233134615265195,0.02993435005785837,0.022331025143162344,0.00011973740023143348,0.005361878910097319,0.005369059113482568,0.005369059113482568,-1.2738877833454825,0.022967712484129394,,,
52.0882324000122,3637.68475599,odom,navigating,4,4,,0.024833957457701596,0.008319891996018163,1.1691372923183518,-7.044381217773544,-5.9485406788269914,-1.1049603209165975,-1.4954225378325119,-1.7465877532958984,1.4461406214173973,-1.4461406214173973,0.028519047000372666,pixhawk_fused,True,0.8,0.2,gyro,-1.0,0.028439493849873543,-1.1213560104370117,0.0,-1.55,0.0032540460001655447,1,0.024878210513251668,0.024878210513251668,0.03334832827479725,0.02487785289299875,0.000133393313099189,0.005361878910097319,0.0081866163642053,0.0081866163642053,-1.1637754134082545,0.02619057169739408,,,
52.08854930009693,3637.801575978,odom,navigating,4,4,,0.02701944519849507,0.010245050567075196,1.0296192298039943,-7.044326318074561,-5.951452650360493,-1.244478383430955,-1.642135894783507,-1.6017528772354126,1.3082912180360498,-1.3082912180360498,0.0346088910000617,pixhawk_fused,True,0.8,0.2,gyro,-1.0,0.01543489284813404,-1.352514624595642,0.0,-1.55,0.020640675000322517,1,0.02707398925569173,0.02707398925569173,0.03629168910385319,0.027073600071474482,0.00014516675641541277,0.005361878910097319,0.010100028996943275,0.010100028996943275,-1.024257350893897,0.02889656519305376,,,
52.08875110000372,3637.90392654,odom,navigating,4,4,,0.02834910198941485,0.011102606017488439,0.8961101310748085,-7.044532191945744,-5.953021409258902,-1.3779874821601408,-1.782692151183882,-1.470881700515747,1.1764118049081507,-1.1764118049081507,0.025124633999894286,pixhawk_fused,True,0.8,0.2,gyro,-1.0,0.0051303463988006115,-1.416104793548584,0.0,-1.55,0.015825094999854628,1,0.028408225019461598,0.028408225019461598,0.038080183184746666,0.02840781665582101,0.00015232073273898668,0.005361878910097319,0.010950442695592337,0.010950442695592338,-0.8907482521647112,0.030445680218806337,,,
52.40416440006811,3638.004328912,odom,navigating,4,4,,0.029607172652003962,0.01169371832400038,0.8692946342413737,-7.044894987456517,-5.95436324940152,-1.4048029789935756,-1.9287874703745447,-1.470881700515747,1.1764118049081507,-1.1764118049081507,0.12543154600007256,pixhawk_fused,True,0.8,0.2,gyro,-1.0,0.002588659292086959,-1.5973109006881714,0.0,-1.55,0.014458889000252384,1,0.02966944705491127,0.02966944705491127,0.039770805042101724,0.029669020561407886,0.0001590832201684069,0.005361878910097319,0.011534800914729759,0.01153480091472976,-0.8639327553312763,0.03183280887208406,,,
52.40441389998887,3638.1043867,odom,navigating,4,4,,0.030597968461700868,0.011995213378558535,0.5905280189084667,-7.045305820203898,-5.955313929188891,-1.6835695943264826,-2.075477869339757,-1.1642792224884033,0.8678670816358272,-0.8678670816358272,0.0028071319998161925,pixhawk_fused,True,0.8,0.2,gyro,-1.0,0.010247918777167797,-1.4812893867492676,0.0,-1.55,0.010627950000070996,1,0.03066184519430714,0.03066184519430714,0.041101078331422236,0.03066140443524099,0.00016440431332568896,0.005361878910097319,0.011830979133644632,0.01183097913364463,-0.5851661399983694,0.03286519158593771,,,
52.40459690010175,3638.221870467,odom,navigating,4,4,,0.031575189825192446,0.012123843608732077,0.5579862972551881,-7.045839719776498,-5.956142457146027,-1.7161113159797612,-2.252807772515642,-1.1642792224884033,0.8678670816358272,-0.8678670816358272,0.12121935699997266,pixhawk_fused,True,0.8,0.2,gyro,-1.0,0.007716674357652664,-1.3185697793960571,0.0,-1.2501184296770673,0.02282337800033929,1,0.03163974220681324,0.03163974220681324,0.04241191339227302,0.03163928739063567,0.00016964765356909209,0.005361878910097319,0.011954367797266857,0.011954367797266855,-0.5526244183450908,0.033822776295655124,,,
52.72650390001945,3638.322256451,odom,navigating,4,4,,0.0325596975350016,0.01209249922775705,0.4410317122859262,-7.0465003461542475,-5.956873080639978,-1.833065900949023,-2.377174527189109,-1.047099232673645,0.75251478874051,-0.75251478874051,0.07038854799975525,pixhawk_fused,True,0.8,0.2,gyro,-1.0,0.015458855777978897,-1.0836912393569946,0.0,-0.9886187296666638,0.030897098000423284,1,0.03262406770051328,0.03262406770051328,0.043731365596267995,0.03262359873481593,0.00017492546238507197,0.005361878910097319,0.011917745081030226,0.011917745081030225,-0.4356698333758289,0.03473272867403444,,,
52.72668970003724,3638.441994179,odom,navigating,4,4,,0.033970906166872095,0.011854335514866293,0.21427718999176104,-7.047594680153954,-5.957795395582875,-2.0598204232431883,-2.4847413567715333,-0.7985625863075256,0.4992278841670695,-0.4992278841670695,0.08188167999969664,pixhawk_fused,True,0.8,0.2,gyro,-1.0,0.018090587109327316,-0.6454129815101624,0.0,-0.48199935826555423,0.02784404500016535,1,0.034033979047617534,0.034033979047617534,0.04562130001966832,0.034033489814672566,0.00018248520007867327,0.005361878910097319,0.011672018098160226,0.011672018098160226,-0.20891531108166372,0.035979824017043895,,,
52.72689879999962,3638.544298428,odom,navigating,4,4,,0.03387187730389192,0.01185793949009717,0.13230544668222066,-7.047527885520193,-5.957722195984233,-2.1417921665527286,-2.5428697449274424,-0.7130453586578369,0.41176891600453286,-0.41176891600453286,0.06971843600013017,pixhawk_fused,True,0.8,0.2,gyro,-1.0,0.01550466101616621,-0.20379416644573212,0.0,-0.2961020899502228,0.031163738000032026,1,0.03393497093214744,0.03393497093214744,0.04548858327403233,0.03393448312242812,0.00018195433309612933,0.005361878910097319,0.011676152999812192,0.01167615299981219,-0.12694356777212334,0.03588752988212918,,,
53.0641675000079,3638.665053778,odom,navigating,4,4,,0.03501094908394663,0.011535376652265677,0.12926691794258138,-7.048510590131969,-5.95838236486449,-2.144830695292368,-2.559082241500398,-0.7130453586578369,0.41176891600453286,-0.41176891600453286,0.1904149540000617,pixhawk_fused,True,0.8,0.2,gyro,-1.0,0.010241799987852573,-0.1346188187599182,0.0,-0.28549565512088304,0.010316569000224263,1,0.03507229680363947,0.03507229680363947,0.047013126870033076,0.035071792645044675,0.00018805250748013232,0.005361878910097319,0.011347487263079879,0.011347487263079879,-0.12390503903248407,0.03686233131895403,,,
53.064319299999624,3638.767057237,odom,navigating,4,4,,0.03614560705041701,0.011194675199981316,0.08912024955553344,-7.049504274683543,-5.959027436327529,-2.184977363679416,-2.575309926566095,-0.6499972343444824,0.36609346742295656,-0.36609346742295656,0.09855277099995874,pixhawk_fused,True,0.8,0.2,gyro,-1.0,0.010273494757711887,-0.1350354105234146,0.0,-0.25,0.012080339000021922,1,0.03620511166840675,0.03620511166840675,0.04853162362705291,0.03620459122578147,0.00019412649450821165,0.005361878910097319,0.01100070683885492,0.011000706838854919,-0.08375837064543612,0.037839472272697364,,,
53.06443540006876,3638.881998958,odom,navigating,4,4,,0.0363339127205769,0.011136010221480771,0.07683301387426278,-7.049670803770455,-5.959133118248069,-2.1972645993606865,-2.5780260380943907,-0.6341656446456909,0.35157924198471935,-0.35157924198471935,0.10633801500034679,pixhawk_fused,True,0.8,0.2,gyro,-1.0,0.0,0.0,0.0,-0.25,0.023222255999826302,1,0.036393100078699336,0.036393100078699336,0.0487836151927226,0.036392576933771056,0.0001951344607708904,0.005361878910097319,0.010941033036290435,0.010941033036290435,-0.07147113496416546,0.038002157007720284,,,
53.38716580008622,3639.001940587,odom,navigating,4,4,,0.0363339127205769,0.011136010221480771,0.07206153690460093,-7.049670803770455,-5.959133118248069,-2.2020360763303484,-2.5780260380943907,-0.6298196911811829,0.34569451568015847,-0.34569451568015847,0.04716417999998157,pixhawk_fused,True,0.8,0.2,gyro,-1.0,0.0,0.0,0.0,-0.25,0.01834221500030253,1,0.036393100078699336,0.036393100078699336,0.0487836151927226,0.036392576933771056,0.0001951344607708904,0.005361878910097319,0.010941033036290435,0.010941033036290435,-0.06669965799450361,0.038002157007720284,,,
53.38731360004749,3639.10457603,odom,navigating,4,4,,0.03614611515980323,0.011196905541596094,0.06930263251825108,-7.049502902191069,-5.959029266317494,-2.204794980716698,-2.5928956930342593,-0.6295781135559082,0.3457572810516785,-0.3457572810516785,0.03934488000004421,pixhawk_fused,True,0.8,0.2,gyro,-1.0,-0.017978103831410408,-0.4388381540775299,0.0,-0.25,0.020625804999781394,1,0.036205631729253354,0.036205631729253354,0.04853232074953389,0.03620511127915228,0.00019412928299813556,0.005361878910097319,0.011002934424000951,0.011002934424000953,-0.06394075360815377,0.03784061752737635,,,
53.387412000098266,3639.205237635,odom,navigating,4,4,,0.03674978451451822,0.01098299056046517,0.06105107986421876,-7.050056474155803,-5.959351344551522,-2.2130465333707305,-2.6220018186383074,-0.6258707046508789,0.3423334836063068,-0.3423334836063068,0.0537118269999155,pixhawk_fused,True,0.8,0.2,gyro,-1.0,0.017949944362044334,-0.23593512177467346,0.0,-0.25,0.02167723999991722,1,0.03680814542558903,0.03680814542558903,0.04933996824993433,0.03680761631445101,0.0001973598729997373,0.005361878910097319,0.010785785731391086,0.010785785731391087,-0.05568920095412144,0.03835586974003836,,,
53.698475699988194,3639.325899395,odom,navigating,4,4,,0.03729212044939002,0.010769253312181882,0.012063765124689763,-7.050570243838776,-5.959626758041415,-2.2620338481102595,-2.6695177394424605,-0.5724977254867554,0.29300687180432483,-0.29300687180432483,0.06391167600031622,pixhawk_fused,True,0.8,0.2,gyro,-1.0,0.005122174043208361,-0.20197848975658417,0.0,0.0,0.0065658319999784,1,0.03734932753671695,0.03734932753671695,0.05006540301095657,0.0373487906461736,0.0002002616120438263,0.005361878910097319,0.010569143629868534,0.010569143629868532,-0.006701886214592443,0.038815964042050455,,,
53.69893820001744,3639.44253172,odom,navigating,4,4,,0.03738342155764931,0.01073090457266912,-0.015372358979982348,-7.050658540854639,-5.9596715927955835,-2.2894699722149316,-2.670875746119139,-0.5409817695617676,0.2595240477171819,-0.2595240477171819,0.07449542399990605,pixhawk_fused,True,0.8,0.2,gyro,-1.0,0.0,0.0,0.0,0.0,0.003003201000410627,1,0.03744042171222521,0.03744042171222521,0.05018751141047965,0.03743988351221782,0.0002007500456419186,0.005361878910097319,0.010530305898471572,0.010530305898471572,0.020734237890079665,0.03889309090705764,,,
53.699212400009856,,mission_status,reached,4,4,reached waypoint 4/4,0.03738342155764931,0.01073090457266912,-0.015372358979982348,,,,,,,,,,,,,,,,,,,,,,,,,,,,,,,,,
54.084164800005965,3639.565495179,odom,reached,4,4,,0.03738342155764931,0.01073090457266912,-0.015372358979982348,-7.050658540854639,-5.9596715927955835,-2.2894699722149316,-2.670875746119139,-0.5409817695617676,0.2595240477171819,-0.2595240477171819,0.1976686369998788,pixhawk_fused,True,0.8,0.2,gyro,-1.0,0.0,0.0,0.0,0.0,0.003921602999980678,1,0.03744042171222521,0.03744042171222521,0.05018751141047965,0.03743988351221782,0.0002007500456419186,0.005361878910097319,0.010530305898471572,0.010530305898471572,0.020734237890079665,0.03889309090705764,,,
54.08432360005099,3639.682097672,odom,reached,4,4,,0.03738342155764931,0.01073090457266912,-0.015621846682230434,-7.050658540854639,-5.9596715927955835,-2.2897194599171797,-2.670875746119139,-0.5408915281295776,0.2592164149542432,-0.2592164149542432,0.010338476000015362,pixhawk_fused,True,0.8,0.2,gyro,-1.0,0.0,0.0,0.0,0.0,0.01157679600009942,1,0.03744042171222521,0.03744042171222521,0.05018751141047965,0.03743988351221782,0.0002007500456419186,0.005361878910097319,0.010530305898471572,0.010530305898471572,0.02098372559232775,0.03889309090705764,,,
54.084412800031714,,mission_status,done,4,4,mission complete,0.03738342155764931,0.01073090457266912,-0.015621846682230434,,,,,,,,,,,,,,,,,,,,,,,,,,,,,,,,,
54.084458800032735,3639.801411798,odom,done,4,4,,0.03738342155764931,0.01073090457266912,-0.015621846682230434,-7.050658540854639,-5.9596715927955835,-2.2897194599171797,-2.670875746119139,-0.5408915281295776,0.2592164149542432,-0.2592164149542432,0.12978548699993553,pixhawk_fused,True,0.8,0.2,gyro,-1.0,0.0,0.0,0.0,0.0,0.13101764100019864,1,0.03744042171222521,0.03744042171222521,0.05018751141047965,0.03743988351221782,0.0002007500456419186,0.005361878910097319,0.010530305898471572,0.010530305898471572,0.02098372559232775,0.03889309090705764,,,
54.08454400009941,3639.901771465,odom,done,4,4,,0.03738342155764931,0.01073090457266912,-0.01570329940372428,-7.050658540854639,-5.9596715927955835,-2.2898009126386736,-2.670875746119139,-0.5407959222793579,0.2591159778481442,-0.2591159778481442,0.053090268000232754,pixhawk_fused,True,0.8,0.2,gyro,-1.0,0.0,0.0,0.0,0.0,0.2311894059998849,1,0.03744042171222521,0.03744042171222521,0.05018751141047965,0.03743988351221782,0.0002007500456419186,0.005361878910097319,0.010530305898471572,0.010530305898471572,0.021065178313821598,0.03889309090705764,,,
55.085252400022,3640.003936124,odom,done,4,4,,0.03738342155764931,0.01073090457266912,-0.015839840954995132,-7.050658540854639,-5.9596715927955835,-2.2899374541899444,-2.670875746119139,-0.5406297445297241,0.25894761091001334,-0.25894761091001334,0.046201630999803456,pixhawk_fused,True,0.8,0.2,gyro,-1.0,0.0,0.0,0.0,0.0,0.00783907699997144,1,0.03744042171222521,0.03744042171222521,0.05018751141047965,0.03743988351221782,0.0002007500456419186,0.005361878910097319,0.010530305898471572,0.010530305898471572,0.02120171986509245,0.03889309090705764,,,
55.08540770004038,3640.10470554,odom,done,4,4,,0.03738342155764931,0.01073090457266912,-0.015839840954995132,-7.050658540854639,-5.9596715927955835,-2.2899374541899444,-2.670875746119139,-0.5406297445297241,0.25894761091001334,-0.25894761091001334,0.14671605300009105,pixhawk_fused,True,0.8,0.2,gyro,-1.0,0.0,0.0,0.0,0.0,0.043185708000237355,1,0.03744042171222521,0.03744042171222521,0.05018751141047965,0.03743988351221782,0.0002007500456419186,0.005361878910097319,0.010530305898471572,0.010530305898471572,0.02120171986509245,0.03889309090705764,,,
55.085506400093436,3640.205673599,odom,done,4,4,,0.03738342155764931,0.01073090457266912,-0.01592377351665153,-7.050658540854639,-5.9596715927955835,-2.290021386751601,-2.670875746119139,-0.5405202507972717,0.258844114356637,-0.258844114356637,0.052206198000021686,pixhawk_fused,True,0.8,0.2,gyro,-1.0,0.0,0.0,0.0,0.0,0.1432032910001908,1,0.03744042171222521,0.03744042171222521,0.05018751141047965,0.03743988351221782,0.0002007500456419186,0.005361878910097319,0.010530305898471572,0.010530305898471572,0.021285652426748847,0.03889309090705764,,,
55.085593400057405,3640.325298125,odom,done,4,4,,0.03738342155764931,0.01073090457266912,-0.01605530132574806,-7.050658540854639,-5.9596715927955835,-2.2901529145606974,-2.670875746119139,-0.5403626561164856,0.25868192724344324,-0.25868192724344324,0.05084017800027141,pixhawk_fused,True,0.8,0.2,gyro,-1.0,0.0,0.0,0.0,0.0,0.263654833000146,1,0.03744042171222521,0.03744042171222521,0.05018751141047965,0.03743988351221782,0.0002007500456419186,0.005361878910097319,0.010530305898471572,0.010530305898471572,0.02141718023584538,0.03889309090705764,,,
55.08569229999557,3640.444160596,odom,done,4,4,,0.03738342155764931,0.01073090457266912,-0.01605530132574806,-7.050658540854639,-5.9596715927955835,-2.2901529145606974,-2.670875746119139,-0.5403626561164856,0.25868192724344324,-0.25868192724344324,0.17013574900011008,pixhawk_fused,True,0.8,0.2,gyro,-1.0,0.0,0.0,0.0,0.0,0.38293438600021545,1,0.03744042171222521,0.03744042171222521,0.05018751141047965,0.03743988351221782,0.0002007500456419186,0.005361878910097319,0.010530305898471572,0.010530305898471572,0.02141718023584538,0.03889309090705764,,,
55.085773000027984,3640.564578749,odom,done,4,4,,0.03738342155764931,0.01073090457266912,-0.01624291914196796,-7.050658540854639,-5.9596715927955835,-2.2903405323769173,-2.670875746119139,-0.5401113033294678,0.2584505728277937,-0.2584505728277937,0.01232053600006111,pixhawk_fused,True,0.8,0.2,gyro,-1.0,0.0,0.0,0.0,0.0,0.5033730940003807,1,0.03744042171222521,0.03744042171222521,0.05018751141047965,0.03743988351221782,0.0002007500456419186,0.005361878910097319,0.010530305898471572,0.010530305898471572,0.021604798052065277,0.03889309090705764,,,
55.08587280008942,3640.68171682,odom,done,4,4,,0.037246913717558124,0.010787904274195249,-0.015402157683652273,-7.050526781577082,-5.95960434066433,-2.2894997709186016,-2.66884636253945,-0.5409511923789978,0.2590141761134938,-0.2590141761134938,0.004238686999997299,pixhawk_fused,True,0.8,0.2,gyro,-1.0,-0.005145737435668707,0.06763587146997452,0.0,0.0,0.6212501450004311,1,0.037304221458445204,0.037304221458445204,0.050004939968223104,0.03730368521629444,0.00020001975987289243,0.005361878910097319,0.010588036715637886,0.010588036715637888,0.02076403659374959,0.03877771860376032,,,
55.08597190002911,3640.782746562,odom,done,4,4,,0.03715778989395074,0.010825100084294773,-0.015151047166634513,-7.050440772048677,-5.959560420905145,-2.289248660401584,-2.6675187977469204,-0.5409511923789978,0.2590141761134938,-0.2590141761134938,0.10487749499998245,pixhawk_fused,True,0.8,0.2,gyro,-1.0,0.0,0.0,0.0,0.0,0.7219051750003018,1,0.037215298354452454,0.037215298354452454,0.049885741810398024,0.037214763390556925,0.0001995429672415921,0.005361878910097319,0.010625709859914068,0.010625709859914068,0.02051292607673183,0.038702508208615975,,,
55.08606950007379,3640.902392086,odom,done,4,4,,0.03619848034354139,0.011217915079518094,-0.008247419454137983,-7.049520744593238,-5.959082793524002,-2.2823450326890873,-2.653320490990009,-0.5459039807319641,0.2642134705502168,-0.2642134705502168,0.046458216000246466,pixhawk_fused,True,0.8,0.2,gyro,-1.0,-0.012863700278103352,0.16908122599124908,0.0,0.0,0.8417671199999859,1,0.03625810881030898,0.03625810881030898,0.04860266435101655,0.03625758760585835,0.00019441065740406622,0.005361878910097319,0.011023662885485301,0.011023662885485303,0.013609298364235302,0.0378968547232225,,,
