local_t,bridge_t,event_type,mission_state,mission_index,mission_total,event_message,x_m,y_m,yaw_rad,raw_x_m,raw_y_m,raw_yaw_rad,encoder_yaw_rad,pixhawk_yaw_rad,pixhawk_yaw_ros_rad,pixhawk_gyro_yaw_rad,pixhawk_age_s,yaw_source,use_pixhawk_yaw,pixhawk_weight,encoder_weight,pixhawk_yaw_mode,pixhawk_yaw_sign,linear_x_mps,angular_z_radps,cmd_linear_x_mps,cmd_angular_z_radps,cmd_age_s,nearest_segment,along_track_m,segment_progress_m,segment_ratio,nearest_path_x_m,nearest_path_y_m,nearest_path_yaw_rad,cross_track_error_m,signed_cross_track_error_m,heading_error_rad,distance_to_waypoint_m,turn_kind,turn_target_yaw_rad,turn_yaw_error_rad
1.07400299992878,3728.367417698,odom,idle,,4,,-0.01557658354209972,-0.017330474551267332,0.06759214196208063,-7.040904694335511,-5.933498618803427,-2.516094847556626,-2.9794415382295294,-0.8046398162841797,0.4354541763998239,-0.4354541763998239,0.011988834000021598,pixhawk_fused,True,0.8,0.2,gyro,-1.0,0.0,0.0,0.0,0.0,20.130584195999745,4,2.5921783769243234,0.4865623242105384,0.9653710339327048,-0.0001385158642691806,-0.01745299889791674,1.5628599854874305,0.015438553877899247,0.015438553877899249,1.49526784352535,,,,
1.0742284000152722,3728.485491063,odom,idle,,4,,-0.01557658354209972,-0.017330474551267332,0.06775899509765493,-7.040904694335511,-5.933498618803427,-2.5159279944210517,-2.9794415382295294,-0.8048068284988403,0.43565857829941873,-0.43565857829941873,0.012712110999927972,pixhawk_fused,True,0.8,0.2,gyro,-1.0,0.0,0.0,0.0,0.0,20.24861635799971,4,2.5921783769243234,0.4865623242105384,0.9653710339327048,-0.0001385158642691806,-0.01745299889791674,1.5628599854874305,0.015438553877899247,0.015438553877899249,1.4951009903897756,,,,
1.0744030999485403,3728.602393976,odom,idle,,4,,-0.01557658354209972,-0.017330474551267332,0.06775899509765493,-7.040904694335511,-5.933498618803427,-2.5159279944210517,-2.9794415382295294,-0.8048068284988403,0.43565857829941873,-0.43565857829941873,0.13032254300014756,pixhawk_fused,True,0.8,0.2,gyro,-1.0,0.0,0.0,0.0,0.0,20.366196642999967,4,2.5921783769243234,0.4865623242105384,0.9653710339327048,-0.0001385158642691806,-0.01745299889791674,1.5628599854874305,0.015438553877899247,0.015438553877899249,1.4951009903897756,,,,
1.074548100004904,3728.704440483,odom,idle,,4,,-0.01557658354209972,-0.017330474551267332,0.06807530439050735,-7.040904694335511,-5.933498618803427,-2.5156116851281993,-2.9794415382295294,-0.8050947189331055,0.4360460619297481,-0.4360460619297481,0.04944720200001029,pixhawk_fused,True,0.8,0.2,gyro,-1.0,0.0,0.0,0.0,0.0,20.467421392999768,4,2.5921783769243234,0.4865623242105384,0.9653710339327048,-0.0001385158642691806,-0.01745299889791674,1.5628599854874305,0.015438553877899247,0.015438553877899249,1.4947846810969232,,,,
1.0746870000148192,3728.825519342,odom,idle,,4,,-0.01557658354209972,-0.017330474551267332,0.06822677283143852,-7.040904694335511,-5.933498618803427,-2.515460216687268,-2.9794415382295294,-0.8052369356155396,0.43623160925783655,-0.43623160925783655,0.061271317999853636,pixhawk_fused,True,0.8,0.2,gyro,-1.0,0.0,0.0,0.0,0.0,20.58787204700002,4,2.5921783769243234,0.4865623242105384,0.9653710339327048,-0.0001385158642691806,-0.01745299889791674,1.5628599854874305,0.015438553877899247,0.015438553877899249,1.494633212655992,,,,
1.0748212999897078,3728.925785081,odom,idle,,4,,-0.01557658354209972,-0.017330474551267332,0.06822677283143852,-7.040904694335511,-5.933498618803427,-2.515460216687268,-2.9794415382295294,-0.8052369356155396,0.43623160925783655,-0.43623160925783655,0.16210213399972417,pixhawk_fused,True,0.8,0.2,gyro,-1.0,0.0,0.0,0.0,0.0,20.68870623299972,4,2.5921783769243234,0.4865623242105384,0.9653710339327048,-0.0001385158642691806,-0.01745299889791674,1.5628599854874305,0.015438553877899247,0.015438553877899249,1.494633212655992,,,,
1.0750361999962479,3729.042824805,odom,idle,,4,,-0.01557658354209972,-0.017330474551267332,0.0683743978651008,-7.040904694335511,-5.933498618803427,-2.515312591653606,-2.9794415382295294,-0.8053614497184753,0.43641244609068586,-0.43641244609068586,0.1026537500001723,pixhawk_fused,True,0.8,0.2,gyro,-1.0,0.0,0.0,0.0,0.0,20.80624785200007,4,2.5921783769243234,0.4865623242105384,0.9653710339327048,-0.0001385158642691806,-0.01745299889791674,1.5628599854874305,0.015438553877899247,0.015438553877899249,1.4944855876223297,,,,
1.075230099959299,3729.145062789,odom,idle,,4,,-0.01557658354209972,-0.017330474551267332,0.06871439697007098,-7.040904694335511,-5.933498618803427,-2.5149725925486357,-2.9794415382295294,-0.8056821823120117,0.4368289273011868,-0.4368289273011868,0.00961434000009831,pixhawk_fused,True,0.8,0.2,gyro,-1.0,0.0,0.0,0.0,0.0,20.90787142499994,4,2.5921783769243234,0.4865623242105384,0.9653710339327048,-0.0001385158642691806,-0.01745299889791674,1.5628599854874305,0.015438553877899247,0.015438553877899249,1.4941455885173596,,,,
1.0754028999945149,3729.245182235,odom,idle,,4,,-0.01557658354209972,-0.017330474551267332,0.06871439697007098,-7.040904694335511,-5.933498618803427,-2.5149725925486357,-2.9794415382295294,-0.8056821823120117,0.4368289273011868,-0.4368289273011868,0.1096825650001847,pixhawk_fused,True,0.8,0.2,gyro,-1.0,0.0,0.0,0.0,0.0,21.007938058000036,4,2.5921783769243234,0.4865623242105384,0.9653710339327048,-0.0001385158642691806,-0.01745299889791674,1.5628599854874305,0.015438553877899247,0.015438553877899249,1.4941455885173596,,,,
1.0755497999489307,3729.367259031,odom,idle,,4,,-0.01557658354209972,-0.017330474551267332,0.06919295998607566,-7.040904694335511,-5.933498618803427,-2.514494029532631,-2.9794415382295294,-0.8061222434043884,0.43741512113340636,-0.43741512113340636,0.009018393000133074,pixhawk_fused,True,0.8,0.2,gyro,-1.0,0.0,0.0,0.0,0.0,21.130434064999918,4,2.5921783769243234,0.4865623242105384,0.9653710339327048,-0.0001385158642691806,-0.01745299889791674,1.5628599854874305,0.015438553877899247,0.015438553877899249,1.4936670255013549,,,,
1.88944930001162,3729.485293673,odom,idle,,4,,-0.01557658354209972,-0.017330474551267332,0.06919295998607566,-7.040904694335511,-5.933498618803427,-2.514494029532631,-2.9794415382295294,-0.8061222434043884,0.43741512113340636,-0.43741512113340636,0.12670608200005518,pixhawk_fused,True,0.8,0.2,gyro,-1.0,0.0,0.0,0.0,0.0,21.248063884999738,4,2.5921783769243234,0.4865623242105384,0.9653710339327048,-0.0001385158642691806,-0.01745299889791674,1.5628599854874305,0.015438553877899247,0.015438553877899249,1.4936670255013549,,,,
1.8895737000275403,3729.605113065,odom,idle,,4,,-0.01557658354209972,-0.017330474551267332,0.06936106351627247,-7.040904694335511,-5.933498618803427,-2.514325926002434,-2.9794415382295294,-0.8062677979469299,0.4376210260279148,-0.4376210260279148,0.04582151899967357,pixhawk_fused,True,0.8,0.2,gyro,-1.0,0.0,0.0,0.0,0.0,21.36781420499983,4,2.5921783769243234,0.4865623242105384,0.9653710339327048,-0.0001385158642691806,-0.01745299889791674,1.5628599854874305,0.015438553877899247,0.015438553877899249,1.493498921971158,,,,
1.8896643000189215,3729.722269564,odom,idle,,4,,-0.01557658354209972,-0.017330474551267332,0.06971113862660783,-7.040904694335511,-5.933498618803427,-2.513975850892099,-2.9794415382295294,-0.8066073060035706,0.43804981265027515,-0.43804981265027515,0.06125546600014786,pixhawk_fused,True,0.8,0.2,gyro,-1.0,0.0,0.0,0.0,0.0,21.4859119570001,4,2.5921783769243234,0.4865623242105384,0.9653710339327048,-0.0001385158642691806,-0.01745299889791674,1.5628599854874305,0.015438553877899247,0.015438553877899249,1.4931488468608227,,,,
1.8897485999623314,3729.844505096,odom,idle,,4,,-0.01557658354209972,-0.017330474551267332,0.06988234427877194,-7.040904694335511,-5.933498618803427,-2.5138046452399347,-2.9794415382295294,-0.8067637085914612,0.4382595077028635,-0.4382595077028635,0.006652194999787753,pixhawk_fused,True,0.8,0.2,gyro,-1.0,0.0,0.0,0.0,0.0,21.6076150949998,4,2.5921783769243234,0.4865623242105384,0.9653710339327048,-0.0001385158642691806,-0.01745299889791674,1.5628599854874305,0.015438553877899247,0.015438553877899249,1.4929776412086586,,,,
1.8898268999764696,3729.966712832,odom,idle,,4,,-0.01557658354209972,-0.017330474551267332,0.0701810349150418,-7.040904694335511,-5.933498618803427,-2.513505954603665,-2.9794415382295294,-0.807013750076294,0.43862534060128006,-0.43862534060128006,0.015559998999833624,pixhawk_fused,True,0.8,0.2,gyro,-1.0,0.0,0.0,0.0,0.0,21.72975125899984,4,2.5921783769243234,0.4865623242105384,0.9653710339327048,-0.0001385158642691806,-0.01745299889791674,1.5628599854874305,0.015438553877899247,0.015438553877899249,1.4926789505723888,,,,
1.8899103000294417,3730.067193916,odom,idle,,4,,-0.01557658354209972,-0.017330474551267332,0.0701810349150418,-7.040904694335511,-5.933498618803427,-2.513505954603665,-2.9794415382295294,-0.807013750076294,0.43862534060128006,-0.43862534060128006,0.11608852599965758,pixhawk_fused,True,0.8,0.2,gyro,-1.0,0.0,0.0,0.0,0.0,21.830279749000056,4,2.5921783769243234,0.4865623242105384,0.9653710339327048,-0.0001385158642691806,-0.01745299889791674,1.5628599854874305,0.015438553877899247,0.015438553877899249,1.4926789505723888,,,,
1.8899839000077918,3730.184852568,odom,idle,,4,,-0.01557658354209972,-0.017330474551267332,0.07039057068664256,-7.040904694335511,-5.933498618803427,-2.513296418832064,-2.9794415382295294,-0.8071991205215454,0.4388819719202255,-0.4388819719202255,0.04292472499992073,pixhawk_fused,True,0.8,0.2,gyro,-1.0,0.0,0.0,0.0,0.0,21.94804721299988,4,2.5921783769243234,0.4865623242105384,0.9653710339327048,-0.0001385158642691806,-0.01745299889791674,1.5628599854874305,0.015438553877899247,0.015438553877899249,1.492469414800788,,,,
3.0069707999937236,3730.305111651,odom,idle,,4,,-0.0,0.0,0.00029943197248583076,-7.040904694335511,-5.933498618803427,-2.9791421062570436,-2.9794415382295294,-0.8074735999107361,0.43925626188478406,-0.43925626188478406,0.0486924810002165,pixhawk_fused,True,0.8,0.2,gyro,-1.0,0.0,0.0,0.0,0.0,22.06783438299999,1,0.0,0.0,0.0,0.0,0.0,0.005361878910097319,0.0,0.0,0.005062446937611488,,,,
3.0072361000347883,3730.426146455,odom,idle,,4,,-0.0,0.0,0.00029943197248583076,-7.040904694335511,-5.933498618803427,-2.9791421062570436,-2.9794415382295294,-0.8074735999107361,0.43925626188478406,-0.43925626188478406,0.16985802299996067,pixhawk_fused,True,0.8,0.2,gyro,-1.0,0.0,0.0,0.0,0.0,22.189013626999895,1,0.0,0.0,0.0,0.0,0.0,0.005361878910097319,0.0,0.0,0.005062446937611488,,,,
3.0075364999938756,3730.529131492,odom,idle,,4,,-0.0,0.0,0.0004769512219731098,-7.040904694335511,-5.933498618803427,-2.9789645870075563,-2.9794415382295294,-0.8076422214508057,0.4394781609434539,-0.4394781609434539,0.09499820900009581,pixhawk_fused,True,0.8,0.2,gyro,-1.0,0.0,0.0,0.0,0.0,22.29182390899996,1,0.0,0.0,0.0,0.0,0.0,0.005361878910097319,0.0,0.0,0.004884927688124209,,,,
3.0076326000271365,3730.641514282,odom,idle,,4,,-0.0,0.0,0.0009345509262641549,-7.040904694335511,-5.933498618803427,-2.9785069873032652,-2.9794415382295294,-0.808046817779541,0.44005016054617213,-0.44005016054617213,0.02285853000012139,pixhawk_fused,True,0.8,0.2,gyro,-1.0,0.0,0.0,0.0,0.0,22.405750678000004,1,0.0,0.0,0.0,0.0,0.0,0.005361878910097319,0.0,0.0,0.004427327983833164,,,,
3.007706100004725,3730.743667155,odom,idle,,4,,-0.0,0.0,0.0010000164426453573,-7.040904694335511,-5.933498618803427,-2.978441521786884,-2.9794415382295294,-0.8081027865409851,0.4401319924344678,-0.4401319924344678,0.07506378800007951,pixhawk_fused,True,0.8,0.2,gyro,-1.0,0.0,0.0,0.0,0.0,22.506970871999783,1,0.0,0.0,0.0,0.0,0.0,0.005361878910097319,0.0,0.0,0.004361862467451962,,,,
3.007779899984598,3730.844596079,odom,idle,,4,,-0.0,0.0,0.0010000164426453573,-7.040904694335511,-5.933498618803427,-2.978441521786884,-2.9794415382295294,-0.8081027865409851,0.4401319924344678,-0.4401319924344678,0.1758098280001832,pixhawk_fused,True,0.8,0.2,gyro,-1.0,0.0,0.0,0.0,0.0,22.60772731799989,1,0.0,0.0,0.0,0.0,0.0,0.005361878910097319,0.0,0.0,0.004361862467451962,,,,
3.0078422999940813,3730.946773507,odom,idle,,4,,-0.0,0.0,0.0011619129671105455,-7.040904694335511,-5.933498618803427,-2.978279625262419,-2.9794415382295294,-0.8082485198974609,0.440334363067839,-0.440334363067839,0.09479408399965905,pixhawk_fused,True,0.8,0.2,gyro,-1.0,0.0,0.0,0.0,0.0,22.70970241799978,1,0.0,0.0,0.0,0.0,0.0,0.005361878910097319,0.0,0.0,0.004199965942986774,,,,
3.0079054000088945,3731.064621616,odom,idle,,4,,-0.0,0.0,0.001515448570047706,-7.040904694335511,-5.933498618803427,-2.9779260896594817,-2.9794415382295294,-0.8085610866546631,0.4407762824968339,-0.4407762824968339,0.11062815100012813,pixhawk_fused,True,0.8,0.2,gyro,-1.0,0.0,0.0,0.0,0.0,22.82862203600007,1,0.0,0.0,0.0,0.0,0.0,0.005361878910097319,0.0,0.0,0.003846430340049613,,,,
3.0079655000008643,3731.182570296,odom,idle,,4,,-0.0,0.0,0.0018182428380471016,-7.040904694335511,-5.933498618803427,-2.9776232953914823,-2.9794415382295294,-0.8088228106498718,0.4411547752329751,-0.4411547752329751,0.033333791000131896,pixhawk_fused,True,0.8,0.2,gyro,-1.0,0.0,0.0,0.0,0.0,22.946435090999785,1,0.0,0.0,0.0,0.0,0.0,0.005361878910097319,0.0,0.0,0.0035436360720502175,,,,
3.008029800024815,3731.301675539,odom,idle,,4,,-0.0,0.0,0.001964556754115332,-7.040904694335511,-5.933498618803427,-2.977476981475414,-2.9794415382295294,-0.8089397549629211,0.44133766756669124,-0.44133766756669124,0.03410438199989585,pixhawk_fused,True,0.8,0.2,gyro,-1.0,0.0,0.0,0.0,0.0,23.06584067699987,1,0.0,0.0,0.0,0.0,0.0,0.005361878910097319,0.0,0.0,0.0033973221559819872,,,,
3.3304812000133097,,mission_status,navigating,1,4,going to waypoint 1/4,-0.0,0.0,0.001964556754115332,,,,,,,,,,,,,,,,,,,,,,,,,,,,,,,,,
3.3306021000025794,3731.404848422,odom,navigating,1,4,,-0.0,0.0,0.001964556754115332,-7.040904694335511,-5.933498618803427,-2.977476981475414,-2.9794415382295294,-0.8089397549629211,0.44133766756669124,-0.44133766756669124,0.1359601889998885,pixhawk_fused,True,0.8,0.2,gyro,-1.0,0.0,0.0,0.28,0.019024967476371373,0.008682012999997823,1,0.0,0.0,0.0,0.0,0.0,0.005361878910097319,0.0,0.0,0.0033973221559819872,0.7460107237835124,,,
3.330710500013083,3731.525049007,odom,navigating,1,4,,0.0014348760318838678,9.114740409975987e-06,0.004958058412549704,-7.0423192765792795,-5.933739262483965,-2.9744834798169797,-2.965212712188787,-0.8090721368789673,0.44152236955050816,-0.44152236955050816,0.08254718399984995,pixhawk_fused,True,0.8,0.2,gyro,-1.0,0.02843235246837139,0.16987113654613495,0.28,0.015253564496015235,0.028065428999980213,1,0.0014349042776731506,0.0014349042776731506,0.0019234365297000084,0.0014348836511562063,7.693746118800033e-06,0.005361878910097319,1.4210147180327228e-06,1.4210147180327218e-06,0.00040382049754761513,0.7445758195071952,,,
3.33082429994829,3731.625438352,odom,navigating,1,4,,0.004939726973485536,0.00010100066417231617,0.012833262221570774,-7.045763317695414,-5.934395771384291,-2.9666082760079586,-2.9266155966126743,-0.8091984391212463,0.44171956283316455,-0.44171956283316455,0.052223350999611284,pixhawk_fused,True,0.8,0.2,gyro,-1.0,0.043929871171712875,0.5774167776107788,0.28,-0.018155764110894153,0.029002702000070713,1,0.004940197516445342,0.004940197516445342,0.006622153487808247,0.004940126501904953,2.648861395123299e-05,0.005361878910097319,7.45131213351524e-05,7.451312133515241e-05,-0.0074713833114734545,0.7410705300131377,,,
3.6519262000219896,3731.725492465,odom,navigating,1,4,,0.011974429889600662,0.0007011484323794378,0.06832831155808838,-7.052608852660972,-5.936123739409748,-2.911113226671441,-2.8528851240244903,-0.850031316280365,0.49266096908316453,-0.49266096908316453,0.09180062600034944,pixhawk_fused,True,0.8,0.2,gyro,-1.0,0.09303731471300125,0.747320294380188,0.28,-0.29294618809069994,0.028927092000230914,1,0.011978017214085925,0.011978017214085925,0.016056092536227227,0.011977845032025512,6.42243701449089e-05,0.005361878910097319,0.0006369332180465358,0.0006369332180465359,-0.06296643264799107,0.734032982908508,,,
3.6521054999902844,3731.845132026,odom,navigating,1,4,,0.026749688630921822,0.0029857167192472696,0.0919289747433627,-7.066821469732418,-5.940763678968707,-2.8875125634861667,-2.8076656928574435,-0.8747326135635376,0.5108691116021618,-0.5108691116021618,0.10452860600025815,pixhawk_fused,True,0.8,0.2,gyro,-1.0,0.15669849514961243,0.16887523233890533,0.28,-0.523681548012209,0.04841622899994036,1,0.026765313083272818,0.026765313083272818,0.03587792002175017,0.026764928336225628,0.0001435116800870007,0.005361878910097319,0.0028422458959853863,0.0028422458959853863,-0.08656709583326538,0.7192510265373901,,,
3.6522114999825135,3731.945528111,odom,navigating,1,4,,0.04290435680093515,0.0057678136359308445,0.1751419318399865,-7.082315079780109,-5.94611731461443,-2.804299606389543,-2.8157757407027746,-0.9741774797439575,0.6168928782986148,-0.6168928782986148,0.0879209129998344,pixhawk_fused,True,0.8,0.2,gyro,-1.0,0.15878741443157196,-0.20197848975658417,0.1861230694609329,-0.7777777777777779,0.04898217599975396,1,0.04293466622784926,0.04293466622784926,0.05755234456965879,0.04293404904896546,0.00023020937827863516,0.005361878910097319,0.005537683860962177,0.005537683860962176,-0.16978005292988918,0.7030978656279352,,,
3.990290699992329,3732.065956337,odom,navigating,1,4,,0.06014700926694391,0.008337161671369138,0.1591624474404405,-7.098916748752252,-5.95143663794829,-2.820279090789089,-2.863825676214753,-0.9645370841026306,0.6089278401629671,-0.6089278401629671,0.10310764399991967,pixhawk_fused,True,0.8,0.2,gyro,-1.0,0.13155177235603333,-0.5085659027099609,0.1709344739296846,-0.7777777777777778,0.014882275000218215,1,0.06019084730054927,0.06019084730054927,0.0806836220735297,0.06018998206685316,0.0003227344882941188,0.005361878910097319,0.008014542390825807,0.008014542390825805,-0.15380056853034318,0.6858667041552907,,,
3.990555700031109,3732.16682915,odom,navigating,1,4,,0.07252732065601356,0.009428074342130268,0.06689524288378168,-7.110958540226453,-5.954511936086263,-2.9125462953457477,-2.9354504358355062,-0.8671658635139465,0.5115027805762038,-0.5115027805762038,0.008193988000130048,pixhawk_fused,True,0.8,0.2,gyro,-1.0,0.13099539279937744,-0.7764687538146973,0.20264319686709642,-0.7777777777777779,0.015211027000077593,1,0.0725768300382591,0.0725768300382591,0.09728657742367848,0.07257578675806414,0.00038914630969471393,0.005361878910097319,0.009039057967432073,0.009039057967432073,-0.06153336397368436,0.6734945536630803,,,
3.990763399982825,3732.284739535,odom,navigating,1,4,,0.09078777045864128,0.009556143488148924,0.05068070939541647,-7.128958779030162,-5.957586319229252,-2.928760828834113,-3.016627203623684,-0.8671658635139465,0.5115027805762038,-0.5115027805762038,0.1263426810000965,pixhawk_fused,True,0.8,0.2,gyro,-1.0,0.19517089426517487,-0.6075195074081421,0.2587996290202477,-0.7777777777777778,0.03205652899987399,1,0.09083770403783664,0.09083770403783664,0.12176460892832577,0.09083639826053103,0.0004870584357133031,0.005361878910097319,0.009069215420940658,0.009069215420940658,-0.04531883048531915,0.655235786927896,,,
4.313746099942364,3732.385137305,odom,navigating,1,4,,0.11285113654260717,0.008095542224882048,-0.01855354194849923,-7.150968525849519,-5.95970682010243,-2.9979950801780286,-3.0856274449332877,-0.799241840839386,0.4422102378206,-0.4422102378206,0.048813273000178015,pixhawk_fused,True,0.8,0.2,gyro,-1.0,0.24406374990940094,-0.6416745781898499,0.28,-0.6960524013443975,0.03677742299987585,1,0.11289292143489939,0.11289292143489939,0.1513288185219978,0.11289129861741036,0.0006053152740879913,0.005361878910097319,0.007490334623142956,0.007490334623142955,0.023915420858596548,0.6331621093870858,,,
4.31387710000854,3732.505118154,odom,navigating,1,4,,0.14308726596219404,0.004066715403080318,-0.12755296668102556,-7.181458446171623,-5.960612207638141,-3.106994504910555,-3.1329754665950875,-0.6772212982177734,0.3178235606150374,-0.3178235606150374,0.05306714299968007,pixhawk_fused,True,0.8,0.2,gyro,-1.0,0.2727377116680145,-0.13527843356132507,0.28,0.4167332593303278,0.008582570999806194,1,0.14310701423695615,0.14310701423695615,0.1918297012021035,0.1431049570967692,0.0007673188048084139,0.005361878910097319,0.003299444027246222,0.0032994440272462212,0.13291484559112288,0.6029127377290077,,,
4.313982199993916,3732.607193676,odom,navigating,1,4,,0.16950263406349989,5.2383877289945147e-05,-0.12390204007028682,-7.2081753846811925,-5.960915070977524,-3.103343578299816,-3.1147183233157145,-0.6772212982177734,0.3178235606150374,-0.3178235606150374,0.15335534299993014,pixhawk_fused,True,0.8,0.2,gyro,-1.0,0.2784267067909241,0.40662848949432373,0.28,0.48574473176613614,0.008582440999816754,1,0.16950047836520754,0.16950047836520754,0.22720917134482843,0.16949804182324202,0.0009088366853793137,0.005361878910097319,0.0008564651196369591,-0.0008564651196369591,0.12926391898038414,0.5765108816013582,,,
4.627880499931052,3732.722123731,odom,navigating,1,4,,0.20115815830236858,-0.0034696937477194795,-0.09836246491623601,-7.2399842702713375,-5.962549709514712,-3.0778040031457654,-3.0518215922456227,-0.6756128072738647,0.33402458943888996,-0.33402458943888996,0.06459613600009106,pixhawk_fused,True,0.8,0.2,gyro,-1.0,0.27653560042381287,0.5775805115699768,0.28,0.5421809722523343,0.026519395999912376,1,0.20113666269778677,0.20113666269778677,0.2696163155372487,0.20113377139078753,0.0010784652621489948,0.005361878910097319,0.004548224389858557,-0.004548224389858557,0.10372434382633333,0.5448930434398586,,,
4.628129299962893,3732.825350889,odom,navigating,1,4,,0.2282726541295847,-0.0048085778318404035,-0.036725658970101716,-7.266959237366121,-5.9656057927580415,-3.016167197199631,-2.9950131304955763,-0.7420632839202881,0.39686816604897834,-0.39686816604897834,0.07219156700011808,pixhawk_fused,True,0.8,0.2,gyro,-1.0,0.2868650257587433,0.5774747729301453,0.28,0.3365050460597894,0.028358773000036308,1,0.2282435898585752,0.2282435898585752,0.30595215669421133,0.22824030889388164,0.0012238086267768453,0.005361878910097319,0.006032473174443583,-0.006032473174443582,0.04208753788019903,0.5178022747202297,,,
4.628322400036268,3732.926177722,odom,navigating,1,4,,0.2555715567637218,-0.004787819951397293,0.013599370127749033,-7.293896689666601,-5.970033453480936,-2.9658421681017804,-2.956469441235194,-0.792938768863678,0.45013819249436715,-0.45013819249436715,0.06181785700027831,pixhawk_fused,True,0.8,0.2,gyro,-1.0,0.2868650257587433,0.373660147190094,0.28,0.3319449760814542,0.03024789100027192,1,0.25554221137610966,0.25554221137610966,0.34254495710207294,0.2555385379981464,0.0013701798284082918,0.005361878910097319,0.006158088301329054,-0.006158088301329054,-0.008237491217651714,0.49050716989118265,,,
4.994505999959074,3733.047816989,odom,navigating,1,4,,0.28844421315556434,-0.003456925635591933,0.05198383014205854,-7.326123270466501,-5.976653899680668,-2.927457708087471,-2.918726814224235,-0.8309128880500793,0.4886831045942054,-0.4886831045942054,0.007448804999967251,pixhawk_fused,True,0.8,0.2,gyro,-1.0,0.28119298815727234,0.1878478229045868,0.28,0.10987814629758237,0.051736586000060925,1,0.28842153128880266,0.28842153128880266,0.38661847892216195,0.2884173852759328,0.0015464739156886478,0.005361878910097319,0.005003471475373897,-0.005003471475373897,-0.04662195123196122,0.45761654670123697,,,
4.9946674000239,3733.164706992,odom,navigating,1,4,,0.3189392879274673,-0.001334702790798871,0.08112108518470551,-7.355875704832281,-5.983671453703037,-2.898320453044824,-2.9023770039922634,-0.8633402585983276,0.5210171922342525,-0.5210171922342525,0.07218452999995861,pixhawk_fused,True,0.8,0.2,gyro,-1.0,0.26547664403915405,0.03379065543413162,0.28,-0.06457119441124147,0.013306113999988156,1,0.318927546746327,0.318927546746327,0.42751067320967595,0.31892296221441824,0.0017100426928387039,0.005361878910097319,0.003044789251990681,-0.003044789251990681,-0.07575920627460819,0.4270940304543776,,,
4.994800999993458,3733.266600945,odom,navigating,1,4,,0.344303330125602,0.0005996020310838901,0.08917589629240297,-7.380594751796398,-5.989675193284206,-2.8902656419371264,-2.907114873342434,-0.8728965520858765,0.5322699892120109,-0.5322699892120109,0.0302429650000704,pixhawk_fused,True,0.8,0.2,gyro,-1.0,0.26623019576072693,-0.1019226610660553,0.28,-0.24625662834031098,0.01491771900009553,1,0.3443015957989908,0.3443015957989908,0.46152365485151514,0.3442966465192303,0.0018460946194060607,0.005361878910097319,0.0012465105067091236,-0.0012465105067091234,-0.08381401738230565,0.40171106195190603,,,
5.309549500001594,3733.367728177,odom,navigating,1,4,,0.3696626277929414,0.0021846811688758447,0.06655314347944641,-7.4053654959770565,-5.995333522259279,-2.912888394750083,-2.9334744380717175,-0.848272979259491,0.5105812854496434,-0.5105812854496434,0.010575980999874446,pixhawk_fused,True,0.8,0.2,gyro,-1.0,0.2700641453266144,-0.3719651699066162,0.28,-0.33003045399496655,0.01623481400019955,1,0.36966902789220296,0.36966902789220296,0.4955277667020221,0.3696637139597085,0.0019821110668080885,0.005361878910097319,0.00020257301402207322,0.0002025730140220733,-0.06119126456934909,0.37634175041067763,,,
5.309819899965078,3733.483729592,odom,navigating,1,4,,0.40093465344909773,0.003150660211312717,0.03628005120151734,-7.436071355115155,-6.001335431850482,-2.943161487028012,-2.9700116152661513,-0.8202205896377563,0.4818737990585759,-0.4818737990585759,0.026046593000046414,pixhawk_fused,True,0.8,0.2,gyro,-1.0,0.2722330689430237,-0.32529523968696594,0.28,-0.2655642691485966,0.031045979999817064,1,0.40094578345588494,0.40094578345588494,0.5374531098191517,0.4009400199250872,0.002149812439276607,0.005361878910097319,0.001000862159267794,0.0010008621592677933,-0.03091817229142002,0.34506639182680615,,,
5.310022099991329,3733.601857711,odom,navigating,1,4,,0.43405958915732007,0.0030708736865315833,0.031279310854345876,-7.468774648301215,-6.006604430460275,-2.9481622273751835,-2.995028375877108,-0.8202205896377563,0.4818737990585759,-0.4818737990585759,0.14412369499996203,pixhawk_fused,True,0.8,0.2,gyro,-1.0,0.2907196283340454,-0.10144877433776855,0.28,-0.13271061785623392,0.00866599499977383,1,0.4340698151948787,0.4340698151948787,0.5818546588625756,0.4340635755114814,0.0023274186354503026,0.005361878910097319,0.0007434657382810383,0.0007434657382810381,-0.02591743194424856,0.3119417945585463,,,
5.6348782000131905,3733.704825691,odom,navigating,1,4,,0.46169777326777695,0.002465000590190433,-0.00048425276473684775,-7.49614809571111,-6.010468454273621,-2.9799257909942662,-3.0085476689790003,-0.7827600836753845,0.44555227275468856,-0.44555227275468856,0.05372029199997996,pixhawk_fused,True,0.8,0.2,gyro,-1.0,0.28053367137908936,-0.10139459371566772,0.2703741783288998,0.015964123314583512,0.008969485999841709,1,0.46170435340829713,0.46170435340829713,0.6188977432746406,0.46169771648288194,0.002475590973098563,0.005361878910097319,1.0590535145360043e-05,-1.0590535145360009e-05,0.005846131674834167,0.2843063705724662,,,
5.635063200024888,3733.804998077,odom,navigating,1,4,,0.4881458103461611,0.0016032221328812074,-0.019724450526277693,-7.522388321834518,-6.013887790525214,-2.999165988755807,-3.0166653509879957,-0.7613304853439331,0.4235321526256993,-0.4235321526256993,0.046465834000173345,pixhawk_fused,True,0.8,0.2,gyro,-1.0,0.267564982175827,0.0,0.2551754081309732,0.034857102242649936,0.009016688999963662,1,0.48814738957083087,0.48814738957083087,0.6543436629102508,0.4881403725310471,0.0026173746516410033,0.005361878910097319,0.0010141670972478119,-0.0010141670972478114,0.02508632943637501,0.2578653285460886,,,
5.63518700003624,3733.926443052,odom,navigating,1,4,,0.5169754586182184,0.00048767069290388265,-0.02671815951838674,-7.551019887346084,-6.017441173541821,-3.006159697747916,-3.0193814239874657,-0.7543079257011414,0.4154691536752179,-0.4154691536752179,0.05077888799996799,pixhawk_fused,True,0.8,0.2,gyro,-1.0,0.23515400290489197,-0.033965714275836945,0.22672289392245926,0.14470674529120517,0.03072369300025457,1,0.516970641998278,0.516970641998278,0.6929801751057665,0.5169632106289018,0.002771920700423066,0.005361878910097319,0.0022842828437156567,-0.0022842828437156567,0.03208003842848406,0.22905147240805263,,,
5.971213300013915,3734.042842993,odom,navigating,1,4,,0.5430534167294234,-0.0004883366455541854,-0.02550208324937131,-7.576913330370923,-6.020688033239113,-3.0049436214789007,-3.0133007726962093,-0.7543079257011414,0.4154691536752179,-0.4154691536752179,0.16761742900007448,pixhawk_fused,True,0.8,0.2,gyro,-1.0,0.2100091278553009,0.06732618063688278,0.20137115794026722,0.20902468970245142,0.04912178299991865,1,0.543042992034964,0.543042992034964,0.727929203592188,0.5430351858797723,0.002911716814368752,0.005361878910097319,0.003400102335844164,-0.0034001023358441644,0.030863962159468628,0.202996208898208,,,
5.971397800021805,3734.145075714,odom,navigating,1,4,,0.5627406675997685,-0.0010948025782348408,-0.018345621333654805,-7.596440238303821,-6.023267861593773,-2.997787159563184,-3.004504095289595,-0.7610304355621338,0.42221557268031384,-0.42221557268031384,0.05307771600018896,pixhawk_fused,True,0.8,0.2,gyro,-1.0,0.20233595371246338,0.10099426656961441,0.18946312830499357,0.2448904615604001,0.049370869000085804,1,0.5627267081229488,0.5627267081229488,0.7543145027044524,0.5627186190175215,0.00301725801081781,0.005361878910097319,0.004112119700108344,-0.004112119700108343,0.023707500243752122,0.18333013916181304,,,
5.971555099938996,3734.266125126,odom,navigating,1,4,,0.5842661065757692,-0.0014739568604522635,-0.009362151691846066,-7.617744523991261,-6.02636877959127,-2.9888036899213755,-2.9869259572760343,-0.7687404155731201,0.4290503873256638,-0.4290503873256638,0.01004536599975836,pixhawk_fused,True,0.8,0.2,gyro,-1.0,0.177785724401474,0.10160107910633087,0.157609610174774,0.20881720149440597,0.014708797999901435,1,0.5842498047046369,0.5842498047046369,0.7831654238715509,0.5842414062081769,0.0031326616954862035,0.005361878910097319,0.0046066847762871515,-0.004606684776287151,0.014724030601943385,0.16182650118528347,,,
6.310635400004685,3734.383094848,odom,navigating,1,4,,0.6033678093128693,-0.0014969498468305475,0.012332761538615955,-7.636599368109122,-6.029429895307006,-2.9671087766909134,-2.972727651403907,-0.7920528650283813,0.4526194452074959,-0.4526194452074959,0.024377451999953337,pixhawk_fused,True,0.8,0.2,gyro,-1.0,0.16692762076854706,0.10126648843288422,0.14781398663744647,0.17936845399563417,0.029796253999847977,1,0.6033511095728313,0.6033511095728313,0.8087700221155534,0.6033424364982028,0.0032350800884622137,0.005361878910097319,0.004732097958435657,-0.004732097958435657,-0.006970882628518636,0.14273807578158182,,,
6.310795899946243,3734.485040317,odom,navigating,1,4,,0.6171897653593357,-0.0013502201046852597,0.02024421689693323,-7.650216323446614,-6.0318061372779415,-2.959197321332596,-2.9632595867135607,-0.7996376156806946,0.46014175254382633,-0.46014175254382633,0.01240684100002909,pixhawk_fused,True,0.8,0.2,gyro,-1.0,0.14387920498847961,0.06754133105278015,0.13073067360188428,0.1040097844759412,0.036911308000071585,1,0.6171736536742548,0.6171736536742548,0.827298635258432,0.6171647819027902,0.003309194541033728,0.005361878910097319,0.004659481625013834,-0.004659481625013833,-0.014882337986835912,0.12892129926180382,,,
6.310903999954462,3734.605198049,odom,navigating,1,4,,0.631310745164078,-0.0011212141334774883,0.019971090293483762,-7.664115097238879,-6.034311851038976,-2.9594704479360456,-2.964625230658341,-0.7996376156806946,0.46014175254382633,-0.46014175254382633,0.13223291400026937,pixhawk_fused,True,0.8,0.2,gyro,-1.0,0.1160111352801323,-0.033885709941387177,0.10922670751340688,0.06674641951731418,0.009243072000117536,1,0.6312956583885998,0.6312956583885998,0.8462286643640766,0.6312865836156012,0.0033849146574563066,0.005361878910097319,0.004506193566737592,-0.004506193566737592,-0.014609211383386443,0.11480353657017704,,,
6.631272800033912,3734.705472617,odom,navigating,1,4,,0.6412287109702397,-0.0009955132247007337,0.016009029151734744,-7.673882668682752,-6.036037074079484,-2.9634325090777947,-2.9693631073207665,-0.7989070415496826,0.4563736424846246,-0.4563736424846246,0.0463537819996418,pixhawk_fused,True,0.8,0.2,gyro,-1.0,0.10034946352243423,-0.0338534414768219,0.10342353154686805,0.06312861787097247,0.008955487000093854,1,0.6412141556154292,0.6412141556154292,0.8595240459324891,0.6412049382656368,0.0034380961837299565,0.005361878910097319,0.0044336731417651066,-0.004433673141765106,-0.010647150241637425,0.10489031488815223,,,
6.631729300017469,3734.822061404,odom,navigating,1,4,,0.6524465161777376,-0.000875693575074693,0.015595527899243233,-7.68493397808782,-6.0379663410012085,-2.963846010330286,-2.97143064916576,-0.7989070415496826,0.4563736424846246,-0.4563736424846246,0.16443693699966389,pixhawk_fused,True,0.8,0.2,gyro,-1.0,0.0982060506939888,-0.06793823093175888,0.09255129984825634,0.0624894620557604,0.028911850999975286,1,0.6524324420241653,0.6524324420241653,0.8745617472028419,0.65242306341332,0.0034982469888113674,0.005361878910097319,0.0043740034394781566,-0.004374003439478156,-0.010233648989145914,0.09368045005827166,,,
6.631929500028491,3734.925870824,odom,navigating,1,4,,0.6611845381036869,-0.0008216721226526197,0.013091197990580117,-7.693548655853071,-6.03943033297406,-2.9663503402389493,-2.9761685247056278,-0.7982692122459412,0.45442767905720016,-0.45442767905720016,0.09229146300003777,pixhawk_fused,True,0.8,0.2,gyro,-1.0,0.09303731471300125,-0.06793816387653351,0.08247194244003733,0.07705225178428712,0.030143282000153704,1,0.661170627997561,0.661170627997561,0.8862749648481307,0.6611611237767056,0.003545099859392523,0.005361878910097319,0.004366834754588552,-0.004366834754588551,-0.007729319080482798,0.08495240490264709,,,
6.968600600026548,3735.026253222,odom,navigating,1,4,,0.6691324085382491,-0.0008029622638978107,0.010820363672862765,-7.701389247862678,-6.040731913337424,-2.9686211745566666,-2.976832274428058,-0.7936936616897583,0.4517550889355733,-0.4517550889355733,0.08604481199972724,pixhawk_fused,True,0.8,0.2,gyro,-1.0,0.08786856383085251,0.06793823093175888,0.07777857011701357,0.0877214783922397,0.030716636999841285,1,0.6691184845022873,0.6691184845022873,0.8969287748421981,0.6691088660322798,0.0035877150993687927,0.005361878910097319,0.004390740479450941,-0.004390740479450941,-0.005458484762765446,0.0770174984249623,,,
6.968793399981223,3735.147182525,odom,navigating,1,4,,0.6778764655327302,-0.0007800606802823018,0.007504535284938996,-7.710014905567726,-6.042166167973328,-2.9719370029445904,-2.9768017596064102,-0.7905325889587402,0.4476026918734095,-0.4476026918734095,0.01134455400006118,pixhawk_fused,True,0.8,0.2,gyro,-1.0,0.06892647594213486,-0.03124045394361019,0.06921998384146169,0.10676687211696227,0.051448129000164045,1,0.677862538597293,0.677862538597293,0.9086498584891715,0.6778527944329219,0.0036345994339566858,0.005361878910097319,0.004414723575176448,-0.004414723575176449,-0.0021426563748416765,0.06829103109794492,,,
6.96891339996364,3735.263663241,odom,navigating,1,4,,0.6853672765573926,-0.0007385024767445902,0.012993061699520858,-7.717400745070766,-6.043416508617642,-2.9664484765300085,-2.970652454375056,-0.7961212396621704,0.4529260251787162,-0.4529260251787162,0.011176520999924833,pixhawk_fused,True,0.8,0.2,gyro,-1.0,0.06183232367038727,0.06772731989622116,0.06140678796653846,0.12037487095971913,0.01403152000011687,1,0.6853534647717455,0.6853534647717455,0.9186911701427911,0.6853436129265221,0.0036747646805711646,0.005361878910097319,0.0044133305982293975,-0.0044133305982293975,-0.007631182789423539,0.06081760072371999,,,
7.308174800011329,3735.367113133,odom,navigating,1,4,,0.6908967694480699,-0.0006709333796550837,0.020833036176398423,-7.722846795209775,-6.044375880857352,-2.958608502053131,-2.9625348102280467,-0.804461658000946,0.4606965827759958,-0.4606965827759958,0.00889202500002284,pixhawk_fused,True,0.8,0.2,gyro,-1.0,0.05422818660736084,0.10182549804449081,0.0546506197560945,0.12464570227882131,0.018238631000258465,1,0.6908832404724374,0.6908832404724374,0.9261036315517194,0.6908733091375826,0.0037044145262068776,0.005361878910097319,0.004375410801684662,-0.004375410801684661,-0.015471157266301104,0.055300846611027035,,,
7.308310499996878,3735.485099754,odom,navigating,1,4,,0.6969136088341741,-0.0005430872813838722,0.022996729903054902,-7.728764067765047,-6.045473417339499,-2.9564448083264745,-2.951716315618175,-0.804461658000946,0.4606965827759958,-0.4606965827759958,0.12663822600006824,pixhawk_fused,True,0.8,0.2,gyro,-1.0,0.04879807308316231,0.10129005461931229,0.05,0.12817008800560012,0.03365668900005403,1,0.6969006788594618,0.6969006788594618,0.9341697868966533,0.6968906610249034,0.003736679147586613,0.005361878910097319,0.004279827950805161,-0.004279827950805162,-0.017634850992957585,0.04929618078239677,,,
7.308514600037597,,mission_status,turning,1,4,final alignment at waypoint 1/4,0.6969136088341741,-0.0005430872813838722,0.022996729903054902,,,,,,,,,,,,,,,,,,,,,,,,,,,,,,,final,-1.5707963267948966,
7.308613699977286,3735.604993881,odom,turning,1,4,,0.7018936321013584,-0.00041112871670473394,0.025575584142474295,-7.733657460934305,-6.046407627217175,-2.953865954087055,-2.9741314580812115,-0.8134492635726929,0.4695236069527126,-0.4695236069527126,0.04429752099986217,pixhawk_fused,True,0.8,0.2,gyro,-1.0,0.04354281350970268,-0.5723292827606201,0.0,-1.6,0.010979322999901342,1,0.7018813380820718,0.7018813380820718,0.9408461778168128,0.7018712486513423,0.003763384711267251,0.005361878910097319,0.004174573436790043,-0.004174573436790043,-0.020213705232376977,0.04432640009932752,final,-1.5707963267948966,-1.5963719109373709
7.63795649993699,3735.725686226,odom,turning,1,4,,0.7081144384472456,-0.0006063856503175646,-0.024121607007737467,-7.739828187099877,-6.047219227767125,-3.003563145237267,-3.060763243883115,-0.7717167735099792,0.4290530795422054,-0.4290530795422054,0.06369419599968751,pixhawk_fused,True,0.8,0.2,gyro,-1.0,0.056867558509111404,-0.747470498085022,0.0,-1.6,0.032114507999722264,1,0.708101008065856,0.708101008065856,0.949183417196215,0.7080908292283764,0.00379673366878486,0.005361878910097319,0.0044031826141404376,-0.0044031826141404376,0.029483485917834784,0.03816457209149594,final,-1.5707963267948966,-1.546674719787159
7.638175599975511,3735.826082865,odom,turning,1,4,,0.7137023549122049,-0.0012358609490636385,-0.03948481298374551,-7.745444426305731,-6.047500131226917,-3.018926351213275,-3.137812503324938,-0.7717167735099792,0.4290530795422054,-0.4290530795422054,0.1633577059997151,pixhawk_fused,True,0.8,0.2,gyro,-1.0,0.059270817786455154,-0.779059112071991,0.0,-1.6,0.03020518700031971,1,0.7136854690512636,0.7136854690512636,0.9566691822226011,0.7136752099380604,0.0038266767288904044,0.005361878910097319,0.005062610452160586,-0.005062610452160587,0.04484669189384283,0.03271929275053335,final,-1.5707963267948966,-1.531311513811151
7.638303400017321,3735.926866363,odom,turning,1,4,,0.7194726810468199,-0.0023485560187775506,-0.11312903468030511,-7.751318694096801,-6.047333602140005,-3.0925705729098345,3.064844547402127,-0.7005450129508972,0.35711779802708393,-0.35711779802708393,0.08613182799990682,pixhawk_fused,True,0.8,0.2,gyro,-1.0,0.06201241537928581,-0.8150948286056519,0.0,-1.6,0.03008391200000915,1,0.7194497461307333,0.7194497461307333,0.9643959841246371,0.7194394041569793,0.0038575839364985483,0.005361878910097319,0.006206229168816753,-0.006206229168816753,0.11849091359040242,0.027276414983778616,final,-1.5707963267948966,-1.4576672921145915
7.981680299970321,3736.042631597,odom,turning,1,4,,0.7260604350946489,-0.004245372720007884,-0.25566469683246673,-7.758126256770563,-6.046525204072495,3.04807907211759,2.9681953673878736,-0.5465359091758728,0.2031682911482311,-0.2031682911482311,0.09169262699970204,pixhawk_fused,True,0.8,0.2,gyro,-1.0,0.06147221103310585,-0.8079943656921387,0.0,-1.6,0.014893089999986842,1,0.7260272350279298,0.7260272350279298,0.9732128666271267,0.7260167985038365,0.003892851466508507,0.005361878910097319,0.008138341173854664,-0.008138341173854664,0.26102657574256405,0.021577127239430165,final,-1.5707963267948966,-1.3151316299624298
7.981839700019918,3736.167181915,odom,turning,1,4,,0.7323071826735168,-0.0066964744843379526,-0.3490062045382576,-7.764686770798907,-6.04511473930615,2.9547375644117997,2.874872590405164,-0.454222172498703,0.10982211476235158,-0.10982211476235158,0.026155349999953614,pixhawk_fused,True,0.8,0.2,gyro,-1.0,0.061469145119190216,-0.8752836585044861,0.0,-1.6,0.014285512999776984,1,0.7322607503629284,0.7322607503629284,0.9815686651917699,0.7322502242330603,0.0039262746607670795,0.005361878910097319,0.010622901847601198,-0.010622901847601196,0.3543680834483549,0.017375494603910743,final,-1.5707963267948966,-1.221790122256639
7.981958799995482,3736.267430558,odom,turning,1,4,,0.7370405795626295,-0.009046965602693705,-0.47572160669144203,-7.769737543105247,-6.043559247834995,2.8280221622586144,2.791635910282885,-0.3152535855770111,-0.027744953516437944,0.027744953516437944,0.007797682999807876,pixhawk_fused,True,0.8,0.2,gyro,-1.0,0.051219191402196884,-0.8078736662864685,0.0,-1.6,0.012642908000088937,2,0.758997671320996,0.012986947537483652,0.021644431580448483,0.7460865777263218,-0.00898665894826909,-1.5641297588910283,0.009046199183640222,-0.009046199183640205,-1.0884081521995863,0.01582701886052599,final,-1.5707963267948966,-1.0950747201034545
8.306555300019681,3736.385339143,odom,turning,1,4,,0.742918440527487,-0.012687530033706804,-0.4957084051465319,-7.7761260380767805,-6.040915369831523,2.8080353638035245,2.6914619943151084,-0.3152535855770111,-0.027744953516437944,0.027744953516437944,0.12584163600013198,pixhawk_fused,True,0.8,0.2,gyro,-1.0,0.062049802392721176,-0.8155862092971802,0.0,-1.6,0.03164961200036487,2,0.7626773397222745,0.01666661593876209,0.027777075969773652,0.7461111083038791,-0.012666245581864192,-1.5641297588910283,0.0031927387237765574,-0.003192738723776592,-1.0684213537444964,0.01696966904239741,final,-1.5707963267948966,-1.0750879216483646
8.306694700033404,3736.485614914,odom,turning,1,4,,0.7477681055094189,-0.016339299501132637,-0.5772199652959298,-7.781501633602097,-6.038094440298833,2.726523803654127,2.6082863375743277,-0.2347950041294098,-0.1088431762489819,0.1088431762489819,0.052416621999782365,pixhawk_fused,True,0.8,0.2,gyro,-1.0,0.062031105160713196,-0.8153404593467712,0.0,-1.6,0.030613380999966466,2,0.7663613584234072,0.020350634639894834,0.03391697069773915,0.746135667882791,-0.01635018241864349,-1.5641297588910283,0.0016324739026165435,0.0016324739026165444,-0.9869097935950986,0.02041600600727801,final,-1.5707963267948966,-0.9935763614989668
8.306815200019628,3736.601542422,odom,turning,1,4,,0.75324533471017,-0.02131804158249012,-0.6624704166976221,-7.787710789556956,-6.034065259891049,2.6412733522524348,2.5068382781850143,-0.15464185178279877,-0.19007454550595518,0.19007454550595518,0.06148690199961493,pixhawk_fused,True,0.8,0.2,gyro,-1.0,0.06431528180837631,-0.8453638553619385,0.0,-1.6,0.022172324000166554,2,0.7713765039196636,0.02536578013615124,0.04227536078489498,0.7461691014431395,-0.021365216470936987,-1.5641297588910283,0.0070763905149114174,0.007076390514911367,-0.9016593421934063,0.026334352178003024,final,-1.5707963267948966,-0.9083259100972745
8.610895399935544,3736.704568009,odom,turning,1,4,,0.7574376056331871,-0.025910884438408235,-0.8103504271178075,-7.792589542806486,-6.030209471032549,2.493393341832249,2.421625518204993,0.007870472967624664,-0.35354093706937073,0.35354093706937073,0.030261055999744713,pixhawk_fused,True,0.8,0.2,gyro,-1.0,0.062021758407354355,-0.8152176141738892,0.0,-1.6,0.027764084999944316,2,0.7759971925675728,0.029986468784060406,0.049976337400498005,0.746199905349602,-0.025985802440298803,-1.5641297588910283,0.01123795000748335,0.011237950007483373,-0.7537793317732209,0.032023114003921056,final,-1.5707963267948966,-0.7604458996770891
8.611235699965619,3736.804735375,odom,turning,1,4,,0.7608720682125548,-0.03036399775001923,-0.8259643004671151,-7.796697870280302,-6.026369237088762,2.477779468482942,2.3432334858640678,0.007870472967624664,-0.35354093706937073,0.35354093706937073,0.13045805100000507,pixhawk_fused,True,0.8,0.2,gyro,-1.0,0.05899308994412422,-0.7754086256027222,0.0,-1.6,0.01345034999985728,2,0.7804731028328121,0.03446237904929977,0.05743602207363495,0.7462297440882946,-0.03046161324418097,-1.5641297588910283,0.014642649505625483,0.014642649505625513,-0.7381654584239132,0.03744412843533964,final,-1.5707963267948966,-0.7448320263277814
8.611494799959473,3736.904866464,odom,turning,1,4,,0.763977915788348,-0.03511428278461427,-0.9046134576908216,-7.800529869269243,-6.022182677543896,2.3991303112592353,2.265444243229127,0.08647524565458298,-0.4324032615456128,0.4324032615456128,0.05333037499985949,pixhawk_fused,True,0.8,0.2,gyro,-1.0,0.06154266744852066,-0.8089204430580139,0.0,-1.6,0.013325760000043374,2,0.7852439874994313,0.03923326371591881,0.06538731982445768,0.7462615492792978,-0.035232391894674614,-1.5641297588910283,0.017716760201709394,0.017716760201709342,-0.6595163012002068,0.043048026364140124,final,-1.5707963267948966,-0.666182869104075
8.951315199956298,3737.022965414,odom,turning,1,4,,0.7673586081055906,-0.04142635806736403,-1.0451798993206758,-7.804885245388478,-6.016499186206789,2.2585638696293806,2.167314903344053,0.2387697696685791,-0.5835153590473676,0.5835153590473676,0.06497973599971374,pixhawk_fused,True,0.8,0.2,gyro,-1.0,0.0620560422539711,-0.8156682252883911,0.0,-1.2692879469522587,0.004020061000119313,2,0.7915784599664718,0.04556773618295939,0.07594453933392066,0.7463037781573357,-0.04156672360035239,-1.5641297588910283,0.02105529782816627,0.021055297828166317,-0.5189498595703526,0.0501970531751872,final,-1.5707963267948966,-0.5256164274742208
8.951647099922411,3737.142360404,odom,turning,1,4,,0.76977227382539,-0.04715467487582381,-1.0621133582152744,-7.808192037257158,-6.011235677566894,2.241630410734783,2.082132664525862,0.2387697696685791,-0.5835153590473676,0.5835153590473676,0.18430796799975724,pixhawk_fused,True,0.8,0.2,gyro,-1.0,0.04887961596250534,-0.6424765586853027,0.0,-1.2334225639869223,0.02386546499974429,2,0.797322740230476,0.05131201644696361,0.08551812702989825,0.7463420725081196,-0.047310876217938946,-1.5641297588910283,0.02343072198262575,0.023430721982625725,-0.5020164006757539,0.056408525636472404,final,-1.5707963267948966,-0.5086829685796221
8.951792299980298,3737.24493328,odom,turning,1,4,,0.771290884874336,-0.0516949109725926,-1.1935126234337634,-7.810423710020775,-6.007000165790436,2.110231145516294,2.0165199860652465,0.38440650701522827,-0.7312350019845509,0.7312350019845509,0.09484759799988751,pixhawk_fused,True,0.8,0.2,gyro,-1.0,0.04909808933734894,-0.6453481316566467,0.0,-0.9177861650879705,0.029614647000016703,2,0.8018729992851601,0.05586227550164765,0.09310172359854257,0.7463724068943942,-0.051861034159125546,-1.5641297588910283,0.024919031717744268,0.024919031717744313,-0.37061713545726493,0.06116822676824898,final,-1.5707963267948966,-0.37728370336113315
9.287288299994543,3737.366376957,odom,turning,1,4,,0.7725155971161145,-0.056371109634033786,-1.2584318605099902,-7.812387289254362,-6.002583027509846,2.045311908440066,1.950281601984949,0.44849032163619995,-0.7958258286151433,0.7958258286151433,0.10213681400000496,pixhawk_fused,True,0.8,0.2,gyro,-1.0,0.03596261888742447,-0.4726947546005249,0.0,-0.7541978332594048,0.010751347000223177,2,0.8065572586013848,0.06054653481787247,0.10090864897361432,0.7464036345958944,-0.05654518938416858,-1.5641297588910283,0.026112542779606604,0.026112542779606583,-0.3056978983810381,0.06593745346059876,final,-1.5707963267948966,-0.31236446628490633
9.287436299957335,3737.46707042,odom,turning,1,4,,0.7731565889265538,-0.05954300369571856,-1.311361892609714,-7.813531947978136,-5.999556224105975,1.9923818763403434,1.905947075017314,0.5025293231010437,-0.8508964409265065,0.8508964409265065,0.02586598600009893,pixhawk_fused,True,0.8,0.2,gyro,-1.0,0.030733399093151093,-0.4039615988731384,0.0,-0.626704383744908,0.010851678000108222,2,0.8097333553626621,0.06372263157914967,0.10620202594645058,0.7464248081037858,-0.05972121556787034,-1.5641297588910283,0.026732374855741606,0.026732374855741557,-0.2527678662813144,0.06910277592687525,final,-1.5707963267948966,-0.25943443418518264
9.287545999977738,3737.581732275,odom,turning,1,4,,0.7735677603193685,-0.06214743172092593,-1.3545069458313357,-7.814358188447814,-5.997052340334906,1.9492368231187207,1.8684181984990862,0.5467631816864014,-0.8954409350785756,0.8954409350785756,0.013132912999935797,pixhawk_fused,True,0.8,0.2,gyro,-1.0,0.023256992921233177,-0.30569127202033997,0.0,-0.6105235525931142,0.028081409000151325,2,0.8123404665953268,0.06632974281181436,0.11054711477776831,0.746442188459111,-0.062328268866660985,-1.5641297588910283,0.027126174644045695,0.02712617464404566,-0.20962281305969266,0.07166215271885645,final,-1.5707963267948966,-0.21628938096356087
9.61128790001385,3737.683156923,odom,turning,1,4,,0.7737845420981586,-0.0638601217911981,-1.395567918355587,-7.81484862575872,-5.9953971144106,1.9081758505944704,1.844774662182924,0.5950927138328552,-0.9408456037077451,0.9408456037077451,0.056802708999839524,pixhawk_fused,True,0.8,0.2,gyro,-1.0,0.01808422990143299,-0.2377001792192459,0.0,-0.4228264698282288,0.00274592699997811,2,0.814054563786832,0.06804384000331966,0.11340387994731206,0.7464536155197893,-0.06404232796838723,-1.5641297588910283,0.027331533925545066,0.027331533925545107,-0.16856184053544143,0.07332787266190523,final,-1.5707963267948966,-0.17522840843930965
9.611647099955007,3737.802859682,odom,turning,1,4,,0.7739953011500494,-0.06597235851425992,-1.4097024470342792,-7.81539762274854,-5.9933466106536235,1.8940413219157781,1.8156762153623658,0.6040562391281128,-0.9512479946646237,0.9512479946646237,0.06393891000016083,pixhawk_fused,True,0.8,0.2,gyro,-1.0,0.020680150017142296,-0.27182111144065857,0.0,-0.3918184547421433,0.03014300299992101,2,0.816168158601988,0.0701574348184756,0.11692645969389179,0.7464677058387755,-0.06615587581633507,-1.5641297588910283,0.027528207028817375,0.027528207028817343,-0.15442731185674918,0.07536489794679008,final,-1.5707963267948966,-0.1610938797606174
9.611782899941318,3737.90483974,odom,turning,1,4,,0.7741019461884844,-0.06740047392039776,-1.4489423045486571,-7.815733425907313,-5.99195444578694,1.8548014644013993,1.7960457650510762,0.6483928561210632,-0.9953793305638575,0.9953793305638575,0.05058618800012482,pixhawk_fused,True,0.8,0.2,gyro,-1.0,0.013967101462185383,-0.18358439207077026,0.0,-0.2956977773940821,0.030032322000351996,2,0.81759695322441,0.07158622944089751,0.11930773114803951,0.7464772309245922,-0.0675846386888237,-1.5641297588910283,0.02762532913963286,0.027625329139632875,-0.11518745434237121,0.07673165615075614,final,-1.5707963267948966,-0.12185402224623942
9.951284599956125,3738.025238851,odom,turning,1,4,,0.7741763335801317,-0.0687310602451803,-1.465929598286472,-7.816021649326967,-5.990653322921067,1.8378141706635844,1.7778038033859143,0.6648713946342468,-1.0120534757557653,1.0120534757557653,0.06310313599988149,pixhawk_fused,True,0.8,0.2,gyro,-1.0,0.00513700395822525,-0.06752108037471771,0.0,-0.2523275057617496,0.008732826000141358,2,0.8189280058865174,0.07291728210300498,0.12152610295494841,0.7464861044118198,-0.06891566177296904,-1.5641297588910283,0.027690844499900894,0.027690844499900943,-0.09820016060455639,0.07799815958346008,final,-1.5707963267948966,-0.1048667285084246
9.951458499999717,3738.144506714,odom,turning,1,4,,0.7742054039948859,-0.06947151500742703,-1.47957737562861,-7.816169878514219,-5.989927274402031,1.8241663933214474,1.7676490971907528,0.6799038648605347,-1.0265731310504818,1.0265731310504818,0.06824377899965839,pixhawk_fused,True,0.8,0.2,gyro,-1.0,0.007755056489259005,-0.10193291306495667,0.0,-0.2205496240272403,0.028801149999708286,2,0.8196686379932208,0.07365791420970834,0.12276046236954957,0.7464910418494782,-0.06965627742172974,-1.5641297588910283,0.02771497801327912,0.02771497801327916,-0.08455238326241843,0.07869948114188112,final,-1.5707963267948966,-0.09121895116628664
9.951564699993469,3738.244894647,odom,turning,1,4,,0.7742306314795793,-0.070360149839675,-1.4866978420101393,-7.816338237591097,-5.989054369188218,1.817045926939918,1.754122173574883,0.685545802116394,-1.0320946629452847,1.0320946629452847,0.08625776799999585,pixhawk_fused,True,0.8,0.2,gyro,-1.0,0.012923795729875565,-0.16987112164497375,0.0,-0.22,0.03098612999974648,2,0.8205574212581802,0.07454669747466784,0.12424173489434727,0.7464969669395773,-0.07054504093660835,-1.5641297588910283,0.0277342808368107,0.027734280836810662,-0.07743191688088902,0.07953867259336637,final,-1.5707963267948966,-0.08409848478475723
10.264025799930096,3738.367579087,odom,turning,1,4,,0.7742505303440116,-0.07243189267534202,-1.501723717582495,-7.816692340649531,-5.987013015381072,1.8020200513675624,1.7257483947959502,0.6983142495155334,-1.0437911613467479,1.0437911613467479,0.03215858000021399,pixhawk_fused,True,0.8,0.2,gyro,-1.0,0.012806073762476444,-0.16832378506660461,0.0,0.0,0.008756713999900967,2,0.8226292507128005,0.07661852692928807,0.12769470725351445,0.7465107788290141,-0.07261682435210866,-1.5641297588910283,0.02774036794707091,0.027740367947070927,-0.062406041308533444,0.08148574527273418,final,-1.5707963267948966,-0.06907260921240166
10.264185999985784,3738.483932897,odom,turning,1,4,,0.7742467543228797,-0.07277803174530545,-1.5304741641273694,-7.816744495363563,-5.9866708072574175,1.773269604822687,1.7210029560192464,0.7312594056129456,-1.0785311071011567,1.0785311071011567,0.03102220299979308,pixhawk_fused,True,0.8,0.2,gyro,-1.0,-0.0025723539292812347,0.03381117060780525,0.0,0.0,0.0030226799999582,2,0.8229753569181262,0.07696463313461374,0.12827153811073616,0.7465130861524429,-0.0729629228664417,-1.5641297588910283,0.027734284467326217,0.027734284467326217,-0.03365559476365898,0.08180920051229112,final,-1.5707963267948966,-0.040322162667527195
10.264278199989349,,mission_status,navigating,1,4,correcting final position at waypoint 1/4,0.7742467543228797,-0.07277803174530545,-1.5304741641273694,,,,,,,,,,,,,,,,,,,,,,,,,,,,,,,,,
10.629765499965288,3738.585325193,odom,navigating,1,4,,0.7742467543228797,-0.07277803174530545,-1.5304741641273694,-7.816744495363563,-5.9866708072574175,1.773269604822687,1.7210029560192464,0.7312594056129456,-1.0785311071011567,1.0785311071011567,0.13187014300001465,pixhawk_fused,True,0.8,0.2,gyro,-1.0,0.0,0.0,0.05,-0.3754629235021354,0.009168406999833678,2,0.8229753569181262,0.07696463313461374,0.12827153811073616,0.7465130861524429,-0.0729629228664417,-1.5641297588910283,0.027734284467326217,0.027734284467326217,-0.03365559476365898,0.08180920051229112,,,
10.62999889999628,3738.705323795,odom,navigating,1,4,,0.7742467543228797,-0.07277803174530545,-1.5292285795220995,-7.816744495363563,-5.9866708072574175,1.7745151894279578,1.7210029560192464,0.730395495891571,-1.076974534634068,1.076974534634068,0.061618267000085325,pixhawk_fused,True,0.8,0.2,gyro,-1.0,0.0,0.0,0.05,-0.3754629235021354,0.026815480000095704,2,0.8229753569181262,0.07696463313461374,0.12827153811073616,0.7465130861524429,-0.0729629228664417,-1.5641297588910283,0.027734284467326217,0.027734284467326217,-0.03490117936892889,0.08180920051229112,,,
10.630184500012547,3738.823830955,odom,navigating,1,4,,0.7742467543228797,-0.07277803174530545,-1.5289518224412681,-7.816744495363563,-5.9866708072574175,1.7747919465087891,1.7210029560192464,0.7301279306411743,-1.0766286816266695,1.0766286816266695,0.06878652300019894,pixhawk_fused,True,0.8,0.2,gyro,-1.0,0.0,0.0,0.05,-0.37369160407495894,0.0038222139996832993,2,0.8229753569181262,0.07696463313461374,0.12827153811073616,0.7465130861524429,-0.0729629228664417,-1.5641297588910283,0.027734284467326217,0.027734284467326217,-0.035177936449760194,0.08180920051229112,,,
10.63034259993583,3738.927463933,odom,navigating,1,4,,0.7742467543228797,-0.07277803174530545,-1.528805563680848,-7.816744495363563,-5.9866708072574175,1.7749382052692093,1.7210029560192464,0.7299458384513855,-1.0764459078953699,1.0764459078953699,0.06338125800039052,pixhawk_fused,True,0.8,0.2,gyro,-1.0,0.0,0.0,0.05,-0.3735213791492275,0.006673064999631606,2,0.8229753569181262,0.07696463313461374,0.12827153811073616,0.7465130861524429,-0.0729629228664417,-1.5641297588910283,0.027734284467326217,0.027734284467326217,-0.035324195210180376,0.08180920051229112,,,
10.986378700006753,3739.045191483,odom,navigating,1,4,,0.7742467543228797,-0.07277803174530545,-1.5286722465992728,-7.816744495363563,-5.9866708072574175,1.7750715223507836,1.7210029560192464,0.7297881245613098,-1.076279307098743,1.076279307098743,0.004219073999593093,pixhawk_fused,True,0.8,0.2,gyro,-1.0,0.0,0.0,0.05,-0.3735213791492275,0.022178750000421132,2,0.8229753569181262,0.07696463313461374,0.12827153811073616,0.7465130861524429,-0.0729629228664417,-1.5641297588910283,0.027734284467326217,0.027734284467326217,-0.03545751229175553,0.08180920051229112,,,
10.986546300002374,3739.167252494,odom,navigating,1,4,,0.7742467543228797,-0.07277803174530545,-1.5284840592016042,-7.816744495363563,-5.9866708072574175,1.7752597097484522,1.7210029560192464,0.729556143283844,-1.0760441375399572,1.0760441375399572,0.07434148899983484,pixhawk_fused,True,0.8,0.2,gyro,-1.0,0.0,0.0,0.05,-0.3733662095828542,0.04643485199994757,2,0.8229753569181262,0.07696463313461374,0.12827153811073616,0.7465130861524429,-0.0729629228664417,-1.5641297588910283,0.027734284467326217,0.027734284467326217,-0.035645699689424104,0.08180920051229112,,,
10.986648499965668,3739.281537191,odom,navigating,1,4,,0.7742467543228797,-0.07277803174530545,-1.5283450531718543,-7.816744495363563,-5.9866708072574175,1.775398715778202,1.7210029560192464,0.7293800711631775,-1.0758704280743008,1.0758704280743008,0.047687023999969824,pixhawk_fused,True,0.8,0.2,gyro,-1.0,0.0,0.0,0.05,-0.3731471644142653,0.011655266999696323,2,0.8229753569181262,0.07696463313461374,0.12827153811073616,0.7465130861524429,-0.0729629228664417,-1.5641297588910283,0.027734284467326217,0.027734284467326217,-0.035784705719174026,0.08180920051229112,,,
11.310697400011122,3739.385103374,odom,navigating,1,4,,0.7742467543228797,-0.07277803174530545,-1.5280277400366362,-7.816744495363563,-5.9866708072574175,1.7757160289134202,1.7210029560192464,0.7289880514144897,-1.075473897313383,1.075473897313383,0.041311061999749654,pixhawk_fused,True,0.8,0.2,gyro,-1.0,0.0,0.0,0.05,-0.3729853565748441,0.009605857999758882,2,0.8229753569181262,0.07696463313461374,0.12827153811073616,0.7465130861524429,-0.0729629228664417,-1.5641297588910283,0.027734284467326217,0.027734284467326217,-0.036102018854392126,0.08180920051229112,,,
11.310938499984331,3739.485614526,odom,navigating,1,4,,0.7742467543228797,-0.07277803174530545,-1.5278527357856841,-7.816744495363563,-5.9866708072574175,1.7758910331643722,1.7210029560192464,0.7287697196006775,-1.0752552035815648,1.0752552035815648,0.02733522600010474,pixhawk_fused,True,0.8,0.2,gyro,-1.0,0.0,0.0,0.05,-0.3726159660827129,0.01272423999989769,2,0.8229753569181262,0.07696463313461374,0.12827153811073616,0.7465130861524429,-0.0729629228664417,-1.5641297588910283,0.027734284467326217,0.027734284467326217,-0.0362770231053442,0.08180920051229112,,,
11.311649899929762,3739.604992589,odom,navigating,1,4,,0.7742467543228797,-0.07277803174530545,-1.5278527357856841,-7.816744495363563,-5.9866708072574175,1.7758910331643722,1.7210029560192464,0.7287697196006775,-1.0752552035815648,1.0752552035815648,0.14679810100005852,pixhawk_fused,True,0.8,0.2,gyro,-1.0,0.0,0.0,0.05,-0.37241222412097436,0.030338034999658703,2,0.8229753569181262,0.07696463313461374,0.12827153811073616,0.7465130861524429,-0.0729629228664417,-1.5641297588910283,0.027734284467326217,0.027734284467326217,-0.0362770231053442,0.08180920051229112,,,
11.650317899999209,3739.723233737,odom,navigating,1,4,,0.7742467543228797,-0.07277803174530545,-1.5275061811938642,-7.816744495363563,-5.9866708072574175,1.7762375877561922,1.7210029560192464,0.7283373475074768,-1.0748221334537125,1.0748221334537125,0.07422661999999036,pixhawk_fused,True,0.8,0.2,gyro,-1.0,0.0,0.0,0.05,-0.3720087276291655,0.0046933210001043335,2,0.8229753569181262,0.07696463313461374,0.12827153811073616,0.7465130861524429,-0.0729629228664417,-1.5641297588910283,0.027734284467326217,0.027734284467326217,-0.03662357769716418,0.08180920051229112,,,
11.650526999961585,3739.825865906,odom,navigating,1,4,,0.7742467543228797,-0.07277803174530545,-1.5273293600280482,-7.816744495363563,-5.9866708072574175,1.7764144089220082,1.7210029560192464,0.7281042337417603,-1.0746011704096203,1.0746011704096203,0.06881113300005381,pixhawk_fused,True,0.8,0.2,gyro,-1.0,0.0,0.0,0.05,-0.37180283600837427,0.00437830999999278,2,0.8229753569181262,0.07696463313461374,0.12827153811073616,0.7465130861524429,-0.0729629228664417,-1.5641297588910283,0.027734284467326217,0.027734284467326217,-0.036800398862980144,0.08180920051229112,,,
11.650720799923874,3739.944547339,odom,navigating,1,4,,0.7742467543228797,-0.07277803174530545,-1.527176805351976,-7.816744495363563,-5.9866708072574175,1.7765669635980803,1.7210029560192464,0.7278954982757568,-1.074410532101207,1.074410532101207,0.010374505000072531,pixhawk_fused,True,0.8,0.2,gyro,-1.0,0.0,0.0,0.05,-0.37180283600837427,0.023718986999938352,2,0.8229753569181262,0.07696463313461374,0.12827153811073616,0.7465130861524429,-0.0729629228664417,-1.5641297588910283,0.027734284467326217,0.027734284467326217,-0.03695295353905226,0.08180920051229112,,,
11.972927600028925,3740.044641742,odom,navigating,1,4,,0.7742467543228797,-0.07277803174530545,-1.527176805351976,-7.816744495363563,-5.9866708072574175,1.7765669635980803,1.7210029560192464,0.7278954982757568,-1.074410532101207,1.074410532101207,0.11043361199972423,pixhawk_fused,True,0.8,0.2,gyro,-1.0,0.0,0.0,0.05,-0.37162519109169057,0.024169659999643045,2,0.8229753569181262,0.07696463313461374,0.12827153811073616,0.7465130861524429,-0.0729629228664417,-1.5641297588910283,0.027734284467326217,0.027734284467326217,-0.03695295353905226,0.08180920051229112,,,
11.973114999942482,3740.16611023,odom,navigating,1,4,,0.7742460753410875,-0.07282752358073272,-1.526914074721292,-7.816751815323427,-5.986621855025826,1.7768296942287645,1.7203239138259834,0.7273973226547241,-1.073912704765946,1.073912704765946,0.07227504200000112,pixhawk_fused,True,0.8,0.2,gyro,-1.0,0.0,0.0,0.05,-0.37085752669540667,0.045352639999691746,2,0.8230248431273268,0.07701411934381441,0.12835401329330914,0.7465134160531732,-0.07301240797598547,-1.5641297588910283,0.027733275562384332,0.02773327556238433,-0.03721568416973642,0.08185541614164839,,,
11.973223499953747,3740.267186848,odom,navigating,1,4,,0.7742460753410875,-0.07282752358073272,-1.5267894400223803,-7.816751815323427,-5.986621855025826,1.776954328927677,1.7203239138259834,0.7272676825523376,-1.0737569581241444,1.0737569581241444,0.015567757000098936,pixhawk_fused,True,0.8,0.2,gyro,-1.0,0.0,0.0,0.05,-0.37085752669540667,0.04643357399982051,2,0.8230248431273268,0.07701411934381441,0.12835401329330914,0.7465134160531732,-0.07301240797598547,-1.5641297588910283,0.027733275562384332,0.02773327556238433,-0.03734031886864808,0.08185541614164839,,,
12.312354999943636,3740.367293288,odom,navigating,1,4,,0.7742415440457544,-0.07317261194021349,-1.5290834116978935,-7.816803055042477,-5.986280561897154,1.7746603572521629,1.715593764140341,0.7293354272842407,-1.0754428406980916,1.0754428406980916,0.013852987000063877,pixhawk_fused,True,0.8,0.2,gyro,-1.0,0.007684026379138231,-0.10099929571151733,0.05,-0.37040938212412317,0.04659021799989205,2,0.8233698936104688,0.07735916982695631,0.12892908465265743,0.7465157163386106,-0.07335745079159445,-1.5641297588910283,0.027726443829802695,0.027726443829802654,-0.03504634719313482,0.08217783669434885,,,
12.312558799982071,3740.485284553,odom,navigating,1,4,,0.7741842905905028,-0.07514921664336116,-1.545148293711808,-7.817065658602608,-5.984320642643499,1.7585954752382493,1.6885093813186083,0.7443166971206665,-1.088758244800298,1.088758244800298,0.0063756839999769,pixhawk_fused,True,0.8,0.2,gyro,-1.0,0.025727400556206703,-0.33816245198249817,0.05,-0.3674672047833853,0.010659552999641164,2,0.8253460727093116,0.07933534892579915,0.1322226432946833,0.7465288905731787,-0.07533358597680997,-1.5641297588910283,0.027656014574940515,0.027656014574940515,-0.01898146517922039,0.08401757394347698,,,
12.312691199942492,3740.604756206,odom,navigating,1,4,,0.7740248519822034,-0.0778128174337042,-1.5524389063890194,-7.817338327107552,-5.981666242197721,1.751304862561037,1.6519569236826632,0.7443166971206665,-1.088758244800298,1.088758244800298,0.12562326799979928,pixhawk_fused,True,0.8,0.2,gyro,-1.0,0.025848889723420143,-0.33975932002067566,0.05,-0.36475982016653985,0.03201406500011217,2,0.8280085514100632,0.08199782762655089,0.13666000918890087,0.7465466400367556,-0.07799600551334052,-1.5641297588910283,0.02747882256559528,0.027478822565595317,-0.011690852502008964,0.08647964746149828,,,
12.632598199998029,3740.705492869,odom,navigating,1,4,,0.7737494707921201,-0.08066374395121569,-1.6071059780783106,-7.817526816074056,-5.978808255368219,1.6966377908717467,1.612718978012028,0.8049989938735962,-1.1472673848149462,1.1472673848149462,0.046379372000046715,pixhawk_fused,True,0.8,0.2,gyro,-1.0,0.031021784991025925,-0.4077521562576294,0.05,-0.38807065561924237,0.03229277999980695,2,0.8308575787419592,0.08484685495844677,0.14140828255938037,0.7465656331302375,-0.08084496953562821,-1.5641297588910283,0.027184441740452057,0.02718444174045203,0.04297621918728223,0.08909535716904522,,,
12.632774799945764,3740.822483049,odom,navigating,1,4,,0.7731706758412384,-0.08466663149462815,-1.6181409423753728,-7.817601845662665,-5.974764435040706,1.6856028265746845,1.557306643262204,0.8049989938735962,-1.1472673848149462,1.1472673848149462,0.16516733799971917,pixhawk_fused,True,0.8,0.2,gyro,-1.0,0.03583916276693344,-0.4710720479488373,0.05,-0.37634064100311737,0.004153113000029407,2,0.8348565187880188,0.08884579500450639,0.1480730345321926,0.7465922921381287,-0.08484382071931555,-1.5641297588910283,0.02657897432729626,0.02657897432729621,0.054011183484344416,0.09273627750925656,,,
12.632891900022514,3740.92704113,odom,navigating,1,4,,0.7723850360351068,-0.08859071471009719,-1.6599381017729957,-7.817460021440295,-5.970764991969871,1.6438056671770616,1.5024818255764156,0.8444415330886841,-1.1858353781280202,1.1858353781280202,0.09200187499982349,pixhawk_fused,True,0.8,0.2,gyro,-1.0,0.03841057047247887,-0.5048707723617554,0.05,-0.38112670438755175,0.006398738999905618,2,0.8387752773222249,0.09276455353871248,0.15460415362150223,0.746618416614486,-0.08876249217290133,-1.5641297588910283,0.025767192005801444,0.02576719200580146,0.09580834288196738,0.09627673954336266,,,
12.988523299922235,3741.044923342,odom,navigating,1,4,,0.7712321171312646,-0.0929859767595381,-1.7506085760125245,-7.817031803788236,-5.966241256773757,1.5531351929375328,1.440225951840919,0.9429781436920166,-1.2835555055615586,1.2835555055615586,0.09293029399987063,pixhawk_fused,True,0.8,0.2,gyro,-1.0,0.03874608501791954,-0.509280800819397,0.05,-0.428563370366627,0.02421123300018735,2,0.8431627557472029,0.09715203196369052,0.1619164551693478,0.7466476658206774,-0.09314987310160867,-1.5641297588910283,0.024584997625657308,0.02458499762565735,0.18647881712149617,0.10021446713388003,,,
12.988683799980208,3741.165633295,odom,navigating,1,4,,0.7698432478568341,-0.09720263957707495,-1.811597399534179,-7.8163418975710295,-5.961855685820082,1.4921463694158774,1.3793815212931733,1.0037472248077393,-1.3445802119848413,1.3445802119848413,0.027743195999846648,pixhawk_fused,True,0.8,0.2,gyro,-1.0,0.04105709120631218,-0.5396568179130554,0.05,-0.418244186551875,0.04523177200007922,2,0.8473700659415003,0.10135934215798789,0.16892848300540061,0.7466757139320216,-0.09735708980324036,-1.5641297588910283,0.023168048753179488,0.023168048753179477,0.24746764064315063,0.10397343278804333,,,
12.988800199935213,3741.282535717,odom,navigating,1,4,,0.7682978842379015,-0.10110072023284855,-1.890743343349321,-7.81544611748264,-5.957759253281045,1.4130004256007354,1.3219322547439076,1.0886744260787964,-1.4291238259253187,1.4291238259253187,0.030044284000268817,pixhawk_fused,True,0.8,0.2,gyro,-1.0,0.03588008135557175,-0.471609890460968,0.05,-0.4407766026419424,0.013316039000073943,2,0.8512577577809556,0.1052470339974432,0.1754078254207056,0.7467016313016828,-0.10124469525242336,-1.5641297588910283,0.021596732847618323,0.02159673284761827,0.3266135844582927,0.10744001598543419,,,
13.31880889995955,3741.385082703,odom,navigating,1,4,,0.7667288636414654,-0.104508636973434,-1.9383141688726226,-7.814447857956152,-5.954142735610609,1.3654296000774337,1.2705330781567348,1.1363235712051392,-1.4757414417740984,1.4757414417740984,0.0249573800001599,pixhawk_fused,True,0.8,0.2,gyro,-1.0,0.041165899485349655,-0.5410869717597961,0.05,-0.49278034081850475,0.010327135999887105,2,0.8546551388877124,0.10864441510419998,0.18107000144056448,0.7467242800057623,-0.10464200086433868,-1.5641297588910283,0.020005028177066845,0.020005028177066887,0.3741844099815943,0.11047085627304133,,,
13.31896229996346,3741.485173013,odom,navigating,1,4,,0.7647472116949026,-0.10826256453255348,-1.949885688029827,-7.813098240356179,-5.95011813017774,1.3538580809202294,1.2123665785126894,1.1363235712051392,-1.4757414417740984,1.4757414417740984,0.12472703100002036,pixhawk_fused,True,0.8,0.2,gyro,-1.0,0.043765030801296234,-0.5752501487731934,0.05,-0.5066249392320793,0.012096514999939245,2,0.8583957723095912,0.1123850485260788,0.18730425193966851,0.7467492170077586,-0.1083825511638011,-1.5641297588910283,0.017998394638137558,0.017998394638137533,0.38575592913879864,0.11381713992962232,,,
13.319088899996132,3741.605119875,odom,navigating,1,4,,0.762035142177663,-0.11268416143582372,-2.006713695941281,-7.811135576117573,-5.945316694004276,1.2970300730087754,1.141291131538967,1.1896421909332275,-1.5290444642183465,1.5290444642183465,0.04387738199966407,pixhawk_fused,True,0.8,0.2,gyro,-1.0,0.04652800410985947,-0.6115667819976807,0.05,-0.48304286809685326,0.031964363000042795,2,0.862799190896754,0.11678846711324163,0.19464311983413204,0.7467785724793365,-0.11278587190047921,-1.5641297588910283,0.015256908729441665,0.015256908729441685,0.4425839370502527,0.11778081046859559,,,
13.628829899942502,3741.722504544,odom,navigating,1,4,,0.759170678623529,-0.11669976700528259,-2.1111332517627446,-7.8089569730629735,-5.94089132076884,1.1926105171873118,1.073694677799989,1.3028258085250854,-1.6425879865762871,1.6425879865762871,0.06320239100023173,pixhawk_fused,True,0.8,0.2,gyro,-1.0,0.04374970123171806,-0.5750486254692078,0.05,-0.5732101864057129,0.0038661200001115503,2,0.8667956112341646,0.12078488745065219,0.2013036723858486,0.7468052146895434,-0.11678220343150915,-1.5641297588910283,0.012365738719019921,0.012365738719019945,0.5470034928717162,0.12141622844798709,,,
13.62898939999286,3741.823048767,odom,navigating,1,4,,0.7563002152763844,-0.12021928915883752,-2.1234806721352317,-7.806692360479968,-5.936954554854341,1.1802630968148247,1.0114692814229844,1.3028258085250854,-1.6425879865762871,1.6425879865762871,0.16285708300029,pixhawk_fused,True,0.8,0.2,gyro,-1.0,0.04607892781496048,-0.6056641340255737,0.05,-0.5469452308515023,0.004081059999862191,2,0.8702959191816484,0.12428519539813603,0.20713738932827444,0.7468285495573131,-0.12028243359696465,-1.5641297588910283,0.009471876198193003,0.009471876198193056,0.5593509132442034,0.12464560254524325,,,
13.629095899988897,3741.926523895,odom,navigating,1,4,,0.7529401825366228,-0.12383534738364951,-2.180164106060211,-7.803960185460632,-5.932843482395576,1.1235796628898456,0.9438423592310484,1.3580291271209717,-1.6965744634148758,1.6965744634148758,0.08973171199977514,pixhawk_fused,True,0.8,0.2,gyro,-1.0,0.05123959109187126,-0.6734961867332458,0.05,-0.5505837196610243,0.005375710999942385,2,0.8738894973317904,0.127878773548278,0.21312655315412704,0.7468525062126165,-0.12387593189247623,-1.5641297588910283,0.0060878116041993,0.006087811604199247,0.6160343471691825,0.12802360006787808,,,
13.946897499961779,3742.026638574,odom,navigating,1,4,,0.7494907532051203,-0.12708538889015225,-2.2940106604924204,-7.801080696249029,-5.92907919303538,1.0097331084576364,0.8789161541689632,1.484524130821228,-1.8225118656036539,1.8225118656036539,0.08181380900032309,pixhawk_fused,True,0.8,0.2,gyro,-1.0,0.04864854738116264,-0.6394393444061279,0.05,-0.6154393677330957,0.00617381900019609,2,0.8771164709330221,0.1311057471495097,0.2185047229759562,0.7468740188919039,-0.12710283378557372,-1.5641297588910283,0.002616792462221719,0.0026167924622217537,0.7298809016013921,0.1311318593569904,,,
13.947057800018229,3742.14369014,odom,navigating,1,4,,0.7454802846179925,-0.1303757713572498,-2.3655993689198707,-7.797654040037571,-5.925184516890102,0.9381444000301862,0.8078331246797098,1.556045651435852,-1.8942259842035456,1.8942259842035456,0.0037615500000356406,pixhawk_fused,True,0.8,0.2,gyro,-1.0,0.043925460427999496,-0.5773588418960571,0.05,-0.583253498148194,0.023605027000030532,2,0.8803800444198226,0.13436932063631024,0.2239438912515606,0.7468957755650062,-0.13036633475093637,-1.5641297588910283,0.0014155224020185352,-0.0014155224020185825,0.8014696100288423,0.134376776386153,,,
13.947166200028732,3742.244654871,odom,navigating,1,4,,0.741991835272475,-0.13287816752976536,-2.377259956402457,-7.79461534169892,-5.92215176601884,0.9264838125476,0.7490028927961007,1.556045651435852,-1.8942259842035456,1.8942259842035456,0.10405579799999032,pixhawk_fused,True,0.8,0.2,gyro,-1.0,0.04393208026885986,-0.5774458646774292,0.05,-0.59608262587255,0.024433412000234966,2,0.882859129173208,0.1368484053896955,0.22807560735897603,0.7469123024294358,-0.1328453644153856,-1.5641297588910283,0.004920576499460513,-0.004920576499460566,0.8131301975114285,0.13693683993282993,,,
14.289400500012562,3742.346062923,odom,navigating,1,4,,0.7380224556122345,-0.1353732806794441,-2.4720003993480835,-7.791100845969092,-5.919048560533885,0.8317433696019734,0.6847480835240886,1.6588659286499023,-1.9964936179992838,1.9964936179992838,0.0911224160004167,pixhawk_fused,True,0.8,0.2,gyro,-1.0,0.04911535978317261,-0.6455751657485962,0.05,-0.6422811339523261,0.02528914899994561,2,0.8853277249347443,0.1393170011512319,0.23218984220177824,0.7469287593688071,-0.13531390532106694,-1.5641297588910283,0.00890650167223486,-0.008906501672234878,0.9078706404570551,0.13960140608822633,,,
14.289550499990582,3742.466270295,odom,navigating,1,4,,0.7332394729016274,-0.1379337102804629,-2.5361028637934404,-7.786793964583958,-5.915749546122561,0.7676409051566164,0.6104073197596188,1.7206236124038696,-2.0580642564174814,2.0580642564174814,0.03299266800013356,pixhawk_fused,True,0.8,0.2,gyro,-1.0,0.04610186442732811,-0.6059656143188477,0.05,-0.602963574183988,0.04535862000011548,2,0.8878562117963864,0.14184548801287403,0.23640389332664172,0.7469456155733065,-0.13784233599598503,-1.5641297588910283,0.013706447249243236,-0.013706447249243279,0.9719731049024121,0.14250617237792432,,,
14.28965429996606,3742.582191281,odom,navigating,1,4,,0.7284580455733631,-0.14005955761248734,-2.598858276754991,-7.782418458575096,-5.912879664358279,0.704885492195066,0.5387138689602663,1.7802380323410034,-2.118612528371541,2.118612528371541,0.042846982999890315,pixhawk_fused,True,0.8,0.2,gyro,-1.0,0.04373876750469208,-0.5749049186706543,0.05,-0.6009941558395002,0.013816395000048942,2,0.8899501364150812,0.14393941263156884,0.23989369014095444,0.7469595747605638,-0.13993621408457266,-1.5641297588910283,0.018501940327725588,-0.018501940327725553,1.0347285178639625,0.14512365866602098,,,
14.633492199936882,3742.682620599,odom,navigating,1,4,,0.7243353087501601,-0.14157646590293135,-2.7025549184688615,-7.7785946945410025,-5.910717073715881,0.6011888504811953,0.47852557215331004,1.8956459760665894,-2.2330791979310196,2.2330791979310196,0.010815955999987636,pixhawk_fused,True,0.8,0.2,gyro,-1.0,0.04888695105910301,-0.6425729393959045,0.05,-0.6532729966492563,0.013693861999854562,2,0.8914395266961765,0.14542880291266413,0.2423759521153489,0.7469695038084614,-0.14142557126920932,-1.5641297588910283,0.022634698034825172,-0.02263469803482518,1.1384251595778332,0.1471797074047174,,,
14.633631099946797,3742.804706181,odom,navigating,1,4,,0.7193128438090584,-0.1430560581624245,-2.7167792570370577,-7.773876980408486,-5.908446056167995,0.5869645119129991,0.40677874235536005,1.8956459760665894,-2.2330791979310196,2.2330791979310196,0.1318191770001249,pixhawk_fused,True,0.8,0.2,gyro,-1.0,0.043947529047727585,-0.5776488780975342,0.05,-0.6205087968502702,0.034041677999994135,2,0.8928856037213744,0.14687487993786197,0.24478602693405552,0.7469791441077362,-0.1428716161604333,-1.5641297588910283,0.027666915098520165,-0.027666915098520137,1.1526494981460293,0.14945798254971226,,,
14.633737599942833,3742.926790336,odom,navigating,1,4,,0.7144484473617622,-0.14412481740658478,-2.7770784573607004,-7.769248935784307,-5.906606001257116,0.5266653115893565,0.33852619026962666,1.9547263383865356,-2.291421636390416,2.291421636390416,0.07458257300004334,pixhawk_fused,True,0.8,0.2,gyro,-1.0,0.0383991040289402,-0.5047200918197632,0.05,-0.6065800773299185,0.005012053999962518,2,0.8939219106270996,0.14791118684358714,0.24651316672980622,0.7469860526669192,-0.14390790003788373,-1.5641297588910283,0.03253832835501891,-0.03253832835501893,1.212948698469672,0.1514478854445237,,,
14.968825099989772,3743.044716971,odom,navigating,1,4,,0.7093688215756542,-0.1448769756503916,-2.880077568833498,-7.764357372605015,-5.905043647323588,0.42366620011655876,0.2681602850621745,2.065337657928467,-2.402465932953088,2.402465932953088,0.09107623099998818,pixhawk_fused,True,0.8,0.2,gyro,-1.0,0.04393208026885986,-0.5774458646774292,0.05,-0.621586151470586,0.0242560090000552,2,0.8946401887374406,0.14862946495392812,0.24771027031170162,0.7469908410812468,-0.14462616218702096,-1.5641297588910283,0.03762285554118135,-0.03762285554118135,1.3159478099424697,0.1533173085843981,,,
14.968986699939705,3743.164046718,odom,navigating,1,4,,0.7039104509777451,-0.14528624740654378,-2.988294135467829,-7.75903667677868,-5.903758536869919,0.31544963348222765,0.1931480754377911,2.1826283931732178,-2.5189082094309017,2.5189082094309017,0.016104001999792672,pixhawk_fused,True,0.8,0.2,gyro,-1.0,0.04608580470085144,-0.6057544946670532,0.05,-0.5526722912543431,0.04431805600006555,2,0.8950130630702691,0.14900233928675669,0.24833171372338242,0.7469933268548935,-0.14499902823402944,-1.5641297588910283,0.04308383326375263,-0.04308383326375266,1.4241643765768008,0.15510613721456865,,,
14.969092999934219,3743.264234672,odom,navigating,1,4,,0.6990238074755496,-0.14530646118975565,-3.0526673792225645,-7.754217398203048,-5.902949681304918,0.25107638972749236,0.12618488133770459,2.2461178302764893,-2.58263859962198,2.58263859962198,0.0019211159997212235,pixhawk_fused,True,0.8,0.2,gyro,-1.0,0.051226843148469925,-0.6733286380767822,0.05,-0.5969602590529498,0.046062860999882105,2,0.8950006995048758,0.14898997572136344,0.2483111082389549,0.7469932444329558,-0.14498666494337292,-1.5641297588910283,0.04797050293305009,-0.047970502933050115,1.4885376203315361,0.1565221454526555,,,
15.310381599934772,3743.367773001,odom,navigating,1,4,,0.6940756958435648,-0.14499396887032823,-3.0661344868128393,-7.7492837452545364,-5.902459243994013,0.23760928213721755,0.05825274732480218,2.2461178302764893,-2.58263859962198,2.58263859962198,0.10430108599985033,pixhawk_fused,True,0.8,0.2,gyro,-1.0,0.05232046917080879,-0.6877033114433289,0.05,-0.5934945291226561,0.04633087299998806,2,0.89465522745164,0.14864450366812756,0.2477353342783965,0.7469909413371136,-0.1446412005670379,-1.5641297588910283,0.052916421374827965,-0.05291642137482792,1.502004727921811,0.15778255962514467,,,
15.310860399971716,3743.485445532,odom,navigating,1,4,,0.6885220619790107,-0.14423427324743598,-3.132995919938184,-7.743680315978445,-5.902312387299236,0.1707478490118728,-0.01855999652330073,2.311488151550293,-2.647051789569585,2.647051789569585,0.04492670599984194,pixhawk_fused,True,0.8,0.2,gyro,-1.0,0.04897511377930641,-0.6437317728996277,0.05,-0.5548675696983701,0.009406473999661102,2,0.8938585253072794,0.147847801523767,0.24640752687763218,0.7469856301075105,-0.1438445161265793,-1.5641297588910283,0.05846486730446757,-0.05846486730446758,1.5688661610471557,0.15898777665072308,,,
15.31103759992402,3743.604985828,odom,navigating,1,4,,0.6828268008183365,-0.14299710217756673,3.0840526426239685,-7.7378600328913745,-5.902613878146145,0.1046111043944391,-0.09840161463897204,2.373838424682617,-2.70982405166599,2.70982405166599,0.026983789000041725,pixhawk_fused,True,0.8,0.2,gyro,-1.0,0.05147796496748924,-0.676629364490509,0.05,-0.5558071873672553,0.031300360999921395,2,0.8925834141651606,0.14657269038164825,0.24428238886553202,0.7469771295554621,-0.1425694333193192,-1.5641297588910283,0.06415175428414727,-0.06415175428414724,1.6350029056645896,0.159996878542827,,,
15.652058399980888,3743.726615699,odom,navigating,1,4,,0.6772576817412971,-0.14131188841279124,2.9880646252632217,-7.732091904518336,-5.903377898956977,0.0086230870336923,-0.17815167123164655,2.474376916885376,-2.8097993405339405,2.8097993405339405,0.09895557900017593,pixhawk_fused,True,0.8,0.2,gyro,-1.0,0.048650968819856644,-0.639471173286438,0.05,-0.5904219277329176,0.006171468000047753,2,0.8908611112128453,0.14485038742933284,0.24141194773187838,0.7469656477909276,-0.14084716863912702,-1.5641297588910283,0.06970951509833123,-0.06970951509833119,1.7309909230253364,0.16075152015975555,,,
15.652569900033996,3743.827106904,odom,navigating,1,4,,0.6732436750123002,-0.13978371988203256,2.9563275876097337,-7.727883842591369,-5.9042379942410275,-0.02311395061979571,-0.2369895573673544,2.5006802082061768,-2.834888618755071,2.834888618755071,0.08925148300022556,pixhawk_fused,True,0.8,0.2,gyro,-1.0,0.040987592190504074,-0.5387433171272278,0.05,-0.5877225737758466,0.006471662999956607,2,0.8893062171900432,0.14329549340653078,0.2388205152806229,0.7469552820611225,-0.13929230916837373,-1.5641297588910283,0.07371324506633449,-0.07371324506633449,1.7627279606788244,0.1611435413810637,,,
15.652693299925886,3743.944559829,odom,navigating,1,4,,0.6686141820263777,-0.13767088953476575,2.846896965551114,-7.722973979512417,-5.905575716906221,-0.13254457267841557,-0.30670696985588464,2.619398593902588,-2.9540719915506526,2.9540719915506526,0.09274366799991185,pixhawk_fused,True,0.8,0.2,gyro,-1.0,0.04394311457872391,-0.5775908827781677,0.05,-0.6159047009820671,0.02387794499964002,2,0.887162571192252,0.1411518474087396,0.23524785134262077,0.7469409914053705,-0.13714871080557245,-1.5641297588910283,0.07832854995541728,-0.07832854995541726,1.8721585827374438,0.16142863985370876,,,
15.972236400004476,3744.04509031,odom,navigating,1,4,,0.6650011963483641,-0.13573732714302558,2.7923866337344503,-7.7190962307743245,-5.906900629641653,-0.1870549044950791,-0.3628440516687368,2.674484968185425,-3.0081814659115955,3.0081814659115955,0.08520312600012403,pixhawk_fused,True,0.8,0.2,gyro,-1.0,0.04134161025285721,-0.543396532535553,0.05,-0.614577270287989,0.0241424939999888,2,0.8852049657311853,0.13919424194767288,0.2319852480756655,0.7469279409923026,-0.1351911488453993,-1.5641297588910283,0.08192856521803561,-0.08192856521803563,1.9266689145541074,0.16151571685155974,,,
15.972368399961852,3744.165851074,odom,navigating,1,4,,0.6606802021070878,-0.13306489387959214,2.6918987590113344,-7.714400476521401,-5.908840419005682,-0.28754277921819504,-0.43244702045891026,2.783334493637085,-3.1162973122474833,3.1162973122474833,0.011400976999993873,pixhawk_fused,True,0.8,0.2,gyro,-1.0,0.046104155480861664,-0.6059957146644592,0.05,-0.6034373092902637,0.04520021700000143,2,0.882503785865029,0.1364930620815166,0.22748338167243576,0.7469099335266898,-0.13249002900346143,-1.5641297588910283,0.08623164761456495,-0.08623164761456491,2.0271567892772238,0.16145046623256076,,,
15.972467400017194,3744.266949541,odom,navigating,1,4,,0.6569819985208114,-0.13042804956311083,2.679589539169978,-7.710325088866974,-5.910845630510998,-0.2998519990595514,-0.4946723426941682,2.783334493637085,-3.1162973122474833,3.1162973122474833,0.11209258400003819,pixhawk_fused,True,0.8,0.2,gyro,-1.0,0.04610874876379967,-0.6060560941696167,0.05,-0.623301801978572,0.04613085899973157,2,0.8798423460004234,0.13383162221691108,0.22304774713332112,0.7468921909885333,-0.12982864827999266,-1.5641297588910283,0.08991219044979942,-0.08991219044979938,2.0394660091185797,0.16122997580068976,,,
16.291770300013013,3744.367217215,odom,navigating,1,4,,0.6537197233502942,-0.1277901993700873,2.6204625600844644,-7.706679748854572,-5.91292221162499,-0.35897897814506496,-0.5521598732967504,2.842958450317383,3.1073583745230913,-3.1073583745230913,0.03322117999960028,pixhawk_fused,True,0.8,0.2,gyro,-1.0,0.04354064539074898,-0.5723007917404175,0.05,-0.601692203320841,0.04649779400006082,2,0.8771828064064864,0.13117208262297395,0.2186152796416091,0.7468744611185665,-0.12716916778496545,-1.5641297588910283,0.0931568078505554,-0.09315680785055537,2.0985929882040937,0.1608860034575836,,,
16.291901199962012,3744.467294856,odom,navigating,1,4,,0.6504354067183397,-0.12479966880016345,2.5632627010634477,-7.702955719273629,-5.915343288350095,-0.4161788371660817,-0.6130271662495016,2.8984436988830566,3.0510590516795397,-3.0510590516795397,0.012592557000061788,pixhawk_fused,True,0.8,0.2,gyro,-1.0,0.048628922551870346,-0.6391814351081848,0.05,-0.6136541259921255,0.046129952000228513,2,0.8741704473329185,0.12815972354940605,0.21359479275079837,0.7468543791710032,-0.124156875650479,-1.5641297588910283,0.09642111507268916,-0.09642111507268919,2.1557928472251104,0.16038062904266512,,,
16.29200789995957,3744.585577018,odom,navigating,1,4,,0.6460844736457398,-0.12021888426449003,2.546302136115995,-7.697922331871967,-5.919161562414289,-0.4331394021135342,-0.699590296571517,2.8984436988830566,3.0510590516795397,-3.0510590516795397,0.13151016600022558,pixhawk_fused,True,0.8,0.2,gyro,-1.0,0.05917597562074661,-0.7778124809265137,0.05,-0.6027359158843351,0.011529307999808225,2,0.8695607590131411,0.12355003522962868,0.205912149608009,0.7468236485984321,-0.11954728976480539,-1.5641297588910283,0.10074141357615121,-0.10074141357615116,2.172753412172563,0.15941594529583175,,,
16.612905899994075,3744.685797212,odom,navigating,1,4,,0.6428837769483808,-0.11626944499459484,2.3957869133199625,-7.694126017687365,-5.922542468876595,-0.5836546249095669,-0.7692619170277354,3.0649311542510986,2.8808211250175715,-2.8808211250175715,0.04669060399965019,pixhawk_fused,True,0.8,0.2,gyro,-1.0,0.05146509408950806,-0.6764602065086365,0.05,-0.6102461776060073,0.009307606000220403,2,0.8655900700018166,0.1195793462183043,0.1992944816467891,0.7467971779265872,-0.11557668898807344,-1.5641297588910283,0.10391571013923769,-0.10391571013923766,2.3232686349685956,0.15842252003973156,,,
16.613037999952212,3744.804679672,odom,navigating,1,4,,0.6397774507677066,-0.1118111361729368,2.3088882990268336,-7.690340683442559,-5.926440805001805,-0.6705532392026958,-0.8437019360718963,-3.129256248474121,2.79085480241673,-2.79085480241673,0.05299273299988272,pixhawk_fused,True,0.8,0.2,gyro,-1.0,0.05170297622680664,-0.6795869469642639,0.05,-0.6272432311069849,0.031113384000036604,2,0.8611111518693623,0.1151004280858499,0.19182978397302589,0.7467673191358921,-0.11109787038381552,-1.5641297588910283,0.10699224589439921,-0.10699224589439921,2.4101672492617245,0.1571478578507308,,,
16.613146399962716,3744.905101656,odom,navigating,1,4,,0.6373457554507579,-0.10774597137377312,2.247445915235941,-7.68728460019923,-5.930060067657191,-0.7319956229935882,-0.9085975353801334,-3.0679454803466797,2.7302633605469944,-2.7302633605469944,0.044269296000038594,pixhawk_fused,True,0.8,0.2,gyro,-1.0,0.049107957631349564,-0.6454778909683228,0.05,-0.6362160063337335,0.0313438230000429,2,0.8570298664623093,0.11101914267879683,0.18502779278161777,0.7467401111711265,-0.10701667566897065,-1.5641297588910283,0.10939678667904092,-0.1093967866790409,2.4716096330526165,0.1558618201383348,,,
16.95188079995569,3745.02213448,odom,navigating,1,4,,0.6348726479542883,-0.10286276954668364,2.2326861891053675,-7.684055582904108,-5.9344799509227295,-0.7467553491241619,-0.9836097474018988,-3.0679454803466797,2.7302633605469944,-2.7302633605469944,0.16245423800000935,pixhawk_fused,True,0.8,0.2,gyro,-1.0,0.04609039053320885,-0.6058148145675659,0.05,-0.6378788963870535,0.004043855999952939,1,0.6343119866907343,0.6343119866907343,0.8502719417674318,0.6343028685585042,0.0034010877670697273,0.005361878910097319,0.10626538486147591,-0.10626538486147591,-2.22732431019527,0.1541717869387235,,,
16.952084599994123,3745.126901053,odom,navigating,1,4,,0.6330306943960801,-0.09849679220497708,2.111849750484034,-7.681532941735887,-5.938491288928344,-0.8675917877454955,-1.0485359303546102,-2.934506416320801,2.595736508773732,-2.595736508773732,0.04509275600003093,pixhawk_fused,True,0.8,0.2,gyro,-1.0,0.051216643303632736,-0.6731945872306824,0.05,-0.7001117246986645,0.006281909000335872,1,0.6324934693399701,0.6324934693399701,0.8478342859901242,0.6324843773486327,0.003391337143960497,0.005361878910097319,0.10188959399537405,-0.10188959399537405,-2.1064878715739366,0.15253739351694098,,,
16.952234599972144,3745.244671636,odom,navigating,1,4,,0.6310743953392821,-0.09269309534464604,2.056905591179299,-7.678665347459063,-5.943903026755491,-0.9225359470502306,-1.1324667864245106,-2.8859002590179443,2.5479092239608048,-2.5479092239608048,0.011107485999673372,pixhawk_fused,True,0.8,0.2,gyro,-1.0,0.051684800535440445,-0.6793480515480042,0.05,-0.7018587977558277,0.024135622999892803,1,0.6305683169753417,0.6305683169753417,0.8452536898897564,0.6305592526577583,0.0033810147595590254,0.005361878910097319,0.09607549117385372,-0.09607549117385371,-2.0515437122692015,0.15019137556451245,,,
17.287864099955186,3745.345597847,odom,navigating,1,4,,0.6298362928806548,-0.0878153674226189,1.935102407064599,-7.676656018476324,-5.948516888957433,-1.0443391311649304,-1.2014213571928667,-2.751060962677002,2.4131036122907874,-2.4131036122907874,0.003964653999901202,pixhawk_fused,True,0.8,0.2,gyro,-1.0,0.051684800535440445,-0.6793480515480042,0.05,-0.7053959514163447,0.022888082999998005,1,0.6293563859753923,0.6293563859753923,0.8436291408567306,0.629347339079121,0.0033745165634269225,0.005361878910097319,0.09119119484472463,-0.09119119484472463,-1.9297405281545017,0.14806778362175724,,,
17.28801439993549,3745.463650459,odom,navigating,1,4,,0.6287677503391349,-0.08164325124536652,1.863297060669822,-7.674605057221856,-5.954435534005179,-1.1161444775597074,-1.2872520256223217,-2.68282151222229,2.344760356174874,-2.344760356174874,0.008650661000046966,pixhawk_fused,True,0.8,0.2,gyro,-1.0,0.05378818139433861,-0.7069950103759766,0.05,-0.7119495822927756,0.045420913999805634,1,0.6283209527749857,0.6283209527749857,0.8422411806473179,0.6283119207628991,0.0033689647225892717,0.005361878910097319,0.0850134380223793,-0.0850134380223793,-1.8579351817597247,0.1451832181914438,,,
17.28813080000691,3745.582228539,odom,navigating,1,4,,0.6282546353304361,-0.07584199745993675,1.8475845369511041,-7.673162110133614,-5.96007785056805,-1.1318570012784253,-1.3670630335895992,-2.68282151222229,2.344760356174874,-2.344760356174874,0.12765784100020028,pixhawk_fused,True,0.8,0.2,gyro,-1.0,0.04631395265460014,-0.6087533235549927,0.05,-0.7219013487883822,0.012848643000324955,1,0.6278389506135101,0.6278389506135101,0.8415950744371673,0.6278299255301268,0.0033663802977486694,0.005361878910097319,0.07920951638167395,-0.07920951638167394,-1.8422226580410068,0.14226283934872497,,,
17.610575199942105,3745.683854306,odom,navigating,1,4,,0.6281801052385835,-0.0711768670510066,1.7557362249751522,-7.6723354121664435,-5.964669752890399,-1.2237053132543771,-1.4309897574852026,-2.5808324813842773,2.246091733204293,-2.246091733204293,0.035789408999789885,pixhawk_fused,True,0.8,0.2,gyro,-1.0,0.050304971635341644,-0.6612114906311035,0.05,-0.7257063071990107,0.013548291999995854,1,0.6277894353375112,0.6277894353375112,0.8415287010266781,0.6277804109659019,0.0033661148041067126,0.005361878910097319,0.07454405341382617,-0.07454405341382615,-1.750374346065055,0.13976082763491346,,,
17.610899499966763,3745.802503679,odom,navigating,1,4,,0.6284806495890294,-0.06563017524720974,1.6715318312743026,-7.671736547950049,-5.970192205110492,-1.3079097069552268,-1.5071159732097037,-2.493215799331665,2.1599068458546875,-2.1599068458546875,0.04897807900033513,pixhawk_fused,True,0.8,0.2,gyro,-1.0,0.04652800410985947,-0.6115667819976807,0.05,-0.7325599120977998,0.03335393599991221,1,0.6281197159149782,0.6281197159149782,0.8419714300209638,0.628110686795639,0.003367885720083855,0.005361878910097319,0.06899905281751958,-0.06899905281751957,-1.6661699523642053,0.13659853229802155,,,
17.61100939998869,3745.90478815,odom,navigating,1,4,,0.6290389063268593,-0.06112372662161861,1.6593260291070964,-7.671559953918323,-5.974729665231351,-1.320115509122433,-1.5693259079545203,-2.493215799331665,2.1599068458546875,-2.1599068458546875,0.15067451100003382,pixhawk_fused,True,0.8,0.2,gyro,-1.0,0.049083299934864044,-0.6451537609100342,0.05,-0.732647600783189,0.02893197899993538,1,0.6287021275440229,0.6287021275440229,0.8427521314378159,0.6286930900526106,0.0033710085257512637,0.005361878910097319,0.06449566226208489,-0.06449566226208489,-1.653964150196999,0.13386932883339822,,,
17.928943599923514,3746.00510447,odom,navigating,1,4,,0.6299392431859168,-0.05637098474731211,1.5981160066315192,-7.671681190753575,-5.979565413716678,-1.3813255315980102,-1.6356177592225862,-2.433884620666504,2.099929624365735,-2.099929624365735,0.06997650800030897,pixhawk_fused,True,0.8,0.2,gyro,-1.0,0.054288122802972794,-0.713566243648529,0.05,-0.7448993076577624,0.03149170699998649,1,0.6296279349651968,0.6296279349651968,0.8439931423129392,0.6296188841654526,0.003375972569251757,0.005361878910097319,0.05974781618175928,-0.05974781618175929,-1.5927541277214219,0.13082337356763873,,,
17.929281599936076,3746.106687367,odom,navigating,1,4,,0.6313088555685965,-0.05114984200845182,1.4681087221149767,-7.6721899279641415,-5.984939179252029,-1.5113328161145527,-1.7095771035917153,-2.2909929752349854,1.9562476875056505,-1.9562476875056505,0.014259254000080546,pixhawk_fused,True,0.8,0.2,gyro,-1.0,0.05746464431285858,-0.7553186416625977,0.05,-0.7557549932123777,0.03218783700003769,1,0.631025522660916,0.631025522660916,0.8458665573338805,0.6310164517710748,0.0033834662293355223,0.005361878910097319,0.05453409215654305,-0.05453409215654305,-1.4627468432048794,0.12726179192727977,,,
17.92960040003527,3746.222162435,odom,navigating,1,4,,0.6333714113397555,-0.04525489962260234,1.4513439289724166,-7.673273739521544,-5.991089775527974,-1.5280976092571128,-1.7951560881527513,-2.2909929752349854,1.9562476875056505,-1.9562476875056505,0.1310109360001661,pixhawk_fused,True,0.8,0.2,gyro,-1.0,0.05377212539315224,-0.7067839503288269,0.05,-0.7590604495651333,0.004225611000038043,1,0.633119656598971,0.633119656598971,0.8486736670325644,0.633110555606293,0.003394694668130258,0.005361878910097319,0.048650293630836,-0.048650293630836006,-1.4459820500623193,0.12292780043761943,,,
18.236492199939676,3746.322596529,odom,navigating,1,4,,0.6356304783044745,-0.04015654506741257,1.3913191279033215,-7.674680086810465,-5.996485958440409,-1.588122410326208,-1.8715720257611748,-2.234349250793457,1.9001755071748971,-1.9001755071748971,0.08199145099979432,pixhawk_fused,True,0.8,0.2,gyro,-1.0,0.05886983871459961,-0.7737886309623718,0.05,-0.7735346463709198,0.003903712000010273,1,0.6354060277187462,0.6354060277187462,0.8517384636191061,0.6353968938598531,0.0034069538544764244,0.005361878910097319,0.04356412514914299,-0.043564125149142985,-1.3859572489932241,0.1188748576932461,,,
18.2366386000067,3746.424102984,odom,navigating,1,4,,0.6380526598213164,-0.03562818809059909,1.2617055882588812,-7.676339430212194,-6.001345954292786,-1.7177359499706482,-1.9419227229863967,-2.090580940246582,1.7561946031321762,-1.7561946031321762,0.07326105099991764,pixhawk_fused,True,0.8,0.2,gyro,-1.0,0.048650968819856644,-0.639471173286438,0.05,-0.7737042039448063,0.004050837999784562,1,0.6378524548025489,0.6378524548025489,0.8550178093520941,0.6378432857766623,0.0034200712374083766,0.005361878910097319,0.03904882064848946,-0.03904882064848946,-1.256343709348784,0.11499139769128965,,,
18.236738699954003,3746.529107383,odom,navigating,1,4,,0.6410690516581244,-0.0308595512084877,1.19162275937612,-7.678546398111269,-6.006539008318987,-1.7878187788534095,-2.0192467131326617,-2.023009777069092,1.6878781077136276,-1.6878781077136276,0.06483416199989733,pixhawk_fused,True,0.8,0.2,gyro,-1.0,0.05900779739022255,-0.7756019234657288,0.05,-0.7726143908151188,0.008400445000006584,1,0.640894372010224,0.640894372010224,0.8590953877443289,0.6408851592572694,0.003436381550977316,0.005361878910097319,0.0342964257650391,-0.03429642576503909,-1.1862608804660226,0.11056985226716427,,,
18.57211179996375,3746.645178677,odom,navigating,1,4,,0.6446165816438787,-0.02613700690308525,1.1758587495265793,-7.681284978095485,-6.011772322124442,-1.80358278870295,-2.100202073174884,-2.023009777069092,1.6878781077136276,-1.6878781077136276,0.18116111500012266,pixhawk_fused,True,0.8,0.2,gyro,-1.0,0.04393208026885986,-0.5774458646774292,0.05,-0.8038958754350555,0.02467760800027463,1,0.6444671725901897,0.6444671725901897,0.8638845958160918,0.6444579084788045,0.003455538383264367,0.005361878910097319,0.029592970680517486,-0.029592970680517482,-1.170496870616482,0.1057678434244025,,,
18.572242900030687,3746.765269696,odom,navigating,1,4,,0.6485088953442899,-0.021743912642940066,1.0479301336457703,-7.684417005922406,-6.016736169907395,-1.9315114045837591,-2.1806236176424574,-1.8850528001785278,1.5484871166218992,-1.5484871166218992,0.10915538200015362,pixhawk_fused,True,0.8,0.2,gyro,-1.0,0.05636636167764664,-0.7408827543258667,0.05,-0.7985982785202385,0.04426574099989011,1,0.6483829854658166,0.6483829854658166,0.8691335992831831,0.6483736650652546,0.0034765343971327324,0.005361878910097319,0.02522080958513197,-0.025220809585131974,-1.042568254735673,0.10083285439358516,,,
18.572341999970376,3746.86596082,odom,navigating,1,4,,0.6521914845603928,-0.018168103961467105,0.9854134709500486,-7.687474004160718,-6.020859594798431,-1.9940280672794808,-2.2509589509769725,-1.823098063468933,1.487866598116326,-1.487866598116326,0.031895122999685555,pixhawk_fused,True,0.8,0.2,gyro,-1.0,0.05377480015158653,-0.7068191170692444,0.05,-0.8164438330564393,0.045455487000253925,1,0.6520846947065809,0.6520846947065809,0.8740956046843795,0.6520753210945471,0.0034963824187375183,0.005361878910097319,0.02166479780816957,-0.021664797808169566,-0.9800515920399513,0.09639223206373758,,,
18.89055869996082,3746.966937196,odom,navigating,1,4,,0.6560400745658365,-0.014920776990525408,0.9172746713419238,-7.690747856210009,-6.024685646319981,-2.0621668668876056,-2.3199592103815325,-1.755860447883606,1.4199364933242078,-1.4199364933242078,0.02658772599988879,pixhawk_fused,True,0.8,0.2,gyro,-1.0,0.053303591907024384,-0.7006255388259888,0.05,-0.8369262942369814,0.046321149000050355,1,0.6559506410797348,0.6559506410797348,0.8792777639347815,0.655941211895347,0.0035171110557391263,0.005361878910097319,0.01843815309173348,-0.018438153091733477,-0.9119127924318264,0.09192814577726159,,,
18.890723799937405,3747.081838723,odom,navigating,1,4,,0.6615803899575761,-0.01096138180783407,0.846515917423456,-7.695576284735472,-6.029487539990937,-2.1329256208060734,-2.4132820119636307,-1.6894668340682983,1.3546277121772046,-1.3546277121772046,0.027560310999888316,pixhawk_fused,True,0.8,0.2,gyro,-1.0,0.05660594254732132,-0.7440318465232849,0.05,-0.8587540862636855,0.009287996000239218,1,0.6615121065261383,0.6615121065261383,0.8867327042849654,0.6615025973965842,0.0035469308171398616,0.005361878910097319,0.014508521182619668,-0.01450852118261967,-0.8411540385133587,0.08573513576891748,,,
18.890836099977605,3747.183336603,odom,navigating,1,4,,0.666160701979609,-0.008234287210654168,0.7611749992182575,-7.699656247364814,-6.032918313679818,-2.218266539011272,-2.48633344099379,-1.6021167039871216,1.2663224259485477,-1.2663224259485477,0.04746965599997566,pixhawk_fused,True,0.8,0.2,gyro,-1.0,0.05405186489224434,-0.710460901260376,0.05,-0.7469180453817015,0.01258529799997632,1,0.6661069749878684,0.6661069749878684,0.892891956846948,0.6660973998078232,0.0035715678273877923,0.005361878910097319,0.011806024747738482,-0.011806024747738484,-0.7558131203081602,0.08077122811955746,,,
19.228207299951464,3747.285598982,odom,navigating,1,4,,0.6709280385590564,-0.005848848697115799,0.6437825779163324,-7.703975938679711,-6.036042106551891,-2.335658960313197,-2.5593849116501928,-1.474963665008545,1.138159090923237,-1.138159090923237,0.03127748999986579,pixhawk_fused,True,0.8,0.2,gyro,-1.0,0.05660594254732132,-0.7440318465232849,0.05,-0.7404804217068823,0.010345135000079608,1,0.6708870334087936,0.6708870334087936,0.8992994497535947,0.6708773895161816,0.003597197799014379,0.005361878910097319,0.009446182283472902,-0.009446182283472902,-0.6384206990062351,0.07571525087622182,,,
19.228509999928065,3747.40447457,odom,navigating,1,4,,0.67646791011241,-0.003598131561257975,0.5725992690879997,-7.709079780695067,-6.0391576644691165,-2.4068422691415297,-2.6413321789670356,-1.4052215814590454,1.0696006767620319,-1.0696006767620319,0.04611709999971936,pixhawk_fused,True,0.8,0.2,gyro,-1.0,0.049107957631349564,-0.6454778909683228,0.05,-0.6586369342846546,0.029559535999851505,1,0.6764388933423073,0.6764388933423073,0.9067415142662287,0.6764291696426066,0.003626966057064915,0.005361878910097319,0.007225201479425725,-0.007225201479425725,-0.5672373901779024,0.06994600151086605,,,
19.228622199967504,3747.522231652,odom,navigating,1,4,,0.6818286395283272,-0.0019040723622323619,0.5576017524622041,-7.714096698187035,-6.041694945557066,-2.4218397857673253,-2.7183738318462374,-1.4052215814590454,1.0696006767620319,-1.0696006767620319,0.16460755099978996,pixhawk_fused,True,0.8,0.2,gyro,-1.0,0.048650968819856644,-0.639471173286438,0.05,-0.6766926605566645,0.0040656330002093455,1,0.681808628995374,0.681808628995374,0.9139394478640638,0.6817988281065915,0.003655757791456255,0.005361878910097319,0.00555991007649684,-0.005559910076496839,-0.5522398735521068,0.06444238958359512,,,
19.550340099958703,3747.625495689,odom,navigating,1,4,,0.686582277603985,-0.0007699094321903521,0.410773693657843,-7.718604878468436,-6.04358166521208,-2.5686678445716864,-2.7853293798887893,-1.2413629293441772,0.9034241732229465,-0.9034241732229465,0.010094751999986329,pixhawk_fused,True,0.8,0.2,gyro,-1.0,0.051216643303632736,-0.6731945872306824,0.05,-0.6630426292415347,0.0042743870003505435,1,0.6865682799534094,0.6865682799534094,0.9203195853155687,0.6865584106454142,0.0036812783412622746,0.005361878910097319,0.00445125175947683,-0.00445125175947683,-0.4054118147477457,0.059608873254920654,,,
19.550504199927673,3747.727316116,odom,navigating,1,4,,0.6914496739477854,5.080810401678071e-05,0.37707413729561745,-7.723275927856817,-6.045177416462488,-2.602367400933912,-2.852971620010605,-1.2151321172714233,0.8779932316412205,-0.8779932316412205,0.06764880900027492,pixhawk_fused,True,0.8,0.2,gyro,-1.0,0.05121154338121414,-0.6731275320053101,0.05,-0.5264815366988794,0.0067923389997304184,1,0.6914400068961372,0.6914400068961372,0.9268499565118701,0.6914300675578551,0.0037073998260474805,0.005361878910097319,0.003656644285700968,-0.003656644285700968,-0.37171225838552013,0.054693090871098304,,,
19.550620599999093,3747.846471475,odom,navigating,1,4,,0.6973479969766507,0.0005990374546695765,0.30923085646724324,-7.729008371425516,-6.046670688274798,-2.670210681762286,-2.9341636318681372,-1.150094747543335,0.8133838204015964,-0.8133838204015964,0.010412855000140553,pixhawk_fused,True,0.8,0.2,gyro,-1.0,0.05426903814077377,-0.7133154273033142,0.05,-0.569694753508336,0.025804856999911863,1,0.6973411846628707,0.6973411846628707,0.9347602687615448,0.6973311604961124,0.0037390410750461796,0.005361878910097319,0.003140048758069704,-0.0031400487580697037,-0.3038689775571459,0.048770728356450924,,,
19.891491399961524,3747.967098554,odom,navigating,1,4,,0.7028242871782159,0.0006757734182317593,0.19397250272347355,-7.734400436860528,-6.0476305180119985,-2.785469035506056,-3.009229240835204,-1.025197148323059,0.6883573786486857,-0.6883573786486857,0.01502980800023579,pixhawk_fused,True,0.8,0.2,gyro,-1.0,0.043936487287282944,-0.5775037407875061,0.0,-1.6,0.007037350999780756,1,0.7028178075906228,0.7028178075906228,0.9421014808288146,0.7028077046982957,0.0037684059233152587,0.005361878910097319,0.0030926769618146908,-0.0030926769618146903,-0.18861062381337623,0.04330349477855232,,,
19.891670299926773,3748.067147583,odom,navigating,1,4,,0.7079510578259529,0.0003785582844873514,0.18024023689533664,-7.739507938855816,-6.048164875082089,-2.7992013013341928,-3.079579896223842,-1.025197148323059,0.6883573786486857,-0.6883573786486857,0.11503893000008247,pixhawk_fused,True,0.8,0.2,gyro,-1.0,0.06202799081802368,-0.8152995705604553,0.0,-1.6,0.031489521999901626,1,0.7079429109179397,0.7079429109179397,0.9489714937708862,0.7079327343530811,0.003795885975083545,0.005361878910097319,0.0034173768148352615,-0.0034173768148352615,-0.17487835798523932,0.038220895340936666,,,
19.891772900009528,3748.185526777,odom,navigating,1,4,,0.7146948022303873,-0.0005646985034933744,0.09898582771239228,-7.746315501529578,-6.048322711716663,-2.880455710517137,3.1102826594446165,-0.9477687478065491,0.6100043783654445,-0.6100043783654445,0.04563057499990464,pixhawk_fused,True,0.8,0.2,gyro,-1.0,0.05427176505327225,-0.7133512496948242,0.0,-1.6,0.030497751999973843,1,0.7146815007776949,0.7146815007776949,0.9580043262020064,0.7146712273466967,0.0038320173048080257,0.005361878910097319,0.004396779011288657,-0.004396779011288657,-0.09362394880229497,0.03163624313698388,,,
20.233036099933088,3748.305252102,odom,navigating,1,4,,0.7213152614212909,-0.0021312344596501748,-0.02536718570133667,-7.753102019318731,-6.047845541833011,-3.004808723930866,3.017036204109132,-0.8148191571235657,0.4781537014712566,-0.4781537014712566,0.05072532899976068,pixhawk_fused,True,0.8,0.2,gyro,-1.0,0.05889035016298294,-0.7740582227706909,0.0,-1.6,0.011341478999838728,1,0.7212934652647105,0.7212934652647105,0.9668674219675497,0.7212830967877921,0.003867469687870199,0.005361878910097319,0.005998790379161972,-0.005998790379161972,0.030729064611433987,0.025434786311239417,,,
20.233271199977025,3748.405337741,odom,navigating,1,4,,0.7271239786386214,-0.004057763715359264,-0.04158806258201064,-7.759145561181661,-6.046882052115878,-3.02102960081154,2.9331662707877593,-0.8148191571235657,0.4781537014712566,-0.4781537014712566,0.1508728189996873,pixhawk_fused,True,0.8,0.2,gyro,-1.0,0.06401761621236801,-0.8414512872695923,0.0,-1.6,0.010702568999931827,1,0.727091769215581,0.727091769215581,0.9746398356420657,0.727081317388981,0.003898559342568263,0.005361878910097319,0.007956437430428905,-0.007956437430428903,0.04694994149210796,0.02052393087417174,,,
20.233446800033562,3748.526631321,odom,navigating,1,4,,0.7334206912742018,-0.00679286838809702,-0.120861146394041,-7.765801234688241,-6.045199376342081,-3.1003026846235704,2.839088186740525,-0.737240731716156,0.40238634531395373,-0.40238634531395373,0.09304260299995804,pixhawk_fused,True,0.8,0.2,gyro,-1.0,0.06201864406466484,-0.8151766657829285,0.0,-1.6,0.030161816000145336,1,0.7333737261071445,0.7333737261071445,0.9830605683356971,0.73336318397843,0.003932242273342788,0.005361878910097319,0.010725264835387369,-0.010725264835387369,0.12622302530413831,0.016574830800395086,,,
20.54866139998194,3748.627066654,odom,navigating,1,4,,0.7386475107441592,-0.00962970846708637,-0.29933868859859913,-7.771417473894095,-6.043243574565849,3.004405080351458,2.757583366501387,-0.5365367531776428,0.20066213642256198,-0.20066213642256198,0.012059718999807956,pixhawk_fused,True,0.8,0.2,gyro,-1.0,0.06222419813275337,-0.8178784847259521,0.0,-1.6,0.0037908260001131566,2,0.7595911138724665,0.013580390088954118,0.02263348052094479,0.7460905339220838,-0.009580088312566872,-1.5641297588910283,0.007443188576601879,-0.007443188576601857,-1.2647910702924292,0.01548638276535291,,,
20.5488073999295,3748.74307854,odom,navigating,1,4,,0.744142891368158,-0.013261942639851476,-0.34212104288336587,-7.777427160942652,-6.040546169355869,2.961622726066691,2.665969650727078,-0.506223201751709,0.16966666017668186,-0.16966666017668186,0.0747967500001323,pixhawk_fused,True,0.8,0.2,gyro,-1.0,0.061742670834064484,-0.8115493059158325,0.0,-1.6,0.023676893999891035,2,0.7632599023883304,0.01724917860481805,0.02874799217085773,0.7461149919686835,-0.013248795302514639,-1.5641297588910283,0.0019721444244963013,-0.001972144424496257,-1.2220087160076625,0.017361552815689744,,,
20.548907799995504,3748.844594214,odom,navigating,1,4,,0.7484420596497544,-0.016657233089949194,-0.3575599429509193,-7.782218074673811,-6.037889481422633,2.9461838259991375,2.5854947742565786,-0.506223201751709,0.16966666017668186,-0.16966666017668186,0.17603541400012546,pixhawk_fused,True,0.8,0.2,gyro,-1.0,0.0516536682844162,-0.8147265315055847,0.0,-1.6,0.029060308000225632,2,0.766683777875029,0.02067305409151653,0.03445432450937884,0.7461378172980375,-0.016672594705627302,-1.5641297588910283,0.0023042935565335473,0.0023042935565335556,-1.206569815940109,0.020801080122566967,,,
20.869551399955526,3748.945662012,odom,navigating,1,4,,0.7508408666392425,-0.018934094547875466,-0.4388391714559745,-7.784952994678096,-6.03602975411962,2.8649045974940828,2.47389963856634,-0.4322069585323334,0.09546698270933567,-0.09546698270933567,0.09780481000007057,pixhawk_fused,True,0.8,0.2,gyro,-1.0,0.025850186124444008,-1.2911503314971924,0.0,-1.6,0.030756726000163326,2,0.76897658042895,0.022965856645437637,0.038275577183464755,0.7461531023087339,-0.018965346310078852,-1.5641297588910283,0.0046878685018918904,0.004687868501891919,-1.1252905874350538,0.023439425815275906,,,
20.869681300013326,3749.04955281,odom,navigating,1,4,,0.7523400070282698,-0.020742521957085425,-0.6066384027383425,-7.786724424965247,-6.0344870725782265,2.6971053662117144,2.334289372326732,-0.2546078860759735,-0.07891252101762358,0.07891252101762358,0.0912634640003489,pixhawk_fused,True,0.8,0.2,gyro,-1.0,0.023735953494906425,-1.4351389408111572,0.0,-1.6,0.004227278000143997,2,0.7707949616993965,0.024784237915884078,0.041306145288999195,0.746165224581156,-0.020783687173399516,-1.5641297588910283,0.0061749196629768905,0.00617491966297687,-0.9574913561526859,0.025541888769536295,,,
20.869778999942355,3749.162891802,odom,navigating,1,4,,0.7535800699491407,-0.02283678120116886,-0.8592093669853558,-7.788286321401284,-6.03262048281284,2.444534401964701,2.164977811544778,0.016611283645033836,-0.35129019798142974,0.35129019798142974,0.015268189999915194,pixhawk_fused,True,0.8,0.2,gyro,-1.0,0.020514221861958504,-1.4830207824707031,0.0,-1.6,0.021944662999885622,2,0.7728974413083691,0.02688671752485668,0.04481020010360061,0.7461792408004144,-0.022886120062160363,-1.5641297588910283,0.007400993609768954,0.007400993609768977,-0.7049203919056726,0.027886740319967063,,,
21.1921122999629,3749.26771052,odom,navigating,1,4,,0.7541612028796797,-0.024305894124830446,-1.0008938684581201,-7.789097006956251,-6.031264460247986,2.3028499004919367,2.020324440206332,0.1570010483264923,-0.49225988103253904,0.49225988103253904,0.004725152999981219,pixhawk_fused,True,0.8,0.2,gyro,-1.0,0.015364228747785091,-1.413397192955017,0.0,-1.6,0.010767087000203901,2,0.7743703957196111,0.02835967193609863,0.047265069570288504,0.7461890602782811,-0.024359041742173102,-1.5641297588910283,0.007972319758154647,0.007972319758154631,-0.5632358904329082,0.029458935395723366,,,
21.192424800014123,3749.385120127,odom,navigating,1,4,,0.7545504395123117,-0.026041232687786825,-1.034877438042841,-7.789761293313933,-6.0296147242935785,2.2688663309072163,1.841804252987713,0.1570010483264923,-0.49225988103253904,0.49225988103253904,0.12225879499965231,pixhawk_fused,True,0.8,0.2,gyro,-1.0,0.012804797850549221,-1.447440505027771,0.0,-1.2991918442634633,0.01038374500012651,2,0.7761082905739951,0.030097566790482665,0.05016149662993128,0.7462006459865197,-0.026096897977958767,-1.5641297588910283,0.008349979074697624,0.008349979074697597,-0.5292523208481874,0.031234366925799104,,,
21.192684500012547,3749.48557983,odom,navigating,1,4,,0.7546107907224391,-0.02687952030941969,-1.1757312332939573,-7.789956187245318,-6.028797176276239,2.128012535656099,1.7098462727776027,0.30085647106170654,-0.635152706993652,0.635152706993652,0.04580395899984069,pixhawk_fused,True,0.8,0.2,gyro,-1.0,0.0028946197126060724,-1.2555534839630127,0.0,-0.971647890024019,0.030714319000253454,2,0.7769469619000953,0.030936238116582873,0.05155925111256602,0.7462062370044502,-0.02693555066753961,-1.5641297588910283,0.008404740483774119,0.008404740483774072,-0.388398525597071,0.03205761206648908,,,
21.513496899977326,3749.602456118,odom,navigating,1,4,,0.7545306185305115,-0.02801005351329154,-1.3114202475868488,-7.790059581678401,-6.027668529964668,1.9923235213632076,1.5833661330534357,0.43616172671318054,-0.7729605654607541,0.7729605654607541,0.03433657599998696,pixhawk_fused,True,0.8,0.2,gyro,-1.0,0.007715905085206032,-0.912764847278595,0.0,-0.9090007739100243,0.02096505800000159,2,0.778076935512442,0.03206621172892949,0.05344249861699749,0.746213769994468,-0.02806549917019849,-1.5641297588910283,0.00831703335284639,0.008317033352846382,-0.2527095113041795,0.03312725431479184,,,
21.513783399946988,3749.705104911,odom,navigating,1,4,,0.7542481192282573,-0.029464907644382976,-1.4562419050027202,-7.790015661919215,-6.026187153087138,1.847501863947337,1.5103527700531616,0.6076930165290833,-0.9345658663640743,0.9345658663640743,0.07596825500013438,pixhawk_fused,True,0.8,0.2,gyro,-1.0,0.02574027329683304,-0.47366422414779663,0.0,-0.2855486612926256,0.022563590000117983,2,0.7795298740276878,0.033519150244175414,0.05586400899833012,0.7462234560359933,-0.02951840539899807,-1.5641297588910283,0.008024841516131389,0.008024841516131342,-0.10788785388830813,0.034466382381251305,,,
21.513927099993452,3749.805196882,odom,navigating,1,4,,0.7540793913946793,-0.030133600932286717,-1.4932891260251573,-7.789957102240301,-6.025499991854881,1.8104546429249,1.4698025825565377,0.6404586434364319,-0.9707842902074582,0.9707842902074582,0.06636665699988953,pixhawk_fused,True,0.8,0.2,gyro,-1.0,0.010257878340780735,-0.26967039704322815,0.0,0.0,0.013286296999922342,2,0.780197427629008,0.03418670384549565,0.0569765736104805,0.7462279062944419,-0.0301859441662883,-1.5641297588910283,0.007851659575745441,0.007851659575745436,-0.07084063286587106,0.03507676264869696,,,
21.830588800017722,3749.905211022,odom,navigating,1,4,,0.7538447381699867,-0.030989921292051553,-1.5677398049474256,-7.789863772752032,-6.024617021696254,1.7360039640026308,1.4576489765112668,0.7270194292068481,-1.060110110891891,1.060110110891891,0.05180894800014357,pixhawk_fused,True,0.8,0.2,gyro,-1.0,0.005571414716541767,-0.07323100417852402,0.0,0.0,0.006820615999913571,2,0.7810521646399968,0.03504144085648445,0.05840110363959069,0.7462336044145583,-0.031040662183754415,-1.5641297588910283,0.007611302889854749,0.007611302889854715,0.0036100460563972536,0.03585853467418333,,,
21.83081710000988,,mission_status,reached,1,4,reached waypoint 1/4,0.7538447381699867,-0.030989921292051553,-1.5677398049474256,,,,,,,,,,,,,,,,,,,,,,,,,,,,,,,,,
21.830886199953966,,mission_status,navigating,2,4,going to waypoint 2/4,0.7538447381699867,-0.030989921292051553,-1.5677398049474256,,,,,,,,,,,,,,,,,,,,,,,,,,,,,,,,,
21.830996899981983,3750.021920573,odom,navigating,2,4,,0.753858059044568,-0.03094249751059354,-1.5729609411014707,-7.78986926272193,-6.0246659739278465,1.7307828278485866,1.4583279389331436,0.7330715656280518,-1.0667539752776747,1.0667539752776747,0.06262358900039544,pixhawk_fused,True,0.8,0.2,gyro,-1.0,0.0,0.0,0.28,-0.026112749041510206,0.004809909999949014,2,0.7810048307162226,0.03499410693271026,0.058322215519683564,0.7462332888620787,-0.030993329311810137,-1.5641297588910283,0.007624939619944076,0.007624939619944081,0.008831182210442323,0.5650706732251789,,,
21.831236899946816,3750.12628695,odom,navigating,2,4,,0.753858059044568,-0.03094249751059354,-1.571791535749533,-7.78986926272193,-6.0246659739278465,1.7319522332005235,1.4583279389331436,0.7322990298271179,-1.065302406642494,1.065302406642494,0.05154989899983775,pixhawk_fused,True,0.8,0.2,gyro,-1.0,0.0,0.0,0.28,-0.026112749041510206,0.007570004000172048,2,0.7810048307162226,0.03499410693271026,0.058322215519683564,0.7462332888620787,-0.030993329311810137,-1.5641297588910283,0.007624939619944076,0.007624939619944081,0.007661776858504554,0.5650706732251789,,,
22.14787999994587,3750.226461808,odom,navigating,2,4,,0.7534811695839798,-0.03232257254560787,-1.5677759685071795,-7.789720118539695,-6.02324315672923,1.735967800442877,1.4779279335459345,0.7321843504905701,-1.0650541904495576,1.0650541904495576,0.068669466999836,pixhawk_fused,True,0.8,0.2,gyro,-1.0,0.017922256141901016,0.23557119071483612,0.28,-0.0340532075147623,0.007246882999879745,2,0.7823823625433548,0.036371638759842416,0.06061805088024044,0.7462424722035209,-0.03237083052814427,-1.5641297588910283,0.007238858238613398,0.007238858238613351,0.0036462096161511415,0.5636881768879616,,,
22.148051199968904,3750.326988157,odom,navigating,2,4,,0.7526488643957879,-0.03578378772653393,-1.5587634449803591,-7.789457514979565,-6.019692976195064,1.7449803239696973,1.5239866163046314,0.7321843504905701,-1.0650541904495576,1.0650541904495576,0.16907318899984602,pixhawk_fused,True,0.8,0.2,gyro,-1.0,0.053167350590229034,0.6252732872962952,0.28,-0.038227079740297376,0.007566726000277413,2,0.7858379522329975,0.03982722844948508,0.06637723904910757,0.7462655089561965,-0.035826343429464544,-1.5641297588910283,0.0063834972903584536,0.006383497290358504,-0.005366313910669218,0.5602224745372293,,,
22.148167100036517,3750.441869052,odom,navigating,2,4,,0.750877106249207,-0.0460533434146808,-1.5307103594828675,-7.789366930476246,-6.009272098333306,1.773033409467189,1.60182172738224,0.7140709161758423,-1.0492213875876286,1.0492213875876286,0.1073197059999984,pixhawk_fused,True,0.8,0.2,gyro,-1.0,0.1163024753332138,0.5775037407875061,0.28,-0.11165144660961658,0.026232660000005126,2,0.7960954682578992,0.05008474447438685,0.08347271919527273,0.746333890876781,-0.04608363151716363,-1.5641297588910283,0.004543316331645821,0.00454331633164577,-0.033419399408160855,0.5499473560303235,,,
22.45921260002069,3750.544331979,odom,navigating,2,4,,0.7492902938546605,-0.060236551672921954,-1.4320390050069687,-7.790090691507824,-5.995018763985116,1.8717047639430877,1.645782186265995,0.6004266142845154,-0.9371263225899555,0.9371263225899555,0.09643560399990747,pixhawk_fused,True,0.8,0.2,gyro,-1.0,0.1654578447341919,0.40777266025543213,0.28,-0.5912427956804499,0.02566691600031845,2,0.8102677828300189,0.06425705904650647,0.10709271859909508,0.7464283708743964,-0.06025563115945705,-1.5641297588910283,0.0028619865778459273,0.002861986577845946,-0.13209075388405966,0.5357639183876928,,,
22.459359199972823,3750.644834569,odom,navigating,2,4,,0.7477799275380383,-0.07829387513176937,-1.3972345404366884,-7.791515338696406,-5.976954475532595,1.906509228513368,1.6450803170167432,0.5488210916519165,-0.8936922272072652,0.8936922272072652,0.003774900999815145,pixhawk_fused,True,0.8,0.2,gyro,-1.0,0.19900645315647125,-0.169854074716568,0.28,-0.5302337812767778,0.025822522999987996,2,0.82831463614336,0.08230391235984758,0.13717013907496828,0.7465486805562999,-0.07830208344498096,-1.5641297588910283,0.0012312743424785213,0.0012312743424785107,-0.16689521845433997,0.5177108850003218,,,
22.45946509996429,3750.747548897,odom,navigating,2,4,,0.7457332654698993,-0.09935182789322768,-1.4015718205607453,-7.792895151130819,-5.955842338791592,1.9021719483893111,1.6227796584606378,0.5488210916519165,-0.8936922272072652,0.8936922272072652,0.10643424799991408,pixhawk_fused,True,0.8,0.2,gyro,-1.0,0.23043988645076752,-0.2391248196363449,0.28,-0.6399358716599199,0.02844967600003656,2,0.8493584768553218,0.10334775307180946,0.17224242755270933,0.7466889697102108,-0.09934545653162559,-1.5641297588910283,0.000955725477947586,-0.0009557254779476057,-0.1625579383302831,0.49666649965600507,,,
22.777135099982843,3750.863733831,odom,navigating,2,4,,0.7422184300020971,-0.1265734805637112,-1.455681962429388,-7.793821126053648,-5.928410331702783,1.8480618065206684,1.578117128309078,0.6134029030799866,-0.9500809726940014,0.9500809726940014,0.002429343000130757,pixhawk_fused,True,0.8,0.2,gyro,-1.0,0.2535476088523865,-0.3702937960624695,0.28,-0.4046716394553977,0.04773924099981741,2,0.8765560929046009,0.1305453691210885,0.2175707803493042,0.7468702831213972,-0.1265424682095825,-1.5641297588910283,0.0046519564926653465,-0.004651956492665311,-0.10844779646164038,0.4694910116090623,,,
22.77741270000115,3750.966790168,odom,navigating,2,4,,0.7381368865315537,-0.15081525955491779,-1.4606704586900712,-7.7937067516807685,-5.903827618991138,1.8430733102599852,1.5524136192726021,0.6134029030799866,-0.9500809726940014,0.9500809726940014,0.10457564799980901,pixhawk_fused,True,0.8,0.2,gyro,-1.0,0.2638707458972931,-0.16836559772491455,0.28,-0.0989471846047342,0.04926544099998864,2,0.9007701235224133,0.15475939973890085,0.25792660125960204,0.7470317064050384,-0.15075596075576123,-1.5641297588910283,0.008895017533952268,-0.00889501753395232,-0.10345930020095717,0.4453427742608163,,,
22.777726299944334,3751.069081951,odom,navigating,2,4,,0.7335013426669971,-0.17586482637158216,-1.4878587521155389,-7.79317605459061,-5.878358276140934,1.8158850168345184,1.5483547846030705,0.6439809799194336,-0.9828409945593692,0.9828409945593692,0.02904977099979078,pixhawk_fused,True,0.8,0.2,gyro,-1.0,0.26115289330482483,0.0,0.28,-0.010904870651729756,0.05029752500013274,2,0.9257882307615525,0.17977750697804004,0.29962252009248835,0.74719849008037,-0.175773512055493,-1.5641297588910283,0.013697451791044606,-0.013697451791044573,-0.07627100677548948,0.42045899896847566,,,
23.11153779993765,3751.18537129,odom,navigating,2,4,,0.7277871220054437,-0.20669213859689195,-1.4936762790672429,-7.792513598222894,-5.847012835509695,1.8100674898828135,1.5558087497039503,0.6531054973602295,-0.9918707800732471,0.9918707800732471,0.09265372200025013,pixhawk_fused,True,0.8,0.2,gyro,-1.0,0.2727104425430298,0.13526494801044464,0.28,0.37078139004378713,0.012266010000075767,2,0.9565767640004263,0.21056604021691389,0.35093560187924133,0.747403742407517,-0.20656136112754478,-1.5641297588910283,0.019617056322127558,-0.019617056322127572,-0.07045347982378547,0.38994105054362077,,,
23.1119505999377,3751.285470242,odom,navigating,2,4,,0.7234141998105811,-0.23278877820989957,-1.4867969432055332,-7.792411118784795,-5.820552553092867,1.816946825744524,1.5882719250902253,0.65130215883255,-0.9912128122236126,0.9912128122236126,0.051742783000008785,pixhawk_fused,True,0.8,0.2,gyro,-1.0,0.2675783336162567,0.40581533312797546,0.28,0.3834403877579711,0.00968348500009597,2,0.9826436715406256,0.23663294775711322,0.3943794823707337,0.7475775179294829,-0.23262768942244022,-1.5641297588910283,0.024163855075560566,-0.024163855075560594,-0.0773328156854951,0.3641829161368902,,,
23.11205939995125,3751.404578137,odom,navigating,2,4,,0.7194369375857032,-0.2653479908060247,-1.4316182357235956,-7.793742436485107,-5.787778347795622,1.8721255332264608,1.6424404909577948,0.5929136872291565,-0.9357877747799748,0.9357877747799748,0.06199958700017305,pixhawk_fused,True,0.8,0.2,gyro,-1.0,0.2920191287994385,0.4415763020515442,0.28,0.4795024791223839,0.029358577000039077,2,1.0151756461305155,0.26916492234700296,0.4485982351727636,0.747794392940691,-0.2651589411036581,-1.5641297588910283,0.028358085513660775,-0.028358085513660765,-0.13251152316743275,0.33206151834886394,,,
23.43172210000921,3751.50499471,odom,navigating,2,4,,0.7174880246569445,-0.2932217047324493,-1.386357392688879,-7.796319062357327,-5.759955637849058,1.9173863762611774,1.6897656520400524,0.5485407710075378,-0.8910303879465454,0.8910303879465454,0.0478359039998395,pixhawk_fused,True,0.8,0.2,gyro,-1.0,0.29980194568634033,0.3397080600261688,0.28,0.3065754956529439,0.03049182499989911,2,1.0430357481975812,0.2970250244140687,0.495030706796635,0.7479801228271865,-0.293018424077981,-1.5641297588910283,0.030492775764894824,-0.030492775764894852,-0.1777723662021493,0.3045188411672282,,,
23.43185239995364,3751.605288767,odom,navigating,2,4,,0.716640997338219,-0.3203503703762123,-1.3810647995909235,-7.799862837926612,-5.73304609289556,1.9226789693591329,1.71670509949769,0.5485407710075378,-0.8910303879465454,0.8910303879465454,0.14777965599978415,pixhawk_fused,True,0.8,0.2,gyro,-1.0,0.28168967366218567,0.23787076771259308,0.28,0.1832004530272283,0.029668142999980773,2,1.070158164278892,0.3241474404953796,0.5402337290983741,0.7481609349163935,-0.3201402374590244,-1.5641297588910283,0.03152063801344927,-0.0315206380134493,-0.1830649593001048,0.27766083874093594,,,
23.431954800034873,3751.725504892,odom,navigating,2,4,,0.716468233527967,-0.35221585126096344,-1.329558719791157,-7.804836750654378,-5.701570722976731,1.9741850491588995,1.7437283994089314,0.48739176988601685,-0.8335401339169137,0.8335401339169137,0.07321477200002846,pixhawk_fused,True,0.8,0.2,gyro,-1.0,0.2714553475379944,0.20205222070217133,0.23945102229856227,0.03356038011168201,0.006614250999973592,2,1.1020217853323078,0.3560110615487953,0.5933385840926235,0.7483733543363705,-0.3520031504555741,-1.5641297588910283,0.03190582980321057,-0.03190582980321053,-0.23457103909987143,0.24607943948886027,,,
23.75185000000056,3751.826778071,odom,navigating,2,4,,0.716925620165414,-0.376987359313737,-1.308394688371374,-7.809287286251848,-5.677198001613691,1.9953490805786824,1.759940929634768,0.4646093547344208,-0.8111696482684009,0.8111696482684009,0.07170936700003949,pixhawk_fused,True,0.8,0.2,gyro,-1.0,0.2509990334510803,0.13465909659862518,0.2111901585731395,0.04838006448352238,0.008351706000212289,2,1.126795792101964,0.3807850683184516,0.6346276778501618,0.7485385107114007,-0.3767766067100971,-1.5641297588910283,0.031613593046860025,-0.031613593046860025,-0.2557350705196544,0.22149593987658692,,,
23.75201429997105,3751.944527353,odom,navigating,2,4,,0.7176994199507664,-0.4031118936402547,-1.2970341451738179,-7.814268518939477,-5.651541084791966,2.0067096237762385,1.7619625782713746,0.4526286721229553,-0.7975373328711383,0.7975373328711383,0.010015902999839454,pixhawk_fused,True,0.8,0.2,gyro,-1.0,0.20675994455814362,-0.13588319718837738,0.19831640573938372,0.11262761542381002,0.026026295000065147,2,1.1529249044532277,0.4069141806697153,0.6781752307229564,0.7487127009228918,-0.4029051384337738,-1.5641297588910283,0.031013970148489584,-0.031013970148489643,-0.26709561371721047,0.19557389663900795,,,
23.75212289998308,3752.044696099,odom,navigating,2,4,,0.7182364452265166,-0.42210865097222633,-1.2974307977761885,-7.817865364217779,-5.632880219610508,2.0063129711738688,1.7599332691801894,0.4526286721229553,-0.7975373328711383,0.7975373328711383,0.11017594500026462,pixhawk_fused,True,0.8,0.2,gyro,-1.0,0.18096041679382324,0.0,0.17516134211201145,0.19829741593781863,0.026565761999790993,2,1.171924819738056,0.4259140959545436,0.70984105252056,0.7488393642100822,-0.421904631512336,-1.5641297588910283,0.03060359904087579,-0.03060359904087579,-0.2666989611148398,0.17676856247236689,,,
24.091360199963674,3752.166896411,odom,navigating,2,4,,0.7187376964702945,-0.44129008692165284,-1.3018801842391916,-7.821456719526181,-5.614031322960036,2.0018635847108657,1.757903845864036,0.4582240879535675,-0.8025747019286744,0.8025747019286744,0.07443749899994145,pixhawk_fused,True,0.8,0.2,gyro,-1.0,0.1510627120733261,0.0336044579744339,0.155748838225129,0.1749075909650786,0.04882178599973486,2,1.1911091710482598,0.4450984472647473,0.7418142608630529,0.7489672570434522,-0.44108855651783174,-1.5641297588910283,0.030230232333706548,-0.030230232333706517,-0.26224957465183674,0.1578369057815477,,,
24.09149639995303,3752.268352252,odom,navigating,2,4,,0.7190734354063364,-0.45541322879800517,-1.3036584170258223,-7.824068115207757,-5.600147646584991,2.000085351924235,1.757888523032967,0.4603389799594879,-0.8047814820345036,0.8047814820345036,0.016996272999676876,pixhawk_fused,True,0.8,0.2,gyro,-1.0,0.14087381958961487,0.10099925845861435,0.14731444539611394,0.15708855936427088,0.049727854000138905,2,1.2052342372973122,0.4592235135137998,0.765355514811643,0.7490614220592465,-0.45521330888698575,-1.5641297588910283,0.029988653045209257,-0.0299886530452093,-0.26047134186520604,0.1439482290080989,,,
24.091635999968275,3752.385119449,odom,navigating,2,4,,0.7194575226742465,-0.4708617701807163,-1.3027352344752625,-7.826941199454479,-5.584963762339056,2.0010085344747948,1.758567523864741,0.45943477749824524,-0.8037989306288317,0.8037989306288317,0.031176102999779687,pixhawk_fused,True,0.8,0.2,gyro,-1.0,0.12584403157234192,0.03375718370079994,0.12454034448788615,0.11668593281105952,0.01156084300009752,2,1.2206849959154327,0.4746742721319203,0.7911062069439323,0.7491644248277757,-0.4706637241663594,-1.5641297588910283,0.02970756229957554,-0.029707562299575593,-0.2613945244157658,0.12881156579864259,,,
24.411812499980442,3752.485311953,odom,navigating,2,4,,0.71975405111187,-0.4819657005105249,-1.299634252142944,-7.82902647302081,-5.574053362161376,2.0041095168071124,1.7619550764671998,0.4560505449771881,-0.8007676235890493,0.8007676235890493,0.012621962999673997,pixhawk_fused,True,0.8,0.2,gyro,-1.0,0.11320918053388596,0.06767473369836807,0.11805366343364031,0.1024191493683538,0.010411559000203852,2,1.231790656311781,0.4857799325282686,0.8096152296308009,0.7492384609185232,-0.4817691377784805,-1.5641297588910283,0.02948506500848011,-0.029485065008480114,-0.2644955067480843,0.11797728122057513,,,
24.411972200032324,3752.585489587,odom,navigating,2,4,,0.7200936294792226,-0.4924267360930998,-1.2983070045974916,-7.831050441923279,-5.563784373466801,2.005436764352565,1.768737598797751,0.4560505449771881,-0.8007676235890493,0.8007676235890493,0.11269932300001528,pixhawk_fused,True,0.8,0.2,gyro,-1.0,0.10548761487007141,0.10145383328199387,0.10616712772902719,0.0742035152727401,0.012364303000140353,2,1.2422537232401234,0.49624299945661093,0.827053287003291,0.7493082131480132,-0.49223197220197457,-1.5641297588910283,0.029215232874547695,-0.029215232874547643,-0.26582275429353674,0.10780450822694947,,,
24.412091100006364,3752.704503187,odom,navigating,2,4,,0.7205365121934704,-0.5039792461149387,-1.288466040829766,-7.8333525693005885,-5.552454905586891,2.0152777281202905,1.7714612225273296,0.44516974687576294,-0.7891953706300363,0.7891953706300363,0.04772505500022817,pixhawk_fused,True,0.8,0.2,gyro,-1.0,0.09562894701957703,-0.03400321677327156,0.09537259108920276,0.039608233524490465,0.031023126000036427,2,1.2538089290338925,0.5077982052503801,0.8463115353699199,0.7493852461414797,-0.5037869212219519,-1.5641297588910283,0.02884937502386299,-0.02884937502386295,-0.27566371806126244,0.09662254529508388,,,
24.713644700008444,3752.804662655,odom,navigating,2,4,,0.7208752692365943,-0.5127109992284508,-1.2888612729230005,-7.835096549738249,-5.543892382535672,2.014882496027056,1.769439538322245,0.44516974687576294,-0.7891953706300363,0.7891953706300363,0.14784459800011973,pixhawk_fused,True,0.8,0.2,gyro,-1.0,0.0852908194065094,-0.10194312781095505,0.09018104227541233,0.051399109474599185,0.029477406999831146,2,1.2625427464450172,0.5165320226615048,0.8608675742578574,0.7494434702970314,-0.5125205445547144,-1.5641297588910283,0.02856883590229585,-0.028568835902295878,-0.2752684859680279,0.08823439007305484,,,
24.713983200024813,3752.904694366,odom,navigating,2,4,,0.7211690740813719,-0.5210997678367868,-1.2888452878985746,-7.836740795722758,-5.535661087668311,2.014898481051482,1.7667538653053558,0.44515153765678406,-0.78852321097036,0.78852321097036,0.07064448699975401,pixhawk_fused,True,0.8,0.2,gyro,-1.0,0.08530133962631226,-0.03397594392299652,0.0809510048388144,0.11207844430787232,0.029607459000089875,2,1.2709332872979269,0.5249225635144145,0.8748514982622928,0.7494994059930492,-0.5209108989573756,-1.5641297588910283,0.028330961467613713,-0.02833096146761368,-0.2752844709924538,0.08025750474210282,,,
24.71412869996857,3753.004713578,odom,navigating,2,4,,0.7214746583186727,-0.5294788739403948,-1.290617151433592,-7.838395106652081,-5.527441230238238,2.0131266175164644,1.7735365057646342,0.44846051931381226,-0.7923742070851394,0.7923742070851394,0.06236029900037465,pixhawk_fused,True,0.8,0.2,gyro,-1.0,0.08035174757242203,0.10223419219255447,0.07186581145905412,0.19096571252438804,0.03378586799999539,2,1.2793142443883618,0.5333035206048494,0.8888194496842128,0.7495552777987369,-0.5292916698105277,-1.5641297588910283,0.02808124348689702,-0.028081243486896997,-0.27351260745743633,0.07237924654398072,,,
25.028877999982797,3753.104714883,odom,navigating,2,4,,0.7217621121423011,-0.536376198460824,-1.2898435926159255,-7.839792303991172,-5.520680789806101,2.013900176334131,1.7774885185416351,0.44846051931381226,-0.7923742070851394,0.7923742070851394,0.16227531000004092,pixhawk_fused,True,0.8,0.2,gyro,-1.0,0.05426903814077377,-0.03396739810705185,0.05450451070819982,0.1876498984473585,0.02897464299985586,2,1.2862133319562616,0.5402026081727492,0.900317673450801,0.7496012706938032,-0.5361906040704806,-1.5641297588910283,0.027839777192596196,-0.027839777192596175,-0.2742861662751028,0.06597253989840793,,,
25.029039299930446,3753.204957071,odom,navigating,2,4,,0.7220243045894285,-0.5418466678710512,-1.284246369773843,-7.8409342177299965,-5.515324409175428,2.0194973991762133,1.7862547072213475,0.44345584511756897,-0.7875487888326415,0.7875487888326415,0.06803859299998294,pixhawk_fused,True,0.8,0.2,gyro,-1.0,0.051689986139535904,0.20382489264011383,0.05,0.26006741051962823,0.030321643999741354,2,1.2916854277153593,0.545674703931847,0.9094376303858396,0.7496377505215434,-0.5416625782315038,-1.5641297588910283,0.027614059557428742,-0.027614059557428742,-0.27988338911718524,0.06095262844515659,,,
25.029148799949326,3753.321929613,odom,navigating,2,4,,0.7223194475654182,-0.546968353534941,-1.2746683376291887,-7.8420523415992625,-5.510317556628274,2.0290754313208677,1.7957303497133603,0.4338878095149994,-0.7779458110054501,0.7779458110054501,0.0697931019999487,pixhawk_fused,True,0.8,0.2,gyro,-1.0,0.048663076013326645,0.03366474434733391,0.05,0.36616518693612804,0.0045116769997548545,2,1.2968089671439225,0.5507982433604101,0.9179766730123835,0.7496719066920495,-0.54678600380743,-1.5641297588910283,0.027353066952302805,-0.027353066952302812,-0.2894614212618396,0.05630555335096319,,,
25.348070699954405,3753.426205768,odom,navigating,2,4,,0.7226722866420557,-0.5519923908996519,-1.2640142661444305,-7.843211640242765,-5.505416386001659,2.039729502805627,1.816024538760992,0.42477327585220337,-0.7696428770964512,0.7696428770964512,0.06704023100019185,pixhawk_fused,True,0.8,0.2,gyro,-1.0,0.046096380800008774,0.1346573531627655,0.05,0.41224723857495404,0.00814410000020871,2,1.3018352450753201,0.5558245212918078,0.9263536167458095,0.7497054144669832,-0.5518121700474857,-1.5641297588910283,0.027033728554426695,-0.02703372855442669,-0.3001154927465979,0.05180225454652532,,,
25.348238099948503,3753.528090079,odom,navigating,2,4,,0.7231168708507781,-0.5567106402303315,-1.2586927295567651,-7.844412113660503,-5.500831803639175,2.045051039393292,1.8430936129584907,0.42477327585220337,-0.7696428770964512,0.7696428770964512,0.1691853870001978,pixhawk_fused,True,0.8,0.2,gyro,-1.0,0.05634480342268944,0.2692928612232208,0.0,0.0,0.004442900999947597,2,1.3065563533883722,0.5605456296048598,0.934221955750861,0.7497368878230034,-0.5565331734505166,-1.5641297588910283,0.02662060852158529,-0.026620608521585324,-0.3054370293342632,0.04760626454537459,,,
25.348340700031258,,mission_status,reached,2,4,reached waypoint 2/4,0.7231168708507781,-0.5567106402303315,-1.2586927295567651,,,,,,,,,,,,,,,,,,,,,,,,,,,,,,,,,
25.348384300014004,,mission_status,turning,3,4,aligning for waypoint 3/4,0.7231168708507781,-0.5567106402303315,-1.2586927295567651,,,,,,,,,,,,,,,,,,,,,,,,,,,,,,,preturn,3.0201769059674173,
25.348436099942774,3753.644656169,odom,turning,3,4,,0.723664470220507,-0.5616209742440708,-1.2256957691422574,-7.845745261350782,-5.496074287224897,2.078047999807799,1.8268583700636547,0.37687039375305176,-0.7246346305405268,0.7246346305405268,0.025947796999844286,pixhawk_fused,True,0.8,0.2,gyro,-1.0,0.03618299216032028,-0.47559136152267456,0.0,-1.6,0.030013244000201666,2,1.3114702288685567,0.5654595050850443,0.9424115662285133,0.749769646264914,-0.5614469397371079,-1.5641297588910283,0.026105756152984726,-0.026105756152984733,-0.3384339897487709,0.7299422976469626,preturn,3.0201769059674173,-2.037312632069911
25.672150400001556,3753.765384963,odom,turning,3,4,,0.7240051109086527,-0.5669916272001627,-1.242172608572636,-7.84694847975347,-5.490829078484663,2.0615711603774205,1.7531278353067419,0.3904072046279907,-0.7273236419355044,0.7273236419355044,0.10648315200023717,pixhawk_fused,True,0.8,0.2,gyro,-1.0,0.048869844526052475,-0.6423481106758118,0.0,-1.6,0.023110574999918754,3,1.3753410018512193,0.029316944882518525,0.03859564746171597,0.7208988818138662,-0.5924492004335221,3.0201769059674173,0.025646377797286603,-0.0256463777972866,-2.0208357926395326,0.7307252470022122,preturn,3.0201769059674173,-2.0208357926395326
25.672514299978502,3753.867160499,odom,turning,3,4,,0.7239625729823735,-0.5721711857079717,-1.3035302175573502,-7.847742695398742,-5.485710596549578,2.000213551392706,1.682143879171628,0.45126765966415405,-0.7863849644457468,0.7863849644457468,0.03180428999985452,pixhawk_fused,True,0.8,0.2,gyro,-1.0,0.053857892751693726,-0.7079113125801086,0.0,-1.6,0.012617481999768643,3,1.3747558906483714,0.028731833679670787,0.03782535076806295,0.7214796855208805,-0.5925200677293382,3.0201769059674173,0.020499798283542536,-0.02049979828354253,-1.9594781836548183,0.7311476035821688,preturn,3.0201769059674173,-1.9594781836548183
25.672700499999337,3753.967206172,odom,turning,3,4,,0.7235573275708549,-0.5772895555385235,-1.4264763454539473,-7.848169083060835,-5.48059394460446,1.877267423496109,1.611793263428369,0.5854253172874451,-0.9219555382525094,0.9219555382525094,0.013026990000071237,pixhawk_fused,True,0.8,0.2,gyro,-1.0,0.051311127841472626,-0.6744364500045776,0.0,-1.6,0.011499215000185359,3,1.374538227764808,0.028514170796107186,0.0375387984020785,0.7216957460048328,-0.5925464305470087,3.0201769059674173,0.015370026706271392,-0.015370026706271413,-1.8365320557582212,0.7312393752069691,preturn,3.0201769059674173,-1.8365320557582212
25.989113499992527,3754.070946822,odom,turning,3,4,,0.7228020808675389,-0.5823200733924827,-1.4399626378641255,-7.848235877694597,-5.475507487493782,1.863781131085931,1.5420910903401994,0.5854253172874451,-0.9219555382525094,0.9219555382525094,0.11652122100031193,pixhawk_fused,True,0.8,0.2,gyro,-1.0,0.056878987699747086,-0.7476207613945007,0.0,-1.6,0.004054948999964836,3,1.3746786299443114,0.02865457297561062,0.037723637342312086,0.7215563774438967,-0.5925294253645073,3.0201769059674173,0.01028506901816199,-0.010285069018161994,-1.823045763348043,0.7310097801326522,preturn,3.0201769059674173,-1.823045763348043
25.989355099969544,3754.181595457,odom,turning,3,4,,0.721265809405001,-0.588900052771212,-1.521924758975894,-7.847782040183012,-5.468765804458798,1.7818190099741624,1.4494778992788089,0.6644448041915894,-1.0013878457938798,1.0013878457938798,0.04385456499994689,pixhawk_fused,True,0.8,0.2,gyro,-1.0,0.05899308994412422,-0.7754086256027222,0.0,-1.6,0.01921821500036458,3,1.3754066399589089,0.029382582990208145,0.03868205978314286,0.7208337269235103,-0.5924412504999508,3.0201769059674173,0.003567460809152001,-0.003567460809152062,-1.7410836422362745,0.7302181271732754,preturn,3.0201769059674173,-1.7410836422362745
25.989546100026928,3754.285484288,odom,turning,3,4,,0.719508939825405,-0.5943007603013803,-1.6419941109926715,-7.846920114908996,-5.463152310237892,1.6617496579573858,1.3716427413539038,0.7967777252197266,-1.1315373735224374,1.1315373735224374,0.03162118399995961,pixhawk_fused,True,0.8,0.2,gyro,-1.0,0.061721071600914,-0.8112654089927673,0.0,-1.6,0.02499265500000547,3,1.3764964547211456,0.030472397752444917,0.040116796810838594,0.7197519352046277,-0.5923092546934028,3.0201769059674173,0.0020062754897893884,0.002006275489789356,-1.621014290219497,0.7291223582625134,preturn,3.0201769059674173,-1.621014290219497
26.351226300001144,3754.405134981,odom,turning,3,4,,0.7167322763046301,-0.6008345167685081,-1.6606516760067525,-7.84523469415025,-5.4562559930507755,1.643092092943304,1.2743528054868825,0.7967777252197266,-1.1315373735224374,1.1315373735224374,0.15105734500002654,pixhawk_fused,True,0.8,0.2,gyro,-1.0,0.061459969729185104,-0.8078334331512451,0.0,-1.6,0.01067934700040496,3,1.378461323635048,0.0324372666663472,0.04270353933170329,0.7178015313438957,-0.5920712743814833,3.0201769059674173,0.008828234448220215,0.00882823444822027,-1.602356725205416,0.7272083179839489,preturn,3.0201769059674173,-1.602356725205416
26.351522799930535,3754.525479656,odom,turning,3,4,,0.7134044845439439,-0.6069512927170441,-1.7414323987299039,-7.842938056742838,-5.449682211595178,1.5623113702201534,1.178916760066188,0.8739141821861267,-1.2088958816324837,1.2088958816324837,0.09199001599972689,pixhawk_fused,True,0.8,0.2,gyro,-1.0,0.06458653509616852,-0.848929226398468,0.0,-1.6,0.029100601999743958,3,1.3810237671720982,0.03499971020339744,0.04607698659207988,0.7152579521095718,-0.5917609172335286,3.0201769059674173,0.01530303399156589,0.015303033991565905,-1.5215760024822647,0.7247538638157595,preturn,3.0201769059674173,-1.5215760024822647
26.351644399925135,3754.644677713,odom,turning,3,4,,0.7094270575688453,-0.6128338488619535,-1.9224096310381338,-7.839962493058016,-5.443234699447239,1.3813341379119226,1.0816114243268338,1.0738662481307983,-1.4096466420089373,1.4096466420089373,0.030282199999874138,pixhawk_fused,True,0.8,0.2,gyro,-1.0,0.06145385280251503,-0.8077530264854431,0.0,-1.6,0.0098347409998496,3,1.3842594315651673,0.03823537459646659,0.05033672657248249,0.7120461081643482,-0.5913690211553316,3.0201769059674173,0.02162402031299371,0.021624020312993757,-1.3405987701740347,0.7216806586915344,preturn,3.0201769059674173,-1.3405987701740347
26.686715099960566,3754.74790582,odom,turning,3,4,,0.7057070583041527,-0.6174034767333705,-1.9637575443322142,-7.837029019142413,-5.438124452467002,1.3399862246178422,1.0008694943556626,1.1055564880371094,-1.441615846613563,1.441615846613563,0.0704104369997367,pixhawk_fused,True,0.8,0.2,gyro,-1.0,0.057735852897167206,-0.7588834166526794,0.0,-1.6,0.02019841199989969,3,1.3873985821812411,0.04137452521254029,0.054469406529167014,0.708930067477008,-0.5909888145993166,3.0201769059674173,0.026610564890368792,0.026610564890368813,-1.2992508568799543,0.7187102734356523,preturn,3.0201769059674173,-1.2992508568799543
26.686853699968196,3754.86958333,odom,turning,3,4,,0.7006504072373019,-0.62258332375889,-2.0438472835384776,-7.832874941919445,-5.4321961999719335,1.2598964854115797,0.9016645036427614,1.1818106174468994,-1.5171979244147904,1.5171979244147904,0.017166491999887512,pixhawk_fused,True,0.8,0.2,gyro,-1.0,0.062031105160713196,-0.8153404593467712,0.0,-1.6,0.00407083700019939,3,1.391790636069046,0.045766579100345255,0.06025152892172434,0.7045703471930198,-0.5904568593392013,3.0201769059674173,0.03236472841483391,0.032364728414833906,-1.219161117673691,0.7145587457259208,preturn,3.0201769059674173,-1.219161117673691
26.686962299980223,3754.982650918,odom,turning,3,4,,0.6948621248713682,-0.6274237488978583,-2.19329699124755,-7.827944033955883,-5.426484801287844,1.1104467777025064,0.7982480611989208,1.3428012132644653,-1.677551404217399,1.677551404217399,0.031412708000061684,pixhawk_fused,True,0.8,0.2,gyro,-1.0,0.06403673440217972,-0.8417025804519653,0.0,-1.6,0.014401656999780243,3,1.3969500450847832,0.050925988116082295,0.06704387144855176,0.699448920927792,-0.5898319638267332,3.0201769059674173,0.0378705822888544,0.03787058228885438,-1.0697114099646186,0.7096771740529109,preturn,3.0201769059674173,-1.0697114099646186
27.032293800031766,3755.102431329,odom,turning,3,4,,0.6890212631811913,-0.6313840449894272,-2.211735259808856,-7.822819147055917,-5.421633497887806,1.0920085091412002,0.7015302184514889,1.3428012132644653,-1.677551404217399,1.677551404217399,0.15103217900013988,pixhawk_fused,True,0.8,0.2,gyro,-1.0,0.06147526949644089,-0.8080345392227173,0.0,-1.6,0.010956581000300503,3,1.402268245508955,0.05624418854025419,0.07404526226620416,0.694169872251282,-0.5891878358715092,3.0201769059674173,0.042509154770233745,0.0425091547702338,-1.0512731414033123,0.7046312270536429,preturn,3.0201769059674173,-1.0512731414033123
27.032548499992117,3755.204996547,odom,turning,3,4,,0.6841059934840751,-0.6341240272150601,-2.3523672494615337,-7.818410701227666,-5.418135929565163,0.9513765194885231,0.6244123103296659,1.4965615272521973,-1.8331063656603463,1.8331063656603463,0.05393451999998433,pixhawk_fused,True,0.8,0.2,gyro,-1.0,0.05900779739022255,-0.7756019234657288,0.0,-1.6,0.011071410999647924,3,1.406815469553199,0.060791412584498265,0.08003166558498018,0.689656124148925,-0.5886370867661818,3.0201769059674173,0.0458242916126012,0.04582429161260116,-0.9106411517506352,0.7003014498966653,preturn,3.0201769059674173,-0.9106411517506352
27.0327078999253,3755.325269778,odom,turning,3,4,,0.6780303549937317,-0.6368670364538005,-2.4285857270368942,-7.8128575966756415,-5.41444804228605,0.8751580419131626,0.531699934043528,1.5693495273590088,-1.905417684117473,1.905417684117473,0.06307492700034345,pixhawk_fused,True,0.8,0.2,gyro,-1.0,0.054290853440761566,-0.7815642952919006,0.0,-1.6,0.03016794499990283,3,1.412514153315011,0.0664900963463102,0.08753396128284636,0.6839993931927338,-0.5879468755619781,3.0201769059674173,0.04928297432889918,0.04928297432889918,-0.8344226741752747,0.6948518219799752,preturn,3.0201769059674173,-0.8344226741752747
27.35393280000426,3755.430893822,odom,turning,3,4,,0.673635481547203,-0.6383528704091279,-2.4462210543996874,-7.8087602491416215,-5.412272184216399,0.8575227145503694,0.438377157115112,1.5693495273590088,-1.905417684117473,1.905417684117473,0.16821268800003963,pixhawk_fused,True,0.8,0.2,gyro,-1.0,0.05944647639989853,-0.7813679575920105,0.0,-1.6,0.005343877999621327,3,1.4166967116786968,0.07067265470999613,0.09304028360735066,0.6798476261600576,-0.5874402939081237,3.0201769059674173,0.051290166568862164,0.051290166568862136,-0.8167873468124816,0.6908259836159042,preturn,3.0201769059674173,-0.8167873468124816
27.35406529996544,3755.542388063,odom,turning,3,4,,0.6694617167901102,-0.6393315608549581,-2.531559260612782,-7.804799235860073,-5.410632513206805,0.7721845083372747,0.3050839999127347,1.6445598602294922,-1.9798633212243684,1.9798633212243684,0.10400308699991001,pixhawk_fused,True,0.8,0.2,gyro,-1.0,0.007752719335258007,-1.4605982303619385,0.0,-1.6,0.02717106000000058,3,1.4207212131517974,0.07469715618309677,0.09833852463101102,0.6758527524282177,-0.586952855733947,3.0201769059674173,0.052767168643782676,0.05276716864378267,-0.7314491405993868,0.6869245339521088,preturn,3.0201769059674173,-0.7314491405993868
27.354165200027637,3755.644613512,odom,turning,3,4,,0.6664735896619145,-0.6396540035207541,-2.7715207809352242,-7.8019023617437915,-5.40983189259665,0.5322229880148326,0.18263984075446077,1.905186653137207,-2.2469072785770066,2.2469072785770066,0.011505177999879379,pixhawk_fused,True,0.8,0.2,gyro,-1.0,0.012923149392008781,-1.4608182907104492,0.0,-1.4292507319151604,0.028657372999987274,3,1.4236482886632047,0.07762423169450398,0.1021920085115725,0.6729472255822744,-0.5865983352169353,3.0201769059674173,0.05344915248340442,0.053449152483404386,-0.4914876202769447,0.6840590932845949,preturn,3.0201769059674173,-0.4914876202769447
27.688847800018266,3755.744816569,odom,turning,3,4,,0.6638608709958473,-0.6395575908579259,-2.833158568046233,-7.799308350966895,-5.409505239387708,0.47058520090382405,0.05481696345331056,1.9559175968170166,-2.293131014386333,2.293131014386333,0.0070838689998709015,pixhawk_fused,True,0.8,0.2,gyro,-1.0,0.03359680622816086,-1.1209805011749268,0.0,-1.025354924829805,0.028963234999991982,3,1.4262534501844946,0.08022939321579381,0.10562169383722475,0.6703612428467325,-0.5862828041669753,3.0201769059674173,0.05366989594890287,0.05366989594890289,-0.42984983316593617,0.6814792758745761,preturn,3.0201769059674173,-0.42984983316593617
27.68900449993089,3755.868516691,odom,turning,3,4,,0.6613279774762809,-0.6391432414731928,-3.045352893053533,-7.796741790039488,-5.409505239387708,0.25839087589652365,-0.06811547607097365,2.1852095127105713,-2.5262007685100207,2.5262007685100207,0.008811138000055507,pixhawk_fused,True,0.8,0.2,gyro,-1.0,0.007678674533963203,-1.1105197668075562,0.0,-0.869411209738619,0.014506376000099408,3,1.4288178819690052,0.08279382500030441,0.10899775861789052,0.6678156900021106,-0.5859722062071541,3.0201769059674173,0.053565375057775345,0.05356537505777535,-0.21765550815863577,0.6789145847075022,preturn,3.0201769059674173,-0.21765550815863577
27.689111199928448,3755.982472422,odom,turning,3,4,,0.6587517853331718,-0.6384608142389325,-3.059791732232625,-7.794089219583676,-5.409762810475432,0.24395203671743193,-0.14397454341268187,2.1852095127105713,-2.5262007685100207,2.5262007685100207,0.12331029899996793,pixhawk_fused,True,0.8,0.2,gyro,-1.0,0.015514790080487728,-0.6117819547653198,0.0,-0.3755490846013538,0.0024488609997206368,3,1.4314577625795022,0.08543370561080145,0.11247315149365086,0.6651952437737872,-0.5856524700625841,3.0201769059674173,0.053199994091386954,0.053199994091386996,-0.20321666897954405,0.6762541234832534,preturn,3.0201769059674173,-0.20321666897954405
28.0131274999585,3756.085367575,odom,turning,3,4,,0.6569720061938717,-0.6378748288754615,3.12292012335045,-7.792238184733002,-5.4100537788800365,0.1434785851209206,-0.17234825618707883,2.302842855453491,-2.6436543347036014,2.6436543347036014,0.009342957000171737,pixhawk_fused,True,0.8,0.2,gyro,-1.0,0.017979513853788376,-0.2363237887620926,0.0,-0.22,0.008035305999783304,3,1.433295412439283,0.08727135547058225,0.11489241060916885,0.6633711224006866,-0.5854298982239564,3.0201769059674173,0.05283388533194869,0.05283388533194867,-0.10274321738303271,0.6743934035697456,preturn,3.0201769059674173,-0.10274321738303271
28.01334169995971,3756.185890364,odom,turning,3,4,,0.6555292409668054,-0.6373597364027187,3.104226975565841,-7.790731187995947,-5.410329192369929,0.12478543733631176,-0.19333672109459224,2.321470260620117,-2.6618005769496333,2.6618005769496333,0.030103686999609636,pixhawk_fused,True,0.8,0.2,gyro,-1.0,0.010291988961398602,-0.13527850806713104,0.0,0.0,0.00638970199997857,3,1.434789943049215,0.08876588608051422,0.11685995452524973,0.6618875942879617,-0.585248884183677,3.0201769059674173,0.05249732922684218,0.05249732922684222,-0.08405006959842387,0.6728771351321525,preturn,3.0201769059674173,-0.08405006959842387
28.0134992999956,3756.304945294,odom,turning,3,4,,0.6554391871183847,-0.6373264615873825,3.1039731061350015,-7.790636943512695,-5.410347492269589,0.12453156790547215,-0.1946566150647148,2.321470260620117,-2.6618005769496333,2.6618005769496333,0.14882873599981394,pixhawk_fused,True,0.8,0.2,gyro,-1.0,0.0,0.0,0.0,0.0,0.039798633999907906,3,1.4348833641030407,0.08885930713434008,0.11698294299056948,0.6617948609851106,-0.5852375692448676,3.0201769059674173,0.052475206486209194,0.05247520648620919,-0.08379620016758427,0.6727822730027655,preturn,3.0201769059674173,-0.08379620016758427
28.335466900025494,,mission_status,navigating,3,4,going to waypoint 3/4,0.6554391871183847,-0.6373264615873825,3.1039731061350015,,,,,,,,,,,,,,,,,,,,,,,,,,,,,,,,,
28.3355656999629,3756.406586239,odom,navigating,3,4,,0.6554391871183847,-0.6373264615873825,3.0966503926041136,-7.790636943512695,-5.410347492269589,0.11720885437458417,-0.1946566150647148,2.328519582748413,-2.670868850881375,2.670868850881375,0.07018822100008038,pixhawk_fused,True,0.8,0.2,gyro,-1.0,0.0,0.0,0.2526309415732929,-0.7777777777777779,0.004276035000202683,3,1.4348833641030407,0.08885930713434008,0.11698294299056948,0.6617948609851106,-0.5852375692448676,3.0201769059674173,0.052475206486209194,0.05247520648620919,-0.07647348663669629,0.6727822730027655,,,
28.335748399957083,3756.525584763,odom,navigating,3,4,,0.6554391871183847,-0.6373264615873825,3.0976470014709316,-7.790636943512695,-5.410347492269589,0.11820546324140224,-0.1946566150647148,2.328066349029541,-2.669634443495564,2.669634443495564,0.06751742100004776,pixhawk_fused,True,0.8,0.2,gyro,-1.0,0.0,0.0,0.2510252509447658,-0.7777777777777778,0.023670245000175782,3,1.4348833641030407,0.08885930713434008,0.11698294299056948,0.6617948609851106,-0.5852375692448676,3.0201769059674173,0.052475206486209194,0.05247520648620919,-0.07747009550351436,0.6727822730027655,,,
28.335977699956857,3756.628724038,odom,navigating,3,4,,0.6553928795647309,-0.6373091511063318,3.097516220109704,-7.7905884487785935,-5.4103570997169115,0.11807468188017456,-0.19533562761948944,2.328066349029541,-2.669634443495564,2.669634443495564,0.1708551729998362,pixhawk_fused,True,0.8,0.2,gyro,-1.0,0.0022471307311207056,-0.029536418616771698,0.2510252509447658,-0.7777777777777778,0.02685642000005828,3,1.434931427352675,0.08890737038397423,0.11704621807759433,0.6617471515694939,-0.5852317479368613,3.0201769059674173,0.0524636321044025,0.052463632104402476,-0.07733931414228667,0.672733453448956,,,
28.691872800001875,3756.743226643,odom,navigating,3,4,,0.6517981449019261,-0.6359441402201549,3.0948701494234236,-7.786820499438465,-5.4111238655126925,0.11542861119389425,-0.21021294543201693,2.3278234004974365,-2.6693684998267813,2.6693684998267813,0.10299705699981132,pixhawk_fused,True,0.8,0.2,gyro,-1.0,0.06659158319234848,-0.26931801438331604,0.2522684706523952,-0.7777777777777779,0.0433660769999733,3,1.438665025064564,0.0926409680958633,0.12196148539584296,0.6580410400115344,-0.5847795433435824,3.0201769059674173,0.05154405603841962,0.05154405603841959,-0.07469324345600636,0.668939805210636,,,
28.692198999924585,3756.867347587,odom,navigating,3,4,,0.641074345641311,-0.6314005097944891,3.0323248640365525,-7.775503841488319,-5.413876627919146,0.05288332580702315,-0.26972222271552243,2.395195484161377,-2.7326355572958962,2.7326355572958962,0.006082209999931365,pixhawk_fused,True,0.8,0.2,gyro,-1.0,0.13126881420612335,-0.4398091435432434,0.28,-0.5861975567528642,0.016646262999984174,3,1.44986019127129,0.10383613430258938,0.13669987951984205,0.6469282908420391,-0.5834236110841745,3.0201769059674173,0.04833271650003666,0.04833271650003666,-0.012147958069135267,0.65753463885978,,,
28.69235489994753,3756.984805928,odom,navigating,3,4,,0.6224305974263723,-0.6222898017102589,3.0230077157616333,-7.755633810436782,-5.41985795012323,0.0435661775321039,-0.31846643172134564,2.395195484161377,-2.7326355572958962,2.7326355572958962,0.12365927000018928,pixhawk_fused,True,0.8,0.2,gyro,-1.0,0.2016010880470276,-0.3397252559661865,0.28,-0.23967288309488535,0.031006273000002693,3,1.4694701547533329,0.12344609778463203,0.1625163225470059,0.6274626927995576,-0.5810484983256754,3.0201769059674173,0.041547167035841256,0.041547167035841215,-0.002830809794216016,0.6375011926111308,,,
29.03579210001044,3757.085271626,odom,navigating,3,4,,0.6045904618205896,-0.6127667768211272,2.985838240348898,-7.736490285401774,-5.426375916884863,0.006396702119368491,-0.33332084485996843,2.4359383583068848,-2.7750632410665528,2.7750632410665528,0.0462855179998769,pixhawk_fused,True,0.8,0.2,gyro,-1.0,0.21862824261188507,0.033807750791311264,0.28,0.11259420131881458,0.03192448899972078,3,1.4883323605385668,0.1423083035698659,0.18734834538412376,0.6087393475803706,-0.5787639522246606,3.0201769059674173,0.0342550045042442,0.03425500450424421,0.03433866561851939,0.6182334202864282,,,
29.035955299972557,3757.208744827,odom,navigating,3,4,,0.5813351793159597,-0.6004586208521526,2.9655977836441236,-7.711553012134204,-5.434768250869238,-0.013843754585405765,-0.3015520547301872,2.468557596206665,-2.807707051398374,2.807707051398374,0.11321312000018224,pixhawk_fused,True,0.8,0.2,gyro,-1.0,0.24326692521572113,0.4375547170639038,0.28,0.6740232418263798,0.004299294000247755,3,1.5129071763109818,0.16688311934228112,0.21970099774232793,0.5843454477022847,-0.5757875082077059,3.0201769059674173,0.024854084470619493,0.024854084470619542,0.05457912232329365,0.5932297511770175,,,
29.036067300010473,3757.326276277,odom,navigating,3,4,,0.5553181585167748,-0.5883472258201767,2.9814175918454735,-7.683921993636585,-5.442520545862982,0.0019760536159441067,-0.2264330437634761,2.4618964195251465,-2.8062484113668575,2.8062484113668575,0.08953228299969851,pixhawk_fused,True,0.8,0.2,gyro,-1.0,0.25843697786331177,0.747320294380188,0.28,0.7367411246109041,0.02291715399996974,3,1.5401995676758908,0.19417551070719016,0.2556313281273104,0.557253978592008,-0.5724819178122874,3.0201769059674173,0.015982972112497502,0.01598297211249749,0.03875931412194378,0.5656423401321332,,,
29.373758499976248,3757.42652737,odom,navigating,3,4,,0.5306719506676078,-0.5791432713034677,3.0763940500104385,-7.658113187647676,-5.447624845375829,0.09695251178090913,-0.1486513664587114,2.3594131469726562,-2.7070862589871063,2.7070862589871063,0.08446741600027963,pixhawk_fused,True,0.8,0.2,gyro,-1.0,0.28891250491142273,0.8137463927268982,0.28,0.37988144880452746,0.02467127399995661,3,1.5657790954258513,0.2197550384571506,0.2893066800178598,0.5318627632665337,-0.5693837854383569,3.0201769059674173,0.009831866506267146,0.009831866506267148,-0.05621714404302125,0.539926482081488,,,
29.373887700028718,3757.544657045,odom,navigating,3,4,,0.49939295438723236,-0.5701059385549874,-3.135940830348209,-7.625785499902151,-5.451493901661583,0.1678029386018478,-0.08508324956195824,2.288874864578247,-2.6344681517874373,2.6344681517874373,0.08680624300041018,pixhawk_fused,True,0.8,0.2,gyro,-1.0,0.28429481387138367,0.37031233310699463,0.28,0.36599798135038203,0.043091157999697316,3,1.5979224012334827,0.2518983442647819,0.33162322098680713,0.49995609137594743,-0.5654906636692137,3.0201769059674173,0.004649503794956169,0.0046495037949561835,-0.12706757086395992,0.5077149413193804,,,
29.373987299972214,3757.667056071,odom,navigating,3,4,,0.4682954839089001,-0.5628126147308898,-3.0714546416638364,-7.593918512130584,-5.453671132223708,0.23228912728622042,-0.05059075494614342,2.2148144245147705,-2.562735358277477,2.562735358277477,0.00851286799979789,pixhawk_fused,True,0.8,0.2,gyro,-1.0,0.28045669198036194,0.10145888477563858,0.28,0.23233226626090056,0.013397645999702945,3,1.629674287334944,0.28365023036624315,0.3734244593875828,0.4684379576217626,-0.5616449497363424,3.0201769059674173,0.0011763249118965158,0.0011763249118965239,-0.19155375954833254,0.4759432190631842,,,
29.693327500019222,3757.767433289,odom,navigating,3,4,,0.44209631312336545,-0.5573803315004786,-3.049962459639421,-7.567186018706304,-5.454802523520229,0.2537813093106358,-0.03163933903318716,2.1911864280700684,-2.54063195292107,2.54063195292107,0.008570810999572132,pixhawk_fused,True,0.8,0.2,gyro,-1.0,0.2701917588710785,0.1014690026640892,0.28,-0.04579444856679487,0.013721470000291447,3,1.656338529379285,0.31031447241058413,0.4085278335591155,0.44197001349642695,-0.5584154393125613,3.0201769059674173,0.0010427846270440828,-0.0010427846270441253,-0.21304594157274792,0.44927873349777053,,,
29.693486399948597,3757.882925552,odom,navigating,3,4,,0.41246873918406135,-0.5516491267199211,-3.0489147868759816,-7.537021836598159,-5.455675428734041,0.2548289820740752,-0.026237725828294225,2.1911864280700684,-2.54063195292107,2.54063195292107,0.12537526199957938,pixhawk_fused,True,0.8,0.2,gyro,-1.0,0.2554614543914795,0.03197913244366646,0.28,-0.0027499407963542037,0.030086371999914263,3,1.6864421398940546,0.3404180829253538,0.4481591233612691,0.4120880209856031,-0.5547693606507632,3.0201769059674173,0.00314337495851449,-0.003143374958514509,-0.21409361433618734,0.4191856987001499,,,
29.69361439999193,3757.984835785,odom,navigating,3,4,,0.38762487701132964,-0.5469378289913385,-3.041903718556784,-7.511743270201918,-5.456314095232198,0.26184005039327296,-0.024208307938622258,2.1865105628967285,-2.5324222717826737,2.5324222717826737,0.051061538999874756,pixhawk_fused,True,0.8,0.2,gyro,-1.0,0.2688014507293701,0.0,0.28,-0.06446984987449764,0.029707882000366226,3,1.7116737268204933,0.36564966985179265,0.4813764124688106,0.38704218499851684,-0.5517133700528694,3.0201769059674173,0.004810958575186797,-0.004810958575186851,-0.22110468265538508,0.39397170133478937,,,
30.01430239994079,3758.085462645,odom,navigating,3,4,,0.36138892580036086,-0.5419315841863378,-3.0440496060967805,-7.485043259099535,-5.457019098866625,0.2596941628532763,-0.032989739405343554,2.18674373626709,-2.5329741834901753,2.5329741834901753,0.02699141699986285,pixhawk_fused,True,0.8,0.2,gyro,-1.0,0.2868938446044922,-0.10191760212182999,0.28,-0.13432842654770769,0.031913397000153054,3,1.7383228777443058,0.39229882077560496,0.5164599192370357,0.36058922089527506,-0.5484856874301927,3.0201769059674173,0.006602711357187065,-0.006602711357187109,-0.2189587951153884,0.3673525175855296,,,
30.014451200026087,3758.202254744,odom,navigating,3,4,,0.3292663025108964,-0.5352883109305063,-3.05451988031774,-7.452269511299781,-5.458389303853716,0.24922388863231681,-0.05525994280020512,2.1948018074035645,-2.540617360537547,2.540617360537547,0.10975802599978124,pixhawk_fused,True,0.8,0.2,gyro,-1.0,0.2867989242076874,-0.20194832980632782,0.28,-0.1614747098899526,0.002140073000191478,3,1.7710136370452054,0.4249895800765048,0.5594971806668819,0.328139125777171,-0.5445262593786468,3.0201769059674173,0.0093064611383465,-0.009306461138346512,-0.20848852089442893,0.33473181323287504,,,
30.014558600028977,3758.306887016,odom,navigating,3,4,,0.30206136317482957,-0.529018844147465,-3.0670790204973675,-7.424409286558913,-5.460184524010426,0.23666474845268937,-0.07414269570287574,2.20674204826355,-2.551665488605994,2.551665488605994,0.05665916899988588,pixhawk_fused,True,0.8,0.2,gyro,-1.0,0.2855677604675293,-0.13170234858989716,0.28,-0.12097466982294543,0.004398755000238452,3,1.7987776410388858,0.4527535840701851,0.5960483873004466,0.30057951597546323,-0.5411635483683589,3.0201769059674173,0.01223477469082562,-0.012234774690825626,-0.19592938071480148,0.30708223750472785,,,
30.3525339999469,3758.425576009,odom,navigating,3,4,,0.26970943925655533,-0.5210029538891366,-3.096838602131761,-7.391187648714966,-5.462872321773085,0.20690516681829596,-0.08775353215280622,2.2398438453674316,-2.585289374580282,2.585289374580282,0.06714585500003523,pixhawk_fused,True,0.8,0.2,gyro,-1.0,0.2946181297302246,-0.06793816387653351,0.27620958141617535,-0.07513125003784722,0.024036086999785766,3,1.8318622610439903,0.4858382040752896,0.6396041648631785,0.2677384596931634,-0.5371564168325875,3.0201769059674173,0.01627326413184366,-0.01627326413184371,-0.16616979908040808,0.2742370463287082,,,
30.352851600036956,3758.526746651,odom,navigating,3,4,,0.24337276928307378,-0.514212144055171,-3.107411057417164,-7.364100137237269,-5.465322220840155,0.196332711532893,-0.09248376276609745,2.251479148864746,-2.597264299383062,2.597264299383062,0.06560685900012686,pixhawk_fused,True,0.8,0.2,gyro,-1.0,0.2763887345790863,-0.03395198658108711,0.24584621192080006,0.16144724948908343,0.02500543199994354,3,1.8588275315832599,0.5128034746145591,0.6751038419139079,0.2409717031969134,-0.5338904465439205,3.0201769059674173,0.01982424543806984,-0.019824245438069828,-0.15559734379500512,0.24758347050839322,,,
30.353033400024287,3758.64474457,odom,navigating,3,4,,0.21454054980437354,-0.5066936882025113,-3.1074140119982823,-7.33443233990742,-5.468087335678879,0.19632975695177457,-0.09249901504450132,2.251479148864746,-2.597264299383062,2.597264299383062,0.18371223800022563,pixhawk_fused,True,0.8,0.2,gyro,-1.0,0.24069426953792572,0.06731269508600235,0.21686917137321934,0.27082926656443573,0.04341109400002097,3,1.8883581105664968,0.5423340535977961,0.7139807378641745,0.2116585236504125,-0.5303137721164959,3.0201769059674173,0.023795260848660404,-0.023795260848660463,-0.15559438921388669,0.21855715011165894,,,
30.69195409992244,3758.74560159,odom,navigating,3,4,,0.19431317514710927,-0.5014627484163453,-3.1099510357810645,-7.31362581149075,-5.469984120278705,0.19379273316899237,-0.08239770323581837,2.2607970237731934,-2.602843033957901,2.602843033957901,0.08493671799988078,pixhawk_fused,True,0.8,0.2,gyro,-1.0,0.19881543517112732,0.2815028131008148,0.20398667343754798,0.47560047704808467,0.044132592999631015,3,1.9090701336526172,0.5630460766839166,0.7412480382071751,0.19109897919178997,-0.5278051804849399,3.0201769059674173,0.02653779913496425,-0.02653779913496428,-0.1530573654311045,0.19832940549128564,,,
30.69218589994125,3758.867419981,odom,navigating,3,4,,0.17269947176724015,-0.49640323676494613,-3.097042137055411,-7.291478815423938,-5.471487914533319,0.20670163189464574,-0.04306817181721616,2.251772165298462,-2.5963255401734733,2.5963255401734733,0.03396482500011189,pixhawk_fused,True,0.8,0.2,gyro,-1.0,0.18010981380939484,0.4058355391025543,0.11923917570971926,0.47633141278278185,0.01485627400006706,3,1.9311375165558666,0.5851134595871659,0.7702996646419737,0.16919405285995182,-0.5251324308529384,3.0201769059674173,0.028942262431625877,-0.028942262431625926,-0.16596626415675786,0.17686269853892642,,,
30.69231159996707,3758.985254237,odom,navigating,3,4,,0.15665102437578066,-0.4932707585241959,-3.0650591899156674,-7.2751351750370095,-5.4719884167890385,0.23868457903438944,-0.011268854369982336,2.218000650405884,-2.5642980259541894,2.5642980259541894,0.04767412899991541,pixhawk_fused,True,0.8,0.2,gyro,-1.0,0.12145927548408508,0.23777176439762115,0.11695222623239725,0.45043566762309295,0.03176860400026271,3,1.947447216237677,0.6014231592689764,0.7917713228126372,0.1530044225992716,-0.5231570383012374,3.0201769059674173,0.030107929577239928,-0.030107929577239914,-0.19794921129650156,0.16100890737978998,,,
31.015851099975407,3759.085339722,odom,navigating,3,4,,0.1470551213083402,-0.4916912548459105,-3.0349386978979056,-7.265410150859847,-5.471998024236361,0.26880507105215123,0.0178296558629559,2.18972110748291,-2.533929534066143,2.533929534066143,0.03015546300002825,pixhawk_fused,True,0.8,0.2,gyro,-1.0,0.09821591526269913,0.33972519636154175,0.12956350368368347,0.412358397757307,0.033326805000342574,3,1.9571637815682696,0.611139724599569,0.8045631444550725,0.1433593890808753,-0.5219801907101334,3.0201769059674173,0.030513571939124556,-0.03051357193912452,-0.22806970331426335,0.15155578141643325,,,
31.016089199925773,3759.206061179,odom,navigating,3,4,,0.13442324172711692,-0.49010325200672267,-3.003004495789798,-7.252687603118271,-5.471525886825115,0.30073927316025895,0.06101203001927875,2.160177230834961,-2.5047281896356965,2.5047281896356965,0.07142977899957259,pixhawk_fused,True,0.8,0.2,gyro,-1.0,0.12548701465129852,0.37027546763420105,0.13204408020422326,0.23420239755575137,0.004226759000175662,3,1.9698950024337054,0.6238709454650045,0.8213237487488915,0.13072189344333585,-0.520438215115102,3.0201769059674173,0.030559940541574775,-0.03055994054157473,-0.26000390542237106,0.13911906215552383,,,
31.016285400022753,3759.307492591,odom,navigating,3,4,,0.12153844139743132,-0.4889731486607308,-2.95094366513777,-7.239789376339951,-5.470561024615508,0.352800103812287,0.09211707248651381,2.1016664505004883,-2.4475818801705267,2.4475818801705267,0.05042811100020117,pixhawk_fused,True,0.8,0.2,gyro,-1.0,0.12846358120441437,0.20262393355369568,0.12496438676844866,0.19000718536395572,0.004038819000015792,3,1.9828218223731158,0.6367977654044151,0.8383418584865153,0.11789023870116744,-0.5188725490192406,3.0201769059674173,0.030121147466713197,-0.030121147466713162,-0.3120647360743991,0.12643459388026992,,,
31.349818699993193,3759.425276441,odom,navigating,3,4,,0.10753295180361397,-0.48813627348975636,-2.9261970086838187,-7.225832500366264,-5.469125854984621,0.3775467602662381,0.11375402925726594,2.0774970054626465,-2.4220827955786612,2.4220827955786612,0.06542419600009453,pixhawk_fused,True,0.8,0.2,gyro,-1.0,0.11350134015083313,0.06781216710805893,0.11135438622975563,-0.03675291278412162,0.023696021999967343,3,1.9968255661316765,0.6508015091629759,0.8567777343738389,0.10398958828212546,-0.5171764484376068,3.0201769059674173,0.02925554966236621,-0.02925554966236624,-0.33681139252835024,0.11265547992361084,,,
31.35009009996429,3759.526054462,odom,navigating,3,4,,0.0965374142638333,-0.4876086749137505,-2.926858048727237,-7.214896022831566,-5.467871396862884,0.37688572022281974,0.11035895649157065,2.0774970054626465,-2.4220827955786612,2.4220827955786612,0.16641612000012174,pixhawk_fused,True,0.8,0.2,gyro,-1.0,0.10854899138212204,-0.13588325679302216,0.09899707750572626,-0.0787834034244653,0.02422419300000911,3,2.0078040577702136,0.6617800008015129,0.8712308772453198,0.09309191855702892,-0.5158467592934306,3.0201769059674173,0.02844751043763833,-0.028447510437638317,-0.33615035248493186,0.10186484773925078,,,
31.350281000020914,3759.64260453,odom,navigating,3,4,,0.08574851651065246,-0.48699110451520644,-2.9346508218457665,-7.204148949258357,-5.46673909057138,0.3690929471042903,0.09214759149109555,2.078078269958496,-2.427360837775889,2.427360837775889,0.029490665000139415,pixhawk_fused,True,0.8,0.2,gyro,-1.0,0.07939764857292175,-0.37031230330467224,0.09337113219655348,-0.09100147979116921,0.04362906899996233,3,2.018588328047482,0.6725642710787811,0.8854283284265818,0.08238704036635736,-0.5145405937847545,3.0201769059674173,0.027753808403201304,-0.02775380840320131,-0.3283575793664024,0.09134603845529093,,,
31.674996000016108,3759.74495538,odom,navigating,3,4,,0.07748154133440642,-0.486364695862741,-2.9418594063867496,-7.195889289546522,-5.466022649499666,0.36188436256330725,0.07720160351757754,2.0843093395233154,-2.4327063670937448,2.4327063670937448,0.08687350000036531,pixhawk_fused,True,0.8,0.2,gyro,-1.0,0.08964034169912338,-0.03369325026869774,0.08356391294780938,-0.01867382654592575,0.04368247499996869,3,2.026870312210237,0.6808462552415361,0.8963315293675438,0.07416602685687201,-0.5135374992981859,3.0201769059674173,0.02737432890121816,-0.02737432890121822,-0.32114899482541936,0.08336813258220557,,,
31.675127199967392,3759.845970247,odom,navigating,3,4,,0.0705025260659877,-0.4857204369409954,-2.957588859957767,-7.18889781288117,-5.465531754691269,0.34615490899228973,0.06229376777855439,2.1014108657836914,-2.4486334678564696,2.4486334678564696,0.01123862900021777,pixhawk_fused,True,0.8,0.2,gyro,-1.0,0.07169259339570999,-0.1346188336610794,0.07531836121545843,0.0464487837243214,0.04477296400000341,3,2.0338759802043667,0.6878519232356657,0.9055544648820995,0.06721193347889698,-0.5126889892308468,3.0201769059674173,0.02716856293926246,-0.02716856293926247,-0.30541954125440185,0.07671224684391209,,,
31.67523509997409,3759.966836163,odom,navigating,3,4,,0.06289087290269589,-0.4849420902646092,-2.9736717132919064,-7.181260349757797,-5.465071054717312,0.33007205565815045,0.058913947444096,2.1184630393981934,-2.467777746397677,2.467777746397677,0.023878498999692965,pixhawk_fused,True,0.8,0.2,gyro,-1.0,0.07205473631620407,0.0,0.06839440351025584,0.13726420051683683,0.014735536999978649,3,2.0415258691077502,0.6955018121390496,0.9156255147960473,0.05961836184378033,-0.5117624526387636,3.0201769059674173,0.027019273981950042,-0.027019273981950066,-0.28933668792026257,0.06955280584683064,,,
31.99202449992299,3760.067768254,odom,navigating,3,4,,0.05596687099981437,-0.4842335854185927,-2.9732769997594777,-7.17431279285163,-5.464652444512574,0.33046676919057916,0.06094336495543874,2.1184630393981934,-2.467777746397677,2.467777746397677,0.1247838309996041,pixhawk_fused,True,0.8,0.2,gyro,-1.0,0.07204753160476685,0.0,0.05,0.20113719395013607,0.015966393000326207,3,2.0484847100515933,0.7024606530828924,0.9247868026753605,0.052710750782778204,-0.5109196141538668,3.0201769059674173,0.026883944065699626,-0.026883944065699692,-0.2897314014526913,0.06314061104322993,,,
31.992196299950592,3760.184749143,odom,navigating,3,4,,0.049378782248191075,-0.4835800317209258,-2.968918826225558,-7.167705614079152,-5.464233834307837,0.3348249427244987,0.069068668576579,2.1174187660217285,-2.4643298168328136,2.4643298168328136,0.04622036999990087,pixhawk_fused,True,0.8,0.2,gyro,-1.0,0.0516899898648262,0.13588325679302216,0.05,0.30133502151764113,0.029687307000131113,3,2.0551034552293617,0.7090793982606609,0.9335003557602323,0.0461407317567849,-0.5101179672700586,3.0201769059674173,0.0267347525553319,-0.02673475255533188,-0.2940895749866108,0.057151286064429,,,
31.992302399943583,3760.285292411,odom,navigating,3,4,,0.04470619154834163,-0.4831730739924875,-2.952654232919326,-7.163028617223381,-5.463881103741878,0.3510895360307309,0.08734106566998559,2.0997610092163086,-2.4485507250387695,2.4485507250387695,0.026148883000132628,pixhawk_fused,True,0.8,0.2,gyro,-1.0,0.04135407134890556,0.2038351148366928,0.05,0.3547397760130283,0.031246432999978424,3,2.059790936822964,0.7137668798542635,0.939671407614201,0.041487758658892426,-0.5095502304994936,3.0201769059674173,0.026572781105089104,-0.026572781105089077,-0.310354168292843,0.05297219970952827,,,
32.3516501999693,3760.40890855,odom,navigating,3,4,,0.039043447328418884,-0.48282248516772475,-2.9467169902473933,-7.157383555675561,-5.463312891857415,0.3570267787026635,0.1177518348620144,2.0997610092163086,-2.4485507250387695,2.4485507250387695,0.14930212699982803,pixhawk_fused,True,0.8,0.2,gyro,-1.0,0.0513078048825264,0.2697712481021881,0.05,0.5138019443087561,0.006605269999909069,3,2.0654544553142036,0.7194303983455029,0.9471274083658732,0.03586593409213168,-0.5088642784303397,3.0201769059674173,0.026234930659324328,-0.026234930659324366,-0.31629141096477564,0.04797109017299492,,,
32.351964200031944,,mission_status,reached,3,4,reached waypoint 3/4,0.039043447328418884,-0.48282248516772475,-2.9467169902473933,,,,,,,,,,,,,,,,,,,,,,,,,,,,,,,,,
32.35211750003509,,mission_status,turning,4,4,aligning for waypoint 4/4,0.039043447328418884,-0.48282248516772475,-2.9467169902473933,,,,,,,,,,,,,,,,,,,,,,,,,,,,,,,preturn,1.5628599854874305,
32.352259999956004,3760.526313447,odom,turning,4,4,,0.03529449162656435,-0.48267509984594603,-2.929966215296425,-7.15365998359211,-5.462853106878441,0.37377755365363186,0.11363959279987411,2.0774993896484375,-2.426736377235177,2.426736377235177,0.0926288470000145,pixhawk_fused,True,0.8,0.2,gyro,-1.0,0.025852786377072334,-0.3398105502128601,0.0,-1.6,0.028357529000004433,3,2.0691936627633503,0.7231696057946493,0.9520500608820817,0.03215425409491046,-0.5084113943988485,3.0201769059674173,0.0259271662367673,-0.02592716623676727,-0.33304218591574397,0.4839637932226662,preturn,1.5628599854874305,-1.790359106395731
32.352551999967545,3760.6451896,odom,turning,4,4,,0.030670369510245377,-0.48232891892387264,-2.978940384994728,-7.14904063142027,-5.462448221598449,0.32480338395532904,0.05010962474769096,2.09881591796875,-2.472193283345225,2.472193283345225,0.02655479799977911,pixhawk_fused,True,0.8,0.2,gyro,-1.0,0.046219196170568466,-0.6075078248977661,0.0,-1.6,0.009492046000104892,3,2.0738256714472807,0.7278016144785798,0.9581480828595078,0.02755634552393116,-0.5078503763769253,3.0201769059674173,0.025710735810460933,-0.025710735810460905,-0.28406801621744115,0.4833030701290513,preturn,1.5628599854874305,-1.741384936697428
32.67359879997093,3760.764130178,odom,turning,4,4,,0.024708424613837293,-0.4814495808155367,-3.0127246582287044,-7.143014931959509,-5.462353519617705,0.29101911072135245,-0.032463310979002305,2.1235365867614746,-2.4942912357111,2.4942912357111,0.099611958999958,pixhawk_fused,True,0.8,0.2,gyro,-1.0,0.05427448824048042,-0.7133870720863342,0.0,-1.6,0.032126075999713066,3,2.079850228819518,0.7338261718508171,0.9660793899374975,0.02157613998712682,-0.5071206961257502,3.0201769059674173,0.025861503596136946,-0.02586150359613699,-0.25028374298346456,0.4820831931465291,preturn,1.5628599854874305,-1.7076006634634515
32.673803100013174,3760.864225883,odom,turning,4,4,,0.019509651964754335,-0.4802662778582704,-3.0790293961871718,-7.137693321138191,-5.462682002816614,0.22471437276288508,-0.10551476202460312,2.187786102294922,-2.5589934261698746,2.5589934261698746,0.022392592999949557,pixhawk_fused,True,0.8,0.2,gyro,-1.0,0.05514097213745117,-0.7247761487960815,0.0,-1.6,0.005662146999839024,4,2.1295356060824733,0.023919553368688506,0.047457936666603924,-0.003810168253333584,-0.4800811999200316,1.5628599854874305,0.02332055464278594,-0.023320554642785943,-1.6412959255049842,0.48066238064531663,preturn,1.5628599854874305,-1.6412959255049842
32.67394639994018,3760.965894732,odom,turning,4,4,,0.014370556227854422,-0.4786926689737585,3.076598408241158,-7.13236759283945,-5.463405306350701,0.09715687001162854,-0.17916131200284074,2.3278090953826904,-2.6994480999369648,2.6994480999369648,0.010701124000206619,pixhawk_fused,True,0.8,0.2,gyro,-1.0,0.05891380086541176,-0.7743664383888245,0.0,-1.6,0.013922391000050993,4,2.131068380220333,0.025452327506548217,0.05049905941825098,-0.003798003762326996,-0.4785484740532015,1.5628599854874305,0.018169132183236913,-0.018169132183236916,-1.5137384227537274,0.47890832548152495,preturn,1.5628599854874305,-1.5137384227537274
33.00851469999179,3761.067560914,odom,turning,4,4,,0.009219930826086062,-0.47668511874330805,3.0619891055045576,-7.126960429987219,-5.464554997546881,0.08254756727502821,-0.2549059443272985,2.3278090953826904,-2.6994480999369648,2.6994480999369648,0.11238980600001014,pixhawk_fused,True,0.8,0.2,gyro,-1.0,0.05631868541240692,-0.7402560710906982,0.0,-1.6,0.01147708500002409,4,2.133034990535799,0.027418937822013992,0.054400941128192874,-0.0037823962354872286,-0.4765819256713908,1.5628599854874305,0.013002736551442271,-0.01300273655144227,-1.499129120017127,0.4767742752663565,preturn,1.5628599854874305,-1.499129120017127
33.00867679994553,3761.18492544,odom,turning,4,4,,0.0031445939908444215,-0.4737076176273535,2.9252488474999145,-7.120484095497314,-5.46651262931308,-0.054192690729614856,-0.3476259927824304,2.4750306606292725,-2.8466812052388217,2.8466812052388217,0.03339280199998029,pixhawk_fused,True,0.8,0.2,gyro,-1.0,0.05944647639989853,-0.7813679575920105,0.0,-1.6,0.028977252000004228,4,2.1359641824419944,0.030348129728209678,0.06021264679952606,-0.003759149412801896,-0.4736528260130389,1.5628599854874305,0.006903960827263524,-0.006903960827263525,-1.362388862012484,0.47371805482749996,preturn,1.5628599854874305,-1.362388862012484
33.00879390002228,3761.301554282,odom,turning,4,4,,-0.002666515749760928,-0.4701549268980472,2.8467676489341,-7.114175662586796,-5.469080562732961,-0.13267388929542934,-0.4409563649799644,2.5496840476989746,-2.9216071179766683,2.9216071179766683,0.041709509000156686,pixhawk_fused,True,0.8,0.2,gyro,-1.0,0.05902545526623726,-0.7758340239524841,0.0,-1.6,0.014765276000161975,4,2.1394706428217227,0.03385459010793808,0.06716969035548734,-0.0037313212385780507,-0.4701464760608344,1.5628599854874305,0.001064839023357366,-0.001064839023357366,-1.2839076634466695,0.4701624885002544,preturn,1.5628599854874305,-1.2839076634466695
33.352783099981025,3761.404917586,odom,turning,4,4,,-0.007238006431559391,-0.4667920419878152,2.8318952621398106,-7.109121230300524,-5.471661306082604,-0.14754627608971882,-0.5187151255235234,2.5496840476989746,-2.9216071179766683,2.9216071179766683,0.14356581499987442,pixhawk_fused,True,0.8,0.2,gyro,-1.0,0.06411333382129669,-0.8427094221115112,0.0,-1.6,0.013796764999824518,4,2.1427971412965205,0.03718108858273588,0.07376967788473461,-0.003704921288461062,-0.46682008234609373,1.5628599854874305,0.003533196412609201,0.0035331964126092017,-1.26903527665238,0.46684815432885407,preturn,1.5628599854874305,-1.26903527665238
33.35314010002185,3761.525720651,odom,turning,4,4,,-0.01282091545332166,-0.46186137660272863,2.7529266106936383,-7.102815542374954,-5.475625979344084,-0.2265149275358911,-0.6207964787120336,2.6236572265625,-2.9951922444958714,2.9951922444958714,0.08693553400007659,pixhawk_fused,True,0.8,0.2,gyro,-1.0,0.06678105145692825,-0.8777740597724915,0.0,-1.6,0.00999827199984793,4,2.147683343995816,0.04206729128203124,0.08346421919447741,-0.0036661431232220903,-0.4619340335259834,1.5628599854874305,0.009155060646683534,0.009155060646683538,-1.1900666252062078,0.4620392916954453,preturn,1.5628599854874305,-1.1900666252062078
33.35329120000824,3761.645062662,odom,turning,4,4,,-0.01768727190119171,-0.4566056762001525,2.567667077071558,-7.097164533359745,-5.480027105212471,-0.4117744611579712,-0.718956202346596,2.829768180847168,3.0822146058765783,-3.0822146058765783,0.012610906999725557,pixhawk_fused,True,0.8,0.2,gyro,-1.0,0.06204045191407204,-0.8154633045196533,0.0,-1.6,0.0301688690001356,4,2.1529002582224996,0.04728420550871476,0.0938149135050638,-0.003624740345979745,-0.4567172835934479,1.5628599854874305,0.014062974434719364,0.014062974434719364,-1.0048070915841276,0.45694811863657475,preturn,1.5628599854874305,-1.0048070915841276
33.69235259993002,3761.767347928,odom,turning,4,4,,-0.021895151946257567,-0.45107106968194405,2.5240067274051277,-7.09211833602832,-5.484809783988783,-0.45543481082440174,-0.8142473564586586,2.860900402069092,3.050792524882926,-3.050792524882926,0.030194015999768453,pixhawk_fused,True,0.8,0.2,gyro,-1.0,0.056332699954509735,-0.740440309047699,0.0,-1.6,0.012896567000098003,4,2.1584012956199556,0.05278524290617079,0.10472932651207396,-0.0035810826939517044,-0.45121641943791474,1.5628599854874305,0.018314646027969412,0.018314646027969412,-0.9611467419176971,0.4516021563088056,preturn,1.5628599854874305,-0.9611467419176971
33.692802499979734,3761.868084171,odom,turning,4,4,,-0.025001229615947286,-0.446143659988577,2.3865630239298903,-7.088257514697414,-5.489171107575408,-0.5928785142996391,-0.8940584323611074,3.012648820877075,2.8996749508468045,-2.8996749508468045,0.008113988999866706,pixhawk_fused,True,0.8,0.2,gyro,-1.0,0.061447739601135254,-0.8076726794242859,0.0,-1.6,0.014352472000155103,4,2.1633038995026825,0.05768784678889768,0.11445640882760201,-0.0035421743646895923,-0.44631396995088857,1.5628599854874305,0.02145973107379943,0.021459731073799435,-0.8237030384424597,0.4468436268207395,preturn,1.5628599854874305,-0.8237030384424597
33.69308979995549,3761.985413346,odom,turning,4,4,,-0.028119403497571485,-0.4400914841821751,2.368713808294444,-7.084203171927597,-5.494640490086485,-0.6107277299350855,-0.987365975025032,3.012648820877075,2.8996749508468045,-2.8996749508468045,0.12579078499993557,pixhawk_fused,True,0.8,0.2,gyro,-1.0,0.05631308630108833,-0.7401825189590454,0.0,-1.6,0.008900931999960449,4,2.169331138077986,0.06371508536420122,0.1264148389108202,-0.0034943406443567193,-0.44028692118894663,1.5628599854874305,0.0246258383846803,0.0246258383846803,-0.8058538228070133,0.44098890609938124,preturn,1.5628599854874305,-0.8058538228070133
34.034748399979435,3762.105055071,odom,turning,4,4,,-0.03061235667489136,-0.4339070158228349,2.2190200329565486,-7.080744490891734,-5.50034136632827,-0.7604215052729808,-1.0787431524152291,-3.1066858768463135,2.736225301453246,-2.736225301453246,0.024828103000345436,pixhawk_fused,True,0.8,0.2,gyro,-1.0,0.06202799081802368,-0.8152995705604553,0.0,-1.5552350451577728,0.029051047000393737,4,2.175495626952806,0.06987957423902105,0.13864558244076197,-0.003445417670236952,-0.434122626449856,1.5628599854874305,0.027167794588907973,0.027167794588907977,-0.656160047469118,0.43498553396804895,preturn,1.5628599854874305,-0.656160047469118
34.034882899955846,3762.226760574,odom,turning,4,4,,-0.032516225525087324,-0.427578780512736,2.153613034745432,-7.077843956795521,-5.506279226270659,-0.8258285034840975,-1.1693116917507633,-3.0450849533081055,2.6767870025721923,-2.6767870025721923,0.07021227300037935,pixhawk_fused,True,0.8,0.2,gyro,-1.0,0.05122173950076103,-0.6732615232467651,0.0,-1.2212375206849269,0.011806668999724934,4,2.1818085533759914,0.07619250066220681,0.15117083564070946,-0.0033953166574371622,-0.4278098988370824,1.5628599854874305,0.02912182598941616,0.029121825989416164,-0.5907530492580013,0.4288133841977846,preturn,1.5628599854874305,-0.5907530492580013
34.0349961000029,3762.327686794,odom,turning,4,4,,-0.03349002963039174,-0.423103098285196,2.14170618347514,-7.07616036602674,-5.5105389854141675,-0.8377353547543893,-1.2320788632391055,-3.0450849533081055,2.6767870025721923,-2.6767870025721923,0.17261021300009816,pixhawk_fused,True,0.8,0.2,gyro,-1.0,0.043889619410037994,-0.5768877267837524,0.0,-1.1922209499126297,0.011701247000019066,4,2.1862763662920837,0.08066031357829873,0.16003526463492654,-0.0033598589414602937,-0.423342226623997,1.5628599854874305,0.030131119595968578,0.03013111959596858,-0.5788461979877095,0.42442645283155567,preturn,1.5628599854874305,-0.5788461979877095
34.35273909999523,3762.441754999,odom,turning,4,4,,-0.0342387712401248,-0.4180592633894948,2.069320891682454,-7.074607162043042,-5.515395778784105,-0.9101206465470755,-1.3019487355850423,-2.974257707595825,2.6038181360451116,-2.6038181360451116,0.10744876899980227,pixhawk_fused,True,0.8,0.2,gyro,-1.0,0.043936487287282944,-0.5775037407875061,0.0,-1.0231958662600702,0.02825514200003454,4,2.1913141001377667,0.08569804742398193,0.17003045351268398,-0.0033198781859492643,-0.41830465142960727,1.5628599854874305,0.03091986680090609,0.030919866800906092,-0.5064609061950234,0.41945898626898026,preturn,1.5628599854874305,-0.5064609061950234
34.35309560003225,3762.544562614,odom,turning,4,4,,-0.034558201850613264,-0.41436977102237826,1.9659397245165002,-7.073696284537434,-5.518985304102542,-1.0135018137130292,-1.3526918732370046,-2.8589797019958496,2.488098770388736,-2.488098770388736,0.09278260099972613,pixhawk_fused,True,0.8,0.2,gyro,-1.0,0.03616482764482498,-0.47535261511802673,0.0,-0.7736586421724109,0.03067802199984726,4,2.1950009412294715,0.08938488851568652,0.17734538403555028,-0.003290618463857799,-0.41461792644608264,1.5628599854874305,0.03126856811499401,0.03126856811499401,-0.4030797390290697,0.415808341008554,preturn,1.5628599854874305,-0.4030797390290697
34.35325379995629,3762.644975051,odom,turning,4,4,,-0.034686787565534526,-0.4109164002026943,1.8946493884263962,-7.073011868290125,-5.522372615529728,-1.0847921498031332,-1.4000398530982756,-2.7806832790374756,2.4111221850005524,-2.4111221850005524,0.005026219000228593,pixhawk_fused,True,0.8,0.2,gyro,-1.0,0.033606935292482376,-0.4417315125465393,0.0,-0.7513263409125513,0.029312003000086406,4,2.198453182804151,0.09283713009036626,0.1841948539852457,-0.003263220584059017,-0.4111657935914362,1.5628599854874305,0.03142455662219638,0.03142455662219638,-0.33178940293896564,0.41237781364563897,preturn,1.5628599854874305,-0.33178940293896564
34.67317149997689,3762.746921743,odom,turning,4,4,,-0.03467015990700785,-0.4082586427955963,1.8876642760226132,-7.072599205552778,-5.52499819363354,-1.0917772622069162,-1.4364626354309042,-2.7806832790374756,2.4111221850005524,-2.4111221850005524,0.10703794600021865,pixhawk_fused,True,0.8,0.2,gyro,-1.0,0.02656915970146656,-0.34922659397125244,0.0,-0.5832637875993452,0.021538856999995915,4,2.201110988472969,0.09549493575918418,0.18946811185752752,-0.00324212755256989,-0.40850807162380615,1.5628599854874305,0.03142902213578942,0.03142902213578942,-0.32480429053518267,0.409728128647863,preturn,1.5628599854874305,-0.32480429053518267
34.67333100002725,3762.863760263,odom,turning,4,4,,-0.034614138939231875,-0.40677415692713137,1.811850986137837,-7.0724148340636965,-5.526472250551206,-1.1675905520916925,-1.4825594890743017,-2.699523687362671,2.3282573227671524,-2.3282573227671524,0.0029330520001167315,pixhawk_fused,True,0.8,0.2,gyro,-1.0,0.0051614814437925816,-0.6105852723121643,0.0,-0.45524385873195977,0.005345320999822434,4,2.2025958721879806,0.09697981947419568,0.19241421692136765,-0.0032303431323145292,-0.4070232346716307,1.5628599854874305,0.03138478419510141,0.03138478419510142,-0.24899100065040636,0.40824423248624464,preturn,1.5628599854874305,-0.24899100065040636
34.67346159997396,3762.966613505,odom,turning,4,4,,-0.034461277605248204,-0.4051029290789808,1.8048537211317155,-7.072295884715902,-5.528146233872664,-1.174587817097814,-1.5190432193803047,-2.699523687362671,2.3282573227671524,-2.3282573227671524,0.10484683800041239,pixhawk_fused,True,0.8,0.2,gyro,-1.0,0.012802885845303535,-0.23559464514255524,0.0,-0.38019332781251264,0.010818250999818702,4,2.204268260551819,0.09865220783803451,0.19573234330231104,-0.003217070626790756,-0.40535089897563525,1.5628599854874305,0.031245190970489136,0.031245190970489136,-0.24199373564428495,0.40656606203980644,preturn,1.5628599854874305,-0.24199373564428495
34.98573309998028,3763.070955004,odom,turning,4,4,,-0.03442056700731955,-0.4048087263188466,1.7611587428889406,-7.072288564756038,-5.528443149744658,-1.2182827953405888,-1.5582736319052997,-2.654071092605591,2.2835072080878156,-2.2835072080878156,0.03220096300037767,pixhawk_fused,True,0.8,0.2,gyro,-1.0,0.01030796766281128,-0.338721364736557,0.0,-0.2762748111784923,0.0045107699997970485,4,2.2045627771365544,0.09894672442276971,0.1963166832023998,-0.003214733267190401,-0.4050563916659905,1.5628599854874305,0.031206816523650063,0.031206816523650066,-0.19829875740151004,0.40626946764061933,preturn,1.5628599854874305,-0.19829875740151004
34.98590830003377,3763.181856811,odom,turning,4,4,,-0.03438156350975798,-0.4045221251345495,1.7221931757561497,-7.072280787298682,-5.528732288159296,-1.2572483624733797,-1.6016085148631702,-2.616149425506592,2.245574283012523,-2.245574283012523,0.10005807500010633,pixhawk_fused,True,0.8,0.2,gyro,-1.0,6.19441095750517e-07,-0.2968697249889374,0.0,0.0,0.006495587999779673,4,2.2048496788368572,0.09923362612307222,0.19688591468062303,-0.003212456341277508,-0.404769499000966,1.5628599854874305,0.03117008879535005,0.031170088795350052,-0.15933319026871917,0.40598059267993053,preturn,1.5628599854874305,-0.15933319026871917
34.98602499999106,3763.28196096,odom,turning,4,4,,-0.034266050182112984,-0.40394068739214056,1.6970741196640324,-7.072300917188309,-5.5293247474108105,-1.282367418565497,-1.6097261431652554,-2.589024066925049,2.2164287037638566,-2.2164287037638566,0.049086813000030816,pixhawk_fused,True,0.8,0.2,gyro,-1.0,0.0025729972403496504,-0.03381962701678276,0.0,0.0,0.004134409000016603,4,2.205432015011855,0.09981596229807001,0.19804130721181862,-0.0032078347711527256,-0.40418718116524344,1.5628599854874305,0.031059193545451044,0.031059193545451048,-0.13421413417660188,0.4053914665183742,preturn,1.5628599854874305,-0.13421413417660188
35.290406799991615,,mission_status,navigating,4,4,going to waypoint 4/4,-0.034266050182112984,-0.40394068739214056,1.6970741196640324,,,,,,,,,,,,,,,,,,,,,,,,,,,,,,,,,
35.29052029992454,3763.383114728,odom,navigating,4,4,,-0.03424655851261639,-0.40384420658792863,1.6746487413111768,-7.072304577168241,-5.5294231093714865,-1.3047927969183526,-1.6110765581930404,-2.562598705291748,2.1889816410330676,-2.1889816410330676,0.04260191000003033,pixhawk_fused,True,0.8,0.2,gyro,-1.0,0.0,0.0,0.18601431052661724,-0.7777777777777779,0.02232322400004705,4,2.205528647468554,0.09991259475476928,0.19823303223859007,-0.0032070678710456398,-0.4040905517517506,1.5628599854874305,0.031040468186351453,0.031040468186351453,-0.11178875582374626,0.40529368359819234,,,
35.29063429997768,3763.485909842,odom,navigating,4,4,,-0.03424655851261639,-0.40384420658792863,1.6751138533102923,-7.072304577168241,-5.5294231093714865,-1.3043276849192371,-1.6110765581930404,-2.5628130435943604,2.18955792814061,-2.18955792814061,0.02925246699987838,pixhawk_fused,True,0.8,0.2,gyro,-1.0,0.0,0.0,0.20758680872063565,-0.7777777777777778,0.02387483099983001,4,2.205528647468554,0.09991259475476928,0.19823303223859007,-0.0032070678710456398,-0.4040905517517506,1.5628599854874305,0.031040468186351453,0.031040468186351453,-0.11225386782286173,0.40529368359819234,,,
35.29075349995401,3763.586418572,odom,navigating,4,4,,-0.03424655851261639,-0.40384420658792863,1.6751138533102923,-7.072304577168241,-5.5294231093714865,-1.3043276849192371,-1.6110765581930404,-2.5628130435943604,2.18955792814061,-2.18955792814061,0.12985619499977474,pixhawk_fused,True,0.8,0.2,gyro,-1.0,0.0,0.0,0.20708180266734477,-0.7777777777777778,0.026055441000153223,4,2.205528647468554,0.09991259475476928,0.19823303223859007,-0.0032070678710456398,-0.4040905517517506,1.5628599854874305,0.031040468186351453,0.031040468186351453,-0.11225386782286173,0.40529368359819234,,,
35.634472899953835,3763.702211398,odom,navigating,4,4,,-0.03424655851261639,-0.40384420658792863,1.6753672626721656,-7.072304577168241,-5.5294231093714865,-1.3040742755573638,-1.6110765581930404,-2.5631651878356934,2.189871903111329,-2.189871903111329,0.0514541749998898,pixhawk_fused,True,0.8,0.2,gyro,-1.0,0.0,0.0,0.20708180266734477,-0.7777777777777778,0.04257178099987868,4,2.205528647468554,0.09991259475476928,0.19823303223859007,-0.0032070678710456398,-0.4040905517517506,1.5628599854874305,0.031040468186351453,0.031040468186351453,-0.11250727718473508,0.40529368359819234,,,
35.63470139994752,3763.805054047,odom,navigating,4,4,,-0.034012664387070964,-0.4027346481433709,1.6718974907688127,-7.0723562743847825,-5.5305558731604805,-1.3075440474607167,-1.6266100473376397,-2.5619542598724365,2.1892800217293993,-2.1892800217293993,0.05221556300011798,pixhawk_fused,True,0.8,0.2,gyro,-1.0,0.025596855208277702,-0.3364465534687042,0.20742239211738697,-0.7777777777777779,0.04643323500022234,4,2.206640027214365,0.10102397450058023,0.20043808133696853,-0.003198247674652126,-0.40297920700616785,1.5628599854874305,0.030815387168815028,0.030815387168815028,-0.10903750528138212,0.40416835372635534,,,
35.6349135999335,3763.925966107,odom,navigating,4,4,,-0.03268025699222336,-0.39747172358765653,1.6584732373543956,-7.072821549333654,-5.5359648660026775,-1.3209683008751338,-1.696945467402207,-2.5619542598724365,2.1892800217293993,-2.1892800217293993,0.17302464400017925,pixhawk_fused,True,0.8,0.2,gyro,-1.0,0.0667743906378746,-0.7426577806472778,0.22247019791646894,-0.7777777777777778,0.012513613000010082,4,2.2119133603557875,0.10629730764200249,0.21090071441335037,-0.0031563971423465985,-0.39770603993567144,1.5628599854874305,0.029524789662013037,0.029524789662013037,-0.09561325186696501,0.39881295145571716,,,
35.95269229996484,3764.026447726,odom,navigating,4,4,,-0.02950931759516911,-0.388006357298114,1.622677824433294,-7.074422790553961,-5.545817989477464,-1.3567637137962354,-1.7754214091878033,-2.5327084064483643,2.16336919421189,-2.16336919421189,0.09566050600005838,pixhawk_fused,True,0.8,0.2,gyro,-1.0,0.13746657967567444,-0.8339394330978394,0.28,-0.6751970508693279,0.013223889999608218,4,2.2214035939495598,0.11578754123577474,0.22972994997232582,-0.003081080200110697,-0.3882161052139478,1.5628599854874305,0.026429069714951382,0.02642906971495139,-0.059817838945863455,0.38912688564102615,,,
35.952916299924254,3764.144851427,odom,navigating,4,4,,-0.021256736380199544,-0.36860057148863545,1.485466185967678,-7.079434218076031,-5.566301524665123,-1.4939753522618513,-1.845108297153236,-2.381371259689331,2.0104449473046557,-2.0104449473046557,0.05557301099997858,pixhawk_fused,True,0.8,0.2,gyro,-1.0,0.2192576378583908,-0.4406959116458893,0.28,0.3926155477855297,0.03439423800000441,4,2.2408742632342045,0.13525821052041967,0.26836101366838405,-0.0029265559453264638,-0.3687460491111344,1.5628599854874305,0.0183307577179355,0.0183307577179355,0.07739379951975245,0.3692129875062441,,,
35.95309309998993,3764.244876262,odom,navigating,4,4,,-0.011246937991716256,-0.3471217020724298,1.4521779629386957,-7.085845130424649,-5.589114637079584,-1.5272635752908337,-1.8288271605189517,-2.3409111499786377,1.9653817369364992,-1.9653817369364992,0.005328692999682971,pixhawk_fused,True,0.8,0.2,gyro,-1.0,0.25848889350891113,0.4756631553173065,0.28,0.45375464965427204,0.030043946000205324,4,2.2624318965676444,0.1568158438538596,0.3111327486439839,-0.002755469005424065,-0.3471890946834321,1.5628599854874305,0.008491736413077119,0.008491736413077119,0.11068202254873483,0.34730385783035905,,,
36.293679900001734,3764.368204332,odom,navigating,4,4,,0.00040730638014832565,-0.31916955635040445,1.5038749635508852,-7.092833862105052,-5.618581593010657,-1.4755665746786442,-1.7639392280431563,-2.395162343978882,2.013915084658642,-2.013915084658642,0.014306992000001628,pixhawk_fused,True,0.8,0.2,gyro,-1.0,0.26633980870246887,0.605905294418335,0.23715594293693265,0.7777777777777778,0.00638410900000963,4,2.290475653094242,0.18485960038045715,0.36677337038214386,-0.0025329065184714243,-0.3191462213273995,1.5628599854874305,0.00294030549645927,-0.0029403054964592707,0.05898502193654531,0.3191698162411372,,,
36.29392949992325,3764.484471904,odom,navigating,4,4,,0.009420928657131414,-0.29230041301545057,1.567658433940889,-7.097391452115537,-5.646553447139455,-1.4117831042886404,-1.6854326217430742,-2.453523635864258,2.0741536481366354,-2.0741536481366354,0.022601401999963855,pixhawk_fused,True,0.8,0.2,gyro,-1.0,0.2352176308631897,0.7133990526199341,0.2198353715681909,0.7777777777777777,0.025422735000120156,4,2.3174154846821065,0.21179943196832174,0.4202237338399944,-0.0023191050646400226,-0.29220723814464283,1.5628599854874305,0.011740403457500109,-0.011740403457500109,-0.004798448453458448,0.2924521932654391,,,
36.29413509997539,3764.585062946,odom,navigating,4,4,,0.01474543606862698,-0.271597415121441,1.5802113677792382,-7.099303791630075,-5.667844465399641,-1.3992301704502912,-1.6211778758553175,-2.453523635864258,2.0741536481366354,-2.0741536481366354,0.1232178139998723,pixhawk_fused,True,0.8,0.2,gyro,-1.0,0.2275800257921219,0.6119338274002075,0.1861046732872655,0.7367911377701004,0.024800436000077752,4,2.338160087249579,0.23254403453579392,0.4613823633363838,-0.0021544705466544647,-0.27146328887846255,1.5628599854874305,0.01690043885389634,-0.016900438853896343,-0.01735138229180766,0.2719973966520678,,,
36.63418960000854,3764.705117306,odom,navigating,4,4,,0.01877275569741011,-0.24951492282259866,1.700877371444853,-7.099713251884983,-5.6902874623434645,-1.2785641667846763,-1.5475161536891842,-2.5802993774414062,2.2062386114583212,-2.2062386114583212,0.05082437700002629,pixhawk_fused,True,0.8,0.2,gyro,-1.0,0.16674454510211945,0.43834003806114197,0.1240047901078027,0.6753690602602963,0.04394529999990482,4,2.3602738459611183,0.2546577932473333,0.5052574869315674,-0.0019789700522737305,-0.24935022658649003,1.5628599854874305,0.02075237929588508,-0.02075237929588508,-0.13801738595742252,0.2502201292215357,,,
36.634462299989536,3764.821927733,odom,navigating,4,4,,0.0208955756993145,-0.23128149621539426,1.7125080524619996,-7.098864594038219,-5.7086244193009295,-1.2669334857675298,-1.488014405002642,-2.5802993774414062,2.2062386114583212,-2.2062386114583212,0.16918233700016572,pixhawk_fused,True,0.8,0.2,gyro,-1.0,0.15440300107002258,0.6088445782661438,0.16229362481316062,0.6246799712250818,0.012956193999798415,4,2.3785235455976816,0.2729074928838968,0.5414660680947224,-0.0018341357276211103,-0.23110110168025988,1.5628599854874305,0.022730427266993324,-0.02273042726699333,-0.149648066974569,0.23222350349488144,,,
36.63459050003439,3764.926385376,odom,navigating,4,4,,0.02170314289457742,-0.2172341259204054,1.7652228400952739,-7.097393739602995,-5.722617895073938,-1.2142186981342555,-1.431869829408869,-2.6301145553588867,2.2581152594671448,-2.2581152594671448,0.0952923859999828,pixhawk_fused,True,0.8,0.2,gyro,-1.0,0.14152191579341888,0.5749623775482178,0.2088160287133258,0.5799067859098312,0.013308944000073097,4,2.392576882566188,0.2869608298524034,0.5693487950639842,-0.0017226048197440634,-0.21704820728775198,1.5628599854874305,0.02342648547505592,-0.02342648547505592,-0.2023628546078433,0.2183155786376799,,,
36.95108329993673,3765.026487745,odom,navigating,4,4,,0.02170383289872309,-0.2019329005408847,1.8141003583247182,-7.094924168143789,-5.737718514776416,-1.1653411799048112,-1.3777697281415915,-2.6776113510131836,2.305715386150857,-2.305715386150857,0.08844799200005582,pixhawk_fused,True,0.8,0.2,gyro,-1.0,0.18010981380939484,0.47347480058670044,0.2011892654654838,0.3628139554827079,0.010202823000327044,4,2.4078776315465213,0.3022615788327366,0.5997064679213211,-0.0016011741283147155,-0.20174794016765418,1.5628599854874305,0.02330574098521536,-0.023305740985215363,-0.2512403728372876,0.20309591990818163,,,
36.95121750002727,3765.126817479,odom,navigating,4,4,,0.020867484269380822,-0.18482539974053283,1.8633979981235513,-7.091336930312811,-5.754466582945845,-1.116043540105978,-1.3365022686541759,-2.728393077850342,2.3569765567765435,-2.3569765567765435,0.07290223700010756,pixhawk_fused,True,0.8,0.2,gyro,-1.0,0.17753681540489197,0.30437666177749634,0.18321719108721968,0.058068054360646555,0.012277415999960795,4,2.4249779561088447,0.31936190339505977,0.6336346148038396,-0.0014654615407846414,-0.18464815413886482,1.5628599854874305,0.02233364915465222,-0.02233364915465222,-0.3005380126361208,0.18599967819590604,,,
36.95131669996772,3765.24279628,odom,navigating,4,4,,0.019136970220394033,-0.16469372893552348,1.9162911068128543,-7.086379029997248,-5.774054795542607,-1.063150431416675,-1.3114703555547271,-2.7864935398101807,2.416655747829457,-2.416655747829457,0.1072211249997963,pixhawk_fused,True,0.8,0.2,gyro,-1.0,0.17831255495548248,0.10190219432115555,0.16400734734861902,-0.2421965892907167,0.031186507999791502,4,2.445095259109414,0.3394792063956295,0.6735486414994086,-0.0013058054340023655,-0.16453148468429807,1.5628599854874305,0.02044341947065211,-0.020443419470652112,-0.35343112132542376,0.16580183346363794,,,
37.253986199968494,3765.344591086,odom,navigating,4,4,,0.017722194011208506,-0.14965419877465247,1.9555715650735206,-7.082554808465663,-5.788668637914112,-1.0238699731560088,-1.3250047801610578,-2.835162878036499,2.46867269205906,-2.46867269205906,0.0937786109998342,pixhawk_fused,True,0.8,0.2,gyro,-1.0,0.13955284655094147,-0.20385561883449554,0.1547483778993951,-0.2903470572656722,0.03167466199965929,4,2.460123087607506,0.354507034893721,0.7033648225169271,-0.0011865407099322916,-0.14950412945146874,1.5628599854874305,0.018909330224950758,-0.01890933022495076,-0.39271157958609004,0.15069988510763407,,,
37.25441209995188,3765.445619135,odom,navigating,4,4,,0.016773336316269396,-0.1365642080470998,1.944120940650491,-7.079505130187216,-5.8014337329224,-1.0353205975790385,-1.353454751133399,-2.8269917964935303,2.4612815523729523,-2.4612815523729523,0.08908653099979347,pixhawk_fused,True,0.8,0.2,gyro,-1.0,0.12921562790870667,-0.20385219156742096,0.12109164992315015,-0.3837004312437375,0.03180723300010868,4,2.4732051357178615,0.3675890830040766,0.7293204497446258,-0.0010827182010214966,-0.1364224933287086,1.5628599854874305,0.017856616868429282,-0.017856616868429286,-0.38126095516306036,0.13759043473552307,,,
37.254643599968404,3765.545729115,odom,navigating,4,4,,0.01635236037880759,-0.12529435600357408,1.9363347360727043,-7.077270254941159,-5.812487787312417,-1.043106802156825,-1.394104170819399,-2.8269917964935303,2.4612815523729523,-2.4612815523729523,0.18962929600002099,pixhawk_fused,True,0.8,0.2,gyro,-1.0,0.128287672996521,-0.1652749478816986,0.0987775086699826,-0.34442343777720846,0.030175109000083467,4,2.4844712918708924,0.37885523915710756,0.7516732302060918,-0.0009933070791756328,-0.12515669197612972,1.5628599854874305,0.017346213735204303,-0.0173462137352043,-0.3734747505852738,0.1263569362413823,,,
37.57383799995296,3765.663448555,odom,navigating,4,4,,0.01642345375034665,-0.11453612836451046,1.835985036245429,-7.075603591579565,-5.823116369035324,-1.1434565019841003,-1.4463960860300298,-2.7188730239868164,2.3495181291089255,-2.3495181291089255,0.003134676000172476,pixhawk_fused,True,0.8,0.2,gyro,-1.0,0.09217619150876999,-0.40385642647743225,0.10123854590820223,-0.31274081721182606,0.005135457000051247,4,2.4952297449208274,0.38961369220704256,0.7730186949647609,-0.0009079252201409562,-0.11439857773776047,1.5628599854874305,0.01733192479771302,-0.017331924797713016,-0.27312505075799853,0.11570762521900359,,,
37.57415929995477,3765.763708957,odom,navigating,4,4,,0.016897315781096937,-0.10576207676263277,1.8284355335937097,-7.07465474178216,-5.831851826138336,-1.1510060046358197,-1.485649366456887,-2.7188730239868164,2.3495181291089255,-2.3495181291089255,0.10325715499993748,pixhawk_fused,True,0.8,0.2,gyro,-1.0,0.09732615202665329,-0.3366475999355316,0.1031993797259835,-0.1731333088682594,0.006291370000326424,4,2.5040072808964133,0.39839122818262857,0.7904338924810947,-0.000838264430075621,-0.10562131818952825,1.5628599854874305,0.017736138768143367,-0.017736138768143363,-0.26557554810627915,0.10710339005722991,,,
37.57433949992992,3765.869310809,odom,navigating,4,4,,0.017680303404328704,-0.09666263197287715,1.7933581055488865,-7.073958430600072,-5.840958313706968,-1.1860834326806429,-1.5079653467231595,-2.680116891860962,2.3114108542785843,-2.3114108542785843,0.0353077879999546,pixhawk_fused,True,0.8,0.2,gyro,-1.0,0.09219454973936081,-0.20196841657161713,0.0933046835887754,-0.0881803895120171,0.0041788149997046276,4,2.5131126531128576,0.4074966003990728,0.8084995382443442,-0.0007660018470226231,-0.09651623272485055,1.5628599854874305,0.018446886191600315,-0.018446886191600315,-0.23049812006145598,0.09826625844303329,,,
37.915737699950114,3765.986869142,odom,navigating,4,4,,0.01876883140950886,-0.08659376042829657,1.7544188251111477,-7.073407146122795,-5.851070838259444,-1.2250227131183817,-1.5262149218740626,-2.636350154876709,2.2675336944893796,-2.2675336944893796,0.044777981999686745,pixhawk_fused,True,0.8,0.2,gyro,-1.0,0.09030326455831528,-0.10173869132995605,0.08852598785569642,-0.05560985392622372,0.026257693999923504,4,2.5231898464016655,0.4175737936878805,0.8284933396964815,-0.0006860266412140738,-0.08643935679297332,1.5628599854874305,0.01945547075391341,-0.01945547075391341,-0.19155883962371711,0.08860444897177448,,,
37.915870500029996,3766.104934072,odom,navigating,4,4,,0.020082691104624815,-0.0759210847015398,1.7520710332532858,-7.072980758460702,-5.861815624345196,-1.2273705049762436,-1.5383837583404343,-2.636350154876709,2.2675336944893796,-2.2675336944893796,0.16251734599973133,pixhawk_fused,True,0.8,0.2,gyro,-1.0,0.08762650191783905,-0.13550208508968353,0.07957569515201574,0.08240541872512346,0.043592734999947425,4,2.5338726131477167,0.4282565604339318,0.8496886379465677,-0.0006012454482137294,-0.07575692647492988,1.5628599854874305,0.020684587964115073,-0.020684587964115077,-0.1892110477658553,0.07853232190800268,,,
37.91598259995226,3766.205134586,odom,navigating,4,4,,0.02114334974773719,-0.06774554479600042,1.7423148107397775,-7.0727076324582665,-5.870055154167405,-1.237126727489752,-1.5363542200152673,-2.6232750415802,2.2549591818288763,-2.2549591818288763,0.06683499000018855,pixhawk_fused,True,0.8,0.2,gyro,-1.0,0.07170508801937103,-2.3477770810131915e-05,0.07029547303837777,0.1953240576465226,0.04645206599980156,4,2.542056313244955,0.43644026053117024,0.8659256267785426,-0.0005362974928858296,-0.06757348410361452,1.5628599854874305,0.021680330010396928,-0.02168033001039693,-0.1794548252523469,0.07096830333509488,,,
38.253853900008835,3766.329690419,odom,navigating,4,4,,0.022121138338965344,-0.05990088728318582,1.7418226657327214,-7.072406141611357,-5.877954763353417,-1.237618872496808,-1.528236553574092,-2.623110771179199,2.2524020637930233,-2.2524020637930233,0.07699609099972804,pixhawk_fused,True,0.8,0.2,gyro,-1.0,0.05814831703901291,0.0283075999468565,0.05,0.2348792886149494,0.015195300999948813,4,2.549908483691701,0.44429243097791615,0.8815048394006668,-0.0004739806423973325,-0.059721560942063934,1.5628599854874305,0.022595830582622007,-0.02259583058262201,-0.17896268024529083,0.06385500026407154,,,
38.254340399987996,3766.444905462,odom,navigating,4,4,,0.0227490961391674,-0.05450927989339434,1.74855326586376,-7.072155432986007,-5.8833770236228675,-1.2308882723657695,-1.5187761049175694,-2.6288769245147705,2.2584768838793834,-2.2584768838793834,0.01397863000011057,pixhawk_fused,True,0.8,0.2,gyro,-1.0,0.04900948703289032,0.10171319544315338,0.05,0.32775806571239213,0.03153442399980122,4,2.5553049049209164,0.44968885220713184,0.8922116871822681,-0.00043115325127092777,-0.05432530966013688,1.5628599854874305,0.023180979419550874,-0.023180979419550878,-0.18569328037632937,0.05906592054345285,,,
38.25452509999741,3766.54510868,odom,navigating,4,4,,0.023247169026659777,-0.04974728930166918,1.7575817212789315,-7.0718781895061475,-5.88815695741423,-1.2218598169505979,-1.5032350498038816,-2.636894702911377,2.265938835552414,-2.265938835552414,0.006969631000174559,pixhawk_fused,True,0.8,0.2,gyro,-1.0,0.04907253757119179,0.16975516080856323,0.05,0.3655193678578349,0.03337067200027377,4,2.5600706983801538,0.45445464566636884,0.9016673287934803,-0.00039333068482607855,-0.04955966628808589,1.5628599854874305,0.023641244235530177,-0.023641244235530177,-0.19472173579150098,0.05491105226289202,,,
38.61189479997847,3766.668959605,odom,navigating,4,4,,0.023669506817088917,-0.04448476115790995,1.7913171444951053,-7.071445396879174,-5.893418636064159,-1.1881243937344241,-1.4660495148831958,-2.666867733001709,2.298843257835587,-2.298843257835587,0.048003340999912325,pixhawk_fused,True,0.8,0.2,gyro,-1.0,0.046087589114904404,0.3365537226200104,0.05,0.4822231207498807,0.007486320000225533,4,2.5653364125749305,0.4597203598611457,0.9121148453883046,-0.00035154061844678165,-0.044294117924294496,1.5628599854874305,0.024021803944391427,-0.024021803944391427,-0.22845715900767471,0.050389875255258496,,,
38.61203920003027,,mission_status,turning,4,4,final alignment at waypoint 4/4,0.023669506817088917,-0.04448476115790995,1.7913171444951053,,,,,,,,,,,,,,,,,,,,,,,,,,,,,,,final,0.0,
38.61210249993019,3766.78521636,odom,turning,4,4,,0.02391275477108171,-0.038466508541175885,1.80756476463818,-7.0707138583902385,-5.899397213283294,-1.1718767735913493,-1.4281695483177874,-2.67946195602417,2.309863276651581,-2.309863276651581,0.10826126299980388,pixhawk_fused,True,0.8,0.2,gyro,-1.0,0.048635680228471756,0.23553435504436493,0.0,-1.6,0.007831996999811963,4,2.571356406139814,0.46574035342602893,0.9240589009035542,-0.0003037643963857829,-0.03827431394460867,1.5628599854874305,0.024217281832428474,-0.02421728183242847,-0.2447047791507495,0.04529340040326238,final,0.0,-1.80756476463818
38.61222499993164,3766.90190003,odom,turning,4,4,,0.024055949759606385,-0.03412255961163075,1.8245941191713189,-7.070153881460623,-5.903707297150869,-1.1548474190582105,-1.4741289992490685,-2.7107834815979004,2.342027981421431,-2.342027981421431,0.06056284099986442,pixhawk_fused,True,0.8,0.2,gyro,-1.0,0.0487309955060482,-0.6405230760574341,0.0,-1.6,0.015209597000193753,4,2.5757013546995227,0.47008530198573806,0.932679559090101,-0.0002692817636395957,-0.03392950221858909,1.5628599854874305,0.02432599761194858,-0.02432599761194858,-0.2617341336838883,0.04174970411016107,final,0.0,-1.8245941191713189
38.94121039996389,3767.005139741,odom,turning,4,4,,0.02451790990355675,-0.029156249798144355,1.7763475994230142,-7.0698080133570365,-5.9086830398686,-1.2030939388065152,-1.5424654510042757,-2.657938003540039,2.298549571341356,-2.298549571341356,0.050739286999942124,pixhawk_fused,True,0.8,0.2,gyro,-1.0,0.056583307683467865,-0.7437343001365662,0.0,-1.6,0.02268512099999498,4,2.5806711743459294,0.47505512163214475,0.9425400018161078,-0.000229839992735569,-0.028959839084681693,1.5628599854874305,0.02474852929161245,-0.02474852929161245,-0.2134876139355837,0.03809481340459248,final,0.0,-1.7763475994230142
38.94156029995065,3767.106983378,odom,turning,4,4,,0.025363178130030258,-0.023997676124987377,1.762755849378052,-7.069809385849511,-5.913910406206665,-1.2166856888514774,-1.6141054546429987,-2.657938003540039,2.298549571341356,-2.298549571341356,0.1519127749998006,pixhawk_fused,True,0.8,0.2,gyro,-1.0,0.05122429504990578,-0.6732951402664185,0.0,-1.6,0.012565149000238307,1,0.025234141521490387,0.025234141521490387,0.03382544073027719,0.025233778784786786,0.00013530176292110877,0.005361878910097319,0.024133324800549746,-0.024133324800549746,-1.7573939704679546,0.03491674761852018,final,0.0,-1.762755849378052
38.94182810001075,3767.225294208,odom,turning,4,4,,0.026862926544680078,-0.017904506069622385,1.6341387619161953,-7.070305770627806,-5.920165769408168,-1.345302776313334,-1.7000963489369427,-2.521822214126587,2.159979487365564,-2.159979487365564,0.07177510000019538,pixhawk_fused,True,0.8,0.2,gyro,-1.0,0.05427176505327225,-0.7133512496948242,0.0,-1.6,0.030934663000152796,1,0.02676653906096861,0.02676653906096861,0.03587956339986353,0.02676615429629819,0.0001435182535994541,0.005361878910097319,0.01804828376438225,-0.018048283764382254,-1.628776883006098,0.03228293914968125,final,0.0,-1.6341387619161953
39.27033660002053,3767.342051839,odom,turning,4,4,,0.02906991764034695,-0.011466698451198909,1.559646593073952,-7.07144448188419,-5.926875427618746,-1.4197949451555774,-1.793358012924794,-2.4522552490234375,2.0898893757522905,-2.0898893757522905,0.08301778299983198,pixhawk_fused,True,0.8,0.2,gyro,-1.0,0.0640208050608635,-0.8414931893348694,0.0,-1.6,0.013676951999968878,1,0.029008017010991264,0.029008017010991264,0.03888418233972895,0.029007600025437796,0.0001555367293589158,0.005361878910097319,0.011622402250710649,-0.011622402250710647,-1.5542847141638547,0.031249724558582628,final,0.0,-1.559646593073952
39.27048519998789,3767.442710674,odom,turning,4,4,,0.03138422423955565,-0.006229035256199316,1.4856723853898204,-7.072882853997518,-5.932418009728466,-1.493769152839709,-1.8718188068269266,-2.3780579566955566,2.016962956315359,-2.016962956315359,0.005898751999666274,pixhawk_fused,True,0.8,0.2,gyro,-1.0,0.06411333382129669,-0.8427094221115112,0.0,-1.6,0.02189905000022918,1,0.031350373923673895,0.031350373923673895,0.04202402582723674,0.03134992326711861,0.00016809610330894694,0.005361878910097319,0.006397223318558932,-0.006397223318558932,-1.480310506479723,0.03199641247611498,final,0.0,-1.4856723853898204
39.27058539993595,3767.563168152,odom,turning,4,4,,0.035019280690867564,0.0003321144172389375,1.4664882125199998,-7.075410985135637,-5.939479941007511,-1.5129533257095296,-1.9746248113046705,-2.3780579566955566,2.016962956315359,-2.016962956315359,0.12667281299991373,pixhawk_fused,True,0.8,0.2,gyro,-1.0,0.0667077973484993,-0.8768112063407898,0.0,-1.6,0.016554099000131828,1,0.03502055804312764,0.03502055804312764,0.04694377296014633,0.03502005462826916,0.00018777509184058535,0.005361878910097319,0.00014434140028263888,0.00014434140028263886,-1.4611263336099025,0.0350208555019992,final,0.0,-1.4664882125199998
39.57406160002574,3767.663171207,odom,turning,4,4,,0.03835689936581363,0.005228071136121561,1.28352424466269,-7.077914411409214,-5.944850504060422,-1.6959172935668394,-2.0558322076643676,-2.172847032546997,1.8105690325558985,-1.8105690325558985,0.03432622100035587,pixhawk_fused,True,0.8,0.2,gyro,-1.0,0.05914640426635742,-0.7774237990379333,0.0,-1.6,0.024158193999937794,1,0.03838438014163346,0.03838438014163346,0.051452853046080826,0.0383838283723763,0.00020581141218432332,0.005361878910097319,0.005022331919146383,0.005022331919146383,-1.2781623657525927,0.03871155456402521,final,0.0,-1.28352424466269
39.57425790000707,3767.764508765,odom,turning,4,4,,0.04204771578102671,0.009797837167260699,1.2423190631651748,-7.080819062982851,-5.949956176065744,-1.7371224750643546,-2.1363222399377944,-2.1416397094726562,1.7785248912633265,-1.7785248912633265,0.029116932999841083,pixhawk_fused,True,0.8,0.2,gyro,-1.0,0.06192845106124878,-0.8139911890029907,0.0,-1.6,0.0027769630000875622,1,0.04209964591665712,0.04209964591665712,0.05643303048398829,0.04209904074105526,0.00022573212193595317,0.005361878910097319,0.009572242644764776,0.009572242644764778,-1.2369571842550775,0.043174159118136365,final,0.0,-1.2423190631651748
39.57436890003737,3767.865976781,odom,turning,4,4,,0.045812958163543215,0.0137768819799707,1.107414556417036,-7.083892531130857,-5.954490891201653,-1.8720269818124935,-2.2113878672755938,-1.9931827783584595,1.6296140144527758,-1.6296140144527758,0.013906613000017387,pixhawk_fused,True,0.8,0.2,gyro,-1.0,0.05685899034142494,-0.7473579049110413,0.0,-1.6,0.03030936400000428,1,0.045886169228656966,0.045886169228656966,0.06150872603538182,0.04588550962239484,0.0002460349041415273,0.005361878910097319,0.013531041582363729,0.013531041582363727,-1.1020526775069386,0.04783962387795918,final,0.0,-1.107414556417036
39.908825199934654,3767.969100106,odom,turning,4,4,,0.04994133467716172,0.01752731645345652,1.0929251869457837,-7.087361277111534,-5.958858619753159,-1.8865163512837457,-2.287803934555139,-1.9931827783584595,1.6296140144527758,-1.6296140144527758,0.11722528400014198,pixhawk_fused,True,0.8,0.2,gyro,-1.0,0.05944647639989853,-0.7813679575920105,0.0,-1.6,0.003712864000135596,1,0.050034595676681365,0.050034595676681365,0.06706953946040203,0.050033876437459913,0.00026827815784160816,0.005361878910097319,0.017259286395065736,0.017259286395065736,-1.0875633080356863,0.052927721766536324,final,0.0,-1.0929251869457837
39.908965199952945,3768.085598928,odom,turning,4,4,,0.055311151176286134,0.021634669954000485,0.9457836339760646,-7.09199755669056,-5.963779005274417,-2.033657904253465,-2.380462832416062,-1.8323396444320679,1.469741873449167,-1.469741873449167,0.00761689099999785,pixhawk_fused,True,0.8,0.2,gyro,-1.0,0.05909914895892143,-0.776802659034729,0.0,-1.6,0.011609340999712003,1,0.055426358012146446,0.055426358012146446,0.07429699901771228,0.05542556126721336,0.00029718799607084915,0.005361878910097319,0.02133778868519132,0.021337788685191317,-0.9404217550659673,0.05939177037658088,final,0.0,-0.9457836339760646
39.909064600011334,3768.202172045,odom,turning,4,4,,0.06133628065475912,0.025395152402037085,0.8772509183401302,-7.0973365524165555,-5.968462864592561,-2.102190619889399,-2.4791566592660166,-1.7686799764633179,1.4082885848940216,-1.4082885848940216,0.048863612999866746,pixhawk_fused,True,0.8,0.2,gyro,-1.0,0.05891673266887665,-0.7744050025939941,0.0,-1.6,0.012591239999892423,1,0.06147156403527288,0.06147156403527288,0.08240037585989386,0.06147068039148082,0.00032960150343957546,0.005361878910097319,0.02506591121701769,0.025065911217017685,-0.8718890394300329,0.06638563918561052,final,0.0,-0.8772509183401302
40.233325699926354,3768.305348979,odom,turning,4,4,,0.06666724607409642,0.028086138780370425,0.8619305025904085,-7.102163150952053,-5.9719791903123545,-2.117511035639121,-2.5609820218700134,-1.7686799764633179,1.4082885848940216,-1.4082885848940216,0.150641270000051,pixhawk_fused,True,0.8,0.2,gyro,-1.0,0.06400806456804276,-0.8413257598876953,0.0,-1.6,0.01146660399990651,1,0.06681688149681671,0.06681688149681671,0.08956557776803024,0.06681592101495056,0.000358262311072121,0.005361878910097319,0.027728275058768164,0.02772827505876816,-0.8565686236803112,0.0723419165539202,final,0.0,-0.8619305025904085
40.233622599975206,3768.405423403,odom,turning,4,4,,0.07215513126712736,0.030316618356012348,0.7823130859271687,-7.107218955730799,-5.975066383385107,-2.1971284523023606,-2.642166363135181,-1.6904140710830688,1.3290269340933167,-1.3290269340933167,0.06764844899998934,pixhawk_fused,True,0.8,0.2,gyro,-1.0,0.06414210796356201,-0.8430876135826111,0.0,-1.6,0.011505213999953412,1,0.07231664730647588,0.07231664730647588,0.09693781201925686,0.07231560776636561,0.00038775124807702743,0.005361878910097319,0.029929297336744487,0.029929297336744484,-0.7769512070170714,0.07826532001289259,final,0.0,-0.7823130859271687
40.23373500001617,3768.525316913,odom,turning,4,4,,0.07885830355955196,0.032370080506840156,0.6374947642025206,-7.113502683776775,-5.97817507883996,-2.341946774027009,-2.7382509874804444,-1.5340447425842285,1.1730300643504463,-1.1730300643504463,0.06942536499991547,pixhawk_fused,True,0.8,0.2,gyro,-1.0,0.06191292777657509,-0.8137871623039246,0.0,-1.5443954981543613,0.03036293700006354,1,0.07903073360452428,0.07903073360452428,0.10593779832507945,0.07902959755050927,0.0004237511933003178,0.005361878910097319,0.03194678854345884,0.03194678854345884,-0.6321328852924233,0.08524349917917354,final,0.0,-0.6374947642025206
40.553437200025655,3768.62673269,odom,turning,4,4,,0.0847485978419051,0.033614527553395473,0.6221514947244482,-7.119114805505205,-5.980354139392052,-2.357290043505081,-2.820755252675068,-1.5340447425842285,1.1730300643504463,-1.1730300643504463,0.17118972599973858,pixhawk_fused,True,0.8,0.2,gyro,-1.0,0.05944348871707916,-0.7813286781311035,0.0,-1.5078466880160686,0.03274448399997709,1,0.08492761575725091,0.08492761575725091,0.11384235246180772,0.08492639493650857,0.0004553694098472309,0.005361878910097319,0.033159634807936156,0.033159634807936156,-0.6167896158143509,0.0911716035770291,final,0.0,-0.6221514947244482
40.55359449994285,3768.744783508,odom,turning,4,4,,0.09160545992551478,0.034428272110975586,0.5030986799968789,-7.125750349122158,-5.982264191419133,-2.4763428582326505,-2.9167559027192693,-1.4106144905090332,1.0487617423594795,-1.0487617423594795,0.1057716979998986,pixhawk_fused,True,0.8,0.2,gyro,-1.0,0.05899308994412422,-0.7754086256027222,0.0,-1.2210445230685418,0.012297786000090127,1,0.0917887424534517,0.0917887424534517,0.12303944102563359,0.09178742300512266,0.0004921577641025344,0.005361878910097319,0.0339366021800413,0.03393660218004129,-0.49773680108678153,0.0978614643703663,final,0.0,-0.5030986799968789
40.553701899945736,3768.847559193,odom,turning,4,4,,0.09593614480617622,0.034595063131735784,0.40166842263330205,-7.129997298335904,-5.9831279466831155,-2.5777731155962273,-2.997383366496419,-1.3030980825424194,0.942578453070005,-0.942578453070005,0.0952432740000404,pixhawk_fused,True,0.8,0.2,gyro,-1.0,0.021439500153064728,-0.9706515073776245,0.0,-0.9805266893875686,0.023980494000170438,1,0.09612025939018976,0.09612025939018976,0.12884568053217857,0.09611887767700521,0.0005153827221287142,0.005361878910097319,0.034080170306543915,0.03408017030654391,-0.39630654372320473,0.10198314700655398,final,0.0,-0.40166842263330205
40.877462000004016,3768.966767554,odom,turning,4,4,,0.09862019986726911,0.03448698073579014,0.32647453553528205,-7.132663593716461,-5.983454599892058,-2.6529670026942473,-3.0952455964915306,-1.2340576648712158,0.8725617200792632,-0.8725617200792632,0.09017877799988128,pixhawk_fused,True,0.8,0.2,gyro,-1.0,-0.01034111250191927,-1.0873937606811523,0.0,-0.7932362587610864,0.0062726680002924695,1,0.09880369634648267,0.09880369634648267,0.13244272930204537,0.09880227605932584,0.0005297709172081815,0.005361878910097319,0.03395769795499855,0.03395769795499855,-0.32111265662518473,0.10447629234487059,final,0.0,-0.32647453553528205
40.87759940000251,3769.068079703,odom,turning,4,4,,0.09935433976646904,0.03438960007232511,0.24877260421757397,-7.1334038246577345,-5.983477017269142,-2.7306689340119554,3.108906811853379,-1.1546776294708252,0.7951621597469649,-0.7951621597469649,0.030423027999859187,pixhawk_fused,True,0.8,0.2,gyro,-1.0,-0.007704352494329214,-0.8438871502876282,0.0,-0.6045692250702884,0.01254748200017275,1,0.09953730355171649,0.09953730355171649,0.13342610284058273,0.09953587271907471,0.000533704411362331,0.005361878910097319,0.03385638234098381,0.03385638234098381,-0.24341072530747665,0.10513766890874761,final,0.0,-0.24877260421757397
40.877944299951196,3769.169744381,odom,turning,4,4,,0.1008512176251324,0.034063603511100146,0.16112631806490452,-7.134933696269365,-5.983396955208127,-2.818315220164625,3.0513735461363805,-1.0629490613937378,0.7006314145983061,-0.7006314145983061,0.08742292499982796,pixhawk_fused,True,0.8,0.2,gyro,-1.0,0.028432350605726242,-0.37371647357940674,0.0,-0.39006315161639726,0.003875934999996389,1,0.10103241194729184,0.10103241194729184,0.13543024078111082,0.10103095962270868,0.0005417209631244432,0.005361878910097319,0.03352236442654322,0.03352236442654322,-0.1557644391548072,0.1064485658927975,final,0.0,-0.16112631806490452
41.215463100001216,3769.285157528,odom,turning,4,4,,0.10285148764753313,0.03351340330456316,0.1133061921576779,-7.136996552458612,-5.983176898914707,-2.8661353460718515,3.0175600762909087,-1.0136398077011108,0.6495791612327895,-0.6495791612327895,0.051388675999987754,pixhawk_fused,True,0.8,0.2,gyro,-1.0,0.01953803189098835,-0.2568090260028839,0.0,-0.276527789383492,0.025374050999744213,1,0.1030297031233865,0.1030297031233865,0.13810753631107997,0.10302822208806565,0.0005524301452443198,0.005361878910097319,0.0329614469747887,0.0329614469747887,-0.10794431324758058,0.10817382637387365,final,0.0,-0.1133061921576779
41.215617900015786,3769.405079407,odom,turning,4,4,,0.10318022812721654,0.033417439863719,0.061941298722238525,-7.137336473094808,-5.98313526664298,-2.917500239507291,2.9925356548239295,-0.9568309187889099,0.5920873891771636,-0.5920873891771636,0.06426605700016808,pixhawk_fused,True,0.8,0.2,gyro,-1.0,-0.0025930956471711397,-0.17041902244091034,0.0,0.0,0.009177664000162622,1,0.10335792433559458,0.10335792433559458,0.1385475048018055,0.1033564385821469,0.000554190019207222,0.005361878910097319,0.0328637222552046,0.0328637222552046,-0.05657941981214121,0.10845683364099158,final,0.0,-0.061941298722238525
41.2157360999845,3769.506517646,odom,turning,4,4,,0.10317977663104558,0.03341751372278935,0.052542233039778896,-7.137336015597317,-5.98313526664298,-2.9268993051897505,2.992528013016476,-0.9466173648834229,0.5804891172335348,-0.5804891172335348,0.051271234000068944,pixhawk_fused,True,0.8,0.2,gyro,-1.0,0.0,0.0,0.0,0.0,0.005901361999804067,1,0.1033574732419353,0.1033574732419353,0.13854690012730833,0.10335598749497202,0.0005541876005092333,0.005361878910097319,0.03286379853406944,0.03286379853406944,-0.04718035412968158,0.10845642686832936,final,0.0,-0.052542233039778896
41.549980300012976,,mission_status,navigating,4,4,correcting final position at waypoint 4/4,0.10317977663104558,0.03341751372278935,0.052542233039778896,,,,,,,,,,,,,,,,,,,,,,,,,,,,,,,,,
41.55016520002391,3769.626194476,odom,navigating,4,4,,0.10317977663104558,0.03341751372278935,0.052542233039778896,-7.137336015597317,-5.98313526664298,-2.9268993051897505,2.992528013016476,-0.9466173648834229,0.5804891172335348,-0.5804891172335348,0.17162915800008705,pixhawk_fused,True,0.8,0.2,gyro,-1.0,0.0,0.0,0.054549746198459384,-0.28118332891789116,0.03024084699973173,1,0.1033574732419353,0.1033574732419353,0.13854690012730833,0.10335598749497202,0.0005541876005092333,0.005361878910097319,0.03286379853406944,0.03286379853406944,-0.04718035412968158,0.10845642686832936,,,
41.550395200029016,3769.745110047,odom,navigating,4,4,,0.10317977663104558,0.03341751372278935,0.05398457623337238,-7.137336015597317,-5.98313526664298,-2.925456961996157,2.992528013016476,-0.9480692148208618,0.5822697049323334,-0.5822697049323334,0.09193113899982563,pixhawk_fused,True,0.8,0.2,gyro,-1.0,0.0,0.0,0.05484637108546445,-0.28118332891788816,0.006502698000076634,1,0.1033574732419353,0.1033574732419353,0.13854690012730833,0.10335598749497202,0.0005541876005092333,0.005361878910097319,0.03286379853406944,0.03286379853406944,-0.048622697323275066,0.10845642686832936,,,
41.55057169997599,3769.845413464,odom,navigating,4,4,,0.10317977663104558,0.03341751372278935,0.05412242556571645,-7.137336015597317,-5.98313526664298,-2.925319112663813,2.992528013016476,-0.948295533657074,0.5824398721533227,-0.5824398721533227,0.09118364000005386,pixhawk_fused,True,0.8,0.2,gyro,-1.0,0.0,0.0,0.05487489543636824,-0.28118332891788944,0.006632009999975708,1,0.1033574732419353,0.1033574732419353,0.13854690012730833,0.10335598749497202,0.0005541876005092333,0.005361878910097319,0.03286379853406944,0.03286379853406944,-0.04876054665561913,0.10845642686832936,,,
41.876316700014286,3769.966390796,odom,navigating,4,4,,0.10317977663104558,0.03341751372278935,0.05427476991365099,-7.137336015597317,-5.98313526664298,-2.9251667683158784,2.992528013016476,-0.9484797716140747,0.5826279307796951,-0.5826279307796951,0.0359642690000328,pixhawk_fused,True,0.8,0.2,gyro,-1.0,0.0,0.0,0.05487489543636824,-0.28118332891788944,0.027932611999858636,1,0.1033574732419353,0.1033574732419353,0.13854690012730833,0.10335598749497202,0.0005541876005092333,0.005361878910097319,0.03286379853406944,0.03286379853406944,-0.04891289100355367,0.10845642686832936,,,
41.8766040999908,3770.066492014,odom,navigating,4,4,,0.10317977663104558,0.03341751372278935,0.054426222718024775,-7.137336015597317,-5.98313526664298,-2.9250153155115046,2.992528013016476,-0.9486537575721741,0.5828148869064036,-0.5828148869064036,0.012820771999940916,pixhawk_fused,True,0.8,0.2,gyro,-1.0,0.0,0.0,0.05490645490320792,-0.2811833289178868,0.027598027999829355,1,0.1033574732419353,0.1033574732419353,0.13854690012730833,0.10335598749497202,0.0005541876005092333,0.005361878910097319,0.03286379853406944,0.03286379853406944,-0.04906434380792746,0.10845642686832936,,,
41.87678499997128,3770.166735969,odom,navigating,4,4,,0.10336783851557915,0.0333570801447977,0.05518110342312843,-7.137531367026194,-5.983105986803523,-2.924260434806401,2.9952364695297113,-0.9489370584487915,0.5831116644998412,-0.5831116644998412,0.07106420900026933,pixhawk_fused,True,0.8,0.2,gyro,-1.0,0.0,0.0,0.05531034050224499,-0.28149483257115826,0.02829571299980671,1,0.10354520838713506,0.10354520838713506,0.1387985522004148,0.10354371994150943,0.0005551942088016592,0.005361878910097319,0.03280235746457992,0.03280235746457992,-0.04981922451303111,0.10861677971275574,,,
42.192978799925186,3770.28241472,odom,navigating,4,4,,0.10336783851557915,0.0333570801447977,0.055336982919766076,-7.137531367026194,-5.983105986803523,-2.9241045553097633,2.9952364695297113,-0.9490993618965149,0.5833041087512257,-0.5833041087512257,0.04052768599967749,pixhawk_fused,True,0.8,0.2,gyro,-1.0,0.0,0.0,0.05541888879089733,-0.2815990585145554,0.04464902100016843,1,0.10354520838713506,0.10354520838713506,0.1387985522004148,0.10354371994150943,0.0005551942088016592,0.005361878910097319,0.03280235746457992,0.03280235746457992,-0.04997510400966876,0.10861677971275574,,,
42.193108699982986,3770.382724395,odom,navigating,4,4,,0.10336783851557915,0.0333570801447977,0.0556093269633271,-7.137531367026194,-5.983105986803523,-2.9238322112662023,2.9952364695297113,-0.9494253396987915,0.5836403317914676,-0.5836403317914676,0.034853781000038,pixhawk_fused,True,0.8,0.2,gyro,-1.0,0.0,0.0,0.05545179521738053,-0.2815990585145507,0.04572123299976738,1,0.10354520838713506,0.10354520838713506,0.1387985522004148,0.10354371994150943,0.0005551942088016592,0.005361878910097319,0.03280235746457992,0.03280235746457992,-0.05024744805322978,0.10861677971275574,,,
42.193212599959224,3770.485752351,odom,navigating,4,4,,0.10336783851557915,0.0333570801447977,0.05573458130449227,-7.137531367026194,-5.983105986803523,-2.923706956925037,2.9952364695297113,-0.9495768547058105,0.5837949627578357,-0.5837949627578357,0.021106478000092466,pixhawk_fused,True,0.8,0.2,gyro,-1.0,0.0,0.0,0.05550938462549055,-0.2815990585145534,0.046079354000085004,1,0.10354520838713506,0.10354520838713506,0.1387985522004148,0.10354371994150943,0.0005551942088016592,0.005361878910097319,0.03280235746457992,0.03280235746457992,-0.05037270239439495,0.10861677971275574,,,
42.55022969993297,3770.606369044,odom,navigating,4,4,,0.10336783851557915,0.0333570801447977,0.05573458130449227,-7.137531367026194,-5.983105986803523,-2.923706956925037,2.9952364695297113,-0.9495768547058105,0.5837949627578357,-0.5837949627578357,0.1407314379998752,pixhawk_fused,True,0.8,0.2,gyro,-1.0,0.0,0.0,0.055535912256278484,-0.28159905851455286,0.011702689999765425,1,0.10354520838713506,0.10354520838713506,0.1387985522004148,0.10354371994150943,0.0005551942088016592,0.005361878910097319,0.03280235746457992,0.03280235746457992,-0.05037270239439495,0.10861677971275574,,,
42.550478799967095,3770.726767798,odom,navigating,4,4,,0.10336783851557915,0.0333570801447977,0.05604551021977189,-7.137531367026194,-5.983105986803523,-2.9233960280097575,2.9952364695297113,-0.9499502778053284,0.584178809899474,-0.584178809899474,0.07143188499958342,pixhawk_fused,True,0.8,0.2,gyro,-1.0,0.0,0.0,0.055587667969356394,-0.2815990585145565,0.03467069199996331,1,0.10354520838713506,0.10354520838713506,0.1387985522004148,0.10354371994150943,0.0005551942088016592,0.005361878910097319,0.03280235746457992,0.03280235746457992,-0.05068363130967457,0.10861677971275574,,,
42.550654000020586,3770.84261821,odom,navigating,4,4,,0.10336783851557915,0.0333570801447977,0.05618545614044956,-7.137531367026194,-5.983105986803523,-2.92325608208908,2.9952364695297113,-0.9501103162765503,0.5843515728994836,-0.5843515728994836,0.011213573000077304,pixhawk_fused,True,0.8,0.2,gyro,-1.0,0.0,0.0,0.055601877420892176,-0.28159905851455286,0.006357387000207382,1,0.10354520838713506,0.10354520838713506,0.1387985522004148,0.10354371994150943,0.0005551942088016592,0.005361878910097319,0.03280235746457992,0.03280235746457992,-0.050823577230352246,0.10861677971275574,,,
42.8744973000139,3770.94574557,odom,navigating,4,4,,0.10336783851557915,0.0333570801447977,0.056477381991701936,-7.137531367026194,-5.983105986803523,-2.9229641562378275,2.9952364695297113,-0.9504936337471008,0.5847119495305098,-0.5847119495305098,0.0026279119997525413,pixhawk_fused,True,0.8,0.2,gyro,-1.0,0.0,0.0,0.055631620588432566,-0.28159905851455025,0.0068730210000467196,1,0.10354520838713506,0.10354520838713506,0.1387985522004148,0.10354371994150943,0.0005551942088016592,0.005361878910097319,0.03280235746457992,0.03280235746457992,-0.05111550308160462,0.10861677971275574,,,
42.87463149998803,3771.066795214,odom,navigating,4,4,,0.10336783851557915,0.0333570801447977,0.056477381991701936,-7.137531367026194,-5.983105986803523,-2.9229641562378275,2.9952364695297113,-0.9504936337471008,0.5847119495305098,-0.5847119495305098,0.12384662599970397,pixhawk_fused,True,0.8,0.2,gyro,-1.0,0.0,0.0,0.055693770601393716,-0.2815990585145527,0.025870889000088937,1,0.10354520838713506,0.10354520838713506,0.1387985522004148,0.10354371994150943,0.0005551942088016592,0.005361878910097319,0.03280235746457992,0.03280235746457992,-0.05111550308160462,0.10861677971275574,,,
42.87472920003347,3771.166844025,odom,navigating,4,4,,0.10336783851557915,0.0333570801447977,0.056604805506483835,-7.137531367026194,-5.983105986803523,-2.9228367327230456,2.9952364695297113,-0.9506571888923645,0.5848692490520053,-0.5848692490520053,0.03229679300011412,pixhawk_fused,True,0.8,0.2,gyro,-1.0,0.0,0.0,0.055693770601393716,-0.2815990585145527,0.02829810200000793,1,0.10354520838713506,0.10354520838713506,0.1387985522004148,0.10354371994150943,0.0005551942088016592,0.005361878910097319,0.03280235746457992,0.03280235746457992,-0.05124292659638652,0.10861677971275574,,,
43.195294499979354,3771.284976747,odom,navigating,4,4,,0.10336783851557915,0.0333570801447977,0.05655791782939046,-7.137531367026194,-5.983105986803523,-2.922883620400139,2.9952364695297113,-0.9505580067634583,0.5848113681435216,-0.5848113681435216,0.03524451000021145,pixhawk_fused,True,0.8,0.2,gyro,-1.0,0.0,0.0,0.05572094367712941,-0.2815990585145558,0.046242145000178425,1,0.10354520838713506,0.10354520838713506,0.1387985522004148,0.10354371994150943,0.0005551942088016592,0.005361878910097319,0.03280235746457992,0.03280235746457992,-0.05119603891929314,0.10861677971275574,,,
43.19546249997802,3771.385326439,odom,navigating,4,4,,0.10346164370976053,0.03332690028533748,0.05610346745015482,-7.1376288139918875,-5.9830913468837945,-2.9233380707793746,2.9938860708894732,-0.9503352046012878,0.5845669485361878,-0.5845669485361878,0.027873410000211152,pixhawk_fused,True,0.8,0.2,gyro,-1.0,0.00255587138235569,-0.0335945226252079,0.05576575877260733,-0.28170330435144525,0.04649513900039892,1,0.10363885041290535,0.10363885041290535,0.1389240758997195,0.10363736062119075,0.000555696303598878,0.005361878910097319,0.032771675069268015,0.03277167506926801,-0.0507415885400575,0.10869679848898153,,,
43.19566720002331,3771.486069084,odom,navigating,4,4,,0.10449449438066293,0.032989659937107126,0.0532836105203236,-7.138702560604476,-5.982925275294374,-2.926157927709206,2.9790087223145947,-0.9503352046012878,0.5845669485361878,-0.5845669485361878,0.12857792700015125,pixhawk_fused,True,0.8,0.2,gyro,-1.0,0.017928501591086388,-0.23565328121185303,0.056109971949340164,-0.2824330409001479,0.04690199800006667,1,0.10466987800349999,0.10466987800349999,0.14030613055084518,0.1046683733909305,0.0005612245222033807,0.005361878910097319,0.03242890157511961,0.03242890157511961,-0.04792173161022628,0.10957836017497417,,,
43.51495079998858,3771.601839146,odom,navigating,4,4,,0.1069111453653609,0.032136774302306825,0.04276396034809338,-7.141225201772697,-5.982473725270247,-2.936677577881436,2.943905898520804,-0.9443020224571228,0.5797566205815975,-0.5797566205815975,0.04523798700029147,pixhawk_fused,True,0.8,0.2,gyro,-1.0,0.022968612611293793,-0.30190080404281616,0.05848551745509013,-0.2866707806037554,0.012915195000005042,1,0.10708192120164532,0.10708192120164532,0.14353938594684307,0.10708038191634493,0.0005741575437873723,0.005361878910097319,0.03156307047255323,0.03156307047255324,-0.03740208143799606,0.11163675589110755,,,
43.515107800019905,3771.705567749,odom,navigating,4,4,,0.10953291394637353,0.031103843187852663,-0.012359104525542897,-7.143979336671625,-5.981877606038801,-2.9918006427550723,2.905293527747414,-0.89061439037323,0.5208050305204097,-0.5208050305204097,0.04825620200017511,pixhawk_fused,True,0.8,0.2,gyro,-1.0,0.03087596781551838,-0.4058355391025543,0.05144991017764154,-0.29279244994936837,0.013558826000007684,1,0.10969811367013854,0.10969811367013854,0.14704629594838403,0.10969653677749448,0.0005881851837935361,0.005361878910097319,0.030516096668013783,0.030516096668013783,0.017720983435640214,0.1138635512296986,,,
43.51521189999767,3771.807239832,odom,navigating,4,4,,0.11236027786178891,0.029856947205344132,-0.020304795436460132,-7.1469709127686505,-5.981103520283156,-2.9997463336659895,2.862958014294837,-0.89061439037323,0.5208050305204097,-0.5208050305204097,0.15001148700002886,pixhawk_fused,True,0.8,0.2,gyro,-1.0,0.03333952650427818,-0.4382166862487793,0.0532726988077239,-0.2963069514041601,0.013885539000057179,1,0.1125187512694185,0.1125187512694185,0.15082725714552964,0.11251713383056511,0.0006033090285821186,0.005361878910097319,0.02925405869912496,0.02925405869912496,0.02566667434655745,0.11625949138715995,,,
43.83059679996222,3771.907455713,odom,navigating,4,4,,0.11534243249640799,0.02838307273330036,-0.06005566290212627,-7.150151892827163,-5.980130423118701,-3.0394972011316557,2.817380044132468,-0.8513383865356445,0.4823893649534885,-0.4823893649534885,0.07164022999995723,pixhawk_fused,True,0.8,0.2,gyro,-1.0,0.03602196276187897,-0.47347480058670044,0.05190055025858343,-0.3038962822214206,0.013466642999901524,1,0.11549296033746607,0.11549296033746607,0.15481407526117735,0.1154913001448383,0.0006192563010447094,0.005361878910097319,0.02776421553836409,0.027764215538364095,0.06541754181222359,0.11878331344078702,,,
43.830762499943376,3772.022308076,odom,navigating,4,4,,0.11917426295767387,0.026231523716710205,-0.1430627280495984,-7.154280807688098,-5.9786257138691035,-3.122504266279128,2.7571688161534698,-0.7630968689918518,0.3941403062002365,-0.3941403062002365,0.06976914999995643,pixhawk_fused,True,0.8,0.2,gyro,-1.0,0.03864327073097229,-0.5079293847084045,0.05,-0.3424171090898116,0.030834015999971598,1,0.1193131994267704,0.1193131994267704,0.15993496557483045,0.11931148431882352,0.0006397398622993217,0.005361878910097319,0.025592151737453443,0.025592151737453446,0.14842460695969573,0.12202703711884973,,,
43.8308631000109,3772.123085275,odom,navigating,4,4,,0.1222172925911186,0.024296628903553035,-0.15227080151945271,-7.157596292009116,-5.977207471645404,-3.131712339748982,2.7077685078775624,-0.7630968689918518,0.3941403062002365,-0.3941403062002365,0.16989036699987992,pixhawk_fused,True,0.8,0.2,gyro,-1.0,0.03877333924174309,-0.5096390247344971,0.05,-0.33193983888273304,0.034600786000282824,1,0.1223458106951758,0.1223458106951758,0.16400006969696027,0.12234405199393236,0.0006560002787878411,0.005361878910097319,0.023640968459863677,0.023640968459863677,0.15763268042955003,0.12460895948678836,,,
44.15432879992295,3772.229789836,odom,navigating,4,4,,0.1251932222134019,0.02218959726474259,-0.20851285218818205,-7.160873346540847,-5.975608517912554,3.0952309167618752,2.6578112612453477,-0.7064197063446045,0.33646894138619343,-0.33646894138619343,0.08987843299973974,pixhawk_fused,True,0.8,0.2,gyro,-1.0,0.03632757440209389,-0.4774917662143707,0.05,-0.3548289702233208,0.03831931800004895,1,0.12531039994457902,0.12531039994457902,0.1679739927987192,0.12530859862784452,0.0006718959711948767,0.005361878910097319,0.021518010611470444,0.02151801061147044,0.21387473109827937,0.12714448912534784,,,
44.15457479993347,3772.344728456,odom,navigating,4,4,,0.12879683578924647,0.019342927488279593,-0.28779936896952574,-7.164889259521377,-5.9733809626263605,3.015944399980531,2.60569483708467,-0.6207894682884216,0.25095811387464445,-0.25095811387464445,0.09074615100007577,pixhawk_fused,True,0.8,0.2,gyro,-1.0,0.0460926853120327,-0.4712127447128296,0.05,-0.38240280449431374,0.005920064999827446,1,0.1288986982935596,0.1288986982935596,0.1727839750611483,0.12889684539561663,0.0006911359002445931,0.005361878910097319,0.018652059708376967,0.018652059708376967,0.29316124787962305,0.13024121372721834,,,
44.15477090002969,3772.445232922,odom,navigating,4,4,,0.1317291732681258,0.01677388544851661,-0.3339508503389439,-7.168197881380023,-5.971319021432097,2.9697929186111134,2.5522738403347525,-0.5766879916191101,0.20647903283998412,-0.20647903283998412,0.011269090000041615,pixhawk_fused,True,0.8,0.2,gyro,-1.0,0.04095496982336044,-0.5383145213127136,0.05,-0.3682473908629805,0.006661416000042664,1,0.13181721879423375,0.13181721879423375,0.1766961446957514,0.13181532394303055,0.0007067845787830056,0.005361878910097319,0.016067331835030386,0.016067331835030386,0.3393127292490412,0.13279283987830018,,,
44.49203800002579,3772.567326167,odom,navigating,4,4,,0.1348996951397469,0.013657333746369061,-0.3858012159453672,-7.1718299539651715,-5.968755205489639,2.91794255300469,2.4913607817517516,-0.5264934301376343,0.15670644682213705,-0.15670644682213705,0.024425630000223464,pixhawk_fused,True,0.8,0.2,gyro,-1.0,0.038765545934438705,-0.509536623954773,0.05,-0.37440070221565763,0.028564797999933944,1,0.13497098459734233,0.13497098459734233,0.1809236520258254,0.13496904441126573,0.0007236946081033015,0.005361878910097319,0.012933825059909388,0.012933825059909386,0.3911630948554645,0.13558927138183302,,,
44.49217199999839,3772.685101045,odom,navigating,4,4,,0.13799712381535667,0.010210154595704003,-0.478679512313823,-7.175443269153167,-5.965853298900951,2.825064256636234,2.427853627687001,-0.42649245262145996,0.05706577103897971,-0.05706577103897971,0.020858983999914926,pixhawk_fused,True,0.8,0.2,gyro,-1.0,0.043544985353946686,-0.5723578333854675,0.05,-0.4417821146837566,0.04638397399958194,1,0.1380498854792937,0.1380498854792937,0.18505080567629334,0.13804790103451484,0.0007402032227051734,0.005361878910097319,0.009470087503975232,0.009470087503975233,0.4840413912239203,0.1383743236232035,,,
44.49227059993427,3772.785473514,odom,navigating,4,4,,0.14045943292975133,0.007122768359788999,-0.48877882769935965,-7.1783717105963625,-5.96320393092758,2.8149649412506967,2.373753579345057,-0.42649245262145996,0.05706577103897971,-0.05706577103897971,0.1209224610001911,pixhawk_fused,True,0.8,0.2,gyro,-1.0,0.04354064539074898,-0.5723007917404175,0.05,-0.4418358367160482,0.046339808000084304,1,0.1404956050865687,0.1404956050865687,0.18832920306295708,0.140493585484966,0.0007533168122518284,0.005361878910097319,0.006369543108689299,0.006369543108689299,0.49414070660945697,0.1406399165530701,,,
44.81583410000894,3772.905568682,odom,navigating,4,4,,0.14316187318957105,0.0032900695214185434,-0.5400965908722561,-7.181657457580433,-5.9598577942746305,2.763647178077801,2.3108569165577033,-0.3771160840988159,0.008373681362122715,-0.008373681362122715,0.06372210700010328,pixhawk_fused,True,0.8,0.2,gyro,-1.0,0.043749578297138214,-0.5073975324630737,0.05,-0.42944203105101986,0.013456494999900315,1,0.1431774561306465,0.1431774561306465,0.19192412597569533,0.1431753979778687,0.0007676965039027814,0.005361878910097319,0.0025224092767412005,0.002522409276741201,0.5454584697823535,0.1431996735073184,,,
44.81605489994399,3773.005647047,odom,navigating,4,4,,0.14532285848929516,-0.00019120506906147167,-0.6345074912370992,-7.184352117805464,-5.95677105869937,2.6692362777129577,2.254719854741552,-0.2736378312110901,-0.09476777548029977,0.09476777548029977,0.053103074000318884,pixhawk_fused,True,0.8,0.2,gyro,-1.0,0.043747518211603165,-0.5750199556350708,0.05,-0.4116404158569844,0.012264749000223674,1,0.14531974428319058,0.14531974428319058,0.19479578463185931,0.14531765533536706,0.0007791831385274373,0.005361878910097319,0.0009704021569629856,-0.0009704021569629857,0.6398693701471965,0.14532298427598486,,,
44.81647660001181,3773.106355729,odom,navigating,4,4,,0.14728434695700648,-0.0037867989083207147,-0.6449159867770593,-7.186868354008803,-5.953539296419299,2.6588277821729975,2.1986055860744713,-0.2736378312110901,-0.09476777548029977,0.09476777548029977,0.1529738700000962,pixhawk_fused,True,0.8,0.2,gyro,-1.0,0.0463116355240345,-0.6087228655815125,0.05,-0.4507730359501392,0.0113173659997301,1,0.14726192550842465,0.14726192550842465,0.19739920729498672,0.1472598086420601,0.0007895968291799469,0.005361878910097319,0.004576461523394973,-0.004576461523394972,0.6502778656871566,0.14733301973598426,,,
45.130562099977396,3773.222812697,odom,navigating,4,4,,0.1492170628874779,-0.007895503200011922,-0.7427676958056955,-7.189439032413634,-5.949796509441204,2.5609760731443614,2.1363878419535687,-0.168747678399086,-0.20071639806464273,0.20071639806464273,0.07080841900005908,pixhawk_fused,True,0.8,0.2,gyro,-1.0,0.039188724011182785,-0.5150988698005676,0.05,-0.49052643936826607,0.03627811300020767,1,0.1491725833870888,0.1491725833870888,0.19996037406880193,0.14917043905532623,0.0007998414962752077,0.005361878910097319,0.008695469692257757,-0.008695469692257757,0.7481295747157928,0.14942580375406028,,,
45.13071649998892,3773.324861714,odom,navigating,4,4,,0.1507930836343958,-0.01184108790585687,-0.7946318911287547,-7.19163136039298,-5.946157116896192,2.509111877821302,2.078183221843859,-0.11880887299776077,-0.2511304916782673,0.2511304916782673,0.06509392299994943,pixhawk_fused,True,0.8,0.2,gyro,-1.0,0.04393208026885986,-0.5774458646774292,0.05,-0.4720521973139322,0.03535947000000306,1,0.15072742583291132,0.15072742583291132,0.20204458331171585,0.15072525915054003,0.0008081783332468634,0.005361878910097319,0.012649448072874162,-0.01264944807287416,0.799993770038852,0.15125728225366247,,,
45.130830699927174,3773.42585824,odom,navigating,4,4,,0.15210747607948635,-0.015773542555612634,-0.8051028226645762,-7.1935633722996535,-5.9424884445117225,2.4986409462854806,2.0213823855851154,-0.11880887299776077,-0.2511304916782673,0.2511304916782673,0.16613404000008813,pixhawk_fused,True,0.8,0.2,gyro,-1.0,0.04135199263691902,-0.5435330271720886,0.05,-0.4651821632897242,0.03417955700024322,1,0.15202071413920448,0.15202071413920448,0.20377818882844898,0.15201852886602293,0.0008151127553137959,0.005361878910097319,0.016588893773591733,-0.016588893773591733,0.8104647015746735,0.15292314711653443,,,
45.47335139999632,3773.544941713,odom,navigating,4,4,,0.1532609897360872,-0.020057496012079325,-0.8611515566661296,-7.195393362265718,-5.938446911671668,2.4425922122839268,1.9605837898849472,-0.06280146539211273,-0.3061186689777668,0.3061186689777668,0.10687746300027356,pixhawk_fused,True,0.8,0.2,gyro,-1.0,0.0384163074195385,-0.5049461722373962,0.05,-0.44163550572241955,0.0065854920003403095,1,0.15315124128460664,0.15315124128460664,0.20529361898160883,0.1531490397602802,0.0008211744759264353,0.005361878910097319,0.020878970619831953,-0.02087897061983195,0.866513435576227,0.15456789485905412,,,
45.473605799954385,3773.664121497,odom,navigating,4,4,,0.15411937730670583,-0.024218534417161954,-0.976906980586401,-7.196912253937552,-5.934479035927747,2.3268367883636563,1.9023637496153842,0.06569451838731766,-0.4348820648534592,0.4348820648534592,0.04067103300030794,pixhawk_fused,True,0.8,0.2,gyro,-1.0,0.038765545934438705,-0.509536623954773,0.05,-0.4599824338259465,0.027195501999813132,1,0.15398730563888013,0.15398730563888013,0.20641433256871825,0.15398509209626382,0.000825657330274873,0.005361878910097319,0.025044551758818253,-0.02504455175881825,0.9822688594964983,0.15601064024842026,,,
45.47378709993791,3773.764242417,odom,navigating,4,4,,0.15468247768983723,-0.02797709353175286,-1.001346296462108,-7.198074755063495,-5.9308606882673445,2.302397472487949,1.850285623956726,0.08413606882095337,-0.45302948096826634,0.45302948096826634,0.032202480000250944,pixhawk_fused,True,0.8,0.2,gyro,-1.0,0.04134991392493248,-0.5435056686401367,0.05,-0.47085759434041646,0.028021441999953822,1,0.15453024508525087,0.15453024508525087,0.20714212297314719,0.1545280237379678,0.0008285684918925887,0.005361878910097319,0.028806076106331065,-0.028806076106331065,1.0067081753722054,0.15719219658351824,,,
45.810509699978866,3773.866725792,odom,navigating,4,4,,0.1550879767170983,-0.032302324483089374,-1.0961451984168615,-7.1991732065406255,-5.926657658812784,2.207598570533195,1.790761084414236,0.18845218420028687,-0.5558719046755132,0.5558719046755132,0.01384583599974576,pixhawk_fused,True,0.8,0.2,gyro,-1.0,0.046518657356500626,-0.6114439368247986,0.05,-0.4303220082966907,0.028170216000034998,1,0.1549125470300339,0.1549125470300339,0.20765458470137024,0.1549103201872222,0.0008306183388054809,0.005361878910097319,0.033133419109436346,-0.03313341910943634,1.1015070773269588,0.15841628921677853,,,
45.81070929998532,3773.986395544,odom,navigating,4,4,,0.15524046932000782,-0.037182328835764326,-1.1515870979922465,-7.200111533895726,-5.921866287584134,2.15215667095781,1.7265520914103736,0.24193134903907776,-0.6093030870003995,0.6093030870003995,0.030059092000101373,pixhawk_fused,True,0.8,0.2,gyro,-1.0,0.04097535461187363,-0.538582444190979,0.05,-0.47571777076963784,0.04730609699981869,1,0.1550388715738445,0.1550388715738445,0.20782391811680687,0.1550366429151379,0.0008312956724672275,0.005361878910097319,0.03801417095579154,-0.038014170955791536,1.1569489769023438,0.15963122781068623,,,
45.810862999991514,3774.102871178,odom,navigating,4,4,,0.15508603506917482,-0.04201722319661527,-1.1630685245368078,-7.200739677951578,-5.917069883883077,2.1406752444132495,1.6643419921782532,0.24193134903907776,-0.6093030870003995,0.6093030870003995,0.14866552100011177,pixhawk_fused,True,0.8,0.2,gyro,-1.0,0.04374752193689346,-0.5073705315589905,0.05,-0.418377127303385,0.012100752999685938,1,0.15485851554909136,0.15485851554909136,0.20758215748387865,0.15485628948297347,0.0008303286299355146,0.005361878910097319,0.042848167762033124,-0.042848167762033124,1.168430403446905,0.16067708398720554,,,
46.135314099956304,3774.205303221,odom,navigating,4,4,,0.15471400277272424,-0.04609658372804507,-1.2551154443374166,-7.201031103853674,-5.9129839737863445,2.0486283246126398,1.6082125640395237,0.3425465226173401,-0.7094517642302808,0.7094517642302808,0.05115281100006541,pixhawk_fused,True,0.8,0.2,gyro,-1.0,0.043740950524806976,-0.5749335885047913,0.05458566115008377,-0.41697555879706344,0.012114919999930862,1,0.15446461566815195,0.15446461566815195,0.20705414914782996,0.15446239526428115,0.0008282165965913199,0.005361878910097319,0.04692547487074905,-0.04692547487074905,1.260477323247514,0.16143518106458454,,,
46.135553500032984,3774.306785011,odom,navigating,4,4,,0.15407704493313285,-0.05039267337160189,-1.2653025343899316,-7.201096068497469,-5.908641407596872,2.0384412345601257,1.5527621346530034,0.3425465226173401,-0.7094517642302808,0.7094517642302808,0.15127897000002122,pixhawk_fused,True,0.8,0.2,gyro,-1.0,0.046313948929309845,-0.5411140322685242,0.05713085698741574,-0.4192703316940575,0.0136445640000602,1,0.15380463198264627,0.15380463198264627,0.20616946523583674,0.1538024210659342,0.000824677860943347,0.005361878910097319,0.05121808748427003,-0.05121808748427003,1.2706644133000289,0.16210847388358077,,,
46.13573239999823,3774.425337257,odom,navigating,4,4,,0.15275161123244838,-0.0567776717468237,-1.3191709103950071,-7.20081882501761,-5.9021261858201886,1.9845728585550502,1.5013400210779126,0.396658718585968,-0.7638650379224118,0.7638650379224118,0.08915032100003373,pixhawk_fused,True,0.8,0.2,gyro,-1.0,0.062031105160713196,-0.4076702296733856,0.07892576963125449,-0.4212770088219575,0.03262448699979359,1,0.15244498191077163,0.15244498191077163,0.20434690420751941,0.1524427905388095,0.0008173876168300777,0.005361878910097319,0.05759588729521946,-0.05759588729521946,1.3245327893051044,0.16296244580607863,,,
46.49153440003283,3774.542394042,odom,navigating,4,4,,0.15044536972068506,-0.0657095212723213,-1.3690764480530628,-7.199984807090575,-5.89293917869305,1.9346673208969936,1.4560366266353761,0.4474823772907257,-0.8147974893493947,0.8147974893493947,0.09644029400033105,pixhawk_fused,True,0.8,0.2,gyro,-1.0,0.09471307694911957,-0.3701096475124359,0.08397479182990653,-0.4238462220407249,0.006230353999853833,1,0.15009088228473588,0.15009088228473588,0.20119132004366644,0.15008872475257518,0.0008047652801746657,0.005361878910097319,0.06651524269835316,-0.06651524269835316,1.3744383269631602,0.16416927378846283,,,
46.49188669992145,3774.664308216,odom,navigating,4,4,,0.14736820510896823,-0.0757720190525858,-1.4561635212338775,-7.198572512334265,-5.88251189586641,1.8475802477161798,1.4093294717540241,0.543398916721344,-0.9109924810273942,0.9109924810273942,0.029256002000238368,pixhawk_fused,True,0.8,0.2,gyro,-1.0,0.09562167525291443,-0.373660147190094,0.09855895288244104,-0.42753821625074206,0.02711154100006752,1,0.14695980827065824,0.14695980827065824,0.19699423022410203,0.14695769574718012,0.0007879769208964082,0.005361878910097319,0.07656109652686362,-0.07656109652686362,1.4615254001439748,0.1657069302966667,,,
46.49207749997731,3774.782573061,odom,navigating,4,4,,0.143449550351694,-0.08673342138390594,-1.5057752204821764,-7.196474886335663,-5.87106164864874,1.79796854846788,1.3633776692993669,0.5930472612380981,-0.9614380629403886,0.9614380629403886,0.04071514199995363,pixhawk_fused,True,0.8,0.2,gyro,-1.0,0.10502025485038757,-0.3703491687774658,0.10959710928795507,-0.43200334918669386,0.04601746499974979,1,0.14298243641304814,0.14298243641304814,0.19166270920059958,0.14298038106364727,0.0007666508368023983,0.005361878910097319,0.08750133003817726,-0.08750133003817726,1.5111370993922737,0.1676319178469941,,,
46.794152999995276,3774.885070472,odom,navigating,4,4,,0.13963857881098166,-0.09610706669981545,-1.542128164291947,-7.194227201159843,-5.861195715244191,1.7616156046581093,1.3248111223141354,0.6286425590515137,-0.9972864909513292,0.9972864909513292,0.02792635200012228,pixhawk_fused,True,0.8,0.2,gyro,-1.0,0.1126934364438057,-0.3366475999355316,0.10777101733463437,-0.43460126849221264,0.04743862999976045,1,0.1391212595441337,0.1391212595441337,0.18648694329561114,0.1391192596985259,0.0007459477731824446,0.005361878910097319,0.09685440673943184,-0.09685440673943185,1.5474900432020444,0.16951548885571935,,,
46.79430179996416,3774.985480735,odom,navigating,4,4,,0.13512876697298035,-0.10609420894442886,-1.54862075699209,-7.191388886722476,-5.850611510777962,1.7551230119579673,1.2896318438335943,0.6286425590515137,-0.9972864909513292,0.9972864909513292,0.12816828599989094,pixhawk_fused,True,0.8,0.2,gyro,-1.0,0.12040703743696213,-0.235711932182312,0.12743475538914906,-0.44055576373569244,0.04655969100031143,1,0.13455796294316508,0.13455796294316508,0.18037001165443428,0.13455602869420796,0.0007214800466177372,0.005361878910097319,0.1068172244713743,-0.10681722447137429,1.5539826359021873,0.17180152745299487,,,
46.794417200027965,3775.08559895,odom,navigating,4,4,,0.12952836353738173,-0.11748281998723276,-1.6130057612018103,-7.187700541945872,-5.838468154860645,1.6907380077482461,1.2578172747441951,0.7005744576454163,-1.0690495824261008,1.0690495824261008,0.0062623520002489386,pixhawk_fused,True,0.8,0.2,gyro,-1.0,0.14624400436878204,-0.3035115897655487,0.1613673428956549,-0.4048157673702414,0.046525692000159324,1,0.1288965759516915,0.1288965759516915,0.17278113013975446,0.12889472308425684,0.0006911245205590179,0.005361878910097319,0.11817564326355277,-0.11817564326355276,1.6183676401119076,0.1748708379142293,,,
47.133115399978124,3775.205787521,odom,navigating,4,4,,0.1209671546029087,-0.13354114732527558,-1.6201245085407283,-7.181844116556972,-5.821238341832649,1.683619260409329,1.2192813186501565,0.7005744576454163,-1.0690495824261008,1.0690495824261008,0.12644740599989746,pixhawk_fused,True,0.8,0.2,gyro,-1.0,0.1410607099533081,-0.4382878243923187,0.09131820819930192,-0.4599922726767257,0.017143841000233806,4,2.4770550102591087,0.37143895754532374,0.7369588491468507,-0.0010521646034125972,-0.13257274002998726,1.5628599854874305,0.12202316203190154,-0.12202316203190154,-3.100200813151427,0.1801840462462617,,,
47.13325029995758,3775.324966583,odom,navigating,4,4,,0.11322178080874871,-0.14676603206210145,-1.6470755587697141,-7.176335389261624,-5.806936512750358,1.6566682101803423,1.1759768507435269,0.7239777445793152,-1.0923364973707497,1.0923364973707497,0.09098925399985092,pixhawk_fused,True,0.8,0.2,gyro,-1.0,0.12405598163604736,-0.20382492244243622,0.11536488683600778,-0.47443647688026735,0.03311119599993617,4,2.463769072723473,0.3581530200096883,0.7105986921487683,-0.0011576052314049268,-0.14585825915702078,1.5628599854874305,0.11438298825686315,-0.11438298825686315,-3.0732497629224413,0.18536299473400328,,,
47.1333504000213,3775.425097927,odom,navigating,4,4,,0.10711831938839358,-0.15616008752246316,-1.7123089248709373,-7.171828581472696,-5.796680333985546,1.591434844079119,1.1279727264671384,0.7953160405158997,-1.1614310509605705,1.1614310509605705,0.08195864099980099,pixhawk_fused,True,0.8,0.2,gyro,-1.0,0.11370084434747696,-0.47551971673965454,0.12836294625684275,-0.4805707270881491,0.03190500599976076,4,2.4543268744617652,0.34871082174798024,0.6918647617868307,-0.0012325409528526773,-0.15530016005943736,1.5628599854874305,0.10835427269808015,-0.10835427269808016,-3.008016396821218,0.18936817917384444,,,
47.4928254999686,3775.545429513,odom,navigating,4,4,,0.09915640624308153,-0.16707569621210575,-1.7627701585393307,-7.165733342393225,-5.784622530099142,1.5409736104107266,1.0644502609078,0.842491865158081,-1.2089622087223828,1.2089622087223828,0.0913677989997268,pixhawk_fused,True,0.8,0.2,gyro,-1.0,0.11267253756523132,-0.6731409430503845,0.08860007931889272,-0.49953655858052337,0.006607417999930476,4,2.443348421736069,0.3377323690222843,0.6700828034817309,-0.0013196687860730764,-0.16627826704520765,1.5628599854874305,0.10047923938078217,-0.10047923938078217,-2.9575551631528247,0.19428402189527286,,,
47.49317579995841,3775.667097212,odom,navigating,4,4,,0.09150885780967458,-0.17632749024428127,-1.835723580903979,-7.159679735585481,-5.774257466931349,1.4680201880460775,1.006970506041559,0.9196614027023315,-1.2853889053805172,1.2853889053805172,0.014629649000198697,pixhawk_fused,True,0.8,0.2,gyro,-1.0,0.09562310576438904,-0.5095178484916687,0.10152785646102824,-0.5114940173840776,0.02831124899967108,4,2.4340362261494635,0.32842017343567853,0.6516068068122163,-0.0013935727727511348,-0.175590169366643,1.5628599854874305,0.09290535641285183,-0.09290535641285186,-2.8846017407881765,0.19865863906077266,,,
47.49333700002171,3775.785272558,odom,navigating,4,4,,0.08392064601033707,-0.18442309086657604,-1.905343794631447,-7.153498029480113,-5.765043009954719,1.3983999743186093,0.9414263018088026,0.9909650683403015,-1.3559283008916676,1.3559283008916676,0.03101882500004649,pixhawk_fused,True,0.8,0.2,gyro,-1.0,0.08963804692029953,-0.5722723603248596,0.09672146244033797,-0.5168877625881824,0.04647711799998433,4,2.4258806584720483,0.32026460575826354,0.6354256345156792,-0.001458297461937283,-0.18374548020409764,1.5628599854874305,0.08538163236113329,-0.0853816323611333,-2.8149815270607084,0.20261922729981394,,,
47.83558890002314,3775.905553108,odom,navigating,4,4,,0.07566690000468546,-0.19214928733655506,-1.9165625493790994,-7.146599882303031,-5.756085666568322,1.3871812195709579,0.8798952557343662,0.9909650683403015,-1.3559283008916676,1.3559283008916676,0.15110232500001075,pixhawk_fused,True,0.8,0.2,gyro,-1.0,0.11063887923955917,-0.37201592326164246,0.10323361608507203,-0.5320508868247892,0.013478439000209619,4,2.4180892014622892,0.3124731487485043,0.619966881268482,-0.001520132474926072,-0.19153669184068506,1.5628599854874305,0.07718946337584014,-0.07718946337584015,-2.803762772313056,0.20651108536895801,,,
47.835772300022654,3776.007507681,odom,navigating,4,4,,0.06917079381852591,-0.19754193817627846,-1.9691620917747432,-7.141059587680768,-5.749715013998957,1.3345816771753132,0.8210879060650353,1.0418487787246704,-1.4071634700639546,1.4071634700639546,0.07095024700038266,pixhawk_fused,True,0.8,0.2,gyro,-1.0,0.0797669067978859,-0.6426049470901489,0.10827814021089081,-0.5367516662417664,0.012410708000061277,4,2.412645165676457,0.307029112962672,0.6091655631354703,-0.0015633377474581185,-0.19698055617972293,1.5628599854874305,0.07073635923724089,-0.07073635923724089,-2.7511632299174122,0.20930221225760048,,,
47.83588389994111,3776.127147526,odom,navigating,4,4,,0.05974087230390137,-0.2044893002840254,-2.0740782077756066,-7.132874957557541,-5.741336404939328,1.2296655611744507,0.7636461795392818,1.1575640439987183,-1.5226252035839856,1.5226252035839856,0.030546577999757574,pixhawk_fused,True,0.8,0.2,gyro,-1.0,0.12148978561162949,-0.23783157765865326,0.10430248515215629,-0.545949947398306,0.03465639600017312,4,2.4056231840691304,0.30000713135534546,0.5952334987169602,-0.0016190660051321592,-0.20400231664665208,1.5628599854874305,0.06136187075335522,-0.061361870753355204,-2.646247113916549,0.2130371933590033,,,
48.15399619995151,3776.227553511,odom,navigating,4,4,,0.05183327230256962,-0.20961210796444285,-2.084514261873826,-7.125898120811918,-5.73500418215925,1.2192295070762302,0.7062350027637286,1.1575640439987183,-1.5226252035839856,1.5226252035839856,0.1310344499997882,pixhawk_fused,True,0.8,0.2,gyro,-1.0,0.11701187491416931,-0.307602196931839,0.10590293871708496,-0.5551137159860334,0.035601741000391485,4,2.4004377809654676,0.29482172825168274,0.5849453245068774,-0.0016602187019724903,-0.20918755644853376,1.5628599854874305,0.0534951757062512,-0.0534951757062512,-2.6358110598183293,0.21592573705533477,,,
48.15415179997217,3776.34541444,odom,navigating,4,4,,0.04227497658279037,-0.2149581302878501,-2.1317761854958253,-7.117328277800834,-5.7281851820482,1.1719675834542311,0.6371813405728142,1.2001924514770508,-1.5651326365216076,1.5651326365216076,0.10233608099997582,pixhawk_fused,True,0.8,0.2,gyro,-1.0,0.11267317831516266,-0.3365520238876343,0.10988056970851821,-0.5638734245111299,0.006580417999884958,4,2.395016069901329,0.28940001718754443,0.5741883000616251,-0.0017032467997534994,-0.2146090967689409,1.5628599854874305,0.043979608414380526,-0.043979608414380526,-2.58854913619633,0.2190757207495249,,,
48.15425769996364,3776.44570252,odom,navigating,4,4,,0.03288599939421521,-0.21945615104279703,-2.236608759229579,-7.108788629624192,-5.722230394698624,1.0671350097204773,0.5769548703854203,1.315507411956787,-1.6797571444256603,1.6797571444256603,0.09541345099978571,pixhawk_fused,True,0.8,0.2,gyro,-1.0,0.11262795329093933,-0.5382910966873169,0.10506309993722086,-0.5722403590704906,0.006593843000246125,4,2.390443677455431,0.28482762474164647,0.5651163785350158,-0.0017395344858599365,-0.21918134521835203,1.5628599854874305,0.034626624362206905,-0.034626624362206905,-2.4837165624625763,0.22190649198857448,,,
48.49367410002742,3776.565925553,odom,navigating,4,4,,0.02130496120287119,-0.22415697197020212,-2.2989858567403387,-7.098118415629557,-5.715721577886821,1.004757912209718,0.5058871172250385,1.374436378479004,-1.7402082765443623,1.7402082765443623,0.10523715299996184,pixhawk_fused,True,0.8,0.2,gyro,-1.0,0.10854899138212204,-0.6114746332168579,0.10761246040410505,-0.5810840882240171,0.027171002000159206,4,2.3856510944621188,0.280035041748334,0.5556075847603043,-0.001777569660958783,-0.22397377728080664,1.5628599854874305,0.023083257815435975,-0.023083257815435975,-2.421339464951817,0.22516715891689407,,,
48.49382630002219,3776.682322187,odom,navigating,4,4,,0.009897888580815618,-0.22785386196516577,-2.405723386324975,-7.0874578090822435,-5.710231607988626,0.8980203826250817,0.4349337293484554,1.4868886470794678,-1.8549300134523212,1.8549300134523212,0.032304382999882364,pixhawk_fused,True,0.8,0.2,gyro,-1.0,0.09989731013774872,-0.5723578333854675,0.11168156803565786,-0.5850107338405582,0.04606283399971289,4,2.381863791420501,0.27624773870671654,0.548093331249133,-0.0018076266750034682,-0.22776096105043697,1.5628599854874305,0.01170588390443758,-0.01170588390443758,-2.3146019353671807,0.22806874097692356,,,
48.49394199997187,3776.785434858,odom,navigating,4,4,,-0.000338531986689386,-0.2304618518053473,-2.416064862384451,-7.0777767046642674,-5.706005246161999,0.8876789065656059,0.3781176266019743,1.4868886470794678,-1.8549300134523212,1.8549300134523212,0.13453013399976044,pixhawk_fused,True,0.8,0.2,gyro,-1.0,0.11013057082891464,-0.5723225474357605,0.10743169896371338,-0.5925342265540345,0.04689742299979116,4,2.379174644838106,0.27355859212432115,0.5427578909828613,-0.0018289684360685548,-0.2304500229446379,1.5628599854874305,0.0014904833885634775,-0.0014904833885634775,-2.304260459307705,0.23046210044485813,,,
48.853538700030185,3776.905705649,odom,navigating,4,4,,-0.01338302134418453,-0.23294054501289244,-2.4728170091705564,-7.065303493055567,-5.701453146121411,0.8309267597795005,0.3111696836268831,1.541885495185852,-1.9094464170081913,1.9094464170081913,0.07145552999963911,pixhawk_fused,True,0.8,0.2,gyro,-1.0,0.11837563663721085,-0.541195273399353,0.11573490860275541,-0.599942034362023,0.012298804000238306,4,2.376592505258075,0.27097645254429026,0.5376347595111068,-0.0018494609619555727,-0.23303208120640218,1.5628599854874305,0.011533923615372334,0.011533923615372336,-2.2475083125215995,0.23332467244421937,,,
48.85368699999526,3777.02671953,odom,navigating,4,4,,-0.026430337337877446,-0.23450135380471784,-2.5291958249584083,-7.0526793072746665,-5.697806433616535,0.7745479439916485,0.24077326236334767,1.593968391418457,-1.962771707688123,1.962771707688123,0.08401541900002485,pixhawk_fused,True,0.8,0.2,gyro,-1.0,0.11373680830001831,-0.6115446090698242,0.11254846678333726,-0.6072238629794516,0.03485700100009126,4,2.374928198754291,0.26931214604050613,0.5343326680617825,-0.00186266932775287,-0.23469633529686162,1.5628599854874305,0.02456844173402084,0.024568441734020844,-2.1911294967337476,0.23598611753245033,,,
48.85378889995627,3777.144964578,odom,navigating,4,4,,-0.040072687926023226,-0.23519945421441157,-2.639283070135909,-7.039328615477237,-5.6949150494701515,0.6644606988141479,0.17384821516472934,1.7128663063049316,-2.08233543971613,2.08233543971613,0.011418383000091126,pixhawk_fused,True,0.8,0.2,gyro,-1.0,0.12036918103694916,-0.5722974538803101,0.11907887752443998,-0.6174495390044363,0.006354554000154167,4,2.374121851115658,0.2685057984018734,0.5327328223382586,-0.0018690687106469655,-0.23550265754151767,1.5628599854874305,0.038204822384236184,0.038204822384236184,-2.081042251556247,0.23858877505107723,,,
49.172190099954605,3777.245480633,odom,navigating,4,4,,-0.051176796215772286,-0.235035156429547,-2.65082607162932,-7.02834364320844,-5.693284528410388,0.6529176973207367,0.10959345230283951,1.7128663063049316,-2.08233543971613,2.08233543971613,0.1118680510003287,pixhawk_fused,True,0.8,0.2,gyro,-1.0,0.10759779065847397,-0.6061164736747742,0.11615784176261981,-0.6206750491748924,0.006973999999900116,4,2.3741980186581646,0.2685819659443797,0.5328839436553082,-0.001868464225378767,-0.23542649239772467,1.5628599854874305,0.04930988488644903,0.04930988488644903,-2.0694992500628357,0.240542281582204,,,
49.172400099923834,3777.346577321,odom,navigating,4,4,,-0.06249771981835191,-0.23417571807611623,-2.7482225480984765,-7.0170324752281905,-5.692305026281051,0.5555212208515803,0.05141169089466463,1.8194701671600342,-2.188288165722638,2.188288165722638,0.09678122799959965,pixhawk_fused,True,0.8,0.2,gyro,-1.0,0.10760850459337234,-0.47147083282470703,0.11324476328844603,-0.6265789923592685,0.005861640000148327,4,2.374967584175199,0.2693515314614142,0.5344108112771776,-0.0018623567548912896,-0.23465695111630247,1.5628599854874305,0.060637272688311525,0.060637272688311525,-1.9721027735936794,0.24237209393607567,,,
49.1725050000241,3777.463675029,odom,navigating,4,4,,-0.07497156878956739,-0.23241515541542213,-2.8084980620006816,-7.004438026784238,-5.692028697796175,0.4952457069493752,-0.01967900538315603,1.877867341041565,-2.2461855849368866,2.2461855849368866,0.1095100569996248,pixhawk_fused,True,0.8,0.2,gyro,-1.0,0.10596447438001633,-0.5775037407875061,0.11425243531331326,-0.6316963793465159,0.026881045999743947,4,2.3766290957075826,0.2710130429937979,0.5377073573229711,-0.0018491705707081156,-0.23299549190922253,1.5628599854874305,0.07312470110519065,0.07312470110519065,-1.9118272596914743,0.24420798634267402,,,
49.4925835999893,3777.564569777,odom,navigating,4,4,,-0.08483205261312385,-0.23036448663640438,-2.8643733841715044,-6.994375826955829,-5.692460575428167,0.4393703847785524,-0.07921116812334335,1.9311010837554932,-2.3012599344594773,2.3012599344594773,0.00965672500024084,pixhawk_fused,True,0.8,0.2,gyro,-1.0,0.11112789064645767,-0.6454130411148071,0.11688800862979164,-0.6337437318404711,0.028218844000093668,4,2.378601444562144,0.2729853918483594,0.5416206246646079,-0.0018335175013415683,-0.23102320516903763,1.5628599854874305,0.08300114903305249,0.08300114903305249,-1.8559519375206515,0.24548782832110017,,,
49.49281520000659,3777.681912738,odom,navigating,4,4,,-0.09737151677998732,-0.22686265131200242,-2.9728286992306345,-6.98143551040829,-5.6938920850791215,0.3309150697194223,-0.15220921116047942,2.043185234069824,-2.4175470228536424,2.4175470228536424,0.02664077500003259,pixhawk_fused,True,0.8,0.2,gyro,-1.0,0.11525464802980423,-0.5723007917404175,0.1174829388287484,-0.6377418696561804,0.046080869999968854,4,2.382003653181926,0.2763876004681413,0.5483708260047192,-0.0018065166959811232,-0.22762110369362154,1.5628599854874305,0.0955680097682864,0.0955680097682864,-1.7474966224615214,0.2468762338507831,,,
49.492964099976234,3777.783327731,odom,navigating,4,4,,-0.10760954699461424,-0.22326306062150808,-2.9850196943808185,-6.970750656493927,-5.6957916146638965,0.31872407456923835,-0.2198895866087603,2.043185234069824,-2.4175470228536424,2.4175470228536424,0.1274323769998773,pixhawk_fused,True,0.8,0.2,gyro,-1.0,0.10499934107065201,-0.8415350317955017,0.11300730350085794,-0.6411164858331236,0.04674524100028066,4,2.3855218788628347,0.27990582614904996,0.5553512126770702,-0.0017785951492917192,-0.22410298881075663,1.5628599854874305,0.10583428484120856,0.10583428484120856,-1.7353056273113374,0.24784311336502632,,,
49.83334819995798,3777.902991111,odom,navigating,4,4,,-0.11975930272284799,-0.21796556298260653,-3.0438336362219496,-6.957905041927132,-5.699058146753323,0.25991013272810726,-0.29355901456056654,2.0999467372894287,-2.4731600776059923,2.4731600776059923,0.07059823800000231,pixhawk_fused,True,0.8,0.2,gyro,-1.0,0.11228543519973755,-0.6708574295043945,0.11337478411110213,-0.6437973489651365,0.01493780800001332,4,2.3907227860737685,0.2851067333599838,0.5656701480359756,-0.0017373194078560976,-0.2189022453898683,1.5628599854874305,0.1180257002501417,0.11802570025014171,-1.6764916854702063,0.24869917015339507,,,
49.83351199992467,3778.005776179,odom,navigating,4,4,,-0.1293668122881643,-0.2129657321643439,3.1237495866976612,-6.947616380840422,-5.7024413407030865,0.14430804846813183,-0.36058325297459537,2.2266931533813477,-2.5993289811952414,2.5993289811952414,0.05094383300001937,pixhawk_fused,True,0.8,0.2,gyro,-1.0,0.10272469371557236,-0.8101316690444946,0.10864236901153057,-0.6456114929530321,0.012517816000126913,4,2.3956462117597996,0.29003015904601487,0.5754385421522409,-0.0016982458313910364,-0.2139789747552706,1.5628599854874305,0.12767258719739175,0.12767258719739175,-1.5608896012102307,0.2491790023214159,,,
49.83361889992375,3778.128081878,odom,navigating,4,4,,-0.1406299279117543,-0.20592373134652092,3.1094846729100474,-6.935364140520124,-5.707572632567933,0.13004313468051798,-0.4407529263503314,2.2266931533813477,-2.5993289811952414,2.5993289811952414,0.17381944299995666,pixhawk_fused,True,0.8,0.2,gyro,-1.0,0.12891972064971924,-0.38647136092185974,0.11027520300309396,-0.6461918965525119,0.03476524400002745,4,2.4025986038153486,0.2969825511015638,0.5892325364115799,-0.0016430698543536803,-0.20702680164856374,1.5628599854874305,0.13899123525157722,0.1389912352515772,-1.5466246874226168,0.24936190518228588,,,
50.17526889999863,3778.244702394,odom,navigating,4,4,,-0.15058358959630916,-0.1985822955834942,3.0272969255657505,-6.924355835879259,-5.71321083165338,0.04785538733622108,-0.525881668723232,2.307644844055176,-2.680892879281789,2.680892879281789,0.10322140800008128,pixhawk_fused,True,0.8,0.2,gyro,-1.0,0.09730677306652069,-0.8751093745231628,0.1094828013773965,-0.646328149717179,0.006706932999804849,4,2.409860813550412,0.3042447608366273,0.6036412289299526,-0.0015854350842801897,-0.1997648206193039,1.5628599854874305,0.14900284699780328,0.14900284699780328,-1.46443694007832,0.24921947270412062,,,
50.17540199996438,3778.345266262,odom,navigating,4,4,,-0.15880866308548489,-0.19148515799170363,2.9193959685305266,-6.915092884168529,-5.7188870030306225,-0.060045569699002765,-0.5947903871006148,2.423924684524536,-2.797154773388654,2.797154773388654,0.09497160899991286,pixhawk_fused,True,0.8,0.2,gyro,-1.0,0.0972718745470047,-0.7402326464653015,0.10500426838523047,-0.6452192998942062,0.006763208999927883,4,2.416892451329708,0.3112763986159233,0.6175924518164619,-0.0015296301927341521,-0.1927334042845032,1.5628599854874305,0.15728398617305722,0.15728398617305722,-1.356535983043096,0.24877049101954746,,,
50.1755171000259,3778.467195915,odom,navigating,4,4,,-0.1674919210868193,-0.1826349127346551,2.8459936727245885,-6.905094733988932,-5.726219315327154,-0.13344786550494092,-0.6794156639741182,2.496781826019287,-2.868130935345441,2.868130935345441,0.035035385000355745,pixhawk_fused,True,0.8,0.2,gyro,-1.0,0.11629663407802582,-0.6454129815101624,0.10571126732591722,-0.6442674180832125,0.028623813999729464,4,2.4256735052938607,0.32005745258007595,0.6350146292490181,-0.0014599414830039278,-0.1839526268584949,1.5628599854874305,0.16603720854577725,0.16603720854577725,-1.283133687237158,0.2478085046541954,,,
50.49301590002142,3778.581721949,odom,navigating,4,4,,-0.17516823592546898,-0.1734329641191637,2.7726131617362313,-6.89603353867196,-5.734061279829235,-0.2068283764932981,-0.7570828349348881,2.56772518157959,-2.9405889087064563,2.9405889087064563,0.04045874100029323,pixhawk_fused,True,0.8,0.2,gyro,-1.0,0.09477578103542328,-0.5050032138824463,0.10336466615448386,-0.6414157307054918,0.04447515199990448,4,2.434814242901132,0.3291981901873471,0.6531504422286942,-0.0013873982310852232,-0.17481217711673813,1.5628599854874305,0.17378631067565256,0.17378631067565256,-1.2097531762488007,0.24650132640697878,,,
50.49319910001941,3778.685189574,odom,navigating,4,4,,-0.18006070790835832,-0.16674146088378433,2.6691216524511523,-6.890124958569027,-5.739875157951425,-0.3103198857783771,-0.8057965933588204,2.6832334995269775,-3.0560372276647385,3.0560372276647385,0.021115421000104106,pixhawk_fused,True,0.8,0.2,gyro,-1.0,0.08196701854467392,-0.40401723980903625,0.09708885697395093,-0.6379618615616557,0.04626951199998075,4,2.441466707483843,0.3358506547700583,0.6663493610369532,-0.0013346025558521875,-0.16815992203737562,1.5628599854874305,0.17873173407797333,0.17873173407797335,-1.1062616669637217,0.24540695448604896,,,
50.49334779998753,3778.785842068,odom,navigating,4,4,,-0.18425300195598868,-0.16045979747081218,2.6621783184855925,-6.884973536814553,-5.745397610171517,-0.3172632197439369,-0.8443479079935292,2.6832334995269775,-3.0560372276647385,3.0560372276647385,0.12170958400020027,pixhawk_fused,True,0.8,0.2,gyro,-1.0,0.07429371774196625,-0.4377507269382477,0.09647425190750836,-0.636240252371238,0.046945735000008426,4,2.4477149019438023,0.34209884923001727,0.678746181846723,-0.0012850152726131083,-0.1619119243492516,1.5628599854874305,0.18297374900088534,0.18297374900088534,-1.099318332998162,0.24432870345943317,,,
50.81764689995907,3778.886087574,odom,navigating,4,4,,-0.18810845970145032,-0.15413959334845623,2.6252236723721265,-6.88014831077153,-5.751012476884897,-0.3542178658574029,-0.8835706063074504,2.7195208072662354,-3.0924982068581874,3.0924982068581874,0.04258090600023934,pixhawk_fused,True,0.8,0.2,gyro,-1.0,0.08197671920061111,-0.40411117672920227,0.0966944805780766,-0.6329111562033801,0.04703132499980711,4,2.454004309119194,0.3483882564054093,0.6912247713420839,-0.0012351009146316645,-0.15562271524358973,1.5628599854874305,0.18687924409848963,0.18687924409848963,-1.062363686884696,0.2431949975819396,,,
50.818027499946766,3779.005740139,odom,navigating,4,4,,-0.1930584194319891,-0.14503085868892243,2.550899527980059,-6.8737927556193865,-5.759202596978022,-0.42854201024947036,-0.9552411455403919,2.796990394592285,3.115785307258712,-3.115785307258712,0.05279052500009129,pixhawk_fused,True,0.8,0.2,gyro,-1.0,0.09776900708675385,-0.7439945340156555,0.09553755782776964,-0.6292045354586404,0.012352654000096663,4,2.4630734727635817,0.35745742004979664,0.709218576962962,-0.0011631256921481523,-0.14655383721066717,1.5628599854874305,0.19190133721023814,0.19190133721023817,-0.9880395424926285,0.24146532522419034,,,
50.81826289999299,3779.105808242,odom,navigating,4,4,,-0.19703358450414488,-0.1362118537036012,2.5375505989088634,-6.868445982436035,-5.767264160276031,-0.44189093932066603,-1.0309857288483406,2.796990394592285,3.115785307258712,-3.115785307258712,0.15276294500017684,pixhawk_fused,True,0.8,0.2,gyro,-1.0,0.10291989147663116,-0.8116710782051086,0.09277854689539511,-0.6241087118096128,0.013514771000245673,4,2.4718606520799957,0.36624459936621095,0.7266529074894833,-0.0010933883700420667,-0.13776693462530043,1.5628599854874305,0.19594636699297008,0.19594636699297008,-0.9746906134214328,0.239532675248959,,,
51.132146399933845,3779.205911103,odom,navigating,4,4,,-0.2002923052702053,-0.12720733314272323,2.4069939976169716,-6.863776305540129,-5.775624469436,-0.5724475406125578,-1.1053876004632481,2.9384007453918457,2.973236971408473,-2.973236971408473,0.05267502800006696,pixhawk_fused,True,0.8,0.2,gyro,-1.0,0.09999801963567734,-0.7077198624610901,0.08818634394680085,-0.6176103059638977,0.012006015000224579,4,2.480839027016453,0.37522297430266827,0.7444665824580631,-0.0010221336701677478,-0.1287888424411362,1.5628599854874305,0.1992764473317642,0.19927644733176417,-0.8441340121295411,0.23727349863762048,,,
51.132322299992666,3779.325516428,odom,navigating,4,4,,-0.20332062449522217,-0.1161539361660677,2.3324867040615285,-6.859003234211139,-5.786043974805283,-0.6469548341680009,-1.19338505241179,3.0094151496887207,2.9016470318142042,-2.9016470318142042,0.06667165599992586,pixhawk_fused,True,0.8,0.2,gyro,-1.0,0.09563128650188446,-0.7134228348731995,0.08758607067985472,-0.6137420883625154,0.03213877700000012,4,2.4918680423703323,0.3862519896565476,0.766348860278709,-0.0009346045588851642,-0.11776017441953068,1.5628599854874305,0.2023923937972924,0.20239239379729243,-0.7696267185740979,0.23416022982564325,,,
51.13243080000393,3779.426962272,odom,navigating,4,4,,-0.20501325884541358,-0.10727905060741548,2.3205447600858986,-6.855900028726184,-5.794529180780436,-0.6588967781436308,-1.2617139974909442,3.0094151496887207,2.9016470318142042,-2.9016470318142042,0.16826699600005668,pixhawk_fused,True,0.8,0.2,gyro,-1.0,0.0930606797337532,-0.7475080490112305,0.08469978379760812,-0.6058376318508915,0.03522034199977497,4,2.5007292152529454,0.39511316253916057,0.7839299988130667,-0.0008642800047477333,-0.10889928059821441,1.5628599854874305,0.20415540822351416,0.20415540822351416,-0.7576847745984681,0.23138545978873643,,,
51.493542599957436,3779.544802755,odom,navigating,4,4,,-0.206153068813245,-0.09737969364486933,2.251675932308295,-6.853177003656679,-5.804114668222685,-0.7277656059212343,-1.3374203878158601,3.0764706134796143,2.8341974482241734,-2.8341974482241734,0.10201610700005403,pixhawk_fused,True,0.8,0.2,gyro,-1.0,0.08194561302661896,-0.5385690927505493,0.08092407083338922,-0.592544625272961,0.006508585999654315,4,2.5106192146331177,0.4050031619193327,0.8035523954766837,-0.0007857904180932655,-0.09900959267975146,1.5628599854874305,0.2053737461466184,0.20537374614661846,-0.6888159468208646,0.22799537827659386,,,
51.49367679993156,3779.667841803,odom,navigating,4,4,,-0.20655745460242556,-0.0876548814822925,2.1039533697990582,-6.851207934453193,-5.813646628458428,-0.8754881684304712,-1.41259289446121,-3.03948974609375,2.6710993799868685,-2.6710993799868685,0.03623739000022397,pixhawk_fused,True,0.8,0.2,gyro,-1.0,0.07493919134140015,-0.6453481316566467,0.0790118765226704,-0.5878202191519923,0.03047450599979129,4,2.5203405112262063,0.41472445851242135,0.8228400749295951,-0.0007086397002816196,-0.08928860223548407,1.5628599854874305,0.20585529781892067,0.20585529781892067,-0.5410933843116277,0.22438663128517225,,,
51.49378539994359,3779.785288259,odom,navigating,4,4,,-0.20623005216583837,-0.07794547544868508,2.082003278246474,-6.849963541276268,-5.823281525629761,-0.8974382599830553,-1.4821881234229162,-3.028148889541626,2.6593247425857647,-2.6593247425857647,0.05007142999966163,pixhawk_fused,True,0.8,0.2,gyro,-1.0,0.08705529570579529,-0.6057846546173096,0.07584137898334616,-0.5785224497035542,0.04637160199990831,4,2.5300522098356617,0.42443615712187704,0.8421087113639202,-0.0006315651545443193,-0.07957720947258423,1.5628599854874305,0.20560496204434853,0.20560496204434853,-0.5191432927590436,0.22046843665079585,,,
51.81493779993616,3779.885768517,odom,navigating,4,4,,-0.20548820142862884,-0.07052858153675236,1.9766238161184568,-6.849498266327396,-5.830720892339308,-1.0028177221110726,-1.5477933259604144,-2.912367820739746,2.545470656186686,-2.545470656186686,0.03129018800018457,pixhawk_fused,True,0.8,0.2,gyro,-1.0,0.07171400636434555,-0.6732951998710632,0.0735112981312882,-0.5682407416444142,0.04670213000008516,4,2.53747475768923,0.4318587049754451,0.8568355250510263,-0.0005726578997958948,-0.07215489537428271,1.5628599854874305,0.20492199705355005,0.20492199705355005,-0.4137638306310263,0.21725487736748067,,,
51.81508530001156,3780.005339972,odom,navigating,4,4,,-0.20400686931340675,-0.061779338582749574,1.9641145821089365,-6.84954767605648,-5.839594513684758,-1.0153269561205929,-1.6193646598917002,-2.912367820739746,2.545470656186686,-2.545470656186686,0.15103993399998217,pixhawk_fused,True,0.8,0.2,gyro,-1.0,0.07143311202526093,-0.6706578731536865,0.07036670861632022,-0.5578362184275415,0.016324436999639147,4,2.5462354813407426,0.44061942862695774,0.8742173658320235,-0.0005031305366719062,-0.06339444762066015,1.5628599854874305,0.20351014783866153,0.20351014783866156,-0.401254596621506,0.2131560212679422,,,
51.81519009999465,3780.105448185,odom,navigating,4,4,,-0.20242880647559622,-0.05519043407332573,1.843635193979013,-6.850041315849826,-5.846351751634454,-1.1358063442505164,-1.6810253824032946,-2.782902240753174,2.4125345155898197,-2.4125345155898197,0.030192253999757668,pixhawk_fused,True,0.8,0.2,gyro,-1.0,0.0668979287147522,-0.6087533235549927,0.06777231260371298,-0.5473658689434714,0.013104652000038186,4,2.5528367022623026,0.447220649548518,0.8873146139114028,-0.000450741544354389,-0.05679343458865299,1.5628599854874305,0.20198442594423233,0.20198442594423235,-0.28077520849158244,0.20981755337515615,,,
52.136349899927154,3780.205808631,odom,navigating,4,4,,-0.20053550355127472,-0.049111578077577676,1.7907504567397878,-6.850928403485876,-5.85265652456504,-1.1886910814897416,-1.7479733383384335,-2.73073673248291,2.3626689986291987,-2.3626689986291987,0.05166944299980969,pixhawk_fused,True,0.8,0.2,gyro,-1.0,0.07204392552375793,-0.5411140322685242,0.06650048364876465,-0.5422646551902642,0.011794854000072519,4,2.558930392559594,0.4533143398458088,0.8994048884971019,-0.0004023804460115926,-0.05069993619746066,1.5628599854874305,0.20013942601442478,0.20013942601442478,-0.22789047125235729,0.20646170416286244,,,
52.13676609995309,3780.325104001,odom,navigating,4,4,,-0.19771702328799812,-0.04172426045314315,1.7801503358389368,-6.852517292273912,-5.8604019570964105,-1.1992912023905926,-1.8089322074012344,-2.73073673248291,2.3626689986291987,-2.3626689986291987,0.17123302799973317,pixhawk_fused,True,0.8,0.2,gyro,-1.0,0.06720036268234253,-0.4756152629852295,0.06405829965024665,-0.5314047183614885,0.03340876099991874,4,2.566339845724777,0.4607237930109921,0.9141057214778606,-0.00034357711408855747,-0.043290716375158245,1.5628599854874305,0.19737966217095618,0.19737966217095618,-0.21729035035150623,0.20207160910981165,,,
52.13706179999281,3780.42582366,odom,navigating,4,4,,-0.1951959985263172,-0.03614676940121932,1.7217965356731795,-6.854104808569474,-5.866313282184293,-1.25764500255635,-1.8711576644637125,-2.675873041152954,2.3051159639063936,-2.3051159639063936,0.09301116000006004,pixhawk_fused,True,0.8,0.2,gyro,-1.0,0.06461573392152786,-0.5775328874588013,0.061615903137364945,-0.520085890966535,0.03292264499987141,4,2.5719371686299755,0.4663211159161906,0.9252111711425342,-0.0002991553154298634,-0.03769356974416277,1.5628599854874305,0.1949029812108325,0.19490298121083252,-0.15893655018574893,0.1985146512951398,,,
52.45082339993678,3780.526493283,odom,navigating,4,4,,-0.19235432441569666,-0.03072603771334167,1.6218915195296986,-6.856034075491198,-5.8721216703365835,-1.3575500186998308,-1.9252728541706612,-2.564160108566284,2.195610071391211,-2.195610071391211,0.07375070899979619,pixhawk_fused,True,0.8,0.2,gyro,-1.0,0.059339553117752075,-0.5764851570129395,0.06040316407925633,-0.5146676144688813,0.031975966000118206,4,2.5773802818638454,0.47176422915006067,0.9360106588729492,-0.00025595736450820337,-0.032250627928033626,1.5628599854874305,0.1921044169170919,0.19210441691709193,-0.05903153404226802,0.19479290416999478,,,
52.45095909992233,3780.642318504,odom,navigating,4,4,,-0.18833977900334473,-0.02410365573748322,1.5418290921004036,-6.858926832130056,-5.879305295948373,-1.4376124461291258,-1.9894665366404465,-2.482740879058838,2.112155996531592,-2.112155996531592,0.0034334269998907985,pixhawk_fused,True,0.8,0.2,gyro,-1.0,0.0691218227148056,-0.5047451853752136,0.05686762536155122,-0.49671025455449486,0.005678015999819763,4,2.5840343157518606,0.4784182630380759,0.9492126912841495,-0.00020314923486340185,-0.025596803592788653,1.5628599854874305,0.18814255486508208,0.1881425548650821,0.021030893387026905,0.1898759030918348,,,
52.451066999929026,3780.742441197,odom,navigating,4,4,,-0.18501969238666047,-0.01925536106076726,1.532487432789133,-6.861420650956311,-5.8846259917747075,-1.4469541054403965,-2.04289519586322,-2.482740879058838,2.112155996531592,-2.112155996531592,0.10343975300020247,pixhawk_fused,True,0.8,0.2,gyro,-1.0,0.05121944844722748,-0.5385791063308716,0.054622068037876226,-0.48396878352115713,0.005849956000020029,4,2.5889088068071704,0.4832927540933855,0.9588839959368374,-0.00016446401625265072,-0.020722466047833954,1.5628599854874305,0.18486105012392065,0.18486105012392065,0.03037255269829764,0.18601896543211657,,,
52.773666900000535,3780.843152226,odom,navigating,4,4,,-0.18223834062018923,-0.01566563194841953,1.464451171479668,-6.863585986583658,-5.8886176573881865,-1.5149903667498614,-2.105112899473201,-2.4108293056488037,2.042901527852164,-2.042901527852164,0.09848025500014046,pixhawk_fused,True,0.8,0.2,gyro,-1.0,0.04607204720377922,-0.6055737137794495,0.05421870439332714,-0.47916028194790705,0.006098023000049579,4,2.5925204963948403,0.4869044436810556,0.9660498210285154,-0.00013580071588593836,-0.017110890201628204,1.5628599854874305,0.18210827496579293,0.18210827496579293,0.09840881400776258,0.18291042839691632,,,
52.77382010000292,3780.945391178,odom,navigating,4,4,,-0.17930671187955413,-0.012327639755943157,1.4041623437234474,-6.865940268675001,-5.892385149230823,-1.575279194506082,-2.165987877547947,-2.350890636444092,1.9827356266084772,-1.9827356266084772,0.08690008100029445,pixhawk_fused,True,0.8,0.2,gyro,-1.0,0.04353848099708557,-0.5722723603248596,0.05275533664450806,-0.46921531915377424,0.00685885499979122,4,2.5958816496273247,0.49026559691354,0.9727185658322041,-0.00010912573667118354,-0.013749842820569125,1.5628599854874305,0.17920322971696961,0.17920322971696964,0.15869764176398315,0.17972998533080045,,,
52.77392029995099,3781.06808929,odom,navigating,4,4,,-0.1757049571615657,-0.008733044628681165,1.343970692980799,-6.868914459867348,-5.896514064091758,-1.6354708452487303,-2.234354928182604,-2.292823553085327,1.9242536741200549,-1.9242536741200549,0.025327179000214528,pixhawk_fused,True,0.8,0.2,gyro,-1.0,0.0491030216217041,-0.57747483253479,0.050686737284774096,-0.4594961400523896,0.029680119000204286,4,2.599504716006149,0.4938886632923642,0.9799069632113215,-8.037214715471419e-05,-0.01012689054149396,1.5628599854874305,0.17563011606188939,0.17563011606188939,0.21888929250663147,0.17592185208107086,,,
53.1159155999776,3781.185247252,odom,navigating,4,4,,-0.17135339747131825,-0.004941702480490123,1.2807175162996627,-6.872596857176563,-5.900958194724348,-1.6987240219298667,-2.290469079753195,-2.228154182434082,1.8595080330077274,-1.8595080330077274,0.10400555299975167,pixhawk_fused,True,0.8,0.2,gyro,-1.0,0.05890589579939842,-0.3029559552669525,0.051362583586299415,-0.45447799723703347,0.044518539999899076,4,2.603330473855535,0.49771442114175,0.9874975135413954,-5.000994583441876e-05,-0.006301253175136745,1.5628599854874305,0.17130878248296963,0.17130878248296963,0.28214246918776786,0.17142464014361897,,,
53.1164130999241,3781.303610276,odom,navigating,4,4,,-0.1661456693142696,-0.0007823365526454587,1.2395896324098155,-6.877064777678711,-5.905903742607639,-1.739851905819714,-2.3290128616783896,-2.18656325340271,1.817838228494273,-1.817838228494273,0.07180142700008219,pixhawk_fused,True,0.8,0.2,gyro,-1.0,0.05143937095999718,-0.40567323565483093,0.05,-0.45575968266015443,0.015072136000071623,4,2.607531038668392,0.5019149859546068,0.9958317050616048,-1.667317975358098e-05,-0.0021008206489512293,1.5628599854874305,0.16613422813187612,0.1661342281318761,0.3232703530776151,0.1661475112132837,,,
53.11669549997896,3781.407561719,odom,navigating,4,4,,-0.1621647024716052,0.0021378369543617846,1.1777904857915547,-6.8805220862221,-5.90942830328228,-1.8016510524379747,-2.369601198312599,-2.1186423301696777,1.7515573861006364,-1.7515573861006364,0.06291701400004968,pixhawk_fused,True,0.8,0.2,gyro,-1.0,0.05660800263285637,-0.33822333812713623,0.05,-0.46243863315126127,0.012659607999921718,1,0.0,0.0,0.0,0.0,0.0,0.005361878910097319,0.16217879354141118,0.003007309555098778,-1.1724286068814573,0.16217879354141118,,,
53.4517385000363,3781.507624858,odom,navigating,4,4,,-0.15790192815913817,0.005012373897633912,1.1401412907759922,-6.884264873200195,-5.912953321454413,-1.8393002474535372,-2.408862007846683,-2.082244873046875,1.7142507859769924,-1.7142507859769924,0.051130438999734906,pixhawk_fused,True,0.8,0.2,gyro,-1.0,0.05648941919207573,-0.309375137090683,0.05,-0.4645734878926213,0.01448726299986447,1,0.0,0.0,0.0,0.0,0.0,0.005361878910097319,0.15798146349639666,0.005858948807202189,-1.134779411865895,0.15798146349639666,,,
53.45188319997396,3781.625119311,odom,navigating,4,4,,-0.15303855219631185,0.008027402967323391,1.1328574774906235,-6.888577702052719,-5.916713950834677,-1.846584060738906,-2.4508008999816497,-2.082244873046875,1.7142507859769924,-1.7142507859769924,0.16876477799996792,pixhawk_fused,True,0.8,0.2,gyro,-1.0,0.04902423173189163,-0.37306055426597595,0.05,-0.47219345071370616,0.03280892500015398,1,0.0,0.0,0.0,0.0,0.0,0.005361878910097319,0.15324894014884102,0.008847857828279621,-1.1274955985805262,0.15324894014884102,,,
53.45199460000731,3781.742593469,odom,navigating,4,4,,-0.14851689991791295,0.010551774567034523,1.0678590028110473,-6.892632502320027,-5.919935190672444,-1.911582535418482,-2.505534077189432,-2.0113582611083984,1.647111537129031,-1.647111537129031,0.09590174899994963,pixhawk_fused,True,0.8,0.2,gyro,-1.0,0.03842778131365776,-0.5050970315933228,0.05,-0.4723046843808516,0.0059563230001913325,1,0.0,0.0,0.0,0.0,0.0,0.005361878910097319,0.14889126739920272,0.011347948704737515,-1.06249712390095,0.14889126739920272,,,
53.775850699981675,3781.84289786,odom,navigating,4,4,,-0.14483227183212055,0.012343399331714475,1.0213487315091747,-6.895979553967961,-5.922298165216126,-1.9580928067203547,-2.5603055690514616,-1.9657491445541382,1.6023252295259103,-1.6023252295259103,0.09090299299987237,pixhawk_fused,True,0.8,0.2,gyro,-1.0,0.043531980365514755,-0.5721868872642517,0.05,-0.47375674439120935,0.006263371000386542,1,0.0,0.0,0.0,0.0,0.0,0.005361878910097319,0.14535730621855728,0.013119791280142179,-1.0159868525990774,0.14535730621855728,,,
53.776031699962914,3781.945184477,odom,navigating,4,4,,-0.1407274973630498,0.014056558305083807,0.9676615760335285,-6.89975390827297,-5.9246515323124855,-2.011779962196001,-2.6170834663316005,-1.9128648042678833,1.5492806600335702,-1.5492806600335702,0.010235690999707003,pixhawk_fused,True,0.8,0.2,gyro,-1.0,0.05075320601463318,-0.5101377367973328,0.05,-0.4866393656479418,0.006643212000199128,1,0.0,0.0,0.0,0.0,0.0,0.005361878910097319,0.14142777430706957,0.014810916428932059,-0.9622996971234312,0.14142777430706957,,,
53.77613689994905,3782.066712526,odom,navigating,4,4,,-0.13453620146903572,0.016254022184415844,0.9124696737963025,-6.905509226716245,-5.927819702441235,-2.066971864433227,-2.6678494455163637,-1.8575299978256226,1.4931681739095315,-1.4931681739095315,0.013408124999841675,pixhawk_fused,True,0.8,0.2,gyro,-1.0,0.05427176505327225,-0.509536623954773,0.05,-0.48127288300796467,0.02809434600021632,1,0.0,0.0,0.0,0.0,0.0,0.005361878910097319,0.13551451118934996,0.016975151900263125,-0.9071077948862052,0.13551451118934996,,,
54.13123459997587,3782.185226563,odom,navigating,4,4,,-0.12825873028205778,0.018156460253689822,0.8655553477591775,-6.91139721943206,-5.930710629090127,-2.113886190470352,-2.719912474172499,-1.8106369972229004,1.4473245131972894,-1.4473245131972894,0.08919296400017629,pixhawk_fused,True,0.8,0.2,gyro,-1.0,0.04610186442732811,-0.5386360287666321,0.05,-0.47299455518865835,0.04652235599996857,1,0.0,0.0,0.0,0.0,0.0,0.005361878910097319,0.12953748084052533,0.018843903743212556,-0.8601934688490802,0.12953748084052533,,,
54.13137660000939,3782.307074734,odom,navigating,4,4,,-0.12249995850346897,0.019543416730389396,0.8328674851130167,-6.916856536998324,-5.933009096487505,-2.1465740531165127,-2.772684992183393,-1.7794544696807861,1.4187780750993355,-1.4187780750993355,0.051283637000324234,pixhawk_fused,True,0.8,0.2,gyro,-1.0,0.05146213620901108,-0.4735035300254822,0.05,-0.49004921772682153,0.015890392999608594,1,0.0,0.0,0.0,0.0,0.0,0.005361878910097319,0.12404912321676959,0.020199962593644174,-0.8275056062029194,0.12404912321676959,,,
54.131468900013715,3782.426051778,odom,navigating,4,4,,-0.1179325104604632,0.02038955951203097,0.7477569167530387,-6.921227468032271,-5.9345815153658465,-2.2316846214764907,-2.8322553044390935,-1.689995288848877,1.3283914832178219,-1.3283914832178219,0.07082067500004996,pixhawk_fused,True,0.8,0.2,gyro,-1.0,0.04135822504758835,-0.54361492395401,0.05,-0.49785410599301455,0.034090595000179746,1,0.0,0.0,0.0,0.0,0.0,0.005361878910097319,0.11968212548497756,0.02102160322613254,-0.7423950378429414,0.11968212548497756,,,
54.45156950003002,3782.526157415,odom,navigating,4,4,,-0.11455520214951274,0.020826814806458885,0.7016345131441408,-6.924489882644274,-5.935558272510233,-2.2778070250853886,-2.874850188166546,-1.643508791923523,1.281533297688113,-1.281533297688113,0.06309201000021858,pixhawk_fused,True,0.8,0.2,gyro,-1.0,0.03618688881397247,-0.3397388160228729,0.05,-0.4595286663695977,0.033218135999959486,1,0.0,0.0,0.0,0.0,0.0,0.005361878910097319,0.11643303034147254,0.021440743603650978,-0.6962726342340435,0.11643303034147254,,,
54.45171009993646,3782.626313366,odom,navigating,4,4,,-0.10968474977536721,0.021255308512930542,0.6455812425873138,-6.9292272691689245,-5.936767438380311,-2.3338602956422156,-2.91338630081494,-1.5812987089157104,1.2218013969365225,-1.2218013969365225,0.012019050999697356,pixhawk_fused,True,0.8,0.2,gyro,-1.0,0.0568532794713974,-0.40760883688926697,0.05,-0.4647350491324751,0.032826257000124315,1,0.0,0.0,0.0,0.0,0.0,0.005361878910097319,0.11172525441127791,0.021843116499859348,-0.6402193636772164,0.11172525441127791,,,
54.451804299955256,3782.742964396,odom,navigating,4,4,,-0.10372226753985324,0.02150145129975641,0.6242574211678331,-6.935071799623046,-5.937972944270457,-2.3551841170616963,-2.969500495432734,-1.5668150186538696,1.2077428189221486,-1.2077428189221486,0.09096563899993271,pixhawk_fused,True,0.8,0.2,gyro,-1.0,0.056335508823394775,-0.40389665961265564,0.05,-0.45857461344685657,0.005736310999964189,1,0.0,0.0,0.0,0.0,0.0,0.005361878910097319,0.1059274336119057,0.022057285793860553,-0.6188955422577358,0.1059274336119057,,,
54.79089750000276,3782.863744687,odom,navigating,4,4,,-0.0973993314750102,0.021434587330367832,0.5776834201630163,-6.9413225878496325,-5.9389277415352515,-2.401758118066513,-3.023646288920789,-1.520665168762207,1.1627279769185648,-1.1627279769185648,0.03399231899993538,pixhawk_fused,True,0.8,0.2,gyro,-1.0,0.0516899898648262,-0.40764978528022766,0.05,-0.4776180183887208,0.027268608999747812,1,0.0,0.0,0.0,0.0,0.0,0.005361878910097319,0.09972999200743013,0.021956520130544076,-0.572321541252919,0.09972999200743013,,,
54.79103920003399,3782.963745179,odom,navigating,4,4,,-0.0922743989622825,0.021123301956250905,0.5000909031071084,-6.946430547342413,-5.939447916183106,-2.479350635122421,-3.0696515338892256,-1.4363981485366821,1.0785786710086926,-1.0785786710086926,0.02536867800017717,pixhawk_fused,True,0.8,0.2,gyro,-1.0,0.04910055920481682,-0.5774458646774292,0.05,-0.4639688438512153,0.027430697999989206,1,0.0,0.0,0.0,0.0,0.0,0.005361878910097319,0.09466128347632645,0.021617760095218527,-0.49472902419701104,0.09466128347632645,,,
54.79113519995008,3783.082462691,odom,navigating,4,4,,-0.08580631990799127,0.020359578326171107,0.4905974508462476,-6.952937076666757,-5.9397384270902185,-2.4888440873832818,-3.1251019802419964,-1.4363981485366821,1.0785786710086926,-1.0785786710086926,0.14403084000014132,pixhawk_fused,True,0.8,0.2,gyro,-1.0,0.06414850801229477,-0.3709956109523773,0.05,-0.43434481668385677,0.046115608000036445,1,0.0,0.0,0.0,0.0,0.0,0.005361878910097319,0.08818864419964759,0.020819366553050712,-0.4852355719361503,0.08818864419964759,,,
55.11770159995649,3783.182728379,odom,navigating,4,4,,-0.0804034284140568,0.01945487248995453,0.4327855009092638,-6.958415151630173,-5.9397178397031,-2.5466560373202656,3.111414320742782,-1.3776650428771973,1.0184920541051492,-1.0184920541051492,0.05013979700015625,pixhawk_fused,True,0.8,0.2,gyro,-1.0,0.05634952709078789,-0.47133004665374756,0.05,-0.44981238081350067,0.04504406299975017,1,0.0,0.0,0.0,0.0,0.0,0.005361878910097319,0.08272365661849546,0.01988570421069083,-0.4274236219991665,0.08272365661849546,,,
55.11783220001962,3783.302501401,odom,navigating,4,4,,-0.07516224970855986,0.018301255145502092,0.35720602319717853,-6.963773819748304,-5.939425498806021,-2.622235515032351,3.048677804942137,-1.296971082687378,0.940269072354184,-0.940269072354184,0.05438146200003757,pixhawk_fused,True,0.8,0.2,gyro,-1.0,0.04306688904762268,-0.4994767904281616,0.05,-0.42437973630689974,0.01594805800004906,1,0.0,0.0,0.0,0.0,0.0,0.005361878910097319,0.07735825567547833,0.018704001018392848,-0.3518441442870812,0.07735825567547833,,,
55.11792200000491,3783.409125883,odom,navigating,4,4,,-0.07137494689113484,0.01722924754910387,0.3051768766194769,-6.967684508305785,-5.9389789812543015,-2.6742646616100525,2.9961036475674647,-1.2443851232528687,0.8883525758389099,-0.8883525758389099,0.05316795799990359,pixhawk_fused,True,0.8,0.2,gyro,-1.0,0.037932030856609344,-0.49858084321022034,0.05,-0.33623902138045936,0.016910938999899372,1,0.0,0.0,0.0,0.0,0.0,0.005361878910097319,0.07342499584487984,0.017611701870131214,-0.2998149977093796,0.07342499584487984,,,
55.450890799984336,3783.526323158,odom,navigating,4,4,,-0.06724045394338855,0.015802826583397316,0.2952845070770209,-6.971995049670852,-5.938238750313028,-2.6841570311525085,2.937525158380425,-1.2443851232528687,0.8883525758389099,-0.8883525758389099,0.17061963399964952,pixhawk_fused,True,0.8,0.2,gyro,-1.0,0.041279423981904984,-0.542579174041748,0.05,-0.3341089805958644,0.03306421400020554,1,0.0,0.0,0.0,0.0,0.0,0.005361878910097319,0.06907248348320687,0.01616313286467859,-0.2899226281669236,0.06907248348320687,,,
55.45102010003757,3783.627849331,odom,navigating,4,4,,-0.06275580572741903,0.013986275217047019,0.1888666989259562,-6.9767141362958425,-5.937170036172846,-2.790574839303573,2.901018521569291,-1.123719334602356,0.7676251311305625,-0.7676251311305625,0.013631582000016351,pixhawk_fused,True,0.8,0.2,gyro,-1.0,0.0618818998336792,-0.2711264193058014,0.05,-0.3275163337750795,0.03601284000023952,1,0.0,0.0,0.0,0.0,0.0,0.005361878910097319,0.0642954667682298,0.014322561585491911,-0.18350482001585888,0.0642954667682298,,,
55.45111929997802,3783.742459452,odom,navigating,4,4,,-0.05639739052628751,0.01116644063230084,0.16883074619411742,-6.9834443818935386,-5.935413703302914,-2.810610792035412,2.8503211810097033,-1.11446213722229,0.7539502925876242,-0.7539502925876242,0.0881081960001211,pixhawk_fused,True,0.8,0.2,gyro,-1.0,0.05889621004462242,-0.6395029425621033,0.05,-0.6190580422288656,0.006530938000196329,1,0.0,0.0,0.0,0.0,0.0,0.005361878910097319,0.05749221733912586,0.011468674646404149,-0.1634688672840201,0.05749221733912586,,,
55.7879813000327,3783.863730007,odom,navigating,4,4,,-0.051226522172812296,0.008477827023799083,0.1312272562804364,-6.98898147403336,-5.933595150774138,-2.848214281949093,2.789415758781221,-1.0771821737289429,0.7210927265587909,-0.7210927265587909,0.03301090100012516,pixhawk_fused,True,0.8,0.2,gyro,-1.0,0.04909316450357437,-0.4415097236633301,0.05,-0.6193792357651484,0.02725320199988346,1,0.0,0.0,0.0,0.0,0.0,0.005361878910097319,0.05192331003477232,0.008752374249167154,-0.1258653773703391,0.05192331003477232,,,
55.7884016999742,3783.964153802,odom,navigating,4,4,,-0.04710172526383461,0.006045635948908864,0.03852448404473918,-6.993444819560593,-5.931860777783799,-2.94091705418479,2.7400230474184326,-0.9767041802406311,0.6195077340308291,-0.6195077340308291,0.02505933400016147,pixhawk_fused,True,0.8,0.2,gyro,-1.0,0.0491030216217041,-0.57747483253479,0.05,-0.5491619267673522,0.02810610500000621,1,0.0,0.0,0.0,0.0,0.0,0.005361878910097319,0.047488127325221986,0.00629810158105021,-0.033162605134641865,0.047488127325221986,,,
55.78867089992855,3784.081954727,odom,navigating,4,4,,-0.04344594702574481,0.003611362045078376,0.028529909958087796,-6.997445635123904,-5.930048630219903,-2.9509116282714416,2.6812003924631913,-0.9767041802406311,0.6195077340308291,-0.6195077340308291,0.1432268240000667,pixhawk_fused,True,0.8,0.2,gyro,-1.0,0.025856684893369675,-0.33986178040504456,0.0,0.0,0.012892842000383098,1,0.0,0.0,0.0,0.0,0.0,0.005361878910097319,0.04359578246556032,0.0038442609232031398,-0.02316803104799048,0.04359578246556032,,,
56.096628600033,3784.184818975,odom,navigating,4,4,,-0.042051533072912144,0.0025909977397806996,-0.02708926282427404,-6.998986486675331,-5.929266767006902,-3.0065308010538034,2.6575263620500436,-0.9151365160942078,0.5573878896537883,-0.5573878896537883,0.04893769999989672,pixhawk_fused,True,0.8,0.2,gyro,-1.0,0.01543489657342434,-0.20287717878818512,0.0,0.0,0.006275574000028428,1,0.0,0.0,0.0,0.0,0.0,0.005361878910097319,0.042131279390374234,0.002816434642537087,0.03245114173437136,0.042131279390374234,,,
56.09680049994495,,mission_status,reached,4,4,reached waypoint 4/4,-0.042051533072912144,0.0025909977397806996,-0.02708926282427404,,,,,,,,,,,,,,,,,,,,,,,,,,,,,,,,,
56.09687889995985,3784.286208466,odom,reached,4,4,,-0.04150401680236973,0.0021746080937520623,-0.06493598177916127,-6.9995940433440635,-5.928944231275382,-3.0443775200086907,2.6481040430474745,-0.876095712184906,0.5136362655166251,-0.5136362655166251,0.032579207999788196,pixhawk_fused,True,0.8,0.2,gyro,-1.0,0.0,0.0,0.0,0.0,0.0041878699998960656,1,0.0,0.0,0.0,0.0,0.0,0.005361878910097319,0.04156094718714674,0.0023971152801651454,0.07029786068925858,0.04156094718714674,,,
56.09699200000614,3784.386374397,odom,reached,4,4,,-0.04150401680236973,0.0021746080937520623,-0.06493598177916127,-6.9995940433440635,-5.928944231275382,-3.0443775200086907,2.6481040430474745,-0.876095712184906,0.5136362655166251,-0.5136362655166251,0.13250512700005856,pixhawk_fused,True,0.8,0.2,gyro,-1.0,0.0,0.0,0.0,0.0,0.02037730999973064,1,0.0,0.0,0.0,0.0,0.0,0.005361878910097319,0.04156094718714674,0.0023971152801651454,0.07029786068925858,0.04156094718714674,,,
56.4309457000345,,mission_status,done,4,4,mission complete,-0.04150401680236973,0.0021746080937520623,-0.06493598177916127,,,,,,,,,,,,,,,,,,,,,,,,,,,,,,,,,
56.43105110002216,3784.503646465,odom,done,4,4,,-0.04150401680236973,0.0021746080937520623,-0.06652346487631,-6.9995940433440635,-5.928944231275382,-3.0459650031058394,2.6481040430474745,-0.874893307685852,0.5117157502177817,-0.5117157502177817,0.0731575370000428,pixhawk_fused,True,0.8,0.2,gyro,-1.0,0.0,0.0,0.0,0.0,0.1094212959997094,1,0.0,0.0,0.0,0.0,0.0,0.005361878910097319,0.04156094718714674,0.0023971152801651454,0.07188534378640732,0.04156094718714674,,,
56.43115079996642,3784.622222037,odom,done,4,4,,-0.04150401680236973,0.0021746080937520623,-0.06569735117082454,-6.9995940433440635,-5.928944231275382,-3.045138889400354,2.6481040430474745,-0.8752996921539307,0.5127152134816808,-0.5127152134816808,0.01175152199994045,pixhawk_fused,True,0.8,0.2,gyro,-1.0,0.0,0.0,0.0,0.0,0.22863168399999267,1,0.0,0.0,0.0,0.0,0.0,0.005361878910097319,0.04156094718714674,0.0023971152801651454,0.07105923008092185,0.04156094718714674,,,
56.43123490002472,3784.722525334,odom,done,4,4,,-0.04150401680236973,0.0021746080937520623,-0.0656502127209233,-6.9995940433440635,-5.928944231275382,-3.0450917509504527,2.6481040430474745,-0.875373363494873,0.5127722405794722,-0.5127722405794722,0.06029573099976915,pixhawk_fused,True,0.8,0.2,gyro,-1.0,0.0,0.0,0.0,0.0,0.3284858259999055,1,0.0,0.0,0.0,0.0,0.0,0.005361878910097319,0.04156094718714674,0.0023971152801651454,0.07101209163102062,0.04156094718714674,,,
57.447186699952,3784.825826255,odom,done,4,4,,-0.04150401680236973,0.0021746080937520623,-0.0656502127209233,-6.9995940433440635,-5.928944231275382,-3.0450917509504527,2.6481040430474745,-0.875373363494873,0.5127722405794722,-0.5127722405794722,0.16281937599978846,pixhawk_fused,True,0.8,0.2,gyro,-1.0,0.0,0.0,0.0,0.0,0.009008778999941569,1,0.0,0.0,0.0,0.0,0.0,0.005361878910097319,0.04156094718714674,0.0023971152801651454,0.07101209163102062,0.04156094718714674,,,
57.4474192999769,3784.926836274,odom,done,4,4,,-0.04150401680236973,0.0021746080937520623,-0.06550141198817627,-6.9995940433440635,-5.928944231275382,-3.0449429502177057,2.6481040430474745,-0.8755442500114441,0.5129522545952298,-0.5129522545952298,0.0843930719997843,pixhawk_fused,True,0.8,0.2,gyro,-1.0,0.0,0.0,0.0,0.0,0.04567334200010009,1,0.0,0.0,0.0,0.0,0.0,0.005361878910097319,0.04156094718714674,0.0023971152801651454,0.07086329089827359,0.04156094718714674,,,
57.447594000026584,3785.045168036,odom,done,4,4,,-0.04150401680236973,0.0021746080937520623,-0.06522460939476415,-6.9995940433440635,-5.928944231275382,-3.0446661476242936,2.6481040430474745,-0.8759070038795471,0.5132871129540674,-0.5132871129540674,0.09321254099995713,pixhawk_fused,True,0.8,0.2,gyro,-1.0,0.0,0.0,0.0,0.0,0.16473602899986872,1,0.0,0.0,0.0,0.0,0.0,0.005361878910097319,0.04156094718714674,0.0023971152801651454,0.07058648830486147,0.04156094718714674,,,
57.447750599938445,3785.165451635,odom,done,4,4,,-0.04150401680236973,0.0021746080937520623,-0.06491723847476782,-6.9995940433440635,-5.928944231275382,-3.044358776704297,2.6481040430474745,-0.8763160109519958,0.5136589388876401,-0.5136589388876401,0.015733304000150383,pixhawk_fused,True,0.8,0.2,gyro,-1.0,0.0,0.0,0.0,0.0,0.2852048830000058,1,0.0,0.0,0.0,0.0,0.0,0.005361878910097319,0.04156094718714674,0.0023971152801651454,0.07027911738486514,0.04156094718714674,,,
57.4480356000131,3785.266836922,odom,done,4,4,,-0.04150401680236973,0.0021746080937520623,-0.06477376553182124,-6.9995940433440635,-5.928944231275382,-3.0442153037613506,2.6481040430474745,-0.8764950633049011,0.5138324934474605,-0.5138324934474605,0.00854488400000264,pixhawk_fused,True,0.8,0.2,gyro,-1.0,0.0,0.0,0.0,0.0,0.386623297999904,1,0.0,0.0,0.0,0.0,0.0,0.005361878910097319,0.04156094718714674,0.0023971152801651454,0.07013564444191855,0.04156094718714674,,,
57.44828080001753,3785.367769869,odom,done,4,4,,-0.04150401680236973,0.0021746080937520623,-0.06477376553182124,-6.9995940433440635,-5.928944231275382,-3.0442153037613506,2.6481040430474745,-0.8764950633049011,0.5138324934474605,-0.5138324934474605,0.10912974800021402,pixhawk_fused,True,0.8,0.2,gyro,-1.0,0.0,0.0,0.0,0.0,0.48721480999984124,1,0.0,0.0,0.0,0.0,0.0,0.005361878910097319,0.04156094718714674,0.0023971152801651454,0.07013564444191855,0.04156094718714674,,,
57.448482999927364,3785.484107795,odom,done,4,4,,-0.04150401680236973,0.0021746080937520623,-0.06461047875565162,-6.9995940433440635,-5.928944231275382,-3.044052016985181,2.6481040430474745,-0.8767119646072388,0.5140300127903412,-0.5140300127903412,0.04925782000009349,pixhawk_fused,True,0.8,0.2,gyro,-1.0,0.0,0.0,0.0,0.0,0.6046236150000368,1,0.0,0.0,0.0,0.0,0.0,0.005361878910097319,0.04156094718714674,0.0023971152801651454,0.06997235766574894,0.04156094718714674,,,
57.44867820001673,3785.602314209,odom,done,4,4,,-0.04150401680236973,0.0021746080937520623,-0.06446348267788515,-6.9995940433440635,-5.928944231275382,-3.0439050209074145,2.6481040430474745,-0.8769047260284424,0.5142078230732533,-0.5142078230732533,0.03886494900007165,pixhawk_fused,True,0.8,0.2,gyro,-1.0,0.0,0.0,0.0,0.0,0.7228322689998095,1,0.0,0.0,0.0,0.0,0.0,0.005361878910097319,0.04156094718714674,0.0023971152801651454,0.06982536158798247,0.04156094718714674,,,
57.448822399950586,3785.703133807,odom,done,4,4,,-0.04150401680236973,0.0021746080937520623,-0.06425449599903477,-6.9995940433440635,-5.928944231275382,-3.043696034228564,2.6481040430474745,-0.877183735370636,0.5144606137970642,-0.5144606137970642,0.07701821199998449,pixhawk_fused,True,0.8,0.2,gyro,-1.0,0.0,0.0,0.0,0.0,0.8233181169998716,1,0.0,0.0,0.0,0.0,0.0,0.005361878910097319,0.04156094718714674,0.0023971152801651454,0.06961637490913208,0.04156094718714674,,,
