local_t,bridge_t,event_type,mission_state,mission_index,mission_total,event_message,x_m,y_m,yaw_rad,raw_x_m,raw_y_m,raw_yaw_rad,encoder_yaw_rad,pixhawk_yaw_rad,pixhawk_yaw_ros_rad,pixhawk_gyro_yaw_rad,pixhawk_age_s,yaw_source,use_pixhawk_yaw,pixhawk_weight,encoder_weight,pixhawk_yaw_mode,pixhawk_yaw_sign,linear_x_mps,angular_z_radps,cmd_linear_x_mps,cmd_angular_z_radps,cmd_age_s,nearest_segment,along_track_m,segment_progress_m,segment_ratio,nearest_path_x_m,nearest_path_y_m,nearest_path_yaw_rad,cross_track_error_m,signed_cross_track_error_m,heading_error_rad,distance_to_waypoint_m,turn_kind,turn_target_yaw_rad,turn_yaw_error_rad
1.0357936000218615,3977.803366166,odom,idle,,4,,-0.013903932066593261,-0.004421314795535719,0.07455400084179464,-6.977399925035625,-5.93939804895653,2.165742701209534,1.4702170223225093,-1.6390515565872192,1.1442803329150084,-1.1442803329150084,0.09135406399991552,pixhawk_fused,True,0.8,0.2,gyro,-1.0,0.0,0.0,0.0,0.0,22.243959417000042,4,2.6051004047308077,0.49948435201702274,0.991009170556401,-3.5963317774396174e-05,-0.0045313780395738745,1.5628599854874305,0.013868405500846335,0.013868405500846337,1.488305984645636,,,,
1.0363203000742942,3977.904266912,odom,idle,,4,,-0.013903932066593261,-0.004421314795535719,0.0749066495569286,-6.977399925035625,-5.93939804895653,2.166095349924668,1.4702170223225093,-1.6393194198608398,1.144701541088045,-1.144701541088045,0.0751157320000857,pixhawk_fused,True,0.8,0.2,gyro,-1.0,0.0,0.0,0.0,0.0,22.344749073999992,4,2.6051004047308077,0.49948435201702274,0.991009170556401,-3.5963317774396174e-05,-0.0045313780395738745,1.5628599854874305,0.013868405500846335,0.013868405500846337,1.487953335930502,,,,
1.0365030000684783,3978.004819112,odom,idle,,4,,-0.013903932066593261,-0.004421314795535719,0.07509971579824981,-6.977399925035625,-5.93939804895653,2.166288416165989,1.4702170223225093,-1.639478325843811,1.1449321336669274,-1.1449321336669274,0.07041817600020295,pixhawk_fused,True,0.8,0.2,gyro,-1.0,0.0,0.0,0.0,0.0,22.445016818000113,4,2.6051004047308077,0.49948435201702274,0.991009170556401,-3.5963317774396174e-05,-0.0045313780395738745,1.5628599854874305,0.013868405500846335,0.013868405500846337,1.4877602696891807,,,,
1.036663500010036,3978.123457111,odom,idle,,4,,-0.013903932066593261,-0.004421314795535719,0.07529993302042781,-6.977399925035625,-5.93939804895653,2.166488633388167,1.4702170223225093,-1.639634609222412,1.1451712610123106,-1.1451712610123106,0.07116954399998576,pixhawk_fused,True,0.8,0.2,gyro,-1.0,0.0,0.0,0.0,0.0,22.564099193999937,4,2.6051004047308077,0.49948435201702274,0.991009170556401,-3.5963317774396174e-05,-0.0045313780395738745,1.5628599854874305,0.013868405500846335,0.013868405500846337,1.4875600524670027,,,,
1.0368494000285864,3978.223740818,odom,idle,,4,,-0.013903932066593261,-0.004421314795535719,0.07543848775656414,-6.977399925035625,-5.93939804895653,2.1666271881243033,1.4702170223225093,-1.6397550106048584,1.1453367387440414,-1.1453367387440414,0.09362670500013337,pixhawk_fused,True,0.8,0.2,gyro,-1.0,0.0,0.0,0.0,0.0,22.6644292699998,4,2.6051004047308077,0.49948435201702274,0.991009170556401,-3.5963317774396174e-05,-0.0045313780395738745,1.5628599854874305,0.013868405500846335,0.013868405500846337,1.4874214977308664,,,,
1.0369677999988198,3978.345350494,odom,idle,,4,,-0.013903932066593261,-0.004421314795535719,0.07562015237603825,-6.977399925035625,-5.93939804895653,2.1668088527437774,1.4702170223225093,-1.6398859024047852,1.145553698625405,-1.145553698625405,0.03520293999963542,pixhawk_fused,True,0.8,0.2,gyro,-1.0,0.0,0.0,0.0,0.0,22.785650456999974,4,2.6051004047308077,0.49948435201702274,0.991009170556401,-3.5963317774396174e-05,-0.0045313780395738745,1.5628599854874305,0.013868405500846335,0.013868405500846337,1.4872398331113923,,,,
1.0370663000503555,3978.445525389,odom,idle,,4,,-0.013903932066593261,-0.004421314795535719,0.07600579899479154,-6.977399925035625,-5.93939804895653,2.1671944993625307,1.4702170223225093,-1.6401869058609009,1.1460142546605678,-1.1460142546605678,0.02322406499979479,pixhawk_fused,True,0.8,0.2,gyro,-1.0,0.0,0.0,0.0,0.0,22.885791889999837,4,2.6051004047308077,0.49948435201702274,0.991009170556401,-3.5963317774396174e-05,-0.0045313780395738745,1.5628599854874305,0.013868405500846335,0.013868405500846337,1.486854186492639,,,,
1.0371461000759155,3978.545629509,odom,idle,,4,,-0.013903932066593261,-0.004421314795535719,0.07600579899479154,-6.977399925035625,-5.93939804895653,2.1671944993625307,1.4702170223225093,-1.6401869058609009,1.1460142546605678,-1.1460142546605678,0.12329581499989217,pixhawk_fused,True,0.8,0.2,gyro,-1.0,0.0,0.0,0.0,0.0,22.98586517700005,4,2.6051004047308077,0.49948435201702274,0.991009170556401,-3.5963317774396174e-05,-0.0045313780395738745,1.5628599854874305,0.013868405500846335,0.013868405500846337,1.486854186492639,,,,
1.0372650000499561,3978.663902833,odom,idle,,4,,-0.013903932066593261,-0.004421314795535719,0.07627215333231874,-6.977399925035625,-5.93939804895653,2.167460853700058,1.4702170223225093,-1.6403882503509521,1.1463323330592723,-1.1463323330592723,0.04943140100021992,pixhawk_fused,True,0.8,0.2,gyro,-1.0,0.0,0.0,0.0,0.0,23.10501480999983,4,2.6051004047308077,0.49948435201702274,0.991009170556401,-3.5963317774396174e-05,-0.0045313780395738745,1.5628599854874305,0.013868405500846335,0.013868405500846337,1.4865878321551118,,,,
1.0374041000613943,3978.764047265,odom,idle,,4,,-0.013903932066593261,-0.004421314795535719,0.07652444305619577,-6.977399925035625,-5.93939804895653,2.167713143423935,1.4702170223225093,-1.6405881643295288,1.1466336053602757,-1.1466336053602757,0.04405049299975872,pixhawk_fused,True,0.8,0.2,gyro,-1.0,0.0,0.0,0.0,0.0,23.20499206300019,4,2.6051004047308077,0.49948435201702274,0.991009170556401,-3.5963317774396174e-05,-0.0045313780395738745,1.5628599854874305,0.013868405500846335,0.013868405500846337,1.4863355424312348,,,,
2.282353700022213,3978.886177724,odom,idle,,4,,-0.013903932066593261,-0.004421314795535719,0.07669547482710071,-6.977399925035625,-5.93939804895653,2.16788417519484,1.4702170223225093,-1.6407270431518555,1.14683783763972,-1.14683783763972,0.0031533390001641237,pixhawk_fused,True,0.8,0.2,gyro,-1.0,0.0,0.0,0.0,0.0,23.30830650100006,4,2.6051004047308077,0.49948435201702274,0.991009170556401,-3.5963317774396174e-05,-0.0045313780395738745,1.5628599854874305,0.013868405500846335,0.013868405500846337,1.4861645106603298,,,,
2.2825539000332355,3978.993534014,odom,idle,,4,,-0.013903932066593261,-0.004421314795535719,0.07669547482710071,-6.977399925035625,-5.93939804895653,2.16788417519484,1.4702170223225093,-1.6407270431518555,1.14683783763972,-1.14683783763972,0.12913937600023928,pixhawk_fused,True,0.8,0.2,gyro,-1.0,0.0,0.0,0.0,0.0,23.432901484000013,4,2.6051004047308077,0.49948435201702274,0.991009170556401,-3.5963317774396174e-05,-0.0045313780395738745,1.5628599854874305,0.013868405500846335,0.013868405500846337,1.4861645106603298,,,,
2.2826807000674307,3979.115255835,odom,idle,,4,,-0.013903932066593261,-0.004421314795535719,0.0770523274845254,-6.977399925035625,-5.93939804895653,2.1682410278522646,1.4702170223225093,-1.6409858465194702,1.147263947411779,-1.147263947411779,0.035873587999958545,pixhawk_fused,True,0.8,0.2,gyro,-1.0,0.0,0.0,0.0,0.0,23.548080429000038,4,2.6051004047308077,0.49948435201702274,0.991009170556401,-3.5963317774396174e-05,-0.0045313780395738745,1.5628599854874305,0.013868405500846335,0.013868405500846337,1.4858076580029052,,,,
2.2827983000315726,3979.232912194,odom,idle,,4,,-0.013903932066593261,-0.004421314795535719,0.07718831761640388,-6.977399925035625,-5.93939804895653,2.168377017984143,1.4702170223225093,-1.6411093473434448,1.147426324935503,-1.147426324935503,0.01794211800006451,pixhawk_fused,True,0.8,0.2,gyro,-1.0,0.0,0.0,0.0,0.0,23.671213414999784,4,2.6051004047308077,0.49948435201702274,0.991009170556401,-3.5963317774396174e-05,-0.0045313780395738745,1.5628599854874305,0.013868405500846335,0.013868405500846337,1.4856716678710267,,,,
2.2829479000065476,3979.346613624,odom,idle,,4,,-0.013903932066593261,-0.004421314795535719,0.07718831761640388,-6.977399925035625,-5.93939804895653,2.168377017984143,1.4702170223225093,-1.6411093473434448,1.147426324935503,-1.147426324935503,0.1327751660001013,pixhawk_fused,True,0.8,0.2,gyro,-1.0,0.0,0.0,0.0,0.0,23.786038352000105,4,2.6051004047308077,0.49948435201702274,0.991009170556401,-3.5963317774396174e-05,-0.0045313780395738745,1.5628599854874305,0.013868405500846335,0.013868405500846337,1.4856716678710267,,,,
2.2830612000543624,3979.458342757,odom,idle,,4,,-0.013903932066593261,-0.004421314795535719,0.07772479220083639,-6.977399925035625,-5.93939804895653,2.1689134925685756,1.4702170223225093,-1.6414813995361328,1.1480668682538566,-1.1480668682538566,0.001438146000054985,pixhawk_fused,True,0.8,0.2,gyro,-1.0,0.0,0.0,0.0,0.0,23.89659755399998,4,2.6051004047308077,0.49948435201702274,0.991009170556401,-3.5963317774396174e-05,-0.0045313780395738745,1.5628599854874305,0.013868405500846335,0.013868405500846337,1.4851351932865942,,,,
2.283161100000143,3979.563389555,odom,idle,,4,,-0.013903932066593261,-0.004421314795535719,0.07772479220083639,-6.977399925035625,-5.93939804895653,2.1689134925685756,1.4702170223225093,-1.6414813995361328,1.1480668682538566,-1.1480668682538566,0.10735597499979121,pixhawk_fused,True,0.8,0.2,gyro,-1.0,0.0,0.0,0.0,0.0,24.00232631500012,4,2.6051004047308077,0.49948435201702274,0.991009170556401,-3.5963317774396174e-05,-0.0045313780395738745,1.5628599854874305,0.013868405500846335,0.013868405500846337,1.4851351932865942,,,,
2.283252499997616,3979.664543034,odom,idle,,4,,-0.013903932066593261,-0.004421314795535719,0.07805281081681814,-6.977399925035625,-5.93939804895653,2.1692415111845573,1.4702170223225093,-1.6417131423950195,1.1484584957667288,-1.1484584957667288,0.028015619000143488,pixhawk_fused,True,0.8,0.2,gyro,-1.0,0.0,0.0,0.0,0.0,24.104579616000137,4,2.6051004047308077,0.49948435201702274,0.991009170556401,-3.5963317774396174e-05,-0.0045313780395738745,1.5628599854874305,0.013868405500846335,0.013868405500846337,1.4848071746706124,,,,
2.283334100036882,3979.766619839,odom,idle,,4,,-0.013903932066593261,-0.004421314795535719,0.07824786410140128,-6.977399925035625,-5.93939804895653,2.1694365644691405,1.4702170223225093,-1.6418520212173462,1.1486913655012507,-1.1486913655012507,0.032870244000150706,pixhawk_fused,True,0.8,0.2,gyro,-1.0,0.0,0.0,0.0,0.0,24.20696119000013,4,2.6051004047308077,0.49948435201702274,0.991009170556401,-3.5963317774396174e-05,-0.0045313780395738745,1.5628599854874305,0.013868405500846335,0.013868405500846337,1.4846121213860293,,,,
2.2834172000875697,3979.885802545,odom,idle,,4,,-0.013903932066593261,-0.004421314795535719,0.07824786410140128,-6.977399925035625,-5.93939804895653,2.1694365644691405,1.4702170223225093,-1.6418520212173462,1.1486913655012507,-1.1486913655012507,0.1520473939999647,pixhawk_fused,True,0.8,0.2,gyro,-1.0,0.0,0.0,0.0,0.0,24.3261326920001,4,2.6051004047308077,0.49948435201702274,0.991009170556401,-3.5963317774396174e-05,-0.0045313780395738745,1.5628599854874305,0.013868405500846335,0.013868405500846337,1.4846121213860293,,,,
2.2834965999936685,3980.003557863,odom,idle,,4,,-0.013903932066593261,-0.004421314795535719,0.0784403251799306,-6.977399925035625,-5.93939804895653,2.16962902554767,1.4702170223225093,-1.6419923305511475,1.148921134608205,-1.148921134608205,0.0904431249996378,pixhawk_fused,True,0.8,0.2,gyro,-1.0,0.0,0.0,0.0,0.0,24.44405004300006,4,2.6051004047308077,0.49948435201702274,0.991009170556401,-3.5963317774396174e-05,-0.0045313780395738745,1.5628599854874305,0.013868405500846335,0.013868405500846337,1.4844196603075,,,,
3.1564567000605166,3980.10634089,odom,idle,,4,,-0.013903932066593261,-0.004421314795535719,0.07880845079058174,-6.977399925035625,-5.93939804895653,2.169997151158321,1.4702170223225093,-1.6422560214996338,1.149360604118429,-1.149360604118429,0.04027715199981685,pixhawk_fused,True,0.8,0.2,gyro,-1.0,0.0,0.0,0.0,0.0,24.54601675899994,4,2.6051004047308077,0.49948435201702274,0.991009170556401,-3.5963317774396174e-05,-0.0045313780395738745,1.5628599854874305,0.013868405500846335,0.013868405500846337,1.4840515346968488,,,,
3.156769199995324,3980.206745315,odom,idle,,4,,-0.013903932066593261,-0.004421314795535719,0.07880845079058174,-6.977399925035625,-5.93939804895653,2.169997151158321,1.4702170223225093,-1.6422560214996338,1.149360604118429,-1.149360604118429,0.14037891899988608,pixhawk_fused,True,0.8,0.2,gyro,-1.0,0.0,0.0,0.0,0.0,24.646121247999872,4,2.6051004047308077,0.49948435201702274,0.991009170556401,-3.5963317774396174e-05,-0.0045313780395738745,1.5628599854874305,0.013868405500846335,0.013868405500846337,1.4840515346968488,,,,
3.1570951000321656,3980.326632519,odom,idle,,4,,-0.013903932066593261,-0.004421314795535719,0.07895788505551637,-6.977399925035625,-5.93939804895653,2.1701465854232556,1.4702170223225093,-1.642370343208313,1.1495389931419528,-1.1495389931419528,0.10988059100009195,pixhawk_fused,True,0.8,0.2,gyro,-1.0,0.0,0.0,0.0,0.0,24.76673048800012,4,2.6051004047308077,0.49948435201702274,0.991009170556401,-3.5963317774396174e-05,-0.0045313780395738745,1.5628599854874305,0.013868405500846335,0.013868405500846337,1.4839021004319142,,,,
3.1573186001041904,3980.445678432,odom,idle,,4,,-0.013903932066593261,-0.004421314795535719,0.0794774593729537,-6.977399925035625,-5.93939804895653,2.170666159740693,1.4702170223225093,-1.6427372694015503,1.150159214185657,-1.150159214185657,0.00683605299991541,pixhawk_fused,True,0.8,0.2,gyro,-1.0,0.0,0.0,0.0,0.0,24.885998412999925,4,2.6051004047308077,0.49948435201702274,0.991009170556401,-3.5963317774396174e-05,-0.0045313780395738745,1.5628599854874305,0.013868405500846335,0.013868405500846337,1.4833825261144769,,,,
3.1574358000652865,3980.545847845,odom,idle,,4,,-0.013903932066593261,-0.004421314795535719,0.0794774593729537,-6.977399925035625,-5.93939804895653,2.170666159740693,1.4702170223225093,-1.6427372694015503,1.150159214185657,-1.150159214185657,0.10693404199992074,pixhawk_fused,True,0.8,0.2,gyro,-1.0,0.0,0.0,0.0,0.0,24.986095809999824,4,2.6051004047308077,0.49948435201702274,0.991009170556401,-3.5963317774396174e-05,-0.0045313780395738745,1.5628599854874305,0.013868405500846335,0.013868405500846337,1.4833825261144769,,,,
3.157550000003539,3980.667198324,odom,idle,,4,,-0.013903932066593261,-0.004421314795535719,0.07980245910110684,-6.977399925035625,-5.93939804895653,2.170991159468846,1.4702170223225093,-1.642958402633667,1.1505471480359453,-1.1505471480359453,0.03258539999978893,pixhawk_fused,True,0.8,0.2,gyro,-1.0,0.0,0.0,0.0,0.0,25.107314274000146,4,2.6051004047308077,0.49948435201702274,0.991009170556401,-3.5963317774396174e-05,-0.0045313780395738745,1.5628599854874305,0.013868405500846335,0.013868405500846337,1.4830575263863237,,,,
3.157673600013368,3980.783340446,odom,idle,,4,,-0.013903932066593261,-0.004421314795535719,0.07980245910110684,-6.977399925035625,-5.93939804895653,2.170991159468846,1.4702170223225093,-1.642958402633667,1.1505471480359453,-1.1505471480359453,0.14936542999976155,pixhawk_fused,True,0.8,0.2,gyro,-1.0,0.0,0.0,0.0,0.0,25.224082138000085,4,2.6051004047308077,0.49948435201702274,0.991009170556401,-3.5963317774396174e-05,-0.0045313780395738745,1.5628599854874305,0.013868405500846335,0.013868405500846337,1.4830575263863237,,,,
3.157770000048913,3980.883663503,odom,idle,,4,,-0.013903932066593261,-0.004421314795535719,0.07997384975156896,-6.977399925035625,-5.93939804895653,2.171162550119308,1.4702170223225093,-1.6430858373641968,1.1507517207042444,-1.1507517207042444,0.07533446599973104,pixhawk_fused,True,0.8,0.2,gyro,-1.0,0.0,0.0,0.0,0.0,25.3246640389998,4,2.6051004047308077,0.49948435201702274,0.991009170556401,-3.5963317774396174e-05,-0.0045313780395738745,1.5628599854874305,0.013868405500846335,0.013868405500846337,1.4828861357358616,,,,
4.186058400082402,3981.007067925,odom,idle,,4,,0.0,0.0,0.00034714362044230285,-6.977399925035625,-5.93939804895653,1.4705641659429516,1.4702170223225093,-1.6433440446853638,1.151185650228163,-1.151185650228163,0.09067013599997154,pixhawk_fused,True,0.8,0.2,gyro,-1.0,0.0,0.0,0.0,0.0,25.445651138999892,1,0.0,0.0,0.0,0.0,0.0,0.005361878910097319,0.0,0.0,0.005014735289655016,,,,
4.186184300109744,3981.126851539,odom,idle,,4,,0.0,0.0,0.0005535195053465447,-6.977399925035625,-5.93939804895653,1.4707705418278558,1.4702170223225093,-1.643491506576538,1.151443620079303,-1.151443620079303,0.01142564899964782,pixhawk_fused,True,0.8,0.2,gyro,-1.0,0.0,0.0,0.0,0.0,25.566185917999974,1,0.0,0.0,0.0,0.0,0.0,0.005361878910097319,0.0,0.0,0.0048083594047507745,,,,
4.18628870008979,3981.24552174,odom,idle,,4,,0.0,0.0,0.0008679526974819662,-6.977399925035625,-5.93939804895653,1.4710849750199912,1.4702170223225093,-1.6437402963638306,1.1518366615505553,-1.1518366615505553,0.012065334999988409,pixhawk_fused,True,0.8,0.2,gyro,-1.0,0.0,0.0,0.0,0.0,25.685879775000103,1,0.0,0.0,0.0,0.0,0.0,0.005361878910097319,0.0,0.0,0.004493926212615353,,,,
4.186423200066201,3981.345547119,odom,idle,,4,,0.0,0.0,0.0010319164368053357,-6.977399925035625,-5.93939804895653,1.4712489387593146,1.4702170223225093,-1.6438466310501099,1.1520416162073277,-1.1520416162073277,0.01170143699982873,pixhawk_fused,True,0.8,0.2,gyro,-1.0,0.0,0.0,0.0,0.0,25.785875082000075,1,0.0,0.0,0.0,0.0,0.0,0.005361878910097319,0.0,0.0,0.004329962473291983,,,,
4.186577300075442,3981.464238616,odom,idle,,4,,0.0,0.0,0.0010319164368053357,-6.977399925035625,-5.93939804895653,1.4712489387593146,1.4702170223225093,-1.6438466310501099,1.1520416162073277,-1.1520416162073277,0.13087719799978004,pixhawk_fused,True,0.8,0.2,gyro,-1.0,0.0,0.0,0.0,0.0,25.90503128699993,1,0.0,0.0,0.0,0.0,0.0,0.005361878910097319,0.0,0.0,0.004329962473291983,,,,
4.186738700023852,3981.56480124,odom,idle,,4,,0.0,0.0,0.0012100507922947479,-6.977399925035625,-5.93939804895653,1.471427073114804,1.4702170223225093,-1.6439732313156128,1.1522642841254025,-1.1522642841254025,0.031055794999701902,pixhawk_fused,True,0.8,0.2,gyro,-1.0,0.0,0.0,0.0,0.0,26.005646595000144,1,0.0,0.0,0.0,0.0,0.0,0.005361878910097319,0.0,0.0,0.004151828117802571,,,,
4.186960200080648,3981.664812749,odom,idle,,4,,0.0,0.0,0.0015401819497282698,-6.977399925035625,-5.93939804895653,1.4717572042722376,1.4702170223225093,-1.6441895961761475,1.1526769479986876,-1.1526769479986876,0.03250560600008612,pixhawk_fused,True,0.8,0.2,gyro,-1.0,0.0,0.0,0.0,0.0,26.10565234600017,1,0.0,0.0,0.0,0.0,0.0,0.005361878910097319,0.0,0.0,0.0038216969603690493,,,,
4.187278800061904,3981.784730674,odom,idle,,4,,0.0,0.0,0.0015401819497282698,-6.977399925035625,-5.93939804895653,1.4717572042722376,1.4702170223225093,-1.6441895961761475,1.1526769479986876,-1.1526769479986876,0.15213670599996476,pixhawk_fused,True,0.8,0.2,gyro,-1.0,0.0,0.0,0.0,0.0,26.22529518600004,1,0.0,0.0,0.0,0.0,0.0,0.005361878910097319,0.0,0.0,0.0038216969603690493,,,,
4.187485200003721,3981.903190232,odom,idle,,4,,0.0,0.0,0.0016707918341278827,-6.977399925035625,-5.93939804895653,1.4718878141566372,1.4702170223225093,-1.6442666053771973,1.1528402103147133,-1.1528402103147133,0.09336374800022895,pixhawk_fused,True,0.8,0.2,gyro,-1.0,0.0,0.0,0.0,0.0,26.344214545999876,1,0.0,0.0,0.0,0.0,0.0,0.005361878910097319,0.0,0.0,0.0036910870759694365,,,,
4.4974625000031665,,mission_status,navigating,1,4,going to waypoint 1/4,0.0,0.0,0.0016707918341278827,,,,,,,,,,,,,,,,,,,,,,,,,,,,,,,,,
4.497649800032377,3982.007985721,odom,navigating,1,4,,0.0,0.0,0.0020088948695295983,-6.977399925035625,-5.93939804895653,1.4722259171920389,1.4702170223225093,-1.6445226669311523,1.1532628389744684,-1.1532628389744684,0.08998567400021784,pixhawk_fused,True,0.8,0.2,gyro,-1.0,0.0,0.0,0.26,0.01937276037905487,0.012093204999928275,1,0.0,0.0,0.0,0.0,0.0,0.005361878910097319,0.0,0.0,0.003352984040567721,0.7460107237835124,,,
4.497829100000672,3982.108186799,odom,navigating,1,4,,0.0006910801404001286,3.1067462789695095e-07,0.0036324295422045516,-6.977330842914406,-5.938710430226781,1.4738494518647138,1.4783347110514462,-1.6445226669311523,1.1532628389744684,-1.1532628389744684,0.18966110000019398,pixhawk_fused,True,0.8,0.2,gyro,-1.0,0.02830297127366066,0.37201592326164246,0.26,0.018662626797879618,0.011337540000113222,1,0.0006910718720266226,0.0006910718720266226,0.0009263564852281765,0.0006910619379802196,3.7054259409127057e-06,0.005361878910097319,3.3948001127183814e-06,-3.394800112718381e-06,0.0017294493678927676,0.7453196519192171,,,
4.497961900080554,3982.228553378,odom,navigating,1,4,,0.003112491435776455,3.683986965678489e-05,0.008568530005901742,-6.97712405404824,-5.936297588456524,1.478785552328411,1.5020468539931808,-1.6446563005447388,1.153505416944962,-1.153505416944962,0.1128086940002504,pixhawk_fused,True,0.8,0.2,gyro,-1.0,0.03359680622816086,0.44159838557243347,0.26,0.005000592251050339,0.03338499000028605,1,0.0031126442241890765,0.0031126442241890765,0.004172385362509006,0.0031125994804317185,1.6689541450036024e-05,0.005361878910097319,2.015061786862204e-05,2.015061786862204e-05,-0.003206651095804423,0.7428980798326095,,,
4.821280600037426,3982.345318149,odom,navigating,1,4,,0.009414729732763607,0.0004567447301847621,0.03859917320269246,-6.976909030227228,-5.929985038068582,1.5088161955252017,1.5791495642903322,-1.6680835485458374,1.1717811410206966,-1.1717811410206966,0.11437385500039454,pixhawk_fused,True,0.8,0.2,gyro,-1.0,0.07171758264303207,0.6733286380767822,0.26,-0.19457605482520518,0.0023057690000314324,1,0.009417043395747568,0.009417043395747568,0.012623201108943221,0.009416908027271643,5.049280443577289e-05,0.005361878910097319,0.00040625776563867175,0.00040625776563867175,-0.03323729429259514,0.736593792420602,,,
4.821437400067225,3982.449366881,odom,navigating,1,4,,0.018759592876823723,0.0017014696546642136,0.09242887762131691,-6.977209148581663,-5.920562419733312,1.5626458999438262,1.6244680651978207,-1.7268037796020508,1.2277342860478573,-1.2277342860478573,0.04420556300010503,pixhawk_fused,True,0.8,0.2,gyro,-1.0,0.11778069287538528,0.33654704689979553,0.26,-0.26719723716539256,0.00376124800004618,1,0.018768446241253085,0.018768446241253085,0.025158413468999365,0.018768176447873527,0.00010063365387599747,0.005361878910097319,0.0016008590128776413,0.0016008590128776415,-0.08706699871121959,0.7272440395042311,,,
4.82155450002756,3982.549410852,odom,navigating,1,4,,0.03265060397718631,0.003972410664634135,0.14170717597981697,-6.978073818840628,-5.90651358676383,1.6119241983023262,1.6387045149178345,-1.780086874961853,1.2857645677704028,-1.2857645677704028,0.03275630300004195,pixhawk_fused,True,0.8,0.2,gyro,-1.0,0.16165412962436676,0.033621009439229965,0.26,-0.6939203932621459,0.0038373020001927216,1,0.03267143411293976,0.03267143411293976,0.0437948585339918,0.03267096446635789,0.00017517943413596722,0.005361878910097319,0.003797285815867688,0.003797285815867688,-0.13634529706971965,0.713349396556333,,,
5.14049820008222,3982.649903719,odom,navigating,1,4,,0.04955483327471168,0.006717119259819259,0.14330268728066575,-6.979107305673964,-5.889419192993324,1.613519709603175,1.6136954536927377,-1.7902259826660156,1.2940104719627314,-1.2940104719627314,0.009667714999977761,pixhawk_fused,True,0.8,0.2,gyro,-1.0,0.1741192638874054,-0.33656370639801025,0.17011038268090434,-0.7222222222222224,0.0037850250000701635,1,0.04959013713951629,0.04959013713951629,0.06647375910095768,0.04958942428931443,0.00026589503640383073,0.005361878910097319,0.006451316960053446,0.006451316960053447,-0.13794080837056844,0.6964504670054338,,,
5.140738800051622,3982.767162994,odom,navigating,1,4,,0.06758726817376817,0.008944351468903787,0.13248670015795905,-6.979512648451448,-5.871254255092669,1.6027037224804683,1.5596030081225463,-1.7902259826660156,1.2940104719627314,-1.2940104719627314,0.12739192300023205,pixhawk_fused,True,0.8,0.2,gyro,-1.0,0.13655322790145874,-0.3725188970565796,0.15126103915064731,-0.7222222222222224,0.01615092600013668,1,0.06763425491742482,0.06763425491742482,0.09066123684443422,0.06763328268594793,0.0003626449473777369,0.005361878910097319,0.00858182988394281,0.00858182988394281,-0.12712482124786173,0.6784307490933609,,,
5.140913000097498,3982.867189058,odom,navigating,1,4,,0.07970391548412131,0.009742746498481135,0.09115253568732218,-6.979090378266778,-5.859118676632708,1.5613695580098315,1.5014516965031839,-1.7529950141906738,1.2568753195333893,-1.2568753195333893,0.047696761999759474,pixhawk_fused,True,0.8,0.2,gyro,-1.0,0.12875932455062866,-0.5415744185447693,0.14766776288546982,-0.7222222222222223,0.021464651000314916,1,0.07975500892989093,0.07975500892989093,0.1069086628210928,0.07975386246453524,0.00042763465128437125,0.005361878910097319,0.009315245752348027,0.009315245752348027,-0.08579065677722486,0.6663208321661096,,,
5.480505800107494,3982.985940867,odom,navigating,1,4,,0.09373678711066744,0.0097013080039802,-0.011435121803947013,-6.977640111218672,-5.845160885664036,1.4587819005185623,1.4221671391384285,-1.6447153091430664,1.1484683718312199,-1.1484683718312199,0.050848563999807084,pixhawk_fused,True,0.8,0.2,gyro,-1.0,0.14086680114269257,-0.7069597840309143,0.1790657802967093,-0.7222222222222222,0.04046709099975487,1,0.09378745664905168,0.09378745664905168,0.12571864406103123,0.0937861084695293,0.000502874576244125,0.005361878910097319,0.009198565655629817,0.009198565655629818,0.01679700071404433,0.6522881294348924,,,
5.480743100051768,3983.086321162,odom,navigating,1,4,,0.1106135061055743,0.00841290610427205,-0.02319199276846584,-6.974663632538866,-5.828498827023013,1.4470250295540434,1.3632987604732314,-1.6447153091430664,1.1484683718312199,-1.1484683718312199,0.15094766299989715,pixhawk_fused,True,0.8,0.2,gyro,-1.0,0.21580368280410767,-0.5403607487678528,0.26,-0.49390532699986034,0.04246859200020481,1,0.11065702482198017,0.11065702482198017,0.14833168115970963,0.11065543414514338,0.0005933267246388385,0.005361878910097319,0.007819691786438071,0.007819691786438071,0.02855387167856316,0.635401818036222,,,
5.480922400020063,3983.208419137,odom,navigating,1,4,,0.13931863049002807,0.004814846124862439,-0.12681211668411807,-6.9682014804711985,-5.800300054138423,1.3434049056383912,1.3295156737817742,-1.5296711921691895,1.0274118073213514,-1.0274118073213514,0.0858743419998973,pixhawk_fused,True,0.8,0.2,gyro,-1.0,0.2701716721057892,-0.1015501469373703,0.26,0.34984818180354077,0.012367808000362857,1,0.13934244430543374,0.13934244430543374,0.18678343335164985,0.1393404412803308,0.0007471337334065994,0.005361878910097319,0.004067770865004199,0.004067770865004199,0.1321739955942154,0.6066819167279526,,,
5.823361000046134,3983.327122299,odom,navigating,1,4,,0.1684404802549829,0.0008054581511199067,-0.14355583358401414,-6.9612882358768955,-5.771727963300755,1.3266611887384951,1.3531668573289146,-1.504645824432373,1.0005701973665173,-1.0005701973665173,0.09126250899998922,pixhawk_fused,True,0.8,0.2,gyro,-1.0,0.2558783292770386,0.3736977279186249,0.26,0.5990405729337971,0.03120834500032288,1,0.16844237769869835,0.16844237769869835,0.22579082622889918,0.1684399563667588,0.0009031633049155967,0.005361878910097319,9.770655831166497e-05,-9.770655831166494e-05,0.14891771249411145,0.5775683543492658,,,
5.823545100050978,3983.446631568,odom,navigating,1,4,,0.19712962888867433,-0.0017458214135864965,-0.11922807008124003,-6.955869178089885,-5.74343997840532,1.3509889522412692,1.4234488670814072,-1.5202144384384155,1.0134235313910658,-1.0134235313910658,0.03327975100000913,pixhawk_fused,True,0.8,0.2,gyro,-1.0,0.2458643764257431,0.6059353351593018,0.26,0.633021889436182,0.05139591999977711,1,0.19711743434397352,0.19711743434397352,0.2642286874165307,0.1971146008127319,0.001056914749666123,0.005361878910097319,0.002802776452710873,-0.0028027764527108726,0.12458994899133735,0.5489004452062334,,,
5.823676600004546,3983.551208303,odom,navigating,1,4,,0.22221809684122518,-0.0022804457822140356,-0.06483454773267971,-6.952818127318963,-5.718531984977206,1.4053824745898296,1.4873374257962053,-1.5721406936645508,1.0654499343413526,-1.0654499343413526,0.008523081000021193,pixhawk_fused,True,0.8,0.2,gyro,-1.0,0.27185648679733276,0.6895836591720581,0.26,0.5884234378817755,0.004053593000207911,1,0.22220267507646344,0.22220267507646344,0.2978545321031407,0.22219948094894298,0.001191418128412563,0.005361878910097319,0.00347191381882628,-0.003471913818826279,0.07019642664277703,0.523819554881117,,,
6.156676600105129,3983.668187753,odom,navigating,1,4,,0.25335711907427033,-0.0007077306615123242,0.0302969033170315,-6.951256230882926,-5.687392418217149,1.5005139256395408,1.562746239187978,-1.6667832136154175,1.1654999595660382,-1.1654999595660382,0.06766467599982207,pixhawk_fused,True,0.8,0.2,gyro,-1.0,0.2782454490661621,0.5418183207511902,0.26,0.34035448925223616,0.02289059199983967,1,0.2533496823587306,0.2533496823587306,0.3396059524102111,0.25334604049801746,0.0013584238096408443,0.005361878910097319,0.002066184172216509,-0.002066184172216509,-0.02493502440693418,0.4926653741179544,,,
6.1568538000574335,3983.783540877,odom,navigating,1,4,,0.2845862047277012,0.0028931492066350505,0.05914727824954635,-6.951703205932137,-5.65595959556503,1.5293643005720556,1.6066915947440388,-1.6911731958389282,1.1905852347392254,-1.1905852347392254,0.06880055200008428,pixhawk_fused,True,0.8,0.2,gyro,-1.0,0.2715763449668884,0.13461370766162872,0.26,-0.07973448121984873,0.04002817699984007,1,0.28459762648841425,0.28459762648841425,0.3814926748573157,0.28459353544355753,0.0015259706994292627,0.005361878910097319,0.0013671981604582463,0.0013671981604582463,-0.053785399339449036,0.4614151228408814,,,
6.156994100078009,3983.884151369,odom,navigating,1,4,,0.30805963633116523,0.00613712426233801,0.11797115633522393,-6.9525738236584935,-5.632279067906655,1.5881881786577332,1.602632834672065,-1.7600278854370117,1.2651118307638578,-1.2651118307638578,0.054689218000021356,pixhawk_fused,True,0.8,0.2,gyro,-1.0,0.23559655249118805,-0.13463899493217468,0.26,-0.31492680596891026,0.04118190400004096,1,0.3080881143831867,0.3080881143831867,0.4129808118852081,0.30808368566636524,0.0016519232475408323,0.005361878910097319,0.004485265489763253,0.004485265489763252,-0.11260927742512661,0.4379455781606933,,,
6.484439400024712,3984.004532113,odom,navigating,1,4,,0.33444550378341753,0.009199566606198,0.09902286913216951,-6.952971388978621,-5.605719051036677,1.5692398914546788,1.5512106493387583,-1.7481874227523804,1.2542816714424305,-1.2542816714424305,0.0707596460001696,pixhawk_fused,True,0.8,0.2,gyro,-1.0,0.22939825057983398,-0.643699586391449,0.26,-0.7053993139525893,0.009960356000192405,1,0.33449002290919777,0.33449002290919777,0.44837160143325855,0.3344852146692109,0.0017934864057330341,0.005361878910097319,0.0074061866632005495,0.007406186663200549,-0.0936609902220722,0.411587340486776,,,
6.484569300082512,3984.104843743,odom,navigating,1,4,,0.3577989047386652,0.010479946365439682,0.08578314640053053,-6.951900387350981,-5.58235511164243,1.5560001687230398,1.4849569317407607,-1.7481874227523804,1.2542816714424305,-1.2542816714424305,0.17073876699987522,pixhawk_fused,True,0.8,0.2,gyro,-1.0,0.2567989230155945,-0.6750761270523071,0.26,-0.67146440843687,0.011131211999781954,1,0.35784995337141573,0.35784995337141573,0.47968473101368114,0.3578448093362061,0.0019187389240547246,0.005361878910097319,0.008561330509126521,0.00856133050912652,-0.08042126749043321,0.3882551739088597,,,
6.484672100050375,3984.211109117,odom,navigating,1,4,,0.3820806038083577,0.010211987772462433,-0.01508339549990434,-6.949195662181137,-5.558223033959929,1.455133626822605,1.4213583878333325,-1.6394679546356201,1.1441106299239807,-1.1441106299239807,0.08030727300001672,pixhawk_fused,True,0.8,0.2,gyro,-1.0,0.25220417976379395,-0.6765279769897461,0.26,-0.17883613328521633,0.014744112999778736,1,0.3821298666409667,0.3821298666409667,0.5122310637881103,0.3821243735859303,0.0020489242551524414,0.005361878910097319,0.00816318086171476,0.008163180861714761,0.020445274410001657,0.36397241065302566,,,
6.840289400075562,3984.328081177,odom,navigating,1,4,,0.41277285603450214,0.00794654859311434,-0.07553301911210708,-6.943859868937582,-5.527913367649482,1.3946840032104022,1.375963464375994,-1.576380729675293,1.0798985800224952,-1.0798985800224952,0.01316282300012972,pixhawk_fused,True,0.8,0.2,gyro,-1.0,0.26365870237350464,-0.20385554432868958,0.26,-0.11727306447624124,0.0328333739998925,1,0.4128095307185948,0.4128095307185948,0.5533560276787516,0.4128035966483487,0.0022134241107150065,0.005361878910097319,0.005733206896321315,0.005733206896321315,0.0808948980222044,0.33325051345977014,,,
6.8404576000757515,3984.449395026,odom,navigating,1,4,,0.4445751117109365,0.004706113108557258,-0.10996612245507653,-6.937442551624083,-5.4965972068577,1.3602508998674328,1.3623984021408402,-1.5393788814544678,1.0402487230676822,-1.0402487230676822,0.030078801999934512,pixhawk_fused,True,0.8,0.2,gyro,-1.0,0.27925577759742737,-0.033674828708171844,0.26,0.3584630284475616,0.003990779000105249,1,0.4445939545033162,0.4445939545033162,0.5959618814170485,0.4445875635371182,0.002383847525668194,0.005361878910097319,0.002322298965561141,0.0023222989655611406,0.11532800136517385,0.30142571535254997,,,
6.840579200070351,3984.568323866,odom,navigating,1,4,,0.4750948423400623,0.001580410536666313,-0.10603867284968982,-6.9312681654785795,-5.466545569132469,1.3641783494728195,1.3820365384957938,-1.5393788814544678,1.0402487230676822,-1.0402487230676822,0.14916552699969543,pixhawk_fused,True,0.8,0.2,gyro,-1.0,0.2584499418735504,0.20382484793663025,0.2522170088588576,0.4015379943942391,0.02297908999980791,1,0.4750964868578559,0.4750964868578559,0.6368494067328259,0.4750896574226881,0.0025473976269313036,0.005361878910097319,0.0009670009907478534,-0.0009670009907478533,0.11140055175978714,0.2709159627263163,,,
7.194959500106052,3984.68623066,odom,navigating,1,4,,0.5036365889099327,-0.0004215440209164381,-0.08598906830865127,-6.926410457113659,-5.4383490837353365,1.384227954013858,1.4266378435140639,-1.5408110618591309,1.0541631595272236,-1.0541631595272236,0.0668953640001746,pixhawk_fused,True,0.8,0.2,gyro,-1.0,0.24134279787540436,0.40496471524238586,0.2265087758080611,0.45702625150423043,0.040440054000100645,1,0.5036270889582481,0.5036270889582481,0.6750936319038727,0.503619849400289,0.002700374527615491,0.005361878910097319,0.0031219634262513096,-0.003121963426251309,0.09135094721874859,0.24240373983654184,,,
7.195095600094646,3984.809597489,odom,navigating,1,4,,0.5293133655959967,-0.0010765865138468445,-0.041271981193934826,-6.923180524823554,-5.412867845950353,1.4289450411285745,1.470537506423556,-1.5874168872833252,1.0990844337124044,-1.0990844337124044,0.09176267900011226,pixhawk_fused,True,0.8,0.2,gyro,-1.0,0.22287869453430176,0.36619144678115845,0.19192197982920092,0.33801610509324037,0.013930060999882699,1,0.5292999843031011,0.5292999843031011,0.7095072060340792,0.5292923757014231,0.002838028824136317,0.005361878910097319,0.0039146716107545014,-0.0039146716107545,0.04663386010403214,0.21674609399010342,,,
7.195204400108196,3984.923436061,odom,navigating,1,4,,0.5517697823200238,-0.0008909800970248391,-0.009691690118911245,-6.921110348674443,-5.390506283560019,1.460525332203598,1.494875206807739,-1.6188998222351074,1.1324741450924092,-1.1324741450924092,0.08951048200015066,pixhawk_fused,True,0.8,0.2,gyro,-1.0,0.19903644919395447,0.30578339099884033,0.18140684464312065,0.21096705568342108,0.029984212999806914,1,0.5517570734141327,0.5517570734141327,0.7396101099134456,0.5517491419954303,0.0029584404396537822,0.005361878910097319,0.003849475872271763,-0.003849475872271763,0.015053569029008564,0.19429178867445845,,,
7.51987930003088,3985.023606917,odom,navigating,1,4,,0.5691361512200516,-0.0003380427925811155,0.009519331277369592,-6.919916737719077,-5.373172161103958,1.4797363535998789,1.511110584055786,-1.6390316486358643,1.152428700708192,-1.152428700708192,0.013894451000396657,pixhawk_fused,True,0.8,0.2,gyro,-1.0,0.17310060560703278,0.16979438066482544,0.16218313729610967,0.19337263312251463,0.030474883999886515,1,0.569126157444081,0.569126157444081,0.7628927296884781,0.5691179763476046,0.0030515709187539123,0.005361878910097319,0.0033896624371843997,-0.0033896624371843997,-0.004157452367272272,0.17691704163400068,,,
7.52001650002785,3985.145545914,odom,navigating,1,4,,0.5875657784845405,0.0004822162094250196,0.024028668089915106,-6.918882335890759,-5.354753312095512,1.4942456904124244,1.517870137375461,-1.6566215753555298,1.1688747920918876,-1.1688747920918876,0.09168399600002886,pixhawk_fused,True,0.8,0.2,gyro,-1.0,0.1484728455543518,-4.8520723794354126e-05,0.1448717203887516,0.04916540225057634,0.0024898389997360937,1,0.587559917894028,0.587559917894028,0.7876025091356919,0.5875514718152262,0.0031504100365427673,0.005361878910097319,0.0026682321825238753,-0.0026682321825238753,-0.01866678917981779,0.15847327014360157,,,
7.520118400105275,3985.249272969,odom,navigating,1,4,,0.6007374877123745,0.0011006192186134162,0.028077359960151593,-6.918175044768874,-5.341586076792181,1.4982943822826609,1.5145285059696223,-1.6621055603027344,1.17477071686868,-1.17477071686868,0.03244519999998374,pixhawk_fused,True,0.8,0.2,gyro,-1.0,0.1273907572031021,-0.08366990089416504,0.130457508442397,0.02152295089896276,0.003792155000155617,1,0.6007347535668366,0.6007347535668366,0.8052628928979928,0.6007261181019026,0.003221051571591971,0.005361878910097319,0.0021204628342888854,-0.002120462834288885,-0.022715481050054276,0.14529144463810675,,,
7.858290200005285,3985.367784838,odom,navigating,1,4,,0.6152889894196624,0.0017203242616263686,0.025327010459697652,-6.917330504399535,-5.327045891516811,1.495544032782207,1.50842508502063,-1.6598758697509766,1.172858551590111,-1.172858551590111,0.05207873399967866,pixhawk_fused,True,0.8,0.2,gyro,-1.0,0.11629079282283783,-0.10190219432115555,0.1173196480771581,-0.0029975756455912547,0.022492584999781684,1,0.6152893688661198,0.6152893688661198,0.8247728206178883,0.6152805241809446,0.003299091282471553,0.005361878910097319,0.0015787897156920323,-0.0015787897156920318,-0.019965131549600335,0.13073088850155218,,,
7.858700400101952,3985.483630355,odom,navigating,1,4,,0.6282550303437026,0.002185082886953592,0.016513551867956888,-6.916490996502603,-5.314098712506899,1.4867305741904662,1.5009939458320019,-1.6502035856246948,1.163699543012645,-1.163699543012645,0.0499737179998192,pixhawk_fused,True,0.8,0.2,gyro,-1.0,0.10759243369102478,-0.06734291464090347,0.11138370567263539,-0.007664849931385341,0.0389368729997841,1,0.6282577153729494,0.6282577153729494,0.842156413230416,0.6282486842698903,0.0033686256529216643,0.005361878910097319,0.0011835597794485017,-0.0011835597794485012,-0.011151672957859569,0.11775895636209431,,,
7.859003900084645,3985.585985503,odom,navigating,1,4,,0.6383226676895231,0.0024690716683957517,0.015430253604384658,-6.915762660496108,-5.304053440085676,1.485647275926894,1.4955771540965341,-1.6502035856246948,1.163699543012645,-1.163699543012645,0.15147257399985392,pixhawk_fused,True,0.8,0.2,gyro,-1.0,0.10501248389482498,-0.03369992971420288,0.1002610385364233,0.0037542281648621015,0.04228107800008729,1,0.6383267307042728,0.6383267307042728,0.8556535587945666,0.6383175548607467,0.0034226142351782667,0.005361878910097319,0.0009535562739997484,-0.0009535562739997487,-0.01006837469428734,0.10768821493114922,,,
8.181405400042422,3985.68607249,odom,navigating,1,4,,0.6479975844926779,0.002698712871220199,0.006823668390700366,-6.915019684569886,-5.294404360492106,1.4770406907132096,1.4915641316818506,-1.639785647392273,1.1539446485176348,-1.1539446485176348,0.06732324100039477,pixhawk_fused,True,0.8,0.2,gyro,-1.0,0.09221532195806503,-0.06736801564693451,0.08998499588146362,0.015548527108371034,0.04118538600005195,1,0.6480027397344855,0.6480027397344855,0.8686238938336385,0.6479934247998943,0.003474495575334554,0.005361878910097319,0.0007757938560255775,-0.0007757938560255771,-0.0014617894806030467,0.09801105444520707,,,
8.181557700037956,3985.786316529,odom,navigating,1,4,,0.6569310335102225,0.0028714582946554185,0.0015786799936483575,-6.914294551045833,-5.285498714322249,1.4717957023161576,1.4854604969484322,-1.635123372077942,1.1489143017105423,-1.1489143017105423,0.05433406099973581,pixhawk_fused,True,0.8,0.2,gyro,-1.0,0.08452428132295609,-0.10099932551383972,0.08494291385251274,0.013511940795943552,0.04120136600022306,1,0.6569369865707498,0.6569369865707498,0.8805999238710526,0.6569275432078052,0.0035223996954842104,0.005361878910097319,0.000650950758140671,-0.000650950758140671,0.0037831989164489616,0.08907611575466122,,,
8.181677600019611,3985.908727605,odom,navigating,1,4,,0.6661115272419483,0.0030020015141956624,-0.004185683409402063,-6.913502622888018,-5.276351509476872,1.4660313389131072,1.4814016489552722,-1.6291195154190063,1.1427236016265714,-1.1427236016265714,0.0663415270000769,pixhawk_fused,True,0.8,0.2,gyro,-1.0,0.07447540014982224,-0.03375546261668205,0.07176114305431383,0.02777512260468665,0.011450147999767069,1,0.6661180482879446,0.6661180482879446,0.89290680019936,0.6661084729487226,0.00357162720079744,0.005361878910097319,0.0005696338749966117,-0.0005696338749966121,0.009547562319499383,0.07989470621131059,,,
8.518978700041771,3986.027118515,odom,navigating,1,4,,0.6744607814208581,0.003076705271505664,-0.00937910906099182,-6.912738602077186,-5.268036950066055,1.4608379132615175,1.4752981385521242,-1.6242955923080444,1.1377576734296644,-1.1377576734296644,0.00805324200018731,pixhawk_fused,True,0.8,0.2,gyro,-1.0,0.06461898237466812,-0.03397423028945923,0.06432119604968577,0.0304145505850859,0.03146491200004675,1,0.6744675829982573,0.6744675829982573,0.9040990450882359,0.674457887635824,0.0036163961803529435,0.005361878910097319,0.0005396986669283384,-0.0005396986669283391,0.014740987971089138,0.07154517641371716,,,
8.519123600097373,3986.127345332,odom,navigating,1,4,,0.6805325840660928,0.0030963010928462265,-0.015609153646472418,-6.91214843031313,-5.2619938657006164,1.4546078686760369,1.470522237262282,-1.618456482887268,1.1311641323551203,-1.1311641323551203,0.0627682360000108,pixhawk_fused,True,0.8,0.2,gyro,-1.0,0.05685042217373848,0.0,0.06081369629461028,0.038892505989847614,0.03146615200012093,1,0.6805394034322286,0.6805394034322286,0.9122380975715262,0.6805296207883585,0.0036489523902861047,0.005361878910097319,0.0005526592418271057,-0.0005526592418271061,0.020971032556569735,0.0654736528748625,,,
8.519231200101785,3986.246635717,odom,navigating,1,4,,0.6877833589401791,0.0030886554155892254,-0.01977730693361046,-6.911412774346772,-5.254780502751879,1.4504397153888988,1.4658073056456413,-1.6150033473968506,1.127132657973435,-1.127132657973435,0.03276520999997956,pixhawk_fused,True,0.8,0.2,gyro,-1.0,0.06145385280251503,-0.06731275469064713,0.05148254399511391,0.0602869911424044,0.0029862510000384646,1,0.6877900330825995,0.6877900330825995,0.9219573005524138,0.6877801462121007,0.003687829202209655,0.005361878910097319,0.0005991823997705285,-0.0005991823997705292,0.02513918584370778,0.05822377388352257,,,
8.856352200033143,3986.363124012,odom,navigating,1,4,,0.6935633084469196,0.0030659224662684947,-0.02276052935703632,-6.9108097926529535,-5.249032046770976,1.447456492965473,1.4678214674003487,-1.610987663269043,1.1229002776577737,-1.1229002776577737,0.04303626000000804,pixhawk_fused,True,0.8,0.2,gyro,-1.0,0.05168220028281212,0.0,0.05,0.06459447737160981,0.020541065000088565,1,0.6935697776127631,0.6935697776127631,0.9297048360045191,0.6935598076593713,0.0037188193440180766,0.005361878910097319,0.0006529062631715296,-0.0006529062631715299,0.028122408267133636,0.05244501045735347,,,
8.85650190000888,3986.464447706,odom,navigating,1,4,,0.6983030129481999,0.003049025100898564,-0.022425310832102197,-6.91031706785459,-5.2443179926183925,1.447791711490407,1.4691946473973705,-1.6104737520217896,1.1229760588750843,-1.1229760588750843,0.02865135999991253,pixhawk_fused,True,0.8,0.2,gyro,-1.0,0.05168739706277847,0.13587641716003418,0.05,0.08227024405016523,0.02121513900010541,1,0.6983093233803648,0.6983093233803648,0.9360580231860175,0.6982992852967691,0.00374423209274407,0.005361878910097319,0.0006952169854772439,-0.0006952169854772441,0.027787189742199514,0.04770646630257068,,,
8.856621300103143,3986.583735554,odom,navigating,1,4,,0.7039774136396548,0.0030561044608294063,-0.02203476523502612,-6.9097543459400255,-5.2386715585780985,1.4481822570874832,1.4711477359886196,-1.6104737520217896,1.1229760588750843,-1.1229760588750843,0.14793007800017222,pixhawk_fused,True,0.8,0.2,gyro,-1.0,0.051249802112579346,0.0,0.05,0.09551462000840195,0.04032151999990674,1,0.7039836804617162,0.7039836804617162,0.9436642906302347,0.703973560810155,0.003774657162520939,0.005361878910097319,0.0007185630309188991,-0.0007185630309188987,0.02739664414512344,0.04203318573700469,,,
9.180883100023493,3986.686147532,odom,navigating,1,4,,0.708667281503284,0.0030774007970222755,-0.018728080743732223,-6.909304625905865,-5.234003254174666,1.451488941578777,1.4799520615458746,-1.6155143976211548,1.1249087607095618,-1.1249087607095618,0.05310003900012816,pixhawk_fused,True,0.8,0.2,gyro,-1.0,0.051226843148469925,0.06733286380767822,0.05,0.10581623577793842,0.04122608800025773,1,0.7086735950970819,0.7086735950970819,0.9499509491002096,0.7086634080287564,0.0037998037964008385,0.005361878910097319,0.0007224133839541318,-0.0007224133839541318,0.02408995965382954,0.037344116800968524,,,
9.181028000079095,3986.786193946,odom,navigating,1,4,,0.7136046198379088,0.003138845918827654,-0.017648135405452958,-6.908870003288924,-5.2290846986433746,1.4525688869170563,1.4853536911648195,-1.6155143976211548,1.1249087607095618,-1.1249087607095618,0.15294188500001837,pixhawk_fused,True,0.8,0.2,gyro,-1.0,0.048665501177310944,0.03366643190383911,0.05,0.11935921885121428,0.04116368199993303,1,0.7136111919179907,0.7136111919179907,0.956569616451085,0.7136009338725093,0.0038262784658043398,0.005361878910097319,0.0006874424288504305,-0.0006874424288504306,0.023010014315550276,0.032406824006649154,,,
9.181137300096452,3986.908726834,odom,navigating,1,4,,0.7191104888921452,0.0032530688577938616,-0.00836747561961615,-6.908430805697068,-5.22359518624267,1.4618495467028931,1.498842462323064,-1.6245399713516235,1.133137993616857,-1.133137993616857,0.10290276100022311,pixhawk_fused,True,0.8,0.2,gyro,-1.0,0.05279630795121193,0.06308705359697342,0.0,0.0,0.007018177000190917,1,0.7191175942728828,0.7191175942728828,0.963950746747665,0.7191072570737581,0.00385580298699066,0.005361878910097319,0.0006027427935269822,-0.0006027427935269822,0.013729354529713468,0.026899883154962622,,,
9.54236810002476,,mission_status,turning,1,4,final alignment at waypoint 1/4,0.7191104888921452,0.0032530688577938616,-0.00836747561961615,,,,,,,,,,,,,,,,,,,,,,,,,,,,,,,final,-1.5707963267948966,
9.542505500023253,3987.029402143,odom,turning,1,4,,0.7231831334031527,0.003353240265826979,-0.008641109669401903,-6.9081215373928035,-5.219533066015497,1.4615759126531074,1.4758017441897051,-1.6299275159835815,1.1385542656088847,-1.1385542656088847,0.11319973799982108,pixhawk_fused,True,0.8,0.2,gyro,-1.0,0.033600181341171265,-0.44164276123046875,0.0,-1.55,0.004415452999637637,1,0.7231907173446704,0.7231907173446704,0.9694106187601343,0.7231803215950602,0.0038776424750405374,0.005361878910097319,0.0005244097475188746,-0.0005244097475188742,0.014002988579499222,0.022826031180476283,final,-1.5707963267948966,-1.5621552171254947
9.54264040000271,3987.145594131,odom,turning,1,4,,0.7289014744966131,0.003198298754403986,-0.0317640212618886,-6.907393201386309,-5.213859182125712,1.4384530010606207,1.3974173365140894,-1.6182355880737305,1.1292439164201395,-1.1292439164201395,0.03176679299986063,pixhawk_fused,True,0.8,0.2,gyro,-1.0,0.05379621684551239,-0.7071006298065186,0.0,-1.55,0.008936681000250246,1,0.7289081454642609,0.7289081454642609,0.9770746213505979,0.728897667527546,0.003908298485402391,0.005361878910097319,0.0007100099372764339,-0.0007100099372764341,0.037125900171985915,0.01711730993109493,final,-1.5707963267948966,-1.539032305533008
9.542773500084877,3987.270397734,odom,turning,1,4,,0.735039681570237,0.0025325649638605896,-0.14052180337832954,-6.906114495897522,-5.207818842745222,1.3296952189441797,1.312822679016009,-1.4995782375335693,1.0144478646794932,-1.0144478646794932,0.04733184499991694,pixhawk_fused,True,0.8,0.2,gyro,-1.0,0.056873273104429245,-0.7475456595420837,0.0,-1.55,0.003914374000032694,1,0.7350426947352835,0.7350426947352835,0.9852977595380897,0.7350321286154149,0.003941191038152359,0.005361878910097319,0.0014086463233548678,-0.0014086463233548676,0.14588368228842685,0.011058116732386727,final,-1.5707963267948966,-1.430274523416567
9.87600430008024,3987.38347103,odom,turning,1,4,,0.7410946869781926,0.0013517113432582883,-0.21265824248114518,-6.904331628173082,-5.201913007627238,1.257558779841364,1.2282889880833476,-1.4303139448165894,0.9454099466482775,-0.9454099466482775,0.04811887999994724,pixhawk_fused,True,0.8,0.2,gyro,-1.0,0.05169258639216423,-0.6794503927230835,0.0,-1.55,0.026277146999746037,1,0.7410912815397299,0.7410912815397299,0.9934056681935713,0.7410806284724042,0.0039736226727742855,0.005361878910097319,0.002621949019609143,-0.002621949019609143,0.2180201213912425,0.005574542909633056,final,-1.5707963267948966,-1.3581380843137514
9.876155200065114,3987.484413105,odom,turning,1,4,,0.7461366003546925,-4.6798525232580324e-05,-0.2269789074118027,-6.902433928578273,-5.197036999362657,1.2432381149107066,1.1565879433113777,-1.4303139448165894,0.9454099466482775,-0.9454099466482775,0.148865608000051,pixhawk_fused,True,0.8,0.2,gyro,-1.0,0.05685899034142494,-0.7473579049110413,0.0,-1.55,0.0026485939997655805,2,0.7500583430316813,0.00404761924816885,0.0067458821734542864,0.7460269835286938,-4.752930407257196e-05,-1.5641297588910283,0.0001096192619011498,0.00010961926190112405,-1.3371508514792256,0.004049103352685223,final,-1.5707963267948966,-1.3438174193830938
9.876279900083318,3987.603571678,odom,turning,1,4,,0.7524825889649784,-0.002379567222865392,-0.3932487450341362,-6.899475749798128,-5.190957315197897,1.076968277288373,1.0639364983777497,-1.2479979991912842,0.7607608339468614,-0.7607608339468614,0.015045937999730086,pixhawk_fused,True,0.8,0.2,gyro,-1.0,0.0594494603574276,-0.7814071774482727,0.0,-1.55,0.0296933870004068,2,0.7524333655423577,0.006422641758845298,0.010704165063717026,0.7460428166602548,-0.0024224990382302157,-1.5641297588910283,0.006439915409184774,0.006439915409184757,-1.1708810138568921,0.00909520959845999,final,-1.5707963267948966,-1.1775475817607604
10.199221600079909,3987.706274296,odom,turning,1,4,,0.7576691535544964,-0.004805893921082702,-0.43305681852935884,-6.8965409033900515,-5.186040589656572,1.0371602037931504,0.9854758253170376,-1.2174252271652222,0.7306106040159838,-0.7306106040159838,0.07347273799996401,pixhawk_fused,True,0.8,0.2,gyro,-1.0,0.05933619290590286,-0.779918372631073,0.0,-1.55,0.02894979600023362,2,0.7548942146529103,0.008883490869397874,0.014805489108449641,0.7460592219564338,-0.004883293465069785,-1.5641297588910283,0.011610189593675933,0.011610189593675952,-1.1310729403616695,0.014618923093982565,final,-1.5707963267948966,-1.1377395082655377
10.199503000010736,3987.806391652,odom,turning,1,4,,0.7625668307087676,-0.007581870576848185,-0.4484452144188713,-6.893287181230387,-5.181446399846765,1.021771807903638,0.9083273579973837,-1.2174252271652222,0.7306106040159838,-0.7306106040159838,0.17359687099997245,pixhawk_fused,True,0.8,0.2,gyro,-1.0,0.059440504759550095,-0.7812894582748413,0.0,-1.55,0.030055968999931792,2,0.7577027800778326,0.011692056294320291,0.01948632746584591,0.7460779453098634,-0.007691796479507547,-1.5641297588910283,0.016489251814508544,0.016489251814508544,-1.115684544472157,0.020213846882566118,final,-1.5707963267948966,-1.1223511123760253
10.1996128000319,3987.926714989,odom,turning,1,4,,0.7682192748376542,-0.011457899289496865,-0.6457173664606637,-6.888863180487425,-5.1762117135488355,0.8244996558618456,0.8143942495291178,-0.9933221340179443,0.5075606655160563,-0.5075606655160563,0.005584234999787441,pixhawk_fused,True,0.8,0.2,gyro,-1.0,0.0589020699262619,-0.7742122411727905,0.0,-1.55,0.010000983999816526,2,0.7616164047828691,0.015605680999356632,0.026008890363341454,0.7461040355614533,-0.011605334218004871,-1.5641297588910283,0.02211573072050211,0.022115730720502075,-0.9184123924303647,0.02706737565327381,final,-1.5707963267948966,-0.9250789603342329
10.519004300003871,3988.027515827,odom,turning,1,4,,0.7726500798976974,-0.015093496934328404,-0.6614126608475093,-6.884801060260251,-5.172168350718814,0.808804361475,0.7358572941274212,-0.9933221340179443,0.5075606655160563,-0.5075606655160563,0.10700357399991844,pixhawk_fused,True,0.8,0.2,gyro,-1.0,0.062031105160713196,-0.8153404593467712,0.0,-1.55,0.004250587000115047,2,0.7652814596833414,0.019270735899828934,0.032117179459212455,0.7461284687178369,-0.015270307675527471,-1.5641297588910283,0.026522200542449446,0.026522200542449487,-0.9027170980435191,0.032783965344888706,final,-1.5707963267948966,-0.9093836659473873
10.519134600064717,3988.129854881,odom,turning,1,4,,0.7765707768323435,-0.018850467456507286,-0.7473783690825605,-6.880669400414368,-5.1686447050391555,0.7228386532399488,0.6614553937222921,-0.9048284292221069,0.4187101326266901,-0.4187101326266901,0.014054039000257035,pixhawk_fused,True,0.8,0.2,gyro,-1.0,0.059458423405885696,-0.7815250158309937,0.0,-1.55,0.004365788000086468,2,0.7690644841188089,0.023053760335296505,0.03842208007764584,0.7461536883203106,-0.019053248046587503,-1.5641297588910283,0.030417764439822994,0.030417764439823008,-0.8167513898084678,0.03816695244729204,final,-1.5707963267948966,-0.8234179577123361
10.519241200061515,3988.245965037,odom,turning,1,4,,0.7812299762086284,-0.024143202806955796,-0.8724302346211834,-6.874935584353194,-5.164540495042763,0.5977867877013259,0.5648214964661742,-0.7719782590866089,0.286561409560837,-0.286561409560837,0.01000924300024053,pixhawk_fused,True,0.8,0.2,gyro,-1.0,0.06147221103310585,-0.8079943656921387,0.0,-1.55,0.008709575000011682,2,0.7743881624957831,0.02837743871227077,0.047294680205901926,0.7461891787208236,-0.024376808123541153,-1.5641297588910283,0.03504157616354162,0.0350415761635416,-0.6916995242698449,0.04509092023782583,final,-1.5707963267948966,-0.6983660921737131
10.85821170010604,3988.366807786,odom,turning,1,4,,0.7853329231469159,-0.02982452590410406,-0.8915977161332242,-6.868870997605654,-5.161028744297884,0.578619306189285,0.46878269761324737,-0.7719782590866089,0.286561409560837,-0.286561409560837,0.13102524700025242,pixhawk_fused,True,0.8,0.2,gyro,-1.0,0.06146303191781044,-0.8078736662864685,0.0,-1.5013183745314187,0.011301170000024285,2,0.7800967117172801,0.03408598793376775,0.056808717487695275,0.7462272348699508,-0.030085230492617163,-1.5641297588910283,0.039106557282604676,0.0391065572826047,-0.6725320427578041,0.0518765592143369,final,-1.5707963267948966,-0.6791986106616723
10.858518000110053,3988.484225055,odom,turning,1,4,,0.78871102703323,-0.03557256254896819,-0.9716021531779802,-6.862812815822995,-5.158244872062007,0.4986148691445291,0.37741306123358803,-0.6948601603507996,0.20938049348989884,-0.20938049348989884,0.07444691399996373,pixhawk_fused,True,0.8,0.2,gyro,-1.0,0.056881848722696304,-0.747658371925354,0.0,-1.3247739593701218,0.002386692999607476,2,0.7858671408243866,0.039856417040874136,0.06642588562039975,0.7462657035424816,-0.035855531372239846,-1.5641297588910283,0.04244626670967929,0.042446266709679256,-0.5925276057130482,0.058225591769644626,final,-1.5707963267948966,-0.5991941736169164
10.858651700080372,3988.585614431,odom,turning,1,4,,0.7909490932496053,-0.04020746878195258,-1.0466934819024643,-6.857976609840176,-5.1564835067196695,0.42352354042004503,0.30690220702759413,-0.6199451088905334,0.13315163311163347,-0.13315163311163347,0.07098823100022855,pixhawk_fused,True,0.8,0.2,gyro,-1.0,0.049834005534648895,-0.655021071434021,0.0,-1.1590473927334348,0.011992299999747047,2,0.790516864172776,0.044506140389263565,0.07417525232814645,0.7462967010093126,-0.04050515139688787,-1.5641297588910283,0.0446533845046508,0.04465338450465077,-0.5174362769885641,0.06304539063301157,final,-1.5707963267948966,-0.5241028448924323
11.198618000023998,3988.705998192,odom,turning,1,4,,0.7928565908076455,-0.04501138325102892,-1.169939103906936,-6.85300544209736,-5.155068009480918,0.3002779184155733,0.23608614930503652,-0.48267364501953125,-0.0031497723182066194,0.0031497723182066194,0.0674649950001367,pixhawk_fused,True,0.8,0.2,gyro,-1.0,0.043947529047727585,-0.5776488780975342,0.0,-0.8869615124918403,0.0031679680000706867,2,0.7953333882595599,0.049322664476047474,0.08220261408895142,0.7463288104563558,-0.04532156845337085,-1.5641297588910283,0.04652881429047607,0.04652881429047606,-0.39419065498409234,0.06780601588571891,final,-1.5707963267948966,-0.40085722288796055
11.19905140006449,3988.822886883,odom,turning,1,4,,0.7942311275417955,-0.049286490388206705,-1.2265172902451205,-6.848613923676296,-5.154129682125818,0.24369973207738882,0.1745627267494354,-0.4271819591522217,-0.05849422583182891,0.05849422583182891,0.007051861000036297,pixhawk_fused,True,0.8,0.2,gyro,-1.0,0.03618481010198593,-0.4756152629852295,0.0,-0.8632012525767294,0.028418662000149197,2,0.7996175637721229,0.05360683998861045,0.08934274794201148,0.746357370991768,-0.049605648765206886,-1.5641297588910283,0.047874820399463704,0.04787482039946368,-0.3376124686459079,0.07187274672534359,final,-1.5707963267948966,-0.3442790365497761
11.199192400090396,3988.924443143,odom,turning,1,4,,0.7950134898759078,-0.052245574184256335,-1.2348830384050182,-6.845591237749847,-5.153648394764743,0.23533398391749105,0.13261631720502293,-0.4271819591522217,-0.05849422583182891,0.05849422583182891,0.10804267399998935,pixhawk_fused,True,0.8,0.2,gyro,-1.0,0.031021784991025925,-0.4077521562576294,0.0,-0.7425811283555974,0.004168533000211028,2,0.802581797445939,0.05657107366242663,0.09428302761559883,0.7463771321104624,-0.05256981656935929,-1.5641297588910283,0.048637438561387025,0.048637438561387046,-0.3292467204860101,0.0746048711890343,final,-1.5707963267948966,-0.33591328838987833
11.518451400101185,3989.043551513,odom,turning,1,4,,0.7957353677039084,-0.055571262007928224,-1.3177429842135644,-6.8422098737900505,-5.15326409687187,0.1524740381089449,0.08598545105350136,-0.3361307382583618,-0.15038059720595914,0.15038059720595914,0.11379483100017751,pixhawk_fused,True,0.8,0.2,gyro,-1.0,0.02584110014140606,-0.33965691924095154,0.0,-0.5630330405457388,0.030076745999849663,2,0.8059122237798125,0.059901499996300074,0.09983361482704259,0.7463993344593082,-0.05590016889622555,-1.5641297588910283,0.049337129588713086,0.04933712958871309,-0.24638677467746395,0.07760375028218809,final,-1.5707963267948966,-0.25305334258133216
11.518715100013651,3989.145627833,odom,turning,1,4,,0.7961365920190256,-0.057856546916959184,-1.380903523774587,-6.83989585147796,-5.1530943653025165,0.08931349854792225,0.054201396511551654,-0.2668968141078949,-0.2213754684646948,0.2213754684646948,0.01376628800016988,pixhawk_fused,True,0.8,0.2,gyro,-1.0,0.025839803740382195,-0.33963990211486816,0.0,-0.5484026527801401,0.025477095000042027,2,0.8082001326757559,0.062189408892243475,0.10364671158573954,0.746414586846343,-0.05818802695144372,-1.5641297588910283,0.049723110093854175,0.0497231100938542,-0.18322623511644132,0.07962355339830168,final,-1.5707963267948966,-0.18989280302030953
11.518830900080502,3989.245726004,odom,turning,1,4,,0.7964585262718742,-0.0601033918099288,-1.4144838695938922,-6.837628036412514,-5.152999663321773,0.05573315272861712,0.02040317842414815,-0.23332247138023376,-0.2549013778885229,0.2549013778885229,0.00965723400031493,pixhawk_fused,True,0.8,0.2,gyro,-1.0,0.018043335527181625,-0.304927259683609,0.0,-0.40855935505141333,0.0273070819998793,2,0.8104490738211632,0.0644383500376508,0.10739486353674497,0.746429579454147,-0.060436918122046976,-1.5641297588910283,0.05003005855974836,0.05003005855974839,-0.14964588929713618,0.08158006934948428,final,-1.5707963267948966,-0.1563124572010044
11.840330800041556,3989.34676139,odom,turning,1,4,,0.7965748643564835,-0.06123338740837429,-1.4221849336896915,-6.836492070141079,-5.152997375834316,0.048032088632817826,-0.018140522036287583,-0.23332247138023376,-0.2549013778885229,0.2549013778885229,0.11076897000020836,pixhawk_fused,True,0.8,0.2,gyro,-1.0,0.020672880113124847,-0.27172553539276123,0.0,-0.33287858519740765,0.029897065999648476,2,0.8115798198794284,0.06556909609591603,0.10927939842243264,0.7464371175936897,-0.06156763905345958,-1.5641297588910283,0.05013886092256468,0.05013886092256465,-0.1419448252013369,0.08254218156462641,final,-1.5707963267948966,-0.1486113931052051
11.840469700051472,3989.466754736,odom,turning,1,4,,0.7966739936825428,-0.06261204377861018,-1.450585699141019,-6.8351104277167005,-5.153037178116078,0.01963132318149019,-0.0411660340485316,-0.20268109440803528,-0.2846434167941435,0.2846434167941435,0.0522631169997112,pixhawk_fused,True,0.8,0.2,gyro,-1.0,0.007759734522551298,-0.10199440270662308,0.0,-0.26690408243720914,0.024705819999780942,2,0.8129591064613657,0.06694838267785327,0.11157815830934259,0.7464463126332374,-0.06294689498560554,-1.5641297588910283,0.05022879720759378,0.05022879720759377,-0.11354405975000925,0.08369598563910854,final,-1.5707963267948966,-0.12021062765387747
11.840572600020096,3989.567899674,odom,turning,1,4,,0.7967340224054479,-0.06374450335950045,-1.4796293043693312,-6.833977663927706,-5.153091162820076,-0.009412282046821874,-0.05673000137272826,-0.17167526483535767,-0.317052292021118,0.317052292021118,0.02636429299991505,pixhawk_fused,True,0.8,0.2,gyro,-1.0,0.012825864367187023,-0.1685839146375656,0.0,-0.2606021986934679,0.014687520999814296,2,0.8140919410599194,0.06808121727640709,0.11346617401816048,0.7464538646960727,-0.06407970441089628,-1.5641297588910283,0.050281275033798624,0.05028127503379865,-0.08450045452169719,0.08463603703424362,final,-1.5707963267948966,-0.0911670224255654
12.198759600054473,3989.685985572,odom,turning,1,4,,0.7967768000213622,-0.06487916374074365,-1.5011107598376934,-6.83284444264122,-5.153162532428753,-0.030893737515184094,-0.07229396788504948,-0.14798130095005035,-0.3400117532779797,0.3400117532779797,0.08421216399983678,pixhawk_fused,True,0.8,0.2,gyro,-1.0,0.0025847593788057566,-0.03397423028945923,0.0,-0.25,0.02799359899972842,2,0.8152268614050969,0.0692161376215845,0.1153576658941037,0.7464614306635764,-0.06521459953646222,-1.5641297588910283,0.05031648746468159,0.05031648746468157,-0.06301899905333497,0.08557232390226167,final,-1.5707963267948966,-0.06968556695720318
12.19897770008538,3989.808345352,odom,turning,1,4,,0.796779393561177,-0.06497776359201977,-1.5066305179530086,-6.832746080680544,-5.153169852388617,-0.03641349563049934,-0.07363674015790053,-0.14089098572731018,-0.3465750007202252,0.3465750007202252,0.09232905099997879,pixhawk_fused,True,0.8,0.2,gyro,-1.0,0.0,0.0,0.0,-0.25,0.013472888999785937,2,0.8153254763552195,0.06931475257170706,0.11552202049202417,0.7464620880819681,-0.0653132122952145,-1.5641297588910283,0.050318423629129104,0.05031842362912913,-0.057499240938019724,0.08565324676039708,final,-1.5707963267948966,-0.06416580884188794
12.199169300030917,3989.926883441,odom,turning,1,4,,0.796779393561177,-0.06497776359201977,-1.513284093194726,-6.832746080680544,-5.153169852388617,-0.04306707087221673,-0.07363674015790053,-0.1337708830833435,-0.354891071064175,0.354891071064175,0.09978154999998878,pixhawk_fused,True,0.8,0.2,gyro,-1.0,0.0,0.0,0.0,-0.25,0.03078298599984919,2,0.8153254763552195,0.06931475257170706,0.11552202049202417,0.7464620880819681,-0.0653132122952145,-1.5641297588910283,0.050318423629129104,0.05031842362912913,-0.05084566569630233,0.08565324676039708,final,-1.5707963267948966,-0.05751223360017055
12.540182300028391,3990.046451798,odom,turning,1,4,,0.7967927706280258,-0.06552038224119884,-1.5144489357897974,-6.83220486114808,-5.153211027162854,-0.044231913467288164,-0.08106776304181325,-0.13391588628292084,-0.3544902050488264,0.3544902050488264,0.10646773600001325,pixhawk_fused,True,0.8,0.2,gyro,-1.0,0.007684408687055111,-0.10100431740283966,0.0,-0.25,0.010390250999989803,2,0.8158681721250722,0.0698574483415598,0.11642649334260535,0.7464657059733704,-0.0658558960055632,-1.5641297588910283,0.050328183021443804,0.05032818302144375,-0.0496808231012309,0.08609871715091715,final,-1.5707963267948966,-0.05634739100509911
12.540314500103705,3990.167538169,odom,turning,1,4,,0.7968089570442428,-0.0673483778744096,-1.53351297145326,-6.830384478629337,-5.153378471244748,-0.06329594913075076,-0.10613796195045594,-0.11446996033191681,-0.37205381905591195,0.37205381905591195,0.03278939299980266,pixhawk_fused,True,0.8,0.2,gyro,-1.0,0.018094222992658615,-0.23783153295516968,0.0,-0.25,0.030451717000232748,2,0.8176962350445554,0.07168551126104293,0.11947319717129998,0.7464778927886851,-0.06768391830277998,-1.5641297588910283,0.05033218271122509,0.05033218271122504,-0.0306167874377683,0.087590759451173,final,-1.5707963267948966,-0.037283355341636515
12.540412100031972,3990.267631876,odom,turning,1,4,,0.7967870826657851,-0.06892225481796427,-1.5378207786887026,-6.828820752203334,-5.153558267758914,-0.06760375636619331,-0.12769861973468277,-0.11446996033191681,-0.37205381905591195,0.37205381905591195,0.13294663599981504,pixhawk_fused,True,0.8,0.2,gyro,-1.0,0.009512372314929962,-0.12503117322921753,0.0,0.0,0.0072507640002186236,2,0.8192699311882834,0.07325920740477103,0.12209596579441388,0.7464883838631776,-0.06925757947664832,-1.5641297588910283,0.050299816539050635,0.0502998165390506,-0.02630898020232575,0.08886497067707504,final,-1.5707963267948966,-0.032975548106193964
12.87537800008431,3990.385858548,odom,turning,1,4,,0.7967858091037722,-0.06897342351582995,-1.5582849969284236,-6.828769969981776,-5.153564672723796,-0.08806797460591431,-0.1284005371377056,-0.08948452025651932,-0.39745269837534136,0.39745269837534136,0.06971982200002458,pixhawk_fused,True,0.8,0.2,gyro,-1.0,0.0,0.0,0.0,0.0,0.04179394199991293,2,0.8193210902588801,0.07331036647536769,0.12218122901735774,0.7464887249160694,-0.06930873741041464,-1.5641297588910283,0.05029820188826593,0.050298201888265934,-0.00584476196260475,0.08890623682253947,final,-1.5707963267948966,-0.012511329866472964
12.875510500045493,,mission_status,navigating,1,4,correcting final position at waypoint 1/4,0.7967858091037722,-0.06897342351582995,-1.5582849969284236,,,,,,,,,,,,,,,,,,,,,,,,,,,,,,,,,
12.875571600045078,3990.504261011,odom,navigating,1,4,,0.7967858091037722,-0.06897342351582995,-1.5658698049741706,-6.828769969981776,-5.153564672723796,-0.09565278265166133,-0.1284005371377056,-0.08196961879730225,-0.40693251745985903,0.40693251745985903,0.08392278299970712,pixhawk_fused,True,0.8,0.2,gyro,-1.0,0.0,0.0,0.05,-0.6379510928056158,0.04133480700011205,2,0.8193210902588801,0.07331036647536769,0.12218122901735774,0.7464887249160694,-0.06930873741041464,-1.5641297588910283,0.05029820188826593,0.050298201888265934,0.001740046083142266,0.08890623682253947,,,
12.87569270003587,3990.60506544,odom,navigating,1,4,,0.7967858091037722,-0.06897342351582995,-1.5658698049741706,-6.828769969981776,-5.153564672723796,-0.09565278265166133,-0.1284005371377056,-0.08196961879730225,-0.40693251745985903,0.40693251745985903,0.18429442699971332,pixhawk_fused,True,0.8,0.2,gyro,-1.0,0.0,0.0,0.05,-0.6379510928056158,0.04157354100016164,2,0.8193210902588801,0.07331036647536769,0.12218122901735774,0.7464887249160694,-0.06930873741041464,-1.5641297588910283,0.05029820188826593,0.050298201888265934,0.001740046083142266,0.08890623682253947,,,
13.201024900074117,3990.707864666,odom,navigating,1,4,,0.7967858091037722,-0.06897342351582995,-1.5656878952768687,-6.828769969981776,-5.153564672723796,-0.09547087295435941,-0.1284005371377056,-0.08230558037757874,-0.4067051533258156,0.4067051533258156,0.09263693200000489,pixhawk_fused,True,0.8,0.2,gyro,-1.0,0.0,0.0,0.05,-0.6379510928056158,0.04309629500039591,2,0.8193210902588801,0.07331036647536769,0.12218122901735774,0.7464887249160694,-0.06930873741041464,-1.5641297588910283,0.05029820188826593,0.050298201888265934,0.0015581363858403474,0.08890623682253947,,,
13.201182500110008,3990.827357302,odom,navigating,1,4,,0.7967858091037722,-0.06897342351582995,-1.5654969212377803,-6.828769969981776,-5.153564672723796,-0.095279898915271,-0.1284005371377056,-0.08258712291717529,-0.4064664601847864,0.4064664601847864,0.10639794100006839,pixhawk_fused,True,0.8,0.2,gyro,-1.0,0.0,0.0,0.05,-0.6376056225383264,0.01065257800019026,2,0.8193210902588801,0.07331036647536769,0.12218122901735774,0.7464887249160694,-0.06930873741041464,-1.5641297588910283,0.05029820188826593,0.050298201888265934,0.0013671623467519378,0.08890623682253947,,,
13.201294700033031,3990.928451667,odom,navigating,1,4,,0.7967858091037722,-0.06897342351582995,-1.5653233686709993,-6.828769969981776,-5.153564672723796,-0.09510634634849002,-0.1284005371377056,-0.08280859887599945,-0.4062495419030412,0.4062495419030412,0.0936768290002874,pixhawk_fused,True,0.8,0.2,gyro,-1.0,0.0,0.0,0.05,-0.637444798880547,0.011698159000388841,2,0.8193210902588801,0.07331036647536769,0.12218122901735774,0.7464887249160694,-0.06930873741041464,-1.5641297588910283,0.05029820188826593,0.050298201888265934,0.001193609779970961,0.08890623682253947,,,
13.51804130000528,3991.044535749,odom,navigating,1,4,,0.7967858091037722,-0.06897342351582995,-1.5651696961186954,-6.828769969981776,-5.153564672723796,-0.0949526737961861,-0.1284005371377056,-0.08300356566905975,-0.40605747126660857,0.40605747126660857,0.03392776999999114,pixhawk_fused,True,0.8,0.2,gyro,-1.0,0.0,0.0,0.05,-0.637444798880547,0.032315220999862504,2,0.8193210902588801,0.07331036647536769,0.12218122901735774,0.7464887249160694,-0.06930873741041464,-1.5641297588910283,0.05029820188826593,0.050298201888265934,0.0010399372276670427,0.08890623682253947,,,
13.518182700034231,3991.145873607,odom,navigating,1,4,,0.7967858091037722,-0.06897342351582995,-1.5649723985345523,-6.828769969981776,-5.153564672723796,-0.094755376212043,-0.1284005371377056,-0.0832456648349762,-0.4058108753048683,0.4058108753048683,0.09029436600030749,pixhawk_fused,True,0.8,0.2,gyro,-1.0,0.0,0.0,0.05,-0.6371195113647922,0.029191511000135506,2,0.8193210902588801,0.07331036647536769,0.12218122901735774,0.7464887249160694,-0.06930873741041464,-1.5641297588910283,0.05029820188826593,0.050298201888265934,0.0008426396435239347,0.08890623682253947,,,
13.518347500008531,3991.24593063,odom,navigating,1,4,,0.7967858091037722,-0.06897342351582995,-1.5648542658439855,-6.828769969981776,-5.153564672723796,-0.09463724352147618,-0.1284005371377056,-0.08339192718267441,-0.4056632251670918,0.4056632251670918,0.031442375000096945,pixhawk_fused,True,0.8,0.2,gyro,-1.0,0.0,0.0,0.05,-0.6371195113647922,0.028444031999697472,2,0.8193210902588801,0.07331036647536769,0.12218122901735774,0.7464887249160694,-0.06930873741041464,-1.5641297588910283,0.05029820188826593,0.050298201888265934,0.0007245069529571158,0.08890623682253947,,,
13.844132600002922,3991.346189203,odom,navigating,1,4,,0.7967858091037722,-0.06897342351582995,-1.564557997506412,-6.828769969981776,-5.153564672723796,-0.09434097518390261,-0.1284005371377056,-0.08375000208616257,-0.40529292966996866,0.40529292966996866,0.02671100599991405,pixhawk_fused,True,0.8,0.2,gyro,-1.0,0.0,0.0,0.05,-0.6370100055066772,0.030812669999704667,2,0.8193210902588801,0.07331036647536769,0.12218122901735774,0.7464887249160694,-0.06930873741041464,-1.5641297588910283,0.05029820188826593,0.050298201888265934,0.00042823861538354713,0.08890623682253947,,,
13.844419800094329,3991.468688757,odom,navigating,1,4,,0.7967858091037722,-0.06897342351582995,-1.5644156709346182,-6.828769969981776,-5.153564672723796,-0.09419864861210892,-0.1284005371377056,-0.08394186198711395,-0.40511504088378125,0.40511504088378125,0.03421566899987738,pixhawk_fused,True,0.8,0.2,gyro,-1.0,0.0,0.0,0.05,-0.6366033619462681,0.004022148999865749,2,0.8193210902588801,0.07331036647536769,0.12218122901735774,0.7464887249160694,-0.06930873741041464,-1.5641297588910283,0.05029820188826593,0.050298201888265934,0.0002859120435898532,0.08890623682253947,,,
13.844528899993747,3991.570059503,odom,navigating,1,4,,0.7967858091037722,-0.06897342351582995,-1.5644156709346182,-6.828769969981776,-5.153564672723796,-0.09419864861210892,-0.1284005371377056,-0.08394186198711395,-0.40511504088378125,0.40511504088378125,0.13516537200030143,pixhawk_fused,True,0.8,0.2,gyro,-1.0,0.0,0.0,0.05,-0.6366033619462681,0.0042955300000357965,2,0.8193210902588801,0.07331036647536769,0.12218122901735774,0.7464887249160694,-0.06930873741041464,-1.5641297588910283,0.05029820188826593,0.050298201888265934,0.0002859120435898532,0.08890623682253947,,,
14.197404600097798,3991.686420374,odom,navigating,1,4,,0.7967858091037722,-0.06897342351582995,-1.5642412838950395,-6.828769969981776,-5.153564672723796,-0.09402426157253019,-0.1284005371377056,-0.08418465405702591,-0.404897081110753,0.404897081110753,0.06567721000010351,pixhawk_fused,True,0.8,0.2,gyro,-1.0,0.0,0.0,0.05,-0.6364416448575797,0.02079031700031919,2,0.8193210902588801,0.07331036647536769,0.12218122901735774,0.7464887249160694,-0.06930873741041464,-1.5641297588910283,0.05029820188826593,0.050298201888265934,0.00011152500401112597,0.08890623682253947,,,
14.197770400089212,3991.804557436,odom,navigating,1,4,,0.7967769733635567,-0.06926860088329355,-1.565144618938569,-6.828477171587205,-5.153603102513083,-0.09492759661605965,-0.13242885056163728,-0.08401487022638321,-0.40501964482770847,0.40501964482770847,0.07329101899995294,pixhawk_fused,True,0.8,0.2,gyro,-1.0,0.007682496216148138,-0.10097917914390564,0.05,-0.6360668097415663,0.04158615100004681,2,0.8196162021634394,0.07360547837992705,0.12267307126191714,0.7464906922850477,-0.06960384275715027,-1.5641297588910283,0.05028739853900573,0.05028739853900579,0.001014860047540589,0.0891436419457872,,,
14.198300800053403,3991.924353063,odom,navigating,1,4,,0.7966790260846739,-0.07148746748730637,-1.5731554969923254,-6.826279353637961,-5.153923350757144,-0.1029384746698161,-0.16285488824479138,-0.08085759729146957,-0.40743307452009603,0.40743307452009603,0.013642587000049389,pixhawk_fused,True,0.8,0.2,gyro,-1.0,0.03087751194834709,-0.40585583448410034,0.05,-0.6268807679699913,0.010450841999954719,2,0.8218343664936001,0.07582364271008767,0.12636992966068875,0.7465054797186428,-0.07182195779641325,-1.5641297588910283,0.050174661321339874,0.0501746613213399,0.009025738101297032,0.09092151248488002,,,
14.51899140002206,3992.043229457,odom,navigating,1,4,,0.7963697843871161,-0.0751802335450633,-1.6007091867756595,-6.822636301113016,-5.154601819537063,-0.13049216445315026,-0.2136208712936375,-0.0563424676656723,-0.4291977254609911,0.4291977254609911,0.02497162700001354,pixhawk_fused,True,0.8,0.2,gyro,-1.0,0.03360355645418167,-0.44168710708618164,0.05,-0.6141717635001744,0.02948878099959984,2,0.8255249889271193,0.07951426514360693,0.13252083036472392,0.7465300833214589,-0.07551249821883435,-1.5641297588910283,0.04984080860226402,0.049840808602263996,0.0365794278846312,0.09384361759573923,,,
14.51914069999475,3992.145427291,odom,navigating,1,4,,0.7958778378598187,-0.07884867475963112,-1.6495329407066466,-6.819035795854783,-5.155459627333656,-0.1793159183841373,-0.26432581245396347,-0.008620331063866615,-0.47755274032162115,0.47755274032162115,0.07649713399996472,pixhawk_fused,True,0.8,0.2,gyro,-1.0,0.038788922131061554,-0.5098438858985901,0.05,-0.6481011945806108,0.03189495500009798,2,0.8291900690528518,0.08317934526933936,0.13862916150176088,0.746554516646007,-0.07917749690105652,-1.5641297588910283,0.04932441727543809,0.04932441727543808,0.08540318181561823,0.09670419649114252,,,
14.519240100053139,3992.246310439,odom,navigating,1,4,,0.7951594766244277,-0.0826838897943891,-1.689681275317735,-6.815292093881705,-5.156559451303261,-0.21946425299522576,-0.31779261290671856,0.030053259804844856,-0.5143845928768961,0.5143845928768961,0.025887471999794798,pixhawk_fused,True,0.8,0.2,gyro,-1.0,0.04394311457872391,-0.5775908827781677,0.05,-0.6381925464737611,0.030611489999955666,2,0.8330204098949675,0.08700968611145508,0.14501292104554012,0.7465800516841822,-0.08300775262732406,-1.5641297588910283,0.04858050447102727,0.04858050447102729,0.1255515164267067,0.0996531529449693,,,
14.844305100035854,3992.368477409,odom,navigating,1,4,,0.7939345340233633,-0.08756390288473574,-1.7865993164601042,-6.810559739829461,-5.158268204434075,-0.3163822941375949,-0.38673184902089414,0.13466417789459229,-0.6182738057236521,0.6182738057236521,0.045076370000060706,pixhawk_fused,True,0.8,0.2,gyro,-1.0,0.04352981597185135,-0.5721584558486938,0.05,-0.7023344880437178,0.004109554000024218,2,0.8378921484416533,0.09188142465814092,0.15313230486126977,0.7466125292194451,-0.08787938291676185,-1.5641297588910283,0.04732305639234081,0.04732305639234083,0.22246955756907583,0.10335215461480374,,,
14.844594100024551,3992.469438314,odom,navigating,1,4,,0.7926097202817829,-0.09170034775720678,-1.8430688102857316,-6.806577224165812,-5.16000166242943,-0.37285178796322227,-0.44625636201949725,0.1894586831331253,-0.6739813942770807,0.6739813942770807,0.032110782000017934,pixhawk_fused,True,0.8,0.2,gyro,-1.0,0.04607892781496048,-0.6056641340255737,0.05,-0.688951092488681,0.004104182999981276,2,0.8420196695008427,0.09600894571733032,0.16001135376053063,0.7466400454150421,-0.09200681225631838,-1.5641297588910283,0.04597069640372084,0.04597069640372086,0.2789390513947032,0.10644727608349759,,,
14.844875700073317,3992.569833698,odom,navigating,1,4,,0.7908702166340037,-0.09616097338047971,-1.856141321472181,-6.802313805042371,-5.1621802654840305,-0.38592429914967163,-0.5118691650814963,0.1894586831331253,-0.6739813942770807,0.6739813942770807,0.13242898299995431,pixhawk_fused,True,0.8,0.2,gyro,-1.0,0.04863886535167694,-0.6393120884895325,0.05,-0.6969652095492371,0.004251271999692108,2,0.8464685995691164,0.10045787578560392,0.16742607243795787,0.7466697042897519,-0.09645564346277472,-1.5641297588910283,0.044201494566946005,0.04420149456694606,0.2920115625811526,0.1097522525022042,,,
15.160059800022282,3992.685941223,odom,navigating,1,4,,0.7883632011804016,-0.10142281498402993,-1.9736960812382216,-6.797330284867284,-5.165202951410479,-0.5034790589157123,-0.5917336348188108,0.3135005235671997,-0.8009075636725276,0.8009075636725276,0.05249010999978054,pixhawk_fused,True,0.8,0.2,gyro,-1.0,0.051684800535440445,-0.6793480515480042,0.05,-0.7483318601945217,0.021387467000295146,2,0.8517136111817907,0.10570288739827821,0.17616756420586743,0.7467046702568235,-0.10170053852352046,-1.5641297588910283,0.04165945665842388,0.04165945665842394,0.40956632234719326,0.11361606723262421,,,
15.16019160009455,3992.785964636,odom,navigating,1,4,,0.7859183934772851,-0.10571091446438015,-1.9871557414990482,-6.793309339414347,-5.168065970712388,-0.5169387191765389,-0.6593758799166525,0.3135005235671997,-0.8009075636725276,0.8009075636725276,0.15264724100006788,pixhawk_fused,True,0.8,0.2,gyro,-1.0,0.05426903814077377,-0.7133154273033142,0.05,-0.7299325888556312,0.023435002000042005,2,0.8559853170183784,0.10997459323486598,0.18328691572745995,0.7467331476629099,-0.10597214943647597,-1.5641297588910283,0.03918611658794038,0.039186116587940426,0.4230259826080198,0.1167474320506361,,,
15.160299600102007,3992.886400814,odom,navigating,1,4,,0.7832450569960976,-0.10974388511442927,-2.051013612925812,-6.789565179943778,-5.171130746408055,-0.5807965906033028,-0.7256752878635913,0.3777817189693451,-0.8641609514217227,0.8641609514217227,0.07152621600016573,pixhawk_fused,True,0.8,0.2,gyro,-1.0,0.04909808933734894,-0.6453481316566467,0.05,-0.7331463199680109,0.02046551100011129,2,0.8600003762026736,0.11398965241916112,0.18997853233367948,0.7467599141293347,-0.10998711940020768,-1.5641297588910283,0.03648595363870697,0.03648595363870699,0.48688385403478374,0.11968653086946351,,,
15.499282500008121,3993.006957791,odom,navigating,1,4,,0.7794637300490376,-0.11461243279750963,-2.172032030313897,-6.785100919421562,-5.175381813099225,-0.7018150079913876,-0.8101632584681331,0.5081009864807129,-0.9942429192523807,0.9942429192523807,0.09035634600013509,pixhawk_fused,True,0.8,0.2,gyro,-1.0,0.05378818139433861,-0.7069950103759766,0.05,-0.7765069350495165,0.04043351600012102,2,0.8648436074132757,0.11883288362976334,0.19805040497839518,0.7467922016199136,-0.1148302429870371,-1.5641297588910283,0.03267225445502225,0.032672254455022226,0.6079022714228686,0.12324256749572608,,,
15.499416800099425,3993.12322033,odom,navigating,1,4,,0.7752126427037926,-0.1192184690340418,-2.255975115208235,-6.780945012208628,-5.180073907372216,-0.7857580928857255,-0.8960702048782402,0.5910021066665649,-1.0776977885227055,1.0776977885227055,0.014348567999604711,pixhawk_fused,True,0.8,0.2,gyro,-1.0,0.05403023958206177,-0.7101766467094421,0.05,-0.7286211659767784,0.011005623000073683,2,0.869421201344327,0.12341047756081455,0.20567955866194906,0.7468227182346477,-0.11940773519716943,-1.5641297588910283,0.028390555349345623,0.02839055534934557,0.6918453563172065,0.12663399861345517,,,
15.499521900084801,3993.227346814,odom,navigating,1,4,,0.7714309366546246,-0.12272092573613576,-2.367769937420318,-6.7778399767337065,-5.184188182313422,-0.8975529150978085,-0.9667031235882658,0.7130739688873291,-1.1997435796122402,1.1997435796122402,0.00484662600001684,pixhawk_fused,True,0.8,0.2,gyro,-1.0,0.05240241065621376,-0.6887803673744202,0.05,-0.7330728907891498,0.01410033399997701,2,0.8728983694032171,0.12688764561970461,0.2114747099803896,0.7468458988399216,-0.12288482598823375,-1.5641297588910283,0.02458558414280642,0.024585584142806448,0.8036401785292895,0.12924753598639613,,,
15.81950650003273,3993.34351093,odom,navigating,1,4,,0.7668051208506909,-0.12639317699071184,-2.4364183117340907,-6.774650761720347,-5.189159350056238,-0.9662012894115815,-1.047635719463635,0.7796667218208313,-1.265329075680241,1.265329075680241,0.012476600999889342,pixhawk_fused,True,0.8,0.2,gyro,-1.0,0.054282668977975845,-0.713494598865509,0.05,-0.7867502641804658,0.030460753999705048,2,0.8765397009681868,0.13052897718467432,0.21754346106236908,0.7468701738442495,-0.12652607663742144,-1.5641297588910283,0.019935390000341648,0.019935390000341648,0.8722885528430624,0.13204254488362058,,,
15.819639299996197,3993.445446197,odom,navigating,1,4,,0.7623895865734616,-0.1293788451688645,-2.450952292880975,-6.772123545577211,-5.193852359324213,-0.9807352705584658,-1.1206490307125356,0.7796667218208313,-1.265329075680241,1.265329075680241,0.11409422899987476,pixhawk_fused,True,0.8,0.2,gyro,-1.0,0.056836146861314774,-0.7470576167106628,0.05,-0.7732771206627951,0.03220029800013435,2,0.8794958665593191,0.13348514277580667,0.22247029423029127,0.7468898811769211,-0.12948217653817476,-1.5641297588910283,0.01550004983061114,0.015500049830611099,0.8868225339899467,0.13438204823051672,,,
15.819760900107212,3993.545658715,odom,navigating,1,4,,0.7577233988771338,-0.1320587378764037,-2.520501870705934,-6.7699257276279665,-5.198764052393131,-1.0502848483834246,-1.1943947311437817,0.848170280456543,-1.3338395331959576,1.3338395331959576,0.012528821999694628,pixhawk_fused,True,0.8,0.2,gyro,-1.0,0.056873273104429245,-0.7475456595420837,0.05,-0.7054707680618589,0.029866622000099596,2,0.8821445924889606,0.13613386870544814,0.22688473934866996,0.7469075389573947,-0.13213084360920196,-1.5641297588910283,0.010816100269511238,0.010816100269511263,0.9563721118149056,0.13656287282329818,,,
16.15292790008243,3993.646398719,odom,navigating,1,4,,0.7531415905863013,-0.13426707492510725,-2.6462476066151908,-6.768188609652679,-5.203544443681985,-1.1760305842926815,-1.2640817173856203,0.987585186958313,-1.4735097645382733,1.4735097645382733,0.011522886999955517,pixhawk_fused,True,0.8,0.2,gyro,-1.0,0.054321493953466415,-0.7140048742294312,0.05,-0.7154051311328218,0.028455790000407433,2,0.8843223357553014,0.138311611971789,0.23051423080476854,0.7469220569232191,-0.13430853848286112,-1.5641297588910283,0.00621967187340567,0.006219671873405711,1.0821178477241624,0.13845138614130076,,,
16.153078700066544,3993.765407663,odom,navigating,1,4,,0.7475001021306188,-0.13647291724714394,-2.662752161242203,-6.766560376080372,-5.209378909191293,-1.1925351389196936,-1.3470742203353077,0.987585186958313,-1.4735097645382733,1.4735097645382733,0.13111351899988222,pixhawk_fused,True,0.8,0.2,gyro,-1.0,0.056343913078308105,-0.7405877113342285,0.05,-0.6878059774617233,0.003358240999659756,2,0.886490519972964,0.14047979618945167,0.23412779086709712,0.7469365111634684,-0.13647667452025827,-1.5641297588910283,0.0005636034912549772,0.0005636034912549667,1.0986224023511746,0.14048092677059487,,,
16.153206799994223,3993.88367661,odom,navigating,1,4,,0.7417740356863978,-0.13818241132081532,-2.730703524356409,-6.765434474753751,-5.2152476870124636,-1.2604865020338998,-1.428983358196855,1.0531293153762817,-1.5380143411021086,1.5380143411021086,0.07402883099985047,pixhawk_fused,True,0.8,0.2,gyro,-1.0,0.049107957631349564,-0.6454778909683228,0.05,-0.6215166993792745,0.021658311000010144,2,0.8881618031311276,0.14215107934761517,0.23691320090005663,0.7469476528036002,-0.13814792054003397,-1.5641297588910283,0.005173732085194297,-0.005173732085194317,1.1665737654653807,0.14224519979029646,,,
16.48149460006971,3994.003381146,odom,navigating,1,4,,0.736321839268503,-0.13934788709508394,-2.851710083112899,-6.764822343110102,-5.2207893541272,-1.3814930607903897,-1.5053994504377863,1.1853022575378418,-1.6700560489158482,1.6700560489158482,0.08775826800001596,pixhawk_fused,True,0.8,0.2,gyro,-1.0,0.04618922621011734,-0.6071138978004456,0.05,-0.5458731926239648,0.04109272100004091,2,0.8892909058383844,0.143280182054872,0.2387949969282598,0.746955179987713,-0.13927699815695588,-1.5641297588910283,0.01063357701304493,-0.010633577013044975,1.2875803242218706,0.14367422708951536,,,
16.48180940002203,3994.103835732,odom,navigating,1,4,,0.7321220530487369,-0.13995151900804711,-2.863241883874211,-6.764643461590919,-5.225028525883591,-1.3930248615517018,-1.563535416487674,1.1853022575378418,-1.6700560489158482,1.6700560489158482,0.18826059299999542,pixhawk_fused,True,0.8,0.2,gyro,-1.0,0.04354714974761009,-0.5723862648010254,0.05,-0.5750675024796851,0.041544762999819795,2,0.8898665263851235,0.14385580260161115,0.23975434318758948,0.7469590173727504,-0.1398526059125537,-1.5641297588910283,0.014837294030668436,-0.014837294030668403,1.2991121249831827,0.14461893802786074,,,
16.482166000059806,3994.206599364,odom,navigating,1,4,,0.7278929088676245,-0.1403098101911987,-2.9321363751366483,-6.764711628717155,-5.229272272614896,-1.461919352814139,-1.6216867328286502,1.2569880485534668,-1.7416020231704563,1.7416020231704563,0.09507667699972444,pixhawk_fused,True,0.8,0.2,gyro,-1.0,0.046104155480861664,-0.6059957146644592,0.05,-0.5838062456234943,0.040283038999859855,2,0.8901966159384924,0.14418589215498007,0.24030448021807285,0.7469612179208723,-0.1401826881308437,-1.5641297588910283,0.01906873278874092,-0.019068732788740876,1.36800661624562,0.14544135610855652,,,
16.81586770003196,3994.306864658,odom,navigating,1,4,,0.723747848131839,-0.1404214282254092,-3.0230456719470937,-6.765016779543997,-5.233407592440712,-1.5528286496245844,-1.6785104632189916,1.3572936058044434,-1.8409510201673358,1.8409510201673358,0.08283334799989461,pixhawk_fused,True,0.8,0.2,gyro,-1.0,0.04433285817503929,-0.5827136635780334,0.05,-0.5638217311356234,0.04158200300025783,2,0.8902805983682089,0.14426987458469653,0.24044444782391025,0.7469617777912957,-0.14026666869434615,-1.5641297588910283,0.023214445518828515,-0.023214445518828463,1.4589159130560654,0.14612565549358786,,,
16.816037600045092,3994.426799503,odom,navigating,1,4,,0.718617585726795,-0.14023426736519157,-3.081108399211049,-6.765718123198491,-5.238493134556407,-1.6108913768885398,-1.748853464623189,1.4125986099243164,-1.8959686881761402,1.8959686881761402,0.09121541400008937,pixhawk_fused,True,0.8,0.2,gyro,-1.0,0.04631626605987549,-0.6087837219238281,0.05,-0.6059394649029599,0.009836747000008472,2,0.8900592406776295,0.14404851689411707,0.24007552653777087,0.746960302106151,-0.1400453159226625,-1.5641297588910283,0.028343346210499755,-0.028343346210499783,1.5169786403200207,0.14681049177018304,,,
16.816176300053485,3994.543465346,odom,navigating,1,4,,0.7130210077377332,-0.13961825189987093,3.141058039021134,-6.766892976756705,-5.243999574364297,-1.6719102458359432,-1.8260017871634056,1.4694830179214478,-1.9529955086569637,1.9529955086569637,0.032785375000003114,pixhawk_fused,True,0.8,0.2,gyro,-1.0,0.0516899898648262,-0.6794162392616272,0.05,-0.5686567502103581,0.030807151999852067,2,0.8894059292102531,0.14339520542674064,0.238986698288058,0.7469559467931522,-0.1393920189728348,-1.5641297588910283,0.033935693156796974,-0.03393569315679696,1.5779975092674237,0.14735608643489903,,,
17.156951500102878,3994.664738709,odom,navigating,1,4,,0.7076396647211121,-0.1386062203736449,3.026007377320262,-6.7684402332730125,-5.2492521030643955,-1.7869609075368151,-1.9010292585362245,1.593425989151001,-2.0779670818309635,2.0779670818309635,0.028660005999881832,pixhawk_fused,True,0.8,0.2,gyro,-1.0,0.04874314367771149,-0.6406827569007874,0.05,-0.6188209932286735,0.0026486859997021384,2,0.8883580453499655,0.14234732156645308,0.23724026399679843,0.7469489610559872,-0.13834415839807904,-1.5641297588910283,0.03931016986508789,-0.0393101698650879,1.6930481709682956,0.14767548683503728,,,
17.157190500060096,3994.765196368,odom,navigating,1,4,,0.7031045236371828,-0.13742234386725624,3.0132608443326587,-6.770073499317726,-5.2536454514754265,-1.7997074405244184,-1.9652383462486263,1.593425989151001,-2.0779670818309635,2.0779670818309635,0.1289375960000143,pixhawk_fused,True,0.8,0.2,gyro,-1.0,0.051216643303632736,-0.6731945872306824,0.05,-0.5989944781142805,0.0027966080001533555,2,0.8871439615490242,0.14113323776551184,0.23521683595979756,0.7469408673438391,-0.13713010157587852,-1.5641297588910283,0.04383731783680406,-0.043837317836804106,1.705794703955899,0.14778464479539638,,,
17.157333700102754,3994.883579385,odom,navigating,1,4,,0.6977239011411596,-0.1356018736875417,2.9501823135831318,-6.77242503642412,-5.258816088124544,-1.8627859712739454,-2.043088561227925,1.6535587310791016,-2.137404424832329,2.137404424832329,0.06745490100001916,pixhawk_fused,True,0.8,0.2,gyro,-1.0,0.04643236845731735,-0.6103097796440125,0.05,-0.5828183393665283,0.02143529800014221,2,0.8852876618033166,0.13927693801980426,0.2321230717998357,0.7469284922871994,-0.13527384307990142,-1.5641297588910283,0.0492056845692496,-0.04920568456924957,1.768873234705426,0.1477134552371614,,,
17.48259600007441,3995.003333253,odom,navigating,1,4,,0.6923733030551448,-0.13330889584763372,2.8337209404960495,-6.7752436784693515,-5.263909407697595,-1.9792473443610277,-2.1228463109858975,1.779915452003479,-2.2629285201291887,2.2629285201291887,0.08235106500023903,pixhawk_fused,True,0.8,0.2,gyro,-1.0,0.05132392421364784,-0.6746046543121338,0.05,-0.6374475562310937,0.0406715650001388,2,0.8829590650555214,0.13694834127200897,0.2282421634616262,0.7469129686538465,-0.13294529807697572,-1.5641297588910283,0.05454087757780429,-0.05454087757780429,1.8853346077925082,0.14740948240907595,,,
17.48290140007157,3995.105256131,odom,navigating,1,4,,0.688295554366449,-0.1312033595165406,2.82128327813784,-6.777748019737912,-5.267755131611281,-1.991685006719237,-2.1857125395028865,1.779915452003479,-2.2629285201291887,2.2629285201291887,0.18356796200032477,pixhawk_fused,True,0.8,0.2,gyro,-1.0,0.046104155480861664,-0.6059957146644592,0.05,-0.6090570170043197,0.04152263399964795,2,0.8808263911253977,0.1348156673418853,0.2246877858967106,0.7468987511435868,-0.13081267153802634,-1.5641297588910283,0.05860449905592999,-0.058604499055929994,1.8977722701507176,0.1470025559996641,,,
17.48307700001169,3995.206529323,odom,navigating,1,4,,0.6845646692547326,-0.12897637135350898,2.7115045718072297,-6.780338370534877,-5.271243549984093,-2.1014637130498475,-2.2452370679607654,1.902100682258606,-2.3851017133455126,2.3851017133455126,0.0883361960000002,pixhawk_fused,True,0.8,0.2,gyro,-1.0,0.046104155480861664,-0.6059957146644592,0.05,-0.5959589041417379,0.041639519999989716,2,0.8785745804346362,0.13256385665112383,0.22093485147639083,0.7468837394059056,-0.1285609108858345,-1.5641297588910283,0.062320455004011496,-0.06232045500401147,2.007550976481328,0.1464821327060974,,,
17.79656440007966,3995.30656203,odom,navigating,1,4,,0.6808943523889007,-0.1264747349824597,2.6533175027918476,-6.783195899866888,-5.274644128838533,-2.1596507820652295,-2.3061043912985673,1.959027647972107,-2.442625327990517,2.442625327990517,0.07147047599983125,pixhawk_fused,True,0.8,0.2,gyro,-1.0,0.048665497452020645,-0.6396621465682983,0.05,-0.6218567493548132,0.040222021999852586,2,0.8760485314182802,0.13003780763476785,0.21672486333671676,0.7468668994533468,-0.12603491800203004,-1.5641297588910283,0.06597401310475838,-0.06597401310475842,2.06573804549671,0.14581632905680944,,,
17.79671160003636,3995.406572887,odom,navigating,1,4,,0.6774192470045779,-0.12378418364151583,2.641404781934085,-6.7862217882757765,-5.277831513861927,-2.171563502922992,-2.366330876556647,1.959027647972107,-2.442625327990517,2.442625327990517,0.1713280589997339,pixhawk_fused,True,0.8,0.2,gyro,-1.0,0.04618692770600319,-0.6070836782455444,0.05,-0.6212145766743511,0.04143389599994407,2,0.8733348730109578,0.12732414922744534,0.2122021998270294,0.7468488087993082,-0.12332131989621764,-1.5641297588910283,0.06943110465673853,-0.06943110465673849,2.0776507663544725,0.14502454023491246,,,
17.796809500083327,3995.523481018,odom,navigating,1,4,,0.6732513635963291,-0.1200792885991556,2.5806631026965707,-6.790326455769661,-5.281606325664429,-2.2323051821605064,-2.442731524132792,2.016735315322876,-2.4995275081853716,2.4995275081853716,0.1022181839998666,pixhawk_fused,True,0.8,0.2,gyro,-1.0,0.05403834953904152,-0.7102832198143005,0.05,-0.7347410665171993,0.010363567000240437,2,0.8696022750249095,0.12359155124139709,0.20598134142337754,0.7468239253656935,-0.11958880485402651,-1.5641297588910283,0.07357419669701588,-0.07357419669701586,2.138392445591987,0.14383335481683676,,,
18.119361700024456,3995.62788592,odom,navigating,1,4,,0.6697402337287446,-0.11647135067323014,2.437433828365159,-6.794268711654057,-5.284737438496366,-2.375534456491918,-2.5117318223498235,2.1742451190948486,-2.6610490648608054,2.6610490648608054,0.029029977999925904,pixhawk_fused,True,0.8,0.2,gyro,-1.0,0.051457375288009644,-0.6763587594032288,0.05,-0.7354427722472376,0.012713111999801185,2,0.8659710102604095,0.119960286476897,0.19992936796934874,0.7467997174718773,-0.11595762078160923,-1.5641297588910283,0.07706119615707822,-0.07706119615707827,2.2816217199233986,0.14257944551995877,,,
18.119599000085145,3995.74550455,odom,navigating,1,4,,0.6659983394708011,-0.11200292481267653,2.40039762603063,-6.799090277717148,-5.288011748043148,-2.4125706588264473,-2.5916116535977576,2.200939893722534,-2.687499744163021,2.687499744163021,0.02825412900028823,pixhawk_fused,True,0.8,0.2,gyro,-1.0,0.051697779446840286,-0.6795186400413513,0.05,-0.7457621359611086,0.025974822000080167,2,0.8614777382875151,0.11546701450400262,0.19244074775979156,0.7467697629910391,-0.11146444865587493,-1.5641297588910283,0.08077321842081758,-0.0807732184208176,2.3186579222579278,0.14091467011111605,,,
18.11977290001232,3995.845745622,odom,navigating,1,4,,0.6632012571653816,-0.10812106374523557,2.2854286398517027,-6.803233375000319,-5.29040491742127,-2.5275396450053744,-2.657178626058794,2.3279943466186523,-2.814680277274116,2.814680277274116,0.022686319000058575,pixhawk_fused,True,0.8,0.2,gyro,-1.0,0.04637424647808075,-0.6095458269119263,0.05,-0.7440014732980824,0.030975758000295173,2,0.8575773166797773,0.11156659289626489,0.18594018953547306,0.7467437607581419,-0.10756411372128383,-1.5641297588910283,0.08354436007221279,-0.08354436007221282,2.433626908436855,0.13937992951051617,,,
18.441329600056633,3995.945875679,odom,navigating,1,4,,0.6605114389045592,-0.10380304285573438,2.220180843549719,-6.807799657463144,-5.292647570124683,-2.592787441307358,-2.7268654743141485,2.3935279846191406,-2.8788273502449835,2.8788273502449835,0.012957994999851508,pixhawk_fused,True,0.8,0.2,gyro,-1.0,0.054282668977975845,-0.713494598865509,0.05,-0.7528653074890626,0.03210624499979531,2,0.8532414600198369,0.10723073623632452,0.17871392235083677,0.7467148556894033,-0.10322835341050206,-1.5641297588910283,0.0862053323950439,-0.08620533239504392,2.4988747047388387,0.1375855738336117,,,
18.441681200056337,3996.045949403,odom,navigating,1,4,,0.6580647975382604,-0.09917906992426671,2.2059879144771406,-6.812645928390776,-5.294617554323152,-2.6069803703799366,-2.798551290986815,2.3935279846191406,-2.8788273502449835,2.8788273502449835,0.1128019289999429,pixhawk_fused,True,0.8,0.2,gyro,-1.0,0.05169518291950226,-0.679484486579895,0.05,-0.7562908521067677,0.028992830999868602,2,0.8486012792599096,0.10259055547639719,0.17098045960377614,0.7466839218384151,-0.09858827576226568,-1.5641297588910283,0.08862109359214729,-0.08862109359214723,2.513067633811417,0.13556740132651304,,,
18.441886700107716,3996.168307236,odom,navigating,1,4,,0.655634736762581,-0.09356664705855965,2.0793291541033616,-6.818473988935201,-5.296471791656267,-2.7336391307537156,-2.882352559542656,2.5298140048980713,-3.016054485366806,3.016054485366806,0.03234244200029934,pixhawk_fused,True,0.8,0.2,gyro,-1.0,0.05136490985751152,-0.6751433610916138,0.05,-0.756916218968806,0.004130181999698834,2,0.8429727810653792,0.09696205728186684,0.16159983773550649,0.746646399350942,-0.09295990264130388,-1.5641297588910283,0.09101368504728036,-0.09101368504728037,2.639726394185196,0.13298545566421005,,,
18.780847100075334,3996.269110552,odom,navigating,1,4,,0.6538901322851904,-0.08847683813254925,2.064757770763002,-6.823713250208046,-5.297696512441057,-2.748210514094075,-2.9560983022679794,2.5298140048980713,-3.016054485366806,3.016054485366806,0.13307207500020013,pixhawk_fused,True,0.8,0.2,gyro,-1.0,0.05633830651640892,-0.7405139803886414,0.05,-0.7665989982529601,0.004060665999986668,1,0.6534063329010218,0.6534063329010218,0.8758672121858615,0.6533969402906527,0.0035034688487434462,0.005361878910097319,0.09198162920233756,-0.09198162920233756,-2.0593958918529047,0.13052276936011367,,,
18.781217000097968,3996.386754014,odom,navigating,1,4,,0.6522945418615214,-0.08220726324442787,1.9924872319389637,-6.8301113526269015,-5.298654512188292,-2.8204810529181135,-3.044767112493621,2.597447395324707,-3.0843150738935314,3.0843150738935314,0.08308665599997767,pixhawk_fused,True,0.8,0.2,gyro,-1.0,0.05685613304376602,-0.7473203539848328,0.05,-0.7702448620635464,0.022148630000174307,1,0.6518443819539964,0.6518443819539964,0.8737734742579352,0.6518350117964197,0.003495093897031741,0.005361878910097319,0.08570358911669351,-0.0857035891166935,-1.9871253530288664,0.12732794320586607,,,
18.781481400015764,3996.507401376,odom,navigating,1,4,,0.6512924635203942,-0.07607321528544789,1.920026150654441,-6.836315018611863,-5.299035607598725,-2.8929421342026362,-3.129956928547485,2.6681220531463623,3.129512116897734,-3.129512116897734,0.08510937800019747,pixhawk_fused,True,0.8,0.2,gyro,-1.0,0.05378818139433861,-0.7069950103759766,0.05,-0.7771301483292465,0.040890447000037966,1,0.6508752078823717,0.6508752078823717,0.8724743319792433,0.6508658516565154,0.003489897327916973,0.005361878910097319,0.07956425633668288,-0.07956425633668286,-1.9146642717443436,0.12402111623504103,,,
19.10360940010287,3996.623551287,odom,navigating,1,4,,0.6508228479907884,-0.07002107856253134,1.7630924363985825,-6.842383722836827,-5.29889515586883,-3.0498758484584942,3.0700374526442054,2.843611717224121,2.9544922401792126,-2.9544922401792126,0.013514238999960071,pixhawk_fused,True,0.8,0.2,gyro,-1.0,0.054035648703575134,-0.7102477550506592,0.05,-0.7898471178528452,0.010318345000086993,1,0.6504380497721769,0.6504380497721769,0.8718883375742598,0.6504286998303977,0.003487553350297039,0.005361878910097319,0.07350968860271434,-0.07350968860271434,-1.7577305574884852,0.12057284244864186,,,
19.10376070009079,3996.727316873,odom,navigating,1,4,,0.6508246852398818,-0.06469018420173221,1.673275727593449,-6.847687491255975,-5.298358053813789,-3.1396925572636283,2.997008883041682,2.9393510818481445,2.8605256923920233,-2.8605256923920233,0.007537772999967274,pixhawk_fused,True,0.8,0.2,gyro,-1.0,0.05649576708674431,-0.742583692073822,0.05,-0.7916039855135573,0.012223645000176475,1,0.6504684704679436,0.6504684704679436,0.8719291154006326,0.6504591200888719,0.00348771646160253,0.005361878910097319,0.06817888072371953,-0.06817888072371951,-1.6679138486833516,0.11737411105246112,,,
19.10386550007388,3996.830781763,odom,navigating,1,4,,0.6512239576993867,-0.05928331467654829,1.6585918472665362,-6.853026944479462,-5.2974178964687235,3.1288088695890455,2.9227138540953304,2.9393510818481445,2.8605256923920233,-2.8605256923920233,0.11110249400007888,pixhawk_fused,True,0.8,0.2,gyro,-1.0,0.05334407091140747,-0.7011575698852539,0.05,-0.7994099922671075,0.014725409999755357,1,0.6508967280287346,0.6508967280287346,0.8725031789457502,0.6508873714935297,0.0034900127157830012,0.005361878910097319,0.06277422976173251,-0.0627742297617325,-1.6532299683564389,0.11396173090392528,,,
19.419146400061436,3996.942813657,odom,navigating,1,4,,0.6521884391615824,-0.053075413398586055,1.5856057727328972,-6.859106628644222,-5.295834955148077,3.0558227950554064,2.836608491908832,3.0079493522644043,2.7907500089890083,-2.7907500089890083,0.10983595499965304,pixhawk_fused,True,0.8,0.2,gyro,-1.0,0.05685613304376602,-0.7473203539848328,0.05,-0.8099814163606226,0.027224787000250217,1,0.6518944814821096,0.6518944814821096,0.873840630836944,0.6518851106043602,0.003495362523347776,0.005361878910097319,0.05657158912937903,-0.05657158912937901,-1.5802438938227998,0.10980988917925207,,,
19.4195263000438,3997.04288777,odom,navigating,1,4,,0.6533963013650814,-0.047985146415515295,1.516416202047244,-6.864049889040055,-5.29412208453984,2.9866332243697533,2.764922710402722,3.0778145790100098,2.7221702986246665,-2.7221702986246665,0.03174523699999554,pixhawk_fused,True,0.8,0.2,gyro,-1.0,0.05172376334667206,-0.6798601746559143,0.05,-0.8199318501574444,0.0294341329999952,1,0.6531296195871886,0.6531296195871886,0.8754962881427998,0.6531202309545286,0.003501985152571199,0.005361878910097319,0.05148787169791573,-0.05148787169791572,-1.5110543231371467,0.10619745970930465,,,
19.419825999997556,3997.144430417,odom,navigating,1,4,,0.6549331963202824,-0.04308882524736529,1.4350400988312673,-6.86876714567508,-5.292101318119812,2.9052571211537765,2.6945949794625346,-3.12204647064209,2.6380925221330247,-2.6380925221330247,0.09114647100022921,pixhawk_fused,True,0.8,0.2,gyro,-1.0,0.05167960748076439,-0.6792798042297363,0.05,-0.8214201349156854,0.031560611999793764,1,0.654692745805185,0.654692745805185,0.8775916014783357,0.6546833347028385,0.003510366405913343,0.005361878910097319,0.04659986151875202,-0.04659986151875201,-1.42967821992117,0.10252082810637624,,,
19.759452900034375,3997.245723663,odom,navigating,1,4,,0.656791903626747,-0.03835591072380415,1.3780099817844638,-6.873289508378718,-5.289776773365418,2.848227004106973,2.624923337497974,-3.0671439170837402,2.5841531401163658,-2.5841531401163658,0.03391019499986214,pixhawk_fused,True,0.8,0.2,gyro,-1.0,0.054288122802972794,-0.713566243648529,0.05,-0.8455759810533113,0.0314152819996707,1,0.6565768035860015,0.6565768035860015,0.8801171117970898,0.656567365400629,0.0035204684471883594,0.005361878910097319,0.0418769811458243,-0.04187698114582429,-1.3726481028743664,0.09875276012235032,,,
19.759790800046176,3997.368771958,odom,navigating,1,4,,0.6594803411366287,-0.03280952347148812,1.2531065085616009,-6.878537919601394,-5.286545011085347,2.72332353088411,2.540450649632158,-2.9322948455810547,2.4493377300387937,-2.4493377300387937,0.045880198999839195,pixhawk_fused,True,0.8,0.2,gyro,-1.0,0.05634111538529396,-0.7405509352684021,0.05,-0.8381590502006026,0.004219179999836342,1,0.6592949413643661,0.6592949413643661,0.8837606757455798,0.6592854641062026,0.0035350427029823194,0.005361878910097319,0.0363450886292419,-0.03634508862924189,-1.2477446296515036,0.09402442442276465,,,
19.759974500047974,3997.486266258,odom,navigating,1,4,,0.6626036401435434,-0.027544343761980547,1.182064164192443,-6.883462880097566,-5.282908821022775,2.6522811865149523,2.4565426209270242,-2.86515474319458,2.3814578266030866,-2.3814578266030866,0.050877578999916295,pixhawk_fused,True,0.8,0.2,gyro,-1.0,0.049967534840106964,-0.6567761898040771,0.05,-0.8534195808859052,0.02144113099984679,1,0.6624464265951315,0.6624464265951315,0.8879851260521147,0.6624369040348775,0.003551940504208459,0.005361878910097319,0.031096731276672264,-0.03109673127667226,-1.1767022852823457,0.08916276386856567,,,
20.078840500093065,3997.605262924,odom,navigating,1,4,,0.6662446399593641,-0.02244717219647553,1.165239880926692,-6.888168699295303,-5.2787744161919425,2.6354569032492012,2.3706966439127255,-2.86515474319458,2.3814578266030866,-2.3814578266030866,0.16989735600009226,pixhawk_fused,True,0.8,0.2,gyro,-1.0,0.05378818139433861,-0.7069950103759766,0.05,-0.8705271619355858,0.04192525200005548,1,0.66611470435793,0.66611470435793,0.8929023177838825,0.6661051290667763,0.00357160927113553,0.005361878910097319,0.026019155488763494,-0.02601915548876349,-1.1598780020165946,0.0840260100945028,,,
20.07921230001375,3997.706620649,odom,navigating,1,4,,0.6699076825906568,-0.01811061969821455,1.0626261435679087,-6.892115530154614,-5.2746944535626,2.532843165890418,2.2928921153894537,-2.756762981414795,2.272826644886168,-2.272826644886168,0.08886116200028482,pixhawk_fused,True,0.8,0.2,gyro,-1.0,0.06290318071842194,-0.8268030881881714,0.05,-0.8795135842895029,0.04082480100032626,1,0.6698009462915452,0.6698009462915452,0.8978435898274261,0.6697913180112598,0.0035913743593097044,0.005361878910097319,0.021702306024663744,-0.021702306024663744,-1.0572642646578114,0.07923963826370806,,,
20.07958180003334,3997.807624662,odom,navigating,1,4,,0.6742915091688123,-0.013699026690778743,0.9642653302562649,-6.896064648501383,-5.269889814906696,2.434482352578774,2.207671792208844,-2.6530301570892334,2.171264434981974,-2.171264434981974,0.07137840299992604,pixhawk_fused,True,0.8,0.2,gyro,-1.0,0.061456914991140366,-0.8077933192253113,0.05,-0.8971553192050346,0.04147094999962064,1,0.6742083641670662,0.6742083641670662,0.9037515717571872,0.6741986725308616,0.003615006287028749,0.005361878910097319,0.017314281867809343,-0.01731428186780934,-0.9589034513461676,0.0738604305639185,,,
20.401359000010416,3997.908097153,odom,navigating,1,4,,0.6789950147682495,-0.00970763593826042,0.8824040576194754,-6.899563589316499,-5.264809305263408,2.3526210799419847,2.1231380083341116,-2.572042942047119,2.0900550197846015,-2.0900550197846015,0.0027584790000219073,pixhawk_fused,True,0.8,0.2,gyro,-1.0,0.06656507402658463,-0.8749352097511292,0.05,-0.9251071982826785,0.04074126600016825,1,0.6789332034057217,0.6789332034057217,0.9100850453762965,0.6789234438507172,0.003640340181505186,0.005361878910097319,0.013348167997521957,-0.013348167997521957,-0.8770421787093781,0.06839274324753312,,,
20.401514600031078,3998.027198149,odom,navigating,1,4,,0.6850178352793457,-0.005489296576598954,0.7973363196145928,-6.903155859619885,-5.258393360442383,2.267553341937102,2.0223689673399483,-2.4903125762939453,2.00880914442602,-2.00880914442602,0.006260569000005489,pixhawk_fused,True,0.8,0.2,gyro,-1.0,0.06175193563103676,-0.8116710782051086,0.05,-0.992423335599505,0.010418730999845138,1,0.6849785554562282,0.6849785554562282,0.9181886179628225,0.6849687090002655,0.00367275447185129,0.005361878910097319,0.009162182753345651,-0.00916218275334565,-0.7919744407044955,0.0617160527216029,,,
20.40162980009336,3998.12847284,odom,navigating,1,4,,0.6900725003053685,-0.002594547041258971,0.703593363786547,-6.905528441610889,-5.253073579611032,2.1738103861090563,1.9425502412056626,-2.3943557739257812,1.911677563834818,-1.911677563834818,0.050665400000070804,pixhawk_fused,True,0.8,0.2,gyro,-1.0,0.06105418503284454,-0.8024997711181641,0.05,-0.9938957627870194,0.010805054000229575,1,0.69004866904437,0.69004866904437,0.9249849191774054,0.6900387497063445,0.0036999396767096217,0.005361878910097319,0.0062945772014979294,-0.0062945772014979294,-0.6982314848764497,0.056314947152353655,,,
20.715643200092018,3998.245520966,odom,navigating,1,4,,0.6965315125794939,0.0003816923999549887,0.6354436474651595,-6.9078410914305035,-5.2463483664857415,2.1056606697876687,1.8450923290695411,-2.332733154296875,1.8506474192029554,-1.8506474192029554,0.03246054999999615,pixhawk_fused,True,0.8,0.2,gyro,-1.0,0.06203734129667282,-0.8154224753379822,0.05,-1.03702722795915,0.030092355999840947,1,0.696523546630264,0.696523546630264,0.9336642549824669,0.6965135342169203,0.0037346570199298674,0.005361878910097319,0.003353012818991915,-0.003353012818991915,-0.6300817685550621,0.04960063908420251,,,
20.715816400013864,3998.345579264,odom,navigating,1,4,,0.7021094217470009,0.002370060309191596,0.4944707312483094,-6.909259333654204,-5.240598995509856,1.9646877535708187,1.7639461683070246,-2.1763663291931152,1.6950921400076466,-1.6950921400076466,0.024458030000005238,pixhawk_fused,True,0.8,0.2,gyro,-1.0,0.05943751707673073,-0.7812501788139343,0.05,-1.139504452584974,0.030971979999776522,1,0.7021120369531014,0.7021120369531014,0.9411554211878191,0.702101944206113,0.0037646216847512766,0.005361878910097319,0.0013945814224421021,-0.0013945814224421017,-0.4891088523382121,0.043920832901691576,,,
20.715941700036637,3998.445790373,odom,navigating,1,4,,0.7079744203377789,0.003933097741000632,0.4133663690052247,-6.910225568356287,-5.234606693365976,1.883583391327734,1.6794277713116004,-2.096341133117676,1.6148249133116321,-1.6148249133116321,0.00937513000008039,pixhawk_fused,True,0.8,0.2,gyro,-1.0,0.05938098207116127,-0.8483737111091614,0.05,-1.0053844513096708,0.02847178999991229,1,0.7079853320127567,0.7079853320127567,0.9490283576918254,0.7079751548381017,0.0037961134307673014,0.005361878910097319,0.00013698627938894326,0.0001369862793889434,-0.4080044900951274,0.03802563851614041,,,
21.037974700098857,3998.546579244,odom,navigating,1,4,,0.7140734355316065,0.005013488781828446,0.39675456828631006,-6.91068809832021,-5.228430019733015,1.8669715906088193,1.5945430958091993,-2.096341133117676,1.6148249133116321,-1.6148249133116321,0.11008617000015875,pixhawk_fused,True,0.8,0.2,gyro,-1.0,0.06843581050634384,-0.8995242714881897,0.05,-1.0935634515667603,0.03161722100003317,1,0.7140900524324063,0.7140900524324063,0.957211511398636,0.7140797875033825,0.003828846045594544,0.005361878910097319,0.0011846597655264521,0.0011846597655264517,-0.39139268937621274,0.031942646701007375,,,
21.038142500096,3998.647775437,odom,navigating,1,4,,0.7205310838052703,0.005588403462703076,0.24505071143103274,-6.910611696239127,-5.221947280278228,1.715267733753542,1.5056911869733707,-1.9295849800109863,1.4478373435622767,-1.4478373435622767,0.01998030100003234,pixhawk_fused,True,0.8,0.2,gyro,-1.0,0.07201337814331055,-0.9465480446815491,0.0,0.0,0.02705080999976417,1,0.7205506904865523,0.7205506904865523,0.9658717596339158,0.7205403326869012,0.0038634870385356635,0.005361878910097319,0.0017249412199184977,0.001724941219918498,-0.23968883252093542,0.025518399591167373,,,
21.038250900106505,3998.763963494,odom,navigating,1,4,,0.7274375881636376,0.005561188163865208,0.2265609797673256,-6.909891137689988,-5.215078412940603,1.6967780020898349,1.411040858050774,-1.9295849800109863,1.4478373435622767,-1.4478373435622767,0.13716701600014858,pixhawk_fused,True,0.8,0.2,gyro,-1.0,0.059181902557611465,-0.7778903841972351,0.0,-1.55,0.023118029999750433,1,0.7274569496405986,0.7274569496405986,0.9751293466013258,0.727446492564589,0.003900517386405303,0.005361878910097319,0.0016606946496769321,0.001660694649676932,-0.22119910085722827,0.018627947865122466,,,
21.358755000052042,3998.8836394,odom,navigating,1,4,,0.7344038779210155,0.004868667222628478,0.14272167400453206,-6.908502632803237,-5.208216865562841,1.6129386963270413,1.3150936755255798,-1.849129557609558,1.3669045666939332,-1.3669045666939332,0.07118031600020913,pixhawk_fused,True,0.8,0.2,gyro,-1.0,0.06657169759273529,-0.875022292137146,0.0,-1.55,0.013573940000242146,1,0.7344194260630504,0.7344194260630504,0.984462290754113,0.7344088689025683,0.003937849163016452,0.005361878910097319,0.0009308314401634477,0.0009308314401634475,-0.13735979509443474,0.011628612557583193,,,
21.35888270009309,3998.985965431,odom,navigating,1,4,,0.7402221407577716,0.003764622455340469,0.06684813716447802,-6.906819957029439,-5.202538864195632,1.5370651594869873,1.2339474251457745,-1.7751926183700562,1.2922936059123589,-1.2922936059123589,0.07073149500001819,pixhawk_fused,True,0.8,0.2,gyro,-1.0,0.059031348675489426,-0.7759115099906921,0.0,-1.55,0.014877978999720654,1,0.7402316855372308,0.7402316855372308,0.992253411295521,0.7402210448264587,0.003969013645182084,0.005361878910097319,0.00020439412797415178,-0.0002043941279741519,-0.0614862582543807,0.005782651641897002,,,
21.358990300097503,3999.086061117,odom,navigating,1,4,,0.7456517596227575,0.002278788891603059,-0.010138228751021217,-6.904796445624463,-5.197285877998042,1.460078793571488,1.155471340657044,-1.696684718132019,1.2156636062151505,-1.2156636062151505,0.051999438000166265,pixhawk_fused,True,0.8,0.2,gyro,-1.0,0.053941234946250916,-0.7765312194824219,0.0,-1.55,0.019475426000099105,2,0.747729575093123,0.0017188513096106203,0.002864688523646712,0.7460114587540946,0.0022811868858119725,-1.5641297588910283,0.00035970712456226053,-0.0003597071245622631,-1.5539915301400071,0.0017560862848991778,,,
21.6814730000915,3999.186384426,odom,navigating,1,4,,0.7509429613407876,0.00037388367915511256,-0.1010781652410222,-6.90236987892946,-5.192212688314618,1.369138857081487,1.0757137059693669,-1.603635311126709,1.1220448822266174,-1.1220448822266174,0.07162480399983906,pixhawk_fused,True,0.8,0.2,gyro,-1.0,0.05380425229668617,-0.8419121503829956,0.0,-1.55,0.01129987300009816,2,0.7496697118700196,0.0036589880865072048,0.006098177963951832,0.7460243927118558,0.0003410932216289008,-1.5641297588910283,0.0049186779292424605,0.004918677929242489,-1.4630515936500061,0.0061303822383941805,,,
21.681725200032815,3999.304381767,odom,navigating,1,4,,0.7545179754285254,-0.001301875234758651,-0.23642383561111702,-6.900343622539535,-5.188824004394957,1.2337931867113923,0.948470676641185,-1.4655712842941284,0.9847528190499854,-0.9847528190499854,0.08348575400032132,pixhawk_fused,True,0.8,0.2,gyro,-1.0,0.005140725057572126,-1.3520735502243042,0.0,-1.55,0.02259093299971937,2,0.7513692664437251,0.005358542660212772,0.008930705975760221,0.7460357228239031,-0.0013584235854561325,-1.5641297588910283,0.008482441097030308,0.00848244109703034,-1.3277059232799113,0.01003323409504181,,,
21.6820026000496,3999.407642106,odom,navigating,1,4,,0.756571224180124,-0.002592759662328137,-0.3364230831405146,-6.898853095712175,-5.186910749885436,1.1337939391819947,0.8301692916603569,-1.367032527923584,0.8891436655408453,-0.8891436655408453,0.07289223199995831,pixhawk_fused,True,0.8,0.2,gyro,-1.0,0.031021656468510628,-1.155220866203308,0.0,-1.55,0.029066865000004327,2,0.752673810206766,0.006663086423253617,0.011104897266003118,0.746044419589064,-0.00266293835960187,-1.5641297588910283,0.010527038517451794,0.010527038517451763,-1.2277066757505137,0.012458541673553118,,,
22.017089800094254,3999.526707084,odom,navigating,1,4,,0.7584691553080731,-0.004240046342627618,-0.3655398255542348,-6.897023563243601,-5.1851878143323855,1.1046771967682745,0.6767574187164326,-1.367032527923584,0.8891436655408453,-0.8891436655408453,0.19334511599981852,pixhawk_fused,True,0.8,0.2,gyro,-1.0,0.030726928263902664,-1.1443169116973877,0.0,-1.55,0.010822108999946067,2,0.7543337128749357,0.00832298909142331,0.013871340237125194,0.7460554853609485,-0.004322804142275117,-1.5641297588910283,0.012413945803391795,0.012413945803391753,-1.1985899333367935,0.014945842158456617,,,
22.017307200003415,3999.63135283,odom,navigating,1,4,,0.7596402213081822,-0.005583174806308364,-0.6493064825555721,-6.895569636215562,-5.184157529981491,0.8209105397669372,0.5454097902575212,-1.047827124595642,0.5695049787646842,-0.5695049787646842,0.03712084800008597,pixhawk_fused,True,0.8,0.2,gyro,-1.0,0.02326517179608345,-1.1892173290252686,0.0,-1.55,0.005020916999910696,2,0.7556846184254941,0.00967389464198165,0.016122799456184576,0.7460644911978247,-0.005673679673710746,-1.5641297588910283,0.013576031789896893,0.013576031789896855,-0.9148232763354562,0.016670119276851362,,,
22.01745010004379,3999.743262597,odom,navigating,1,4,,0.7605526878240587,-0.00699286536828235,-0.7225113978344043,-6.89407544940827,-5.183391221683201,0.747705624488105,0.37634237437808643,-0.9965125322341919,0.5190867544299674,-0.5190867544299674,0.10916100900021775,pixhawk_fused,True,0.8,0.2,gyro,-1.0,0.01285983994603157,-1.453662395477295,0.0,-1.55,0.02222894200031078,2,0.7571003606369854,0.011089636853473007,0.018482317375521213,0.7460739292695021,-0.007089390425312727,-1.5641297588910283,0.014479080301171782,0.014479080301171813,-0.841618361056624,0.018237977187991226,,,
22.36436520004645,3999.846727449,odom,navigating,1,4,,0.7609430928430986,-0.007845059358805584,-0.8558901665428932,-6.89318836177222,-5.183088358343817,0.6143268557796161,0.23095665304391522,-0.8640637397766113,0.3885104155427528,-0.3885104155427528,0.035984933999770874,pixhawk_fused,True,0.8,0.2,gyro,-1.0,0.007755833212286234,-1.5291473865509033,0.0,-1.55,0.032068338000044605,2,0.7579551383327867,0.011944414549274317,0.01990691521114546,0.7460796276608446,-0.007944149126687275,-1.5641297588910283,0.014863795477810372,0.014863795477810363,-0.7082395923481352,0.01906833644896932,,,
22.36454830004368,3999.967184554,odom,navigating,1,4,,0.7611567854491462,-0.008604730013487424,-1.1192182880186303,-6.8924110735341335,-5.182952024091345,0.35099873430387896,0.052566145137018225,-0.5789072513580322,0.10510539673629526,-0.10510539673629526,0.04560215099991183,pixhawk_fused,True,0.8,0.2,gyro,-1.0,-0.0025603228714317083,-1.5143862962722778,0.0,-1.0063871398128483,0.011909875000128523,2,0.7587162166921777,0.012705492908665295,0.02117535095631594,0.7460847014038252,-0.008705210573789562,-1.5641297588910283,0.015072418976800598,0.015072418976800549,-0.444911470872398,0.01971312668919777,,,
22.364673900068738,4000.06755588,odom,navigating,1,4,,0.7612495372751438,-0.009678708621600321,-1.1447331404935361,-6.891333209444121,-5.182967579006057,0.32548388182897314,-0.08134498366506335,-0.5789072513580322,0.10510539673629526,-0.10510539673629526,0.14606206700000257,pixhawk_fused,True,0.8,0.2,gyro,-1.0,0.023050548508763313,-1.1110122203826904,0.0,-0.9465290501610072,0.012455119999685849,2,0.7597907897666609,0.013780065983148506,0.022966266282778453,0.7460918650651311,-0.00977975976966707,-1.5641297588910283,0.0151580090434303,0.015158009043430334,-0.4193966183974922,0.020485493810514854,,,
22.680623700027354,4000.167696509,odom,navigating,1,4,,0.7612288175480774,-0.010370991504120741,-1.3041480619351895,-6.8906465057093556,-5.183057706011885,0.16606896038731978,-0.19227638770980154,-0.410139262676239,-0.06560230959591146,0.06560230959591146,0.0539979189998121,pixhawk_fused,True,0.8,0.2,gyro,-1.0,0.007682499010115862,-1.0434515476226807,0.0,-0.595386098303083,0.010265253999932611,2,0.7604829191371858,0.014472195353673365,0.024119789600086535,0.7460964791584004,-0.01047187376005192,-1.5641297588910283,0.01513267466012712,0.01513267466012716,-0.25998169695583884,0.02093901336558482,,,
22.680765600060113,4000.284100282,odom,navigating,1,4,,0.7611202308939901,-0.011304351686370243,-1.4749958210040572,-6.889728765741373,-5.183259462405644,-0.004778798681547958,-0.28768958274601947,-0.2250872403383255,-0.25439935232338184,0.25439935232338184,0.05615974800002732,pixhawk_fused,True,0.8,0.2,gyro,-1.0,-0.012883024290204048,-0.8466761112213135,0.0,-0.25,0.0025699479997456365,2,0.7614155346838484,0.015404810900335963,0.02567411430435899,0.7461026964572174,-0.011404468582615394,-1.5641297588910283,0.015017868156052206,0.015017868156052156,-0.0891339378869711,0.021513822599149485,,,
22.680875900085084,4000.40322485,odom,navigating,1,4,,0.7609217223392989,-0.01232173765321426,-1.4845323716044492,-6.888736453682275,-5.1835591232625875,-0.014315349281939893,-0.3370822826982572,-0.2250872403383255,-0.25439935232338184,0.25439935232338184,0.17554212400000324,pixhawk_fused,True,0.8,0.2,gyro,-1.0,-0.005168220493942499,-0.4756016135215759,0.0,-0.25,0.029665718999694946,2,0.762431574681912,0.016420850898399616,0.027367476671275027,0.7461094699066851,-0.012420486002765015,-1.5641297588910283,0.014812581590121653,0.014812581590121698,-0.07959738728657917,0.022114631301278432,,,
22.994844300090335,4000.504426209,odom,navigating,1,4,,0.7607210710039025,-0.01313563900974836,-1.5398964997440499,-6.887946813011918,-5.1838404842198695,-0.06967947742154057,-0.34991494598895667,-0.16073034703731537,-0.31994407678779835,0.31994407678779835,0.0968931249999514,pixhawk_fused,True,0.8,0.2,gyro,-1.0,0.005160186905413866,-0.0678258016705513,0.0,0.0,0.013340892000087479,2,0.763244120306508,0.017233396522995596,0.02872168928565571,0.7461148867571427,-0.013233013571393424,-1.5641297588910283,0.014606508825025621,0.014606508825025661,-0.024233259146978492,0.022590707288049863,,,
22.995219900039956,4000.624433364,odom,navigating,1,4,,0.7606357474924713,-0.013470263184397896,-1.5784928926584374,-6.887622447290433,-5.183958976070173,-0.10827587033592811,-0.3546451687447367,-0.10612282902002335,-0.3667322060280728,0.3667322060280728,0.036146615000234306,pixhawk_fused,True,0.8,0.2,gyro,-1.0,0.0,0.0,0.0,0.0,0.00699845600001936,2,0.7635781682345432,0.01756744445103078,0.029278423460647924,0.7461171136938426,-0.013567054076388755,-1.5641297588910283,0.01451895643135059,0.014518956431350595,0.014363133767409053,0.022790682315268866,,,
22.99545760010369,,mission_status,reached,1,4,reached waypoint 1/4,0.7606357474924713,-0.013470263184397896,-1.5784928926584374,,,,,,,,,,,,,,,,,,,,,,,,,,,,,,,,,
22.99554880009964,,mission_status,navigating,2,4,going to waypoint 2/4,0.7606357474924713,-0.013470263184397896,-1.5784928926584374,,,,,,,,,,,,,,,,,,,,,,,,,,,,,,,,,
22.995684100082144,4000.724738877,odom,navigating,2,4,,0.7606357474924713,-0.013470263184397896,-1.5796229076273762,-6.887622447290433,-5.183958976070173,-0.10940588530486695,-0.3546451687447367,-0.10479547828435898,-0.36813674164947746,0.36813674164947746,0.08708406200003083,pixhawk_fused,True,0.8,0.2,gyro,-1.0,0.0,0.0,0.26,-0.054479319587625856,0.02852371300014056,2,0.7635781682345432,0.01756744445103078,0.029278423460647924,0.7461171136938426,-0.013567054076388755,-1.5641297588910283,0.01451895643135059,0.014518956431350595,0.015493148736347884,0.5826268217299803,,,
23.321673700003885,4000.8268041,odom,navigating,2,4,,0.7606357474924713,-0.013470263184397896,-1.5795631907513443,-6.887622447290433,-5.183958976070173,-0.10934616842883504,-0.3546451687447367,-0.10478785634040833,-0.3680625155980249,0.3680625155980249,0.011021343999800592,pixhawk_fused,True,0.8,0.2,gyro,-1.0,0.0,0.0,0.26,-0.054479319587625856,0.031135049000113213,2,0.7635781682345432,0.01756744445103078,0.029278423460647924,0.7461171136938426,-0.013567054076388755,-1.5641297588910283,0.01451895643135059,0.014518956431350595,0.015433431860315983,0.5826268217299803,,,
23.3221073000459,4000.927054892,odom,navigating,2,4,,0.7606235452944852,-0.013517936584955162,-1.578900757709773,-6.887576240043789,-5.183975903477359,-0.10868373538726361,-0.35397375350527027,-0.10542929172515869,-0.36740226491284717,0.36740226491284717,0.002962733999993361,pixhawk_fused,True,0.8,0.2,gyro,-1.0,0.0,0.0,0.26,-0.05482433499130932,0.02996808099987902,2,0.763625759229548,0.017615035446035557,0.02935774002308519,0.7461174309600923,-0.013614644013851113,-1.5641297588910283,0.014506436688907503,0.014506436688907475,0.014770998818744552,0.5825789336346383,,,
23.32230190001428,4001.046230292,odom,navigating,2,4,,0.7597537404755869,-0.017164734422910305,-1.5696229146648457,-6.884035209459453,-5.18520748672452,-0.09940589234233643,-0.30667152937309355,-0.10542929172515869,-0.36740226491284717,0.36740226491284717,0.12223350099975505,pixhawk_fused,True,0.8,0.2,gyro,-1.0,0.053766898810863495,0.6394058465957642,0.26,-0.057330147433162025,0.049150590000408556,2,0.7672666774603154,0.021255953676802997,0.03542580223003569,0.7461417032089201,-0.017255481338021413,-1.5641297588910283,0.013612339753022824,0.013612339753022836,0.005493155773817371,0.5789174380936931,,,
23.659586200024933,4001.146347643,odom,navigating,2,4,,0.7582991206662648,-0.02527747954523478,-1.487072748915195,-6.876109522916425,-5.187469354322577,-0.016855726592685638,-0.24375953809104556,-0.19342364370822906,-0.2800508927304779,0.2800508927304779,0.02669015399987984,pixhawk_fused,True,0.8,0.2,gyro,-1.0,0.11270465701818466,0.6060259342193604,0.26,-0.059972439817558426,0.0492504380003993,2,0.7753695450555207,0.029358821272008315,0.04893028145917383,0.7461957211258367,-0.025358168875504298,-1.5641297588910283,0.012103668501873966,0.012103668501873928,-0.07705700997583342,0.5707828577997706,,,
23.65971310005989,4001.267357159,odom,navigating,2,4,,0.7563468448346282,-0.04193656717526836,-1.4324595394075836,-6.85973065522265,-5.191084499500539,0.037757482914925644,-0.1917728427322662,-0.24521420896053314,-0.22479705484700546,0.22479705484700546,0.0326643220000733,pixhawk_fused,True,0.8,0.2,gyro,-1.0,0.17098619043827057,0.28488829731941223,0.26,-0.42491812393684536,0.014661689000149636,2,0.7920152476129521,0.04600452382943967,0.07667250256794012,0.7463066900102717,-0.04200350154076407,-1.5641297588910283,0.010040377936429153,0.010040377936429118,-0.1316702194834447,0.5540997834622214,,,
23.659810400102288,4001.386186513,odom,navigating,2,4,,0.7544836568564717,-0.0624946857527313,-1.4336495543299341,-6.839463516348478,-5.195002508017884,0.03656746799257515,-0.19784584433487462,-0.24521420896053314,-0.22479705484700546,0.22479705484700546,0.1512445899998056,pixhawk_fused,True,0.8,0.2,gyro,-1.0,0.2029116451740265,-0.23632386326789856,0.26,-0.6482686242183197,0.03099036799994792,2,0.8125604883813942,0.06654976459788173,0.11091380960586382,0.7464436552384235,-0.06254828576351829,-1.5641297588910283,0.00804018028276567,0.008040180282765704,-0.13048020456109422,0.5335241545692974,,,
23.982945200055838,4001.503115549,odom,navigating,2,4,,0.7517756401586129,-0.08643222448479526,-1.4229038055561773,-6.815918865445083,-5.200100402565851,0.047313216766331934,-0.23570290532247043,-0.2655704915523529,-0.2022819878060852,0.2022819878060852,0.08743381100020997,pixhawk_fused,True,0.8,0.2,gyro,-1.0,0.22086912393569946,-0.3375716805458069,0.26,-0.5174500459800588,0.008839903999614762,2,0.8364794421424057,0.09046871835889327,0.1507778466832352,0.746603111386733,-0.08646670800994112,-1.5641297588910283,0.005172643715686583,0.005172643715686611,-0.141225953334851,0.5095708692041637,,,
23.983110600034706,4001.603391284,odom,navigating,2,4,,0.7486955330430942,-0.1071839668383311,-1.4835853380158672,-6.795581271957217,-5.2052486218378835,-0.013368315693357946,-0.2674869512371034,-0.19755089282989502,-0.2699440581102405,0.2699440581102405,0.003813653999714006,pixhawk_fused,True,0.8,0.2,gyro,-1.0,0.2212667018175125,-0.33817946910858154,0.26,-0.2991671361934925,0.008632613999907335,2,0.8572101897703427,0.11119946598683028,0.18532832494992177,0.7467413132997996,-0.10719699496995305,-1.5641297588910283,0.0019542631699174654,0.0019542631699174286,-0.08054442087516112,0.48881777372549723,,,
23.98322460008785,4001.707065056,odom,navigating,2,4,,0.744732339504735,-0.12904517371701046,-1.4894012085794686,-6.774228491535677,-5.211386865681558,-0.01918418625695928,-0.297363651804554,-0.19755089282989502,-0.2699440581102405,0.2699440581102405,0.10582736000014847,pixhawk_fused,True,0.8,0.2,gyro,-1.0,0.23391076922416687,-0.3660162687301636,0.26,-0.008320257890872233,0.009475349999775062,2,0.8790444901574821,0.13303376637396971,0.22171801694431698,0.7468868720677773,-0.12903081016659018,-1.5641297588910283,0.00215458044101164,-0.0021545804410116423,-0.07472855031155978,0.46698453725586064,,,
24.316568100010045,4001.826296157,odom,navigating,2,4,,0.738947149211114,-0.15706011684795437,-1.5023226918017867,-6.746936021181781,-5.219955793697658,-0.0321056694792774,-0.307510753735651,-0.18439890444278717,-0.2835342985887562,0.2835342985887562,0.10951940699987972,pixhawk_fused,True,0.8,0.2,gyro,-1.0,0.2558460831642151,0.03388383984565735,0.26,0.172315192338024,0.0294144489998871,2,0.9070202436766311,0.1610095198931187,0.26834323670508275,0.7470733729468203,-0.15700594202304965,-1.5641297588910283,0.008126404316449514,-0.008126404316449539,-0.06180706708924166,0.43907902082893097,,,
24.31672520004213,4001.926378935,odom,navigating,2,4,,0.7339540198689518,-0.18183799190236793,-1.529631722023023,-6.722784728604635,-5.227411630316899,-0.05941469970051383,-0.2858737977437244,-0.14800699055194855,-0.32271837139618736,0.32271837139618736,0.09539175800000521,pixhawk_fused,True,0.8,0.2,gyro,-1.0,0.2765692472457886,0.2378195822238922,0.26,0.44589965642049484,0.029506260999824008,2,0.9317642813407028,0.1857535575571904,0.3095823830632432,0.747238329532253,-0.18174942983794592,-1.5641297588910283,0.01328460486690259,-0.01328460486690256,-0.03449803686800523,0.4144727282099861,,,
24.31683130003512,4002.0441343,odom,navigating,2,4,,0.728890771643464,-0.21209941565827128,-1.5071127694555004,-6.693184640903531,-5.235487833534636,-0.03689574713299115,-0.23452797565180794,-0.16582995653152466,-0.3072542638976608,0.3072542638976608,0.11109777000001486,pixhawk_fused,True,0.8,0.2,gyro,-1.0,0.26379746198654175,0.5722002387046814,0.26,0.40826438846516117,0.04774725800007218,2,0.9619912784048537,0.21598055462134125,0.35995959202240074,0.7474398383680896,-0.21197575521344045,-1.5641297588910283,0.018549478921528383,-0.018549478921528403,-0.05701698943552791,0.38448050429082764,,,
24.655961100012064,4002.150988057,odom,navigating,2,4,,0.7259865226767018,-0.23720447221722268,-1.4317962423613875,-6.6684980762613115,-5.240898198869308,0.03842077996112181,-0.1858524312686577,-0.2461562156677246,-0.2254163775045906,0.2254163775045906,0.013033011000061379,pixhawk_fused,True,0.8,0.2,gyro,-1.0,0.26275238394737244,0.4835086464881897,0.26,0.45983478213642326,0.0038315980000334093,2,0.9870764158627213,0.2410656920792089,0.4017672254039832,0.7476070689016159,-0.2370603352423899,-1.5641297588910283,0.021621026676158537,-0.021621026676158592,-0.13233351652964087,0.3595982172509734,,,
24.656218000105582,4002.26726087,odom,navigating,2,4,,0.7241425532130767,-0.26671935068670116,-1.421540056811378,-6.639317513759927,-5.245696432560331,0.04867696551113121,-0.13375892141104967,-0.2461562156677246,-0.2254163775045906,0.2254163775045906,0.12963037000008626,pixhawk_fused,True,0.8,0.2,gyro,-1.0,0.24990566074848175,0.30477291345596313,0.26,0.3467200860476371,0.013576587999978074,2,1.0165783456112876,0.2705676218277753,0.4509360156906166,0.7478037440627625,-0.26656160941436996,-1.5641297588910283,0.023661716648084728,-0.023661716648084682,-0.14258970207965027,0.33029434383066,,,
24.656330000027083,4002.382621226,odom,navigating,2,4,,0.7237530623993494,-0.2972144655362074,-1.3769895240316568,-6.609015624906837,-5.249145963646364,0.09322749829085253,-0.08778419248035227,-0.2892630994319916,-0.18121638887119634,0.18121638887119634,0.06783137100001113,pixhawk_fused,True,0.8,0.2,gyro,-1.0,0.2748297154903412,0.3713659644126892,0.26,0.3085520811541251,0.029866953999771795,2,1.0470701862664387,0.3010594624829263,0.5017546208260795,0.7480070184833043,-0.29705277249564765,-1.5641297588910283,0.024254495054768233,-0.02425449505476824,-0.1871402348593716,0.2999361554368306,,,
24.981218100059777,4002.484423809,odom,navigating,2,4,,0.7243964546694184,-0.3226305347689059,-1.3116684558751002,-6.58366340141446,-5.251057845663411,0.1585485664474091,-0.0600284583051551,-0.36326584219932556,-0.10667996718478544,0.10667996718478544,0.06546664000006785,pixhawk_fused,True,0.8,0.2,gyro,-1.0,0.2696792483329773,0.16879433393478394,0.2511330792723953,-0.15345546697881055,0.03632546199969511,2,1.072489979902911,0.32647925611939865,0.5441200021110763,0.7481764800084443,-0.3224720012666457,-1.5641297588910283,0.023780553778161954,-0.02378055377816198,-0.2524613030159282,0.2745658501238446,,,
24.981646900065243,4002.60369539,odom,navigating,2,4,,0.7256296214782951,-0.35167623076354504,-1.3123276312475798,-6.55464067554765,-5.25274738389958,0.1578893910749295,-0.0633853907299932,-0.36326584219932556,-0.10667996718478544,0.10667996718478544,0.18481236800016632,pixhawk_fused,True,0.8,0.2,gyro,-1.0,0.24700774252414703,-0.13527853786945343,0.22514454585645508,-0.11060269936024174,0.009365204000005178,2,1.1015432513885277,0.3555325276050152,0.5925410452425454,0.7483701641809701,-0.3515246271455272,-1.5641297588910283,0.02274104804245357,-0.022741048042453624,-0.25180212764344856,0.2455361878892797,,,
24.9818276000442,4002.707426827,odom,navigating,2,4,,0.7262567669193678,-0.3726985073098608,-1.3104526880914233,-6.533661670576678,-5.254234250747008,0.15976433423108594,-0.08369484087985449,-0.3817944824695587,-0.09939912154269559,0.09939912154269559,0.0938594680001188,pixhawk_fused,True,0.8,0.2,gyro,-1.0,0.21097522974014282,-0.20290766656398773,0.20148010354787102,0.0028212016338806357,0.009820303000196873,2,1.1225692416654136,0.3765585178819012,0.6275835836562651,0.7485103343346251,-0.37255015019375903,-1.5641297588910283,0.022254061933483057,-0.02225406193348301,-0.253677070799605,0.22456023190842472,,,
25.31647720001638,4002.826532672,odom,navigating,2,4,,0.7264376195498836,-0.39453372531592923,-1.3323925055767718,-6.511918644794875,-5.256246782212188,0.13782451674573748,-0.10264625888406144,-0.3570784330368042,-0.12206557977688653,0.12206557977688653,0.1080676130000029,pixhawk_fused,True,0.8,0.2,gyro,-1.0,0.17573712766170502,-0.13587646186351776,0.18188650515025237,0.208088667702234,0.029852917999960482,2,1.1444051801180002,0.39839445633448783,0.6639760056990719,0.7486559040227962,-0.3943856034194431,-1.5641297588910283,0.02221877820708171,-0.02221877820708175,-0.23173725331425654,0.20283945771854517,,,
25.316654900088906,4002.926730557,odom,navigating,2,4,,0.7263812467887629,-0.4117128223398198,-1.3465627454373783,-6.494832028481724,-5.258027819946661,0.12365427688513098,-0.10127296413205476,-0.33996015787124634,-0.1400232322562967,0.1400232322562967,0.09260389099972599,pixhawk_fused,True,0.8,0.2,gyro,-1.0,0.1808786243200302,0.13585586845874786,0.17274928132704187,0.19191642263833822,0.03007978200002981,2,1.1615835195868478,0.41557279580333534,0.6926059352668963,0.7487704237410676,-0.41156356116013776,-1.5641297588910283,0.022389674484042228,-0.0223896744840422,-0.21756701345365004,0.18579453531578405,,,
25.317113000084646,4003.043240196,odom,navigating,2,4,,0.7264560467293354,-0.43061542668578356,-1.3467022823534063,-6.476017444143116,-5.259851404947845,0.123514739969103,-0.08845558293107075,-0.3382470905780792,-0.1433296481382583,0.1433296481382583,0.034615618999850994,pixhawk_fused,True,0.8,0.2,gyro,-1.0,0.15367288887500763,0.06732948869466782,0.15537187477464984,0.20662763728045236,0.04859001199974955,2,1.1804862025441278,0.43447547876061543,0.7241097067863301,0.7488964388271453,-0.43046582407179806,-1.5641297588910283,0.02244089076764914,-0.022440890767649168,-0.21742747653762207,0.16705201233728573,,,
25.62061540002469,4003.145460267,odom,navigating,2,4,,0.7266897259837705,-0.445474421725045,-1.3340523784886902,-6.4612100803327,-5.261110895541989,0.1361646438338191,-0.08097877849002844,-0.3513886332511902,-0.12941433055070384,0.12941433055070384,0.0913782950001405,pixhawk_fused,True,0.8,0.2,gyro,-1.0,0.14599649608135223,-0.033666402101516724,0.13968642167163367,0.13438927991008617,0.05068915799984097,2,1.195346425221584,0.4493357014380716,0.7488761942218181,0.7489955047768873,-0.44532571653309083,-1.5641297588910283,0.022306274471582496,-0.022306274471582514,-0.23007738040233816,0.1523197905385945,,,
25.621164500014856,4003.246191063,odom,navigating,2,4,,0.7269835080105201,-0.4592476906650289,-1.327054574476358,-6.447476920632363,-5.262201569561765,0.1431624478461513,-0.0775608066013264,-0.35698091983795166,-0.12154164128122075,0.12154164128122075,0.0319236750001437,pixhawk_fused,True,0.8,0.2,gyro,-1.0,0.135700523853302,-0.0336981862783432,0.13201048513344912,0.11348731570516726,0.0496643720002794,2,1.2091213466024502,0.4631106228189377,0.7718338863579937,0.7490873355454319,-0.45910033181479615,-1.5641297588910283,0.02210431872562163,-0.02210431872562166,-0.23707518441467035,0.13867571168719275,,,
25.62134930002503,4003.346349931,odom,navigating,2,4,,0.7273173147681646,-0.4720324427985927,-1.3195639923242504,-6.434723263061364,-5.263153164344119,0.1506530299982589,-0.07145729291775947,-0.3644939661026001,-0.11371224653092368,0.11371224653092368,0.03099427500001184,pixhawk_fused,True,0.8,0.2,gyro,-1.0,0.12035912275314331,0.03365971893072128,0.11768212519840036,0.06026260712341331,0.04965687200001412,2,1.2219080399688138,0.4758973161853014,0.7931445684031494,0.7491725782736126,-0.4718867410418896,-1.5641297588910283,0.021855749172574077,-0.021855749172574063,-0.24456576656677798,0.1260256301226489,,,
25.96109220001381,4003.46704788,odom,navigating,2,4,,0.727671971528078,-0.48446792563165875,-1.3197810930883824,-6.422315016096459,-5.264048944432507,0.15043592923412685,-0.07548561275324328,-0.3650563955307007,-0.11299891462666138,0.11299891462666138,0.032663006000348105,pixhawk_fused,True,0.8,0.2,gyro,-1.0,0.10563551634550095,-0.03386535868048668,0.1053782540793384,0.020460826503711553,0.012486396999975113,2,1.2343456107928876,0.4883348870093751,0.8138733924745222,0.7492554935698981,-0.48432403548471326,-1.5641297588910283,0.021584001670314018,-0.02158400167031404,-0.24434866580264591,0.11374508546899138,,,
25.961366900010034,4003.586147152,odom,navigating,2,4,,0.7279186663319569,-0.4953734426142554,-1.3209718688853014,-6.411439843225624,-5.264898517274253,0.1492451534372079,-0.08155861230479337,-0.3650563955307007,-0.11299891462666138,0.11299891462666138,0.1518768670002828,pixhawk_fused,True,0.8,0.2,gyro,-1.0,0.09246145188808441,-0.06751766800880432,0.09546396007676536,0.007004555515124737,0.03641958900016107,2,1.2452525300342199,0.4992418062507075,0.8320511872635691,0.7493282047490543,-0.4952307123581414,-1.5641297588910283,0.021410014179331555,-0.02141001417933157,-0.24315789000572696,0.10302081997278995,,,
25.961483500082977,4003.686225725,odom,navigating,2,4,,0.7280620080960853,-0.5041613367474314,-1.330293699697401,-6.402681968745528,-5.2656382907180355,0.1399233226251082,-0.08831825440772738,-0.3539557158946991,-0.12294550557923659,0.12294550557923659,0.06761639499973171,pixhawk_fused,True,0.8,0.2,gyro,-1.0,0.08734214305877686,-0.06753116101026535,0.08621716331370964,0.01488999164911747,0.03200170999980401,2,1.2540411844778947,0.5080304606943822,0.8466986191748233,0.7493867944766993,-0.504019171504894,-1.5641297588910283,0.021325260259490497,-0.02132526025949048,-0.23383605919362727,0.09442253733508184,,,
26.28216390009038,4003.787744666,odom,navigating,2,4,,0.7281325875506844,-0.511430886792006,-1.3372648954733672,-6.395442070942282,-5.266298002100801,0.13295212684914204,-0.09629860184180443,-0.3473662734031677,-0.12967058939975842,0.12967058939975842,0.05447212699982629,pixhawk_fused,True,0.8,0.2,gyro,-1.0,0.0641462504863739,-0.15613743662834167,0.08183286569040392,0.01216678034882703,0.033652145999894856,2,1.2613110435015389,0.5153003197180264,0.8588147816358338,0.7494352591265433,-0.5112888689815003,-1.5641297588910283,0.02130314496330074,-0.02130314496330078,-0.2268648634176611,0.08735055029028142,,,
26.282293900032528,4003.905472864,odom,navigating,2,4,,0.7281613966594092,-0.5196716565987727,-1.3380544062689772,-6.387240055914378,-5.267096792720989,0.13216261605353208,-0.10032691858844478,-0.3473662734031677,-0.12967058939975842,0.12967058939975842,0.17288352800005669,pixhawk_fused,True,0.8,0.2,gyro,-1.0,0.07461318373680115,-0.033817920833826065,0.07106967354261354,0.06322438301282012,0.009537792000173795,2,1.2695518222426485,0.5235410984591361,0.8725491076671626,0.7494901964306686,-0.5195294646002976,-1.5641297588910283,0.02132927373932145,-0.021329273739321492,-0.22607535262205114,0.07939106122381376,,,
26.28239140007645,4004.008893456,odom,navigating,2,4,,0.7281608651525735,-0.5261864591683736,-1.3443875821781721,-6.380758231454575,-5.267751471631349,0.12582944014433717,-0.10170020752992887,-0.3401096761226654,-0.13721304608625515,0.13721304608625515,0.09606546199984223,pixhawk_fused,True,0.8,0.2,gyro,-1.0,0.061721071600914,0.0,0.06437625705146857,0.12467584589552001,0.010028390000115905,2,1.2760664765003846,0.5300557527168721,0.8834066234879406,0.7495336264939517,-0.5260439740927644,-1.5641297588910283,0.021373236286353143,-0.021373236286353185,-0.21974217671285623,0.07314969784170842,,,
26.61844910006039,4004.12674728,odom,navigating,2,4,,0.7281474451408938,-0.5338948792123119,-1.350086609227214,-6.37309011599927,-5.268538824814248,0.12013041309529537,-0.10305824483173298,-0.33477985858917236,-0.14397153259650958,0.14397153259650958,0.06551143399974535,pixhawk_fused,True,0.8,0.2,gyro,-1.0,0.06459782272577286,0.03394181281328201,0.06127636119760052,0.1589289391188779,0.03001350500016997,2,1.283774635787053,0.5377639120035405,0.8962532701545229,0.7495850130806181,-0.5337519620927137,-1.5641297588910283,0.02143804432482984,-0.02143804432482984,-0.21404314966381444,0.0658375286741807,,,
26.618598300032318,4004.227187288,odom,navigating,2,4,,0.7281463806901177,-0.5393245571733323,-1.3509112089931574,-6.367687985619446,-5.269085076819119,0.11930581332935186,-0.09899940596265014,-0.3321180045604706,-0.14598915447131885,0.14598915447131885,0.011132175000057032,pixhawk_fused,True,0.8,0.2,gyro,-1.0,0.05577605217695236,1.986580537050031e-05,0.05,0.2019028968612775,0.03012487300020439,2,1.289204185996404,0.5431934622128917,0.9053023194156922,0.7496212092776627,-0.5391813916494153,-1.5641297588910283,0.02147530580065576,-0.021475305800655792,-0.21321854989787092,0.060742789667088376,,,
26.618720600032248,4004.344460572,odom,navigating,2,4,,0.7281793599184293,-0.5450961252877609,-1.33828590725366,-6.361942274623493,-5.269631786321481,0.13193111506884936,-0.08479347258423266,-0.3456631898880005,-0.13375026217312705,0.13375026217312705,0.025824990999808506,pixhawk_fused,True,0.8,0.2,gyro,-1.0,0.043539244681596756,0.16830533742904663,0.05,0.28530611608550294,0.04981742299969483,2,1.2949758457146747,0.5489651219311624,0.9149215385214274,0.7496596861540857,-0.5449529231128565,-1.5641297588910283,0.02148080357093578,-0.021480803570935753,-0.22584385163736842,0.055383614853932985,,,
26.92159990000073,4004.446203081,odom,navigating,2,4,,0.7282833244981567,-0.5497348868994367,-1.3214496993513616,-6.357316517486772,-5.269994124334762,0.1487673229711477,-0.06587257595445925,-0.3615790009498596,-0.11742388136894595,0.11742388136894595,0.011272595999798796,pixhawk_fused,True,0.8,0.2,gyro,-1.0,0.04867761209607124,0.30307328701019287,0.05,0.30984912980646495,0.04979646000037974,2,1.299615197327992,0.5536044735444795,0.922653619388179,0.7496906144775527,-0.5495921716329074,-1.5641297588910283,0.02140776569166547,-0.021407765691665488,-0.24268005953966676,0.05110846001456384,,,
26.921745000057854,4004.546204509,odom,navigating,2,4,,0.7285182073300187,-0.5544680344583381,-1.314253795534731,-6.352583705937035,-5.270235683010283,0.1559632267877782,-0.02934303287929178,-0.3615790009498596,-0.11742388136894595,0.11742388136894595,0.11125844999969559,pixhawk_fused,True,0.8,0.2,gyro,-1.0,0.053925082087516785,0.37127333879470825,0.05,0.38472679752803884,0.04975601699970866,2,1.3043498055600917,0.5583390817765794,0.9305444577583301,0.7497221778310333,-0.554326674654998,-1.5641297588910283,0.02120444169512367,-0.02120444169512365,-0.24987596335629725,0.04675865244069644,,,
26.92185150005389,4004.647379663,odom,navigating,2,4,,0.729005026952632,-0.560066430556849,-1.2482408291364273,-6.346964721746232,-5.27031345758384,0.22197619318608197,0.009841537775580892,-0.42949405312538147,-0.04482797630340945,0.04482797630340945,0.022346882999954687,pixhawk_fused,True,0.8,0.2,gyro,-1.0,0.06622626632452011,0.39567360281944275,0.05,0.5229803750329266,0.05071476800003438,2,1.3099513226459791,0.5639405988624666,0.9398801121114614,0.7497595204484458,-0.5599280672668768,-1.5641297588910283,0.02075495470165594,-0.020754954701655937,-0.31588892975460103,0.0416174279141018,,,
27.251764700049534,4004.763539811,odom,navigating,2,4,,0.729864103156066,-0.5667335887552856,-1.2394322847398838,-6.3402449985908405,-5.270128171099776,0.23078473758262552,0.05451927151691846,-0.42949405312538147,-0.04482797630340945,0.04482797630340945,0.1395097810000152,pixhawk_fused,True,0.8,0.2,gyro,-1.0,0.04895355924963951,0.3725121021270752,0.05,0.6168453156820521,0.013739991999955237,2,1.3166240597377064,0.5706133359541938,0.9510010934675004,0.74980400437387,-0.5666006560805003,-1.5641297588910283,0.019940344321796605,-0.01994034432179665,-0.3246974741511446,0.035524317992810195,,,
27.25216450006701,4004.865230524,odom,navigating,2,4,,0.7307704188681805,-0.5718367253417513,-1.200209851004628,-6.3350766494291815,-5.269738840734496,0.2700071713178813,0.10797081220715345,-0.4643591642379761,-0.009115131722997535,0.009115131722997535,0.06260505099999136,pixhawk_fused,True,0.8,0.2,gyro,-1.0,0.05412225425243378,0.5758839249610901,0.05,0.8290595915426535,0.015026548000150797,2,1.3217331248953996,0.5757224011118872,0.9595160128453278,0.7498380640513813,-0.5717096077071967,-1.5641297588910283,0.01906806890394137,-0.01906806890394137,-0.3639199078864004,0.030881072402285336,,,
27.252385600004345,,mission_status,reached,2,4,reached waypoint 2/4,0.7307704188681805,-0.5718367253417513,-1.200209851004628,,,,,,,,,,,,,,,,,,,,,,,,,,,,,,,,,
27.252467400045134,,mission_status,turning,3,4,aligning for waypoint 3/4,0.7307704188681805,-0.5718367253417513,-1.200209851004628,,,,,,,,,,,,,,,,,,,,,,,,,,,,,,,preturn,3.0201769059674173,
27.252661400008947,4004.967343097,odom,turning,3,4,,0.7320027102328315,-0.5770260582471388,-1.1559089897702863,-6.329789808417218,-5.269033837100069,0.31430803255222295,0.1688686399963983,-0.5059541463851929,0.03108246211497892,-0.03108246211497892,0.05428228099981425,pixhawk_fused,True,0.8,0.2,gyro,-1.0,0.04393869638442993,0.44164276123046875,0.0,-1.55,0.029033736000201316,3,1.3661869328435121,0.02016287587481126,0.026544350108683654,0.7299855600180525,-0.593557919790001,3.0201769059674173,0.01665446910175615,-0.01665446910175617,-2.107099411441883,0.73961665385062,preturn,3.0201769059674173,-2.107099411441883
27.5828147000866,4005.068601989,odom,turning,3,4,,0.7332112757325826,-0.5814062008749405,-1.1138727348009647,-6.325310450477783,-5.2682711887817115,0.35634428752154457,0.14721641371093205,-0.5668104290962219,0.08880402980535139,-0.08880402980535139,0.043538595999962126,pixhawk_fused,True,0.8,0.2,gyro,-1.0,0.04205656424164772,-0.5527939200401306,0.0,-1.55,0.031735494999793445,3,1.3644567520149462,0.01843269504624555,0.024266573567780836,0.7317030035298933,-0.5937674752317641,3.0201769059674173,0.012452951006169935,-0.012452951006169976,-2.1491356664112047,0.7412639104942002,preturn,3.0201769059674173,-2.1491356664112047
27.582945100031793,4005.18614658,odom,turning,3,4,,0.7344144359511038,-0.5868991968559021,-1.107387935181802,-6.319724406106369,-5.2676256598211815,0.3628290871407074,0.07015953327230064,-0.592725932598114,0.11555379268317331,-0.11555379268317331,0.07197542199992313,pixhawk_fused,True,0.8,0.2,gyro,-1.0,0.051219191402196884,-0.6732280254364014,0.0,-1.55,0.010000094000133686,3,1.3625971504881715,0.01657309351947081,0.02181841516538659,0.7335489149652985,-0.5939927058047844,3.0201769059674173,0.007146117532250801,-0.007146117532250848,-2.155620466030367,0.7430532659643859,preturn,3.0201769059674173,-2.155620466030367
27.583043300081044,4005.307812873,odom,turning,3,4,,0.7352429631745651,-0.5929629336879129,-1.2118206658690809,-6.313608122142288,-5.2674101785026775,0.2583963564534284,-0.013733291501386776,-0.48009800910949707,0.006177556602049952,-0.006177556602049952,0.08559750900030849,pixhawk_fused,True,0.8,0.2,gyro,-1.0,0.048670344054698944,-0.6397258639335632,0.0,-1.55,0.0118994310000744,3,1.3610402971752626,0.015016240206561945,0.019768823645689562,0.7350943069711501,-0.5941812682245965,3.0201769059674173,0.00122737024165077,-0.0012273702416508133,-2.0511877353430883,0.7445767671459211,preturn,3.0201769059674173,-2.0511877353430883
27.938663900014944,4005.42721632,odom,turning,3,4,,0.7355600916037477,-0.5990304593849914,-1.2802391188564597,-6.307539417917323,-5.267703891892231,0.1899779034660496,-0.09696998989084994,-0.41598793864250183,-0.05867166558117759,0.05867166558117759,0.09099943399996846,pixhawk_fused,True,0.8,0.2,gyro,-1.0,0.05427176505327225,-0.7133512496948242,0.0,-1.55,0.03246991999958482,3,1.359990618921409,0.01396656195270826,0.018386926180032286,0.7361362576602557,-0.594308402791437,3.0201769059674173,0.0047570774428636955,0.004757077442863726,-1.9827692823557097,0.7456406086740892,preturn,3.0201769059674173,-1.9827692823557097
27.93926580005791,4005.546269333,odom,turning,3,4,,0.7353455058549024,-0.6054882348236139,-1.3513616270040165,-6.30113582552857,-5.268565817166248,0.11885539531849276,-0.18551673682885345,-0.34892594814300537,-0.1256160743555535,0.1256160743555535,0.007816524999725516,pixhawk_fused,True,0.8,0.2,gyro,-1.0,0.05633830651640892,-0.7405139803886414,0.0,-1.55,0.011824710999917443,3,1.3594214743172721,0.013397417348571292,0.01763764945341447,0.7367012123121255,-0.5943773362502859,3.0201769059674173,0.011193301885723407,0.011193301885723445,-1.9116467742081529,0.7462785263126995,preturn,3.0201769059674173,-1.9116467742081529
27.939567300025374,4005.664476294,odom,turning,3,4,,0.7345665441941036,-0.611862261656361,-1.4825548384651568,-6.29487222737222,-5.269980856907508,-0.012337816142647506,-0.2735141642152372,-0.2085324227809906,-0.2672039015612115,0.2672039015612115,0.03238121799995497,pixhawk_fused,True,0.8,0.2,gyro,-1.0,0.054288122802972794,-0.713566243648529,0.0,-1.55,0.00420217999999295,3,1.3594226942137886,0.013398637245087806,0.01763925544258148,0.7367000013962935,-0.5943771884992824,3.0201769059674173,0.017614750152697776,0.017614750152697752,-1.7804535627470122,0.746401237735071,preturn,3.0201769059674173,-1.7804535627470122
28.280864700092934,4005.783415365,odom,turning,3,4,,0.7332075300609994,-0.618234130874664,-1.499810532094662,-6.288669018884751,-5.271972800985569,-0.029593509772152693,-0.36277809311852843,-0.2085324227809906,-0.2672039015612115,0.2672039015612115,0.15118781099999978,pixhawk_fused,True,0.8,0.2,gyro,-1.0,0.056873273104429245,-0.7475456595420837,0.0,-1.55,0.029410171000108676,3,1.3599999576535469,0.01397590068484617,0.018399220585700357,0.7361269876783819,-0.5943072717061155,3.0201769059674173,0.02410431128348708,0.024104311283487067,-1.7631978691175068,0.7460056159542829,preturn,3.0201769059674173,-1.7631978691175068
28.281011400045827,4005.888381562,odom,turning,3,4,,0.731560928372615,-0.6236836530042964,-1.5714261655852035,-6.283412372707229,-5.2741582665025435,-0.10120914326269426,-0.4407962835075909,-0.13752442598342896,-0.33730343738407986,0.33730343738407986,0.07932718200027011,pixhawk_fused,True,0.8,0.2,gyro,-1.0,0.05988966301083565,-0.787193238735199,0.0,-1.55,0.030635322000307497,3,1.360974403989556,0.014950347020855266,0.01968207551501443,0.7351597150616791,-0.5941892490526186,3.0201769059674173,0.029713147428337708,0.029713147428337666,-1.6915822356269654,0.7452342290480464,preturn,3.0201769059674173,-1.6915822356269654
28.281170000089332,4006.006889886,odom,turning,3,4,,0.7292287557823082,-0.6295844743857727,-1.7064023237832968,-6.277775546114256,-5.277071153031027,-0.23618530146078753,-0.5277560998188724,0.009090635925531387,-0.4837243321260919,0.4837243321260919,0.08966354500034868,pixhawk_fused,True,0.8,0.2,gyro,-1.0,0.05378015339374542,-0.7068895101547241,0.0,-1.55,0.011844154999835155,3,1.3625747138569648,0.01655065688826397,0.021788877424951565,0.7335711864215865,-0.5939954232769045,3.0201769059674173,0.03585299517037005,0.035852995170370085,-1.5566060774288726,0.7439058196524763,preturn,3.0201769059674173,-1.5566060774288726
28.70093540009111,4006.107556164,odom,turning,3,4,,0.7268105132002102,-0.6345003079933247,-1.720828436944216,-6.2731273716004505,-5.279970772132257,-0.25061141462170666,-0.6028293446365633,0.009090635925531387,-0.4837243321260919,0.4837243321260919,0.19018290200028787,pixhawk_fused,True,0.8,0.2,gyro,-1.0,0.05888741835951805,-0.7740196585655212,0.0,-1.55,0.011142470000322646,3,1.3643797594902618,0.018355702521561084,0.02416521319916749,0.7317794292478277,-0.5937768003856766,3.0201769059674173,0.04102553105760415,0.04102553105760418,-1.5421799642679535,0.7423707541318605,preturn,3.0201769059674173,-1.5421799642679535
28.701086900080554,4006.207743641,odom,turning,3,4,,0.7239218175725853,-0.6393928071597753,-1.8039697396616692,-6.268549651700338,-5.2833361236798515,-0.3337527173391599,-0.6806796918870374,0.09245924651622772,-0.5681129528007021,0.5681129528007021,0.09150310600034572,pixhawk_fused,True,0.8,0.2,gyro,-1.0,0.05944647639989853,-0.7813679575920105,0.0,-1.55,0.03257973100016898,3,1.366654620981161,0.02063056401246017,0.027160059779492065,0.7295213149262629,-0.5935012745002867,3.0201769059674173,0.046231884457057934,0.046231884457057906,-1.4590386615504993,0.7404062295313164,preturn,3.0201769059674173,-1.4590386615504993
28.70119190006517,4006.309181214,odom,turning,3,4,,0.7207419151576537,-0.6439376413598404,-1.9263627457589518,-6.26434707974327,-5.28695630133022,-0.45614572343644255,-0.7566684934847312,0.22792619466781616,-0.701538410397481,0.701538410397481,0.0764172439999129,pixhawk_fused,True,0.8,0.2,gyro,-1.0,0.05735255405306816,-0.7538453340530396,0.0,-1.55,0.010361177000049793,3,1.3692606538060734,0.023236596837372604,0.03059089217308012,0.7269344673014976,-0.5931856379200766,3.0201769059674173,0.05112840262715064,0.05112840262715065,-1.336645655453217,0.738128299861033,preturn,3.0201769059674173,-1.336645655453217
28.70128450007178,4006.427163144,odom,turning,3,4,,0.7163926010816738,-0.6491559565950651,-2.002813926487276,-6.25959185081645,-5.291807604730259,-0.5325969041647667,-0.8511203694415992,0.29967910051345825,-0.7736908435544482,0.7736908435544482,0.09257250200016642,pixhawk_fused,True,0.8,0.2,gyro,-1.0,0.05426903814077377,-0.7812501788139343,0.0,-1.55,0.030098243999873375,3,1.3729459188264115,0.026921861857710755,0.03544252968503583,0.723276332617483,-0.5927392872689767,3.0201769059674173,0.05683508016802909,0.05683508016802913,-1.2601944747248925,0.7348712481981099,preturn,3.0201769059674173,-1.2601944747248925
29.03927280008793,4006.545601507,odom,turning,3,4,,0.7111974352247454,-0.6542807645524832,-2.0847551860118814,-6.255014588413829,-5.297491096067366,-0.6145381636893721,-0.9511417319908597,0.3775192201137543,-0.8513385559639445,0.8513385559639445,0.03644399399991016,pixhawk_fused,True,0.8,0.2,gyro,-1.0,0.05891673266887665,-0.7744050025939941,0.0,-1.55,0.010805849999997008,3,1.377482133983157,0.031458077014456395,0.04141443984490536,0.7187735123569413,-0.5921898715342687,3.0201769059674173,0.06255138639960217,0.06255138639960221,-1.1782532152002876,0.7308157630665425,preturn,3.0201769059674173,-1.1782532152002876
29.03940510004759,4006.666732054,odom,turning,3,4,,0.7057462822048474,-0.658691554137018,-2.2329940704318725,-6.251173439475058,-5.30335758640108,-0.7627770481093632,-1.048599680166109,0.5361173748970032,-1.0116971503219119,1.0116971503219119,0.030489103000036266,pixhawk_fused,True,0.8,0.2,gyro,-1.0,0.04912276193499565,-0.7136379480361938,0.0,-1.55,0.02895836799962126,3,1.3823589319957432,0.0363348750270425,0.047834726051057985,0.7139326165575023,-0.5915992052033027,3.0201769059674173,0.06758993531271403,0.06758993531271405,-1.030014330780297,0.7264084677541478,preturn,3.0201769059674173,-1.030014330780297
29.039501800085418,4006.76849808,odom,turning,3,4,,0.7014167694697642,-0.6616092240801404,-2.2501433830736355,-6.248705240508327,-5.307958181175767,-0.7799263607511262,-1.137848297610821,0.5361173748970032,-1.0116971503219119,1.0116971503219119,0.13236179299974538,pixhawk_fused,True,0.8,0.2,gyro,-1.0,0.039158109575510025,-1.132282018661499,0.0,-1.55,0.011828080999748636,3,1.3863031902083995,0.0402791332396987,0.053027327124726846,0.7100173953479559,-0.5911214859045251,3.0201769059674173,0.07101050625513614,0.0710105062551361,-1.012865018138534,0.7228094397310416,preturn,3.0201769059674173,-1.012865018138534
29.35965700005181,4006.882993495,odom,turning,3,4,,0.6958316381076013,-0.6645648653362349,-2.330937266919547,-6.24632533855746,-5.313811861579718,-0.8607202445970377,-1.2407382419892734,0.6132708787918091,-1.0873178197464457,1.0873178197464457,0.07000428999981523,pixhawk_fused,True,0.8,0.2,gyro,-1.0,0.054290853440761566,-0.7815642952919006,0.0,-1.55,0.027353744999800256,3,1.3914892243867165,0.045465167418015824,0.059854721577758355,0.7048695399303702,-0.5904933656148462,3.0201769059674173,0.0746208465533171,0.07462084655331712,-0.932071134292622,0.7180149007345265,preturn,3.0201769059674173,-0.932071134292622
29.35981380008161,4006.98346063,odom,turning,3,4,,0.6916513942343503,-0.6663326319900003,-2.4819111777880076,-6.244986243399792,-5.318148480301802,-1.0116941554654983,-1.3327335149161608,0.7768650054931641,-1.2521891553124895,1.2521891553124895,0.06460057000003872,pixhawk_fused,True,0.8,0.2,gyro,-1.0,0.03869945555925369,-1.1190695762634277,0.0,-1.55,0.002537503999974433,3,1.39542458621916,0.04940052925045939,0.06503561060040185,0.700963149607297,-0.590016723824763,3.0201769059674173,0.07688190051768054,0.07688190051768054,-0.7810972234241618,0.7143407770168215,preturn,3.0201769059674173,-0.7810972234241618
29.359924699994735,4007.086162575,odom,turning,3,4,,0.6885369965230862,-0.6672755123061882,-2.505469892886578,-6.244360844328889,-5.321341812792586,-1.035252870564069,-1.457046904013289,0.7768650054931641,-1.2521891553124895,1.2521891553124895,0.16654353500007346,pixhawk_fused,True,0.8,0.2,gyro,-1.0,0.028260573744773865,-1.2494518756866455,0.0,-1.55,0.011751676000130828,3,1.3984018567773966,0.05237779980869576,0.06895517607096208,0.6980077972424946,-0.5896561238014715,3.0201769059674173,0.07819504804086316,0.07819504804086316,-0.7575385083255908,0.7115239872780575,preturn,3.0201769059674173,-0.7575385083255908
29.697795500047505,4007.18616452,odom,turning,3,4,,0.6859641764561349,-0.6677117323017516,-2.707248658500216,-6.244185165292146,-5.323945431016805,-1.2370316361777067,-1.584884978919066,0.9961082935333252,-1.4711733208617677,1.4711733208617677,0.06690626500039798,pixhawk_fused,True,0.8,0.2,gyro,-1.0,0.028178971260786057,-1.2458440065383911,0.0,-1.1753091382090068,0.009168803000193293,3,1.400902902209064,0.05487884524036321,0.07224779295697097,0.6955251641104438,-0.5893532030479587,3.0201769059674173,0.07893967058294182,0.07893967058294188,-0.5557597427119525,0.7091206498798586,preturn,3.0201769059674173,-0.5557597427119525
29.697962900041603,4007.30723005,odom,turning,3,4,,0.683996681160132,-0.6677580907493245,-2.8357519569618725,-6.244336596961839,-5.3259076377579175,-1.3655349346393633,-1.717499124002373,1.1202878952026367,-1.5987076183280458,1.5987076183280458,0.07063988399977461,pixhawk_fused,True,0.8,0.2,gyro,-1.0,0.025610871613025665,-0.8752400875091553,0.0,-0.889465308845289,0.01101191799989465,3,1.4028502982905071,0.056826241321806296,0.07481153255974664,0.693592104449951,-0.5891173390045032,3.0201769059674173,0.07922398616013589,0.07922398616013585,-0.42725644425029685,0.7072171841614289,preturn,3.0201769059674173,-0.42725644425029685
29.698062000097707,4007.424501259,odom,turning,3,4,,0.6824713250634153,-0.6676292393142682,-2.9416824014781673,-6.244617957919121,-5.327412347007515,-1.471465379155658,-1.82232713126371,1.2251930236816406,-1.704897792430829,1.704897792430829,0.012167867999778537,pixhawk_fused,True,0.8,0.2,gyro,-1.0,0.020485635846853256,-0.6731610298156738,0.0,-0.8442156487511635,0.010886051999932533,3,1.4043800311411143,0.058355974172413505,0.07682542009302257,0.6920736332498609,-0.5889320613514419,3.0201769059674173,0.07928083085980007,0.07928083085980012,-0.3213259997340021,0.705703484540701,preturn,3.0201769059674173,-0.3213259997340021
30.01940920006018,4007.545497106,odom,turning,3,4,,0.6810722387054365,-0.6673391224600277,-3.0272048957669093,-6.245047090566163,-5.328775232034742,-1.5569878734444,-1.9110416010691804,1.3089189529418945,-1.7896685434302797,1.7896685434302797,0.011250670999743306,pixhawk_fused,True,0.8,0.2,gyro,-1.0,0.025854473933577538,-0.5437190532684326,0.0,-0.6167138589955677,0.003467497000201547,3,1.4058039559198965,0.05977989895119583,0.07870001169846148,0.6906601911793601,-0.5887595989237415,3.0201769059674173,0.07916230385626714,0.07916230385626714,-0.23580350544525963,0.7042752595192384,preturn,3.0201769059674173,-0.23580350544525963
30.019550900091417,4007.645828486,odom,turning,3,4,,0.6805495058551186,-0.6671941533951506,-3.1269948496876703,-6.245243814487515,-5.329280766762867,-1.656777827365161,-1.967163517435713,1.4240195751190186,-1.8998122567853442,1.8998122567853442,0.04685548499992365,pixhawk_fused,True,0.8,0.2,gyro,-1.0,-0.007753497455269098,-0.5095621943473816,0.0,-0.25,0.02888890700023694,3,1.4063403988068555,0.06031634183815475,0.07940623673764548,0.6901276974998153,-0.5886946262201366,3.0201769059674173,0.07908171420678303,0.07908171420678302,-0.13601355152449912,0.7037331580001379,preturn,3.0201769059674173,-0.13601355152449912
30.019657500088215,4007.745868855,odom,turning,3,4,,0.6797522123646277,-0.6669348081487503,3.1298445031015767,-6.245581905133745,-5.330047990056141,-1.6831237817555005,-1.9975895174054208,1.4476025104522705,-1.925184699984502,1.925184699984502,0.02827364499989926,pixhawk_fused,True,0.8,0.2,gyro,-1.0,0.015407166443765163,-0.2025126963853836,0.0,-0.25,0.01999874400007684,3,1.4071632340368212,0.061139177068120464,0.08048949621717513,0.6893109198522499,-0.5885949663480199,3.0201769059674173,0.07892084453550526,0.07892084453550528,-0.10966759713415941,0.7028974602457979,preturn,3.0201769059674173,-0.10966759713415941
30.342553900089115,4007.846039832,odom,turning,3,4,,0.6790062713209494,-0.666678557205859,3.080322393604737,-6.245911760825129,-5.330764431127855,-1.7326458912523401,-2.0097659501277545,1.5020997524261475,-1.9836610716602316,1.9836610716602316,0.025480815999799233,pixhawk_fused,True,0.8,0.2,gyro,-1.0,0.002563383663073182,-0.03369326516985893,0.0,-0.25,0.011299855000288517,3,1.4079347200937598,0.061910663125058996,0.08150515470391548,0.6885451133532478,-0.5885015257672398,3.0201769059674173,0.07875682670011533,0.07875682670011537,-0.06014548763731975,0.7021124408798965,preturn,3.0201769059674173,-0.06014548763731975
30.342732000048272,4007.967083122,odom,turning,3,4,,0.679052537415135,-0.6666950398211594,3.07964430095827,-6.2458907159405195,-5.330720053871178,-1.7333239838988073,-2.0090946765377518,1.5021944046020508,-1.9846644557102135,1.9846644557102135,0.03340848500010907,pixhawk_fused,True,0.8,0.2,gyro,-1.0,0.0,0.0,0.0,0.0,0.00832256600006076,3,1.4078867982675325,0.06186274129883183,0.081442065800273,0.6885926823865942,-0.5885073299463749,3.0201769059674173,0.07876758433226154,0.07876758433226157,-0.05946739499085263,0.7021612669833499,preturn,3.0201769059674173,-0.05946739499085263
30.342918100068346,4008.067202433,odom,turning,3,4,,0.679052537415135,-0.6666950398211594,3.07964430095827,-6.2458907159405195,-5.330720053871178,-1.7333239838988073,-2.0090946765377518,1.5021944046020508,-1.9846644557102135,1.9846644557102135,0.13334448700015855,pixhawk_fused,True,0.8,0.2,gyro,-1.0,0.0,0.0,0.0,0.0,0.025036567999904946,3,1.4078867982675325,0.06186274129883183,0.081442065800273,0.6885926823865942,-0.5885073299463749,3.0201769059674173,0.07876758433226154,0.07876758433226157,-0.05946739499085263,0.7021612669833499,preturn,3.0201769059674173,-0.05946739499085263
30.67879580007866,,mission_status,navigating,3,4,going to waypoint 3/4,0.679052537415135,-0.6666950398211594,3.07964430095827,,,,,,,,,,,,,,,,,,,,,,,,,,,,,,,,,
30.67888700007461,4008.168227738,odom,navigating,3,4,,0.679052537415135,-0.6666950398211594,3.0804969397636093,-6.2458907159405195,-5.330720053871178,-1.732471345093468,-2.0090946765377518,1.5018565654754639,-1.9836062578225993,1.9836062578225993,0.041150476000439085,pixhawk_fused,True,0.8,0.2,gyro,-1.0,0.0,0.0,0.19001660002174206,-0.7222222222222223,0.026933608000035747,3,1.4078867982675325,0.06186274129883183,0.081442065800273,0.6885926823865942,-0.5885073299463749,3.0201769059674173,0.07876758433226154,0.07876758433226157,-0.060320033796191996,0.7021612669833499,,,
30.678993900073692,4008.284309702,odom,navigating,3,4,,0.679052537415135,-0.6666950398211594,3.0806482934940274,-6.2458907159405195,-5.330720053871178,-1.7323199913630498,-2.0090946765377518,1.5016512870788574,-1.9834184197551823,1.9834184197551823,0.04751676299974861,pixhawk_fused,True,0.8,0.2,gyro,-1.0,0.0,0.0,0.18892405127210385,-0.7222222222222223,0.003895632999956433,3,1.4078867982675325,0.06186274129883183,0.081442065800273,0.6885926823865942,-0.5885073299463749,3.0201769059674173,0.07876758433226154,0.07876758433226157,-0.060471387526610076,0.7021612669833499,,,
30.679083200055175,4008.405678519,odom,navigating,3,4,,0.679052537415135,-0.6666950398211594,3.0806482934940274,-6.2458907159405195,-5.330720053871178,-1.7323199913630498,-2.0090946765377518,1.5016512870788574,-1.9834184197551823,1.9834184197551823,0.1680347339997752,pixhawk_fused,True,0.8,0.2,gyro,-1.0,0.0,0.0,0.18892405127210385,-0.7222222222222223,0.02501745800009303,3,1.4078867982675325,0.06186274129883183,0.081442065800273,0.6885926823865942,-0.5885073299463749,3.0201769059674173,0.07876758433226154,0.07876758433226157,-0.060471387526610076,0.7021612669833499,,,
31.001355300075375,4008.505999548,odom,navigating,3,4,,0.679052537415135,-0.6666950398211594,3.080788540850155,-6.2458907159405195,-5.330720053871178,-1.7321797440069222,-2.0090946765377518,1.501485824584961,-1.983244366610541,1.983244366610541,0.08941114400022343,pixhawk_fused,True,0.8,0.2,gyro,-1.0,0.0,0.0,0.18877244793159453,-0.7222222222222223,0.022600338999836822,3,1.4078867982675325,0.06186274129883183,0.081442065800273,0.6885926823865942,-0.5885073299463749,3.0201769059674173,0.07876758433226154,0.07876758433226157,-0.060611634882737686,0.7021612669833499,,,
31.00171050010249,4008.608488849,odom,navigating,3,4,,0.6788661074822672,-0.6666292471716648,3.080450928837543,-6.245974895478958,-5.33089893539036,-1.7325173560195344,-2.011795425316366,1.5012507438659668,-1.9830125499746083,1.9830125499746083,0.0423105919999216,pixhawk_fused,True,0.8,0.2,gyro,-1.0,0.005169258452951908,-0.06794503331184387,0.1889754507938788,-0.7222222222222222,0.02350848100013536,3,1.4080798243841284,0.06205576741542757,0.08169618395538389,0.6884010772976406,-0.5884839510761046,3.0201769059674173,0.07872485599378927,0.07872485599378924,-0.06027402287012551,0.7019646663355683,,,
31.00205010001082,4008.726895971,odom,navigating,3,4,,0.6748548005459412,-0.6651000590250533,3.036379453727445,-6.247899129928276,-5.3347364243492,-1.776588831129632,-2.0706181218343347,1.5496125221252441,-2.023537859518665,2.023537859518665,0.01190991200019198,pixhawk_fused,True,0.8,0.2,gyro,-1.0,0.05634111538529396,-0.7405509352684021,0.1958873759790224,-0.7222222222222222,0.0433797659998163,3,1.4122468123950713,0.06622275542637063,0.08718200796917652,0.6842647659912409,-0.5879792552668357,3.0201769059674173,0.07769276557051658,0.07769276557051655,-0.01620254776002783,0.697708441429617,,,
31.340975600061938,4008.844138124,odom,navigating,3,4,,0.6654867341916473,-0.6605607337070722,2.9490177956987846,-6.253356160007082,-5.343601353242311,-1.8639504891582925,-2.171341366094164,1.6333720684051514,-2.1077002559496343,2.1077002559496343,0.010331307999877026,pixhawk_fused,True,0.8,0.2,gyro,-1.0,0.13575460016727448,-0.6454526782035828,0.26,-0.5987420134278204,0.012819387000035931,3,1.4220957049614729,0.07607164799277213,0.10014803791890067,0.6744883794091489,-0.5867863805114611,3.0201769059674173,0.07432149625816573,0.07432149625816577,0.07115911026863264,0.6875490895910591,,,
31.341208600089885,4008.966910273,odom,navigating,3,4,,0.6470396776913496,-0.6497400750055821,2.9387646601939315,-6.265974398320593,-5.36086868106461,-1.8742036246631457,-2.224792864531572,1.6333720684051514,-2.1077002559496343,2.1077002559496343,0.13276672499978304,pixhawk_fused,True,0.8,0.2,gyro,-1.0,0.20159626007080078,-0.13595326244831085,0.26,0.10817630182237542,0.034868334000293544,3,1.4417175299481115,0.09569347297941068,0.12598009657216688,0.6550110071845862,-0.5844098311153606,3.0201769059674173,0.06581476172292627,0.06581476172292625,0.08141224577348583,0.6671527796472777,,,
31.34159010008443,4009.06720745,odom,navigating,3,4,,0.6280235412580999,-0.6380691604103862,2.882877814277811,-6.279495736682358,-5.378616838750494,-1.930090470579266,-2.2112430205530313,1.7028676271438599,-2.1801342422409236,2.1801342422409236,0.013217987000189169,pixhawk_fused,True,0.8,0.2,gyro,-1.0,0.22761888802051544,0.20398883521556854,0.26,0.2466424711441445,0.03190821199996208,3,1.4620072263900952,0.11598316942139436,0.15269140547963042,0.6348706802683587,-0.581952390695874,3.0201769059674173,0.05653295636898357,0.056532956368983596,0.1372990916896062,0.6460869109319387,,,
31.662913700100034,4009.167682473,odom,navigating,3,4,,0.6078316856461621,-0.6263440063808061,2.8909120576306044,-6.293189094100931,-5.397529327552286,-1.9220562272264727,-2.1699833103943167,1.7028676271438599,-2.1801342422409236,2.1801342422409236,0.11388152400013496,pixhawk_fused,True,0.8,0.2,gyro,-1.0,0.24812442064285278,0.543560266494751,0.24206546227118694,0.7222222222222223,0.034031449999929464,3,1.4834705559057393,0.13744649893703847,0.18094779790592333,0.6135653603789338,-0.579352802592655,3.0201769059674173,0.04733971123064414,0.04733971123064409,0.12926484833681284,0.6239439617929889,,,
31.663065800094046,4009.286968644,odom,navigating,3,4,,0.5851064186130066,-0.6148896979375463,2.9216182710250225,-6.306867354102286,-5.418989619884333,-1.8913500138320547,-2.090225675580925,1.682686686515808,-2.161403391276139,2.161403391276139,0.08464746000026935,pixhawk_fused,True,0.8,0.2,gyro,-1.0,0.19469106197357178,0.6060861945152283,0.16716963499364498,0.7222222222222222,0.004109331000108796,3,1.5074158420878794,0.16139178511917873,0.21247167693081,0.5897963555941692,-0.5764526057223655,3.0201769059674173,0.03872215860260886,0.03872215860260886,0.09855863494239481,0.5994521645300176,,,
31.663225800031796,4009.387539591,odom,navigating,3,4,,0.5693411872944145,-0.6083078578704121,2.9730458421309764,-6.314998914516496,-5.4340142950032195,-1.8399224427261007,-2.032059134251426,1.6320643424987793,-2.1116304169638336,2.1116304169638336,0.07431631899999047,pixhawk_fused,True,0.8,0.2,gyro,-1.0,0.15617190301418304,0.5720729827880859,0.11749558239313555,0.7222222222222223,0.004297455000141781,3,1.5238621892984512,0.1778381323297505,0.23412323105815375,0.5734710837821521,-0.5744606627426498,3.0201769059674173,0.03409822081892601,0.034098220818926016,0.047131063836440834,0.5827523026652773,,,
32.01710300007835,4009.507315638,odom,navigating,3,4,,0.5556285166259849,-0.6034110385734993,3.074280591607752,-6.321247872753118,-5.447165975391838,-1.7386876932493252,-1.9840396109062923,1.5212563276290894,-1.9973911834700289,1.9973911834700289,0.0691327959998489,pixhawk_fused,True,0.8,0.2,gyro,-1.0,0.10564079880714417,0.4402715861797333,0.15891754292416885,0.7222222222222223,0.02344698300021264,3,1.5380670007232058,0.1920429437545051,0.2528238117703308,0.5593708459251705,-0.5727402093171295,3.0201769059674173,0.03089829762069313,0.030898297620693137,-0.05410368564033474,0.5683895065984786,,,
32.01723190001212,4009.624099544,odom,navigating,3,4,,0.5413548421260225,-0.5992840186135007,-3.135129887836151,-6.326787252380397,-5.460953119796174,-1.6649128655136416,-1.9076083907952213,1.451546311378479,-1.924261957649726,1.924261957649726,0.009394352000072104,pixhawk_fused,True,0.8,0.2,gyro,-1.0,0.13854695856571198,0.6744701266288757,0.15788252570358519,0.7222222222222222,0.04097003600008975,3,1.5527354496690933,0.20671139270039254,0.272134769531937,0.5448103837729195,-0.5709636012030618,3.0201769059674173,0.028530454086378117,0.02853045408637812,-0.12787851337601808,0.5536162461790991,,,
32.01733630010858,4009.743238515,odom,navigating,3,4,,0.5211726933886535,-0.5953187497644465,-3.041009866542083,-6.33275896713716,-5.480635119378697,-1.5707928442195735,-1.809585942504674,1.3552334308624268,-1.831091094438571,1.831091094438571,0.021576330999778293,pixhawk_fused,True,0.8,0.2,gyro,-1.0,0.21355515718460083,0.9131772518157959,0.26,0.4554820476994154,0.013160525999865058,3,1.5732492846875952,0.22722522771889445,0.29914115603075714,0.5244475683528091,-0.5684790136451703,3.0201769059674173,0.02703879141128975,0.027038791411289703,-0.22199853467008612,0.5330529729207354,,,
32.337532600038685,4009.843363567,odom,navigating,3,4,,0.49795874567968773,-0.5928687797486833,-2.9642578028996245,-6.337527463491234,-5.503485746587461,-1.4940407805771152,-1.7412265651683987,1.2771036624908447,-1.7522988085193816,1.7522988085193816,0.007726545999958034,pixhawk_fused,True,0.8,0.2,gyro,-1.0,0.2547139823436737,0.43963316082954407,0.26,-0.3992147782796521,0.01350523900009648,3,1.5965890696159768,0.25056501264727593,0.329867894936803,0.5012796072176505,-0.5656521536658141,3.0201769059674173,0.027418476556676858,0.027418476556676872,-0.29875059831254447,0.509764889315011,,,
32.33767750009429,4009.943602948,odom,navigating,3,4,,0.4727875607946803,-0.5912320345922367,-2.9651728367345935,-6.341683370704168,-5.5283653751711,-1.4949558144120842,-1.7459110990628284,1.2771036624908447,-1.7522988085193816,1.7522988085193816,0.10807148000003508,pixhawk_fused,True,0.8,0.2,gyro,-1.0,0.25985974073410034,-0.43963316082954407,0.22867995276573277,-0.7222222222222222,0.01240295400020841,3,1.6217731869642966,0.27574912999559575,0.3630226905236321,0.47628089134518137,-0.5626019124718258,3.0201769059674173,0.02884245570274327,0.028842455702743224,-0.297835564477575,0.4847017701511334,,,
32.33777960005682,4010.063752188,odom,navigating,3,4,,0.444520948960617,-0.5884252153937909,-3.001103765603174,-6.347314249829751,-5.556207300012308,-1.5308867432806645,-1.8129276013851165,1.3066070079803467,-1.7807166681928814,1.7807166681928814,0.005405499000062264,pixhawk_fused,True,0.8,0.2,gyro,-1.0,0.24037052690982819,-0.577532947063446,0.21372719868006987,-0.7222222222222223,0.032424902000002476,3,1.650171659841807,0.3041476028731062,0.4004091730518667,0.4480914835188925,-0.5591623560792283,3.0201769059674173,0.029479885554318633,0.029479885554318647,-0.26190463560899513,0.45639747879542497,,,
32.66230690001976,4010.167126353,odom,navigating,3,4,,0.42472126599583127,-0.585042106985816,-3.014794063135412,-6.352668342972966,-5.575567221360803,-1.544577040812903,-1.8839725394102047,1.3066070079803467,-1.7807166681928814,1.7807166681928814,0.10790511400000469,pixhawk_fused,True,0.8,0.2,gyro,-1.0,0.1783573478460312,-0.713494598865509,0.22887629511862387,-0.7222222222222223,0.03557740699989154,3,1.6702353348335808,0.3242112778648799,0.42682292557185375,0.42817551411882226,-0.5567322908473894,3.0201769059674173,0.02851977419066828,0.028519774190668243,-0.24821433807675675,0.43631381713368733,,,
32.662527200067416,4010.286589982,odom,navigating,3,4,,0.4018774596006007,-0.5792385507687628,-3.0715632301376004,-6.360736311235856,-5.597712844935141,-1.601346207815091,-1.96638528824757,1.3572880029678345,-1.831446159128684,1.831446159128684,0.07247023999980229,pixhawk_fused,True,0.8,0.2,gyro,-1.0,0.2278643697500229,-0.7067704796791077,0.26,-0.5593774156190824,0.004045110999868484,3,1.6936138818607303,0.3475898248920294,0.45760069463485903,0.4049690762453163,-0.5539007360935929,3.0201769059674173,0.025525731056938204,0.025525731056938165,-0.1914451710745686,0.4127921410754097,,,
32.662683300091885,4010.387415384,odom,navigating,3,4,,0.38047150161825727,-0.5720998694546189,3.091384744583613,-6.36998828300679,-5.618293827088493,-1.721583540273464,-2.0279240201348308,1.490085482597351,-1.9655843558950605,1.9655843558950605,0.0688263229999393,pixhawk_fused,True,0.8,0.2,gyro,-1.0,0.2509865164756775,-0.5386092066764832,0.26,-0.022492262496009618,0.003928224999981467,3,1.7157268729054977,0.36970281593679694,0.4867123640160995,0.383018877531861,-0.5512224625105189,3.0201769059674173,0.021032242979643505,0.02103224297964354,-0.07120783861619584,0.39045605101769615,,,
33.00238930003252,4010.50429601,odom,navigating,3,4,,0.3535185783398911,-0.5615380144444981,3.041866402923869,-6.383203098049238,-5.644050020865878,-1.771101881933208,-2.052276909046922,1.5449137687683105,-2.0211402419252575,2.0211402419252575,0.06651157099986449,pixhawk_fused,True,0.8,0.2,gyro,-1.0,0.25328096747398376,0.06794153153896332,0.26,0.256956732077693,0.02324028500015629,3,1.7437606001328783,0.39773654316417745,0.5236186602704225,0.35519153015610144,-0.5478270832551211,3.0201769059674173,0.013812617487615949,0.01381261748761591,-0.021689496956451837,0.3621189817786305,,,
33.00269550003577,4010.624118888,odom,navigating,3,4,,0.3243832683650649,-0.5501461735857369,3.046604838599028,-6.39746283736231,-5.671894233194543,-1.7663634462580493,-2.0279087369139597,1.5449137687683105,-2.0211402419252575,2.0211402419252575,0.18586224000000584,pixhawk_fused,True,0.8,0.2,gyro,-1.0,0.27455562353134155,0.30354180932044983,0.26,0.30215355356497026,0.04306953400009661,3,1.774061173610418,0.4280371166417171,0.56350925107084,0.3251140246925866,-0.5441571489014827,3.0201769059674173,0.006033441926365025,0.006033441926365021,-0.026427932631610584,0.33160977108451917,,,
33.00286170002073,4010.728278458,odom,navigating,3,4,,0.2991138961053571,-0.5411166735209285,3.0662879062094097,-6.408983996691165,-5.696129247812636,-1.7466803786476675,-1.9968112922155306,1.5407414436340332,-2.0042234155094505,2.0042234155094505,0.10090184499995303,pixhawk_fused,True,0.8,0.2,gyro,-1.0,0.26906540989875793,0.20467354357242584,0.26,0.28456705233554147,0.04704685000024256,3,1.8002381486195844,0.4542140916508837,0.597971140026752,0.29912976041982897,-0.5409866551175389,3.0201769059674173,0.00013098267707471815,0.00013098267707475805,-0.04611100024199244,0.30537793218474124,,,
33.33938700007275,4010.843421002,odom,navigating,3,4,,0.27001266306661215,-0.5317528843609209,3.0967318216772775,-6.421222512086717,-5.724143191710653,-1.7162364631797997,-1.9596103792357151,1.5127431154251099,-1.97542064301728,1.97542064301728,0.042138429999795335,pixhawk_fused,True,0.8,0.2,gyro,-1.0,0.2752969563007355,0.371997207403183,0.25645994862632143,0.37792895333251375,0.013123119000283623,3,1.8302592631674888,0.484235206198788,0.6374938241993999,0.26932965655365243,-0.5373505681736552,3.0201769059674173,0.005639198698759681,-0.005639198698759652,-0.07655491570986017,0.275414527778052,,,
33.33953850006219,4010.963869362,odom,navigating,3,4,,0.23983788782367876,-0.5233609814121275,3.1271756344905297,-6.432601847193202,-5.753322839217055,-1.6857926503665475,-1.9203342722749246,1.4846727848052979,-1.94712592081784,1.94712592081784,0.0531935130002239,pixhawk_fused,True,0.8,0.2,gyro,-1.0,0.2662508487701416,0.30587899684906006,0.2298231540511188,0.29686516304663,0.033517482000206655,3,1.861228304095028,0.5152042471263273,0.6782644498787316,0.2385886047914364,-0.5335996706111567,3.0201769059674173,0.010314623822949863,-0.0103146238229499,-0.10699872852311243,0.24460532115952363,,,
33.33964110002853,4011.064536565,odom,navigating,3,4,,0.21672191012275677,-0.5177173212300613,-3.1250484836201515,-6.440538056178536,-5.775755313718573,-1.6548314612976422,-1.8986667529064432,1.4510585069656372,-1.913903498724687,1.913903498724687,0.036211982000168064,pixhawk_fused,True,0.8,0.2,gyro,-1.0,0.24037688970565796,0.16994617879390717,0.20347482352448767,0.33021116317725324,0.03473959700022533,3,1.8848576525133711,0.5388335955446705,0.7093723980281392,0.21513321188678303,-0.5307377393814112,3.0201769059674173,0.013116983301086736,-0.013116983301086701,-0.13795991759201698,0.22114774814581994,,,
33.67829810001422,4011.183516743,odom,navigating,3,4,,0.19410315084600166,-0.5126447004909015,-3.097876714943462,-6.44785618605283,-5.797750420618202,-1.6276596926209528,-1.8824619532571685,1.4216587543487549,-1.884069703579533,1.884069703579533,0.07244777799996882,pixhawk_fused,True,0.8,0.2,gyro,-1.0,0.18184621632099152,0.16832369565963745,0.16513575607023265,0.5026759964344203,0.0036411029996088473,3,1.9079242799934168,0.561900223024716,0.7397395261827999,0.19223639725816888,-0.5279439635911825,3.0201769059674173,0.015412729166805762,-0.015412729166805712,-0.16513168626870645,0.19829167713671464,,,
33.67845710006077,4011.285369617,odom,navigating,3,4,,0.17785831623968687,-0.5092886274616129,-3.0751239768624345,-6.452826438800663,-5.8135761738447345,-1.6049069545399253,-1.860809634913486,1.398961067199707,-1.8610502487426877,1.8610502487426877,0.06743174999974144,pixhawk_fused,True,0.8,0.2,gyro,-1.0,0.16389772295951843,0.20201700925827026,0.1594984642529459,0.4528805781437349,0.004369917000076384,3,1.924456002394649,0.5784319454259484,0.7615034764269261,0.1758263787740978,-0.5259416801687228,3.0201769059674173,0.01677655907299962,-0.016776559072999648,-0.1878844243497344,0.18193519935944688,,,
33.678572900011204,4011.403430247,odom,navigating,3,4,,0.16116792704847635,-0.5063564125257796,-3.0477681213832963,-6.457419713615487,-5.829887789407256,-1.577551099060787,-1.8195347355798097,1.373623251914978,-1.8370732746577143,1.8370732746577143,0.0736562629999753,pixhawk_fused,True,0.8,0.2,gyro,-1.0,0.14735348522663116,0.4417315125465393,0.14786252661576343,0.30032883409291344,0.0237296420000348,3,1.9413786625810043,0.5953546056123036,0.7837820947919809,0.15902830052684636,-0.5238920472791377,3.0201769059674173,0.017665686736021487,-0.017665686736021497,-0.21524027982887262,0.16518473538884415,,,
33.98233650007751,4011.503516299,odom,navigating,3,4,,0.14810856773895018,-0.5045751650911636,-3.0420705930789884,-6.460503246708307,-5.842702294144628,-1.5718535707564791,-1.790466722193447,1.373623251914978,-1.8370732746577143,1.8370732746577143,0.17380455500006065,pixhawk_fused,True,0.8,0.2,gyro,-1.0,0.13960504531860352,0.2718484401702881,0.14096622933363762,0.24919315285486193,0.023012236000340636,3,1.9545576214687266,0.6085335645000258,0.8011321445049128,0.14594636304329578,-0.522295842705548,3.0201769059674173,0.01785210195632022,-0.017852101956320286,-0.22093780813318098,0.15210965516520275,,,
33.98252630000934,4011.604213927,odom,navigating,3,4,,0.1356459115947682,-0.5031843233930592,-2.9831191380875404,-6.4631384322594405,-5.854962311922282,-1.512902115765031,-1.770157207001076,1.3012545108795166,-1.7687177153086542,1.7687177153086542,0.014831756999683421,pixhawk_fused,True,0.8,0.2,gyro,-1.0,0.1214531734585762,0.23775985836982727,0.12733466842086366,0.07283635417256841,0.023771917999965808,3,1.9670969849984805,0.6210729280297798,0.8176401693392898,0.13349931231817547,-0.5207771044207853,3.0201769059674173,0.01772325683230336,-0.017723256832303403,-0.2798892631246286,0.1396482937721078,,,
33.982662499998696,4011.708339719,odom,navigating,3,4,,0.12434431323402682,-0.502094285536214,-2.97653901327622,-6.465357752590786,-5.866097343368297,-1.5063219909537107,-1.7660983525468459,1.294842004776001,-1.761526969835746,1.761526969835746,0.071055613000226,pixhawk_fused,True,0.8,0.2,gyro,-1.0,0.11113348603248596,-0.03397082909941673,0.11498716218234538,-0.08501745821672886,0.023454944999684813,3,1.9784474056126045,0.6324233486439038,0.8325829553055775,0.12223245169959462,-0.5194023681118869,3.0201769059674173,0.01743644693126797,-0.01743644693126795,-0.28646938793594856,0.12835846090979539,,,
34.3178774000844,4011.826611102,odom,navigating,3,4,,0.11226909138117921,-0.5008928752429056,-2.9744754387494137,-6.467765561888637,-5.877990905655246,-1.5042584164269044,-1.7769169654606505,1.2912176847457886,-1.7563495771778999,1.7563495771778999,0.011895671000274888,pixhawk_fused,True,0.8,0.2,gyro,-1.0,0.11269904673099518,-0.06733286380767822,0.10955074259077564,-0.10511618306274897,0.04376771700026438,3,1.9905792435935883,0.6445551866248876,0.8485544742906922,0.11018992638481806,-0.5179329883652564,3.0201769059674173,0.017166490098578804,-0.017166490098578756,-0.28853296246275484,0.11631060069856552,,,
34.31802530004643,4011.927303841,odom,navigating,3,4,,0.10167268785515574,-0.49970545941727074,-2.9987473410745205,-6.470010959576999,-5.888414528501953,-1.5285303187520112,-1.7945101923614388,1.3174970149993896,-1.7822345303489147,1.7822345303489147,0.009163042999716708,pixhawk_fused,True,0.8,0.2,gyro,-1.0,0.10500239580869675,-0.2356700450181961,0.09897903884449338,-0.14086764104920055,0.0442812960000083,3,2.001241455096536,0.6552173981278352,0.8625912355555196,0.0996062083911382,-0.5166416063288922,3.0201769059674173,0.017061752828687684,-0.017061752828687642,-0.26426106013764894,0.1057599169692842,,,
34.31813610007521,4012.042968777,odom,navigating,3,4,,0.08988041509274512,-0.49813200739558644,-3.0033393653617235,-6.472760519501011,-5.899989215037316,-1.5331223430392142,-1.818146225196238,1.3174970149993896,-1.7822345303489147,1.7822345303489147,0.1262409219998517,pixhawk_fused,True,0.8,0.2,gyro,-1.0,0.1078663095831871,-0.1350286602973938,0.08327855680528562,-0.11166648618998094,0.013276188999952865,3,2.0131374878344652,0.6671134308657645,0.8782523178267466,0.08779775235863307,-0.5152007867599393,3.0201769059674173,0.017195368942044164,-0.01719536894204418,-0.259669035850445,0.09406362567534583,,,
34.64615030004643,4012.143518686,odom,navigating,3,4,,0.081689482880378,-0.49685035408082345,-3.0252949340071993,-6.4748581454996135,-5.9080100610585795,-1.55507791168469,-1.8384556584208398,1.3400238752365112,-1.8045860986603675,1.8045860986603675,0.03372864299990397,pixhawk_fused,True,0.8,0.2,gyro,-1.0,0.07461319863796234,-0.23672553896903992,0.07863654780577113,-0.11162890215383726,0.012395491000006587,3,2.021423350545419,0.675399293576718,0.8891606248617964,0.07957288885420555,-0.5141972225127147,3.0201769059674173,0.01747552044046112,-0.017475520440461145,-0.23771346720496922,0.085987236919651,,,
34.64649400010239,4012.246088466,odom,navigating,3,4,,0.07385773355901872,-0.49547819316560315,-3.0556937708246728,-6.477009756202215,-5.915664451589139,-1.5854767485021635,-1.8539737211891394,1.3737963438034058,-1.8385726953936992,1.8385726953936992,0.022028873000181193,pixhawk_fused,True,0.8,0.2,gyro,-1.0,0.08491522073745728,-0.03379426524043083,0.070339653311547,-0.02720279833003593,0.012285031999908824,3,2.0293636366809893,0.6833395797122886,0.8996139816376034,0.07169105784524699,-0.5132355136893405,3.0201769059674173,0.017889016625611147,-0.01788901662561112,-0.2073146303874962,0.07832271615993615,,,
34.646979800076224,4012.366538789,odom,navigating,3,4,,0.06600413498077298,-0.49395787569150046,-3.059647405106454,-6.479310968584542,-5.923325704582071,-1.5894303827839449,-1.8743290105118195,1.3737963438034058,-1.8385726953936992,1.8385726953936992,0.1423266080000758,pixhawk_fused,True,0.8,0.2,gyro,-1.0,0.04652800410985947,-0.33975934982299805,0.0668098165138272,0.050240888663717606,0.03080585300040184,3,2.037343555597419,0.6913194986287184,0.9101195148200618,0.06376988582567333,-0.5122690046365543,3.0201769059674173,0.018446932333844927,-0.018446932333844895,-0.20336099610571523,0.07072074076983104,,,
35.06068650004454,4012.466913592,odom,navigating,3,4,,0.06044144407728084,-0.49281194489759855,-3.071883383626927,-6.481009656770542,-5.928745219866573,-1.6016663613044175,-1.8776401815843715,1.3876407146453857,-1.8529578576876102,1.8529578576876102,0.06495811400009188,pixhawk_fused,True,0.8,0.2,gyro,-1.0,0.041347842663526535,-0.13586962223052979,0.05997100445387476,0.11790502863267438,0.03379488100017625,3,2.0430040873017514,0.6969800303330507,0.9175715834780257,0.05815102605756861,-0.5115834143200216,3.0201769059674173,0.018910686898734992,-0.018910686898735,-0.19112501758524214,0.06540544542879961,,,
35.06084280007053,4012.567621645,odom,navigating,3,4,,0.05541724201760455,-0.4917666296903577,-3.080305337014243,-6.482554168301901,-5.933639070533323,-1.6100883146917335,-1.873596517392226,1.398317575454712,-1.864390195455986,1.864390195455986,0.05245877400011523,pixhawk_fused,True,0.8,0.2,gyro,-1.0,0.043937526643276215,0.033957164734601974,0.05,0.18070246641647547,0.03232810800000152,3,2.0481179081079484,0.7020938511392478,0.9243039092987856,0.053074852388715676,-0.5109640403445117,3.0201769059674173,0.019339787098046114,-0.01933978709804614,-0.18270306419792615,0.06066353103893169,,,
35.06096200004686,4012.667674068,odom,navigating,3,4,,0.05062727691607354,-0.4907960770957403,-3.0778997638952204,-6.484000775370076,-5.938307374936755,-1.607682741572711,-1.8661655311205212,1.3987541198730469,-1.8632009598208843,1.8632009598208843,0.0285525639997104,pixhawk_fused,True,0.8,0.2,gyro,-1.0,0.05674782395362854,0.06780879199504852,0.05,0.23290786068696306,0.03256589700004042,3,2.052990161299123,0.7069661043304218,0.9307182122646757,0.04823846795243458,-0.5103739244716499,3.0201769059674173,0.019723045305914875,-0.019723045305914844,-0.18510863731694904,0.056200382234705616,,,
35.06105570006184,4012.786643042,odom,navigating,3,4,,0.044471550289634024,-0.4896378034211791,-3.0730111636560435,-6.485771290662243,-5.944315689492838,-1.6027941413335343,-1.8411410886837292,1.3987541198730469,-1.8632009598208843,1.8632009598208843,0.1474469289996705,pixhawk_fused,True,0.8,0.2,gyro,-1.0,0.04865657910704613,0.2356080263853073,0.05,0.3879100082040836,0.0041226270000152,3,2.0592408578322496,0.713216800863549,0.9389472306958083,0.04203378805536051,-0.5096168547759856,3.0201769059674173,0.020127224790041157,-0.02012722479004117,-0.18999723755612585,0.050554563375121896,,,
35.40303899999708,4012.887619606,odom,navigating,3,4,,0.040279707981507824,-0.48896692848788137,-3.0569254128374075,-6.486859677194561,-5.948418984494248,-1.5867083905148982,-1.8086246257123495,1.3863205909729004,-1.851121069934803,1.851121069934803,0.07211376800023572,pixhawk_fused,True,0.8,0.2,gyro,-1.0,0.03858698159456253,0.3719448745250702,0.05,0.495069408732253,0.0058402269996804534,3,2.063483095260028,0.7174590382913274,0.9445321202832996,0.03782278130639216,-0.5091030449339364,3.0201769059674173,0.02028545474511193,-0.020285454745111935,-0.2060829883747619,0.04676201212540025,,,
35.40328590001445,4013.006523897,odom,navigating,3,4,,0.03541792898336877,-0.4884193018435583,-2.9982158601413214,-6.487892706530404,-5.953201205773069,-1.527998837818812,-1.7469943479761325,1.3259730339050293,-1.7931250934271392,1.7931250934271392,0.08337693800012858,pixhawk_fused,True,0.8,0.2,gyro,-1.0,0.043947529047727585,0.5776488780975342,0.05,0.4548103491951726,0.023845305000122607,3,2.0683754098666736,0.7223513528979726,0.9509728340270591,0.0329664831435974,-0.5085104992695105,3.0201769059674173,0.020240202585792504,-0.02024020258579254,-0.2647925410708476,0.04238550790517968,,,
35.40358200005721,4013.128551398,odom,navigating,3,4,,0.030639103063629238,-0.48818333924934854,-2.9024020729266775,-6.4886073176121535,-5.957932187332839,-1.4321850506041682,-1.6827853951479375,1.2230370044708252,-1.6896141699819145,1.6896141699819145,0.009543161999772565,pixhawk_fused,True,0.8,0.2,gyro,-1.0,0.040977392345666885,0.5386092662811279,0.05,0.5952763465538848,0.045374691000233724,3,2.073147634063948,0.7271235770952474,0.9572554491994238,0.028229391303634443,-0.507932498673653,3.0201769059674173,0.01989562787983456,-0.019895627879834597,-0.3606063282854919,0.03807931483566803,,,
35.74431000009645,4013.247404801,odom,navigating,3,4,,0.025088893092143138,-0.48829559956775903,-2.8396119694580504,-6.48905292016889,-5.9634656194927285,-1.369394947135541,-1.6080326638709779,1.1621227264404297,-1.6297310073046265,1.6297310073046265,0.009080101000108698,pixhawk_fused,True,0.8,0.2,gyro,-1.0,0.050195589661598206,0.5969269871711731,0.05,0.5560016125455638,0.013216950000241923,3,2.078643387563973,0.7326193305952722,0.9644905879723568,0.022774096668843002,-0.5072668659065431,3.0201769059674173,0.019111965596934444,-0.01911196559693448,-0.423396431754119,0.033057403017513386,,,
35.744604800012894,4013.363602371,odom,navigating,3,4,,0.019159886345772616,-0.4888553290012519,-2.825160924223036,-6.489091349958177,-5.969420864339796,-1.354943901900527,-1.5345614981204336,1.1621227264404297,-1.6297310073046265,1.6297310073046265,0.12609801799999332,pixhawk_fused,True,0.8,0.2,gyro,-1.0,0.04651229456067085,0.5434153079986572,0.05,0.0,0.03240447600001062,3,2.084460952787982,0.7384368958192808,0.9721493906672196,0.01699935943691644,-0.5065622560586158,3.0201769059674173,0.017838249419118976,-0.017838249419118962,-0.4378474769891323,0.027672032726372434,,,
35.74487360008061,,mission_status,reached,3,4,reached waypoint 3/4,0.019159886345772616,-0.4888553290012519,-2.825160924223036,,,,,,,,,,,,,,,,,,,,,,,,,,,,,,,,,
35.74491670005955,,mission_status,turning,4,4,aligning for waypoint 4/4,0.019159886345772616,-0.4888553290012519,-2.825160924223036,,,,,,,,,,,,,,,,,,,,,,,,,,,,,,,preturn,1.5628599854874305,
35.74496740009636,4013.466753449,odom,turning,4,4,,0.015843005192673135,-0.4893500859557444,-2.7728625238397697,-6.48893214083113,-5.972770660972678,-1.3026455015172604,-1.522507118518058,1.1009995937347412,-1.5675601086883126,1.5675601086883126,0.051224178000211396,pixhawk_fused,True,0.8,0.2,gyro,-1.0,0.025833316147327423,-0.3395546078681946,0.0,-1.55,0.029730531000041083,3,2.087693491787047,0.741669434818346,0.9764050160781935,0.013790617877042055,-0.5061707385208062,3.0201769059674173,0.016945401925238666,-0.016945401925238687,-0.4901458773723988,0.48960648222672615,preturn,1.5628599854874305,-1.9474627978523857
36.08023710001726,4013.567950451,odom,turning,4,4,,0.011241862229816782,-0.4899224905969395,-2.7420001166363606,-6.488824628920623,-5.977406025556721,-1.2717830943138513,-1.586044630135228,1.0503318309783936,-1.5138927064208565,1.5138927064208565,0.029283172999839735,pixhawk_fused,True,0.8,0.2,gyro,-1.0,0.05634671822190285,-0.7406245470046997,0.0,-1.55,0.01230075300009048,4,2.1198140821305786,0.014198029416794043,0.028169806119157304,-0.003887320775523371,-0.48980241771594474,1.5628599854874305,0.015129659477523733,-0.015129659477523734,-1.9783252050557953,0.4900514526650262,preturn,1.5628599854874305,-1.9783252050557953
36.080413400079124,4013.686204852,odom,turning,4,4,,0.0043351248357493335,-0.49023924518811013,-2.8492403700379465,-6.489202979346107,-5.984309662703702,-1.3790233477154372,-1.6808018287036666,1.1222989559173584,-1.6241154073147355,1.6241154073147355,0.08427270999982284,pixhawk_fused,True,0.8,0.2,gyro,-1.0,0.06130547821521759,-0.8058028221130371,0.0,-1.55,0.028987495999899693,4,2.119442523864966,0.013826471151181156,0.027432610555109177,-0.0038902695577795634,-0.49017396428022497,1.5628599854874305,0.008225653440671502,-0.008225653440671502,-1.8710849516542094,0.49025841229901346,preturn,1.5628599854874305,-1.8710849516542094
36.080518800066784,4013.806954092,odom,turning,4,4,,-0.002461989564907785,-0.4899108429981928,-2.892143279702681,-6.490212218812392,-5.991039450803907,-1.4219262573801716,-1.7740787675612348,1.1513160467147827,-1.6550545833973465,1.6550545833973465,0.09043259500003842,pixhawk_fused,True,0.8,0.2,gyro,-1.0,0.05888741835951805,-0.7740196585655212,0.0,-1.55,0.012295604999962961,4,2.1197169720591402,0.014100919345355265,0.027977133473937106,-0.0038880914661042518,-0.4898995247291357,1.5628599854874305,0.0014261468142553297,-0.00142614681425533,-1.828182041989475,0.48991702917924546,preturn,1.5628599854874305,-1.828182041989475
36.422399800037965,4013.927721942,odom,turning,4,4,,-0.009350931902740361,-0.4889231278218993,-3.033639232273474,-6.491886659631342,-5.9977944012661455,-1.563422209950965,-1.8694461267514983,1.302901029586792,-1.8074987007646142,1.8074987007646142,0.10327094399963244,pixhawk_fused,True,0.8,0.2,gyro,-1.0,0.06442157179117203,-0.8467609286308289,0.0,-1.55,0.03227807099983693,4,2.1206499837060155,0.015033930992230528,0.029828288759494087,-0.003880686844962024,-0.488966542465215,1.5628599854874305,0.005470417335396136,0.005470417335396136,-1.6866860894186813,0.48901254058213983,preturn,1.5628599854874305,-1.6866860894186813
36.422559400089085,4014.028350256,odom,turning,4,4,,-0.014929926338131075,-0.48762020401106615,-3.1077232230847667,-6.493743184451915,-6.003214374048139,-1.6375062007622574,-1.9479373210330913,1.3774086236953735,-1.8805297837523995,1.8805297837523995,0.06737562099988281,pixhawk_fused,True,0.8,0.2,gyro,-1.0,0.0568532794713974,-0.747282862663269,0.0,-1.55,0.033050716999696306,4,2.1219085901452077,0.016292537431422855,0.03232544511349019,-0.0038706982195460394,-0.48770797566280094,1.5628599854874305,0.011059576413305808,0.011059576413305808,-1.6126020986073888,0.4878487122666778,preturn,1.5628599854874305,-1.6126020986073888
36.422681000083685,4014.143453892,odom,turning,4,4,,-0.02158847250168678,-0.48543899194563456,3.0336781570486533,-6.496581956386774,-6.00962025392435,-1.7792901278084239,-2.043960913747343,1.5304292440414429,-2.033310839977699,2.033310839977699,0.01171506499986208,pixhawk_fused,True,0.8,0.2,gyro,-1.0,0.06146915256977081,-0.8079541325569153,0.0,-1.55,0.010100998999860167,4,2.124036889578391,0.018420836864606528,0.03654812846174277,-0.003853807486153029,-0.48557974325528164,1.5628599854874305,0.017735223543681768,0.01773522354368177,-1.4708181715612227,0.4859187967615062,preturn,1.5628599854874305,-1.4708181715612227
36.73788530007005,4014.243754197,odom,turning,4,4,,-0.02698948347448206,-0.483124891949198,3.0181120409437643,-6.499426675789022,-6.01476161073401,-1.7948562439133129,-2.124481523213155,1.5304292440414429,-2.033310839977699,2.033310839977699,0.11207103500009907,pixhawk_fused,True,0.8,0.2,gyro,-1.0,0.059022508561611176,-0.7757952809333801,0.0,-1.55,0.013381296999796177,4,2.1263080528813068,0.02069200016752191,0.04105426294209502,-0.00383578294823162,-0.4833086514771841,1.5628599854874305,0.023154429719244123,0.023154429719244123,-1.4552520554563337,0.48387818037099334,preturn,1.5628599854874305,-1.4552520554563337
36.738157600048,4014.363628164,odom,turning,4,4,,-0.03307470314295742,-0.4798585789614561,2.9370025833378053,-6.503287497119928,-6.0204881068353195,-1.8759657015192719,-2.219131907983473,1.6075037717819214,-2.1112138936190186,2.1112138936190186,0.06337284300025203,pixhawk_fused,True,0.8,0.2,gyro,-1.0,0.059051964432001114,-0.7761824727058411,0.0,-1.55,0.00996790899989719,4,2.1295259691311412,0.02390991641735643,0.04743881633358903,-0.003810244734665644,-0.4800908365678711,1.5628599854874305,0.029265380050947174,0.029265380050947178,-1.3741425978503747,0.4809970808548663,preturn,1.5628599854874305,-1.3741425978503747
36.738288000109605,4014.463812564,odom,turning,4,4,,-0.03762348316016373,-0.4768947309723496,2.8626338714796002,-6.506693108446775,-6.024716298651914,-1.950334413377477,-2.2935336813570126,1.6830025911331177,-2.1855747943787156,2.1855747943787156,0.04808282100020733,pixhawk_fused,True,0.8,0.2,gyro,-1.0,0.05378818139433861,-0.7069950103759766,0.0,-1.55,0.013757470999735233,4,2.1324536234892135,0.026837570775428907,0.053247471410275714,-0.0037870101143588973,-0.477163274409221,1.5628599854874305,0.033837538677583566,0.03383753867758356,-1.2997738859921697,0.47837653675143055,preturn,1.5628599854874305,-1.2997738859921697
37.08528420003131,4014.56778086,odom,turning,4,4,,-0.04209164631862264,-0.4734767204300956,2.7864998713092106,-6.510542492340393,-6.0288186786583395,-2.0264684135478666,-2.3706058751438377,1.7575764656066895,-2.2614871737031517,2.2614871737031517,0.00292925199983074,pixhawk_fused,True,0.8,0.2,gyro,-1.0,0.0589284710586071,-0.7745592594146729,0.0,-1.55,0.010188588999881176,4,2.1358360658938675,0.030220013180082918,0.059958455304675536,-0.003760166178781298,-0.47378093852644354,1.5628599854874305,0.03833268733549993,0.03833268733549993,-1.22363988582178,0.47534399278738226,preturn,1.5628599854874305,-1.22363988582178
37.085462799994275,4014.686261069,odom,turning,4,4,,-0.04702775104798768,-0.46899408644581114,2.675258342261319,-6.515498105168498,-6.033279736698115,-2.137709942595758,-2.461975429635286,1.8732316493988037,-2.3774376150636254,2.3774376150636254,0.0704777760001889,pixhawk_fused,True,0.8,0.2,gyro,-1.0,0.0568532794713974,-0.747282862663269,0.0,-1.55,0.029847657000118488,4,2.140279384507768,0.03466333179398292,0.0687742860234901,-0.0037249028559060396,-0.469337759844161,1.5628599854874305,0.04330421195393355,0.043304211953933566,-1.1123983567738887,0.47134601142873,preturn,1.5628599854874305,-1.1123983567738887
37.08559390006121,4014.787043823,odom,turning,4,4,,-0.05063279588657709,-0.46513444787543723,2.5800783633598217,-6.519700219628075,-6.036479016656289,-2.2328899214972555,-2.534347946786116,1.9746479988098145,-2.4780586902765807,2.4780586902765807,0.07143191600016507,pixhawk_fused,True,0.8,0.2,gyro,-1.0,0.05684756860136986,-0.747207760810852,0.0,-1.55,0.0320545590002439,4,2.1441102909621974,0.03849423824841279,0.07637505151805023,-0.0036944997939277993,-0.4655069740349027,1.5628599854874305,0.04693977434778209,0.0469397743477821,-1.017218377872391,0.4678821802758464,preturn,1.5628599854874305,-1.017218377872391
37.5004608000163,4014.903083211,odom,turning,4,4,,-0.05467835465575759,-0.4600354446838504,2.505886193320327,-6.525179667083966,-6.039992139893642,-2.30708209153675,-2.6235507432961875,2.0452165603637695,-2.5486655525831754,2.5486655525831754,0.07032502099991689,pixhawk_fused,True,0.8,0.2,gyro,-1.0,0.056332699954509735,-0.740440309047699,0.0,-1.55,0.01167984499988961,4,2.149177026974833,0.0435609742610483,0.08642778256564677,-0.003654288869737413,-0.460440397586914,1.5628599854874305,0.051025672716680716,0.05102567271668072,-0.9430262078328966,0.4632734967957144,preturn,1.5628599854874305,-0.9430262078328966
37.500714200083166,4015.008143124,odom,turning,4,4,,-0.05779905904827436,-0.4553525873933958,2.4911683313996376,-6.530152207319257,-6.042626867947285,-2.3217999534574396,-2.700668717478819,2.0452165603637695,-2.5486655525831754,2.5486655525831754,0.17263108399993143,pixhawk_fused,True,0.8,0.2,gyro,-1.0,0.05889914184808731,-0.7741737961769104,0.0,-1.55,0.011808895999820379,4,2.1538349700747905,0.04821891736100568,0.09566944210782669,-0.003617322231568693,-0.45578260117765534,1.5628599854874305,0.05418344319374149,0.054183443193741486,-0.928308345912207,0.45900622008064995,preturn,1.5628599854874305,-0.928308345912207
37.50087660003919,4015.109964608,odom,turning,4,4,,-0.06045921609035062,-0.4506131356670949,2.3476474224487456,-6.5351348124993605,-6.044797693544529,-2.4653208624083316,-2.776504899383448,2.2057366371154785,-2.708164708760219,2.708164708760219,0.05584801299983155,pixhawk_fused,True,0.8,0.2,gyro,-1.0,0.05685613304376602,-0.7473203539848328,0.0,-1.55,0.033256414999868866,4,2.158553160850881,0.05293710813709608,0.10503063692535895,-0.0035798774522985645,-0.4510645589896191,1.5628599854874305,0.05688112997223526,0.05688112997223527,-0.784787436961315,0.45465098135381976,preturn,1.5628599854874305,-0.784787436961315
37.501076100044884,4015.227745392,odom,turning,4,4,,-0.06318358645046357,-0.4446450841844445,2.283317217537517,-6.5413462559416775,-6.046909044467878,-2.52965106731956,-2.8664249693991204,2.2637062072753906,-2.7664111292628815,2.7664111292628815,0.02485892499998954,pixhawk_fused,True,0.8,0.2,gyro,-1.0,0.05888741835951805,-0.7740196585655212,0.0,-1.492075149273467,0.010140275999674486,4,2.164499403078072,0.05888335036428719,0.11682836502975266,-0.0035326865398809895,-0.44511850402500464,1.5628599854874305,0.059652778531161285,0.059652778531161285,-0.7204572320500866,0.4491118084465548,preturn,1.5628599854874305,-0.7204572320500866
37.8393610001076,4015.328292912,odom,turning,4,4,,-0.0650416492021206,-0.4394880959982338,2.1499959945894567,-6.546663749285572,-6.048239904670698,-2.6629722902676205,-2.9483493759428483,2.410367012023926,-2.9119995332030824,2.9119995332030824,0.015130804999898828,pixhawk_fused,True,0.8,0.2,gyro,-1.0,0.04135822504758835,-0.8833742141723633,0.0,-1.4656743497455758,0.03305184600003486,4,2.1696414827919925,0.06402543007820759,0.12703058284027874,-0.003491877668638885,-0.4399765862484995,1.5628599854874305,0.06155170995633185,0.06155170995633185,-0.5871360091020261,0.44427491787752826,preturn,1.5628599854874305,-0.5871360091020261
37.839512600097805,4015.445889886,odom,turning,4,4,,-0.06634352543085173,-0.4343200400483171,2.0573662638126855,-6.551936407875297,-6.049016277913801,-2.7556020210443917,-3.055115122837658,2.4999887943267822,-3.001236510780292,3.001236510780292,0.012180737999642588,pixhawk_fused,True,0.8,0.2,gyro,-1.0,0.03841171786189079,-0.9088227152824402,0.0,-1.1547767706053216,0.009837727999638446,4,2.174799043960806,0.06918299124702089,0.13726351685584803,-0.003450945932576608,-0.4348191875046526,1.5628599854874305,0.0628945602109596,0.0628945602109596,-0.49450627832525496,0.439357895745787,preturn,1.5628599854874305,-0.49450627832525496
37.83963040006347,4015.56492458,odom,turning,4,4,,-0.06684524821694676,-0.43090224136682137,2.037979090895604,-6.555387311453805,-6.049172284558408,-2.7749891939614733,3.1266755253486878,2.4999887943267822,-3.001236510780292,3.001236510780292,0.13237858499996946,pixhawk_fused,True,0.8,0.2,gyro,-1.0,0.011612458154559135,-0.885282039642334,0.0,-0.9539124306108243,0.01175684200006799,4,2.1782127532054916,0.07259670049170674,0.14403653617754553,-0.003423853855289818,-0.43140558576651705,1.5628599854874305,0.06342339172861632,0.06342339172861632,-0.47511910540817337,0.43605622209083955,preturn,1.5628599854874305,-0.47511910540817337
38.16137940005865,4015.668265078,odom,turning,4,4,,-0.06700805217517221,-0.42828665409178823,1.9285871535358776,-6.558006027095244,-6.049071635110275,-2.884381131321199,3.066449091506457,2.6209118366241455,-3.1221881783871224,3.1221881783871224,0.05232711000007839,pixhawk_fused,True,0.8,0.2,gyro,-1.0,0.012805820442736149,-0.7068760395050049,0.0,-0.7111085405789855,0.013617438000437687,4,2.1808269660546884,0.07521091334090349,0.14922330308401321,-0.0034031067876639474,-0.4287914552456573,1.5628599854874305,0.06360694853514713,0.06360694853514713,-0.36572716804844707,0.4334968709569305,preturn,1.5628599854874305,-0.36572716804844707
38.1616015000036,4015.785976271,odom,turning,4,4,,-0.06700138685000277,-0.4267078745445546,1.8420930601231573,-6.559576158486127,-6.048906478515837,-2.97087522473392,2.9865845905968365,2.7093825340270996,3.0729294114786976,-3.0729294114786976,0.06238957300001857,pixhawk_fused,True,0.8,0.2,gyro,-1.0,0.0025822932366281748,-0.6452015042304993,0.0,-0.5263069825999587,0.02968875399983517,4,2.1824057487798028,0.07678969606601813,0.15235570984027394,-0.003390577160638904,-0.42721272224050194,1.5628599854874305,0.06361281302169061,0.06361281302169063,-0.2792330746357268,0.4319361017999712,preturn,1.5628599854874305,-0.2792330746357268
38.16186530003324,4015.886300741,odom,turning,4,4,,-0.06688204884912649,-0.42498345625354067,1.8362674806280896,-6.561279879144534,-6.04861459511625,-2.9767008042289875,2.9561433194073414,2.7093825340270996,3.0729294114786976,-3.0729294114786976,0.16251977000001716,pixhawk_fused,True,0.8,0.2,gyro,-1.0,0.018094222992658615,-0.23783153295516968,0.0,-0.5060123484918102,0.030043632999877445,4,2.18413105986158,0.07851500714779507,0.15577883830705974,-0.0033768846467717613,-0.4254874654932419,1.5628599854874305,0.06350716420752656,0.06350716420752654,-0.2734074951406591,0.4302140706060903,preturn,1.5628599854874305,-0.2734074951406591
38.48103170003742,4016.003174438,odom,turning,4,4,,-0.06682850541160142,-0.42439315989717735,1.780356057690784,-6.561861815953743,-6.048502050733338,-3.032612227166293,2.919629023443873,2.7686939239501953,3.0124313884455556,-3.0124313884455556,0.10272286700001132,pixhawk_fused,True,0.8,0.2,gyro,-1.0,0.0027675770688802004,-0.2546403706073761,0.0,-0.38388582887250444,0.021283263999976043,4,2.1847217625625155,0.07910570984873062,0.15695083056534698,-0.0033721966777386122,-0.42489678139506515,1.5628599854874305,0.06345830720040087,0.06345830720040084,-0.21749607220335343,0.42962262894668335,preturn,1.5628599854874305,-0.21749607220335343
38.4811694000382,4016.104789817,odom,turning,4,4,,-0.06673193684763887,-0.42365965540320916,1.7295328949997497,-6.56258191700539,-6.048332319163984,-3.083435389857327,2.901364231399342,2.8249149322509766,2.9538453417647474,-2.9538453417647474,0.044514937000258215,pixhawk_fused,True,0.8,0.2,gyro,-1.0,0.010322443209588528,-0.13567879796028137,0.0,-0.26981288306354795,0.021256802000152675,4,2.185456010349564,0.07983995763577934,0.15840762553297236,-0.0033663694978681106,-0.4241625567313819,1.5628599854874305,0.06336756295853747,0.06336756295853749,-0.16667290951231917,0.42888303185344506,preturn,1.5628599854874305,-0.16667290951231917
38.48127920005936,4016.20713162,odom,turning,4,4,,-0.0665970788795685,-0.4227314608870921,1.7270525929608906,-6.5634918795160155,-6.048104942910701,-3.0859156918961865,2.888516371087822,2.8249149322509766,2.9538453417647474,-2.9538453417647474,0.14644682500011186,pixhawk_fused,True,0.8,0.2,gyro,-1.0,0.010281707160174847,-0.13514335453510284,0.0,-0.2640582563456983,0.012671224000314396,4,2.186385245902058,0.08076919318827308,0.16025128880372275,-0.003358994844785109,-0.42323335044292376,1.5628599854874305,0.06324007562864374,0.06324007562864374,-0.1641926074734601,0.4279451587984453,preturn,1.5628599854874305,-0.1641926074734601
38.819751400034875,4016.326771907,odom,turning,4,4,,-0.06642515913216507,-0.42166020023206696,1.6917757494741288,-6.564540463766571,-6.047826326938368,-3.1211925353829484,2.8736390100338545,2.8633437156677246,2.9136810799840682,-2.9136810799840682,0.005315537999649678,pixhawk_fused,True,0.8,0.2,gyro,-1.0,0.007705121301114559,-0.10127656906843185,0.0,-0.25,0.009803451000152563,4,2.187457837219779,0.08184178450599407,0.16237937915896264,-0.0033504824833641496,-0.42216079290388286,1.5628599854874305,0.06307666309637715,0.06307666309637716,-0.12891576398669824,0.426860195175751,preturn,1.5628599854874305,-0.12891576398669824
38.82018790009897,4016.431516607,odom,turning,4,4,,-0.06630769367159003,-0.42097884574624306,1.6896730749945315,-6.565206580114219,-6.0476410404543035,-3.1232952098625453,2.862774797336416,2.8633437156677246,2.9136810799840682,-2.9136810799840682,0.11033432299973356,pixhawk_fused,True,0.8,0.2,gyro,-1.0,0.008373442105948925,-0.18343500792980194,0.0,-0.25,0.004788571000062802,4,2.188140102484185,0.08252404977040022,0.16373303744885345,-0.003345067850204586,-0.42147854912577787,1.5628599854874305,0.06296460874007964,0.06296460874007963,-0.1268130895071009,0.4261688618445563,preturn,1.5628599854874305,-0.1268130895071009
38.820477600093,4016.544035443,odom,turning,4,4,,-0.06615202637475172,-0.42015660917391096,1.6753485550353346,-6.566009030714338,-6.0474035992562065,-3.137619729821742,2.8269013661585247,2.872493028640747,2.9045051566812985,-2.9045051566812985,0.10957982500030994,pixhawk_fused,True,0.8,0.2,gyro,-1.0,0.005143294110894203,-0.40556344389915466,0.0,-0.25,0.025437705000058486,4,2.188963548577986,0.08334749586420108,0.1653668076102612,-0.003338532769558955,-0.42065512896442836,1.5628599854874305,0.06281547182717909,0.06281547182717909,-0.1124885695479041,0.42533241920409076,preturn,1.5628599854874305,-0.1124885695479041
39.122222700039856,4016.645373829,odom,turning,4,4,,-0.06603078126055699,-0.41962661429254544,1.6098668511753516,-6.566524172889785,-6.04722975020943,3.080083873497861,2.789730960858633,2.9336724281311035,2.832252415821313,-2.832252415821313,0.01639832499995464,pixhawk_fused,True,0.8,0.2,gyro,-1.0,0.0,-0.2718484401702881,0.0,-0.25,0.002433413999824552,4,2.1894944890009462,0.0838784362871613,0.16642022765444855,-0.0033343190893822057,-0.42012420526215793,1.5628599854874305,0.0626984367074219,0.06269843670742191,-0.04700686568792101,0.4247900181224886,preturn,1.5628599854874305,-0.04700686568792101
39.12237780005671,4016.745881868,odom,turning,4,4,,-0.06596608285039483,-0.41938833497724304,1.6060768481958634,-6.56675475162551,-6.047141453193568,3.0762938705183727,2.7701233949973814,2.9336724281311035,2.832252415821313,-2.832252415821313,0.11630306500001097,pixhawk_fused,True,0.8,0.2,gyro,-1.0,0.005156050436198711,-0.1355428397655487,0.0,0.0,0.009002121999856172,4,2.1897332742754902,0.08411722156170552,0.16689399304051433,-0.0033324240278379425,-0.4198854275075808,1.5628599854874305,0.06263563138090153,0.06263563138090153,-0.043216862708432835,0.4245445790510219,preturn,1.5628599854874305,-0.043216862708432835
39.12248580006417,4016.847912475,odom,turning,4,4,,-0.06594053839749221,-0.4192951722285275,1.585056324527404,-6.566844878631339,-6.047106683384213,3.0552733468499134,2.7688111641944593,2.9572906494140625,2.8065070145282736,-2.8065070145282736,0.0413941340002566,pixhawk_fused,True,0.8,0.2,gyro,-1.0,-0.002996610477566719,0.039387624710798264,0.0,0.0,0.006312252000043372,4,2.1898266368176382,0.08421058410385324,0.16707923034590982,-0.003331683078616361,-0.4197920679056615,1.5628599854874305,0.06261082709606927,0.06261082709606927,-0.022196339039973534,0.4244485788152691,preturn,1.5628599854874305,-0.022196339039973534
39.4627230000915,,mission_status,navigating,4,4,going to waypoint 4/4,-0.06594053839749221,-0.4192951722285275,1.585056324527404,,,,,,,,,,,,,,,,,,,,,,,,,,,,,,,,,
39.46285660006106,4016.96785318,odom,navigating,4,4,,-0.06594053839749221,-0.4192951722285275,1.579043679955652,-6.566844878631339,-6.047106683384213,3.0492607022781613,2.7688111641944593,2.963441848754883,2.7990476544875493,-2.7990476544875493,0.05404587700013508,pixhawk_fused,True,0.8,0.2,gyro,-1.0,0.0,0.0,0.19182374645725406,-0.7222222222222223,0.010339251000004879,4,2.1898266368176382,0.08421058410385324,0.16707923034590982,-0.003331683078616361,-0.4197920679056615,1.5628599854874305,0.06261082709606927,0.06261082709606927,-0.016183694468221432,0.4244485788152691,,,
39.46297970006708,4017.083807718,odom,navigating,4,4,,-0.06594053839749221,-0.4192951722285275,1.5799004981255573,-6.566844878631339,-6.047106683384213,3.0501175204480666,2.7688111641944593,2.9629931449890137,2.80011077902688,-2.80011077902688,0.05004982100035704,pixhawk_fused,True,0.8,0.2,gyro,-1.0,0.0,0.0,0.19877965332420464,-0.7222222222222223,0.03330454299975827,4,2.1898266368176382,0.08421058410385324,0.16707923034590982,-0.003331683078616361,-0.4197920679056615,1.5628599854874305,0.06261082709606927,0.06261082709606927,-0.01704051263812678,0.4244485788152691,,,
39.4630782000022,4017.18489311,odom,navigating,4,4,,-0.06594053839749221,-0.4192951722285275,1.5801591284417194,-6.566844878631339,-6.047106683384213,3.0503761507642286,2.7688111641944593,2.962780475616455,2.800431673413965,-2.800431673413965,0.0765420150000864,pixhawk_fused,True,0.8,0.2,gyro,-1.0,0.0,0.0,0.19745081202648562,-0.7222222222222223,0.03690892500026166,4,2.1898266368176382,0.08421058410385324,0.16707923034590982,-0.003331683078616361,-0.4197920679056615,1.5628599854874305,0.06261082709606927,0.06261082709606927,-0.017299142954288804,0.4244485788152691,,,
39.79591190000065,4017.28608513,odom,navigating,4,4,,-0.06594053839749221,-0.4192951722285275,1.5804113691586517,-6.566844878631339,-6.047106683384213,3.050628391481161,2.7688111641944593,2.9624345302581787,2.800744635708405,-2.800744635708405,0.06640868400018007,pixhawk_fused,True,0.8,0.2,gyro,-1.0,0.0,0.0,0.19745081202648562,-0.7222222222222223,0.030570489000183443,4,2.1898266368176382,0.08421058410385324,0.16707923034590982,-0.003331683078616361,-0.4197920679056615,1.5628599854874305,0.06261082709606927,0.06261082709606927,-0.01755138367122111,0.4244485788152691,,,
39.796060700085945,4017.406679446,odom,navigating,4,4,,-0.06579293009484097,-0.41877125338404303,1.5791043992560476,-6.567351328354447,-6.046907214477911,3.049321421578557,2.761364841756123,2.9622862339019775,2.8009142870766888,-2.8009142870766888,0.0723105580000265,pixhawk_fused,True,0.8,0.2,gyro,-1.0,0.012866916134953499,-0.16912350058555603,0.19767393195826183,-0.7222222222222222,0.007220245000098657,4,2.1903517106201327,0.08473565790634774,0.16812101063670307,-0.0033275159574531876,-0.41926701063910166,1.5628599854874305,0.06246738139710443,0.06246738139710442,-0.016244413768617072,0.423908094179985,,,
39.79616440006066,4017.506948306,odom,navigating,4,4,,-0.06470825241801864,-0.41523060094725217,1.5719277259821445,-6.570765174636142,-6.045472502344516,3.0421447483046538,2.7241944780547875,2.9622862339019775,2.8009142870766888,-2.8009142870766888,0.17250145700018038,pixhawk_fused,True,0.8,0.2,gyro,-1.0,0.056617263704538345,-0.4059167206287384,0.21186465359766826,-0.7222222222222223,0.007347277999997459,4,2.1939008598344882,0.08828480712070322,0.17516275159394423,-0.0032993489936242234,-0.4157179731966521,1.5628599854874305,0.06141083741080303,0.06141083741080303,-0.009067740494713927,0.42024232282578367,,,
40.10411200008821,4017.623366812,odom,navigating,4,4,,-0.06154873465250765,-0.4065471326785799,1.4878877581960046,-6.579087511504315,-6.041457046861478,2.958104780518514,2.649044892025354,3.0438923835754395,2.7147537513015636,-2.7147537513015636,0.03467107999995278,pixhawk_fused,True,0.8,0.2,gyro,-1.0,0.10336440056562424,-0.6793139576911926,0.23731972787371,-0.7222222222222223,0.026732187000106933,4,2.2026091293863703,0.09699307667258543,0.19244052005804665,-0.0032302379197678135,-0.4070099778907445,1.5628599854874305,0.05832033339116822,0.05832033339116822,0.07497222729142594,0.41117978771639496,,,
40.104422400007024,4017.726581183,odom,navigating,4,4,,-0.055819299599546734,-0.39373997011093337,1.458018459780125,-6.5912546572911905,-6.034470602668533,2.928235482102634,2.595013493747956,3.072434902191162,2.6906339569328197,-2.6906339569328197,0.0956582270000581,pixhawk_fused,True,0.8,0.2,gyro,-1.0,0.18088769912719727,-0.33965688943862915,0.26,-0.05128550464069216,0.029394020999916393,4,2.215461358898027,0.10984530618424218,0.2179401723628968,-0.003128239310548413,-0.3941581531291,1.5628599854874305,0.05269271971928892,0.05269271971928891,0.10484152570730565,0.39767695214928245,,,
40.105474800104275,4017.826703009,odom,navigating,4,4,,-0.04721684165123958,-0.375976135613023,1.4078289091546174,-6.608064945119466,-6.024127956877823,2.8780459314771267,2.5909852159270352,3.1302554607391357,2.6294234822628866,-2.6294234822628866,0.011723676000201522,pixhawk_fused,True,0.8,0.2,gyro,-1.0,0.2134840339422226,0.10142336785793304,0.26,0.26032448635587424,0.028029150999827834,4,2.2332929052924277,0.12767685257864297,0.2533191105232075,-0.0029867235579071703,-0.3763271682963034,1.5628599854874305,0.0442315110582361,0.0442315110582361,0.1550310763328131,0.3789293927449024,,,
40.415973099996336,4017.926927814,odom,navigating,4,4,,-0.03774466334127757,-0.355922444613421,1.4140689250380152,-6.627066188434612,-6.012690062092425,2.8842859473605245,2.614666830669811,3.1232662200927734,2.631461042427815,-2.631461042427815,0.01030082700026469,pixhawk_fused,True,0.8,0.2,gyro,-1.0,0.2351776361465454,0.23778371512889862,0.26,0.5454042608066245,0.028307402999871556,4,2.253421138400179,0.1478050856863942,0.2932548232564036,-0.0028269807069743855,-0.3561995690787726,1.5628599854874305,0.03491878231724604,0.03491878231724604,0.14879106044941537,0.3579182115935708,,,
40.4162045000121,4018.026968865,odom,navigating,4,4,,-0.028152254125475132,-0.33382512919195984,1.4233143674691824,-6.648088655667277,-6.000927344088049,2.8935313897916917,2.6620149251025853,3.1232662200927734,2.631461042427815,-2.631461042427815,0.11058824100018683,pixhawk_fused,True,0.8,0.2,gyro,-1.0,0.2558012008666992,0.5773588418960571,0.26,0.681222131327465,0.028663911999956326,4,2.2755938857542484,0.16997783304046343,0.33724698412306464,-0.0026510120635077415,-0.33402752000197544,1.5628599854874305,0.025502045187455722,0.025502045187455722,0.13954561801824816,0.3350100987916245,,,
40.41639200004283,4018.144231477,odom,navigating,4,4,,-0.018305993231261888,-0.3065475977313978,1.4795289403480363,-6.6742396697798405,-5.988391912820502,2.9497459626705456,2.739071746941595,3.0746195316314697,2.6825843194661507,-2.6825843194661507,0.03535655999985465,pixhawk_fused,True,0.8,0.2,gyro,-1.0,0.2408091127872467,0.5388355851173401,0.22519075858517362,0.7222222222222223,0.04751152100016043,4,2.302948700641404,0.19733264792761904,0.39152070121264443,-0.0024339171951494225,-0.3066735665888272,1.5628599854874305,0.01587257590465951,0.01587257590465951,0.08333104513939427,0.3070936975306948,,,
40.739253300009295,4018.263807895,odom,navigating,4,4,,-0.011326777889383393,-0.281342595263606,1.58236746393396,-6.6986165086203036,-5.978917139771199,3.0525844862564693,2.8161591892077,2.9650237560272217,2.791709918910063,-2.791709918910063,0.03578180800013797,pixhawk_fused,True,0.8,0.2,gyro,-1.0,0.22060486674308777,0.6743356585502625,0.1912697479261525,0.708204819609335,0.016715519999706885,4,2.3282082981919103,0.22259224547812542,0.4416373719672524,-0.0022334505121309905,-0.2814147645285048,1.5628599854874305,0.009093613758714635,0.009093613758714635,-0.019507478446529447,0.28157050947678564,,,
40.73938340006862,4018.363961425,odom,navigating,4,4,,-0.007264705287173833,-0.26098514141961443,1.5960517262041571,-6.718463207299773,-5.972831508139049,3.0662687485266664,2.8857239716822587,2.9650237560272217,2.791709918910063,-2.791709918910063,0.13570715800005928,pixhawk_fused,True,0.8,0.2,gyro,-1.0,0.21240109205245972,0.7063620686531067,0.22266853442666992,0.6484325111004183,0.014101184000082867,4,2.3485973485830933,0.24298129586930844,0.4820905630131859,-0.0020716377479472565,-0.2610263562413543,1.5628599854874305,0.0051932310875311355,0.0051932310875311355,-0.03319174071672659,0.2610862309366881,,,
40.73948059999384,4018.465182906,odom,navigating,4,4,,-0.004527946712768006,-0.23986570606285873,1.662930294965215,-6.739201111092715,-5.967987982196367,3.133147317287724,2.9514283393446963,2.898176670074463,2.8588775288401016,-2.8588775288401016,0.06435418499995649,pixhawk_fused,True,0.8,0.2,gyro,-1.0,0.22128459811210632,0.6764822006225586,0.2226486772922031,0.5052647916514421,0.01474090800002159,4,2.3697378384562184,0.2641217857424337,0.5240346584582578,-0.0019038613661669689,-0.2398865321370381,1.5628599854874305,0.0026241679884511982,0.0026241679884511987,-0.10007030947778439,0.23990843929813602,,,
41.077118600020185,4018.567501727,odom,navigating,4,4,,-0.0030812452174835483,-0.219258574607756,1.72394490308751,-6.759558834470207,-5.964479433933928,-3.089023381769567,2.9953583956905647,2.8359313011169434,2.9240908486781487,-2.9240908486781487,0.05168753399993875,pixhawk_fused,True,0.8,0.2,gyro,-1.0,0.207097589969635,0.3024558126926422,0.2006628577223672,0.19785658453998203,0.01449500699982309,4,2.3903558023356597,0.28473974962187487,0.5649420286295469,-0.0017402318854818125,-0.21926921757070839,1.5628599854874305,0.0013410555653166664,0.0013410555653166664,-0.16108491760007948,0.21928022393986005,,,
41.07758280006237,4018.685984805,odom,navigating,4,4,,-0.0022635509332209237,-0.19718003878485238,1.790040699091068,-6.781443684474381,-5.961448970550125,-3.0229275857660087,3.006894030437921,2.7563424110412598,3.0034989253518947,-3.0034989253518947,0.05026814800021384,pixhawk_fused,True,0.8,0.2,gyro,-1.0,0.18876326084136963,-0.10196371376514435,0.1802125672823532,-0.18651228183910237,0.033155435000026046,4,2.412440132281058,0.30682407956727287,0.608758763654585,-0.00156496494538166,-0.19718558311808915,1.5628599854874305,0.0006986079888151869,0.0006986079888151874,-0.22718071360363745,0.1971930307034789,,,
41.07776380004361,4018.805145383,odom,navigating,4,4,,-0.0013579672313316256,-0.17728460156575226,1.7837202747474166,-6.801147643936496,-5.9585502664438765,-3.0292480101096606,2.974423332128388,2.7563424110412598,3.0034989253518947,-3.0034989253518947,0.16934833899995283,pixhawk_fused,True,0.8,0.2,gyro,-1.0,0.18015484511852264,-0.3382808268070221,0.16231589075082511,-0.2357314651096999,0.007408239000142203,4,2.4323421298871777,0.3267260771733929,0.6482456105606205,-0.0014070175577575181,-0.17728421227744728,1.5628599854874305,4.9051871196428436e-05,-4.905187119642834e-05,-0.22086028925998602,0.1772898023782781,,,
41.40183650003746,4018.907154323,odom,navigating,4,4,,-0.00017402349601226136,-0.16242554467840883,1.7774221990052705,-6.815812726027051,-5.955880311083388,-3.0355460858518066,2.9406251277624893,2.758388042449951,3.003799410964719,-3.003799410964719,0.09264121800015346,pixhawk_fused,True,0.8,0.2,gyro,-1.0,0.1595577597618103,-0.4059167504310608,0.1457719843899184,-0.25469395739930745,0.007473404000393202,4,2.4472101149072496,0.34159406219346494,0.6777446518080317,-0.0012890213927678734,-0.16241669548875204,1.5628599854874305,0.0011150330120346305,-0.0011150330120346305,-0.21456221351784,0.16242563790318001,,,
41.402082700049505,4019.007742081,odom,navigating,4,4,,0.001359008542548057,-0.14873828890623278,1.7259310488752044,-6.829276877202376,-5.952980691982157,-3.0870372359818727,2.912930417982668,2.816176176071167,2.94660136204528,-2.94660136204528,0.08480736000001343,pixhawk_fused,True,0.8,0.2,gyro,-1.0,0.13124911487102509,-0.23678474128246307,0.13107596645445646,-0.10473762147841573,0.008145275000060792,4,2.460909106170046,0.3552930534562611,0.7049243340422817,-0.0011803026638308733,-0.14871813564269004,1.5628599854874305,0.0025393911783876547,-0.0025393911783876547,-0.16307106338777388,0.1487444973468689,,,
41.402267200057395,4019.127209076,odom,navigating,4,4,,0.0033304665203999044,-0.13454742572560915,1.6858575343011228,-6.843198068371725,-5.949594295549954,-3.1271107505559543,2.889935421572013,2.8608946800231934,2.902408842723242,-2.902408842723242,0.009362852999856841,pixhawk_fused,True,0.8,0.2,gyro,-1.0,0.12402483075857162,-0.13584911823272705,0.12459165247686699,-0.0995098576961001,0.028389956999944843,4,2.4751151684427533,0.3694991157289683,0.7331100778656806,-0.0010675596885372776,-0.13451252075569697,1.5628599854874305,0.0043981647185414655,-0.004398164718541466,-0.12299754881369229,0.1345886391068422,,,
41.73731290001888,4019.244305266,odom,navigating,4,4,,0.005409935980317421,-0.12164097879476686,1.669328159536956,-6.855830489107474,-5.946229401499852,3.1395451818594653,2.8717011562679993,2.87703537940979,2.8862914862440743,-2.8862914862440743,0.013339612999970996,pixhawk_fused,True,0.8,0.2,gyro,-1.0,0.11270466446876526,-0.06733623892068863,0.11278463551949001,0.006357600091213599,0.047648313000081544,4,2.4880377121222637,0.3824216594084786,0.7587492380147335,-0.0009650030479410659,-0.12159038404057432,1.5628599854874305,0.006375139797931107,-0.006375139797931108,-0.10646817404952547,0.12176122178041765,,,
41.73758820001967,4019.363067466,odom,navigating,4,4,,0.007423239909837145,-0.1101611376170525,1.667749563627569,-6.867050157589419,-5.943073583803372,3.1379665859500783,2.8635834827856352,2.87703537940979,2.8862914862440743,-2.8862914862440743,0.1327814969999963,pixhawk_fused,True,0.8,0.2,gyro,-1.0,0.10295592993497849,0.0,0.10226827451564488,0.04457994598164508,0.015071232000082091,4,2.499533169869438,0.3939171171556534,0.7815569676286647,-0.0008737721294853414,-0.11009528831515303,1.5628599854874305,0.008297273341961377,-0.008297273341961378,-0.10488957814013844,0.11041096291511174,,,
41.73774090001825,4019.464788822,odom,navigating,4,4,,0.009219378306966322,-0.10030660980875264,1.6588468066576814,-6.8766745323184475,-5.9402970315273596,3.1290638289801906,2.8588532267389057,2.8867125511169434,2.876381759266726,-2.876381759266726,0.055046553000011045,pixhawk_fused,True,0.8,0.2,gyro,-1.0,0.100366972386837,-0.033826351165771484,0.09229413570894106,0.049192665656658426,0.01593441199975132,4,2.5094016419508356,0.40378558923705066,0.8011366527430267,-0.000795453389027893,-0.10022712701751452,1.5628599854874305,0.01001514709892937,-0.01001514709892937,-0.09598682117025081,0.10072940438467962,,,
42.07859859999735,4019.565317026,odom,navigating,4,4,,0.01080635549576406,-0.09161906532846023,1.6534551716806358,-6.885158823298617,-5.937845759967815,3.123672194003145,2.8615388262138475,2.8943066596984863,2.8690377048360025,-2.8690377048360025,0.028575266000189004,pixhawk_fused,True,0.8,0.2,gyro,-1.0,0.08552438765764236,0.0,0.08285214930426037,0.06470246388438958,0.017209543000262784,4,2.5181015074982422,0.41248545478445764,0.8183977471202019,-0.0007264090115191926,-0.09152753545141828,1.5628599854874305,0.011533127715361677,-0.011533127715361679,-0.09059518619320528,0.09225416224085227,,,
42.078798300004564,4019.684712319,odom,navigating,4,4,,0.012457383188234061,-0.08243166856960168,1.65622399013107,-6.894134009087184,-5.935280571532884,3.1264410124535793,2.8669404107676733,2.8937861919403076,2.8711692666033124,-2.8711692666033124,0.08415936000028523,pixhawk_fused,True,0.8,0.2,gyro,-1.0,0.07980281859636307,0.033836524933576584,0.07868262544124367,0.07375314668032748,0.03545209399999294,4,2.527301717903894,0.42168566519010914,0.8366515579677903,-0.0006533937681288387,-0.08232761478423367,1.5628599854874305,0.013111189861707664,-0.013111189861707664,-0.09336400464363948,0.08336765787202585,,,
42.07902600010857,4019.803808139,odom,navigating,4,4,,0.013920559166643549,-0.0741166582074031,1.6568280558129558,-6.902260079531497,-5.932989881592861,3.127045078135465,2.8676117826308243,2.8928537368774414,2.8717570354187703,-2.8717570354187703,0.0935431369998696,pixhawk_fused,True,0.8,0.2,gyro,-1.0,0.0772111564874649,-2.5404151529073715e-05,0.06773480137547447,0.14993472202592975,0.007325871999910305,4,2.5356280785469263,0.4300120258331413,0.8531715945240578,-0.0005873136219037688,-0.0740015163598749,1.5628599854874305,0.014508329693445897,-0.014508329693445897,-0.09396807032552523,0.07541260498978296,,,
42.403108500060625,4019.924419102,odom,navigating,4,4,,0.01524368160373646,-0.06647332656140133,1.6604034255017968,-6.909731928562941,-5.930905980519005,3.130620447824306,2.872311498817801,2.889914035797119,2.8750601262693603,-2.8750601262693603,0.09556752499975119,pixhawk_fused,True,0.8,0.2,gyro,-1.0,0.059428565204143524,-0.03396227955818176,0.05,0.17252107683065498,0.027869378000104916,4,2.543281670125628,0.4376656174118429,0.8683568138638781,-0.0005265727445444876,-0.06634816581260544,1.5628599854874305,0.015770751010098196,-0.0157707510100982,-0.09754344001436621,0.0681987754506985,,,
42.4035608000122,4020.0246035,odom,navigating,4,4,,0.01617498214577722,-0.06097092110278379,1.663963762615445,-6.915113014058155,-5.929426891128933,3.1341807849379544,2.8756837198841847,2.8861918449401855,2.8786660240647692,-2.8786660240647692,0.02355292299989742,pixhawk_fused,True,0.8,0.2,gyro,-1.0,0.05942104384303093,0.03393841162323952,0.05,0.21171458739318313,0.027160953000020527,4,2.5487912933406114,0.44317524062682656,0.8792882616866383,-0.00048284695325344655,-0.0608387161099343,1.5628599854874305,0.01665835371375717,-0.01665835371375717,-0.10110377712801455,0.0630799751707156,,,
42.40396220004186,4020.127502212,odom,navigating,4,4,,0.017038673723091695,-0.05575996814777668,1.6710577543997605,-6.920210908606122,-5.92804433370957,3.1412747767222697,2.8818024673737477,2.87821626663208,2.8859961804730196,-2.8859961804730196,0.0008561609997741471,pixhawk_fused,True,0.8,0.2,gyro,-1.0,0.0490921214222908,0.10190051048994064,0.05,0.28833839598746036,0.02836119699986739,4,2.5540089366683922,0.4483928839546075,0.8896404025808282,-0.00044143838967668735,-0.05562123709926259,1.5628599854874305,0.01748066262413338,-0.01748066262413338,-0.1081977689123299,0.05830514943024368,,,
42.76072920009028,4020.246172654,odom,navigating,4,4,,0.018009134921429523,-0.049419954488812846,1.6747545544642568,-6.926421437053455,-5.92644217749428,-3.1382137303928204,2.900738644983406,2.87821626663208,2.8859961804730196,-2.8859961804730196,0.11977702300009696,pixhawk_fused,True,0.8,0.2,gyro,-1.0,0.05123449116945267,0.20202873647212982,0.05,0.3925875968924955,0.04762894300029075,4,2.560356452494341,0.4547403997805563,0.9022342833868334,-0.0003910628664526663,-0.04927392117303597,1.5628599854874305,0.01840077727604194,-0.01840077727604194,-0.11189456897682626,0.052599057427815045,,,
42.76097100006882,4020.367182384,odom,navigating,4,4,,0.01877494728770438,-0.043453276935541865,1.6911681793595603,-6.932281064924796,-5.925081122457019,-3.1218001054975164,2.93180554175932,2.865206718444824,2.898842693431427,-2.898842693431427,0.06335941499992259,pixhawk_fused,True,0.8,0.2,gyro,-1.0,0.056304682046175,0.2691171169281006,0.05,0.5166506749312227,0.014516599000216956,4,2.566329019825989,0.46071296711220405,0.9140842421964074,-0.0003436630312143706,-0.04330154193301067,1.5628599854874305,0.019119212432463315,-0.019119212432463315,-0.12830819387212977,0.0473358840848354,,,
42.76139300002251,4020.48577807,odom,navigating,4,4,,0.019481071991008677,-0.035778868868999794,1.7395168165359696,-6.939845785947019,-5.923607980534337,-3.073451468321107,2.976498519945414,2.8143186569213867,2.9480823499095936,-2.9480823499095936,0.06806365600004938,pixhawk_fused,True,0.8,0.2,gyro,-1.0,0.06738314032554626,0.4769088923931122,0.05,0.6337160128093201,0.03258345099993676,4,2.5740087901933557,0.46839273747957105,0.9293214019414411,-0.00028271439223423586,-0.03562201342151372,1.5628599854874305,0.019764408815693527,-0.01976440881569353,-0.17665683104853902,0.04073867478777317,,,
43.09957720001694,4020.586309199,odom,navigating,4,4,,0.01977878092948496,-0.029169700210370943,1.7501587321345777,-6.9463916600556335,-5.922648150797135,-3.0628095527224994,3.030621446641816,2.8143186569213867,2.9480823499095936,-2.9480823499095936,0.16855180500033384,pixhawk_fused,True,0.8,0.2,gyro,-1.0,0.06983760744333267,0.6459646224975586,0.05,0.7951377118448244,0.03049699100029102,4,2.58062011340708,0.4750040606932952,0.9424386936200596,-0.00023024522551976173,-0.029010898415489983,1.5628599854874305,0.02000965631093449,-0.02000965631093449,-0.18729874664714719,0.0352430359847087,,,
43.09976160002407,4020.706793684,odom,navigating,4,4,,0.0195528532262928,-0.02167304221216946,1.832255021012541,-6.9538731165344,-5.922120198691926,-2.980713263844536,3.1307191052633105,2.740844964981079,3.0257471925151846,-3.0257471925151846,0.09155852599997161,pixhawk_fused,True,0.8,0.2,gyro,-1.0,0.07463185489177704,0.9809654951095581,0.05,0.0,0.008121719999962806,4,2.588114742295554,0.4824986895817689,0.9573085207295607,-0.00017076591708175713,-0.02151650555230139,1.5628599854874305,0.01972424031081486,-0.019724240310814857,-0.26939503552511046,0.02918963562669853,,,
43.09985160001088,,mission_status,turning,4,4,final alignment at waypoint 4/4,0.0195528532262928,-0.02167304221216946,1.832255021012541,,,,,,,,,,,,,,,,,,,,,,,,,,,,,,,final,0.0,
43.09989820001647,4020.809120004,odom,turning,4,4,,0.018793827127139524,-0.015496072605084133,1.9305613818884764,-6.960095082419021,-5.922255160451923,-2.882406902968601,-3.0739292070554707,2.631070137023926,3.1289194789660475,-3.1289194789660475,0.09064025399993625,pixhawk_fused,True,0.8,0.2,gyro,-1.0,0.06411333382129669,0.7078759074211121,0.0,-1.55,0.014102739999998448,1,0.018710469302149514,0.018710469302149514,0.025080697509623433,0.01871020034217908,0.00010032279003849374,0.005361878910097319,0.015596619594007067,-0.015596619594007063,-1.925199502978379,0.024358493472849352,final,0.0,-1.9305613818884764
43.41867030004505,4020.909552394,odom,turning,4,4,,0.018254871373732297,-0.012233312693939688,1.9888619279768296,-6.96339546932282,-5.922463779308054,-2.8241063568802476,-3.100265880354538,2.5565972328186035,-3.075353081307258,3.075353081307258,0.07296103899989248,pixhawk_fused,True,0.8,0.2,gyro,-1.0,0.040963124483823776,-0.5384216904640198,0.0,-1.55,0.01449670999954833,1,0.0181890157358733,0.0181890157358733,0.02438170813902621,0.018188754271713552,9.752683255610484e-05,0.005361878910097319,0.012331016782867922,-0.012331016782867922,-1.9835000490667323,0.021974855365604045,final,0.0,-1.9888619279768296
43.41883640002925,4021.027948141,odom,turning,4,4,,0.017682645098108622,-0.007128187527515492,1.9591011743770057,-6.968532251157565,-5.922520508997002,-2.853867110480071,3.1111878536160296,2.58610200881958,-3.09505467989191,3.09505467989191,0.014131479999832663,pixhawk_fused,True,0.8,0.2,gyro,-1.0,0.046513985842466354,-0.6113825440406799,0.0,-1.55,0.03297516299971903,1,0.01764417061771181,0.01764417061771181,0.023651363251491322,0.017643916985612528,9.460545300596529e-05,0.005361878910097319,0.0072228968084950195,-0.0072228968084950195,-1.9537392954669084,0.019065334906397325,final,0.0,-1.9591011743770057
43.41894940007478,4021.143058848,odom,turning,4,4,,0.01747030273481128,-0.0017025733371483294,1.8829776743483793,-6.973951766442067,-5.9221869933256865,-2.9299906105086975,3.036801262815239,2.6555511951446533,3.1115933104289075,-3.1115933104289075,0.08950500699984332,pixhawk_fused,True,0.8,0.2,gyro,-1.0,0.048869844526052475,-0.6423481106758118,0.0,-1.55,0.021238487000118766,1,0.017460922653707984,0.017460922653707984,0.0234057260801187,0.01746067165576855,9.36229043204748e-05,0.005361878910097319,0.0017962220618704654,-0.0017962220618704654,-1.877615795438282,0.01755306906538919,final,0.0,-1.8829776743483793
43.762764100101776,4021.243743769,odom,turning,4,4,,0.017627688968674587,0.003280760133788796,1.833086509726808,-6.9788941118429175,-5.9215300269278695,-2.979881775130269,2.9684876431019673,2.7019777297973633,3.0660797300470373,-3.0660797300470373,0.03067309700008991,pixhawk_fused,True,0.8,0.2,gyro,-1.0,0.056864701211452484,-0.7474329471588135,0.0,-1.55,0.028865017000043736,1,0.01764502652777727,0.01764502652777727,0.02365251056752603,0.01764477288337442,9.461004227010413e-05,0.005361878910097319,0.0031861958925693884,0.003186195892569388,-1.8277246308167108,0.01793038776579552,final,0.0,-1.833086509726808
43.76292110001668,4021.346065626,odom,turning,4,4,,0.01817546060229888,0.008633183147928682,1.71201454798992,-6.984164482945185,-5.920447587862942,-3.100953736867157,2.8947877087155445,2.835702657699585,2.933701214147856,-2.933701214147856,0.03196763500000088,pixhawk_fused,True,0.8,0.2,gyro,-1.0,0.05684756860136986,-0.747207760810852,0.0,-1.55,0.02959186700036298,1,0.01822148919383551,0.01822148919383551,0.024425237617794984,0.018221227262875058,9.770095047117994e-05,0.005361878910097319,0.008535604895397527,0.008535604895397527,-1.7066526690798227,0.020121610754892324,final,0.0,-1.71201454798992
43.76312730007339,4021.470220731,odom,turning,4,4,,0.019250532012999293,0.014524392521353924,1.6409167418194668,-6.989917971398494,-5.9187864144712465,3.111133764141976,2.8127259671021205,2.902862071990967,2.865234486414244,-2.865234486414244,0.03562381199981246,pixhawk_fused,True,0.8,0.2,gyro,-1.0,0.05224529281258583,-0.6867151856422424,0.0,-1.55,0.014650855000127194,1,0.019328132950495215,0.019328132950495215,0.02590865296475834,0.019327855111709723,0.00010363461185903336,0.005361878910097319,0.01442096520853766,0.014420965208537658,-1.6355548629093695,0.024115160395441544,final,0.0,-1.6409167418194668
44.172066000057384,4021.582844044,odom,turning,4,4,,0.020912036267032866,0.020655494396726138,1.62424026793989,-6.995851256365969,-5.916517684410817,3.0944572902623992,2.7256745803602764,2.902862071990967,2.865234486414244,-2.865234486414244,0.1494650909999109,pixhawk_fused,True,0.8,0.2,gyro,-1.0,0.059440504759550095,-0.7812894582748413,0.0,-1.55,0.0288380550000511,1,0.02102248738899433,0.02102248738899433,0.02817987291439382,0.021022185194137788,0.00011271949165757528,0.005361878910097319,0.02054307020838066,0.02054307020838066,-1.6188783890297926,0.029393242584085256,final,0.0,-1.62424026793989
44.1722142000217,4021.686087579,odom,turning,4,4,,0.022875175659205764,0.02608500164868207,1.495471520309579,-7.00105620532695,-5.914019290609646,2.9656885426320883,2.646573023081043,3.0434012413024902,2.7247355913651488,-2.7247355913651488,0.06868506499995419,pixhawk_fused,True,0.8,0.2,gyro,-1.0,0.0568532794713974,-0.747282862663269,0.0,-1.55,0.03060454300020865,1,0.02301471078228713,0.02301471078228713,0.030850375267481887,0.02301437994954149,0.00012340150106992755,0.005361878910097319,0.02596197334678053,0.025961973346780534,-1.4901096413994817,0.03469439396287628,final,0.0,-1.495471520309579
44.172322800033726,4021.786227663,odom,turning,4,4,,0.02524038633386095,0.03129850555614638,1.4182641589276386,-7.006005870687665,-5.911142546382992,2.888481181250148,2.56811227958331,3.1210381984710693,2.647826616717627,-2.647826616717627,0.049838732999887725,pixhawk_fused,True,0.8,0.2,gyro,-1.0,0.0594494603574276,-0.7814071774482727,0.0,-1.55,0.02928517100008321,1,0.025407841500124782,0.025407841500124782,0.03405827917763013,0.025407476266512078,0.00013623311671052052,0.005361878910097319,0.031162720398502076,0.031162720398502073,-1.4129022800175413,0.04020787923194508,final,0.0,-1.4182641589276386
44.17242400010582,4021.886293397,odom,turning,4,4,,0.02788042980294972,0.036098776868369195,1.4039487112651698,-7.010516795954016,-5.908033850928138,2.874165733587679,2.493039045967974,3.1210381984710693,2.647826616717627,-2.647826616717627,0.1497609900002317,pixhawk_fused,True,0.8,0.2,gyro,-1.0,0.05428539589047432,-0.713530421257019,0.0,-1.55,0.031622347999928024,1,0.028073585369198458,0.028073585369198458,0.0376316110133361,0.028073181815948728,0.0001505264440533444,0.005361878910097319,0.03594876718203059,0.0359487671820306,-1.3985868323550725,0.045611841197100496,final,0.0,-1.4039487112651698
44.53234810009599,4022.00669918,odom,turning,4,4,,0.0315338481045021,0.04160598288836002,1.3266240228911126,-7.01562933042171,-5.903845918890799,2.796841045213622,2.4024629440052263,-3.087625026702881,2.5735826122296355,-2.5735826122296355,0.1028758040001776,pixhawk_fused,True,0.8,0.2,gyro,-1.0,0.056332699954509735,-0.740440309047699,0.0,-1.55,0.010715258999880461,1,0.03175647998377419,0.03175647998377419,0.04256839609853882,0.031756023489509955,0.00017027358439415527,0.005361878910097319,0.04143630494414851,0.041436304944148517,-1.3212621439810153,0.05220576010733219,final,0.0,-1.3266240228911126
44.53276850003749,4022.109622427,odom,turning,4,4,,0.03535343167759269,0.04640527982898029,1.178783079587128,-7.020020848842775,-5.899563742370206,2.649000101909637,2.3184175304468218,-2.9254510402679443,2.410772654546549,-2.410772654546549,0.04655673100023705,pixhawk_fused,True,0.8,0.2,gyro,-1.0,0.06204836443066597,-0.8155673146247864,0.0,-1.55,0.011176117000104568,1,0.03560174177671393,0.03560174177671393,0.047722828428194725,0.03560123000743327,0.0001908913137127789,0.005361878910097319,0.0462150528491785,0.046215052849178484,-1.1734212006770306,0.05833793900531779,final,0.0,-1.178783079587128
44.532866200082935,4022.227468281,odom,turning,4,4,,0.039620087439317775,0.05091172652998034,1.1125244449610892,-7.024076106607575,-5.894866158127316,2.5827414672835984,2.233364978170965,-2.8633551597595215,2.348958975805094,-2.348958975805094,0.011733472000287293,pixhawk_fused,True,0.8,0.2,gyro,-1.0,0.056873273104429245,-0.7475456595420837,0.0,-1.55,0.03276477999997951,1,0.03989249911169804,0.03989249911169804,0.053474431184282266,0.03989192566347457,0.00021389772473712906,0.005361878910097319,0.05069855758880978,0.05069855758880977,-1.1071625660509918,0.06451166737081511,final,0.0,-1.1125244449610892
44.94201630004682,4022.343304745,odom,turning,4,4,,0.044413347459813686,0.05517105470630605,0.983499084220558,-7.027832618510416,-5.889669444121183,2.4537161065430673,2.145474408100822,-2.7245521545410156,2.210169631434729,-2.210169631434729,0.02399904100002459,pixhawk_fused,True,0.8,0.2,gyro,-1.0,0.05645350366830826,-0.7420281767845154,0.0,-1.55,0.013470552999933716,1,0.044708528122345166,0.044708528122345166,0.059930141346492626,0.0447078854444835,0.0002397205653859705,0.005361878910097319,0.054932123781316025,0.05493212378131602,-0.9781372053104607,0.07082648311184421,final,0.0,-0.983499084220558
44.94216880004387,4022.445707155,odom,turning,4,4,,0.0487929088136684,0.05846761030818303,0.9113752919506986,-7.0306727629377495,-5.884981009828124,2.381592314273208,2.0703553160770816,-2.6534318923950195,2.13876110930567,-2.13876110930567,0.010499247000097967,pixhawk_fused,True,0.8,0.2,gyro,-1.0,0.0591493584215641,-0.7774626016616821,0.0,-1.55,0.025880951000090135,1,0.049105702167975995,0.049105702167975995,0.06582439179818836,0.049104996281448515,0.00026329756719275344,0.005361878910097319,0.05820514943060063,0.05820514943060062,-0.9060134130406012,0.07615254037554171,final,0.0,-0.9113752919506986
44.94228760001715,4022.54899356,odom,turning,4,4,,0.05360568199139882,0.06154486776515922,0.8964136988035503,-7.033251218799935,-5.879883572777649,2.3666307211260595,1.9920625629329238,-2.6534318923950195,2.13876110930567,-2.13876110930567,0.11343004999980622,pixhawk_fused,True,0.8,0.2,gyro,-1.0,0.06117023155093193,-0.8040251135826111,0.0,-1.55,0.022631411000020307,1,0.053934905965668654,0.053934905965668654,0.07229776227897794,0.05393413066011754,0.00028919104911591175,0.005361878910097319,0.06125655726914787,0.061256557269147874,-0.891051819893453,0.08161703186219108,final,0.0,-0.8964136988035503
44.94238060002681,4022.667373213,odom,turning,4,4,,0.05933965885135017,0.06456565101293327,0.7585887797577653,-7.035680987977378,-5.873875258221566,2.2288058020802746,1.9032411399040878,-2.506146192550659,1.989386914385607,-1.989386914385607,0.03261208000003535,pixhawk_fused,True,0.8,0.2,gyro,-1.0,0.05427448824048042,-0.7133870720863342,0.0,-1.55,0.031308394000006956,1,0.05968499739700796,0.05968499739700796,0.08000554884024451,0.059684139434822404,0.00032002219536097804,0.005361878910097319,0.06424655235137262,0.06424655235137262,-0.753226900847668,0.08769217982989425,final,0.0,-0.7585887797577653
45.2831139001064,4022.782993609,odom,turning,4,4,,0.0639830347623235,0.06650108989486432,0.7365699815257167,-7.0371404049753155,-5.8690610121183395,2.206787003848226,1.7870148617634967,-2.506146192550659,1.989386914385607,-1.989386914385607,0.1493925740001032,pixhawk_fused,True,0.8,0.2,gyro,-1.0,0.02816915512084961,-1.2454100847244263,0.0,-1.55,0.008013055999981589,1,0.06433868409940086,0.06433868409940086,0.08624364509547122,0.06433775924122154,0.0003449745803818849,0.005361878910097319,0.066157066311612,0.06615706631161199,-0.7312081026156194,0.09228338796664069,final,0.0,-0.7365699815257167
45.283357400097884,4022.886173942,odom,turning,4,4,,0.06746023615192438,0.06745759323348352,0.6576967009588646,-7.0377429291716425,-5.865505341614275,2.127913723281374,1.6699494384132134,-2.434915542602539,1.9192054982316993,-1.9192054982316993,0.08249257099987517,pixhawk_fused,True,0.8,0.2,gyro,-1.0,0.04393428564071655,-0.9851041436195374,0.0,-1.4659509220561204,0.03068820799990135,1,0.0678209641352983,0.0678209641352983,0.0909115136996067,0.0678199892199066,0.00036364605479842683,0.005361878910097319,0.06709491165718984,0.06709491165718984,-0.6523348220487672,0.09540131207969588,final,0.0,-0.6576967009588646
45.28353180002887,4023.00808522,odom,turning,4,4,,0.07033794285187703,0.06787078324172854,0.4521460868918272,-7.037865081001877,-5.8626006900406376,1.9223631092143365,1.5232666651879943,-2.2140278816223145,1.700197750879576,-1.700197750879576,0.09388179300003685,pixhawk_fused,True,0.8,0.2,gyro,-1.0,0.020488953217864037,-1.21201491355896,0.0,-1.0047783148478062,0.013378277999890997,1,0.07070084493285787,0.07070084493285787,0.09477188823008771,0.07069982861964544,0.00037908755292035085,0.005361878910097319,0.06749266588496564,0.06749266588496564,-0.4467842079817299,0.09774389711117323,final,0.0,-0.4521460868918272
45.62211810005829,4023.127691339,odom,turning,4,4,,0.07290363140225917,0.0678400246737691,0.31353506907550255,-7.037576857582222,-5.860051056520418,1.7837520913980118,1.402783239936607,-2.0735344886779785,1.557376186324408,-1.557376186324408,0.012239865000083228,pixhawk_fused,True,0.8,0.2,gyro,-1.0,0.03618481010198593,-0.7473953366279602,0.0,-0.9587718149623882,0.03211916800000836,1,0.07326633167895541,0.07326633167895541,0.09821082907142879,0.07326527848728588,0.00039284331628571515,0.005361878910097319,0.06744815091374531,0.0674481509137453,-0.30817319016540523,0.09958518172586757,final,0.0,-0.31353506907550255
45.62227580009494,4023.243000021,odom,turning,4,4,,0.07482416388938573,0.06761816600676929,0.16368077195215114,-7.037163279849891,-5.858162506875439,1.6338977942746604,1.3074769063113736,-1.9180986881256104,1.3946823424232506,-1.3946823424232506,0.020487080999828322,pixhawk_fused,True,0.8,0.2,gyro,-1.0,0.025724312290549278,-0.608638346195221,0.0,-0.662233281911058,0.02183130399998845,1,0.07518564698513046,0.07518564698513046,0.10078360080913376,0.07518456620361379,0.00040313440323653507,0.005361878910097319,0.06721599782263153,0.06721599782263153,-0.15831889304205382,0.10085074058163711,final,0.0,-0.16368077195215114
45.622409800067544,4023.345649035,odom,turning,4,4,,0.07613421754329,0.06736734522812433,0.10316144770869129,-7.036782184439458,-5.856884258884142,1.5733784700312006,1.2500122981691926,-1.8560069799423218,1.3334369759691262,-1.3334369759691262,0.012125128000207042,pixhawk_fused,True,0.8,0.2,gyro,-1.0,0.018088771030306816,-0.3736226260662079,0.0,-0.3433383854879375,0.027939652999975806,1,0.0764943369430262,0.0764943369430262,0.10253785167466892,0.07649323734930301,0.0004101514066986757,0.005361878910097319,0.06695815633409474,0.06695815633409474,-0.09779956879859397,0.10166011156798074,final,0.0,-0.10316144770869129
45.93981290003285,4023.445921707,odom,turning,4,4,,0.07676110853083822,0.06722001278816868,0.09682270219557787,-7.036572650588344,-5.8562753297229335,1.5670397245180872,1.216900742196397,-1.8560069799423218,1.3334369759691262,-1.3334369759691262,0.11235207900017485,pixhawk_fused,True,0.8,0.2,gyro,-1.0,0.010340075008571148,-0.27182111144065857,0.0,-0.25,0.028532767000342574,1,0.07712042894420054,0.07712042894420054,0.10337710502748805,0.07711932035050609,0.00041350842010995224,0.005361878910097319,0.06680746471456014,0.06680746471456014,-0.09146082328548055,0.10203331760814545,final,0.0,-0.09682270219557787
45.93997380009387,4023.545927628,odom,turning,4,4,,0.07780925940648471,0.0669308054672069,0.05938592807122056,-7.036179660243131,-5.855261515281733,1.5296029503937298,1.1885193793049031,-1.8185899257659912,1.2938625405562425,-1.2938625405562425,0.011707380000189005,pixhawk_fused,True,0.8,0.2,gyro,-1.0,0.012923795729875565,-0.16987112164497375,0.0,-0.25,0.029375521000019944,1,0.07816701406564312,0.07816701406564312,0.10478001397782413,0.07816589042745681,0.0004191200559112965,0.005361878910097319,0.06651264151976127,0.06651264151976127,-0.054024049161123244,0.10263534269380466,final,0.0,-0.05938592807122056
45.94007570005488,4023.664663271,odom,turning,4,4,,0.0779981823914406,0.06687675994996185,0.02585422075815602,-7.0361069181419795,-5.855078973782619,1.4960712430806653,1.1844605886471333,-1.7783877849578857,1.2533292208445572,-1.2533292208445572,0.033332355999846186,pixhawk_fused,True,0.8,0.2,gyro,-1.0,0.0,0.0,0.0,0.0,0.011967872000241186,1,0.07835564455073109,0.07835564455073109,0.10503286622119577,0.07835451820101205,0.0004201314648847831,0.005361878910097319,0.06645758380209696,0.06645758380209696,-0.020492341848058704,0.10274345467120159,final,0.0,-0.02585422075815602
46.28301170002669,4023.784057562,odom,turning,4,4,,0.0779981823914406,0.06687675994996185,0.02585422075815602,-7.0361069181419795,-5.855078973782619,1.4960712430806653,1.1844605886471333,-1.7783877849578857,1.2533292208445572,-1.2533292208445572,0.15265620499985744,pixhawk_fused,True,0.8,0.2,gyro,-1.0,0.0,0.0,0.0,0.0,0.008064037000167446,1,0.07835564455073109,0.07835564455073109,0.10503286622119577,0.07835451820101205,0.0004201314648847831,0.005361878910097319,0.06645758380209696,0.06645758380209696,-0.020492341848058704,0.10274345467120159,final,0.0,-0.02585422075815602
46.28312999999616,,mission_status,navigating,4,4,correcting final position at waypoint 4/4,0.0779981823914406,0.06687675994996185,0.02585422075815602,,,,,,,,,,,,,,,,,,,,,,,,,,,,,,,,,
46.283182400045916,4023.902891388,odom,navigating,4,4,,0.0779981823914406,0.06687675994996185,0.02699092466613484,-7.0361069181419795,-5.855078973782619,1.4972079469886441,1.1844605886471333,-1.7790859937667847,1.2547371662772575,-1.2547371662772575,0.09174909300008949,pixhawk_fused,True,0.8,0.2,gyro,-1.0,0.0,0.0,0.05,-0.7002058777490281,0.01260924400003205,1,0.07835564455073109,0.07835564455073109,0.10503286622119577,0.07835451820101205,0.0004201314648847831,0.005361878910097319,0.06645758380209696,0.06645758380209696,-0.021629045756037524,0.10274345467120159,,,
46.28327750007156,4024.008106145,odom,navigating,4,4,,0.0779981823914406,0.06687675994996185,0.027488589313790834,-7.0361069181419795,-5.855078973782619,1.4977056116363001,1.1844605886471333,-1.7794805765151978,1.255353554636481,-1.255353554636481,0.09353609899972071,pixhawk_fused,True,0.8,0.2,gyro,-1.0,0.0,0.0,0.05,-0.6997764475910271,0.013991280000027473,1,0.07835564455073109,0.07835564455073109,0.10503286622119577,0.07835451820101205,0.0004201314648847831,0.005361878910097319,0.06645758380209696,0.06645758380209696,-0.022126710403693517,0.10274345467120159,,,
46.62068390008062,4024.126882898,odom,navigating,4,4,,0.0779981823914406,0.06687675994996185,0.02767283635721207,-7.0361069181419795,-5.855078973782619,1.4978898586797214,1.1844605886471333,-1.7796916961669922,1.2555817513868759,-1.2555817513868759,0.011841747000289615,pixhawk_fused,True,0.8,0.2,gyro,-1.0,0.0,0.0,0.05,-0.6997764475910271,0.03295321900031922,1,0.07835564455073109,0.07835564455073109,0.10503286622119577,0.07835451820101205,0.0004201314648847831,0.005361878910097319,0.06645758380209696,0.06645758380209696,-0.022310957447114754,0.10274345467120159,,,
46.62082510010805,4024.230634641,odom,navigating,4,4,,0.0779981823914406,0.06687675994996185,0.027909880239470386,-7.0361069181419795,-5.855078973782619,1.4981269025619797,1.1844605886471333,-1.7799575328826904,1.2558753353261933,-1.2558753353261933,0.010457655000209343,pixhawk_fused,True,0.8,0.2,gyro,-1.0,0.0,0.0,0.05,-0.6996174185792025,0.037344374999975116,1,0.07835564455073109,0.07835564455073109,0.10503286622119577,0.07835451820101205,0.0004201314648847831,0.005361878910097319,0.06645758380209696,0.06645758380209696,-0.02254800132937307,0.10274345467120159,,,
46.62093279999681,4024.346245444,odom,navigating,4,4,,0.0779981823914406,0.06687675994996185,0.028042717010621665,-7.0361069181419795,-5.855078973782619,1.498259739333131,1.1844605886471333,-1.7801215648651123,1.2560398547279261,-1.2560398547279261,0.012171330000001035,pixhawk_fused,True,0.8,0.2,gyro,-1.0,0.0,0.0,0.05,-0.6994127841389457,0.003922131999843259,1,0.07835564455073109,0.07835564455073109,0.10503286622119577,0.07835451820101205,0.0004201314648847831,0.005361878910097319,0.06645758380209696,0.06645758380209696,-0.022680838100524348,0.10274345467120159,,,
46.93902460008394,4024.446289067,odom,navigating,4,4,,0.0779981823914406,0.06687675994996185,0.028042717010621665,-7.0361069181419795,-5.855078973782619,1.498259739333131,1.1844605886471333,-1.7801215648651123,1.2560398547279261,-1.2560398547279261,0.11213812200003304,pixhawk_fused,True,0.8,0.2,gyro,-1.0,0.0,0.0,0.05,-0.6992980920776963,0.003964149999774236,1,0.07835564455073109,0.07835564455073109,0.10503286622119577,0.07835451820101205,0.0004201314648847831,0.005361878910097319,0.06645758380209696,0.06645758380209696,-0.022680838100524348,0.10274345467120159,,,
46.939167400007136,4024.546568016,odom,navigating,4,4,,0.0779981823914406,0.06687675994996185,0.028188793243507204,-7.0361069181419795,-5.855078973782619,1.4984058155660165,1.1844605886471333,-1.7802972793579102,1.256220769821674,-1.256220769821674,0.032084465000025375,pixhawk_fused,True,0.8,0.2,gyro,-1.0,0.0,0.0,0.05,-0.6992980920776963,0.003937243000109447,1,0.07835564455073109,0.07835564455073109,0.10503286622119577,0.07835451820101205,0.0004201314648847831,0.005361878910097319,0.06645758380209696,0.06645758380209696,-0.022826914333409887,0.10274345467120159,,,
46.9392622000305,4024.663895087,odom,navigating,4,4,,0.0779981823914406,0.06687675994996185,0.02847479307407652,-7.0361069181419795,-5.855078973782619,1.4986918153965858,1.1844605886471333,-1.7806607484817505,1.2565749754710203,-1.2565749754710203,0.030965902999923856,pixhawk_fused,True,0.8,0.2,gyro,-1.0,0.0,0.0,0.05,-0.6989752786440202,0.02397818899999038,1,0.07835564455073109,0.07835564455073109,0.10503286622119577,0.07835451820101205,0.0004201314648847831,0.005361878910097319,0.06645758380209696,0.06645758380209696,-0.023112914163979204,0.10274345467120159,,,
47.24641120003071,4024.764066446,odom,navigating,4,4,,0.0779981823914406,0.06687675994996185,0.02847479307407652,-7.0361069181419795,-5.855078973782619,1.4986918153965858,1.1844605886471333,-1.7806607484817505,1.2565749754710203,-1.2565749754710203,0.13126616599993213,pixhawk_fused,True,0.8,0.2,gyro,-1.0,0.0,0.0,0.05,-0.6989249496912745,0.02388032099997872,1,0.07835564455073109,0.07835564455073109,0.10503286622119577,0.07835451820101205,0.0004201314648847831,0.005361878910097319,0.06645758380209696,0.06645758380209696,-0.023112914163979204,0.10274345467120159,,,
47.24653970007785,4024.865328498,odom,navigating,4,4,,0.0779981823914406,0.06687675994996185,0.028601247210796377,-7.0361069181419795,-5.855078973782619,1.4988182695333057,1.1844605886471333,-1.7808210849761963,1.2567315847404614,-1.2567315847404614,0.05485659400028453,pixhawk_fused,True,0.8,0.2,gyro,-1.0,0.0,0.0,0.05,-0.6989249496912745,0.024654095999721903,1,0.07835564455073109,0.07835564455073109,0.10503286622119577,0.07835451820101205,0.0004201314648847831,0.005361878910097319,0.06645758380209696,0.06645758380209696,-0.02323936830069906,0.10274345467120159,,,
47.246633500093594,4024.966882375,odom,navigating,4,4,,0.0779981823914406,0.06687675994996185,0.02886559202150063,-7.0361069181419795,-5.855078973782619,1.49908261434401,1.1844605886471333,-1.7811698913574219,1.2570589632751734,-1.2570589632751734,0.04844175300013376,pixhawk_fused,True,0.8,0.2,gyro,-1.0,0.0,0.0,0.05,-0.6985873419838018,0.022064316000069084,1,0.07835564455073109,0.07835564455073109,0.10503286622119577,0.07835451820101205,0.0004201314648847831,0.005361878910097319,0.06645758380209696,0.06645758380209696,-0.023503713111403313,0.10274345467120159,,,
47.561122800107114,4025.067373707,odom,navigating,4,4,,0.07804558435556873,0.066862691073242,0.028733383799601775,-7.036088160744828,-5.855033224033467,1.498950406122111,1.1837738685116537,-1.7811698913574219,1.2570589632751734,-1.2570589632751734,0.14884781000000658,pixhawk_fused,True,0.8,0.2,gyro,-1.0,0.0,0.0,0.05,-0.6985873419838018,0.02472600099963529,1,0.07840297039821173,0.07840297039821173,0.10509630478309824,0.07840184336819128,0.00042038521913239296,0.005361878910097319,0.06644326096524103,0.06644326096524103,-0.023371504889504457,0.10277029091599375,,,
47.56136620009784,4025.183295298,odom,navigating,4,4,,0.07842384376060804,0.06675050337038309,0.027733505861185392,-7.035938559065102,-5.854668141035237,1.4979505281836947,1.1783722631690852,-1.7811981439590454,1.257107754133999,-1.257107754133999,0.06837399799997002,pixhawk_fused,True,0.8,0.2,gyro,-1.0,0.010275034233927727,-0.13505564630031586,0.05,-0.6983027881242245,0.041622367999934795,1,0.07878062283183769,0.07878062283183769,0.10560253401223134,0.07877949037312458,0.00042241013604892534,0.005361878910097319,0.06632904670365405,0.06632904670365404,-0.022371626951088075,0.1029850910102418,,,
47.561550600104965,4025.285373086,odom,navigating,4,4,,0.08039613052581529,0.06613428298117605,0.016229513324613754,-7.035127416012643,-5.852767696455478,1.486446535647123,1.150052022379991,-1.7721432447433472,1.249596641816556,-1.249596641816556,0.05487570500008587,pixhawk_fused,True,0.8,0.2,gyro,-1.0,0.028950560837984085,-0.3805278539657593,0.05,-0.6925131164346456,0.04519569500007492,1,0.08074957716246475,0.08074957716246475,0.10824184504068572,0.08074841640035155,0.0004329673801627429,0.005361878910097319,0.06570226006037655,0.06570226006037655,-0.010867634414516434,0.10410226313081863,,,
47.88108020008076,4025.386055616,odom,navigating,4,4,,0.083524088455042,0.0650337062354115,0.007570879883525672,-7.033718323738773,-5.84976605541364,1.477787902206035,1.1045960424159331,-1.7721432447433472,1.249596641816556,-1.249596641816556,0.15497945500010246,pixhawk_fused,True,0.8,0.2,gyro,-1.0,0.03329744562506676,-0.43766358494758606,0.05,-0.6890656240732875,0.0433295799998632,1,0.08387158899683611,0.08387158899683611,0.11242678734089499,0.08387038335630767,0.00044970714936357997,0.005361878910097319,0.06458492748393607,0.06458492748393607,-0.0022090009734283527,0.10585677257010759,,,
47.88121520006098,4025.486110127,odom,navigating,4,4,,0.08727063613048222,0.06350354862165669,-0.028554242881886127,-7.031819709148981,-5.846192085009914,1.4416627794406232,1.049145594367421,-1.7379974126815796,1.217972677089631,-1.217972677089631,0.07224304000010306,pixhawk_fused,True,0.8,0.2,gyro,-1.0,0.040981475263834,-0.5386629104614258,0.05,-0.6635408285818503,0.04340815100022155,1,0.08760987833573397,0.08760987833573397,0.11743782702131478,0.08760861895790083,0.0004697513080852591,0.005361878910097319,0.06303470342723946,0.06303470342723946,0.033916121791983445,0.10792990604166272,,,
47.8813246000791,4025.606679756,odom,navigating,4,4,,0.09180373336649185,0.06131475619404285,-0.149438133673923,-7.029186811085304,-5.841901673534474,1.3207788886485863,0.9801758731339804,-1.607009768486023,1.0849248536605234,-1.0849248536605234,0.007756433999929868,pixhawk_fused,True,0.8,0.2,gyro,-1.0,0.0463116355240345,-0.6087228655815125,0.05,-0.6540104982704883,0.011974835000273742,1,0.09213117442548231,0.09213117442548231,0.12349845851843035,0.09212985005474904,0.0004939938340737214,0.005361878910097319,0.060821636661160285,0.06082163666116029,0.15480001258402032,0.11039667018149073,,,
48.22019360004924,4025.724249245,odom,navigating,4,4,,0.09647407228276168,0.05863630979359958,-0.18133109851728801,-7.026052953268418,-5.837523880038155,1.2888859238052213,0.906430129233234,-1.584896445274353,1.062856505729615,-1.062856505729615,0.020465601000069,pixhawk_fused,True,0.8,0.2,gyro,-1.0,0.04736984893679619,-0.6226320862770081,0.05,-0.7131634521546084,0.032959903000119084,1,0.09678708476993399,0.09678708476993399,0.12973953548423922,0.09678569347124245,0.0005189581419369569,0.005361878910097319,0.05811818709120341,0.0581181870912034,0.18669297742738533,0.11289580793382237,,,
48.22035420010798,4025.843498225,odom,navigating,4,4,,0.10116740553730778,0.05545208138303294,-0.2918251928186144,-7.022413560723406,-5.833173993888818,1.1783918295038949,0.8287171836616667,-1.4657782316207886,0.9446796282905929,-0.9446796282905929,0.02503776999992624,pixhawk_fused,True,0.8,0.2,gyro,-1.0,0.05121154338121414,-0.6731275320053101,0.05,-0.7507930655346248,0.0032624460000079125,1,0.1014632771932234,0.1014632771932234,0.13600779983246916,0.10146181867502199,0.0005440311993298767,0.005361878910097319,0.05490883948939107,0.05490883948939108,0.2971870717287117,0.11536800801288286,,,
48.220697800046764,4025.945126452,odom,navigating,4,4,,0.10496486231767999,0.052456092999722974,-0.35533257277141006,-7.0190514116582525,-5.8296965554558025,1.1148844495510992,0.7624329474254217,-1.40207040309906,0.8818265430707328,-0.8818265430707328,0.015574161999666103,pixhawk_fused,True,0.8,0.2,gyro,-1.0,0.05122939497232437,-0.6733621954917908,0.05,-0.7299628289210005,0.004500134999943839,1,0.10524461533581428,0.10524461533581428,0.14107654485454232,0.10524310246148857,0.0005643061794181693,0.005361878910097319,0.05189253276707147,0.051892532767071474,0.3606944516815074,0.11734250727747852,,,
48.54273900005501,4026.046597923,odom,navigating,4,4,,0.10859140805563079,0.04918075812968728,-0.3679930169325534,-7.015428489022934,-5.8264172134366135,1.102224005389956,0.6954773882884854,-1.40207040309906,0.8818265430707328,-0.8818265430707328,0.11654433199964842,pixhawk_fused,True,0.8,0.2,gyro,-1.0,0.051198810338974,-0.6729601621627808,0.05,-0.7288722909437165,0.00410516399961125,1,0.10885354707794356,0.10885354707794356,0.1459141854233347,0.10885198232580769,0.0005836567416933388,0.005361878910097319,0.048597799973509506,0.048597799973509506,0.3733548958426507,0.11920923149536414,,,
48.542890900047496,4026.167179458,odom,navigating,4,4,,0.11258678147071767,0.04500277044511229,-0.48808653091533394,-7.010870441514958,-5.822861542932549,0.9821304914071753,0.6162537848034345,-1.2723381519317627,0.7522269027609222,-0.7522269027609222,0.04456460099981996,pixhawk_fused,True,0.8,0.2,gyro,-1.0,0.0490291491150856,-0.6444420218467712,0.05,-0.7692541050403657,0.024579802000062045,1,0.1128264613034723,0.1128264613034723,0.15123973115460715,0.11282483944133694,0.0006049589246184286,0.005361878910097319,0.044398449741028946,0.044398449741028946,0.49344840982543126,0.12124781527792823,,,
48.543077400070615,4026.267289671,odom,navigating,4,4,,0.11572762886261778,0.04119560655377864,-0.500816360770592,-7.006767146513548,-5.820118845470909,0.9694006615519173,0.5486420792800131,-1.2723381519317627,0.7522269027609222,-0.7522269027609222,0.1449698050000734,pixhawk_fused,True,0.8,0.2,gyro,-1.0,0.051684800535440445,-0.6793480515480042,0.05,-0.7468211451417279,0.024900311000237707,1,0.1159468500922368,0.1159468500922368,0.1554224978217389,0.11594518337501722,0.0006216899912869555,0.005361878910097319,0.04057449981436496,0.04057449981436496,0.5061782396806893,0.12284120677320592,,,
48.88356760004535,4026.386253788,odom,navigating,4,4,,0.11925299807743166,0.036198146067556336,-0.5687976857653444,-7.001440960717315,-5.817113086951647,0.9014193365571649,0.4648102807876054,-1.2088687419891357,0.6878692153472297,-0.6878692153472297,0.0861281920001602,pixhawk_fused,True,0.8,0.2,gyro,-1.0,0.053793542087078094,-0.7070654630661011,0.05,-0.7407185424912845,0.04390647099990019,1,0.11944537298084831,0.11944537298084831,0.16011213937389807,0.11944365597292796,0.0006404485574955923,0.005361878910097319,0.0355582086535598,0.0355582086535598,0.5741595646754417,0.12462577313374655,,,
48.88371810002718,4026.502983375,odom,navigating,4,4,,0.12227907511304513,0.031049596216919467,-0.6374834423632891,-6.9960145829704405,-5.814619268125392,0.8327335799592201,0.3829774041707058,-1.1418343782424927,0.6221698975939147,-0.6221698975939147,0.09017117299981692,pixhawk_fused,True,0.8,0.2,gyro,-1.0,0.04888450354337692,-0.6425407528877258,0.05,-0.7029385213768858,0.01261017000024367,1,0.12244380074850895,0.12244380074850895,0.16413142176765996,0.12244204063867434,0.0006565256870706399,0.005361878910097319,0.03039350743160303,0.03039350743160303,0.6428453212733864,0.12615961967180891,,,
48.88381910009775,4026.606842113,odom,navigating,4,4,,0.12447584435217801,0.02657329905847409,-0.705079182318519,-6.991340331099618,-5.812883065145087,0.7651378400039903,0.31464853454449837,-1.075579285621643,0.5547401689071052,-0.5547401689071052,0.0430769570002667,pixhawk_fused,True,0.8,0.2,gyro,-1.0,0.05155791714787483,-0.677680253982544,0.05,-0.6734962659831388,0.013470849999976053,1,0.12461653716111544,0.12461653716111544,0.16704389519912366,0.12461474581854624,0.0006681755807964947,0.005361878910097319,0.025905495864991315,0.025905495864991312,0.7104410612286163,0.12728069786907498,,,
49.21589430002496,4026.708404212,odom,navigating,4,4,,0.12632586258446982,0.022051891773257885,-0.8022123542703127,-6.986656014283983,-5.811496390248301,0.6680046680521966,0.2477082320821069,-0.9709320068359375,0.4507248853225105,-0.4507248853225105,0.09519186699981219,pixhawk_fused,True,0.8,0.2,gyro,-1.0,0.05136490985751152,-0.6751433610916138,0.05,-0.7332443212250925,0.014247494999835908,1,0.1264422856774921,0.1264422856774921,0.16949124408858343,0.12644046809008325,0.0006779649763543337,0.005361878910097319,0.021374234048061432,0.021374234048061432,0.80757423318041,0.12823614735514255,,,
49.21605360007379,4026.826577554,odom,navigating,4,4,,0.12824061236427797,0.016132722773408166,-0.8912974664085322,-6.980574500129257,-5.810185659935107,0.578919555913977,0.16245739836910153,-0.8806301355361938,0.3607593287605636,-0.3607593287605636,0.11203843800012692,pixhawk_fused,True,0.8,0.2,gyro,-1.0,0.05686184763908386,-0.7473954558372498,0.05,-0.7632028289803656,0.03260598699989714,1,0.12832527021773193,0.12832527021773193,0.17201531576772763,0.1283234255627248,0.0006880612630709106,0.005361878910097319,0.015444883528040283,0.015444883528040281,0.8966593453186296,0.12925138066438072,,,
49.216216600034386,4026.943359713,odom,navigating,4,4,,0.12965254966528467,0.01002900200364262,-0.962383247284682,-6.9743598542045,-5.809393731777292,0.5078337750378272,0.07661144198698558,-0.812710702419281,0.2930549705404632,-0.2930549705404632,0.1142532840003696,pixhawk_fused,True,0.8,0.2,gyro,-1.0,0.05130345746874809,-0.6743356585502625,0.05,-0.699869771582076,0.0030458790001830494,1,0.12970445996751695,0.12970445996751695,0.1738640690172657,0.1297025954868802,0.0006954562760690628,0.005361878910097319,0.00933367989771268,0.009333679897712678,0.9677451261947794,0.13003985741263396,,,
49.51812610006891,4027.043688734,odom,navigating,4,4,,0.1304149891161925,0.00495272936932698,-1.0318787320160532,-6.969232679817076,-5.809144853141907,0.4383382903064561,0.0062836804630883765,-0.7427912354469299,0.22374951342528987,-0.22374951342528987,0.03505308599960699,pixhawk_fused,True,0.8,0.2,gyro,-1.0,0.05387937277555466,-0.7081936597824097,0.05,-0.6604804868847055,0.003660269000192784,1,0.1304396702297211,0.1304396702297211,0.17484959139484688,0.13043779518055576,0.0006993983655793876,0.005361878910097319,0.004253392145571843,0.004253392145571843,1.0372406109261505,0.13050899936166244,,,
49.518287700018845,4027.14444441,odom,navigating,4,4,,0.13080299822207425,0.00013295494950874356,-1.109406943921759,-6.964398303824224,-5.809242757605092,0.3608100784007502,-0.0599699796418067,-0.6631017923355103,0.14364124599879907,-0.14364124599879907,0.09526999499985322,pixhawk_fused,True,0.8,0.2,gyro,-1.0,0.05121154338121414,-0.6731275320053101,0.05,-0.6673226303455871,0.0039422429999831365,1,0.13080183083505165,0.13080183083505165,0.17533505439663025,0.13079995057988617,0.000701340217586521,0.005361878910097319,0.0005683934386415395,-0.0005683934386415396,1.1147688228318564,0.130803065793209,,,
49.51840120006818,4027.246336758,odom,navigating,4,4,,0.13087264026941506,-0.004557551728801342,-1.1633723952221564,-6.959724509450893,-5.809644440402643,0.3068446271003529,-0.1242400029042345,-0.6117290258407593,0.09203437522834466,-0.09203437522834466,0.04640986399999747,pixhawk_fused,True,0.8,0.2,gyro,-1.0,0.04865823686122894,-0.6395667195320129,0.05,-0.5779285118216112,0.0039604279995728575,1,0.13084632207297203,0.13084632207297203,0.17539469326843457,0.1308444411782522,0.0007015787730737383,0.005361878910097319,0.005259206102112299,-0.005259206102112299,1.1687342741322537,0.13095197306206738,,,
49.85814870009199,4027.34725743,odom,navigating,4,4,,0.13063727473963874,-0.009292174542999085,-1.2245569845549398,-6.955037447650309,-5.810354019011985,0.2456600377675695,-0.18919667190815131,-0.5510220527648926,0.03171053484862969,-0.03171053484862969,0.03351744300016435,pixhawk_fused,True,0.8,0.2,gyro,-1.0,0.048738282173871994,-0.6406188607215881,0.05581071883025018,-0.3153107938671797,0.0045700210002905806,1,0.1305855735739647,0.1305855735739647,0.17504516947381013,0.13058369642746237,0.0007001806778952405,0.005361878910097319,0.00999249886144951,-0.00999249886144951,1.229918863465037,0.1309673320303098,,,
49.858294300036505,4027.467614749,odom,navigating,4,4,,0.1300897354238842,-0.013999904574680469,-1.3349850585725844,-6.9504084880311465,-5.811371493433117,0.13523196374992486,-0.2541380691849233,-0.4308224618434906,-0.08918888660484627,0.08918888660484627,0.04512769700022545,pixhawk_fused,True,0.8,0.2,gyro,-1.0,0.03617935627698898,-0.4755435883998871,0.059591144554245294,-0.31522073293750646,0.02485097900034816,1,0.13001279997157927,0.13001279997157927,0.1742773874780226,0.13001093105860487,0.0006971095499120904,0.005361878910097319,0.01469722539483083,-0.014697225394830827,1.3403469374826817,0.13084088271926458,,,
49.858398300013505,4027.584165932,odom,navigating,4,4,,0.12932961915491148,-0.018223284350648933,-1.3459823877547479,-6.946282775652652,-5.812551836961229,0.1242346345677614,-0.3129301809186627,-0.4308224618434906,-0.08918888660484627,0.08918888660484627,0.16234450999991168,pixhawk_fused,True,0.8,0.2,gyro,-1.0,0.03842395916581154,-0.5050467848777771,0.05,-0.33340968092982975,0.043712512999718456,1,0.12923004948671232,0.12923004948671232,0.1732281391764739,0.1292281918256495,0.0006929125567058956,0.005361878910097319,0.018916468828535142,-0.01891646882853514,1.3513442666648452,0.13060719154502579,,,
50.183297500014305,4027.68428894,odom,navigating,4,4,,0.1285497398254126,-0.021540051617946365,-1.4144297514534494,-6.9430610783173945,-5.813660810880664,0.05578727086905988,-0.3596068051374564,-0.35486286878585815,-0.16261846663767174,0.16261846663767174,0.07075033899991467,pixhawk_fused,True,0.8,0.2,gyro,-1.0,0.0384163074195385,-0.5049461722373962,0.05,-0.6545252271901636,0.04396808000001329,1,0.12843239734860706,0.12843239734860706,0.1721589157555828,0.12843055115366475,0.0006886356630223312,0.005361878910097319,0.022229006819346933,-0.02222900681934693,1.4197916303635467,0.13034189438889196,,,
50.18342710006982,4027.786097865,odom,navigating,4,4,,0.1273974076055421,-0.025522062919199326,-1.4770170105850704,-6.9392148969062175,-5.81520715240199,-0.0067999882625611185,-0.4164000313852023,-0.2906574010848999,-0.22653945060783698,0.22653945060783698,0.06550267000011445,pixhawk_fused,True,0.8,0.2,gyro,-1.0,0.048667922616004944,-0.6396940350532532,0.05,-0.6383521185904447,0.0446840780000457,1,0.12725873073321606,0.12725873073321606,0.17058565872592701,0.12725690140954155,0.0006823426349037081,0.005361878910097319,0.026204782243610048,-0.026204782243610045,1.4823788894951677,0.12992873108078984,,,
50.18352530000266,4027.90833002,odom,navigating,4,4,,0.12547816196030678,-0.030812412764683092,-1.5379643108407064,-6.934143994710251,-5.817647901519229,-0.06774728851819711,-0.4935179459933032,-0.2324572056531906,-0.2837725338559754,0.2837725338559754,0.07154194599979746,pixhawk_fused,True,0.8,0.2,gyro,-1.0,0.05146509408950806,-0.6764602065086365,0.05,-0.6526540925162694,0.014722111000082805,1,0.12531114659748302,0.12531114659748302,0.16797499365953822,0.1253093452700155,0.0006718999746381528,0.005361878910097319,0.031484765327731236,-0.031484765327731236,1.5433261897508037,0.12920593604520725,,,
50.52254040003754,4028.030620045,odom,navigating,4,4,,0.12307278658955415,-0.03611089864508938,-1.6033602578422679,-6.929113809791029,-5.8205731404799845,-0.1331432355197586,-0.5732298915730294,-0.17040671408176422,-0.3459016856771119,0.3459016856771119,0.015279356000064581,pixhawk_fused,True,0.8,0.2,gyro,-1.0,0.04909808933734894,-0.6453481316566467,0.05,-0.6339135855807929,0.0361591299997599,1,0.12287739610004383,0.12287739610004383,0.164712640425397,0.12287562975734616,0.000658850561701588,0.005361878910097319,0.036770277773587615,-0.036770277773587615,1.6087221367523652,0.12826109230734728,,,
50.52270130009856,4028.144390268,odom,navigating,4,4,,0.12042523465528249,-0.04091422681720181,-1.6776884170421704,-6.92460059703722,-5.823689613392194,-0.20747139471966114,-0.6483794397056725,-0.09703226387500763,-0.4200430357676156,0.4200430357676156,0.08640861000003497,pixhawk_fused,True,0.8,0.2,gyro,-1.0,0.05377212539315224,-0.7067839503288269,0.05,-0.6549214820661942,0.004170143999999709,1,0.1202041274832862,0.1202041274832862,0.161129221941545,0.12020239956839257,0.00064451688776618,0.005361878910097319,0.04155934111377568,-0.04155934111377568,1.6830502959522677,0.12718573464751967,,,
50.522805600077845,4028.246299874,odom,navigating,4,4,,0.11779753789492738,-0.04497569865123172,-1.7296516722332949,-6.920823497747262,-5.82671184182115,-0.2594346499107856,-0.7146483397094673,-0.047040801495313644,-0.4687638656120904,0.4687638656120904,0.03577165800015791,pixhawk_fused,True,0.8,0.2,gyro,-1.0,0.05119116231799126,-0.6728596091270447,0.05,-0.6463347499867854,0.003964352999901166,1,0.11755469147982386,0.11755469147982386,0.15757775020126585,0.11755300165014433,0.0006303110008050634,0.005361878910097319,0.045606665240474284,-0.045606665240474284,1.7350135511433922,0.1260915278806362,,,
50.84048260003328,4028.347054883,odom,navigating,4,4,,0.11490632588750051,-0.048854545686859215,-1.8470574544978586,-6.917254559815944,-5.829977916413085,-0.37684043217534935,-0.7809477941743593,0.08292864263057709,-0.5978471888523704,0.5978471888523704,0.030181739999989077,pixhawk_fused,True,0.8,0.2,gyro,-1.0,0.04609039053320885,-0.6058148145675659,0.05,-0.6299522626536804,0.00422745700006999,1,0.11464272322464185,0.11464272322464185,0.15367436361130707,0.11464107525403508,0.0006146974544452283,0.005361878910097319,0.049469954263896894,-0.049469954263896894,1.852419333407956,0.12486084399536103,,,
50.84075830003712,4028.448825309,odom,navigating,4,4,,0.11175009526517113,-0.05254954017967186,-1.9122320763379688,-6.913895155735739,-5.833489209660473,-0.4420150540154595,-0.8475371479004862,0.1464790403842926,-0.6626951266151078,0.6626951266151078,0.014265290999901481,pixhawk_fused,True,0.8,0.2,gyro,-1.0,0.05235918611288071,-0.6882122159004211,0.05,-0.6628946063939323,0.003932742999950278,1,0.11146672595450538,0.11146672595450538,0.14941705581547687,0.11146512363834575,0.0005976682232619075,0.005361878910097319,0.053147972396442075,-0.05314797239644208,1.917593955248066,0.1234890196125541,,,
50.84110370010603,4028.564837785,odom,navigating,4,4,,0.10777425594370298,-0.05657509316262393,-1.9266134136404505,-6.910289160507608,-5.837849160754623,-0.4563963913179412,-0.9250670560492029,0.1464790403842926,-0.6626951266151078,0.6626951266151078,0.13020039799994265,pixhawk_fused,True,0.8,0.2,gyro,-1.0,0.05159151926636696,-0.6781219244003296,0.05,-0.8102949731582877,0.022244735999720433,1,0.10746935936086854,0.10746935936086854,0.14405873258204727,0.10746781450620727,0.0005762349303281891,0.005361878910097319,0.05715214964586085,-0.05715214964586085,1.9319752925505478,0.12172112146451154,,,
51.177251500077546,4028.667089697,odom,navigating,4,4,,0.10364201971262878,-0.060171782448665015,-2.0414899512482485,-6.907125565353772,-5.842321656231687,-0.5712729289257392,-1.0001555012848113,0.27495571970939636,-0.7865863228660234,0.7865863228660234,0.044649783999830106,pixhawk_fused,True,0.8,0.2,gyro,-1.0,0.056827593594789505,-0.7469452023506165,0.05,-0.8047193953207294,0.02451198900007512,1,0.1033178976099993,0.1033178976099993,0.1384938504449455,0.10331641243192934,0.000553975401779782,0.005361878910097319,0.060726630785941864,-0.06072663078594186,2.046851830158346,0.11984286233715549,,,
51.17738220002502,4028.786247326,odom,navigating,4,4,,0.09851927941120232,-0.06394568323681461,-2.0575001590642414,-6.903885110621363,-5.847797443707645,-0.5872831367417322,-1.0873595789018735,0.27495571970939636,-0.7865863228660234,0.7865863228660234,0.16399744499994995,pixhawk_fused,True,0.8,0.2,gyro,-1.0,0.05377480015158653,-0.7068191170692444,0.05,-0.8280887723972118,0.04393720999996731,1,0.09817499584505081,0.09817499584505081,0.13159997935035123,0.09817358459536202,0.0005263999174014049,0.005361878910097319,0.06447300994330762,-0.06447300994330762,2.0628620379743388,0.11745253858612673,,,
51.1774850001093,4028.902789861,odom,navigating,4,4,,0.09290989067622331,-0.06735807603996807,-2.130618293506875,-6.901053201148876,-5.853721121227798,-0.6604012711843656,-1.1773253211427708,0.3446752727031708,-0.8559979482513078,0.8559979482513078,0.10413302699998894,pixhawk_fused,True,0.8,0.2,gyro,-1.0,0.059173017740249634,-0.7777736186981201,0.05,-0.8346520434980005,0.012274363999949855,1,0.09254739099479496,0.09254739099479496,0.12405638155632147,0.09254606064101581,0.0004962255262252859,0.005361878910097319,0.06785527697482657,-0.06785527697482657,2.1359801724169722,0.11475782410482471,,,
51.50310480000917,4029.00747539,odom,navigating,4,4,,0.08810060705351194,-0.06976824036967812,-2.2015298386596722,-6.8991381166493895,-5.858748103664579,-0.7313128163371629,-1.2510557438397065,0.41437846422195435,-0.926292591713012,0.926292591713012,0.09733086200003527,pixhawk_fused,True,0.8,0.2,gyro,-1.0,0.05403023958206177,-0.7101766467094421,0.05,-0.8491931150752031,0.013625233999846387,1,0.08772525355739073,0.08772525355739073,0.11759248327219496,0.08772399252105743,0.00047036993308877985,0.005361878910097319,0.07023961998594531,-0.07023961998594531,2.2068917175697695,0.1123802666284366,,,
51.503240799997,4029.107708858,odom,navigating,4,4,,0.08331132550823495,-0.07174783259184118,-2.342218787202323,-6.897649419811995,-5.863711951447531,-0.8720017648798135,-1.3220396259277518,0.5709076523780823,-1.082501655302585,1.082501655302585,0.0038770220003243594,pixhawk_fused,True,0.8,0.2,gyro,-1.0,0.056620098650455475,-0.7442178726196289,0.05,-0.8622335504162408,0.014103813000019727,1,0.08292542657433465,0.08292542657433465,0.11115849133342898,0.08292423453473802,0.0004446339653337159,0.005361878910097319,0.07219350432712475,-0.07219350432712475,2.34758066611242,0.10994784417880119,,,
51.50334210006986,4029.227692149,odom,navigating,4,4,,0.07701278264690077,-0.0737762794239072,-2.462350921706239,-6.8962636599101925,-5.8701823384700464,-0.9921338993837299,-1.4127226347961994,0.6985912322998047,-1.2093466214161523,1.2093466214161523,0.009446627000215813,pixhawk_fused,True,0.8,0.2,gyro,-1.0,0.059452448040246964,-0.7814464569091797,0.05,-0.8794163903171465,0.03387971100028153,1,0.07661609801936142,0.07661609801936142,0.10270106792941348,0.07661499667534245,0.00041080427171765393,0.005361878910097319,0.07418815013828567,-0.07418815013828566,2.4677128006163365,0.10664852599381397,,,
51.82245510001667,4029.344801594,odom,navigating,4,4,,0.0704675863751837,-0.07524242661146115,-2.5393235881949687,-6.895462124305056,-5.876841671956558,-1.0691065658724594,-1.504641540595124,0.7729479074478149,-1.2829014470201143,1.2829014470201143,0.01983076600026834,pixhawk_fused,True,0.8,0.2,gyro,-1.0,0.05631588399410248,-0.7402192950248718,0.05,-0.9057808988553449,0.003017953999915335,4,2.5349511173930273,0.4293350646792422,0.8518284599315219,-0.0005926861602739125,-0.07467845619451297,1.5628599854874305,0.07106251047806224,-0.07106251047806225,-2.1810017334971867,0.10308784357005966,,,
51.82260250009131,4029.44628636,odom,navigating,4,4,,0.06508797641293672,-0.07598351900483982,-2.552979174090519,-6.895264942886213,-5.882268507200924,-1.0827621517680097,-1.5790586547866465,0.7729479074478149,-1.2829014470201143,1.2829014470201143,0.12096469000016441,pixhawk_fused,True,0.8,0.2,gyro,-1.0,0.056332699954509735,-0.740440309047699,0.05,-0.923522223756033,0.004001148000043031,4,2.534167354365994,0.42855130165220895,0.8502734235340923,-0.0005989063058636306,-0.07546219453881747,1.5628599854874305,0.06568895143410576,-0.06568895143410577,-2.167346147601637,0.10004968682554614,,,
51.822801100090146,4029.546722359,odom,navigating,4,4,,0.05942221670708736,-0.07633137358318068,-2.626511876076633,-6.895487744164581,-5.887940561100743,-1.1562948537541236,-1.6568632877277505,0.8452795743942261,-1.355489333472789,1.355489333472789,0.014045388999875286,pixhawk_fused,True,0.8,0.2,gyro,-1.0,0.05633830651640892,-0.7405139803886414,0.05,-0.9271611102136055,0.004230919999827165,4,2.53377454581173,0.4281584930979451,0.849494066026742,-0.000602023735893032,-0.075854990722522,1.5628599854874305,0.06002613082139022,-0.06002613082139022,-2.093813445615523,0.09673406034835479,,,
52.158488400047645,4029.666950144,odom,navigating,4,4,,0.05231217306828135,-0.07614628875148864,-2.76907081091683,-6.896385811740427,-5.894996087414907,-1.2988537885943205,-1.7543517015529548,0.9958873987197876,-1.5081187995296128,1.5081187995296128,0.03209861200002706,pixhawk_fused,True,0.8,0.2,gyro,-1.0,0.059327274560928345,-0.7798011898994446,0.05,-0.9643387714309157,0.024446564000299986,4,2.5339031976739457,0.42828714496016074,0.8497493196192719,-0.0006010027215229124,-0.07572634291188696,1.5628599854874305,0.05291484221530786,-0.05291484221530786,-1.9512545107753256,0.09238409355376555,,,
52.158634899999015,4029.785034988,odom,navigating,4,4,,0.04536175594188982,-0.07528754990243977,-2.7864794111447693,-6.897938100729142,-5.901825152470771,-1.31626238882226,-1.8503447006938916,0.9958873987197876,-1.5081187995296128,1.5081187995296128,0.15050731700011966,pixhawk_fused,True,0.8,0.2,gyro,-1.0,0.05891086533665657,-0.7743278741836548,0.05,-0.9838696130333059,0.044134019000011904,4,2.5347067491755926,0.4290906964618078,0.8513436176266688,-0.0005946255294933247,-0.07492281671615891,1.5628599854874305,0.04595782880250614,-0.045957828802506144,-1.9338459105473866,0.08789712209420701,,,
52.15874590002932,4029.886194892,odom,navigating,4,4,,0.039570862366883966,-0.0740446359130635,-2.8625847746840556,-6.899756195760428,-5.9074619790637435,-1.3923677523615463,-1.9315215267993737,1.0714467763900757,-1.5831254962902672,1.5831254962902672,0.07727160200010985,pixhawk_fused,True,0.8,0.2,gyro,-1.0,0.06147221103310585,-0.8079943656921387,0.05,-0.9924879561782376,0.045529406999776256,4,2.535903665996952,0.43028761328316717,0.8537183777999763,-0.0005851264888000951,-0.07372593758881196,1.5628599854874305,0.04015725351165968,-0.04015725351165968,-1.8577405470080999,0.08395511453126013,,,
52.500520000001416,4029.986448414,odom,navigating,4,4,,0.03357281626061791,-0.07222531978690819,-3.0053686556214743,-6.902168580033194,-5.913247034843967,-1.535151633298965,-2.0173980212108087,1.228013277053833,-1.7384129514318116,1.7384129514318116,0.06833594199997606,pixhawk_fused,True,0.8,0.2,gyro,-1.0,0.06401761621236801,-0.8414512872695923,0.05,-1.0216458404484656,0.04375449299959655,4,2.537675322786761,0.43205927007297606,0.8572334591407412,-0.000571066163437035,-0.07195433659306644,1.5628599854874305,0.0341449577372565,-0.03414495773725651,-1.7149566660706812,0.07964691337390521,,,
52.50075880007353,4030.107372476,odom,navigating,4,4,,0.026855946554913496,-0.06948441345991388,-3.0231790716660103,-6.905570073882617,-5.919654744710144,-1.552962049343501,-2.116824196301504,1.228013277053833,-1.7384129514318116,1.7384129514318116,0.18815247900010945,pixhawk_fused,True,0.8,0.2,gyro,-1.0,0.06163481995463371,-0.8101316690444946,0.05,-1.0627121890354385,0.01224351300015769,4,2.540362835984607,0.43474678327082206,0.8625656586667155,-0.0005497373653331381,-0.06926690803197538,1.5628599854874305,0.02740654702343306,-0.02740654702343306,-1.6971462500261456,0.07449379557539428,,,
52.500860700034536,4030.224433607,odom,navigating,4,4,,0.0202742776717915,-0.06599184941555102,3.043450791699767,-6.909705851205924,-5.925852463227716,-1.76951749315731,-2.218936105180283,1.4709091186523438,-1.9801576328497537,1.9801576328497537,0.002365879000080895,pixhawk_fused,True,0.8,0.2,gyro,-1.0,0.059452448040246964,-0.7814464569091797,0.05,-1.1018471364415576,0.033147953000025154,4,2.5438030562167815,0.4381870035029965,0.869391277497518,-0.0005224348900099282,-0.06582679614125092,1.5628599854874305,0.02079736752479858,-0.02079736752479858,-1.4805908062123365,0.06903600889678997,,,
52.84163200005423,4030.327953076,odom,navigating,4,4,,0.01515910816038019,-0.06263269715360353,3.0281714192375997,-6.913561640064424,-5.9306044896720955,-1.7847968656194775,-2.302798375299135,1.4709091186523438,-1.9801576328497537,1.9801576328497537,0.10621011600005659,pixhawk_fused,True,0.8,0.2,gyro,-1.0,0.06708579510450363,-0.8817796111106873,0.05,-1.3810626759004279,0.03500203099974897,4,2.547121507385387,0.4415054546716021,0.8759752986522382,-0.0004960988053910472,-0.06250844947927192,1.5628599854874305,0.015655700004334173,-0.015655700004334173,-1.4653114337501691,0.06444108404545287,,,
52.84186869999394,4030.446190711,odom,navigating,4,4,,0.00882143155745682,-0.05753004542143005,2.9435455716527485,-6.919274868738479,-5.936397780407166,-1.8694227132043286,-2.4143400796516983,1.5499242544174194,-2.0589357030611644,2.0589357030611644,0.046429937000084465,pixhawk_fused,True,0.8,0.2,gyro,-1.0,0.07169259339570999,-0.9423316717147827,0.05,-1.54515401319959,0.003910002999873541,4,2.552173700985223,0.44655764827143807,0.8859991766148718,-0.0004560032935405126,-0.0574564149861046,1.5628599854874305,0.009277727030663605,-0.009277727030663605,-1.380685586165318,0.05820243792930585,,,
52.84202830004506,4030.564191946,odom,navigating,4,4,,0.0025927543259151235,-0.051197407082925306,2.8496697798302817,-6.926200923262544,-5.9419591199140385,-1.9632985050267955,-2.536120460233658,1.6378947496414185,-2.1468442681055673,2.1468442681055673,0.04574341900024592,pixhawk_fused,True,0.8,0.2,gyro,-1.0,0.07731363922357559,-1.0162149667739868,0.05,-1.7357913604225972,0.023678937000113365,4,2.558456707503057,0.4528406547892722,0.8984650667928029,-0.00040613973282878834,-0.05117360633642731,1.5628599854874305,0.0029989885046634297,-0.0029989885046634306,-1.2868097943428511,0.0512630165617409,,,
53.15835080004763,4030.666940973,odom,navigating,4,4,,-0.0024394828034848895,-0.04472793045036971,2.6663089411812226,-6.933142990198813,-5.94631632602324,-2.1466593436758545,-2.648455723332176,1.834816336631775,-2.3455826282125125,2.3455826282125125,0.030916106999939075,pixhawk_fused,True,0.8,0.2,gyro,-1.0,0.08788181096315384,-1.1551237106323242,0.05,-1.9236155402777784,0.024529339999844524,4,2.5648860432628764,0.45926999054909134,0.9112212836248966,-0.00035511486550041365,-0.044744473053052125,1.5628599854874305,0.0020844335821995296,0.00208443358219953,-1.103448955693792,0.04479440633295198,,,
53.15860020008404,4030.767903457,odom,navigating,4,4,,-0.007166402279693982,-0.03690519499696309,2.644184767090521,-6.941400819920682,-5.950233877043094,-2.168783517766556,-2.773745593124403,1.834816336631775,-2.3455826282125125,2.3455826282125125,0.1318564799998967,pixhawk_fused,True,0.8,0.2,gyro,-1.0,0.09899687021970749,-1.3012206554412842,0.05,-2.1218961677533037,0.025679344999844034,4,2.5726710183055856,0.4670549655918007,0.9266671762313876,-0.00029333129507444966,-0.036959743179380666,1.5628599854874305,0.0068732874422523585,0.006873287442252359,-1.0813247816030904,0.037594557310843185,,,
53.158791000023484,4030.883291319,odom,navigating,4,4,,-0.011873823553126902,-0.02574908608515464,2.5253788794516563,-6.952973218968587,-5.953797325004514,-2.287589405405421,-2.9398070317961946,1.946141242980957,-2.4547287318330415,2.4547287318330415,0.06852028899993456,pixhawk_fused,True,0.8,0.2,gyro,-1.0,0.1101377010345459,-1.4476563930511475,0.05,-2.7968612658336958,0.04192954300015117,4,2.583789416572896,0.4781733638591113,0.9487267955173742,-0.0002050928179305033,-0.02584169505924344,1.5628599854874305,0.011669098225338532,0.011669098225338534,-0.9625188939642257,0.028354948774270347,,,
53.4829264000291,4030.986218749,odom,navigating,4,4,,-0.0145387098588529,-0.014916559064776366,2.2856567095421774,-6.964018580906265,-5.955361051430517,-2.5273115753149,-3.0927611226938674,2.2084991931915283,-2.7124241883378635,2.7124241883378635,0.06549270599998636,pixhawk_fused,True,0.8,0.2,gyro,-1.0,0.11054490506649017,-1.4530086517333984,0.0,-1.55,0.026683334999688668,4,2.594600453223677,0.4889844005098922,0.9701765895317022,-0.00011929364187319123,-0.015030998876022106,1.5628599854874305,0.014419870336063893,0.014419870336063893,-0.7227967240547468,0.020829734004371454,,,
53.483078100020066,4031.106902724,odom,navigating,4,4,,-0.015437443654927486,-0.005591957112889577,2.2637422785687304,-6.973386299542553,-5.955318961661297,-2.5492260062883467,3.06199095521183,2.2084991931915283,-2.7124241883378635,2.7124241883378635,0.18572904499978904,pixhawk_fused,True,0.8,0.2,gyro,-1.0,0.06401124596595764,-0.8413675427436829,0.0,-1.55,0.01161908600033712,4,2.60391762893641,0.4983015762226252,0.9886624670926655,-4.535013162933806e-05,-0.00571411658529658,1.5628599854874305,0.015392578275475993,0.015392578275475995,-0.7008822930812999,0.016419033191739922,,,
53.483183500007726,4031.207714285,odom,navigating,4,4,,-0.015389628735308952,-0.00016077985138752081,2.048948989539662,-6.9787852274399365,-5.9547260449122925,-2.764019295317415,2.987573836138516,2.44589900970459,-2.956416314683498,2.956416314683498,0.09013821000007738,pixhawk_fused,True,0.8,0.2,gyro,-1.0,0.05231664702296257,-0.6876530647277832,0.0,-1.55,0.009345926999685616,4,2.609349014627604,0.5037329619138191,0.9994386866219983,-2.2452535120070713e-06,-0.0002829019425129031,1.5628599854874305,0.015387868085638707,0.015387868085638709,-0.48608900405223143,0.0153904685689312,,,
53.80116020003334,4031.324290078,odom,navigating,4,4,,-0.01485528465167455,0.005889676334511121,1.9751862448962019,-6.9847514522268,-5.9535868761584165,-2.8377820399608753,2.904337134713139,2.5166285037994385,-3.028126318536342,3.028126318536342,0.08926099300015267,pixhawk_fused,True,0.8,0.2,gyro,-1.0,0.05141624063253403,-0.6758180856704712,0.0,-1.55,0.023343650000242633,1,0.0,0.0,0.0,0.0,0.0,0.005361878910097319,0.015980230580551015,0.00596924352718053,-1.9698243659861046,0.015980230580551015,,,
53.801310800015926,4031.424426936,odom,navigating,4,4,,-0.014013128426739258,0.010954072040289562,1.9091225024737177,-6.98970569256243,-5.952240461040884,-2.903845782383359,2.8339941489420073,2.583373546600342,-3.0932665003162034,3.0932665003162034,0.013407906999873376,pixhawk_fused,True,0.8,0.2,gyro,-1.0,0.05429357662796974,-0.7136379480361938,0.0,-1.55,0.031803064000087033,1,0.0,0.0,0.0,0.0,0.0,0.005361878910097319,0.01778649663559807,0.011029050915024947,-1.9037606235636204,0.01778649663559807,,,
53.80141200008802,4031.524906526,odom,navigating,4,4,,-0.012739156200080395,0.01623218044958833,1.8961315498446494,-6.994829206969921,-5.950442953396717,-2.916836735012428,2.759607541447565,2.583373546600342,-3.0932665003162034,3.0932665003162034,0.11383253499980128,pixhawk_fused,True,0.8,0.2,gyro,-1.0,0.05933619290590286,-0.779918372631073,0.0,-1.55,0.003484384999865142,1,0.0,0.0,0.0,0.0,0.0,0.005361878910097319,0.020634189657896537,0.016300252600285704,-1.890769670934552,0.020634189657896537,,,
54.119955500005744,4031.626961813,odom,navigating,4,4,,-0.011028828200365272,0.021537772246077096,1.7317096793253537,-6.999936251467718,-5.948208535648151,-3.0812586055317235,2.683222039270776,2.76440691947937,3.0067198153858934,-3.0067198153858934,0.0267895359997965,pixhawk_fused,True,0.8,0.2,gyro,-1.0,0.06042071059346199,-0.7941733598709106,0.0,-1.55,0.009738859999743,1,0.0,0.0,0.0,0.0,0.0,0.005361878910097319,0.02419732805077993,0.02159659760206124,-1.7263478004152564,0.02419732805077993,,,
54.12008390005212,4031.727898889,odom,navigating,4,4,,-0.008773572607245572,0.027020670529389806,1.692994860198918,-7.005164990298258,-5.9454141409699695,-3.119973424658159,2.602014817819281,2.794921398162842,2.977192299020842,-2.977192299020842,0.012431600000127219,pixhawk_fused,True,0.8,0.2,gyro,-1.0,0.06201864406466484,-0.8151766657829285,0.0,-1.55,0.033252043000175036,1,0.0,0.0,0.0,0.0,0.0,0.005361878910097319,0.028409368387073385,0.027067324720138362,-1.6876329812888207,0.028409368387073385,,,
54.12017070001457,4031.844899984,odom,navigating,4,4,,-0.005594567643542181,0.033150878184135035,1.5509662125714765,-7.010945013606075,-5.941635669187536,3.0211832348939858,2.507379754460022,2.9475150108337402,2.824902533603266,-2.824902533603266,0.024142017000031046,pixhawk_fused,True,0.8,0.2,gyro,-1.0,0.05901957303285599,-0.7757567167282104,0.0,-1.55,0.011599734000355966,1,0.0,0.0,0.0,0.0,0.0,0.005361878910097319,0.033619635802571234,0.03318039889614516,-1.5456043336613792,0.033619635802571234,,,
54.44079000002239,4031.946121461,odom,navigating,4,4,,-0.0028588756708814484,0.037495463118988874,1.5363519989138197,-7.014992951411011,-5.938477564003599,3.006569021236329,2.4248601833971484,2.9475150108337402,2.824902533603266,-2.824902533603266,0.12418711800000892,pixhawk_fused,True,0.8,0.2,gyro,-1.0,0.04105299711227417,-1.079206109046936,0.0,-1.55,0.010014907999902789,1,0.0,0.0,0.0,0.0,0.0,0.005361878910097319,0.037604293965038255,0.03751025299948601,-1.5309901200037224,0.037604293965038255,,,
54.440935900085606,4032.047944124,odom,navigating,4,4,,-0.0006353140187625845,0.04039004720791893,1.3596879517420868,-7.0176496393442465,-5.935974595227513,2.829904974064596,2.3100378687807304,3.1364798545837402,2.634952352834299,-2.634952352834299,0.004007593000096676,pixhawk_fused,True,0.8,0.2,gyro,-1.0,0.03120950609445572,-1.1486998796463013,0.0,-1.55,0.01880909100009376,1,0.0,0.0,0.0,0.0,0.0,0.005361878910097319,0.04039504347516359,0.040392873068037995,-1.3543260728319895,0.04039504347516359,,,
54.44104220008012,4032.165609108,odom,navigating,4,4,,0.0009055603698475195,0.041916279462004165,1.2523500420213132,-7.019013439366456,-5.934288259473784,2.7225670643438225,2.153040106627069,-3.04581618309021,2.538321891260698,-2.538321891260698,0.030948384000112128,pixhawk_fused,True,0.8,0.2,gyro,-1.0,0.020554175600409508,-1.3508261442184448,0.0,-1.55,0.010117885999989085,1,0.0011302962904846412,0.0011302962904846412,0.0015151207006142795,0.0011302800426582526,6.060482802457118e-06,0.005361878910097319,0.041910821440482256,0.041910821440482256,-1.2469881631112159,0.04192606019554271,,,
54.78194120002445,4032.268439502,odom,navigating,4,4,,0.0020595663087799284,0.04276063876150784,1.2301421735576612,-7.019737657895527,-5.9330553037341485,2.7003591958801705,2.022516471283035,-3.04581618309021,2.538321891260698,-2.538321891260698,0.13267619799989916,pixhawk_fused,True,0.8,0.2,gyro,-1.0,0.015372646041214466,-1.2797064781188965,0.0,-1.55,0.015213208999739436,1,0.0022888129713955125,0.0022888129713955125,0.0030680697990337624,0.0022887800700791866,1.227227919613505e-05,0.005361878910097319,0.042748980992000266,0.04274898099200026,-1.2247802946475639,0.04281020953782436,,,
54.78207790001761,4032.386734321,odom,navigating,4,4,,0.0028393982661022513,0.04318006690244332,1.0938427279600826,-7.02007666353674,-5.932237298219317,2.564059750282592,1.8573553102747715,-2.917597532272339,2.4076487538343216,-2.4076487538343216,0.08443440400014879,pixhawk_fused,True,0.8,0.2,gyro,-1.0,-0.005169779993593693,-1.494940996170044,0.0,-1.55,0.03178465700011657,1,0.0030708826308867656,0.0030708826308867656,0.004116405479149541,0.0030708384874455577,1.6465621916598165e-05,0.005361878910097319,0.04316422175923416,0.04316422175923416,-1.0884808490499853,0.04327332157592048,,,
54.78218850004487,4032.506572078,odom,navigating,4,4,,0.0037752547303181875,0.04347959371289526,0.8489525554694624,-7.020280707417957,-5.931276095989642,2.3191695777919716,1.6884404835094091,-2.6564512252807617,2.1476771189695145,-2.1476771189695145,0.08453747500016107,pixhawk_fused,True,0.8,0.2,gyro,-1.0,0.01537034660577774,-1.4139599800109863,0.0,-1.55,0.01065407599980972,1,0.004008331661109879,0.004008331661109879,0.0053730215040086625,0.004008274041990462,2.149208601603465e-05,0.005361878910097319,0.043458726339042374,0.043458726339042374,-0.843590676559365,0.043643185237986826,,,
55.10391669999808,4032.60751434,odom,navigating,4,4,,0.00450697138050559,0.04359666164918847,0.8252234552614615,-7.020323712182159,-5.930536322545859,2.2954404775839707,1.5429785611841342,-2.6564512252807617,2.1476771189695145,-2.1476771189695145,0.1847460349999892,pixhawk_fused,True,0.8,0.2,gyro,-1.0,0.005147796124219894,-1.556247591972351,0.0,-1.55,0.009882671000013943,1,0.004740665494079706,0.004740665494079706,0.006354688133753178,0.004740597347779871,2.541875253501271e-05,0.005361878910097319,0.043571869235227434,0.04357186923522744,-0.8198615763513641,0.04382900521319777,,,
55.10424390004482,4032.726678338,odom,navigating,4,4,,0.005392474173974817,0.04360233896540246,0.45097388942287076,-7.020240447638703,-5.929654724879708,1.92119091174538,1.372461605433105,-2.2417778968811035,1.7324989089494494,-1.7324989089494494,0.011733045000255515,pixhawk_fused,True,0.8,0.2,gyro,-1.0,0.00516977533698082,-1.2910854816436768,0.0,-1.3661401870940455,0.029110842000136472,1,0.0056261859995256885,0.0056261859995256885,0.007541695876691408,0.005626105124011791,3.0166783506765634e-05,0.005361878910097319,0.043572798533828186,0.04357279853382819,-0.44561201051277344,0.04393452789061058,,,
55.10475870000664,4032.827758151,odom,navigating,4,4,,0.006125348107600889,0.043498349623740905,0.4307792676699014,-7.020063396109486,-5.9289359963205355,1.9009962899924107,1.255518143193462,-2.2417778968811035,1.7324989089494494,-1.7324989089494494,0.11289522700008092,pixhawk_fused,True,0.8,0.2,gyro,-1.0,-0.005144448019564152,-1.2847603559494019,0.0,-0.9636123113425736,0.031659142000080465,1,0.006358491822621254,0.006358491822621254,0.008523324960227311,0.006358400420329574,3.409329984090924e-05,0.005361878910097319,0.04346488112453719,0.04346488112453718,-0.42541738875980406,0.0439275119876882,,,
55.43891650007572,4032.943436282,odom,navigating,4,4,,0.007316565122155494,0.04317208052344605,0.3129462069451512,-7.019619166045223,-5.927783560139406,1.7831632292676605,1.1561681488084985,-2.1242642402648926,1.6109075514798907,-1.6109075514798907,0.11342047100015407,pixhawk_fused,True,0.8,0.2,gyro,-1.0,0.012803523801267147,-0.6395029425621033,0.0,-0.6932754302259927,0.014339603000280476,1,0.007547942306598556,0.007547942306598556,0.01011773968652617,0.007547833806148522,4.047095874610468e-05,0.005361878910097319,0.04313222958352503,0.04313222958352503,-0.30758432803505387,0.043787677055418826,,,
55.43913160008378,4033.044142142,odom,navigating,4,4,,0.007733557153904744,0.043017819575870905,0.22669423787345266,-7.019423814616347,-5.927384164829312,1.696911260195962,1.086450782982499,-2.0354089736938477,1.5212523124342707,-1.5212523124342707,0.03508240000019214,pixhawk_fused,True,0.8,0.2,gyro,-1.0,0.00771474651992321,-0.7098217606544495,0.0,-0.673215743313821,0.02274890700027754,1,0.007964101219596615,0.007964101219596615,0.010675585438243306,0.007963986736929506,4.270234175297322e-05,0.005361878910097319,0.04297573500335874,0.04297573500335874,-0.22133235896335535,0.04370744452967816,,,
55.43927350000013,4033.163590651,odom,navigating,4,4,,0.008726714458660221,0.042580977514302995,0.15247792652112313,-7.018889457546256,-5.926439890006822,1.6226949488436324,1.0242559657092642,-1.957027792930603,1.4445378071790484,-1.4445378071790484,0.10934902899998633,pixhawk_fused,True,0.8,0.2,gyro,-1.0,0.01024078018963337,-0.33651354908943176,0.0,-0.33801074668775105,0.014905810000072961,1,0.008954901964862856,0.008954901964862856,0.012003717479350218,0.008954773239595263,4.8014869917400875e-05,0.005361878910097319,0.042533574057634305,0.042533574057634305,-0.1471160476110258,0.0434660234127366,,,
55.76201590010896,4033.267724935,odom,navigating,4,4,,0.00911694254743091,0.04237297538362754,0.10477000216650723,-7.0186433238958195,-5.926072519521135,1.5749870244890165,0.984323740493668,-1.9076259136199951,1.395203514469221,-1.395203514469221,0.054263645999981236,pixhawk_fused,True,0.8,0.2,gyro,-1.0,0.010242309421300888,-0.13462550938129425,0.0,-0.25,0.016656946999773936,1,0.009344009167274158,0.009344009167274158,0.012525301405701683,0.009343874848653455,5.010120562280673e-05,0.005361878910097319,0.0423234825712223,0.0423234825712223,-0.09940812325640991,0.043342677400855865,,,
55.76226069999393,4033.3861826,odom,navigating,4,4,,0.009502435033513064,0.04216633462208733,0.04520806142284872,-7.01839902023535,-5.925709724010362,1.515425083745358,0.9646399075269492,-1.8419866561889648,1.3271751029765155,-1.3271751029765155,0.0715139089998047,pixhawk_fused,True,0.8,0.2,gyro,-1.0,0.0025852788239717484,-0.2377854436635971,0.0,-0.25,0.03063915199982148,1,0.009728388134531925,0.009728388134531925,0.013040547306334756,0.009728248290525729,5.2162189225339024e-05,0.005361878910097319,0.0421147778259826,0.0421147778259826,-0.039846182512751405,0.04322379028993151,,,
55.76245020003989,4033.486291403,odom,navigating,4,4,,0.009973523424562987,0.041895220590661544,0.028241490522353585,-7.018081974473729,-5.925268238931049,1.4984585128448629,0.9369146180677248,-1.8236950635910034,1.3125129883414057,-1.3125129883414057,0.050526842000181205,pixhawk_fused,True,0.8,0.2,gyro,-1.0,0.010314684361219406,-0.20336519181728363,0.0,0.0,0.008825830000205315,1,0.010198016080120557,0.010198016080120557,0.01367006633416701,0.010197869485288589,5.468026533666804e-05,0.005361878910097319,0.04184114178497164,0.04184114178497164,-0.022879611612256268,0.04306600373659596,,,
56.099029100034386,4033.588689476,odom,navigating,4,4,,0.010525330119194546,0.041566958005588836,0.026697912002498603,-7.017699964068313,-5.924752181760619,1.4969149343250079,0.9281256394260484,-1.8236950635910034,1.3125129883414057,-1.3125129883414057,0.15300082000021575,pixhawk_fused,True,0.8,0.2,gyro,-1.0,0.0,0.0,0.0,0.0,0.006420414999865898,1,0.010748054746821986,0.010748054746821986,0.014407372982939858,0.010747900245273135,5.7629491931759434e-05,0.005361878910097319,0.04150992521211917,0.04150992521211917,-0.021336033092401285,0.04287883594451241,,,
56.099152700044215,,mission_status,reached,4,4,reached waypoint 4/4,0.010525330119194546,0.041566958005588836,0.026697912002498603,,,,,,,,,,,,,,,,,,,,,,,,,,,,,,,,,
56.099204800091684,4033.709799901,odom,reached,4,4,,0.010483198256636628,0.04159259445260252,0.0018436117248483708,-7.017729701405261,-5.924791526544889,1.4720606340473577,0.9287970230324066,-1.7905563116073608,1.2821909068426038,-1.2821909068426038,0.09246351499996308,pixhawk_fused,True,0.8,0.2,gyro,-1.0,0.0,0.0,0.0,0.0,0.017149081000297883,1,0.010706060948768699,0.010706060948768699,0.014351081837632578,0.010705907050873903,5.740432735053031e-05,0.005361878910097319,0.04153578719547592,0.04153578719547592,0.0035182671852489484,0.04289337197034772,,,
56.09929640009068,4033.826743145,odom,reached,4,4,,0.010483198256636628,0.04159259445260252,0.0031287109085145204,-7.017729701405261,-5.924791526544889,1.4733457332310238,0.9287970230324066,-1.7909061908721924,1.283753248733833,-1.283753248733833,0.09218465200001447,pixhawk_fused,True,0.8,0.2,gyro,-1.0,0.0,0.0,0.0,0.0,0.007717008999861719,1,0.010706060948768699,0.010706060948768699,0.014351081837632578,0.010705907050873903,5.740432735053031e-05,0.005361878910097319,0.04153578719547592,0.04153578719547592,0.0022331680015827988,0.04289337197034772,,,
56.42289350007195,,mission_status,done,4,4,mission complete,0.010483198256636628,0.04159259445260252,0.0031287109085145204,,,,,,,,,,,,,,,,,,,,,,,,,,,,,,,,,
56.4230970001081,4033.92693813,odom,done,4,4,,0.010483198256636628,0.04159259445260252,0.0033476002193646437,-7.017729701405261,-5.924791526544889,1.473564622541874,0.9287970230324066,-1.791089415550232,1.284019339956708,-1.284019339956708,0.024759500000072876,pixhawk_fused,True,0.8,0.2,gyro,-1.0,0.0,0.0,0.0,0.0,0.10782896000000619,1,0.010706060948768699,0.010706060948768699,0.014351081837632578,0.010705907050873903,5.740432735053031e-05,0.005361878910097319,0.04153578719547592,0.04153578719547592,0.0020142786907326755,0.04289337197034772,,,
56.42340250010602,4034.0442754,odom,done,4,4,,0.010483198256636628,0.04159259445260252,0.003461447573535059,-7.017729701405261,-5.924791526544889,1.4736784698960443,0.9287970230324066,-1.7912780046463013,1.2841577353178446,-1.2841577353178446,0.028695223999875452,pixhawk_fused,True,0.8,0.2,gyro,-1.0,0.0,0.0,0.0,0.0,0.22584928500009482,1,0.010706060948768699,0.010706060948768699,0.014351081837632578,0.010705907050873903,5.740432735053031e-05,0.005361878910097319,0.04153578719547592,0.04153578719547592,0.00190043133656226,0.04289337197034772,,,
56.42364950000774,4034.146572365,odom,done,4,4,,0.010483198256636628,0.04159259445260252,0.0036151550315639547,-7.017729701405261,-5.924791526544889,1.4738321773540732,0.9287970230324066,-1.7914611101150513,1.284344582940351,-1.284344582940351,0.0859322510000311,pixhawk_fused,True,0.8,0.2,gyro,-1.0,0.0,0.0,0.0,0.0,0.3277537779999875,1,0.010706060948768699,0.010706060948768699,0.014351081837632578,0.010705907050873903,5.740432735053031e-05,0.005361878910097319,0.04153578719547592,0.04153578719547592,0.0017467238785333645,0.04289337197034772,,,
57.42559280002024,4034.247897448,odom,done,4,4,,0.010483198256636628,0.04159259445260252,0.003731789718543821,-7.017729701405261,-5.924791526544889,1.473948812041053,0.9287970230324066,-1.7916096448898315,1.28448636273564,-1.28448636273564,0.03337779799994678,pixhawk_fused,True,0.8,0.2,gyro,-1.0,0.0,0.0,0.0,0.0,0.0038963739998507663,1,0.010706060948768699,0.010706060948768699,0.014351081837632578,0.010705907050873903,5.740432735053031e-05,0.005361878910097319,0.04153578719547592,0.04153578719547592,0.0016300891915534983,0.04289337197034772,,,
57.42583540000487,4034.366822749,odom,done,4,4,,0.010483198256636628,0.04159259445260252,0.00403685549581656,-7.017729701405261,-5.924791526544889,1.4742538778183258,0.9287970230324066,-1.7919765710830688,1.2848571891955953,-1.2848571891955953,0.04687773900013781,pixhawk_fused,True,0.8,0.2,gyro,-1.0,0.0,0.0,0.0,0.0,0.051207007999892085,1,0.010706060948768699,0.010706060948768699,0.014351081837632578,0.010705907050873903,5.740432735053031e-05,0.005361878910097319,0.04153578719547592,0.04153578719547592,0.0013250234142807588,0.04289337197034772,,,
57.4260035000043,4034.483890637,odom,done,4,4,,0.010483198256636628,0.04159259445260252,0.004157196711439104,-7.017729701405261,-5.924791526544889,1.4743742190339484,0.9287970230324066,-1.7920989990234375,1.2850034682488922,-1.2850034682488922,0.05361127500009388,pixhawk_fused,True,0.8,0.2,gyro,-1.0,0.0,0.0,0.0,0.0,0.16889989799983596,1,0.010706060948768699,0.010706060948768699,0.014351081837632578,0.010705907050873903,5.740432735053031e-05,0.005361878910097319,0.04153578719547592,0.04153578719547592,0.0012046821986582152,0.04289337197034772,,,
57.426169700105675,4034.584054698,odom,done,4,4,,0.010483198256636628,0.04159259445260252,0.004157196711439104,-7.017729701405261,-5.924791526544889,1.4743742190339484,0.9287970230324066,-1.7920989990234375,1.2850034682488922,-1.2850034682488922,0.15352448999965418,pixhawk_fused,True,0.8,0.2,gyro,-1.0,0.0,0.0,0.0,0.0,0.26882016899980954,1,0.010706060948768699,0.010706060948768699,0.014351081837632578,0.010705907050873903,5.740432735053031e-05,0.005361878910097319,0.04153578719547592,0.04153578719547592,0.0012046821986582152,0.04289337197034772,,,
57.426304200082086,4034.704708579,odom,done,4,4,,0.010483198256636628,0.04159259445260252,0.004500713439603121,-7.017729701405261,-5.924791526544889,1.4747177357621124,0.9287970230324066,-1.7924810647964478,1.2854210151819434,-1.2854210151819434,0.08356148300026689,pixhawk_fused,True,0.8,0.2,gyro,-1.0,0.0,0.0,0.0,0.0,0.38909870899988164,1,0.010706060948768699,0.010706060948768699,0.014351081837632578,0.010705907050873903,5.740432735053031e-05,0.005361878910097319,0.04153578719547592,0.04153578719547592,0.000861165470494198,0.04289337197034772,,,
57.426463400013745,4034.805235314,odom,done,4,4,,0.010483198256636628,0.04159259445260252,0.004631856186752437,-7.017729701405261,-5.924791526544889,1.4748488785092617,0.9287970230324066,-1.792636513710022,1.285580416203492,-1.285580416203492,0.005914779999784514,pixhawk_fused,True,0.8,0.2,gyro,-1.0,0.0,0.0,0.0,0.0,0.4894460599998638,1,0.010706060948768699,0.010706060948768699,0.014351081837632578,0.010705907050873903,5.740432735053031e-05,0.005361878910097319,0.04153578719547592,0.04153578719547592,0.0007300227233448826,0.04289337197034772,,,
57.426887400099076,4034.923474448,odom,done,4,4,,0.010483198256636628,0.04159259445260252,0.004805967636843933,-7.017729701405261,-5.924791526544889,1.4750229899593532,0.9287970230324066,-1.792851448059082,1.2857920413864932,-1.2857920413864932,0.013376685999901383,pixhawk_fused,True,0.8,0.2,gyro,-1.0,0.0,0.0,0.0,0.0,0.6084180439997908,1,0.010706060948768699,0.010706060948768699,0.014351081837632578,0.010705907050873903,5.740432735053031e-05,0.005361878910097319,0.04153578719547592,0.04153578719547592,0.0005559112732533861,0.04289337197034772,,,
57.427029000013135,4035.023928167,odom,done,4,4,,0.010483198256636628,0.04159259445260252,0.0049564710618181795,-7.017729701405261,-5.924791526544889,1.4751734933843275,0.9287970230324066,-1.7930289506912231,1.285974968951793,-1.285974968951793,0.002870883000014146,pixhawk_fused,True,0.8,0.2,gyro,-1.0,0.0,0.0,0.0,0.0,0.7082416319999538,1,0.010706060948768699,0.010706060948768699,0.014351081837632578,0.010705907050873903,5.740432735053031e-05,0.005361878910097319,0.04153578719547592,0.04153578719547592,0.00040540784827913963,0.04289337197034772,,,
57.42719610000495,4035.143198401,odom,done,4,4,,0.010483198256636628,0.04159259445260252,0.005100761420544719,-7.017729701405261,-5.924791526544889,1.475317783743054,0.9287970230324066,-1.7932231426239014,1.2861503422639953,-1.2861503422639953,0.03383404399983192,pixhawk_fused,True,0.8,0.2,gyro,-1.0,0.0,0.0,0.0,0.0,0.8284288959998776,1,0.010706060948768699,0.010706060948768699,0.014351081837632578,0.010705907050873903,5.740432735053031e-05,0.005361878910097319,0.04153578719547592,0.04153578719547592,0.0002611174895525998,0.04289337197034772,,,
