local_t,bridge_t,event_type,mission_state,mission_index,mission_total,event_message,x_m,y_m,yaw_rad,raw_x_m,raw_y_m,raw_yaw_rad,encoder_yaw_rad,pixhawk_yaw_rad,pixhawk_yaw_ros_rad,pixhawk_gyro_yaw_rad,pixhawk_age_s,yaw_source,use_pixhawk_yaw,pixhawk_weight,encoder_weight,pixhawk_yaw_mode,pixhawk_yaw_sign,linear_x_mps,angular_z_radps,cmd_linear_x_mps,cmd_angular_z_radps,cmd_age_s,actual_left_mps,actual_right_mps,cmd_left_mps,cmd_right_mps,turn_abs_balance_error_mps,turn_linear_leak_ratio,nearest_segment,along_track_m,segment_progress_m,segment_ratio,nearest_path_x_m,nearest_path_y_m,nearest_path_yaw_rad,cross_track_error_m,signed_cross_track_error_m,heading_error_rad,distance_to_waypoint_m,turn_kind,turn_target_yaw_rad,turn_yaw_error_rad
1.0270635999040678,7076.602042598,odom,idle,,4,,0.009320511506193434,-0.025610153606494608,-0.026443167598665607,-6.089507093400451,-5.676294901565439,-1.3717300894157096,-1.4732649333195529,3.0854363441467285,0.004634695623077287,-0.004634695623077287,0.04770044700035214,pixhawk_fused,True,0.8,0.2,gyro,-1.0,0.0,0.0,0.0,0.0,78.71254882500034,0.0,0.0,0.0,0.0,,,4,1.9743898463935055,0.4743898463935054,0.9487796927870108,0.0,-0.0256101536064946,1.5707963267948966,0.009320511506193434,-0.009320511506193434,1.5972394943935622,,,,
1.027205599937588,7076.723662202,odom,idle,,4,,0.009320511506193434,-0.025610153606494608,-0.02645781012232562,-6.089507093400451,-5.676294901565439,-1.3717447319393696,-1.4732649333195529,3.0854246616363525,0.004616410149268641,-0.004616410149268641,0.053716714999609394,pixhawk_fused,True,0.8,0.2,gyro,-1.0,0.0,0.0,0.0,0.0,78.83418537299985,0.0,0.0,0.0,0.0,,,4,1.9743898463935055,0.4743898463935054,0.9487796927870108,0.0,-0.0256101536064946,1.5707963267948966,0.009320511506193434,-0.009320511506193434,1.5972541369172222,,,,
1.0272888999897987,7076.841652691,odom,idle,,4,,0.009320511506193434,-0.025610153606494608,-0.026452993831293625,-6.089507093400451,-5.676294901565439,-1.3717399156483376,-1.4732649333195529,3.085395574569702,0.0046224246979763945,-0.0046224246979763945,0.09129403399947478,pixhawk_fused,True,0.8,0.2,gyro,-1.0,0.0,0.0,0.0,0.0,78.95208516100047,0.0,0.0,0.0,0.0,,,4,1.9743898463935055,0.4743898463935054,0.9487796927870108,0.0,-0.0256101536064946,1.5707963267948966,0.009320511506193434,-0.009320511506193434,1.5972493206261902,,,,
1.0273623999673873,7076.944607123,odom,idle,,4,,0.009320511506193434,-0.025610153606494608,-0.02647882036472926,-6.089507093400451,-5.676294901565439,-1.3717657421817733,-1.4732649333195529,3.0853967666625977,0.004590172707110479,-0.004590172707110479,0.07552940599998692,pixhawk_fused,True,0.8,0.2,gyro,-1.0,0.0,0.0,0.0,0.0,79.0539996790003,0.0,0.0,0.0,0.0,,,4,1.9743898463935055,0.4743898463935054,0.9487796927870108,0.0,-0.0256101536064946,1.5707963267948966,0.009320511506193434,-0.009320511506193434,1.5972751471596258,,,,
1.0274347999366,7077.04466877,odom,idle,,4,,0.009320511506193434,-0.025610153606494608,-0.02649798471964515,-6.089507093400451,-5.676294901565439,-1.3717849065366892,-1.4732649333195529,3.085390567779541,0.004566240387044682,-0.004566240387044682,0.07061329099997238,pixhawk_fused,True,0.8,0.2,gyro,-1.0,0.0,0.0,0.0,0.0,79.1539837170003,0.0,0.0,0.0,0.0,,,4,1.9743898463935055,0.4743898463935054,0.9487796927870108,0.0,-0.0256101536064946,1.5707963267948966,0.009320511506193434,-0.009320511506193434,1.5972943115145417,,,,
1.0275111999362707,7077.146508604,odom,idle,,4,,0.009320511506193434,-0.025610153606494608,-0.02649798471964515,-6.089507093400451,-5.676294901565439,-1.3717849065366892,-1.4732649333195529,3.085390567779541,0.004566240387044682,-0.004566240387044682,0.17294713000046613,pixhawk_fused,True,0.8,0.2,gyro,-1.0,0.0,0.0,0.0,0.0,79.2563213150006,0.0,0.0,0.0,0.0,,,4,1.9743898463935055,0.4743898463935054,0.9487796927870108,0.0,-0.0256101536064946,1.5707963267948966,0.009320511506193434,-0.009320511506193434,1.5972943115145417,,,,
1.0275840999092907,7077.261060917,odom,idle,,4,,0.009320511506193434,-0.025610153606494608,-0.026511900778370068,-6.089507093400451,-5.676294901565439,-1.371798822595414,-1.4732649333195529,3.085366725921631,0.004548862099189146,-0.004548862099189146,0.02725993800049764,pixhawk_fused,True,0.8,0.2,gyro,-1.0,0.0,0.0,0.0,0.0,79.37186978299997,0.0,0.0,0.0,0.0,,,4,1.9743898463935055,0.4743898463935054,0.9487796927870108,0.0,-0.0256101536064946,1.5707963267948966,0.009320511506193434,-0.009320511506193434,1.5973082275732666,,,,
1.0276591998990625,7077.362479468,odom,idle,,4,,0.009320511506193434,-0.025610153606494608,-0.026521519011620143,-6.089507093400451,-5.676294901565439,-1.3718084408286642,-1.4732649333195529,3.0853755474090576,0.0045368509064501366,-0.0045368509064501366,0.08683507300065685,pixhawk_fused,True,0.8,0.2,gyro,-1.0,0.0,0.0,0.0,0.0,79.47260589100006,0.0,0.0,0.0,0.0,,,4,1.9743898463935055,0.4743898463935054,0.9487796927870108,0.0,-0.0256101536064946,1.5707963267948966,0.009320511506193434,-0.009320511506193434,1.5973178458065167,,,,
1.0277321999892592,7077.481912581,odom,idle,,4,,0.009320511506193434,-0.025610153606494608,-0.026541994237089472,-6.089507093400451,-5.676294901565439,-1.3718289160541335,-1.4732649333195529,3.0853781700134277,0.004511281558785423,-0.004511281558785423,0.030287812000096892,pixhawk_fused,True,0.8,0.2,gyro,-1.0,0.0,0.0,0.0,0.0,79.59244171499995,0.0,0.0,0.0,0.0,,,4,1.9743898463935055,0.4743898463935054,0.9487796927870108,0.0,-0.0256101536064946,1.5707963267948966,0.009320511506193434,-0.009320511506193434,1.597338321031986,,,,
1.0278020999394357,7077.584516023,odom,idle,,4,,0.009320511506193434,-0.025610153606494608,-0.02658909683462407,-6.089507093400451,-5.676294901565439,-1.371876018651668,-1.4732649333195529,3.085402488708496,0.004452460059204906,-0.004452460059204906,0.024481650000780064,pixhawk_fused,True,0.8,0.2,gyro,-1.0,0.0,0.0,0.0,0.0,79.69488203200035,0.0,0.0,0.0,0.0,,,4,1.9743898463935055,0.4743898463935054,0.9487796927870108,0.0,-0.0256101536064946,1.5707963267948966,0.009320511506193434,-0.009320511506193434,1.5973854236295206,,,,
2.2665633999276906,7077.707642101,odom,idle,,4,,0.009320511506193434,-0.025610153606494608,-0.02658909683462407,-6.089507093400451,-5.676294901565439,-1.371876018651668,-1.4732649333195529,3.085402488708496,0.004452460059204906,-0.004452460059204906,0.145552585000587,pixhawk_fused,True,0.8,0.2,gyro,-1.0,0.0,0.0,0.0,0.0,79.81600568800059,0.0,0.0,0.0,0.0,,,4,1.9743898463935055,0.4743898463935054,0.9487796927870108,0.0,-0.0256101536064946,1.5707963267948966,0.009320511506193434,-0.009320511506193434,1.5973854236295206,,,,
2.2666854999260977,7077.815432465,odom,idle,,4,,0.009320511506193434,-0.025610153606494608,-0.026609402761965217,-6.089507093400451,-5.676294901565439,-1.3718963245790092,-1.4732649333195529,3.085407018661499,0.004427102097550243,-0.004427102097550243,0.022038443000383268,pixhawk_fused,True,0.8,0.2,gyro,-1.0,0.0,0.0,0.0,0.0,79.923784996,0.0,0.0,0.0,0.0,,,4,1.9743898463935055,0.4743898463935054,0.9487796927870108,0.0,-0.0256101536064946,1.5707963267948966,0.009320511506193434,-0.009320511506193434,1.5974057295568618,,,,
2.266765399952419,7077.930598592,odom,idle,,4,,0.009320511506193434,-0.025610153606494608,-0.02663702661665046,-6.089507093400451,-5.676294901565439,-1.3719239484336945,-1.4732649333195529,3.0854015350341797,0.004392605521490634,-0.004392605521490634,0.01781897500040941,pixhawk_fused,True,0.8,0.2,gyro,-1.0,0.0,0.0,0.0,0.0,80.03924322600051,0.0,0.0,0.0,0.0,,,4,1.9743898463935055,0.4743898463935054,0.9487796927870108,0.0,-0.0256101536064946,1.5707963267948966,0.009320511506193434,-0.009320511506193434,1.597433353411547,,,,
2.266837799921632,7078.03990717,odom,idle,,4,,0.009320511506193434,-0.025610153606494608,-0.02663702661665046,-6.089507093400451,-5.676294901565439,-1.3719239484336945,-1.4732649333195529,3.0854015350341797,0.004392605521490634,-0.004392605521490634,0.12704414800009545,pixhawk_fused,True,0.8,0.2,gyro,-1.0,0.0,0.0,0.0,0.0,80.14845777000028,0.0,0.0,0.0,0.0,,,4,1.9743898463935055,0.4743898463935054,0.9487796927870108,0.0,-0.0256101536064946,1.5707963267948966,0.009320511506193434,-0.009320511506193434,1.597433353411547,,,,
2.2669412998948246,7078.143344403,odom,idle,,4,,0.009320511506193434,-0.025610153606494608,-0.026657846417789566,-6.089507093400451,-5.676294901565439,-1.3719447682348336,-1.4732649333195529,3.085416316986084,0.004366605812458158,-0.004366605812458158,0.07304549699983909,pixhawk_fused,True,0.8,0.2,gyro,-1.0,0.0,0.0,0.0,0.0,80.25143271900015,0.0,0.0,0.0,0.0,,,4,1.9743898463935055,0.4743898463935054,0.9487796927870108,0.0,-0.0256101536064946,1.5707963267948966,0.009320511506193434,-0.009320511506193434,1.5974541732126861,,,,
2.2670226999325678,7078.248321738,odom,idle,,4,,0.009320511506193434,-0.025610153606494608,-0.026659675678368133,-6.089507093400451,-5.676294901565439,-1.3719465974954121,-1.4732649333195529,3.0853564739227295,0.004364321436507464,-0.004364321436507464,0.012725829000373778,pixhawk_fused,True,0.8,0.2,gyro,-1.0,0.0,0.0,0.0,0.0,80.35720260500057,0.0,0.0,0.0,0.0,,,4,1.9743898463935055,0.4743898463935054,0.9487796927870108,0.0,-0.0256101536064946,1.5707963267948966,0.009320511506193434,-0.009320511506193434,1.5974560024732647,,,,
2.2670955999055877,7078.353610601,odom,idle,,4,,0.009320511506193434,-0.025610153606494608,-0.026662045227117126,-6.089507093400451,-5.676294901565439,-1.3719489670441611,-1.4732649333195529,3.0853590965270996,0.004361362349947751,-0.004361362349947751,0.05116656799964403,pixhawk_fused,True,0.8,0.2,gyro,-1.0,0.0,0.0,0.0,0.0,80.4632551120003,0.0,0.0,0.0,0.0,,,4,1.9743898463935055,0.4743898463935054,0.9487796927870108,0.0,-0.0256101536064946,1.5707963267948966,0.009320511506193434,-0.009320511506193434,1.5974583720220137,,,,
2.2671640999615192,7078.467365362,odom,idle,,4,,0.009320511506193434,-0.025610153606494608,-0.026652991789843483,-6.089507093400451,-5.676294901565439,-1.3719399136068875,-1.4732649333195529,3.0853118896484375,0.004372668259085924,-0.004372668259085924,0.006217150000338734,pixhawk_fused,True,0.8,0.2,gyro,-1.0,0.0,0.0,0.0,0.0,80.57716755500041,0.0,0.0,0.0,0.0,,,4,1.9743898463935055,0.4743898463935054,0.9487796927870108,0.0,-0.0256101536064946,1.5707963267948966,0.009320511506193434,-0.009320511506193434,1.59744931858474,,,,
2.2672286999877542,7078.586278639,odom,idle,,4,,0.009320511506193434,-0.025610153606494608,-0.026645469192161153,-6.089507093400451,-5.676294901565439,-1.3719323910092052,-1.4732649333195529,3.0852696895599365,0.004382062458207667,-0.004382062458207667,0.013918776000537036,pixhawk_fused,True,0.8,0.2,gyro,-1.0,0.0,0.0,0.0,0.0,80.69598320500063,0.0,0.0,0.0,0.0,,,4,1.9743898463935055,0.4743898463935054,0.9487796927870108,0.0,-0.0256101536064946,1.5707963267948966,0.009320511506193434,-0.009320511506193434,1.5974417959870577,,,,
2.2672908999957144,7078.702060637,odom,idle,,4,,0.009320511506193434,-0.025610153606494608,-0.026645469192161153,-6.089507093400451,-5.676294901565439,-1.3719323910092052,-1.4732649333195529,3.0852696895599365,0.004382062458207667,-0.004382062458207667,0.13051071300014883,pixhawk_fused,True,0.8,0.2,gyro,-1.0,0.0,0.0,0.0,0.0,80.81254510600047,0.0,0.0,0.0,0.0,,,4,1.9743898463935055,0.4743898463935054,0.9487796927870108,0.0,-0.0256101536064946,1.5707963267948966,0.009320511506193434,-0.009320511506193434,1.5974417959870577,,,,
2.267356399912387,7078.824353241,odom,idle,,4,,0.009320511506193434,-0.025610153606494608,-0.026709329681188665,-6.089507093400451,-5.676294901565439,-1.3719962514982327,-1.4732649333195529,3.085296869277954,0.004302313613945455,-0.004302313613945455,0.0566837750002378,pixhawk_fused,True,0.8,0.2,gyro,-1.0,0.0,0.0,0.0,0.0,80.93435305700041,0.0,0.0,0.0,0.0,,,4,1.9743898463935055,0.4743898463935054,0.9487796927870108,0.0,-0.0256101536064946,1.5707963267948966,0.009320511506193434,-0.009320511506193434,1.5975056564760852,,,,
3.1403811998898163,7078.941571419,odom,idle,,4,,0.009320511506193434,-0.025610153606494608,-0.02672218027895945,-6.089507093400451,-5.676294901565439,-1.3720091020960035,-1.4732649333195529,3.085294485092163,0.004286265802809805,-0.004286265802809805,0.06350385299992922,pixhawk_fused,True,0.8,0.2,gyro,-1.0,0.0,0.0,0.0,0.0,81.05184459700013,0.0,0.0,0.0,0.0,,,4,1.9743898463935055,0.4743898463935054,0.9487796927870108,0.0,-0.0256101536064946,1.5707963267948966,0.009320511506193434,-0.009320511506193434,1.597518507073856,,,,
3.1405119999544695,7079.0417176,odom,idle,,4,,0.009320511506193434,-0.025610153606494608,-0.02672218027895945,-6.089507093400451,-5.676294901565439,-1.3720091020960035,-1.4732649333195529,3.085294485092163,0.004286265802809805,-0.004286265802809805,0.16402905999984796,pixhawk_fused,True,0.8,0.2,gyro,-1.0,0.0,0.0,0.0,0.0,81.15237324900045,0.0,0.0,0.0,0.0,,,4,1.9743898463935055,0.4743898463935054,0.9487796927870108,0.0,-0.0256101536064946,1.5707963267948966,0.009320511506193434,-0.009320511506193434,1.597518507073856,,,,
3.1406071999808773,7079.142491855,odom,idle,,4,,0.009320511506193434,-0.025610153606494608,-0.026746865768828565,-6.089507093400451,-5.676294901565439,-1.3720337875858726,-1.4732649333195529,3.085306406021118,0.004255438581581995,-0.004255438581581995,0.08649762000004557,pixhawk_fused,True,0.8,0.2,gyro,-1.0,0.0,0.0,0.0,0.0,81.25253509600043,0.0,0.0,0.0,0.0,,,4,1.9743898463935055,0.4743898463935054,0.9487796927870108,0.0,-0.0256101536064946,1.5707963267948966,0.009320511506193434,-0.009320511506193434,1.5975431925637251,,,,
3.140689699910581,7079.24566028,odom,idle,,4,,0.009320511506193434,-0.025610153606494608,-0.026752346500986457,-6.089507093400451,-5.676294901565439,-1.3720392683180305,-1.4732649333195529,3.0852887630462646,0.004248594245415017,-0.004248594245415017,0.05835307799952716,pixhawk_fused,True,0.8,0.2,gyro,-1.0,0.0,0.0,0.0,0.0,81.35590694100028,0.0,0.0,0.0,0.0,,,4,1.9743898463935055,0.4743898463935054,0.9487796927870108,0.0,-0.0256101536064946,1.5707963267948966,0.009320511506193434,-0.009320511506193434,1.597548673295883,,,,
3.1407659999094903,7079.362190368,odom,idle,,4,,0.009320511506193434,-0.025610153606494608,-0.026730102272493284,-6.089507093400451,-5.676294901565439,-1.3720170240895373,-1.4732649333195529,3.085232973098755,0.004276372824802831,-0.004276372824802831,0.007756734999929904,pixhawk_fused,True,0.8,0.2,gyro,-1.0,0.0,0.0,0.0,0.0,81.47230999500061,0.0,0.0,0.0,0.0,,,4,1.9743898463935055,0.4743898463935054,0.9487796927870108,0.0,-0.0256101536064946,1.5707963267948966,0.009320511506193434,-0.009320511506193434,1.5975264290673898,,,,
3.140844799927436,7079.464751719,odom,idle,,4,,0.009320511506193434,-0.025610153606494608,-0.026730102272493284,-6.089507093400451,-5.676294901565439,-1.3720170240895373,-1.4732649333195529,3.085232973098755,0.004276372824802831,-0.004276372824802831,0.11004461199991056,pixhawk_fused,True,0.8,0.2,gyro,-1.0,0.0,0.0,0.0,0.0,81.5746065760004,0.0,0.0,0.0,0.0,,,4,1.9743898463935055,0.4743898463935054,0.9487796927870108,0.0,-0.0256101536064946,1.5707963267948966,0.009320511506193434,-0.009320511506193434,1.5975264290673898,,,,
3.1409200999187306,7079.585224486,odom,idle,,4,,0.009320511506193434,-0.025610153606494608,-0.026737597597790153,-6.089507093400451,-5.676294901565439,-1.3720245194148342,-1.4732649333195529,3.085192918777466,0.004267012668315157,-0.004267012668315157,0.009124008999606303,pixhawk_fused,True,0.8,0.2,gyro,-1.0,0.0,0.0,0.0,0.0,81.6948326290003,0.0,0.0,0.0,0.0,,,4,1.9743898463935055,0.4743898463935054,0.9487796927870108,0.0,-0.0256101536064946,1.5707963267948966,0.009320511506193434,-0.009320511506193434,1.5975339243926867,,,,
3.1409920000005513,7079.70116111,odom,idle,,4,,0.009320511506193434,-0.025610153606494608,-0.026737597597790153,-6.089507093400451,-5.676294901565439,-1.3720245194148342,-1.4732649333195529,3.085192918777466,0.004267012668315157,-0.004267012668315157,0.12614454499998828,pixhawk_fused,True,0.8,0.2,gyro,-1.0,0.0,0.0,0.0,0.0,81.81179859199983,0.0,0.0,0.0,0.0,,,4,1.9743898463935055,0.4743898463935054,0.9487796927870108,0.0,-0.0256101536064946,1.5707963267948966,0.009320511506193434,-0.009320511506193434,1.5975339243926867,,,,
4.205032499972731,7079.801840942,odom,idle,,4,,0.0,0.0,-2.8158233688069245e-05,-6.089507093400451,-5.676294901565439,-1.473293091553241,-1.4732649333195529,3.0851759910583496,0.004231814876206055,-0.004231814876206055,0.03252141299981304,pixhawk_fused,True,0.8,0.2,gyro,-1.0,0.0,0.0,0.0,0.0,81.91242290700029,0.0,0.0,0.0,0.0,,,1,0.0,0.0,0.0,0.0,0.0,0.0,0.0,0.0,2.8158233688069245e-05,,,,
4.205149799934588,7079.9227589,odom,idle,,4,,0.0,0.0,-2.8158233688069245e-05,-6.089507093400451,-5.676294901565439,-1.473293091553241,-1.4732649333195529,3.0851759910583496,0.004231814876206055,-0.004231814876206055,0.15275385400036612,pixhawk_fused,True,0.8,0.2,gyro,-1.0,0.0,0.0,0.0,0.0,82.03266846000042,0.0,0.0,0.0,0.0,,,1,0.0,0.0,0.0,0.0,0.0,0.0,0.0,0.0,2.8158233688069245e-05,,,,
4.205217799986713,7080.024457887,odom,idle,,4,,0.0,0.0,-2.184476144639902e-05,-6.089507093400451,-5.676294901565439,-1.4732867780809993,-1.4732649333195529,3.0851383209228516,0.004239706716507509,-0.004239706716507509,0.07170807400052581,pixhawk_fused,True,0.8,0.2,gyro,-1.0,0.0,0.0,0.0,0.0,82.13408143700053,0.0,0.0,0.0,0.0,,,1,0.0,0.0,0.0,0.0,0.0,0.0,0.0,0.0,2.184476144639902e-05,,,,
4.205307299969718,7080.145561914,odom,idle,,4,,0.0,0.0,-3.682339340604912e-05,-6.089507093400451,-5.676294901565439,-1.473301756712959,-1.4732649333195529,3.0851409435272217,0.004220983426559552,-0.004220983426559552,0.07240584900046088,pixhawk_fused,True,0.8,0.2,gyro,-1.0,0.0,0.0,0.0,0.0,82.2550064320003,0.0,0.0,0.0,0.0,,,1,0.0,0.0,0.0,0.0,0.0,0.0,0.0,0.0,3.682339340604912e-05,,,,
4.205367899965495,7080.261143456,odom,idle,,4,,0.0,0.0,-3.8879194112384496e-05,-6.089507093400451,-5.676294901565439,-1.4733038125136653,-1.4732649333195529,3.085116386413574,0.004218413675676867,-0.004218413675676867,0.007373782999820833,pixhawk_fused,True,0.8,0.2,gyro,-1.0,0.0,0.0,0.0,0.0,82.37202963400068,0.0,0.0,0.0,0.0,,,1,0.0,0.0,0.0,0.0,0.0,0.0,0.0,0.0,3.8879194112384496e-05,,,,
4.205425699939951,7080.361983857,odom,idle,,4,,0.0,0.0,-3.8879194112384496e-05,-6.089507093400451,-5.676294901565439,-1.4733038125136653,-1.4732649333195529,3.085116386413574,0.004218413675676867,-0.004218413675676867,0.10767596000005142,pixhawk_fused,True,0.8,0.2,gyro,-1.0,0.0,0.0,0.0,0.0,82.4723491069999,0.0,0.0,0.0,0.0,,,1,0.0,0.0,0.0,0.0,0.0,0.0,0.0,0.0,3.8879194112384496e-05,,,,
4.205497999908403,7080.462132149,odom,idle,,4,,0.0,0.0,-3.3819066361795436e-05,-6.089507093400451,-5.676294901565439,-1.4732987523859147,-1.4732649333195529,3.0850813388824463,0.004224738835364415,-0.004224738835364415,0.09670482000001357,pixhawk_fused,True,0.8,0.2,gyro,-1.0,0.0,0.0,0.0,0.0,82.57248862100005,0.0,0.0,0.0,0.0,,,1,0.0,0.0,0.0,0.0,0.0,0.0,0.0,0.0,3.3819066361795436e-05,,,,
4.205556999891996,7080.562252053,odom,idle,,4,,0.0,0.0,-3.7784600632084775e-05,-6.089507093400451,-5.676294901565439,-1.473302717920185,-1.4732649333195529,3.0850658416748047,0.004219781917527153,-0.004219781917527153,0.08721328399951744,pixhawk_fused,True,0.8,0.2,gyro,-1.0,0.0,0.0,0.0,0.0,82.67259043300055,0.0,0.0,0.0,0.0,,,1,0.0,0.0,0.0,0.0,0.0,0.0,0.0,0.0,3.7784600632084775e-05,,,,
4.205611299956217,7080.66267017,odom,idle,,4,,0.0,0.0,-4.0716702120580095e-05,-6.089507093400451,-5.676294901565439,-1.4733056500216735,-1.4732649333195529,3.085049867630005,0.004216116790667011,-0.004216116790667011,0.010143886000150815,pixhawk_fused,True,0.8,0.2,gyro,-1.0,0.0,0.0,0.0,0.0,82.77322385900061,0.0,0.0,0.0,0.0,,,1,0.0,0.0,0.0,0.0,0.0,0.0,0.0,0.0,4.0716702120580095e-05,,,,
4.205661499989219,7080.762915052,odom,idle,,4,,0.0,0.0,-5.643759258644465e-05,-6.089507093400451,-5.676294901565439,-1.4733213709121393,-1.4732649333195529,3.085047483444214,0.004196465677589013,-0.004196465677589013,0.06539468599930842,pixhawk_fused,True,0.8,0.2,gyro,-1.0,0.0,0.0,0.0,0.0,82.87308690000009,0.0,0.0,0.0,0.0,,,1,0.0,0.0,0.0,0.0,0.0,0.0,0.0,0.0,5.643759258644465e-05,,,,
4.54622409993317,,mission_status,navigating,1,4,going to waypoint 1/4,0.0,0.0,-5.643759258644465e-05,,,,,,,,,,,,,,,,,,,,,,,,,,,,,,,,,,,,,,,
4.5463346999604255,7080.865564789,odom,navigating,1,4,,0.0,0.0,-8.09672812165374e-05,-6.089507093400451,-5.676294901565439,-1.4733459006007694,-1.4732649333195529,3.0850627422332764,0.004165803566815166,-0.004165803566815166,0.007342005999817047,pixhawk_fused,True,0.8,0.2,gyro,-1.0,0.0,0.0,0.24,0.0002709004442635923,0.011526902000696282,0.0,0.0,0.23997938989420042,0.24002061010579956,,,1,0.0,0.0,0.0,0.0,0.0,0.0,0.0,0.0,8.09672812165374e-05,0.5,,,
4.5464265999617055,7080.986196756,odom,navigating,1,4,,4.7799116946211505e-05,-7.993197476687315e-08,3.1383073926027905e-05,-6.089502518425537,-5.676342481304556,-1.4732335502456269,-1.4726240260150119,3.085043430328369,0.0041460146934332535,-0.0041460146934332535,0.027568114000132482,pixhawk_fused,True,0.8,0.2,gyro,-1.0,0.0026214998215436935,0.03445714712142944,0.24,0.0003886429494173145,0.03323405900027865,6.854534171166216e-11,0.005242999574542046,0.23997043204440832,0.24002956795559166,,,1,4.7799116946211505e-05,4.7799116946211505e-05,9.559823389242301e-05,4.7799116946211505e-05,0.0,0.0,7.993197476687315e-08,-7.993197476687315e-08,-3.1383073926027905e-05,0.4999522008830602,,,
4.546515999943949,7081.104258558,odom,navigating,1,4,,0.0015784747740799389,1.334310905280617e-05,0.008258120592808949,-6.089340106816048,-5.67786457545883,-1.465006812726744,-1.453031794851264,3.07844614982605,0.009531445871347397,-0.009531445871347397,0.03268314900014957,pixhawk_fused,True,0.8,0.2,gyro,-1.0,0.012904995121061802,0.16962401568889618,0.24,-0.03682280650290477,0.006992609000008088,7.450581818169155e-12,0.025809990234673022,0.24280147911874098,0.237198520881259,0.02580999022722244,1.0000000005773408,1,0.0015784747740799389,0.0015784747740799389,0.0031569495481598778,0.0015784747740799389,0.0,0.0,1.334310905280617e-05,1.334310905280617e-05,-0.008258120592808949,0.49842152540452245,,,
4.888883599895053,7081.222892787,odom,navigating,1,4,,0.0060623994988756435,0.00021726329023453528,0.020007147320402874,-6.088700525322908,-5.682307333598946,-1.45325778599915,-1.3942548366941752,3.07844614982605,0.009531445871347397,-0.009531445871347397,0.15139420900050027,pixhawk_fused,True,0.8,0.2,gyro,-1.0,0.05895322561264038,0.6400914192199707,0.24,-0.05440627534709423,0.02760203999969235,0.010255070438385014,0.10765138078689575,0.24413922942840693,0.23586077057159305,0.09739631034851073,1.2105843722763123,1,0.0060623994988756435,0.0060623994988756435,0.012124798997751287,0.0060623994988756435,0.0,0.0,0.00021726329023453528,0.00021726329023453528,-0.020007147320402874,0.49393764828381487,,,
4.889075299957767,7081.341707474,odom,navigating,1,4,,0.016518412551050757,0.0013597902152361922,0.09287456261954952,-6.086545254640375,-5.692602399650537,-1.3803903707000034,-1.3327009088884003,3.0162692070007324,0.08522344632005116,-0.08522344632005116,0.07510953000019072,pixhawk_fused,True,0.8,0.2,gyro,-1.0,0.11358675360679626,0.4750426113605499,0.24,-0.13938254446894857,0.04722483200021088,0.07744551173448563,0.1497279954791069,0.2506042239831976,0.2293957760168024,0.07228248374462126,3.142856961255113,1,0.016518412551050757,0.016518412551050757,0.033036825102101514,0.016518412551050757,0.0,0.0,0.0013597902152361922,0.0013597902152361922,-0.09287456261954952,0.4834834996476978,,,
4.889197199954651,7081.445308831,odom,navigating,1,4,,0.029436786453600094,0.003360495141019191,0.1545289276485271,-6.083296107455626,-5.7052645577232335,-1.3187360056710258,-1.3129559826935162,2.9467437267303467,0.15735094211553952,-0.15735094211553952,0.07122408900067967,pixhawk_fused,True,0.8,0.2,gyro,-1.0,0.14198344945907593,-0.03393164277076721,0.19219834514198636,-0.6666666666666667,0.044879086000037205,0.1445649688410759,0.13940193007707596,0.24291834514198635,0.14147834514198637,,,1,0.029436786453600094,0.029436786453600094,0.05887357290720019,0.029436786453600094,0.0,0.0,0.003360495141019191,0.003360495141019191,-0.1545289276485271,0.47057521276700026,,,
5.226516800001264,7081.564411324,odom,navigating,1,4,,0.04549573927003856,0.005784354935261789,0.16016685343750137,-6.079319996756858,-5.721011163883733,-1.3130980798820515,-1.3461591458890998,2.9356236457824707,0.17269772104477307,-0.17269772104477307,0.008794184999715071,pixhawk_fused,True,0.8,0.2,gyro,-1.0,0.14669017493724823,-0.37209030985832214,0.16904890274142576,-0.6666666666666667,0.01311946599980729,0.17499880571126938,0.11838154416322708,0.21976890274142574,0.11832890274142575,0.05661726154804231,5.181818086089346,1,0.04549573927003856,0.04549573927003856,0.09099147854007712,0.04549573927003856,0.0,0.0,0.005784354935261789,0.005784354935261789,-0.16016685343750137,0.45454106721363013,,,
5.226629999931902,7081.684316553,odom,navigating,1,4,,0.060208700703283415,0.007301027455293721,0.12703537975298063,-6.076377830388917,-5.7355065144049355,-1.3462295535665723,-1.4030744415735477,2.9641265869140625,0.14550643972610852,-0.14550643972610852,0.02293373199972848,pixhawk_fused,True,0.8,0.2,gyro,-1.0,0.12818194925785065,-0.4043594002723694,0.1517413131266398,-0.6666666666666667,0.03187417299977824,0.1589456124305725,0.09741828608512879,0.20246131312663979,0.1010213131266398,0.06152732634544372,4.166667296354667,1,0.060208700703283415,0.060208700703283415,0.12041740140656683,0.060208700703283415,0.0,0.0,0.007301027455293721,0.007301027455293721,-0.12703537975298063,0.4398518977326312,,,
5.226721199927852,7081.784693672,odom,navigating,1,4,,0.07334755313448846,0.007890541393043547,0.06802333841593633,-6.074511698121022,-5.748525520521015,-1.4052415949036166,-1.4636518692701552,3.0207290649414062,0.08688513581013105,-0.08688513581013105,0.07895595300033165,pixhawk_fused,True,0.8,0.2,gyro,-1.0,0.14056360721588135,-0.6579107046127319,0.16769143117749377,-0.6666666666666666,0.037128814000425336,0.19061745362281798,0.09050976080894471,0.21841143117749376,0.11697143117749378,0.10010769281387327,2.8082478631732393,1,0.07334755313448846,0.07334755313448846,0.14669510626897692,0.07334755313448846,0.0,0.0,0.007890541393043547,0.007890541393043547,-0.06802333841593633,0.4267254047508813,,,
5.567582999938168,7081.901355255,odom,navigating,1,4,,0.09194345363649113,0.007542067221531995,0.021867197113901504,-6.07304770614817,-5.767066978857187,-1.4513977362056514,-1.5269452853630856,3.063516855239868,0.045004256109947176,-0.045004256109947176,0.045218594999823836,pixhawk_fused,True,0.8,0.2,gyro,-1.0,0.19615593552589417,-0.5427969098091125,0.24,-0.5000603677889207,0.007007663999502256,0.23745192442417146,0.15485994662761687,0.27804459278138105,0.2019554072186189,0.08259197779655458,4.749999715688539,1,0.09194345363649113,0.09194345363649113,0.18388690727298226,0.09194345363649113,0.0,0.0,0.007542067221531995,0.007542067221531995,-0.021867197113901504,0.40812624003865344,,,
5.567722799954936,7082.023519621,odom,navigating,1,4,,0.11687159375456216,0.005588017072242388,-0.07277109628137035,-6.07256504629462,-5.792066929281096,-1.5460360296009232,-1.5790083764527987,-3.116567611694336,-0.060262397129779856,0.060262397129779856,0.0570941900004982,pixhawk_fused,True,0.8,0.2,gyro,-1.0,0.2307211458683014,-0.3368822932243347,0.24,0.05257582487365791,0.028120449000198278,0.25635115073680875,0.205091140999794,0.2360000312436121,0.24399996875638788,0.05126000973701475,9.001993836988994,1,0.11687159375456216,0.11687159375456216,0.23374318750912432,0.11687159375456216,0.0,0.0,0.005588017072242388,0.005588017072242388,0.07277109628137035,0.3831691553439146,,,
5.567837299895473,7082.12520085,odom,navigating,1,4,,0.1392343461719222,0.003099372444566576,-0.1013048400955312,-6.072864249654072,-5.8145657409188845,-1.574569773415084,-1.5844709092664004,-3.0853402614593506,-0.09456258137965778,0.09456258137965778,0.04518020700015768,pixhawk_fused,True,0.8,0.2,gyro,-1.0,0.2387201339006424,0.06972777098417282,0.24,0.12378840758076581,0.029805808000674006,0.23341524508416653,0.24402502271711826,0.23058217795125532,0.24941782204874466,,,1,0.1392343461719222,0.1392343461719222,0.2784686923438444,0.1392343461719222,0.0,0.0,0.003099372444566576,0.003099372444566576,0.1013048400955312,0.3607789670858746,,,
5.903789399890229,7082.225388826,odom,navigating,1,4,,0.16236691857206967,0.0006609004350991397,-0.09764887069905193,-6.073038556198339,-5.837825828382556,-1.5709138040186048,-1.5661908941622025,-3.0853402614593506,-0.09456258137965778,0.09456258137965778,0.1451307639999868,pixhawk_fused,True,0.8,0.2,gyro,-1.0,0.2363601177930832,0.2443496584892273,0.24,0.3266978414881474,0.0269785390000834,0.21776999577522277,0.2549502398109436,0.21514482821958175,0.26485517178041823,0.037180244035720844,12.714285445033703,1,0.16236691857206967,0.16236691857206967,0.32473383714413934,0.16236691857206967,0.0,0.0,0.0006609004350991397,0.0006609004350991397,0.09764887069905193,0.33763372826763705,,,
5.903912399895489,7082.34469435,odom,navigating,1,4,,0.1891003375116174,-0.001390716171245511,-0.06251348006644153,-6.072477206776249,-5.86463197890297,-1.5357784133859944,-1.5249311637602159,-3.1134719848632812,-0.06095822994852641,0.06095822994852641,0.07254216000001179,pixhawk_fused,True,0.8,0.2,gyro,-1.0,0.22691358625888824,0.31572461128234863,0.24,0.2888288668843606,0.04612830899986875,0.20289325783252715,0.25093391468524934,0.21802589980743783,0.2619741001925621,0.048040656852722186,9.446731211629155,1,0.1891003375116174,0.1891003375116174,0.3782006750232348,0.1891003375116174,0.0,0.0,0.001390716171245511,-0.001390716171245511,0.06251348006644153,0.31090277294816654,,,
5.903996899956837,7082.460724045,odom,navigating,1,4,,0.2162959568543942,-0.0023594954537983284,-0.030157688720662046,-6.070793158509978,-5.89179268997931,-1.503422622040215,-1.4891034641012175,3.1387431621551514,-0.02947035085106471,0.02947035085106471,0.012201178000395885,pixhawk_fused,True,0.8,0.2,gyro,-1.0,0.25029414892196655,0.30524665117263794,0.24,0.29103834122939504,0.014604755000618752,0.22707098370075227,0.27351731414318087,0.21785780299926763,0.2621421970007324,0.0464463304424286,10.777779279343179,1,0.2162959568543942,0.2162959568543942,0.4325919137087884,0.2162959568543942,0.0,0.0,0.0023594954537983284,-0.0023594954537983284,0.030157688720662046,0.28371385464224386,,,
6.226457399898209,7082.561523188,odom,navigating,1,4,,0.2392894993100321,-0.00243217125142655,-0.002015928005825396,-6.068626450390156,-5.91468403446482,-1.4752808613253783,-1.4593488522947844,3.1124298572540283,-0.0017317596271095546,0.0017317596271095546,0.006616861000111385,pixhawk_fused,True,0.8,0.2,gyro,-1.0,0.22625406086444855,0.2703542113304138,0.21601376890615648,0.1823873545630078,0.015245311000398942,0.20568551246643066,0.24682260926246644,0.20213773897100284,0.2298897988413101,0.04113709679603578,11.000001384942257,1,0.2392894993100321,0.2392894993100321,0.4785789986200642,0.2392894993100321,0.0,0.0,0.00243217125142655,-0.00243217125142655,0.002015928005825396,0.2607218453198927,,,
6.226625599898398,7082.661882381,odom,navigating,1,4,,0.2608829875965881,-0.002014827344976749,0.00043725671401251276,-6.06610838419685,-5.936134261852053,-1.4728276766055404,-1.4470808938157578,3.1124298572540283,-0.0017317596271095546,0.0017317596271095546,0.10664080500009732,pixhawk_fused,True,0.8,0.2,gyro,-1.0,0.20922301709651947,0.06714221090078354,0.20482323508735245,0.08194699841727687,0.013231869000264851,0.20411483769118785,0.2143311965018511,0.19858870744776602,0.21105776272693888,,,1,0.2608829875965881,0.2608829875965881,0.5217659751931762,0.2608829875965881,0.0,0.0,0.002014827344976749,-0.002014827344976749,-0.00043725671401251276,0.23912550083578182,,,
6.226711599971168,7082.782760137,odom,navigating,1,4,,0.28457903169979915,-0.0013816728606937285,0.034495742915398475,-6.063170792803824,-5.959656037880872,-1.4387691904041544,-1.4443953438623736,3.0705549716949463,0.040169286991709685,-0.040169286991709685,0.031410427000082564,pixhawk_fused,True,0.8,0.2,gyro,-1.0,0.1974198818206787,0.10109986364841461,0.1851222639658434,-0.017053342688001218,0.03457516700018459,0.18972820419430733,0.2051115594470501,0.18641968227754652,0.18382484565414026,,,1,0.28457903169979915,0.28457903169979915,0.5691580633995983,0.28457903169979915,0.0,0.0,0.0013816728606937285,-0.0013816728606937285,-0.034495742915398475,0.21542539916010395,,,
6.567157699959353,7082.90146592,odom,navigating,1,4,,0.30655020968348506,-0.0007452398783989837,0.037470310710875365,-6.060397900507744,-5.98146082582403,-1.4357946226086775,-1.4464399699274328,3.0668013095855713,0.044398613085279086,-0.044398613085279086,0.03497515600065526,pixhawk_fused,True,0.8,0.2,gyro,-1.0,0.18527433276176453,0.0,0.15760442202649247,-0.09159852184205648,0.006756264000614465,0.18527433276176453,0.18527433276176453,0.16457323756823614,0.1506356064847488,,,1,0.30655020968348506,0.30655020968348506,0.6131004193669701,0.30655020968348506,0.0,0.0,0.0007452398783989837,-0.0007452398783989837,-0.037470310710875365,0.19345122578050508,,,
6.5672678999835625,7083.022553688,odom,navigating,1,4,,0.3240623910673961,-0.0003680295312209897,0.028067680986679777,-6.058317201916328,-5.998853050461514,-1.445197252332873,-1.459287922782639,3.076693058013916,0.035857251984307385,-0.035857251984307385,0.04882939599974634,pixhawk_fused,True,0.8,0.2,gyro,-1.0,0.1332959532737732,-0.06738655269145966,0.14974673777471223,-0.09183164202047978,0.027355565000107163,0.13842272220253946,0.12816918434500693,0.15673328909963033,0.14276018644979413,,,1,0.3240623910673961,0.3240623910673961,0.6481247821347922,0.3240623910673961,0.0,0.0,0.0003680295312209897,-0.0003680295312209897,-0.028067680986679777,0.17593799385765918,,,
6.567350199911743,7083.122901011,odom,navigating,1,4,,0.3367870198147706,-0.0002629441415406067,0.025095740342732986,-6.056973531783744,-6.011506973579363,-1.44816919297682,-1.4741499289796334,3.076693058013916,0.035857251984307385,-0.035857251984307385,0.14865606799958186,pixhawk_fused,True,0.8,0.2,gyro,-1.0,0.12998326122760773,-0.1743374913930893,0.13627880025903108,-0.06492423875913676,0.02752609700019093,0.14324685757279396,0.1167196648824215,0.14121823634382621,0.13133936417423595,0.02652719269037246,9.80000128508002,1,0.3367870198147706,0.3367870198147706,0.6735740396295412,0.3367870198147706,0.0,0.0,0.0002629441415406067,-0.0002629441415406067,-0.025095740342732986,0.1632131919930667,,,
6.887752199894749,7083.224808066,odom,navigating,1,4,,0.34922755302350234,-0.0003553065509015463,0.009838447247472848,-6.055854035422004,-6.023897378142099,-1.46342648607208,-1.49175855256402,3.0909104347229004,0.021187588182518098,-0.021187588182518098,0.049827959000140254,pixhawk_fused,True,0.8,0.2,gyro,-1.0,0.12309147417545319,-0.20224016904830933,0.12448819682694905,-0.020585601745218663,0.025830369000686915,0.13847790623664855,0.10770504211425781,0.12605434940772528,0.12292204424617281,0.030772864122390733,8.000001149447133,1,0.34922755302350234,0.34922755302350234,0.6984551060470047,0.34922755302350234,0.0,0.0,0.0003553065509015463,-0.0003553065509015463,-0.009838447247472848,0.15077286562915063,,,
6.887886099983007,7083.326943707,odom,navigating,1,4,,0.36135809164338545,-0.0006467198877638178,-0.020528200386388473,-6.05496283030853,-6.0359986442901965,-1.4937931337059414,-1.5059796891678605,3.123379945755005,-0.013214619549682524,0.013214619549682524,0.04949772799955099,pixhawk_fused,True,0.8,0.2,gyro,-1.0,0.11919455975294113,-0.13055837154388428,0.1184790349041838,0.04023304303194977,0.02576753799985454,0.12912744065999984,0.10926167884588242,0.11541810499031306,0.12153996481805453,0.019865761814117422,11.99999887930163,1,0.36135809164338545,0.36135809164338545,0.7227161832867709,0.36135809164338545,0.0,0.0,0.0006467198877638178,-0.0006467198877638178,0.020528200386388473,0.13864341671849095,,,
6.887973699951544,7083.445522586,odom,navigating,1,4,,0.3744843960452757,-0.0011297955963663203,-0.022426234534375755,-6.054165412180818,-6.0491096074020705,-1.4956911678539286,-1.5154707862411927,3.123379945755005,-0.013214619549682524,0.013214619549682524,0.1694753989995661,pixhawk_fused,True,0.8,0.2,gyro,-1.0,0.10987679660320282,-0.06564667820930481,0.10734842500822023,0.06257237309348006,0.0482478390003962,0.11487119588136672,0.10488239732503891,0.10258791886326826,0.11210893115317219,,,1,0.3744843960452757,0.3744843960452757,0.7489687920905514,0.3744843960452757,0.0,0.0,0.0011297955963663203,-0.0011297955963663203,0.022426234534375755,0.12552068863023644,,,
7.225931399967521,7083.561650519,odom,navigating,1,4,,0.3859874847537383,-0.0016512565346896574,-0.04492037453271469,-6.053564260476965,-6.060608806851333,-1.5181853078522676,-1.5208723511875815,-3.1330020427703857,-0.03998160178842226,0.03998160178842226,0.002192453999668942,pixhawk_fused,True,0.8,0.2,gyro,-1.0,0.10017400979995728,0.033728525042533875,0.09715850590692379,0.0899322585703133,0.013208407999627525,0.0976079436147213,0.10274007598519325,0.09031645967489435,0.10400055213895323,,,1,0.3859874847537383,0.3859874847537383,0.7719749695074766,0.3859874847537383,0.0,0.0,0.0016512565346896574,-0.0016512565346896574,0.04492037453271469,0.11402447228960289,,,
7.226044099894352,7083.683300363,odom,navigating,1,4,,0.3965915510819958,-0.002176232217830136,-0.04559173614004752,-6.053054150773924,-6.071213598704681,-1.5188566694596004,-1.5242291804227446,-3.1330020427703857,-0.03998160178842226,0.03998160178842226,0.1239398509997045,pixhawk_fused,True,0.8,0.2,gyro,-1.0,0.08759140968322754,0.0,0.08837883415593692,0.1120231961063818,0.03632446700066794,0.08759140968322754,0.08759140968322754,0.07985610939616339,0.09690155891571045,,,1,0.3965915510819958,0.3965915510819958,0.7931831021639916,0.3965915510819958,0.0,0.0,0.002176232217830136,-0.002176232217830136,0.04559173614004752,0.10343134580142235,,,
7.226126799941994,7083.784181374,odom,navigating,1,4,,0.40492487896563184,-0.0025875196782188525,-0.04722221598717202,-6.052652010478882,-6.079547373010142,-1.520487149306725,-1.5208417446140157,-3.1300885677337646,-0.04286655449377576,0.04286655449377576,0.0282565200004683,pixhawk_fused,True,0.8,0.2,gyro,-1.0,0.08460009098052979,0.03369668498635292,0.08007120901936021,0.11006083800291404,0.0368023599994558,0.08203644718676806,0.08716373477429151,0.07169778046409851,0.08844463757462191,,,1,0.40492487896563184,0.40492487896563184,0.8098497579312637,0.40492487896563184,0.0,0.0,0.0025875196782188525,-0.0025875196782188525,0.04722221598717202,0.09511032487477332,,,
7.548771999892779,7083.887386299,odom,navigating,1,4,,0.41260931156662434,-0.0029500278659984405,-0.04357027912128175,-6.0522645101035675,-6.087230585882667,-1.5168352124408346,-1.5181561965224148,-3.1348185539245605,-0.03897302052261511,0.03897302052261511,0.015405101999931503,pixhawk_fused,True,0.8,0.2,gyro,-1.0,0.08202418684959412,0.06738312542438507,0.07608825989981823,0.11897971660613027,0.03328948299986223,0.0768976786673069,0.08715069503188133,0.06703628306042383,0.08514023673921262,,,1,0.41260931156662434,0.41260931156662434,0.8252186231332487,0.41260931156662434,0.0,0.0,0.0029500278659984405,-0.0029500278659984405,0.04357027912128175,0.087440465971251,,,
7.5489085000008345,7084.004306134,odom,navigating,1,4,,0.4209455849708506,-0.0033124175375860293,-0.04235569964710684,-6.051813417576932,-6.095562530198161,-1.5156206329666597,-1.5120832918754343,-3.1348185539245605,-0.03897302052261511,0.03897302052261511,0.13254793099986273,pixhawk_fused,True,0.8,0.2,gyro,-1.0,0.06967998296022415,0.10176418721675873,0.0654241512185922,0.13156657283792725,0.007069624999530788,0.06193776359677315,0.07742220232367515,0.055414566357082695,0.0754337360801017,,,1,0.4209455849708506,0.4209455849708506,0.8418911699417012,0.4209455849708506,0.0,0.0,0.0033124175375860293,-0.0033124175375860293,0.04235569964710684,0.07912378053116717,,,
7.548994299955666,7084.106098804,odom,navigating,1,4,,0.427379581286216,-0.0035397096568317854,-0.03777743567592262,-6.0514131072718556,-6.101988082466508,-1.5110423689954755,-1.5012495456165473,-3.1383492946624756,-0.03595859216781536,0.03595859216781536,0.049850736000735196,pixhawk_fused,True,0.8,0.2,gyro,-1.0,0.059914130717515945,0.13127103447914124,0.059128131058896,0.1370059787390707,0.008336865999808651,0.04992703041434288,0.06990123102068901,0.0487047161964275,0.0695515459213645,0.019974200606346137,5.999151795689911,1,0.427379581286216,0.427379581286216,0.854759162572432,0.427379581286216,0.0,0.0,0.0035397096568317854,-0.0035397096568317854,0.03777743567592262,0.07270663490094956,,,
7.867980099981651,7084.22248134,odom,navigating,1,4,,0.4348061947995933,-0.003699555066439396,-0.028282296882593982,-6.050849012864815,-6.109394966854157,-1.5015472302021469,-1.485746637359525,3.1355881690979004,-0.027965278333744202,0.027965278333744202,0.06683742099994561,pixhawk_fused,True,0.8,0.2,gyro,-1.0,0.06664465367794037,0.1347663700580597,0.056275767240445265,0.14052441830517676,0.027475523999783036,0.056391628243923186,0.07689767911195755,0.04558466949578742,0.06696686498510311,0.020506050868034364,6.499998864416032,1,0.4348061947995933,0.4348061947995933,0.8696123895991866,0.4348061947995933,0.0,0.0,0.003699555066439396,-0.003699555066439396,0.028282296882593982,0.06529869021809083,,,
7.868109399918467,7084.324947119,odom,navigating,1,4,,0.44089141088250366,-0.0037424058464419693,-0.005033455090273753,-6.0502991008800135,-6.1154554361242734,-1.4782983884098266,-1.4755842412846154,3.1095151901245117,-0.0014449784222451785,0.0014449784222451785,0.03740699100035272,pixhawk_fused,True,0.8,0.2,gyro,-1.0,0.0612332858145237,0.06191181391477585,0.050344119966546266,0.11066537504356062,0.02978036400054407,0.05652303501188755,0.06594353661715985,0.04192469823323217,0.05876354169986036,,,1,0.44089141088250366,0.44089141088250366,0.8817828217650073,0.44089141088250366,0.0,0.0,0.0037424058464419693,-0.0037424058464419693,0.005033455090273753,0.059226944113135616,,,
7.868216099916026,7084.424957601,odom,navigating,1,4,,0.44567106052217953,-0.0037342845306703384,-0.0030132153755253466,-6.049825590976294,-6.120211580046076,-1.4762781486950782,-1.4654828492623306,3.1095151901245117,-0.0014449784222451785,0.0014449784222451785,0.13725666299978911,pixhawk_fused,True,0.8,0.2,gyro,-1.0,0.04509158059954643,0.10459171235561371,0.05,0.12473882463057616,0.027396379000492743,0.03713424312353134,0.05304891807556152,0.04050987022210577,0.05949012977789424,,,1,0.44567106052217953,0.44567106052217953,0.8913421210443591,0.44567106052217953,0.0,0.0,0.0037342845306703384,-0.0037342845306703384,0.0030132153755253466,0.054457125757247635,,,
8.187115299981087,7084.525241592,odom,navigating,1,4,,0.45065661128266316,-0.0036842518741005414,0.004434825292006561,-6.04929031891122,-6.125168565366655,-1.4688301080275463,-1.4567548759558508,3.1026556491851807,0.005683098719695415,-0.005683098719695415,0.06479288899936364,pixhawk_fused,True,0.8,0.2,gyro,-1.0,0.05129322409629822,0.1348402202129364,0.05,0.13546465079699155,0.028120080000007874,0.041034580142498014,0.06155186805009842,0.039693849367364885,0.06030615063263512,0.020517287907600407,5.000000421819613,1,0.45065661128266316,0.45065661128266316,0.9013132225653263,0.45065661128266316,0.0,0.0,0.0036842518741005414,-0.0036842518741005414,-0.004434825292006561,0.049480740919897494,,,
8.187314999988303,7084.625384274,odom,navigating,1,4,,0.45524655556532617,-0.0035853993511790402,0.02087781256781107,-6.048744981901332,-6.129727070372124,-1.4523871207517418,-1.4452802593415832,3.0841124057769775,0.023368123905042018,-0.023368123905042018,0.05220485100016958,pixhawk_fused,True,0.8,0.2,gyro,-1.0,0.053839102387428284,0.10109489411115646,0.05,0.14896532693104156,0.02753852200021356,0.0461478028434515,0.06153040193140507,0.03866671792708636,0.06133328207291364,,,1,0.45524655556532617,0.45524655556532617,0.9104931111306523,0.45524655556532617,0.0,0.0,0.0035853993511790402,-0.0035853993511790402,-0.02087781256781107,0.04489683593834729,,,
8.187409399892204,7084.742059931,odom,navigating,1,4,,0.46127031154603976,-0.0033919360341102683,0.02357540510900824,-6.04796586367328,-6.135703360103801,-1.4496895282105446,-1.4317914568706174,3.0841124057769775,0.023368123905042018,-0.023368123905042018,0.1706416610004453,pixhawk_fused,True,0.8,0.2,gyro,-1.0,0.05422273650765419,0.16969212889671326,0.05,0.14806543452886606,0.04746523199992225,0.04131255934119225,0.06713291367411614,0.03873518174104387,0.06126481825895613,0.025820354332923894,4.1999994119766235,1,0.46127031154603976,0.46127031154603976,0.9225406230920795,0.46127031154603976,0.0,0.0,0.0033919360341102683,-0.0033919360341102683,-0.02357540510900824,0.038877937159786616,,,
8.527671699994244,7084.862302279,odom,navigating,1,4,,0.4674310621904169,-0.0030997140945266052,0.0431530771176285,-6.0470751160572975,-6.141806376640629,-1.4301118562019244,-1.417478732652335,3.0623488426208496,0.04426188765583357,-0.04426188765583357,0.09639673600031529,pixhawk_fused,True,0.8,0.2,gyro,-1.0,0.054037317633628845,0.16912856698036194,0.05,0.13699179071714285,0.014405354000700754,0.04117001625776291,0.06690461900949478,0.039577664562239774,0.06042233543776023,0.025734602751731867,4.19958436156488,1,0.4674310621904169,0.4674310621904169,0.9348621243808338,0.4674310621904169,0.0,0.0,0.0030997140945266052,-0.0030997140945266052,-0.0431530771176285,0.03271611128346854,,,
8.527848699945025,7084.966282903,odom,navigating,1,4,,0.4728937970150465,-0.0027580439781066043,0.05330764176932323,-6.046203125838468,-6.1472098795129275,-1.4199572915502296,-1.4033185326355424,3.053053379058838,0.05341514464584907,-0.05341514464584907,0.08803407400046126,pixhawk_fused,True,0.8,0.2,gyro,-1.0,0.05532515421509743,0.09485181421041489,0.05,0.0,0.012563278000015998,0.04810882818996906,0.0625414802402258,0.05,0.05,,,1,0.4728937970150465,0.4728937970150465,0.945787594030093,0.4728937970150465,0.0,0.0,0.0027580439781066043,-0.0027580439781066043,-0.05330764176932323,0.027246156551827102,,,
8.527935599908233,7085.085797643,odom,navigating,1,4,,0.4785572763451647,-0.002347296426852108,0.06473675732073314,-6.045242838603775,-6.152806446326647,-1.4085281759988197,-1.3986189603823138,3.040006637573242,0.06652650409308991,-0.06652650409308991,0.028824077000535908,pixhawk_fused,True,0.8,0.2,gyro,-1.0,0.04103253781795502,0.0,0.05,0.0,0.033005638999384246,0.04103253781795502,0.04103253781795502,0.05,0.05,,,1,0.4785572763451647,0.4785572763451647,0.9571145526903294,0.4785572763451647,0.0,0.0,0.002347296426852108,-0.002347296426852108,-0.06473675732073314,0.021570818210099166,,,
8.884223599918187,7085.201890373,odom,navigating,1,4,,0.48403845799430395,-0.001925148086846483,0.06946574763554336,-6.044288956333964,-6.1582204716412505,-1.4037991856840095,-1.3952314923517486,3.035628080368042,0.07159086153773389,-0.07159086153773389,0.015338418999817804,pixhawk_fused,True,0.8,0.2,gyro,-1.0,0.042477138340473175,-0.0328424796462059,0.0,0.0,0.004385852000268642,0.04497579419195652,0.03997848248898983,0.0,0.0,,,1,0.48403845799430395,0.48403845799430395,0.9680769159886079,0.48403845799430395,0.0,0.0,0.001925148086846483,-0.001925148086846483,-0.06946574763554336,0.016077220479793396,,,
8.884350699954666,,mission_status,turning,1,4,final alignment at waypoint 1/4,0.48403845799430395,-0.001925148086846483,0.06946574763554336,,,,,,,,,,,,,,,,,,,,,,,,,,,,,,,,,,,,,final,-1.5707963267948966,
8.884408099926077,7085.32364177,odom,turning,1,4,,0.4861404982090462,-0.001766287641069758,0.06861035493264689,-6.043926160823191,-6.160297052755243,-1.404654578386906,-1.409422100960843,3.032567024230957,0.0740692440115454,-0.0740692440115454,0.07574510300037218,pixhawk_fused,True,0.8,0.2,gyro,-1.0,0.00771744828671217,-0.10143858939409256,0.0,0.0,0.00864757900035329,0.015434896167814731,4.056096084004146e-10,0.0,0.0,,,1,0.4861404982090462,0.4861404982090462,0.9722809964180924,0.4861404982090462,0.0,0.0,0.001766287641069758,-0.001766287641069758,-0.06861035493264689,0.013971598402632655,final,-1.5707963267948966,-1.6394066817275434
8.88449739990756,7085.441797088,odom,turning,1,4,,0.4867818770630002,-0.0017274515770550614,0.06701848207932781,-6.043825053877566,-6.160931601775976,-1.406246451240225,-1.4181807395534074,3.034562587738037,0.07426900042896888,-0.07426900042896888,0.08823488300004101,pixhawk_fused,True,0.8,0.2,gyro,-1.0,0.0,0.0,0.0,0.0,0.04575098699933733,0.0,0.0,0.0,0.0,,,1,0.4867818770630002,0.4867818770630002,0.9735637541260004,0.4867818770630002,0.0,0.0,0.0017274515770550614,-0.0017274515770550614,-0.06701848207932781,0.013330523730473252,final,-1.5707963267948966,-1.6378148088742244
9.249746199930087,7085.565263971,odom,turning,1,4,,0.4867324446782732,-0.00172996993573412,0.04915375464521832,-6.04383237383743,-6.1608826495443845,-1.4241111786743346,-1.417509354540115,3.0560436248779297,0.05177032251959464,-0.05177032251959464,0.09607598599995981,pixhawk_fused,True,0.8,0.2,gyro,-1.0,0.0,0.0,0.0,-1.55,0.0033406980001018383,0.0,0.0,0.117924,-0.117924,,,1,0.4867324446782732,0.4867324446782732,0.9734648893565464,0.4867324446782732,0.0,0.0,0.00172996993573412,-0.00172996993573412,-0.04915375464521832,0.013379866224803035,final,-1.5707963267948966,-1.6199500814401149
9.249875399982557,7085.685778182,odom,turning,1,4,,0.4867324446782732,-0.00172996993573412,0.04949142941404627,-6.04383237383743,-6.1608826495443845,-1.4237735039055066,-1.417509354540115,3.0559568405151367,0.05219241434266588,-0.05219241434266588,0.032729870000366645,pixhawk_fused,True,0.8,0.2,gyro,-1.0,0.0,0.0,0.0,-1.55,0.010962585000015679,0.0,0.0,0.117924,-0.117924,,,1,0.4867324446782732,0.4867324446782732,0.9734648893565464,0.4867324446782732,0.0,0.0,0.00172996993573412,-0.00172996993573412,-0.04949142941404627,0.013379866224803035,final,-1.5707963267948966,-1.6202877562089428
9.249953799997456,7085.807306419,odom,turning,1,4,,0.4867324446782732,-0.00172996993573412,0.04959123070330462,-6.04383237383743,-6.1608826495443845,-1.4236737026162483,-1.417509354540115,3.0558996200561523,0.052317165502587165,-0.052317165502587165,0.02827801900002669,pixhawk_fused,True,0.8,0.2,gyro,-1.0,0.0,0.0,0.0,-1.55,0.03255259700017632,0.0,0.0,0.117924,-0.117924,,,1,0.4867324446782732,0.4867324446782732,0.9734648893565464,0.4867324446782732,0.0,0.0,0.00172996993573412,-0.00172996993573412,-0.04959123070330462,0.013379866224803035,final,-1.5707963267948966,-1.6203875574982012
9.584315299987793,7085.922220961,odom,turning,1,4,,0.4867324446782732,-0.00172996993573412,0.04959123070330462,-6.04383237383743,-6.1608826495443845,-1.4236737026162483,-1.417509354540115,3.0558996200561523,0.052317165502587165,-0.052317165502587165,0.14385337500061723,pixhawk_fused,True,0.8,0.2,gyro,-1.0,0.0,0.0,0.0,-1.55,0.009942743999999948,0.0,0.0,0.117924,-0.117924,,,1,0.4867324446782732,0.4867324446782732,0.9734648893565464,0.4867324446782732,0.0,0.0,0.00172996993573412,-0.00172996993573412,-0.04959123070330462,0.013379866224803035,final,-1.5707963267948966,-1.6203875574982012
9.584410499897785,7086.023033733,odom,turning,1,4,,0.4867324446782732,-0.00172996993573412,0.04956899123675673,-6.04383237383743,-6.1608826495443845,-1.4236959420827962,-1.417509354540115,3.0559210777282715,0.05228936626879295,-0.05228936626879295,0.0705884220005828,pixhawk_fused,True,0.8,0.2,gyro,-1.0,0.0,0.0,0.0,-1.55,0.012127642000450578,0.0,0.0,0.117924,-0.117924,,,1,0.4867324446782732,0.4867324446782732,0.9734648893565464,0.4867324446782732,0.0,0.0,0.00172996993573412,-0.00172996993573412,-0.04956899123675673,0.013379866224803035,final,-1.5707963267948966,-1.6203653180316533
9.584476299933158,7086.141979657,odom,turning,1,4,,0.4867324446782732,-0.00172996993573412,0.04956938111847009,-6.04383237383743,-6.1608826495443845,-1.4236955522010828,-1.417509354540115,3.055912971496582,0.05228985361918603,-0.05228985361918603,0.07541809499980445,pixhawk_fused,True,0.8,0.2,gyro,-1.0,0.0,0.0,0.0,-1.55,0.003774054999666987,0.0,0.0,0.117924,-0.117924,,,1,0.4867324446782732,0.4867324446782732,0.9734648893565464,0.4867324446782732,0.0,0.0,0.00172996993573412,-0.00172996993573412,-0.04956938111847009,0.013379866224803035,final,-1.5707963267948966,-1.6203657079133666
9.928495499887504,7086.247371406,odom,turning,1,4,,0.4867324446782732,-0.00172996993573412,0.04956938111847009,-6.04383237383743,-6.1608826495443845,-1.4236955522010828,-1.417509354540115,3.055912971496582,0.05228985361918603,-0.05228985361918603,0.17907517200001166,pixhawk_fused,True,0.8,0.2,gyro,-1.0,0.0,0.0,0.0,-1.55,0.00647391999973479,0.0,0.0,0.117924,-0.117924,,,1,0.4867324446782732,0.4867324446782732,0.9734648893565464,0.4867324446782732,0.0,0.0,0.00172996993573412,-0.00172996993573412,-0.04956938111847009,0.013379866224803035,final,-1.5707963267948966,-1.6203657079133666
9.928628399968147,7086.365501206,odom,turning,1,4,,0.4867324446782732,-0.00172996993573412,0.04950714525443223,-6.04383237383743,-6.1608826495443845,-1.4237577880651207,-1.417509354540115,3.0559983253479004,0.05221205907106196,-0.05221205907106196,0.002805066000291845,pixhawk_fused,True,0.8,0.2,gyro,-1.0,0.0,0.0,0.0,-1.55,0.010496561000763904,0.0,0.0,0.117924,-0.117924,,,1,0.4867324446782732,0.4867324446782732,0.9734648893565464,0.4867324446782732,0.0,0.0,0.00172996993573412,-0.00172996993573412,-0.04950714525443223,0.013379866224803035,final,-1.5707963267948966,-1.6203034720493288
9.928726599900983,7086.485826607,odom,turning,1,4,,0.48668164632372807,-0.0017323546454314012,0.04907087799564591,-6.0438396937972945,-6.160832324820317,-1.424194055323907,-1.4195234383569968,3.056039333343506,0.05217024040222896,-0.05217024040222896,0.007554943999821262,pixhawk_fused,True,0.8,0.2,gyro,-1.0,-0.0025816468987613916,-0.03393331915140152,0.0,-1.55,0.012602703000084148,2.227723561176731e-11,-0.005163293819800019,0.117924,-0.117924,,,1,0.48668164632372807,0.48668164632372807,0.9733632926474561,0.48668164632372807,0.0,0.0,0.0017323546454314012,-0.0017323546454314012,-0.04907087799564591,0.013430547169189119,final,-1.5707963267948966,-1.6198672047905425
10.267325099906884,7086.602380083,odom,turning,1,4,,0.48594421391260906,-0.00177098629583778,0.04188137638045508,-6.04394995069275,-6.160102158823857,-1.4313835569390978,-1.4554731466048194,3.056039333343506,0.05217024040222896,-0.05217024040222896,0.12511190900022484,pixhawk_fused,True,0.8,0.2,gyro,-1.0,0.0,-0.3264116048812866,-0.007744939997792244,-1.55,0.0032967179995466722,0.024833394899368283,-0.024833394899368283,0.11017906000220776,-0.12566893999779225,0.0,0.0,1,0.48594421391260906,0.48594421391260906,0.9718884278252181,0.48594421391260906,0.0,0.0,0.00177098629583778,-0.00177098629583778,-0.04188137638045508,0.014166916213295608,final,-1.5707963267948966,-1.6126777031753516
10.267454999964684,7086.722575396,odom,turning,1,4,,0.4856507872138188,-0.0017772127307660035,-0.020474868176393324,-6.043984720502105,-6.159810732921762,-1.4937398014959462,-1.5256025420043322,3.118577718734741,-0.008243433952324263,0.008243433952324263,0.02251522599999589,pixhawk_fused,True,0.8,0.2,gyro,-1.0,0.005127278156578541,-0.7413257360458374,0.004983274731785059,-1.55,0.030111854000097082,0.06152734015494585,-0.051272783841788766,0.12290727473178506,-0.11294072526821494,0.010254556313157082,0.09090908724048863,1,0.4856507872138188,0.4856507872138188,0.9713015744276376,0.4856507872138188,0.0,0.0,0.0017772127307660035,-0.0017772127307660035,0.020474868176393324,0.01445885170660181,final,-1.5707963267948966,-1.5503214586185032
10.26754389994312,7086.824943438,odom,turning,1,4,,0.4853921635950344,-0.00175190852356287,-0.039698170138343425,-6.043984720502105,-6.15955087434658,-1.5129631034578963,-1.6219160311641583,3.118577718734741,-0.008243433952324263,0.008243433952324263,0.12476032699942152,pixhawk_fused,True,0.8,0.2,gyro,-1.0,-0.013178262859582901,-1.0741045475006104,0.015006503090262413,-1.55,0.02516812999965623,0.06853961111426353,-0.09489613683342933,0.13293050309026241,-0.10291749690973759,0.026356525719165802,0.16126536605443953,1,0.4853921635950344,0.4853921635950344,0.9707843271900688,0.4853921635950344,0.0,0.0,0.00175190852356287,-0.00175190852356287,0.039698170138343425,0.014712513990109597,final,-1.5707963267948966,-1.5310981566565531
10.60454679990653,7086.945401076,odom,turning,1,4,,0.4854344293867229,-0.0017615600709264406,-0.11106004649338908,-6.043990210472003,-6.1595938791107825,-1.584324979812942,-1.7571700143857643,-3.1019866466522217,-0.06378335410355793,0.06378335410355793,0.09110059599970555,pixhawk_fused,True,0.8,0.2,gyro,-1.0,0.0025817756541073322,-1.119855523109436,0.005127529613673687,-1.55,0.010429101000227092,0.08778038385227321,-0.08261683254405855,0.12305152961367369,-0.11279647038632631,0.0051635513082146645,0.030303026172708202,1,0.4854344293867229,0.4854344293867229,0.9708688587734458,0.4854344293867229,0.0,0.0,0.0017615600709264406,-0.0017615600709264406,0.11106004649338908,0.014671705462346377,final,-1.5707963267948966,-1.4597362803015075
10.604693999979645,7087.045785472,odom,turning,1,4,,0.48529058719859786,-0.001723582819713576,-0.3040047242964763,-6.043966420602445,-6.159447022416006,-1.7772696576160292,-1.8862287978584553,-2.892721176147461,-0.2725484436154293,0.2725484436154293,0.08680199999980687,pixhawk_fused,True,0.8,0.2,gyro,-1.0,0.0025640237145125866,-1.3143647909164429,-0.007695263251662254,-1.55,0.03202435399998649,0.10256089700743555,-0.09743284957841038,0.11022873674833775,-0.12561926325166226,0.005128047429025173,0.025641038865302692,1,0.48529058719859786,0.48529058719859786,0.9705811743971957,0.48529058719859786,0.0,0.0,0.001723582819713576,-0.001723582819713576,0.3040047242964763,0.014810049382040056,final,-1.5707963267948966,-1.2667916024984203
10.60478209995199,7087.161957719,odom,turning,1,4,,0.48508203604808864,-0.0015905556815553543,-0.4350468546080437,-6.043854333717023,-6.159226508625095,-1.9083117879275966,-2.0424482158991517,-2.7678627967834473,-0.3973399735093044,0.3973399735093044,0.08876514599978691,pixhawk_fused,True,0.8,0.2,gyro,-1.0,-0.012859199196100235,-1.318372130393982,0.0025820366572588682,-1.55,0.024279228999148472,0.0874425524842739,-0.11316095087647438,0.12050603665725887,-0.11534196334274113,0.02571839839220047,0.12820513082441382,1,0.48508203604808864,0.48508203604808864,0.9701640720961773,0.48508203604808864,0.0,0.0,0.0015905556815553543,-0.0015905556815553543,0.4350468546080437,0.015002516983714928,final,-1.5707963267948966,-1.1357494721868528
10.92978459992446,7087.263335845,odom,turning,1,4,,0.48512006503835,-0.0016200187046060271,-0.4634564481792893,-6.043879953576548,-6.15926722590184,-1.9367213814988422,-2.1865523173521555,-2.7678627967834473,-0.3973399735093044,0.3973399735093044,0.19003940499987948,pixhawk_fused,True,0.8,0.2,gyro,-1.0,0.005128807853907347,-1.4830946922302246,0.007749604526907206,-1.55,0.002964559999782068,0.11796265203878283,-0.10770503633096813,0.1256736045269072,-0.1101743954730928,0.010257615707814693,0.04545451669185285,1,0.48512006503835,0.48512006503835,0.9702401300767,0.48512006503835,0.0,0.0,0.0016200187046060271,-0.0016200187046060271,0.4634564481792893,0.014967863076144436,final,-1.5707963267948966,-1.1073398786156072
10.929952499922365,7087.364796061,odom,turning,1,4,,0.4852975100713602,-0.0017890753412934807,-0.7036024790455724,-6.044030927748748,-6.15946028984326,-2.1768674123651253,-2.345548869839999,-2.5047521591186523,-0.6573524677157329,0.6573524677157329,0.0943044280002141,pixhawk_fused,True,0.8,0.2,gyro,-1.0,3.146440349155455e-06,-1.6041117906570435,0.0025682419072836637,-1.55,0.029403245999674255,0.12204397147353702,-0.1220376785928387,0.12049224190728366,-0.11535575809271634,6.29288069831091e-06,2.5781867242374098e-05,1,0.4852975100713602,0.4852975100713602,0.9705950201427204,0.4852975100713602,0.0,0.0,0.0017890753412934807,-0.0017890753412934807,0.7036024790455724,0.014810941924083682,final,-1.5707963267948966,-0.8671938477493242
10.930094599956647,7087.486889837,odom,turning,1,4,,0.4852263132468332,-0.001661672605672744,-0.8609300833975102,-6.043911063405971,-6.159377025299804,-2.334195016717063,-2.534330537244577,-2.3531227111816406,-0.806942049682133,0.806942049682133,0.10922769200078619,pixhawk_fused,True,0.8,0.2,gyro,-1.0,-0.005166010931134224,-1.628678321838379,-3.064000793528976e-06,-1.55,0.012338803000602638,0.11874383579432964,-0.12907585765659807,0.11792093599920647,-0.11792706400079353,0.010332021862268434,0.041691690109020144,1,0.4852263132468332,0.4852263132468332,0.9704526264936664,0.4852263132468332,0.0,0.0,0.001661672605672744,-0.001661672605672744,0.8609300833975102,0.014866841498083575,final,-1.5707963267948966,-0.7098662433973864
11.268293299945071,7087.601621348,odom,turning,1,4,,0.4852534439585544,-0.0017038597840272202,-1.0217282391806906,-6.043950408190241,-6.159408135129227,-2.4949931725002434,-2.7242719541130347,-2.199918746948242,-0.9606118003725932,0.9606118003725932,0.050914538000142784,pixhawk_fused,True,0.8,0.2,gyro,-1.0,0.0025618483778089285,-1.6519978046417236,-2.940341573776095e-06,-1.2363700419339696,0.0267986179997024,0.12824584135495126,-0.1231221445993334,0.09406009244876262,-0.09406597313191017,0.005123696755617857,0.020383251018089805,1,0.4852534439585544,0.4852534439585544,0.9705068879171088,0.4852534439585544,0.0,0.0,0.0017038597840272202,-0.0017038597840272202,1.0217282391806906,0.01484466413386038,final,-1.5707963267948966,-0.549068087614206
11.268433699966408,7087.708588957,odom,turning,1,4,,0.4853322155124528,-0.001988755238601529,-1.1722701409024923,-6.044226279177626,-6.159514274547258,-2.645535074222045,-2.866361829581911,-2.0469000339508057,-1.1132166306376383,1.1132166306376383,0.035789983000540815,pixhawk_fused,True,0.8,0.2,gyro,-1.0,0.0,-1.25574791431427,0.0,-0.8870818282901852,0.004080138999597693,0.09553730132102965,-0.09553730132102965,0.06748918549631729,-0.06748918549631729,0.0,0.0,1,0.4853322155124528,0.4853322155124528,0.9706644310249056,0.4853322155124528,0.0,0.0,0.001988755238601529,-0.001988755238601529,1.1722701409024923,0.014801994770036736,final,-1.5707963267948966,-0.3985261858924043
11.268517799908295,7087.824395362,odom,turning,1,4,,0.4854152965472359,-0.0026712376687156245,-1.3411521756463836,-6.044897427997681,-6.159663418729493,-2.8144171089659364,-3.0017378111042694,-1.8709436655044556,-1.2903115430474208,1.2903115430474208,0.11224402800053213,pixhawk_fused,True,0.8,0.2,gyro,-1.0,-0.007755833212286234,-1.053412675857544,-0.0025830718223005533,-0.5217083226196474,0.015190496999821335,0.0723878031669557,-0.08789946959152817,0.037108497362602216,-0.04227464100720332,0.015511666424572468,0.0967741615265049,1,0.4854152965472359,0.4854152965472359,0.9708305930944718,0.4854152965472359,0.0,0.0,0.0026712376687156245,-0.0026712376687156245,1.3411521756463836,0.014827308774279768,final,-1.5707963267948966,-0.229644151148513
11.584933399921283,7087.925475072,odom,turning,1,4,,0.48541265690882623,-0.0034170434380621645,-1.4342855074520588,-6.0456399464264114,-6.159733415845695,-2.9075504407716117,-3.057859631724358,-1.7711821794509888,-1.3925737840533183,1.3925737840533183,0.06535127999995893,pixhawk_fused,True,0.8,0.2,gyro,-1.0,0.010678039863705635,-0.4210583567619324,-0.01986563950777054,-0.30381328594581825,0.011803893000433163,0.04271215964615345,-0.02135607991874218,0.003248475286987313,-0.042979754302528386,0.02135607972741127,0.3333333313424258,1,0.48541265690882623,0.48541265690882623,0.9708253138176525,0.48541265690882623,0.0,0.0,0.0034170434380621645,-0.0034170434380621645,1.4342855074520588,0.014982214933621086,final,-1.5707963267948966,-0.1365108193428377
11.585054499912076,7088.041530321,odom,turning,1,4,,0.48540394482868826,-0.0035154823642448638,-1.5509503242433922,-6.045738765884579,-6.159734330840678,-3.024215257562945,-3.088926518841312,-1.6397498846054077,-1.5305160804986881,1.5305160804986881,0.07612311100001534,pixhawk_fused,True,0.8,0.2,gyro,-1.0,0.005133416038006544,-0.06747391819953918,0.0,0.0,0.014438500999858661,0.010266831734627484,3.4138560294633136e-10,0.0,0.0,,,1,0.48540394482868826,0.48540394482868826,0.9708078896573765,0.48540394482868826,0.0,0.0,0.0035154823642448638,-0.0035154823642448638,1.5509503242433922,0.01501344207093406,final,-1.5707963267948966,-0.01984600255150437
11.585140999988653,7088.142914743,odom,turning,1,4,,0.4854018208553218,-0.003565379898911099,-1.5677928859239534,-6.045788633111154,-6.159737075825627,-3.0410578192435063,-3.08959791053632,-1.6175633668899536,-1.5513953176736759,1.5513953176736759,0.05594589000065753,pixhawk_fused,True,0.8,0.2,gyro,-1.0,0.0,0.0,0.0,0.0,0.011439663000601286,0.0,0.0,0.0,0.0,,,1,0.4854018208553218,0.4854018208553218,0.9708036417106436,0.4854018208553218,0.0,0.0,0.003565379898911099,-0.003565379898911099,1.5677928859239534,0.0150272674882587,final,-1.5707963267948966,-0.003003440870943175
11.93100029998459,,mission_status,reached,1,4,reached waypoint 1/4,0.4854018208553218,-0.003565379898911099,-1.5677928859239534,,,,,,,,,,,,,,,,,,,,,,,,,,,,,,,,,,,,,,,
11.93107049993705,,mission_status,navigating,2,4,going to waypoint 2/4,0.4854018208553218,-0.003565379898911099,-1.5677928859239534,,,,,,,,,,,,,,,,,,,,,,,,,,,,,,,,,,,,,,,
11.931118099950254,7088.26096299,odom,navigating,2,4,,0.4854018208553218,-0.003565379898911099,-1.5662431575360578,-6.045788633111154,-6.159737075825627,-3.0395080908556107,-3.08959791053632,-1.6175909042358398,-1.5494585988521503,1.5494585988521503,0.03264546500031429,pixhawk_fused,True,0.8,0.2,gyro,-1.0,0.0,0.0,0.24,0.12667713040306264,0.013547934000598616,0.0,0.0,0.23036240391893498,0.249637596081065,,,2,0.5035653798989111,0.003565379898911099,0.007130759797822198,0.5,-0.003565379898911099,-1.5707963267948966,0.014598179144678203,-0.014598179144678203,-0.004553169258838752,0.4966492110828855,,,
11.931184999994002,7088.367142382,odom,navigating,2,4,,0.4854018208553218,-0.003565379898911099,-1.5660054459900354,-6.045788633111154,-6.159737075825627,-3.0392703793095883,-3.08959791053632,-1.6175810098648071,-1.5491615296378658,1.5491615296378658,0.09475069200016151,pixhawk_fused,True,0.8,0.2,gyro,-1.0,0.0,0.0,0.24,0.11810020928009149,0.011557140999684634,0.0,0.0,0.23101493607797063,0.24898506392202935,,,2,0.5035653798989111,0.003565379898911099,0.007130759797822198,0.5,-0.003565379898911099,-1.5707963267948966,0.014598179144678203,-0.014598179144678203,-0.0047908808048611196,0.4966492110828855,,,
11.931244599982165,7088.488061581,odom,navigating,2,4,,0.48537402117624207,-0.004211271360283479,-1.5642646976672328,-6.046434162071684,-6.159772303132474,-3.0375296309867856,-3.0807172938210714,-1.6175678968429565,-1.549203915744547,1.549203915744547,0.03724664400033362,pixhawk_fused,True,0.8,0.2,gyro,-1.0,0.014910832978785038,0.19598886370658875,0.24,0.11715253020969234,0.03481062300033955,2.2798776755372785e-10,0.02982166572958231,0.2310870355016466,0.24891296449835337,0.02982166550159454,1.000000015290076,2,0.5042112713602834,0.004211271360283479,0.008422542720566958,0.5,-0.004211271360283479,-1.5707963267948966,0.014625978823757935,-0.014625978823757935,-0.006531629127663807,0.49600441802744005,,,
12.268763899919577,7088.604789644,odom,navigating,2,4,,0.4853179203424268,-0.008463357894472945,-1.5307829417702992,-6.050671503838108,-6.1601305236683315,-3.004047875089852,-3.023771492597634,-1.6501481533050537,-1.5215853244452664,1.5215853244452664,0.046750733999942895,pixhawk_fused,True,0.8,0.2,gyro,-1.0,0.049825508147478104,0.6549093723297119,0.24,-0.027909191327957095,0.007234749999952328,3.100633624852911e-09,0.09965101319432258,0.24212333127623098,0.237876668723769,0.09965101009368896,1.0000000622298484,2,0.508463357894473,0.008463357894472945,0.01692671578894589,0.5,-0.008463357894472945,-1.5707963267948966,0.014682079657573177,-0.014682079657573177,-0.04001338502459739,0.4917558682877595,,,
12.268890399951488,7088.721942195,odom,navigating,2,4,,0.48579891187519786,-0.01696075489390165,-1.5155448935515066,-6.059081680224652,-6.16143667900661,-2.9888098268710594,-2.947569093317932,-1.6501481533050537,-1.5215853244452664,1.5215853244452664,0.164250849000382,pixhawk_fused,True,0.8,0.2,gyro,-1.0,0.08971396088600159,0.5727569460868835,0.24,-0.06639492521279329,0.027457061999484722,0.04613861242771149,0.13328930934429167,0.2450513259101893,0.23494867408981068,0.08715069691658019,2.0588237170811134,2,0.5169607548939017,0.01696075489390165,0.0339215097878033,0.5,-0.01696075489390165,-1.5707963267948966,0.014201088124802141,-0.014201088124802141,-0.05525143324338999,0.4832479521080227,,,
12.268982699955814,7088.822566306,odom,navigating,2,4,,0.48709399956696564,-0.02789183654488302,-1.4445190406431851,-6.0698347012652505,-6.16379004610297,-2.917783973962738,-2.900877189675106,-1.7238751649856567,-1.4444785352735707,1.4444785352735707,0.07017280400032178,pixhawk_fused,True,0.8,0.2,gyro,-1.0,0.13328266143798828,0.47165870666503906,0.24,-0.4551344189497179,0.02782314399973984,0.09739886703491211,0.16916645584106443,0.2746266265936945,0.20537337340630546,0.07176758880615232,3.7142856170907756,2,0.527891836544883,0.02789183654488302,0.05578367308976604,0.5,-0.02789183654488302,-1.5707963267948966,0.01290600043303436,-0.01290600043303436,-0.1262772861517114,0.4722845358977371,,,
12.589605399989523,7088.922785708,odom,navigating,2,4,,0.4892369781491485,-0.042095151748027006,-1.3758163112156312,-6.08376183990199,-6.167305914325273,-2.849081244535184,-2.8947431726783637,-1.8015724420547485,-1.3601375353126712,1.3601375353126712,0.055118766000305186,pixhawk_fused,True,0.8,0.2,gyro,-1.0,0.17175079882144928,-0.10102617740631104,0.18051447444653587,-0.6666666666666667,0.028116321000197786,0.1794368703985214,0.16406472724437715,0.2312344744465359,0.12979447444653586,,,2,0.542095151748027,0.042095151748027006,0.08419030349605401,0.5,-0.042095151748027006,-1.5707963267948966,0.010763021850851484,-0.010763021850851484,-0.19498001557926536,0.4580313228284986,,,
12.589720999938436,7089.025601625,odom,navigating,2,4,,0.4912387829391664,-0.05620972606840667,-1.3823699926326698,-6.097614406447612,-6.170672638365342,-2.8556349259522227,-2.9205915604728343,-1.7967188358306885,-1.3618745264275856,1.3618745264275856,0.05044842200004496,pixhawk_fused,True,0.8,0.2,gyro,-1.0,0.15307854115962982,-0.26827648282051086,0.17164058241959998,-0.6666666666666666,0.02777323800000886,0.1734890159726143,0.13266806634664535,0.22236058241959997,0.12092058241959999,0.04082094962596894,7.499999023160712,2,0.5562097260684067,0.05620972606840667,0.11241945213681334,0.5,-0.05620972606840667,-1.5707963267948966,0.008761217060833604,-0.008761217060833604,-0.18842633416222676,0.4438767465870066,,,
12.589810899924487,7089.146850462,odom,navigating,2,4,,0.49281444043373585,-0.07119369526675448,-1.392856583600455,-6.112373733021419,-6.173699899266705,-2.866121516920008,-2.9731733379836154,-1.7967188358306885,-1.3618745264275856,1.3618745264275856,0.170334207000451,pixhawk_fused,True,0.8,0.2,gyro,-1.0,0.13425910472869873,-0.5429875254631042,0.1646259966745154,-0.6666666666666666,0.04727121900032216,0.1755695956659317,0.09294861379146577,0.2153459966745154,0.11390599667451543,0.08262098187446593,3.250000222284736,2,0.5711936952667545,0.07119369526675448,0.14238739053350896,0.5,-0.07119369526675448,-1.5707963267948966,0.007185559566264155,-0.007185559566264155,-0.1779397431944416,0.42886650515662955,,,
12.92511089995969,7089.247285375,odom,navigating,2,4,,0.4934332929760313,-0.08370381504529481,-1.4892485249318244,-6.1247641375841555,-6.175534006710193,-2.9625134582513772,-3.024625991673151,-1.6919405460357666,-1.4694627385898418,1.4694627385898418,0.01467599399984465,pixhawk_fused,True,0.8,0.2,gyro,-1.0,0.14687135815620422,-0.482621431350708,0.188553996568428,-0.6666666666666666,0.0460456630007684,0.1835891966533661,0.11015351965904235,0.239273996568428,0.137833996568428,0.07343567699432374,4.000000113502236,2,0.5837038150452948,0.08370381504529481,0.16740763009058962,0.5,-0.08370381504529481,-1.5707963267948966,0.006566707023968721,-0.006566707023968721,-0.0815478018630722,0.4163479737539031,,,
12.925204399973154,7089.361539271,odom,navigating,2,4,,0.4932268075507116,-0.10281236305608538,-1.518399602332227,-6.143801980698623,-6.1771892326344995,-2.99166453565178,-3.0888960088411856,-1.670791506767273,-1.4898606210513896,1.4898606210513896,0.08772626900008618,pixhawk_fused,True,0.8,0.2,gyro,-1.0,0.19586120545864105,-0.4742336571216583,0.24,-0.402256358143096,0.015365713999926811,0.23194090209245682,0.15978150882482528,0.27060366372752676,0.20939633627247325,0.07215939326763154,5.42857129444569,2,0.6028123630560853,0.10281236305608538,0.20562472611217075,0.5,-0.10281236305608538,-1.5707963267948966,0.006773192449288423,-0.006773192449288423,-0.05239672446266952,0.39724538395939357,,,
12.925262399949133,7089.482603447,odom,navigating,2,4,,0.49171387915887393,-0.12793489874104075,-1.5674147399810867,-6.16895244779724,-6.178129847477057,-3.0406796733006396,-3.122709481148708,-1.618945837020874,-1.54266183348139,1.54266183348139,0.03128911599924322,pixhawk_fused,True,0.8,0.2,gyro,-1.0,0.2270088791847229,-0.27133041620254517,0.24,-0.22622229009077766,0.03453309399992577,0.24765169724941255,0.20636606112003325,0.2572109918301064,0.22278900816989364,0.0412856361293793,10.996990743867023,2,0.6279348987410407,0.12793489874104075,0.2558697974820815,0.5,-0.12793489874104075,-1.5707963267948966,0.008286120841126066,-0.008286120841126066,-0.003381586813809845,0.3721573583491711,,,
13.244518699939363,7089.584308675,odom,navigating,2,4,,0.48980704986121726,-0.15059039394643223,-1.6124432084728724,-6.191685955648176,-6.178438200786339,-3.0857081417924253,-3.1314985430773565,-1.5686653852462769,-1.596732345761258,1.596732345761258,0.02828929600036645,pixhawk_fused,True,0.8,0.2,gyro,-1.0,0.23380370438098907,-0.033770665526390076,0.24,0.011570538199642676,0.03637979999984964,0.23637297661423684,0.2312344321477413,0.23911971345377117,0.2408802865462288,,,2,0.6505903939464323,0.15059039394643223,0.30118078789286445,0.5,-0.15059039394643223,-1.5707963267948966,0.010192950138782741,-0.010192950138782741,0.04164688167797581,0.34955824841511196,,,
13.24461449997034,7089.701490169,odom,navigating,2,4,,0.4874731000177532,-0.17781333124066084,-1.6106926773171144,-6.219006790846547,-6.178766226487756,-3.0839576106366673,-3.122740000195255,-1.5686653852462769,-1.596732345761258,1.596732345761258,0.14600805200007017,pixhawk_fused,True,0.8,0.2,gyro,-1.0,0.24183756113052368,0.2028975486755371,0.24,0.34586534899667704,0.007238916999995126,0.22640111562728882,0.25727400663375855,0.2136865642483328,0.26631343575166716,0.030872891006469727,15.666661154593148,2,0.6778133312406609,0.17781333124066084,0.3556266624813217,0.5,-0.17781333124066084,-1.5707963267948966,0.01252689998224682,-0.01252689998224682,0.03989635052221785,0.32243010521569687,,,
13.244683399912901,7089.804373529,odom,navigating,2,4,,0.4858887587725424,-0.2011099177209541,-1.602284348398485,-6.242346940371234,-6.179457962694928,-3.075549281718038,-3.0922834539193316,-1.5707001686096191,-1.5938339757299906,1.5938339757299906,0.05211909499939793,pixhawk_fused,True,0.8,0.2,gyro,-1.0,0.2341427505016327,0.3720160126686096,0.24,0.38144820791806877,0.009055714999703923,0.20583977225780486,0.2624457287454605,0.2109794203415933,0.26902057965840664,0.05660595648765565,8.27272481660807,2,0.7011099177209541,0.2011099177209541,0.4022198354419082,0.5,-0.2011099177209541,-1.5707963267948966,0.014111241227457605,-0.014111241227457605,0.031488021603588434,0.29922300782819883,,,
13.604408899904229,7089.925562201,odom,navigating,2,4,,0.48505847166823457,-0.22961033438967407,-1.5526870106791388,-6.270792761901243,-6.1814069020087885,-3.0259519439986917,-3.044859139547405,-1.6247460842132568,-1.5436934631443506,1.5436934631443506,0.05361445799917419,pixhawk_fused,True,0.8,0.2,gyro,-1.0,0.25122973322868347,0.3368755578994751,0.23153340858240912,0.4043085116788111,0.027878975000021455,0.2256002407836914,0.27685922567367555,0.20077361701388519,0.26229320015093305,0.05125898488998415,9.802368648848256,2,0.729610334389674,0.22961033438967407,0.45922066877934814,0.5,-0.22961033438967407,-1.5707963267948966,0.01494152833176543,-0.01494152833176543,-0.018109316115757723,0.27080217971381404,,,
13.604553199955262,7090.045169143,odom,navigating,2,4,,0.48555880436782906,-0.2571680433259343,-1.5116947610370401,-6.298170784286053,-6.184588339564793,-2.984959694356593,-3.0002119376642824,-1.6634539365768433,-1.503614826140452,1.503614826140452,0.06969033699988358,pixhawk_fused,True,0.8,0.2,gyro,-1.0,0.2296016663312912,0.42110198736190796,0.20900747243931492,0.26163725620614553,0.04754123000020627,0.19756422713279725,0.26163910552978514,0.18910210998715138,0.22891283489147846,0.06407487839698789,7.166667251672365,2,0.7571680433259342,0.2571680433259343,0.5143360866518686,0.5,-0.2571680433259343,-1.5707963267948966,0.014441195632170944,-0.014441195632170944,-0.05910156575785641,0.2432609860077073,,,
13.604657799936831,7090.161921075,odom,navigating,2,4,,0.4868344645077151,-0.28124597072824703,-1.481866833666129,-6.322010063573984,-6.188202569747771,-2.955131766985682,-2.982603286072892,-1.6950780153274536,-1.4707327510691173,1.4707327510691173,0.010493949999727192,pixhawk_fused,True,0.8,0.2,gyro,-1.0,0.19326964020729065,0.03393489122390747,0.1880312035418041,0.13183358932681144,0.01544430400008423,0.19068787368297577,0.19585140673160553,0.1780013040658203,0.19806110301778793,,,2,0.7812459707282471,0.28124597072824703,0.5624919414564941,0.5,-0.28124597072824703,-1.5707963267948966,0.013165535492284886,-0.013165535492284886,-0.08892949312876763,0.21914984975451288,,,
13.948128499905579,7090.284174661,odom,navigating,2,4,,0.48821694305527896,-0.3030763909995038,-1.475468172760806,-6.343602115183588,-6.191704255547837,-2.948733106080359,-2.9799177432881905,-1.7087478637695312,-1.4634061853936797,1.4634061853936797,0.004419980999955442,pixhawk_fused,True,0.8,0.2,gyro,-1.0,0.18118762969970703,-0.03262386843562126,0.16911493548991,0.01684276563249045,0.03621184100029495,0.18366965361028909,0.17870560578912498,0.16783353788059013,0.17039633309922986,,,2,0.8030763909995038,0.3030763909995038,0.6061527819990076,0.5,-0.3030763909995038,-1.5707963267948966,0.011783056944721038,-0.011783056944721038,-0.09532815403409045,0.19727581760758933,,,
13.94826439989265,7090.403472278,odom,navigating,2,4,,0.48935913436203793,-0.32204430452399013,-1.4780425721849586,-6.362368662285586,-6.194688054187506,-2.9513075055045115,-2.9927961601342363,-1.7087478637695312,-1.4634061853936797,1.4634061853936797,0.12312383799962845,pixhawk_fused,True,0.8,0.2,gyro,-1.0,0.15434299409389496,-0.13083457946777344,0.14510644360506933,-0.026284753740066752,0.008857720999912999,0.16429688889980315,0.14438909928798677,0.14710618766961361,0.14310669954052505,0.019907789611816384,15.505789151225871,2,0.8220443045239901,0.32204430452399013,0.6440886090479803,0.5,-0.32204430452399013,-1.5707963267948966,0.010640865637962071,-0.010640865637962071,-0.09275375460993796,0.17827354703902518,,,
13.948352899984457,7090.504565376,odom,navigating,2,4,,0.48998829605279526,-0.33614041682394086,-1.4850399830381618,-6.3763365181990705,-6.196686860727941,-2.9583049163577146,-3.0081770142762108,-1.702724814414978,-1.4683097910634166,1.4683097910634166,0.04647500200007926,pixhawk_fused,True,0.8,0.2,gyro,-1.0,0.15237970650196075,-0.22259730100631714,0.13807916705061474,-0.02496306658711473,0.007409912000184704,0.16931490916252137,0.13544450384140014,0.13997835715656243,0.13617997694466705,0.03387040532112123,8.997808266967413,2,0.8361404168239408,0.33614041682394086,0.6722808336478817,0.5,-0.33614041682394086,-1.5707963267948966,0.010011703947204742,-0.010011703947204742,-0.0857563437567348,0.16416515225393702,,,
14.28319989994634,7090.624901147,odom,navigating,2,4,,0.4904700107678858,-0.3522180422888358,-1.507901792018968,-6.392290828220718,-6.198731874515019,-2.981166725338521,-3.0216962905379336,-1.6772031784057617,-1.4935049885711558,1.4935049885711558,0.050491754000177025,pixhawk_fused,True,0.8,0.2,gyro,-1.0,0.13328266143798828,-0.06737982481718063,0.12473510297960481,-0.0074588616058078715,0.027585410000028787,0.1384089185100794,0.12815640436589718,0.12530257317057467,0.12416763278863495,,,2,0.8522180422888358,0.3522180422888358,0.7044360845776716,0.5,-0.3522180422888358,-1.5707963267948966,0.009529989232114178,-0.009529989232114178,-0.06289453477592866,0.14808891828799525,,,
14.283334099920467,7090.725694291,odom,navigating,2,4,,0.49070790192919084,-0.36401285702341,-1.5092436254050072,-6.404006423983468,-6.20011717691933,-2.98250855872456,-3.0284101660552984,-1.6772031784057617,-1.4935049885711558,1.4935049885711558,0.1514732069999809,pixhawk_fused,True,0.8,0.2,gyro,-1.0,0.10623318701982498,-0.13298429548740387,0.11255306082891534,0.04421280148096086,0.027749794000555994,0.11635063222050666,0.0961157418191433,0.10918935089224384,0.11591677076558683,0.020234890401363365,10.50000122685787,2,0.86401285702341,0.36401285702341,0.72802571404682,0.5,-0.36401285702341,-1.5707963267948966,0.009292098070809163,-0.009292098070809163,-0.06155270138988933,0.13630424109870193,,,
14.28343769989442,7090.841407328,odom,navigating,2,4,,0.4908982664513763,-0.376424971536182,-1.5201048451622812,-6.4163410138522385,-6.201515289253404,-2.993369778481834,-3.0284101660552984,-1.6634883880615234,-1.5070794161646552,1.5070794161646552,0.08194893900054012,pixhawk_fused,True,0.8,0.2,gyro,-1.0,0.10586345195770264,0.033938441425561905,0.1072244431006148,0.04523054278537791,0.047546359000079974,0.10328141533404589,0.10844548858135938,0.10378330340550325,0.11066558279572634,,,2,0.876424971536182,0.376424971536182,0.752849943072364,0.5,-0.376424971536182,-1.5707963267948966,0.009101733548623703,-0.009101733548623703,-0.05069148163261539,0.12390976238143456,,,
14.60512799990829,7090.941921924,odom,navigating,2,4,,0.4910425748520195,-0.38560561154342343,-1.520854011008544,-6.425463971330565,-6.202552893564163,-2.994118944328097,-3.0256940991631818,-1.66251802444458,-1.508694439297069,1.508694439297069,0.06817143700027373,pixhawk_fused,True,0.8,0.2,gyro,-1.0,0.09348133206367493,0.03510643169283867,0.09770655690909731,0.06623905973655714,0.04773487199963711,0.09081043474048377,0.09615222938686609,0.09266708924434004,0.10274602457385458,,,2,0.8856056115434234,0.38560561154342343,0.7712112230868469,0.5,-0.38560561154342343,-1.5707963267948966,0.00895742514798048,-0.00895742514798048,-0.049942315786352554,0.11474454921971593,,,
14.605254599940963,7091.060808146,odom,navigating,2,4,,0.49126993992417933,-0.3967140103860526,-1.5171843698338094,-6.436497438333464,-6.203860878892408,-2.9904493031533623,-3.0236494256947926,-1.6657084226608276,-1.5046187559789903,1.5046187559789903,0.00968680799996946,pixhawk_fused,True,0.8,0.2,gyro,-1.0,0.08762882649898529,-0.06778164952993393,0.08876010496762053,0.06277407778867702,0.012860288000410947,0.09278565439522267,0.08247199860274791,0.08398425312945798,0.09353595680578308,,,2,0.8967140103860526,0.3967140103860526,0.7934280207721052,0.5,-0.3967140103860526,-1.5707963267948966,0.008730060075820667,-0.008730060075820667,-0.053611956961087115,0.10365427921441493,,,
14.605338999885134,7091.161639233,odom,navigating,2,4,,0.4914545789224677,-0.40495624812266984,-1.5170501472814546,-6.444682525954182,-6.204847243484117,-2.9903150806010075,-3.022978039869209,-1.6657084226608276,-1.5046187559789903,1.5046187559789903,0.10969999300050404,pixhawk_fused,True,0.8,0.2,gyro,-1.0,0.07998570054769516,-0.07008912414312363,0.08016683454893547,0.05199125892353289,0.014313003999632201,0.08531808111250401,0.07465331998288631,0.0762113395700331,0.08412232952783785,,,2,0.9049562481226698,0.40495624812266984,0.8099124962453397,0.5,-0.40495624812266984,-1.5707963267948966,0.008545421077532311,-0.008545421077532311,-0.05374617951344196,0.09542713970517944,,,
14.944349500001408,7091.283119286,odom,navigating,2,4,,0.49163988214661636,-0.414084358240917,-1.5211586289493877,-6.4537492112410515,-6.205920532599214,-2.9944235622689406,-3.0236494256947926,-1.6622434854507446,-1.5095861255354173,1.5095861255354173,0.03205649999927118,pixhawk_fused,True,0.8,0.2,gyro,-1.0,0.07451079040765762,-0.03379591926932335,0.07252666588295341,0.061549390462964704,0.035178371999791125,0.07708198394566775,0.0719395968696475,0.06784398825653105,0.07720934350937576,,,2,0.914084358240917,0.414084358240917,0.828168716481834,0.5,-0.414084358240917,-1.5707963267948966,0.008360117853383642,-0.008360117853383642,-0.049637697845508866,0.08632142879608488,,,
14.94448719988577,7091.401649722,odom,navigating,2,4,,0.4917883560825647,-0.42178476979127805,-1.522466194351307,-6.461398569299204,-6.2068181426775695,-2.99573112767086,-3.0249921951188035,-1.6627877950668335,-1.510884893459726,1.510884893459726,0.050914389999888954,pixhawk_fused,True,0.8,0.2,gyro,-1.0,0.06175193563103676,-0.06763924658298492,0.06586857492801639,0.08241753172611214,0.007768420000502374,0.06689792951107025,0.056605941751003266,0.059598249114293775,0.072138900741739,,,2,0.921784769791278,0.42178476979127805,0.8435695395825561,0.5,-0.42178476979127805,-1.5707963267948966,0.008211643917435285,-0.008211643917435285,-0.048330132443589635,0.07864511003508179,,,
14.944617199944332,7091.501982268,odom,navigating,2,4,,0.4918943246518555,-0.4273825737859357,-1.5243603516149606,-6.466959451308585,-6.207468704110505,-2.9976252849345135,-3.0215742323581485,-1.6593704223632812,-1.5141066386452802,1.5141066386452802,0.03502328300055524,pixhawk_fused,True,0.8,0.2,gyro,-1.0,0.062235359102487564,0.09818252921104431,0.06022614953216681,0.09616252601224833,0.008383123999919917,0.05476563228011131,0.06970508592486381,0.05291010455315496,0.06754219451117867,,,2,0.9273825737859357,0.4273825737859357,0.8547651475718714,0.5,-0.4273825737859357,-1.5707963267948966,0.008105675348144492,-0.008105675348144492,-0.04643597517993592,0.0730684101565416,,,
15.273076599929482,7091.622784137,odom,navigating,2,4,,0.4920328117413889,-0.43377559169765934,-1.5238511021835535,-6.473308601495848,-6.208229064941406,-2.9971160355031063,-3.021604745161984,-1.6596063375473022,-1.5134624857571832,1.5134624857571832,0.04981140400013828,pixhawk_fused,True,0.8,0.2,gyro,-1.0,0.056388821452856064,0.0,0.05508820201888458,0.11186579182896657,0.02852645599978132,0.056388821452856064,0.056388821452856064,0.0465774525765368,0.06359895146123236,,,2,0.9337755916976593,0.43377559169765934,0.8675511833953187,0.5,-0.43377559169765934,-1.5707963267948966,0.007967188258611091,-0.007967188258611091,-0.046945224611343095,0.06670193658165614,,,
15.273248699959368,7091.725705088,odom,navigating,2,4,,0.4921494801094889,-0.43907610890203613,-1.5237107517352209,-6.478572567633234,-6.208861326474682,-2.9969756850547737,-3.0209028386579666,-1.6596063375473022,-1.5134624857571832,1.5134624857571832,0.15223122200040962,pixhawk_fused,True,0.8,0.2,gyro,-1.0,0.05130345746874809,0.06743357330560684,0.05249389654981268,0.11892904786633772,0.02708125800018024,0.04617311121165753,0.05643380372583866,0.04344577458814171,0.06154201851148365,,,2,0.9390761089020361,0.43907610890203613,0.8781522178040723,0.5,-0.43907610890203613,-1.5707963267948966,0.00785051989051111,-0.00785051989051111,-0.0470855750596757,0.061427609175906166,,,
15.273333599907346,7091.826142427,odom,navigating,2,4,,0.4922771522753135,-0.44394468220679256,-1.5213313389682754,-6.483405571133613,-6.2094624781785335,-2.9945962722878283,-3.016233641615619,-1.6641541719436646,-1.5116553796706644,1.5116553796706644,0.053006217000074685,pixhawk_fused,True,0.8,0.2,gyro,-1.0,0.05040166899561882,-0.03486749902367592,0.05,0.1411143376188698,0.026463461999810534,0.05305438832134009,0.04774894966989755,0.03926402119395639,0.06073597880604362,,,2,0.9439446822067925,0.44394468220679256,0.8878893644135851,0.5,-0.44394468220679256,-1.5707963267948966,0.00772284772468651,-0.00772284772468651,-0.04946498782662112,0.05658481271397983,,,
15.604065999970771,7091.945238772,odom,navigating,2,4,,0.4924515575681364,-0.449571246915918,-1.5194577899625592,-6.488988413022586,-6.210183951722655,-2.992722723282112,-3.0068647557065606,-1.6641541719436646,-1.5116553796706644,1.5116553796706644,0.1723504250003316,pixhawk_fused,True,0.8,0.2,gyro,-1.0,0.04645928367972374,0.06786662340164185,0.05,0.17170167772176695,0.04707655799938948,0.04129599097132683,0.05162257638812065,0.036936936358927974,0.06306306364107203,,,2,0.949571246915918,0.449571246915918,0.899142493831836,0.5,-0.449571246915918,-1.5707963267948966,0.007548442431863589,-0.007548442431863589,-0.051338536832337356,0.050990568939387894,,,
15.604217399959452,7092.060916274,odom,navigating,2,4,,0.4926972225382762,-0.4557380150295061,-1.5094222011033123,-6.495101952001718,-6.211028949589486,-2.982687134422865,-2.9980756814820473,-1.6746799945831299,-1.5013081940179613,1.5013081940179613,0.0015332520006268169,pixhawk_fused,True,0.8,0.2,gyro,-1.0,0.04895691201090813,0.10161980241537094,0.05,0.21180552961408297,0.014510276000692102,0.04122567744314671,0.056688146578669545,0.03388583530696057,0.06611416469303943,,,2,0.9557380150295061,0.4557380150295061,0.9114760300590122,0.5,-0.4557380150295061,-1.5707963267948966,0.007302777461723808,-0.007302777461723808,-0.06137412569158429,0.044860381988829384,,,
15.604310599970631,7092.161865728,odom,navigating,2,4,,0.49295608544794467,-0.46073158670685166,-1.50657197343755,-6.500046584890026,-6.211772840510691,-2.979836906757103,-2.9838239836655833,-1.6746799945831299,-1.5013081940179613,1.5013081940179613,0.1019468880003842,pixhawk_fused,True,0.8,0.2,gyro,-1.0,0.05483883246779442,0.1310722976922989,0.05,0.25756347188896184,0.014559071999428852,0.04486685205936432,0.06481081287622452,0.03040457105868779,0.06959542894131221,0.0199439608168602,5.499292038463578,2,0.9607315867068517,0.46073158670685166,0.9214631734137033,0.5,-0.46073158670685166,-1.5707963267948966,0.00704391455205533,-0.00704391455205533,-0.06422435335734655,0.03989517533208955,,,
15.929551599896513,7092.264375135,odom,navigating,2,4,,0.49330427425671375,-0.46583640729997067,-1.4763577970164128,-6.505093239718943,-6.212616465885048,-2.9496227303359657,-2.9622175167638023,-1.7069385051727295,-1.4689421657835988,1.4689421657835988,0.005230828000094334,pixhawk_fused,True,0.8,0.2,gyro,-1.0,0.05151056498289108,0.2031327784061432,0.05,0.2985542587030044,0.009327744000074745,0.03605622320175171,0.06696490676403045,0.02728599199787543,0.07271400800212457,0.030908683562278744,3.3330804839423878,2,0.9658364072999707,0.46583640729997067,0.9316728145999413,0.5,-0.46583640729997067,-1.5707963267948966,0.006695725743286252,-0.006695725743286252,-0.09443852977848377,0.03481355783890529,,,
15.92969199991785,7092.364549056,odom,navigating,2,4,,0.49378308841475876,-0.4711424781738235,-1.4504806941759953,-6.510327468519381,-6.213609692939129,-2.9237456274955482,-2.9432661095351573,-1.7357916831970215,-1.4413338515525607,1.4413338515525607,0.005424747000688512,pixhawk_fused,True,0.8,0.2,gyro,-1.0,0.061644047498703,0.20256325602531433,0.05,0.31638658253968654,0.012143772999479552,0.046233034980297086,0.07705506001710892,0.025929308800380652,0.07407069119961936,0.030822025036811834,3.999999832916841,2,0.9711424781738235,0.4711424781738235,0.942284956347647,0.5,-0.4711424781738235,-1.5707963267948966,0.006216911585241236,-0.006216911585241236,-0.12031563261890121,0.029519596128791473,,,
15.929773399955593,7092.486078663,odom,navigating,2,4,,0.4945362618906116,-0.4779151171786265,-1.4289723175963813,-6.516994579463248,-6.215018785212999,-2.902237250915934,-2.921629169463822,-1.756643295288086,-1.419857610142782,1.419857610142782,0.0107817009993596,pixhawk_fused,True,0.8,0.2,gyro,-1.0,0.053998999297618866,0.10137779265642166,0.05,0.0,0.033893724999870756,0.04628617683231831,0.06171182176291942,0.05,0.05,,,2,0.9779151171786264,0.4779151171786265,0.955830234357253,0.5,-0.4779151171786265,-1.5707963267948966,0.005463738109388383,-0.005463738109388383,-0.14182400919851523,0.022750702920168887,,,
16.242705999989994,7092.601389416,odom,navigating,2,4,,0.4951739740756605,-0.4829126590503215,-1.427617475176288,-6.521906272532167,-6.216140111564706,-2.900882408495841,-2.9148542441223837,-1.756643295288086,-1.419857610142782,1.419857610142782,0.1278777909992641,pixhawk_fused,True,0.8,0.2,gyro,-1.0,0.03859495744109154,-0.03381962329149246,0.05,0.0,0.007930044000204362,0.041167954381108283,0.03602196050107479,0.05,0.05,,,2,0.9829126590503214,0.4829126590503215,0.965825318100643,0.5,-0.4829126590503215,-1.5707963267948966,0.004826025924339505,-0.004826025924339505,-0.14317885161860855,0.017755780663011048,,,
16.242832299903966,,mission_status,turning,2,4,final alignment at waypoint 2/4,0.4951739740756605,-0.4829126590503215,-1.427617475176288,,,,,,,,,,,,,,,,,,,,,,,,,,,,,,,,,,,,,final,3.141592653589793,
16.242876599892043,7092.701607169,odom,turning,2,4,,0.4956968800284176,-0.4869740877001357,-1.4220999660445892,-6.525897480648156,-6.217056021542722,-2.895364899364142,-2.9155256287529694,-1.7632173299789429,-1.412793091121122,1.412793091121122,0.003429288000006636,pixhawk_fused,True,0.8,0.2,gyro,-1.0,0.03846991807222366,0.03371007367968559,0.0,0.0,0.005935103000410891,0.035905255666673186,0.04103458047777414,0.0,0.0,,,2,0.9869740877001357,0.4869740877001357,0.9739481754002715,0.5,-0.4869740877001357,-1.5707963267948966,0.004303119971582392,-0.004303119971582392,-0.14869636075030734,0.013718280968604871,final,3.141592653589793,-1.7194926875452037
16.24299699999392,7092.801828459,odom,turning,2,4,,0.4958367211604245,-0.4881006603582257,-1.4249434849582745,-6.527005082075116,-6.217304900178107,-2.8982084182778274,-2.9297468444714676,-1.7632173299789429,-1.412793091121122,1.412793091121122,0.10379540699977952,pixhawk_fused,True,0.8,0.2,gyro,-1.0,0.0077178338542580605,-0.10144366323947906,0.0,0.0,0.002986745000271185,0.015435667753517627,-4.500150599384689e-11,0.0,0.0,,,2,0.9881006603582256,0.4881006603582257,0.9762013207164514,0.5,-0.4881006603582257,-1.5707963267948966,0.004163278839575513,-0.004163278839575513,-0.14585284183662206,0.012606632167488618,final,3.141592653589793,-1.7166491686315188
16.585046499967575,7092.905052772,odom,turning,2,4,,0.4958752401653869,-0.4884445938765901,-1.4264626631381387,-6.527343630218838,-6.217376727284274,-2.8997275964576916,-2.9344770608940705,-1.761926531791687,-1.413509923413388,1.413509923413388,0.051103402999615355,pixhawk_fused,True,0.8,0.2,gyro,-1.0,0.0,0.0,0.0,0.0,0.08427692599980219,0.0,0.0,0.0,0.0,,,2,0.9884445938765901,0.4884445938765901,0.9768891877531802,0.5,-0.4884445938765901,-1.5707963267948966,0.004124759834613079,-0.004124759834613079,-0.14433366365675782,0.012269517283502882,final,3.141592653589793,-1.7151299904516542
16.585151899955235,7093.024559438,odom,turning,2,4,,0.4958752401653869,-0.4884445938765901,-1.4351063720492234,-6.527343630218838,-6.217376727284274,-2.9083713053687763,-2.9344770608940705,-1.7506904602050781,-1.4243136154636662,1.4243136154636662,0.06563145699965389,pixhawk_fused,True,0.8,0.2,gyro,-1.0,0.0,0.0,0.0,-1.55,0.029229971999484405,0.0,0.0,0.117924,-0.117924,,,2,0.9884445938765901,0.4884445938765901,0.9768891877531802,0.5,-0.4884445938765901,-1.5707963267948966,0.004124759834613079,-0.004124759834613079,-0.13568995474567314,0.012269517283502882,final,3.141592653589793,-1.7064862815405695
16.585233899997547,7093.141763117,odom,turning,2,4,,0.4958752401653869,-0.4884445938765901,-1.4367801482810643,-6.527343630218838,-6.217376727284274,-2.910045081600617,-2.9344770608940705,-1.7491295337677002,-1.4264057104685266,1.4264057104685266,0.06940023399965867,pixhawk_fused,True,0.8,0.2,gyro,-1.0,0.0,0.0,0.0,-1.55,0.008081318000222382,0.0,0.0,0.117924,-0.117924,,,2,0.9884445938765901,0.4884445938765901,0.9768891877531802,0.5,-0.4884445938765901,-1.5707963267948966,0.004124759834613079,-0.004124759834613079,-0.1340161785138323,0.012269517283502882,final,3.141592653589793,-1.7048125053087286
16.908040799899027,7093.247867141,odom,turning,2,4,,0.4958752401653869,-0.4884445938765901,-1.4367801482810643,-6.527343630218838,-6.217376727284274,-2.910045081600617,-2.9344770608940705,-1.7491295337677002,-1.4264057104685266,1.4264057104685266,0.1746527650002463,pixhawk_fused,True,0.8,0.2,gyro,-1.0,0.0,0.0,0.0,-1.55,0.011168542000632442,0.0,0.0,0.117924,-0.117924,,,2,0.9884445938765901,0.4884445938765901,0.9768891877531802,0.5,-0.4884445938765901,-1.5707963267948966,0.004124759834613079,-0.004124759834613079,-0.1340161785138323,0.012269517283502882,final,3.141592653589793,-1.7048125053087286
16.908167199930176,7093.364541354,odom,turning,2,4,,0.4958752401653869,-0.4884445938765901,-1.4368026148570736,-6.527343630218838,-6.217376727284274,-2.9100675481766265,-2.9344770608940705,-1.7490894794464111,-1.426433792118441,1.426433792118441,0.10384675699970103,pixhawk_fused,True,0.8,0.2,gyro,-1.0,0.0,0.0,0.0,-1.55,0.010563985999397119,0.0,0.0,0.117924,-0.117924,,,2,0.9884445938765901,0.4884445938765901,0.9768891877531802,0.5,-0.4884445938765901,-1.5707963267948966,0.004124759834613079,-0.004124759834613079,-0.13399371193782295,0.012269517283502882,final,3.141592653589793,-1.7047900387327193
16.90826349996496,7093.46485116,odom,turning,2,4,,0.4958752401653869,-0.4884445938765901,-1.4368052925955384,-6.527343630218838,-6.217376727284274,-2.9100702259150912,-2.9344770608940705,-1.7490828037261963,-1.4264371391045783,1.4264371391045783,0.09692735000044195,pixhawk_fused,True,0.8,0.2,gyro,-1.0,0.0,0.0,0.0,-1.55,0.029989061999913247,0.0,0.0,0.117924,-0.117924,,,2,0.9884445938765901,0.4884445938765901,0.9768891877531802,0.5,-0.4884445938765901,-1.5707963267948966,0.004124759834613079,-0.004124759834613079,-0.1339910341993582,0.012269517283502882,final,3.141592653589793,-1.7047873609942545
17.245084599941038,7093.581975248,odom,turning,2,4,,0.4958752401653869,-0.4884445938765901,-1.4368093415788714,-6.527343630218838,-6.217376727284274,-2.9100742748984243,-2.9344770608940705,-1.7490851879119873,-1.4264422000511472,1.4264422000511472,0.10008668299997225,pixhawk_fused,True,0.8,0.2,gyro,-1.0,0.0,0.0,0.0,-1.55,0.01071083299939346,0.0,0.0,0.117924,-0.117924,,,2,0.9884445938765901,0.4884445938765901,0.9768891877531802,0.5,-0.4884445938765901,-1.5707963267948966,0.004124759834613079,-0.004124759834613079,-0.13398698521602515,0.012269517283502882,final,3.141592653589793,-1.704783312010922
17.245222899946384,7093.701348123,odom,turning,2,4,,0.4958752401653869,-0.4884445938765901,-1.4368437275154882,-6.527343630218838,-6.217376727284274,-2.910108660835041,-2.9344770608940705,-1.7490527629852295,-1.4264851800757383,1.4264851800757383,0.041847323999718355,pixhawk_fused,True,0.8,0.2,gyro,-1.0,0.0,0.0,0.0,-1.55,0.007662385000003269,0.0,0.0,0.117924,-0.117924,,,2,0.9884445938765901,0.4884445938765901,0.9768891877531802,0.5,-0.4884445938765901,-1.5707963267948966,0.004124759834613079,-0.004124759834613079,-0.1339525992794084,0.012269517283502882,final,3.141592653589793,-1.7047489260743047
17.24530319997575,7093.801967438,odom,turning,2,4,,0.49586994531741174,-0.4883953495171721,-1.4370162596536848,-6.527295135484738,-6.217366662339461,-2.9102811929732377,-2.9351484324582278,-1.7490428686141968,-1.426533037785433,1.426533037785433,0.09618131700062804,pixhawk_fused,True,0.8,0.2,gyro,-1.0,-0.0025819058064371347,-0.033936720341444016,0.0,-1.55,0.011560640999960015,-1.2286007411085875e-10,-0.005163811490014195,0.117924,-0.117924,,,2,0.9883953495171721,0.4883953495171721,0.9767906990343442,0.5,-0.4883953495171721,-1.5707963267948966,0.004130054682588258,-0.004130054682588258,-0.1337800671412117,0.012317680971261052,final,3.141592653589793,-1.704576393936108
17.604016199940816,7093.922152251,odom,turning,2,4,,0.4958541498728085,-0.48824670579237156,-1.4385090207236828,-6.527148736287452,-6.217336467505021,-2.9117739540432357,-2.942564199978205,-1.7490410804748535,-1.4265455867964698,1.4265455867964698,0.06662272299945471,pixhawk_fused,True,0.8,0.2,gyro,-1.0,0.0,-0.1350354105234146,-6.952969329176995e-07,-1.55,0.008629986999949324,0.010273494032621382,-0.010273494032621382,0.11792330470306708,-0.11792469529693292,0.0,0.0,2,0.9882467057923716,0.48824670579237156,0.9764934115847431,0.5,-0.48824670579237156,-1.5707963267948966,0.004145850127191486,-0.004145850127191486,-0.13228730607121375,0.01246306535360406,final,3.141592653589793,-1.70308363286611
17.604120099917054,7094.044128345,odom,turning,2,4,,0.4958325315459359,-0.4879508537585771,-1.4584516710893276,-6.526856395390373,-6.217286142780954,-2.9317166044088805,-2.998014671325419,-1.7342497110366821,-1.4376215237509384,1.4376215237509384,0.07871805299964763,pixhawk_fused,True,0.8,0.2,gyro,-1.0,-0.005129450000822544,-0.5394802689552307,0.010326587595045567,-1.55,0.00273129000015615,0.0359142088612914,-0.04617310886293649,0.12825058759504557,-0.10759741240495443,0.010258900001645088,0.12497545645369768,2,0.987950853758577,0.4879508537585771,0.9759017075171542,0.5,-0.4879508537585771,-1.5707963267948966,0.004167468454064127,-0.004167468454064127,-0.11234465570556895,0.01274949875339478,final,3.141592653589793,-1.6831409825004657
17.60418619995471,7094.161265377,odom,turning,2,4,,0.4958188410806861,-0.4877008262463231,-1.5177724342918222,-6.526608889247463,-6.2172481704891585,-2.991037367611375,-3.0960371167559484,-1.6815483570098877,-1.487300692809738,1.487300692809738,0.08404772900030366,pixhawk_fused,True,0.8,0.2,gyro,-1.0,-0.002572098281234503,-0.9128103852272034,0.0025809993967413902,-1.55,0.022255084999414976,0.06687451582685112,-0.07201871238932013,0.12050499939674139,-0.11534300060325861,0.005144196562469006,0.037037058095176954,2,0.9877008262463232,0.4877008262463231,0.9754016524926462,0.5,-0.4877008262463231,-1.5707963267948966,0.004181158919313921,-0.004181158919313921,-0.05302389250307438,0.012990448988841493,final,3.141592653589793,-1.6238202192979712
17.92493179999292,7094.262143185,odom,turning,2,4,,0.4958015669576911,-0.48779750808241007,-1.5376296469127164,-6.526706793710647,-6.217240393031802,-3.0108945802322693,3.0870505371341435,-1.6815483570098877,-1.487300692809738,1.487300692809738,0.1846313599999121,pixhawk_fused,True,0.8,0.2,gyro,-1.0,0.010256601497530937,-0.9436935782432556,-0.0051458654925227165,-1.55,0.030597581000620266,0.08205280893027782,-0.061539605935215944,0.11277813450747728,-0.12306986549252272,0.020513202995061874,0.14285714892584717,2,0.9877975080824101,0.48779750808241007,0.9755950161648201,0.5,-0.48779750808241007,-1.5707963267948966,0.00419843304230888,-0.00419843304230888,-0.03316667988218014,0.012904559233449183,final,3.141592653589793,-1.603963006677077
17.925062599941157,7094.362919199,odom,turning,2,4,,0.49586078915400267,-0.4874553231461136,-1.7095727840031554,-6.526360468109569,-6.2172660128913275,3.100347589856878,2.9646140062567388,-1.5045279264450073,-1.6714700195919645,1.6714700195919645,0.09262167999986559,pixhawk_fused,True,0.8,0.2,gyro,-1.0,0.00256466050632298,-1.1798521280288696,0.01286562904715538,-1.55,0.03191589299967745,0.09232781040675937,-0.08719848939411341,0.13078962904715538,-0.10505837095284462,0.00512932101264596,0.028571418328876087,2,0.9874553231461136,0.4874553231461136,0.9749106462922272,0.5,-0.4874553231461136,-1.5707963267948966,0.004139210845997332,-0.004139210845997332,0.13877645720825882,0.013209919901197536,final,3.141592653589793,-1.4320198695866377
17.925153099931777,7094.482242834,odom,turning,2,4,,0.4958791075725233,-0.48735736443953037,-1.8324313069697435,-6.52626119115391,-6.217274705343666,2.97748906689029,2.8064109092242457,-1.3871113061904907,-1.785590217603363,1.785590217603363,0.035450566999315924,pixhawk_fused,True,0.8,0.2,gyro,-1.0,0.005142392124980688,-1.2848550081253052,-0.0077466233633458614,-1.55,0.021754988999418856,0.1028941611431539,-0.09260937689319253,0.11017737663665414,-0.12567062336334586,0.010284784249961376,0.052606640029447,2,0.9873573644395304,0.48735736443953037,0.9747147288790607,0.5,-0.48735736443953037,-1.5707963267948966,0.004120892427476708,-0.004120892427476708,0.261634980174847,0.013297292518166474,final,3.141592653589793,-1.3091613466200496
18.2449172999477,7094.582796948,odom,turning,2,4,,0.4959141491298128,-0.4872670178225914,-1.9615974454080023,-6.526167861665641,-6.217300782700683,2.8483229284520313,2.6764975128062956,-1.2610886096954346,-1.914572112930931,1.914572112930931,0.028114079000260972,pixhawk_fused,True,0.8,0.2,gyro,-1.0,0.00512702576816082,-1.2130179405212402,0.007756616920232773,-1.55,0.030364328999894497,0.09741343068301678,-0.08715937914669514,0.12568061692023277,-0.11016738307976723,0.01025405153632164,0.05555559102005379,2,0.9872670178225914,0.4872670178225914,0.9745340356451828,0.5,-0.4872670178225914,-1.5707963267948966,0.004085850870187202,-0.004085850870187202,0.39080111861310574,0.013372472189674366,final,3.141592653589793,-1.1799952081817908
18.245042699971236,7094.683498205,odom,turning,2,4,,0.49590817555094274,-0.4872622962178915,-2.088356722161425,-6.526163744188218,-6.217294377735802,2.7215636516986086,2.547988037990384,-1.133615493774414,-2.0408999507557524,2.0408999507557524,0.015459915000064939,pixhawk_fused,True,0.8,0.2,gyro,-1.0,-0.00256466050632298,-1.2472721338272095,-0.010327625088393688,-1.55,0.002997114999743644,0.09232780343525111,-0.09745712444789707,0.10759637491160631,-0.1282516250883937,0.00512932101264596,0.02702701984745657,2,0.9872622962178915,0.4872622962178915,0.974524592435783,0.5,-0.4872622962178915,-1.5707963267948966,0.0040918244490572575,-0.0040918244490572575,0.5175603953665284,0.013378793853058778,final,3.141592653589793,-1.0532359314283681
18.24513939989265,7094.802505701,odom,turning,2,4,,0.49591524780166657,-0.4872698834112086,-2.2405855801066794,-6.526170606650591,-6.217302155193157,2.569334793753354,2.377547295537564,-0.9862065315246582,-2.1886470325123444,2.1886470325123444,0.05365234700002475,pixhawk_fused,True,0.8,0.2,gyro,-1.0,0.0,-1.5504308938980103,0.002659850288182497,-1.55,0.030214537000574637,0.11795678240776061,-0.11795678240776061,0.1205838502881825,-0.1152641497118175,0.0,0.0,2,0.9872698834112086,0.4872698834112086,0.9745397668224172,0.5,-0.4872698834112086,-1.5707963267948966,0.00408475219833343,-0.00408475219833343,0.6697892533117829,0.013369407948223146,final,3.141592653589793,-0.9010070734831137
18.598407199955545,7094.924673474,odom,turning,2,4,,0.49578840914197386,-0.4873494097036221,-2.4738387304938847,-6.526262106148893,-6.217183663342855,2.336081643366149,2.193709494908222,-0.7372102737426758,-2.4340913593899387,2.4340913593899387,0.056527075999838416,pixhawk_fused,True,0.8,0.2,gyro,-1.0,0.0023779806215316057,-1.5332965850830078,-0.007746105547994375,-1.4976860341757448,0.02440180000030523,0.11903118481464683,-0.11427522357158362,0.10619784793209627,-0.12169005902808502,0.0047559612430632114,0.020385043325470455,2,0.9873494097036222,0.4873494097036221,0.9746988194072442,0.5,-0.4873494097036221,-1.5707963267948966,0.004211590858026137,-0.004211590858026137,0.9030424036989881,0.013333226631322952,final,3.141592653589793,-0.6677539230959084
18.598552999901585,7095.025563893,odom,turning,2,4,,0.4956083965853848,-0.4874274108215908,-2.6166139193425204,-6.526357265627129,-6.217012101783536,2.193306454517513,2.054396807793768,-0.5928776264190674,-2.5777241531740804,2.5777241531740804,0.05005237900059001,pixhawk_fused,True,0.8,0.2,gyro,-1.0,0.010264270007610321,-1.2139586210250854,-0.002585796872153878,-1.179399139874009,0.029254175000460236,0.10262224189519882,-0.08209370187997818,0.08714288968946071,-0.09231448343376847,0.020528540015220642,0.11113572329309325,2,0.9874274108215908,0.4874274108215908,0.9748548216431816,0.5,-0.4874274108215908,-1.5707963267948966,0.004391603414615197,-0.004391603414615197,1.0458175925476239,0.013317514002257027,final,3.141592653589793,-0.5249787342472727
18.598648199927993,7095.145363643,odom,turning,2,4,,0.4946546567675793,-0.4877082763993654,-2.6466932480117933,-6.526729668585223,-6.2160902443381305,2.1632271258482403,1.9016257356608977,-0.5928776264190674,-2.5777241531740804,2.5777241531740804,0.16998599500038836,pixhawk_fused,True,0.8,0.2,gyro,-1.0,0.02246801368892193,-1.01729416847229,-0.002566835843026638,-1.0979515591150137,0.010011649000261968,0.09986375402629374,-0.05492772664844989,0.0809653187744436,-0.08609899046049688,0.04493602737784386,0.29030039109365396,2,0.9877082763993654,0.4877082763993654,0.9754165527987309,0.5,-0.4877082763993654,-1.5707963267948966,0.005345343232420696,-0.005345343232420696,1.0758969212168967,0.013403699614165588,final,3.141592653589793,-0.49489940557799983
18.90768319997005,7095.245527379,odom,turning,2,4,,0.49430546704858713,-0.4877582328624687,-2.9316620034004046,-6.526813390626171,-6.215747578716985,1.878258370459629,1.7793418516654735,-0.2654911279678345,-2.9027036594282767,2.9027036594282767,0.014287300999967556,pixhawk_fused,True,0.8,0.2,gyro,-1.0,0.009942957200109959,-1.1108717918395996,-0.005170559044927359,-0.8011830211924628,0.00922330299999885,0.09445808312326669,-0.07457216872304677,0.055783445207395206,-0.06612456329724992,0.019885914400219917,0.11764707313043993,2,0.9877582328624688,0.4877582328624687,0.9755164657249374,0.5,-0.4877582328624687,-1.5707963267948966,0.005694532951412867,-0.005694532951412867,1.360865676605508,0.013501428375704094,final,3.141592653589793,-0.2099306501893885
18.907801699941047,7095.346466129,odom,turning,2,4,,0.49311728817537315,-0.4878276908368989,-2.9865750746324524,-6.526998219612743,-6.214571810163788,1.8233452992275812,1.6890097704781577,-0.22176110744476318,-2.9488188384901663,2.9488188384901663,0.07192327099983231,pixhawk_fused,True,0.8,0.2,gyro,-1.0,0.028226632624864578,-0.5565187335014343,-0.002667709719389677,-0.34638933545505474,0.00436966699999175,0.0705665778696537,-0.014113312619924545,0.023685590922030885,-0.02902101036081024,0.056453265249729156,0.6666667248073141,2,0.9878276908368989,0.4878276908368989,0.9756553816737978,0.5,-0.4878276908368989,-1.5707963267948966,0.006882711824626853,-0.006882711824626853,1.4157787478375559,0.013983448516834923,final,3.141592653589793,-0.1550175789573407
18.9078972999705,7095.464435823,odom,turning,2,4,,0.49233410659101345,-0.4878030069967802,-3.074000525782524,-6.527049916829284,-6.2137899469507865,1.7359198480775095,1.6160116719590871,-0.13302303850650787,-3.039823793007054,3.039823793007054,0.012242398000125831,pixhawk_fused,True,0.8,0.2,gyro,-1.0,0.01807062141597271,-0.37324774265289307,0.005128045100718737,-0.31249107144692995,0.009879987000203982,0.04646730967700481,-0.010326066845059392,0.028902365816401165,-0.01864627561496369,0.03614124283194542,0.6363636931835627,2,0.9878030069967803,0.4878030069967802,0.9756060139935604,0.5,-0.4878030069967802,-1.5707963267948966,0.007665893408986546,-0.007665893408986546,1.5032041989876275,0.014405990423380692,final,3.141592653589793,-0.06759212780726909
19.242432799888775,7095.564950289,odom,turning,2,4,,0.49258050592742786,-0.48781700215183227,3.1266367074198844,-6.527039851884472,-6.214036538098714,1.6533717741003315,1.5801535743251642,-0.04216154292225838,-3.133992367995896,3.133992367995896,0.006123022999418026,pixhawk_fused,True,0.8,0.2,gyro,-1.0,0.0024821418337523937,-0.1631270945072174,0.0025640225503593683,-0.25,0.03035895800076105,0.014892851183861494,-0.009928567516356707,0.021584022550359367,-0.01645597744964063,0.0049642836675047874,0.19999999707757024,2,0.9878170021518322,0.48781700215183227,0.9756340043036645,0.5,-0.48781700215183227,-1.5707963267948966,0.0074194940725721414,-0.0074194940725721414,1.5857522729648057,0.0142644428163666,final,3.141592653589793,0.014955946169908696
19.24254059989471,7095.682180319,odom,turning,2,4,,0.49258050592742786,-0.48781700215183227,3.1266367074198844,-6.527039851884472,-6.214036538098714,1.6533717741003315,1.5801535743251642,-0.04216154292225838,-3.133992367995896,3.133992367995896,0.12406305100012105,pixhawk_fused,True,0.8,0.2,gyro,-1.0,0.0,0.0,0.0,0.0,0.004859894000219356,0.0,0.0,0.0,0.0,,,2,0.9878170021518322,0.48781700215183227,0.9756340043036645,0.5,-0.48781700215183227,-1.5707963267948966,0.0074194940725721414,-0.0074194940725721414,1.5857522729648057,0.0142644428163666,final,3.141592653589793,0.014955946169908696
19.242602599901147,7095.801310756,odom,turning,2,4,,0.49258050592742786,-0.48781700215183227,3.1267512132689332,-6.527039851884472,-6.214036538098714,1.6534862799493804,1.5801535743251642,-0.04120964929461479,-3.133849307719146,3.133849307719146,0.0479822540000896,pixhawk_fused,True,0.8,0.2,gyro,-1.0,0.0,0.0,0.0,0.0,0.042137833000197134,0.0,0.0,0.0,0.0,,,2,0.9878170021518322,0.48781700215183227,0.9756340043036645,0.5,-0.48781700215183227,-1.5707963267948966,0.0074194940725721414,-0.0074194940725721414,1.585637767115756,0.0142644428163666,final,3.141592653589793,0.014841440320859878
19.547494299942628,,mission_status,reached,2,4,reached waypoint 2/4,0.49258050592742786,-0.48781700215183227,3.1267512132689332,,,,,,,,,,,,,,,,,,,,,,,,,,,,,,,,,,,,,,,
19.54755399993155,,mission_status,navigating,3,4,going to waypoint 3/4,0.49258050592742786,-0.48781700215183227,3.1267512132689332,,,,,,,,,,,,,,,,,,,,,,,,,,,,,,,,,,,,,,,
19.54760539997369,7095.904366351,odom,navigating,3,4,,0.49258050592742786,-0.48781700215183227,3.1274987930249374,-6.527039851884472,-6.214036538098714,1.6542338597053845,1.5801535743251642,-0.041178908199071884,-3.1329153088717656,3.1329153088717656,0.033344777999445796,pixhawk_fused,True,0.8,0.2,gyro,-1.0,0.0,0.0,0.24,0.18988359537128427,0.011738487999537028,0.0,0.0,0.22555365606415267,0.2544463439358473,,,3,1.0074194940725723,0.0074194940725721414,0.014838988145144283,0.49258050592742786,-0.5,3.141592653589793,0.012182997848167731,-0.012182997848167731,0.014093860564855731,0.4927311439885744,,,
19.547719199908897,7096.004480237,odom,navigating,3,4,,0.49243557947778804,-0.4878042013295886,3.1278947150036815,-6.527041224376946,-6.213891053896411,1.6546297816841287,1.582137180762458,-0.041178908199071884,-3.1329153088717656,3.1329153088717656,0.13355584599958092,pixhawk_fused,True,0.8,0.2,gyro,-1.0,0.007975840009748936,0.1048349067568779,0.24,0.18629796868288284,0.00963991999924474,3.036856651567055e-10,0.015951679715812205,0.22582645054260628,0.25417354945739373,,,3,1.007564420522212,0.0075644205222119565,0.015128841044423913,0.49243557947778804,-0.5,3.141592653589793,0.012195798670411373,-0.012195798670411373,0.013697938586111569,0.492586578624341,,,
19.547778499894775,7096.104781265,odom,navigating,3,4,,0.49105896361002943,-0.4876947932339794,3.1313709000908143,-6.527066386738979,-6.212510326467015,1.6581059667712614,1.5996848381622735,-0.04116314277052879,-3.132949900473927,3.132949900473927,0.05132221099938761,pixhawk_fused,True,0.8,0.2,gyro,-1.0,0.012864986434578896,0.1690981388092041,0.24,0.1817231551096877,0.010044389000540832,3.397464774790304e-11,0.02572997283518314,0.22617450235925496,0.253825497640745,0.025729972801208492,1.0000000026408615,3,1.0089410363899707,0.00894103638997057,0.01788207277994114,0.49105896361002943,-0.5,3.141592653589793,0.012305206766020593,-0.012305206766020593,0.010221753498978803,0.49121311449849414,,,
19.868534399894997,7096.204793672,odom,navigating,3,4,,0.4879521867747706,-0.4875328622809405,-3.1404945607371264,-6.527207753463858,-6.209402546007145,1.6694258131229072,1.6423178380328418,-0.04581618309020996,-3.1294513324121875,3.1294513324121875,0.05005993399936415,pixhawk_fused,True,0.8,0.2,gyro,-1.0,0.04240547493100166,0.5573800206184387,0.24,0.16844526895602965,0.011544826999852376,2.962350850732598e-09,0.08481094689965248,0.22718468393782526,0.2528153160621747,0.08481094393730162,1.0000000698577498,3,1.0120478132252293,0.012047813225229409,0.024095626450458818,0.4879521867747706,-0.5,3.141592653589793,0.012467137719059496,-0.012467137719059496,-0.00109809285266671,0.4881114279559398,,,
19.868683599983342,7096.30735956,odom,navigating,3,4,,0.48091405505855817,-0.4876027140725163,-3.0510524670738697,-6.52796262432486,-6.202404664376912,1.758867906786164,1.7223655019781765,-0.13269652426242828,-3.037661753020708,3.037661753020708,0.025740298000528128,pixhawk_fused,True,0.8,0.2,gyro,-1.0,0.09459517896175385,0.7852829098701477,0.24,-0.16722372602606123,0.015377047000583843,0.03485085517883301,0.15433950274467467,0.2527223810760627,0.22727761892393725,0.11948864756584165,1.5833333272875014,3,1.0190859449414418,0.019085944941441835,0.03817188988288367,0.48091405505855817,-0.5,3.141592653589793,0.012397285927483681,-0.012397285927483681,-0.09054018651592344,0.4810738207918133,,,
19.868772399961017,7096.425514044,odom,navigating,3,4,,0.46733718157607046,-0.4887883293394218,-3.0387920792895713,-6.530464678105963,-6.18900776533284,1.7711282945704623,1.7836753488023327,-0.13269652426242828,-3.037661753020708,3.037661753020708,0.14348449800036178,pixhawk_fused,True,0.8,0.2,gyro,-1.0,0.140384241938591,0.3133390247821808,0.24,-0.3080415881607604,0.030603617999986454,0.11654540893316269,0.16422307494401933,0.2634358040272706,0.21656419597272936,0.04767766601085664,5.888889020138874,3,1.0326628184239295,0.03266281842392954,0.06532563684785908,0.46733718157607046,-0.5,3.141592653589793,0.01121167066057821,-0.01121167066057821,-0.10280057430022183,0.46747164923925205,,,
20.208402999909595,7096.546415781,odom,navigating,3,4,,0.44964818193004213,-0.49101500844319723,-2.9751335462942805,-6.534403274010426,-6.17161965817278,1.834786827565753,1.80195526271496,-0.20483148097991943,-2.9626600247840327,2.9626600247840327,0.0873917419994541,pixhawk_fused,True,0.8,0.2,gyro,-1.0,0.15952198207378387,0.06769002228975296,0.2145190406398225,-0.6666666666666666,0.006245909000426764,0.15437212517797946,0.16467183896958829,0.2652390406398225,0.1637990406398225,,,3,1.0503518180699578,0.050351818069957865,0.10070363613991573,0.44964818193004213,-0.5,3.141592653589793,0.008984991556802768,-0.008984991556802768,-0.1664591072955126,0.449737943236134,,,
20.208506899885833,7096.646561628,odom,navigating,3,4,,0.43393776044591914,-0.4930808603544993,-2.9419589545478493,-6.537989139348931,-6.156185065301495,1.8679614193121843,1.786360817457062,-0.24498166143894196,-2.91731301294965,2.91731301294965,0.07402868999997736,pixhawk_fused,True,0.8,0.2,gyro,-1.0,0.15235096216201782,-0.30541858077049255,0.15889510346261246,-0.6666666666666667,0.0065416400002504815,0.1755872077870369,0.12911471653699874,0.20961510346261247,0.10817510346261246,0.04647249125003816,6.556608353200466,3,1.0660622395540809,0.06606223955408086,0.13212447910816172,0.43393776044591914,-0.5,3.141592653589793,0.006919139645500727,-0.006919139645500727,-0.19963369904194384,0.43399291979737853,,,
20.208595999982208,7096.765287077,odom,navigating,3,4,,0.41723987646427374,-0.49472923903089766,-2.9519294070705735,-6.541255671438357,-6.139727050541687,1.85799096678946,1.7363120403724732,-0.24498166143894196,-2.91731301294965,2.91731301294965,0.19194842200067797,pixhawk_fused,True,0.8,0.2,gyro,-1.0,0.13849171996116638,-0.337100625038147,0.1561482640140905,-0.6666666666666666,0.02452318500036199,0.1641383355140686,0.11284510440826416,0.20686826401409047,0.1054282640140905,0.05129323110580443,5.399999843078491,3,1.0827601235357263,0.08276012353572626,0.16552024707145252,0.41723987646427374,-0.5,3.141592653589793,0.005270760969102339,-0.005270760969102339,-0.18966324651921962,0.41727316644269835,,,
20.530245199915953,7096.882514051,odom,navigating,3,4,,0.4021778302350324,-0.495279980855108,-3.0579056727949956,-6.543270490390995,-6.1247902149411715,1.752014701065038,1.666731921500232,-0.13108645379543304,-3.032342190853779,3.032342190853779,0.006264945000111766,pixhawk_fused,True,0.8,0.2,gyro,-1.0,0.16007477045059204,-0.3394114375114441,0.20323772871712806,-0.6666666666666667,0.04310210200037545,0.1858971926164627,0.13425234828472138,0.2539577287171281,0.15251772871712804,0.051644844331741324,6.199061010711918,3,1.0978221697649677,0.0978221697649676,0.1956443395299352,0.4021778302350324,-0.5,3.141592653589793,0.004720019144892007,-0.004720019144892007,-0.08368698079479753,0.40220552670654175,,,
20.530375899979845,7096.983245271,odom,navigating,3,4,,0.38569740099533173,-0.49483739648483127,-3.0689530764545143,-6.544434821506904,-6.108345010111127,1.7409672974055193,1.6112508920886726,-0.13108645379543304,-3.032342190853779,3.032342190853779,0.10647351299940055,pixhawk_fused,True,0.8,0.2,gyro,-1.0,0.19361378252506256,-0.5089742541313171,0.24,-0.5013479983040559,0.0447374609993858,0.23233654377937318,0.15489102127075194,0.27814255571097257,0.2018574442890274,0.07744552250862125,4.999999386756271,3,1.1143025990046682,0.11430259900466827,0.22860519800933654,0.38569740099533173,-0.5,3.141592653589793,0.005162603515168729,-0.005162603515168729,-0.0726395771352788,0.3857319504650977,,,
20.530463899951428,7097.085606757,odom,navigating,3,4,,0.3640833460562069,-0.4932144977135696,-3.1234979472071185,-6.544924343822826,-6.086675641425457,1.686422426652915,1.570021783475065,-0.07300009578466415,-3.0901923618833465,3.0901923618833465,0.03083825900012016,pixhawk_fused,True,0.8,0.2,gyro,-1.0,0.25045743584632874,-0.30544590950012207,0.24,-0.3942225231005209,0.04511172699949384,0.273695760641098,0.22721911105155945,0.26999244955748763,0.21000755044251235,0.046476649589538566,10.777774992744064,3,1.135916653943793,0.1359166539437931,0.2718333078875862,0.3640833460562069,-0.5,3.141592653589793,0.006785502286430378,-0.006785502286430378,-0.01809470638267463,0.3641465720239075,,,
20.864278799970634,7097.186436788,odom,navigating,3,4,,0.34114374426156,-0.490626662654665,3.1181958248397095,-6.5445825931966635,-6.0635930629884935,1.6449308915201566,1.5415487899133518,-0.03122098557651043,-3.1349200956146164,3.1349200956146164,0.002890156000830757,pixhawk_fused,True,0.8,0.2,gyro,-1.0,0.2522783875465393,-0.1641564518213272,0.24,-0.02015215128440818,0.04491006700027356,0.26476741040110585,0.23978936469197273,0.24153317566971777,0.2384668243302822,0.024978045709133118,20.200010079595177,3,1.1588562557384399,0.15885625573843998,0.31771251147687996,0.34114374426156,-0.5,3.141592653589793,0.00937333734533502,-0.00937333734533502,0.023396828750083642,0.3412724918621278,,,
20.864470599917695,7097.304153304,odom,navigating,3,4,,0.3134681358287443,-0.4870183133602975,3.088105854980934,-6.543686355610784,-6.035697610940779,1.6148409216613813,1.5435629885609363,0.011959140188992023,3.1101782067692993,-3.1101782067692993,0.05047995800032368,pixhawk_fused,True,0.8,0.2,gyro,-1.0,0.23672758042812347,0.13528528809547424,0.24,0.2533839160730128,0.01007305599978281,0.2264350757098198,0.24702008514642715,0.2207225516651652,0.2592774483348348,0.02058500943660735,22.99999727055154,3,1.1865318641712557,0.18653186417125572,0.37306372834251145,0.3134681358287443,-0.5,3.141592653589793,0.012981686639702505,-0.012981686639702505,0.053486798608858965,0.31373682660465524,,,
20.864572299993597,7097.421644955,odom,navigating,3,4,,0.2863532006311907,-0.4839704716611893,3.0914231024666528,-6.543293365265571,-6.0084147480342045,1.6181581691470999,1.5807639506813205,0.012800941243767738,3.105036627260518,-3.105036627260518,0.06962200599991775,pixhawk_fused,True,0.8,0.2,gyro,-1.0,0.2282157689332962,0.3708208203315735,0.24,0.5408253570493741,0.033640546000242466,0.2000037209224701,0.2564278169441223,0.1988540068356836,0.2811459931643164,0.056424096021652215,8.089301735404694,3,1.2136467993688094,0.21364679936880931,0.42729359873761863,0.2863532006311907,-0.5,3.141592653589793,0.016029528338810717,-0.016029528338810717,0.050169551123140366,0.2868015015485304,,,
21.18959709990304,7097.525466362,odom,navigating,3,4,,0.2636713890087836,-0.48248765249921716,-3.1399758823603197,-6.54402627624698,-5.985696337600488,1.669944491499714,1.6371299615864947,-0.040353044867515564,-3.1275066174338506,3.1275066174338506,0.05381228599981114,pixhawk_fused,True,0.8,0.2,gyro,-1.0,0.23585571348667145,0.5548272728919983,0.22201934288976954,0.5699724055297803,0.03653407300043909,0.19364445456504822,0.2780669724082947,0.17865584227706385,0.2653828435024752,0.08442251784324648,5.587507208079301,3,1.2363286109912164,0.23632861099121638,0.47265722198243276,0.2636713890087836,-0.5,3.141592653589793,0.017512347500782843,-0.017512347500782843,-0.001616771229473457,0.26425231067449434,,,
21.189746899995953,7097.625669337,odom,navigating,3,4,,0.2424213141181355,-0.4822610251949383,-3.0881990629965728,-6.545869991137791,-5.9645251836830795,1.7217213108634608,1.6883688742447853,-0.09210703521966934,-3.075595390386407,3.075595390386407,0.05009595100000297,pixhawk_fused,True,0.8,0.2,gyro,-1.0,0.21280938386917114,0.4381803572177887,0.21140184853959543,0.42460256483628767,0.031408409000505344,0.17947262229204178,0.2461461454463005,0.17909808540685065,0.2437056116723402,0.06667352315425873,6.383624977393386,3,1.2575786858818645,0.2575786858818645,0.515157371763729,0.2424213141181355,-0.5,3.141592653589793,0.017738974805061702,-0.017738974805061702,-0.05339359059322035,0.24306946489820216,,,
21.18985509988852,7097.746054867,odom,navigating,3,4,,0.21828977718055376,-0.4832248321241783,-3.035591808244888,-6.549179070493929,-5.940602182354201,1.7743285656151455,1.7296896911275697,-0.1470106691122055,-3.0201685513625787,3.0201685513625787,0.04613206799967884,pixhawk_fused,True,0.8,0.2,gyro,-1.0,0.19101311266422272,0.13571283221244812,0.18130496544205904,0.10778881002396078,0.006141357000160497,0.18068808038949966,0.20133814493894578,0.1731043927754361,0.18950553810868198,0.020650064549446123,18.500001509132932,3,1.2817102228194464,0.28171022281944624,0.5634204456388925,0.21828977718055376,-0.5,3.141592653589793,0.016775167875821673,-0.016775167875821673,-0.10600084534490506,0.21893339872846676,,,
21.525462099933065,7097.846891898,odom,navigating,3,4,,0.19937030348431628,-0.48453908715393024,-3.012540601521155,-6.552329398220509,-5.921900599895998,1.7973797723388785,1.7465659373313314,-0.16947676241397858,-2.9955752549539256,2.9955752549539256,0.07431079300022247,pixhawk_fused,True,0.8,0.2,gyro,-1.0,0.18981482088565826,0.0,0.16303479446309235,0.01042082799448899,0.006842095000138215,0.18981482088565826,0.18981482088565826,0.16224197786927164,0.16382761105691307,,,3,1.3006296965156836,0.3006296965156837,0.6012593930313674,0.19937030348431628,-0.5,3.141592653589793,0.015460912846069763,-0.015460912846069763,-0.129052052068638,0.19996889192437442,,,
21.525578199885786,7097.962104987,odom,navigating,3,4,,0.17911767530032668,-0.4862064894752538,-2.9999998129712946,-6.555961013308166,-5.901906587024261,1.809920560888739,1.747267824789446,-0.18344853818416595,-2.9800792222837855,2.9800792222837855,0.013866555000277003,pixhawk_fused,True,0.8,0.2,gyro,-1.0,0.17696163058280945,-0.1685502827167511,0.1541074554168974,-0.01146137536051966,0.024441002000457956,0.18978493609189986,0.16413832507371903,0.15497943685432575,0.15323547397946907,0.02564661101818083,13.80000113522692,3,1.3208823246996733,0.3208823246996733,0.6417646493993466,0.17911767530032668,-0.5,3.141592653589793,0.0137935105247462,-0.0137935105247462,-0.14159284061849853,0.17964799619697833,,,
21.52564969996456,7098.08212662,odom,navigating,3,4,,0.16163131884226625,-0.48752719582402027,-3.01201488173787,-6.5589782092647155,-5.884631939242097,1.7979054921221636,1.7357626147499137,-0.17092645168304443,-2.9922215231317035,2.9922215231317035,0.014100380999479967,pixhawk_fused,True,0.8,0.2,gyro,-1.0,0.14454670250415802,-0.06780704855918884,0.13865465230726298,-0.07153374060828133,0.0442094209993229,0.1497054627585411,0.13938794224977494,0.14409693929274103,0.13321236532178493,,,3,1.3383686811577338,0.3383686811577338,0.6767373623154675,0.16163131884226623,-0.5,3.141592653589793,0.012472804175979735,-0.012472804175979735,-0.1295777718519231,0.16211185667526812,,,
21.847565699950792,7098.182576033,odom,navigating,3,4,,0.1501007677948651,-0.48823545561072473,-3.014982106118339,-6.560805911743324,-5.873225154286121,1.7949382677416947,1.7209005810444213,-0.17092645168304443,-2.9922215231317035,2.9922215231317035,0.11430244899929676,pixhawk_fused,True,0.8,0.2,gyro,-1.0,0.11871716380119324,-0.06788362562656403,0.12586504081020225,-0.05230179350711318,0.04461907499990048,0.12388175003886223,0.11355257756352424,0.1298441612602234,0.12188592036018107,,,3,1.3498992322051349,0.3498992322051349,0.6997984644102698,0.1501007677948651,-0.5,3.141592653589793,0.011764544389275267,-0.011764544389275267,-0.12661054747145428,0.15056110054491245,,,
21.847705799969845,7098.285754791,odom,navigating,3,4,,0.13999170721511645,-0.4887072363512397,-3.036688101006834,-6.562259838771362,-5.863210076699338,1.7732322728531997,1.7067099196028401,-0.1486789733171463,-3.015801997985219,3.015801997985219,0.02951316799953929,pixhawk_fused,True,0.8,0.2,gyro,-1.0,0.10066401213407516,-0.16963249444961548,0.12044888043592981,-0.05130494190676656,0.0456758769996668,0.11356965231180191,0.08775837195634842,0.12435216041619661,0.11654560045566302,0.025811280355453492,7.800001452683191,3,1.3600082927848836,0.36000829278488355,0.7200165855697671,0.13999170721511645,-0.5,3.141592653589793,0.011292763648760307,-0.011292763648760307,-0.10490455258295928,0.14044644744467424,,,
21.847810699953698,7098.404496036,odom,navigating,3,4,,0.12839662411689867,-0.48908372728262867,-3.054083482505071,-6.563763633025976,-5.851706759772652,1.7558368913549627,1.691237564431926,-0.1312994658946991,-3.0336771675231806,3.0336771675231806,0.04310493499997392,pixhawk_fused,True,0.8,0.2,gyro,-1.0,0.09779345244169235,-0.2029583901166916,0.10616901329983726,0.02911011166578566,0.01264853500015306,0.11323452676177025,0.08235237812161446,0.10395431600430428,0.10838371059537023,0.030882148640155788,6.333332151282529,3,1.3716033758831014,0.37160337588310133,0.7432067517662027,0.12839662411689867,-0.5,3.141592653589793,0.010916272717371334,-0.010916272717371334,-0.08750917108472223,0.12885983895169276,,,
22.169183299993165,7098.50756339,odom,navigating,3,4,,0.11852623681983626,-0.48927730880024106,-3.0659420965384188,-6.56491744169958,-5.841902131031966,1.7439782773216148,1.6817771550205067,-0.1187000572681427,-3.046134203079616,3.046134203079616,0.03096431100038899,pixhawk_fused,True,0.8,0.2,gyro,-1.0,0.10035693645477295,-0.10146905481815338,0.101437957757368,0.030396425410479596,0.01267086699954234,0.10807670214533806,0.09263717076420784,0.09912539771213871,0.10375051780259728,,,3,1.3814737631801637,0.38147376318016374,0.7629475263603275,0.11852623681983626,-0.5,3.141592653589793,0.010722691199758938,-0.010722691199758938,-0.07565055705137436,0.11901027233494299,,,
22.169319699984044,7098.622446952,odom,navigating,3,4,,0.107375276726194,-0.4893993795414832,-3.066484495781073,-6.566124777579692,-5.830816051817543,1.7434358780789605,1.6790610778894857,-0.1187000572681427,-3.046134203079616,3.046134203079616,0.14563580499998352,pixhawk_fused,True,0.8,0.2,gyro,-1.0,0.08974525332450867,0.03370336443185806,0.0922554240012409,0.05148176354012621,0.03346629199950257,0.08718110135853291,0.09230940529048443,0.08833869143110809,0.09617215657137371,,,3,1.392624723273806,0.392624723273806,0.785249446547612,0.10737527672619401,-0.5,3.141592653589793,0.010600620458516785,-0.010600620458516785,-0.07510815780872004,0.1078972808097232,,,
22.169412499992177,7098.724905028,odom,navigating,3,4,,0.09888478495571856,-0.48949031691570527,-3.0708313099626787,-6.567042060050182,-5.822374765601576,1.7390890638973548,1.6790610778894857,-0.11297617107629776,-3.0515657494380077,3.0515657494380077,0.025274921999880462,pixhawk_fused,True,0.8,0.2,gyro,-1.0,0.09232320636510849,0.0,0.08356469807543544,0.05924174445662921,0.03350805100035359,0.09232320636510849,0.09232320636510849,0.07905758615717509,0.0880718099936958,,,3,1.4011152150442814,0.40111521504428144,0.8022304300885629,0.09888478495571856,-0.5,3.141592653589793,0.01050968308429473,-0.01050968308429473,-0.07076134362711439,0.09944171224526967,,,
22.50475429999642,7098.847662432,odom,navigating,3,4,,0.08967312924893911,-0.4895851627923008,-3.0710994941484557,-6.568033457114298,-5.813216123318911,1.7388208797115778,1.6777183094692365,-0.11297617107629776,-3.0515657494380077,3.0515657494380077,0.1485892730006526,pixhawk_fused,True,0.8,0.2,gyro,-1.0,0.07991427183151245,0.0,0.07577700518573804,0.06380954489585071,0.00771847699979844,0.07991427183151245,0.07991427183151245,0.07092237501006173,0.08063163536141436,,,3,1.410326870751061,0.4103268707510609,0.8206537415021218,0.08967312924893911,-0.5,3.141592653589793,0.010414837207699201,-0.010414837207699201,-0.07049315944133738,0.09027590455575515,,,
22.504886899958365,7098.949217442,odom,navigating,3,4,,0.08219642163599374,-0.48965071681292427,-3.071794650688866,-6.568826757764588,-5.80578133158428,1.7381257231711675,1.6756430663552717,-0.1115913838148117,-3.0519165018084395,3.0519165018084395,0.09236850300021615,pixhawk_fused,True,0.8,0.2,gyro,-1.0,0.07514230906963348,-0.05809854716062546,0.06886395241139025,0.08139436435335255,0.009646827000324265,0.07956244653761387,0.0707221716016531,0.06267146917138719,0.0750564356513933,,,3,1.4178035783640062,0.4178035783640063,0.8356071567280126,0.08219642163599372,-0.5,3.141592653589793,0.01034928318707573,-0.01034928318707573,-0.06979800290092708,0.08284539451441068,,,
22.504974899929948,7099.061546579,odom,navigating,3,4,,0.07434757601743494,-0.4897000861834951,-3.0750917589342173,-6.569640188304503,-5.7979745943890455,1.7348286149258163,1.675673533888949,-0.10772458463907242,-3.056044061433052,3.056044061433052,0.10548846799974854,pixhawk_fused,True,0.8,0.2,gyro,-1.0,0.06409264355897903,0.03371844068169594,0.06212197034246081,0.10734011678953678,0.02451020399985282,0.061527344591915605,0.06665794252604246,0.05395553425711285,0.07028840642780876,,,3,1.425652423982565,0.4256524239825651,0.8513048479651302,0.07434757601743491,-0.5,3.141592653589793,0.010299913816504913,-0.010299913816504913,-0.06650089465557585,0.07505764640791567,,,
22.844083199976012,7099.161936197,odom,navigating,3,4,,0.06778265490598488,-0.4897491241793683,-3.075382485252028,-6.570328264531744,-5.791445647687616,1.7345378886080054,1.6763449996309276,-0.10813571512699127,-3.056574947624927,3.056574947624927,0.0919474039992565,pixhawk_fused,True,0.8,0.2,gyro,-1.0,0.06919412314891815,0.03368488326668739,0.058985162005099095,0.11798762581466135,0.024222361000283854,0.06663137722998858,0.07175686906784773,0.05000866343311966,0.06796166057707853,,,3,1.4322173450940152,0.4322173450940151,0.8644346901880302,0.0677826549059849,-0.5,3.141592653589793,0.010250875820631722,-0.010250875820631722,-0.06621016833776494,0.06855340079962371,,,
22.844194499892183,7099.282110177,odom,navigating,3,4,,0.06091424019109597,-0.4898227102937245,-3.0692709110531133,-6.571070325462983,-5.784617040129244,1.7406494628069202,1.6864463187388508,-0.11470744013786316,-3.051459332584863,3.051459332584863,0.013924701000178175,pixhawk_fused,True,0.8,0.2,gyro,-1.0,0.05936596170067787,0.101779505610466,0.05290796958469888,0.14217072350333246,0.0446035019995179,0.051622576913833616,0.06710934648752212,0.042091620940565344,0.06372431822883241,,,3,1.439085759808904,0.439085759808904,0.878171519617808,0.06091424019109598,-0.5,3.141592653589793,0.010177289706275516,-0.010177289706275516,-0.07232174253667978,0.061758577410947486,,,
22.84427899995353,7099.4008472,odom,navigating,3,4,,0.05454842309640077,-0.48995098766227946,-3.063692606020961,-6.571817876364121,-5.778293967298997,1.7462277678390725,1.6938621268860519,-0.11923868954181671,-3.046339791956817,3.046339791956817,0.032142721000127494,pixhawk_fused,True,0.8,0.2,gyro,-1.0,0.04888695105910301,0.10145888477563858,0.05,0.18066262752162765,0.013330459999451705,0.04116795910537243,0.056605943012833594,0.03625518729815457,0.06374481270184543,,,3,1.4454515769035992,0.4454515769035992,0.8909031538071984,0.05454842309640079,-0.5,3.141592653589793,0.010049012337720542,-0.010049012337720542,-0.07790004756883206,0.055466324118942735,,,
23.185617299983278,7099.501979259,odom,navigating,3,4,,0.04990944671663648,-0.4900905513224428,-3.0615277639756577,-6.572408505625669,-5.77369062753936,1.7483926098843758,1.7046957362233799,-0.11923868954181671,-3.046339791956817,3.046339791956817,0.13280538599974534,pixhawk_fused,True,0.8,0.2,gyro,-1.0,0.05660310760140419,0.13527174293994904,0.05,0.20197036198372298,0.01283228899956157,0.046311633398532864,0.06689458180427552,0.03463409486027836,0.06536590513972165,0.02058294840574265,5.499999950018037,3,1.4500905532833634,0.4500905532833635,0.900181106566727,0.049909446716636496,-0.5,3.141592653589793,0.00990944867755722,-0.00990944867755722,-0.08006488961413538,0.050883691342648446,,,
23.185764999943785,7099.62288657,odom,navigating,3,4,,0.043748335091301646,-0.4903629716130053,-3.0502380862951295,-6.5732795808495155,-5.767585323515076,1.759682287564904,1.7270040972726892,-0.12882335484027863,-3.0378028891417137,3.0378028891417137,0.07621042299979308,pixhawk_fused,True,0.8,0.2,gyro,-1.0,0.06152120977640152,0.26954612135887146,0.05,0.2436844706982286,0.03423917700001766,0.04101414086341858,0.08202827868938446,0.03146048546927877,0.06853951453072124,0.041014137825965885,3.00000014811735,3,1.4562516649086983,0.45625166490869834,0.9125033298173967,0.04374833509130166,-0.5,3.141592653589793,0.009637028386994706,-0.009637028386994706,-0.09135456729466362,0.044797200128942845,,,
23.185858299955726,7099.741429376,odom,navigating,3,4,,0.036504420142718055,-0.4908493871853189,-3.018963120394348,-6.574469074327458,-5.760423200285388,1.7909572534656855,1.748000267867845,-0.1617712825536728,-3.003959957632696,3.003959957632696,0.03596429299977899,pixhawk_fused,True,0.8,0.2,gyro,-1.0,0.061943985521793365,0.20354881882667542,0.05,0.3091370370211912,0.004393370999423496,0.046457991385459904,0.07742997965812683,0.026480854223427778,0.07351914577657223,0.030971988272666923,4.000000579650194,3,1.463495579857282,0.46349557985728196,0.9269911597145639,0.03650442014271804,-0.5,3.141592653589793,0.009150612814681103,-0.009150612814681103,-0.122629533195445,0.037633846532613244,,,
23.50523369992152,7099.84177381,odom,navigating,3,4,,0.031045177207667356,-0.4913339004033183,-3.014228847401027,-6.575482888768658,-5.755037082317767,1.7956915264590068,1.7716818554739993,-0.1617712825536728,-3.003959957632696,3.003959957632696,0.13626996899984078,pixhawk_fused,True,0.8,0.2,gyro,-1.0,0.06195952370762825,0.27146655321121216,0.05,0.39169502580368665,0.004144765999626543,0.04130634833931923,0.08261269907593727,0.020199842436855523,0.07980015756314449,0.041306350736618036,2.9999998839258972,3,1.4689548227923326,0.46895482279233264,0.9379096455846653,0.031045177207667363,-0.5,3.141592653589793,0.008666099596681687,-0.008666099596681687,-0.1273638061887663,0.03223203856530137,,,
23.505423999973573,7099.961768073,odom,navigating,3,4,,0.025015241884270338,-0.49202275610019564,-2.997692559115576,-6.5767556467900565,-5.7491028823553085,1.8122278147444577,1.7980489949805212,-0.17577743530273438,-2.989880952853238,2.989880952853238,0.10703732999991189,pixhawk_fused,True,0.8,0.2,gyro,-1.0,0.046150997281074524,0.1347881704568863,0.05,0.0,0.024229435000052035,0.035896313272714614,0.056405681289434434,0.05,0.05,0.02050936801671982,4.500479706975947,3,1.4749847581157296,0.47498475811572965,0.9499695162314593,0.025015241884270345,-0.5,3.141592653589793,0.007977243899804365,-0.007977243899804365,-0.14390009447421725,0.026256403919149306,,,
23.505541499936953,7100.061950475,odom,navigating,3,4,,0.021003007801220816,-0.492559668981065,-2.960783205003991,-6.577680706717902,-5.745161998963387,1.8491371688560427,1.8048239989530208,-0.21924464404582977,-2.9454412987711778,2.9454412987711778,0.09771206700042967,pixhawk_fused,True,0.8,0.2,gyro,-1.0,0.041018225252628326,0.0,0.05,0.0,0.024056014000052528,0.041018225252628326,0.041018225252628326,0.05,0.05,,,3,1.4789969921987791,0.47899699219877917,0.9579939843975583,0.02100300780122083,-0.5,3.141592653589793,0.007440331018934987,-0.007440331018934987,-0.18080944858580228,0.022281940273896,,,
23.848807099973783,7100.18244165,odom,navigating,3,4,,0.016941246991129554,-0.493118857319974,-2.9529342322606738,-6.578632758997747,-5.74117399332984,1.8569861415993598,1.8081809716681327,-0.22646336257457733,-2.936470467935776,2.936470467935776,0.10488050499952806,pixhawk_fused,True,0.8,0.2,gyro,-1.0,0.03614046052098274,0.06787343323230743,0.05,0.0,0.04454605899991293,0.030976649720668794,0.041304271321296694,0.05,0.05,,,3,1.4830587530088706,0.48305875300887047,0.9661175060177409,0.016941246991129533,-0.5,3.141592653589793,0.006881142680025987,-0.006881142680025987,-0.18865842132911936,0.018285403309671114,,,
23.848918399889953,,mission_status,turning,3,4,final alignment at waypoint 3/4,0.016941246991129554,-0.493118857319974,-2.9529342322606738,,,,,,,,,,,,,,,,,,,,,,,,,,,,,,,,,,,,,final,1.5707963267948966,
23.84896039997693,7100.285912474,odom,turning,3,4,,0.013523439088637602,-0.4936082030626775,-2.944838051970727,-6.579452594502545,-5.737820079219533,1.8650823218893064,1.8068685945734186,-0.23504899442195892,-2.9260253130304568,2.9260253130304568,0.012162623999756761,pixhawk_fused,True,0.8,0.2,gyro,-1.0,0.017953524366021156,-0.23598217964172363,0.0,0.0,0.010637352999765426,0.03590704859316349,1.388788251066586e-10,0.0,0.0,0.03590704845428466,1.0000000077354632,3,1.4864765609113624,0.4864765609113624,0.9729531218227248,0.013523439088637623,-0.5,3.141592653589793,0.0063917969373225025,-0.0063917969373225025,-0.196754601619066,0.014957889987296228,final,1.5707963267948966,-1.7675509284139626
23.849051299970597,7100.404205806,odom,turning,3,4,,0.012348829495638265,-0.49376448954950175,-2.9480799840647594,-6.579722518022539,-5.736666270545929,1.8618403897952742,1.790633348340768,-0.23504899442195892,-2.9260253130304568,2.9260253130304568,0.13049275100001978,pixhawk_fused,True,0.8,0.2,gyro,-1.0,0.0,0.0,0.0,0.0,0.005945029000031354,0.0,0.0,0.0,0.0,,,3,1.4876511705043618,0.48765117050436174,0.9753023410087235,0.012348829495638258,-0.5,3.141592653589793,0.0062355104504982495,-0.0062355104504982495,-0.19351266952503376,0.013833841855775946,final,1.5707963267948966,-1.7643089963199303
24.18888929998502,7100.505171426,odom,turning,3,4,,0.012348829495638265,-0.49376448954950175,-2.9598135765002747,-6.579722518022539,-5.736666270545929,1.850106797359759,1.790633348340768,-0.21736100316047668,-2.940686418246006,2.940686418246006,0.05402913099987927,pixhawk_fused,True,0.8,0.2,gyro,-1.0,0.0,0.0,0.0,-1.55,0.005801754999993136,0.0,0.0,0.117924,-0.117924,,,3,1.4876511705043618,0.48765117050436174,0.9753023410087235,0.012348829495638258,-0.5,3.141592653589793,0.0062355104504982495,-0.0062355104504982495,-0.18177907708951846,0.013833841855775946,final,1.5707963267948966,-1.752575403884415
24.18901799991727,7100.627133057,odom,turning,3,4,,0.012348829495638265,-0.49376448954950175,-2.9655736310677696,-6.579722518022539,-5.736666270545929,1.844346742792264,1.790633348340768,-0.2135358452796936,-2.947884322922205,2.947884322922205,0.07270528499975626,pixhawk_fused,True,0.8,0.2,gyro,-1.0,0.0,0.0,0.0,-1.55,0.03122335900025064,0.0,0.0,0.117924,-0.117924,,,3,1.4876511705043618,0.48765117050436174,0.9753023410087235,0.012348829495638258,-0.5,3.141592653589793,0.0062355104504982495,-0.0062355104504982495,-0.1760190225220235,0.013833841855775946,final,1.5707963267948966,-1.74681534931692
24.189111499930732,7100.745275078,odom,turning,3,4,,0.012348829495638265,-0.49376448954950175,-2.9648411581862018,-6.579722518022539,-5.736666270545929,1.8450792156738318,1.790633348340768,-0.21346235275268555,-2.94696898283576,2.94696898283576,0.06941121599993494,pixhawk_fused,True,0.8,0.2,gyro,-1.0,0.0,0.0,0.0,-1.55,0.00988204199984466,0.0,0.0,0.117924,-0.117924,,,3,1.4876511705043618,0.48765117050436174,0.9753023410087235,0.012348829495638258,-0.5,3.141592653589793,0.0062355104504982495,-0.0062355104504982495,-0.17675149540359136,0.013833841855775946,final,1.5707963267948966,-1.747547822198488
24.51211029989645,7100.864258223,odom,turning,3,4,,0.012348829495638265,-0.49376448954950175,-2.9647987731893553,-6.579722518022539,-5.736666270545929,1.8451216006706783,1.790633348340768,-0.21341221034526825,-2.946916016323486,2.946916016323486,0.11561589199936861,pixhawk_fused,True,0.8,0.2,gyro,-1.0,0.0,0.0,0.0,-1.55,0.02775192299941409,0.0,0.0,0.117924,-0.117924,,,3,1.4876511705043618,0.48765117050436174,0.9753023410087235,0.012348829495638258,-0.5,3.141592653589793,0.0062355104504982495,-0.0062355104504982495,-0.17679388040043786,0.013833841855775946,final,1.5707963267948966,-1.7475902071953344
24.512314699939452,7100.964524419,odom,turning,3,4,,0.012348829495638265,-0.49376448954950175,-2.964844490415695,-6.579722518022539,-5.736666270545929,1.8450758834443386,1.790633348340768,-0.21339315176010132,-2.9469731469652554,2.9469731469652554,0.08655163700041157,pixhawk_fused,True,0.8,0.2,gyro,-1.0,0.0,0.0,0.0,-1.55,0.028666268000051787,0.0,0.0,0.117924,-0.117924,,,3,1.4876511705043618,0.48765117050436174,0.9753023410087235,0.012348829495638258,-0.5,3.141592653589793,0.0062355104504982495,-0.0062355104504982495,-0.17674816317409814,0.013833841855775946,final,1.5707963267948966,-1.7475444899689947
24.512430999893695,7101.066759335,odom,turning,3,4,,0.012348829495638265,-0.49376448954950175,-2.9648607446445334,-6.579722518022539,-5.736666270545929,1.8450596292155002,1.790633348340768,-0.21339289844036102,-2.946993459107814,2.946993459107814,0.09409411900014675,pixhawk_fused,True,0.8,0.2,gyro,-1.0,0.0,0.0,0.0,-1.55,0.021306243000253744,0.0,0.0,0.117924,-0.117924,,,3,1.4876511705043618,0.48765117050436174,0.9753023410087235,0.012348829495638258,-0.5,3.141592653589793,0.0062355104504982495,-0.0062355104504982495,-0.1767319089452597,0.013833841855775946,final,1.5707963267948966,-1.7475282357401563
24.847546199918725,7101.182763586,odom,turning,3,4,,0.012348829495638265,-0.49376448954950175,-2.9648655110031426,-6.579722518022539,-5.736666270545929,1.845054862856891,1.790633348340768,-0.2134130895137787,-2.946999415401829,2.946999415401829,0.009409389000211377,pixhawk_fused,True,0.8,0.2,gyro,-1.0,0.0,0.0,0.0,-1.55,0.007999282999662682,0.0,0.0,0.117924,-0.117924,,,3,1.4876511705043618,0.48765117050436174,0.9753023410087235,0.012348829495638258,-0.5,3.141592653589793,0.0062355104504982495,-0.0062355104504982495,-0.17672714258665057,0.013833841855775946,final,1.5707963267948966,-1.7475234693815471
24.847635299898684,7101.286785764,odom,turning,3,4,,0.012348829495638265,-0.49376448954950175,-2.9649312085846278,-6.579722518022539,-5.736666270545929,1.8449891652754058,1.790633348340768,-0.21334560215473175,-2.9470815146067117,2.9470815146067117,0.012983673999769962,pixhawk_fused,True,0.8,0.2,gyro,-1.0,0.0,0.0,0.0,-1.55,0.010434525999698963,0.0,0.0,0.117924,-0.117924,,,3,1.4876511705043618,0.48765117050436174,0.9753023410087235,0.012348829495638258,-0.5,3.141592653589793,0.0062355104504982495,-0.0062355104504982495,-0.17666144500516534,0.013833841855775946,final,1.5707963267948966,-1.747457771800062
24.847699699923396,7101.404224695,odom,turning,3,4,,0.012496329998923451,-0.4937462838395546,-2.965333604564691,-6.579690035700642,-5.73681129725074,1.8445867692953426,1.7886190694687205,-0.21334560215473175,-2.9470815146067117,2.9470815146067117,0.13054006400034268,pixhawk_fused,True,0.8,0.2,gyro,-1.0,-0.0051622577011585236,-0.06785301864147186,0.0,-1.55,0.010312585000065155,-4.291534488887194e-11,-0.010324515359401702,0.117924,-0.117924,,,3,1.4875036700010766,0.48750367000107653,0.9750073400021531,0.012496329998923472,-0.5,3.141592653589793,0.0062537161604453995,-0.0062537161604453995,-0.17625904902510214,0.013973805110184203,final,1.5707963267948966,-1.7470553758199987
25.185773699893616,7101.506334559,odom,turning,3,4,,0.013084243421011228,-0.4936760147407565,-2.9689066437861458,-6.579562851398,-5.737389574080017,1.8410137300738878,1.7710714504855496,-0.21327494084835052,-2.947167425109766,2.947167425109766,0.0540572970003268,pixhawk_fused,True,0.8,0.2,gyro,-1.0,0.0,-0.13093750178813934,-0.0028434351552277803,-1.55,0.009515978999843355,0.009961725136041641,-0.009961725136041641,0.11508056484477222,-0.12076743515522778,0.0,0.0,3,1.4869157565789888,0.4869157565789888,0.9738315131579776,0.013084243421011221,-0.5,3.141592653589793,0.006323985259243492,-0.006323985259243492,-0.17268600980364734,0.014532385057498463,final,1.5707963267948966,-1.743482336598544
25.185909799998626,7101.624150646,odom,turning,3,4,,0.013039641393638814,-0.4936808444387915,-2.9827498831123522,-6.57957200134783,-5.737345654320831,1.8271704907476813,1.759505445194082,-0.19824661314487457,-2.9615787097315707,2.9615787097315707,0.0671327090003615,pixhawk_fused,True,0.8,0.2,gyro,-1.0,-0.002483100164681673,-0.2937421202659607,-0.0025819058064371347,-1.55,0.002970264000396128,0.019864800345152617,-0.024831000674515963,0.11534209419356287,-0.12050590580643714,0.004966200329363346,0.11111111594527523,3,1.486960358606361,0.48696035860636117,0.9739207172127223,0.013039641393638834,-0.5,3.141592653589793,0.006319155561208489,-0.006319155561208489,-0.1588427704774409,0.01449013370129658,final,1.5707963267948966,-1.7296390972723374
25.18602959997952,7101.742859577,odom,turning,3,4,,0.013384391216234331,-0.4936621716325101,-3.001218846915706,-6.579519846633797,-5.737686947449502,1.8087015269443274,1.666762413094942,-0.19824661314487457,-2.9615787097315707,2.9615787097315707,0.18525602699992305,pixhawk_fused,True,0.8,0.2,gyro,-1.0,-0.007698588073253632,-1.1130976676940918,0.007753108162432909,-1.55,0.02927019399976416,0.07698588248491287,-0.09238305863142013,0.1256771081624329,-0.11017089183756709,0.015397176146507263,0.09090908902790823,3,1.4866156087837656,0.48661560878376564,0.9732312175675313,0.01338439121623436,-0.5,3.141592653589793,0.006337828367489917,-0.006337828367489917,-0.14037380667408694,0.014809118699131648,final,1.5707963267948966,-1.7111701334689835
25.508179999887943,7101.844982329,odom,turning,3,4,,0.013626880668504947,-0.4936785423299122,-3.0484219959845937,-6.579512526673933,-5.737929878617497,1.7614983778754398,1.5596152469121078,-0.16412577033042908,-2.994005322198144,2.994005322198144,0.09034448799957318,pixhawk_fused,True,0.8,0.2,gyro,-1.0,-0.0026509421877563,-1.1508344411849976,0.0,-1.55,0.03093508900019515,0.0849045420975983,-0.0902064264731109,0.117924,-0.117924,0.0053018843755126,0.030277283135303527,3,1.486373119331495,0.4863731193314951,0.9727462386629901,0.013626880668504926,-0.5,3.141592653589793,0.006321457670087793,-0.006321457670087793,-0.09317065760519938,0.015021741038520988,final,1.5707963267948966,-1.663966984400096
25.50829619995784,7101.964198171,odom,turning,3,4,,0.014413505009108846,-0.4938230803596821,3.06665839732511,-6.579579778805186,-5.738726839247718,1.5933934640055571,1.4106895042887466,0.01584795117378235,3.116363340968514,-3.116363340968514,0.09269912200034014,pixhawk_fused,True,0.8,0.2,gyro,-1.0,-0.01290978491306305,-1.3233039379119873,0.005128555465489626,-1.55,0.010781607999888365,0.08776717868328093,-0.11358674850940703,0.12305255546548963,-0.11279544453451038,0.0258195698261261,0.1282297801990113,3,1.485586494990891,0.4855864949908911,0.9711729899817823,0.014413505009108873,-0.5,3.141592653589793,0.006176919640317913,-0.006176919640317913,0.07493425626468309,0.01568130934872949,final,1.5707963267948966,-1.4958620705302135
25.50838389992714,7102.064394998,odom,turning,3,4,,0.014221884016690556,-0.49375192805325047,2.943466966326389,-6.5795276240911535,-5.738529200331383,1.4702020330068362,1.2740928218316543,0.13586775958538055,2.996466917151833,-2.996466917151833,0.012128086999837251,pixhawk_fused,True,0.8,0.2,gyro,-1.0,0.005163033492863178,-1.4251277446746826,-0.01025557704269886,-1.55,0.009797693000109575,0.11358675230771302,-0.10326068532198666,0.10766842295730114,-0.12817957704269886,0.010326066985726357,0.0476190408270339,3,1.4857781159833094,0.48577811598330944,0.9715562319666189,0.014221884016690556,-0.5,3.141592653589793,0.006248071946749534,-0.006248071946749534,0.19812568726340407,0.015533846530591089,final,1.5707963267948966,-1.3726706395314925
25.83037109998986,7102.166968682,odom,turning,3,4,,0.014265678907179224,-0.49377414062693514,2.8076012507334878,-6.579545466493323,-5.738574950080535,1.3343363174139349,1.1260825895546112,0.2683658301830292,2.863579225057984,-2.863579225057984,0.013215296000453236,pixhawk_fused,True,0.8,0.2,gyro,-1.0,-0.005129576660692692,-1.4833165407180786,-0.010326072573661804,-1.55,0.004126692999307124,0.10772114575713872,-0.1179802990785241,0.1075979274263382,-0.1282500725736618,0.010259153321385384,0.04545453100158598,3,1.4857343210928207,0.4857343210928208,0.9714686421856416,0.014265678907179224,-0.5,3.141592653589793,0.006225859373064857,-0.006225859373064857,0.33399140285630535,0.015565054436651283,final,1.5707963267948966,-1.2368049239385912
25.83054169989191,7102.285402158,odom,turning,3,4,,0.014479461361988945,-0.49390538119499744,2.538892629615121,-6.579655265891287,-5.738800496343853,1.0656276962955682,0.9494162732646402,0.5569280385971069,2.5721512097066883,-2.5721512097066883,0.0048421159999634256,pixhawk_fused,True,0.8,0.2,gyro,-1.0,0.005163033492863178,-1.4251277446746826,-0.002652582013979554,-1.55,0.010135479999917152,0.11358675230771302,-0.10326068532198666,0.11527141798602045,-0.12057658201397956,0.010326066985726357,0.0476190408270339,3,1.485520538638011,0.48552053863801103,0.9710410772760221,0.014479461361988966,-0.5,3.141592653589793,0.006094618805002561,-0.006094618805002561,0.602700023974672,0.015709843401880922,final,1.5707963267948966,-0.9680963028202245
25.830642299959436,7102.385930754,odom,turning,3,4,,0.014613824299080397,-0.4940449400856405,2.5097540606753572,-6.579781077701454,-5.738947810536121,1.0364891273558043,0.8019552848462987,0.5569280385971069,2.5721512097066883,-2.5721512097066883,0.1056184460003351,pixhawk_fused,True,0.8,0.2,gyro,-1.0,-0.008006037212908268,-1.5083227157592773,0.0025665792636573315,-1.55,0.011196651000318525,0.10674715500205754,-0.12275922942787408,0.12049057926365733,-0.11535742073634267,0.016012074425816536,0.06976744662501982,3,1.4853861757009197,0.4853861757009196,0.9707723514018392,0.014613824299080425,-0.5,3.141592653589793,0.005955059914359517,-0.005955059914359517,0.6318385929144359,0.01578057664434365,final,1.5707963267948966,-0.9389577338804607
26.168417899985798,7102.503354722,odom,turning,3,4,,0.014677306183621716,-0.494119643900971,2.362411345997419,-6.579849244827689,-5.739018265149815,0.8891464126778661,0.6202231144099908,0.6978077292442322,2.4331506971067434,-2.4331506971067434,0.04580365099991468,pixhawk_fused,True,0.8,0.2,gyro,-1.0,0.0,-1.5103867053985596,-0.002563382498919964,-1.55,0.013432382999781112,0.11491022054672241,-0.11491022054672241,0.11536061750108004,-0.12048738249891996,0.0,0.0,3,1.4853226938163782,0.48532269381637827,0.9706453876327565,0.01467730618362173,-0.5,3.141592653589793,0.005880356099028983,-0.005880356099028983,0.7791813075923741,0.015811448531338538,final,1.5707963267948966,-0.7916150192025224
26.168533099931665,7102.62320936,odom,turning,3,4,,0.014706376108434532,-0.49421718266659587,2.091372827993675,-6.579943489310942,-5.7390566949391015,0.6181078946741223,0.43217382333717486,0.9907902479171753,2.141872455353165,-2.141872455353165,0.05594935300086945,pixhawk_fused,True,0.8,0.2,gyro,-1.0,-0.002566451206803322,-1.5197166204452515,0.00500095309689641,-1.1584904210002682,0.010942584999611427,0.1130535892766714,-0.11818649169027805,0.09313890432659681,-0.083136998132804,0.005132902413606644,0.022197286872340596,3,1.4852936238915655,0.4852936238915655,0.970587247783131,0.014706376108434505,-0.5,3.141592653589793,0.005782817333404133,-0.005782817333404133,1.050219825596118,0.015802483176838168,final,1.5707963267948966,-0.5205765011987786
26.168631699983962,7102.72478798,odom,turning,3,4,,0.014720050876269805,-0.49420427048598303,2.063863655964564,-6.579929306888705,-5.739069047371372,0.5905987226450111,0.29145727828014534,0.9907902479171753,2.141872455353165,-2.141872455353165,0.15703741400011495,pixhawk_fused,True,0.8,0.2,gyro,-1.0,0.00718653853982687,-1.2905484437942505,-0.002572098281234503,-1.0968462834452506,0.014233951999813144,0.10537146414369344,-0.0909983870640397,0.08087596696328016,-0.08602016352574916,0.01437307707965374,0.07319390930560384,3,1.48527994912373,0.4852799491237302,0.9705598982474604,0.014720050876269819,-0.5,3.141592653589793,0.005795729514016967,-0.005795729514016967,1.0777289976252291,0.015819936106053614,final,1.5707963267948966,-0.49306732916966745
26.506159299984574,7102.841705742,odom,turning,3,4,,0.014727417926998707,-0.49434979115086974,1.8125822840852508,-6.580073418598532,-5.739090549753474,0.3393173507656979,0.16148291420722646,1.2655572891235352,1.8610883701986318,-1.8610883701986318,0.07493760899978952,pixhawk_fused,True,0.8,0.2,gyro,-1.0,-0.012844431214034557,-1.0467334985733032,-0.007755443919450045,-0.5410411160716904,0.008837740000672056,0.06679105335742234,-0.09247991578549146,0.03340696419128415,-0.04891785203018424,0.025688862428069115,0.16129030021170088,3,1.4852725820730013,0.4852725820730013,0.9705451641460026,0.01472741792699872,-0.5,3.141592653589793,0.005650208849130256,-0.005650208849130256,1.3290103695045423,0.01577408313770638,final,1.5707963267948966,-0.24178595729035424
26.506256399909034,7102.942247078,odom,turning,3,4,,0.014721773243372496,-0.4942007615487853,1.7147976284231938,-6.579925646908773,-5.739070419863848,0.24153269510364095,0.0917197224712852,1.3683745861053467,1.7563866056150441,-1.7563866056150441,0.06747817999985273,pixhawk_fused,True,0.8,0.2,gyro,-1.0,0.004994641989469528,-0.39389920234680176,0.007715518120676279,-0.3204124529203431,0.011226706000343256,0.0349624933040142,-0.024973209325075147,0.03209249753885598,-0.01666146129750342,0.009989283978939053,0.16666667012744474,3,1.4852782267566276,0.4852782267566275,0.970556453513255,0.014721773243372482,-0.5,3.141592653589793,0.005799238451214717,-0.005799238451214717,1.4267950251665993,0.01582282446478269,final,1.5707963267948966,-0.14400130162829727
26.506319499923848,7103.06272916,odom,turning,3,4,,0.014708038824651277,-0.4945478567744102,1.6564761031533373,-6.580272430007342,-5.739090549753474,0.18321116983378438,0.061415767332942364,1.4311659336090088,1.6911214141196256,-1.6911214141196256,0.009829673000240291,pixhawk_fused,True,0.8,0.2,gyro,-1.0,-0.010256216861307621,-0.33703842759132385,0.007744552101939917,-0.306535507322812,0.00248888900023303,0.015385666709840297,-0.03589810043245554,0.03106577349905945,-0.015576669295179618,0.020512433722615242,0.39997907458123905,3,1.4852919611753488,0.48529196117534873,0.9705839223506975,0.01470803882465127,-0.5,3.141592653589793,0.0054521432255897895,-0.0054521432255897895,1.4851165504364559,0.015686053417599786,final,1.5707963267948966,-0.0856797763584407
26.829983499948867,7103.185694243,odom,turning,3,4,,0.014731055961070223,-0.4940072242616421,1.6369544299858219,-6.579732125469861,-5.739060812416525,0.16368949666626897,0.041731931234503306,1.450673222541809,1.6716399995631224,-1.6716399995631224,0.004121249000490934,pixhawk_fused,True,0.8,0.2,gyro,-1.0,0.00513111287727952,-0.06744364649057388,-0.004483101889491081,-0.25,0.032982992000142985,0.01026222550228238,2.522766596319004e-10,0.014536898110508917,-0.02350310188949108,,,3,1.4852689440389297,0.4852689440389298,0.9705378880778596,0.014731055961070216,-0.5,3.141592653589793,0.005992775738357881,-0.005992775738357881,1.5046382236039713,0.015903376081148096,final,1.5707963267948966,-0.0661581031909253
26.830127499997616,7103.28622969,odom,turning,3,4,,0.014721630427043567,-0.4941552390482012,1.6191673432073368,-6.579880354657113,-5.739065844888932,0.1459024098877839,0.027571773293119044,1.476855754852295,1.6529523129484303,-1.6529523129484303,0.03327272400019865,pixhawk_fused,True,0.8,0.2,gyro,-1.0,-0.0025653005577623844,-0.16857214272022247,0.0,-0.25,0.03186526599984063,0.01025966806039214,-0.01539026917591691,0.01902,-0.01902,0.005130601115524769,0.2000239247471565,3,1.4852783695729563,0.48527836957295645,0.9705567391459129,0.014721630427043553,-0.5,3.141592653589793,0.005844760951798811,-0.005844760951798811,1.5224253103824563,0.015839432850141038,final,1.5707963267948966,-0.04837101641244024
26.830220999894664,7103.386236987,odom,turning,3,4,,0.014710838923199694,-0.49430312018577766,1.6141954113835926,-6.5800285838443635,-5.739069504868865,0.1409304780640397,0.018782710913364878,1.4810034036636353,1.6489281995317584,-1.6489281995317584,0.032243642999674194,pixhawk_fused,True,0.8,0.2,gyro,-1.0,0.0,0.0,0.0025645336136221886,-0.25,0.029945803000373417,0.0,0.0,0.021584533613622187,-0.01645546638637781,,,3,1.4852891610768002,0.4852891610768003,0.9705783221536006,0.014710838923199687,-0.5,3.141592653589793,0.005696879814222344,-0.005696879814222344,1.5273972422062005,0.015775399248260602,final,1.5707963267948966,-0.04339908458869601
27.14613239991013,7103.487503672,odom,turning,3,4,,0.014706938206403085,-0.49435238419853006,1.602108272909815,-6.580077993573448,-5.739070419863848,0.12884333959026217,0.019454096449579066,1.4949601888656616,1.6336714788268005,-1.6336714788268005,0.01360335900062637,pixhawk_fused,True,0.8,0.2,gyro,-1.0,0.0,0.0,0.0,0.0,0.010934769999948912,0.0,0.0,0.0,0.0,,,3,1.4852930617935969,0.48529306179359694,0.9705861235871939,0.014706938206403064,-0.5,3.141592653589793,0.005647615801469941,-0.005647615801469941,1.539484380679978,0.015754034265799088,final,1.5707963267948966,-0.0313119461149185
27.14626439998392,7103.602339235,odom,turning,3,4,,0.014706938206403085,-0.49435238419853006,1.6025462080424053,-6.580077993573448,-5.739070419863848,0.12928127472285245,0.019454096449579066,1.4949489831924438,1.634218281449998,-1.634218281449998,0.02897023999958037,pixhawk_fused,True,0.8,0.2,gyro,-1.0,0.0,0.0,0.0,0.0,0.022078164000049583,0.0,0.0,0.0,0.0,,,3,1.4852930617935969,0.48529306179359694,0.9705861235871939,0.014706938206403064,-0.5,3.141592653589793,0.005647615801469941,-0.005647615801469941,1.5390464455473878,0.015754034265799088,final,1.5707963267948966,-0.03174988124750877
27.146356799989007,,mission_status,reached,3,4,reached waypoint 3/4,0.014706938206403085,-0.49435238419853006,1.6025462080424053,,,,,,,,,,,,,,,,,,,,,,,,,,,,,,,,,,,,,,,
27.146387899992988,,mission_status,navigating,4,4,going to waypoint 4/4,0.014706938206403085,-0.49435238419853006,1.6025462080424053,,,,,,,,,,,,,,,,,,,,,,,,,,,,,,,,,,,,,,,
27.14642099989578,7103.704371527,odom,navigating,4,4,,0.014706938206403085,-0.49435238419853006,1.6024756762531154,-6.580077993573448,-5.739070419863848,0.1292107429335625,0.019454096449579066,1.4949995279312134,1.6341302163032965,-1.6341302163032965,0.01051393099987763,pixhawk_fused,True,0.8,0.2,gyro,-1.0,0.0,0.0,0.24,-0.009641968837944293,0.04469542500009993,0.0,0.0,0.2407335609891908,0.23926643901080918,,,4,1.50564761580147,0.005647615801469941,0.011295231602939881,0.0,-0.49435238419853006,1.5707963267948966,0.014706938206403085,-0.014706938206403085,-0.03167934945821882,0.49457110084817735,,,
27.509022799902596,7103.826338251,odom,navigating,4,4,,0.014710838923199694,-0.49430312018577766,1.6023184129794106,-6.5800285838443635,-5.739069504868865,0.1290534796598577,0.018782710913364878,1.4950008392333984,1.6341007547257618,-1.6341007547257618,0.05118562300049234,pixhawk_fused,True,0.8,0.2,gyro,-1.0,0.0,0.0,0.24,-0.008404346980041352,0.014098732999627828,0.0,0.0,0.24063940271824152,0.23936059728175846,,,4,1.5056968798142223,0.005696879814222344,0.011393759628444688,0.0,-0.49430312018577766,1.5707963267948966,0.014710838923199694,-0.014710838923199694,-0.03152208618451402,0.4945219746454344,,,
27.509139199974015,7103.945822825,odom,navigating,4,4,,0.014804997943192531,-0.49296960148359886,1.6062335805305703,-6.578692233671645,-5.739033362567034,0.13296864721101742,0.03843602964515787,1.4950008392333984,1.6341007547257618,-1.6341007547257618,0.17134549200000038,pixhawk_fused,True,0.8,0.2,gyro,-1.0,0.009930962696671486,0.1305331587791443,0.24,-0.014716462111153489,0.03381926299971383,-2.3245811525685056e-11,0.019861925416588783,0.24111962843741655,0.23888037156258343,0.019861925393342972,0.999999997659259,4,1.507030398516401,0.007030398516401137,0.014060797032802275,0.0,-0.49296960148359886,1.5707963267948966,0.014804997943192531,-0.014804997943192531,-0.035437253735673746,0.4931918652522527,,,
27.509233899996616,7104.064462962,odom,navigating,4,4,,0.014937422642160171,-0.4898167275858418,1.6146938253395515,-6.575541448447572,-5.738858141027784,0.14142889201999864,0.08030615001543011,1.4948630332946777,1.6342326041632482,-1.6342326041632482,0.11353615700045339,pixhawk_fused,True,0.8,0.2,gyro,-1.0,0.041316717863082886,0.5430693626403809,0.24,-0.03052644224141972,0.004160747999776504,7.534027152145129e-10,0.08263343497276306,0.2423224517257272,0.2376775482742728,0.08263343421936034,1.0000000182348154,4,1.5101832724141582,0.010183272414158173,0.020366544828316346,0.0,-0.4898167275858418,1.5707963267948966,0.014937422642160171,-0.014937422642160171,-0.04389749854465497,0.49004444004405695,,,
27.845246999990195,7104.165121054,odom,navigating,4,4,,0.014837414717862402,-0.4825136265457107,1.6612224323210696,-6.568282793247175,-5.738047455472817,0.1879574990015167,0.14250097034654038,1.4479542970657349,1.676849908309538,-1.676849908309538,0.09134086599988223,pixhawk_fused,True,0.8,0.2,gyro,-1.0,0.09809921681880951,0.47502219676971436,0.24,-0.24786788666318338,0.004299651000110316,0.061959528088569644,0.13423890554904938,0.258857788817335,0.221142211182665,0.07227937746047974,2.7144455380083294,4,1.5174863734542892,0.017486373454289272,0.034972746908578545,0.0,-0.4825136265457107,1.5707963267948966,0.014837414717862402,-0.014837414717862402,-0.09042610552617303,0.48274169975029446,,,
27.845387099892832,7104.285307385,odom,navigating,4,4,,0.01382582875983334,-0.467252037301612,1.7391636161579884,-6.553192238489509,-5.7355545516415445,0.26589868283843554,0.18034276076113656,1.3589071035385132,1.7647951502376387,-1.7647951502376387,0.030270146000475506,pixhawk_fused,True,0.8,0.2,gyro,-1.0,0.15386433899402618,0.20224016904830933,0.24,-0.31069760504736843,0.024970912999378925,0.13847790693283082,0.16925077105522154,0.26363787379200376,0.2163621262079962,0.03077286412239072,10.000001194693636,4,1.532747962698388,0.03274796269838798,0.06549592539677596,0.0,-0.467252037301612,1.5707963267948966,0.01382582875983334,-0.01382582875983334,-0.16836728936309187,0.4674565433314666,,,
27.84548769996036,7104.40175342,odom,navigating,4,4,,0.012109820121550277,-0.44766532955999117,1.7621928143738745,-6.533865714457894,-5.7319394064635825,0.28892788105432166,0.18711767382457092,1.339518427848816,1.7918711657473037,-1.7918711657473037,0.04238756700033264,pixhawk_fused,True,0.8,0.2,gyro,-1.0,0.18844610452651978,-0.03399292379617691,0.23605412478710502,-0.6666666666666666,0.044302640000751126,0.19103228616893292,0.18585992288410663,0.286774124787105,0.18533412478710504,,,4,1.552334670440009,0.052334670440008835,0.10466934088001767,0.0,-0.44766532955999117,1.5707963267948966,0.012109820121550277,-0.012109820121550277,-0.19139648757897798,0.4478290913210438,,,
28.17115179996472,7104.522390108,odom,navigating,4,4,,0.010530447866382221,-0.4271519406921499,1.7487297755464053,-6.513603608056129,-5.728370011034773,0.2754648422268524,0.14860449044362803,1.3484505414962769,1.784632153029103,-1.784632153029103,0.04722394300006272,pixhawk_fused,True,0.8,0.2,gyro,-1.0,0.16468828916549683,-0.5411681532859802,0.1964335628551662,-0.6666666666666666,0.014137879999907454,0.2058603622674942,0.12351621606349945,0.24715356285516618,0.1457135628551662,0.08234414620399476,3.999999921245339,4,1.5728480593078502,0.0728480593078501,0.1456961186157002,0.0,-0.4271519406921499,1.5707963267948966,0.010530447866382221,-0.010530447866382221,-0.17793344875150874,0.4272817229525931,,,
28.171285999938846,7104.624471677,odom,navigating,4,4,,0.010002799217775298,-0.4111162488586664,1.7390371966522062,-6.497695505281125,-5.726283364975966,0.26577226333265336,0.09974584707150956,1.3484505414962769,1.784632153029103,-1.784632153029103,0.14923427200028527,pixhawk_fused,True,0.8,0.2,gyro,-1.0,0.1732676476240158,-0.4679167568683624,0.20486286169943568,-0.6666666666666667,0.015258403000188991,0.20886675448656083,0.13766854076147078,0.25558286169943567,0.1541428616994357,0.07119821372509005,4.867190862204366,4,1.5888837511413336,0.08888375114133362,0.17776750228266724,0.0,-0.4111162488586664,1.5707963267948966,0.010002799217775298,-0.010002799217775298,-0.16824086985730968,0.4112379190539365,,,
28.171375199919567,7104.725811212,odom,navigating,4,4,,0.01038880759178374,-0.39412877095706794,1.6421123894409062,-6.480751170687835,-5.725013351939517,0.16884745612135332,0.04026708540687913,1.4536457061767578,1.6784414855488727,-1.6784414855488727,0.027321918000779988,pixhawk_fused,True,0.8,0.2,gyro,-1.0,0.1917075365781784,-0.5563228130340576,0.24,-0.5878969200038984,0.013498584999979357,0.23403257619380952,0.1493824969625473,0.2847271976738966,0.1952728023261034,0.08465007923126222,4.529411863973276,4,1.605871229042932,0.10587122904293206,0.21174245808586412,0.0,-0.39412877095706794,1.5707963267948966,0.01038880759178374,-0.01038880759178374,-0.07131606264600965,0.39426566604170343,,,
28.50542179995682,7104.845208511,odom,navigating,4,4,,0.012409176926612447,-0.3704537774645319,1.6315582894993055,-6.4569919534609195,-5.7247187235549815,0.1582933561797526,-0.012955570860572457,1.4536457061767578,1.6784414855488727,-1.6784414855488727,0.14618588100074703,pixhawk_fused,True,0.8,0.2,gyro,-1.0,0.24087956547737122,-0.26937994360923767,0.24,-0.17871027565982195,0.03326966900021944,0.261373991587162,0.22038513936758042,0.25359627777219923,0.22640372222780075,0.040988852219581595,11.753418426403062,4,1.6295462225354682,0.1295462225354681,0.2590924450709362,0.0,-0.3704537774645319,1.5707963267948966,0.012409176926612447,-0.012409176926612447,-0.06076196270440892,0.3706615557482822,,,
28.505626300000586,7104.961560456,odom,navigating,4,4,,0.015538442124150433,-0.3443107622390844,1.5511768922694031,-6.4306684627940545,-5.725287392936936,0.07791195894985026,-0.02851953476845007,1.5453169345855713,1.582004695529599,-1.582004695529599,0.0064636060005796026,pixhawk_fused,True,0.8,0.2,gyro,-1.0,0.22454695403575897,-0.10177445411682129,0.24,0.14234529582371297,0.003810535999946296,0.23228995450496673,0.21680395356655122,0.2291703698937319,0.2508296301062681,,,4,1.6556892377609156,0.1556892377609156,0.3113784755218312,0.0,-0.3443107622390844,1.5707963267948966,0.015538442124150433,-0.015538442124150433,0.019619434525493418,0.3446612020191784,,,
28.50571719999425,7105.06190452,odom,navigating,4,4,,0.018320243515373213,-0.3221136780784948,1.5529216356169258,-6.408305985408738,-5.725894492108178,0.07965670229737287,-0.019760989712108715,1.5453169345855713,1.582004695529599,-1.582004695529599,0.1065994540003885,pixhawk_fused,True,0.8,0.2,gyro,-1.0,0.22886142134666443,0.19030611217021942,0.24,0.44557096486170356,0.003990104999502364,0.21438293233275413,0.24333991036057473,0.2061009609933216,0.2738990390066784,0.0289569780278206,15.806996236056435,4,1.6778863219215052,0.17788632192150522,0.35577264384301044,0.0,-0.3221136780784948,1.5707963267948966,0.018320243515373213,-0.018320243515373213,0.017874691177970803,0.3226342401663511,,,
28.830287299933843,7105.182254161,odom,navigating,4,4,,0.021056542627514253,-0.2941753093753999,1.5667908482028834,-6.3802339393292975,-5.725897237093127,0.09352591488333051,0.03092870652941717,1.5395456552505493,1.586697582470734,-1.586697582470734,0.11273036600050546,pixhawk_fused,True,0.8,0.2,gyro,-1.0,0.2461533099412918,0.5393205881118774,0.24,0.5026086345144204,0.02439594799943734,0.20512179959774018,0.28718482028484343,0.2017615350861429,0.27823846491385706,0.08206302068710325,5.9991286667315284,4,1.7058246906246002,0.20582469062460013,0.41164938124920025,0.0,-0.2941753093753999,1.5707963267948966,0.021056542627514253,-0.021056542627514253,0.0040054785920131675,0.29492794142559053,,,
28.830390799907036,7105.285235944,odom,navigating,4,4,,0.022165983677458565,-0.27070538553508555,1.644731164039724,-6.356767520496952,-5.724715978570032,0.1714662307201711,0.08232030448829852,1.4603345394134521,1.6712569895559142,-1.6712569895559142,0.011943962999794167,pixhawk_fused,True,0.8,0.2,gyro,-1.0,0.241095170378685,0.5393221974372864,0.23217463326876872,0.4922285939608873,0.024947857999904954,0.20006353759765624,0.2821268031597137,0.1947258818402244,0.269623384697313,0.08206326556205748,5.87583661769748,4,1.7292946144649144,0.22929461446491445,0.4585892289298289,0.0,-0.27070538553508555,1.5707963267948966,0.022165983677458565,-0.022165983677458565,-0.07393483724482741,0.27161137050957324,,,
28.83045319991652,7105.385634747,odom,navigating,4,4,,0.022078668019223407,-0.24799866004017446,1.6893962489057397,-6.33417720936086,-5.722417968670146,0.2161313155861868,0.1296225583653069,1.4169379472732544,1.715265165525038,-1.715265165525038,0.014409649999834073,pixhawk_fused,True,0.8,0.2,gyro,-1.0,0.24103012681007385,0.47184672951698303,0.21004091606583336,0.25959819165189174,0.025340291000247817,0.20513202762842178,0.2769282259917259,0.19029068564495744,0.22979114648670929,0.07179619836330411,6.71428661418561,4,1.7520013399598255,0.25200133995982554,0.5040026799196511,0.0,-0.24799866004017446,1.5707963267948966,0.022078668019223407,-0.022078668019223407,-0.11859992211084314,0.24897952318057223,,,
29.14571749989409,7105.485765466,odom,navigating,4,4,,0.021104402749407173,-0.22708893099109922,1.695340740457234,-6.313461722945002,-5.7194122101508835,0.22207580713768116,0.15940770524102907,1.4169379472732544,1.715265165525038,-1.715265165525038,0.1145976999996492,pixhawk_fused,True,0.8,0.2,gyro,-1.0,0.20579634606838226,0.15027771890163422,0.18896634887180475,0.16402140349869987,0.025500490000013087,0.19436321721434593,0.2172294749224186,0.17648760049362366,0.20144509724998583,0.022866257708072657,18.000002334945112,4,1.7729110690089007,0.2729110690089008,0.5458221380178016,0.0,-0.22708893099109922,1.5707963267948966,0.021104402749407173,-0.021104402749407173,-0.12454441366233748,0.22806748649048905,,,
29.145854499889538,7105.60148154,odom,navigating,4,4,,0.01962544288657613,-0.20475996906515562,1.7275127291286514,-6.291382894004426,-5.715765955143499,0.2542477958090985,0.1682272992286517,1.3800712823867798,1.7532600062661954,-1.7532600062661954,0.050270705000002636,pixhawk_fused,True,0.8,0.2,gyro,-1.0,0.19360408186912537,0.03392983227968216,0.17919491461148213,0.168752454893507,0.04421093900054984,0.19102270022928713,0.1961854635089636,0.1663562278431841,0.19203360137978015,,,4,1.7952400309348444,0.2952400309348444,0.5904800618696888,0.0,-0.2047599690651556,1.5707963267948966,0.01962544288657613,-0.01962544288657613,-0.15671640233375483,0.2056983299398849,,,
29.145939599955454,7105.702317312,odom,navigating,4,4,,0.018343157276103646,-0.18757156830160307,1.7387061788013756,-6.274401044616832,-5.712816011318202,0.2654412454818227,0.1750021975582251,1.3696991205215454,1.7655540632777997,-1.7655540632777997,0.03449557699968864,pixhawk_fused,True,0.8,0.2,gyro,-1.0,0.17736570537090302,0.032778702676296234,0.16171586346603037,0.021697562071933893,0.044233735000489105,0.1748719016712904,0.17985950907051562,0.16006511294359763,0.1633666139884631,,,4,1.812428431698397,0.31242843169839696,0.6248568633967939,0.0,-0.18757156830160304,1.5707963267948966,0.018343157276103646,-0.018343157276103646,-0.167909852006479,0.188466348863607,,,
29.489799099974334,7105.82096493,odom,navigating,4,4,,0.0169655237767769,-0.16956295931501028,1.746401606220479,-6.256612169654204,-5.709691303451145,0.27313667290092614,0.17164525365994718,1.358659267425537,1.77600064646687,-1.77600064646687,0.11400729100023455,pixhawk_fused,True,0.8,0.2,gyro,-1.0,0.1440950632095337,-0.06764264404773712,0.13853916856681192,-0.07042300164229895,0.012890547000097285,0.14924131556868553,0.13894881085038185,0.14389695053175802,0.13318138660186582,,,4,1.8304370406849897,0.3304370406849897,0.6608740813699794,0.0,-0.1695629593150103,1.5707963267948966,0.0169655237767769,-0.0169655237767769,-0.17560527942558246,0.17040958355880167,,,
29.489911099895835,7105.925147844,odom,navigating,4,4,,0.01603024325451103,-0.1562652429204756,1.7463511877269324,-6.243468724220432,-5.707465578154919,0.27308625440737955,0.16218480455921702,1.3580436706542969,1.7782902963091771,-1.7782902963091771,0.06701761899967096,pixhawk_fused,True,0.8,0.2,gyro,-1.0,0.13437116146087646,-0.07060126960277557,0.13179312267346707,-0.0788499657692673,0.011625879999883182,0.13974250605225563,0.1289998168694973,0.13779202806919294,0.1257942172777412,,,4,1.8437347570795244,0.3437347570795244,0.6874695141590488,0.0,-0.1562652429204756,1.5707963267948966,0.01603024325451103,-0.01603024325451103,-0.17555486093203587,0.1570853107193478,,,
29.49000469991006,7106.044736267,odom,navigating,4,4,,0.015167268904001566,-0.1411432276366802,1.728940124352604,-6.22850260878046,-5.705134170938151,0.25567519103305103,0.14390478867116158,1.3767738342285156,1.7610952093717793,-1.7610952093717793,0.07957493499998236,pixhawk_fused,True,0.8,0.2,gyro,-1.0,0.12306693941354752,-0.20219987630844116,0.11955964525580656,-0.04519364271859951,0.03355671600002097,0.13845030600309371,0.10768357282400132,0.12299797759383761,0.11612131291777551,0.030766733179092398,8.000000435351902,4,1.8588567723633198,0.3588567723633198,0.7177135447266396,0.0,-0.1411432276366802,1.5707963267948966,0.015167268904001566,-0.015167268904001566,-0.15814379755770736,0.14195582676912566,,,
29.81195579993073,7106.144934724,odom,navigating,4,4,,0.01468113742829452,-0.1296445230349524,1.7149863285766693,-6.2171058887692965,-5.703530642230387,0.24172139525711644,0.13243017762692874,1.3912588357925415,1.7465251653907041,-1.7465251653907041,0.06886791699980677,pixhawk_fused,True,0.8,0.2,gyro,-1.0,0.10346440970897675,-0.17438608407974243,0.1135646614152995,-0.04212470164147278,0.03297215899965522,0.11673170298576355,0.09019711643218994,0.11676950871618275,0.11035981411441625,0.026534586553573603,7.7984565163720205,4,1.8703554769650474,0.37035547696504756,0.7407109539300951,0.0,-0.12964452303495244,1.5707963267948966,0.01468113742829452,-0.01468113742829452,-0.14419000178177277,0.13047313190518872,,,
29.812044499907643,7106.262653555,odom,navigating,4,4,,0.014287821952694886,-0.11660990820675698,1.712836155518804,-6.204171519689148,-5.701869926336182,0.2395712221992512,0.12162695143224274,1.3912588357925415,1.7465251653907041,-1.7465251653907041,0.18754434899983607,pixhawk_fused,True,0.8,0.2,gyro,-1.0,0.11357535421848297,-0.06785641610622406,0.09752407089207028,-0.009064505574081779,0.004483998000068823,0.1187378703558445,0.10841283808112144,0.09821369847614643,0.09683444330799414,,,4,1.8833900917932431,0.383390091793243,0.766780183586486,0.0,-0.11660990820675698,1.5707963267948966,0.014287821952694886,-0.014287821952694886,-0.14203982872390752,0.11748196690616054,,,
29.81210139999166,7106.366521107,odom,navigating,4,4,,0.014115003841941701,-0.10663536587593868,1.6900215803567458,-6.194261209027922,-5.700726640104883,0.21675664703719288,0.10542211212997843,1.4155653715133667,1.7220683338386158,-1.7220683338386158,0.10064948099989124,pixhawk_fused,True,0.8,0.2,gyro,-1.0,0.10069704800844193,-0.10184596478939056,0.08758690930984939,0.033842989560529155,0.0061982249999346095,0.10844548900961876,0.0929486070072651,0.08501213466408433,0.09016168395561444,,,4,1.8933646341240613,0.3933646341240613,0.7867292682481226,0.0,-0.10663536587593869,1.5707963267948966,0.014115003841941701,-0.014115003841941701,-0.11922525356184921,0.10756548976764498,,,
30.169196999981068,7106.485703672,odom,navigating,4,4,,0.014132005115414908,-0.09642151416636892,1.6748767934140798,-6.184094242273955,-5.699748967965513,0.20161186009452692,0.0844260221006315,1.4314790964126587,1.708377422918115,-1.708377422918115,0.11102898999979516,pixhawk_fused,True,0.8,0.2,gyro,-1.0,0.07949657738208771,-0.16853345930576324,0.08319301403528578,0.05609962922894055,0.025640282000495063,0.09231860296607017,0.06667455179810525,0.07892495424354799,0.08746107382702357,0.02564405116796492,6.2000014632162666,4,1.903578485833631,0.4035784858336311,0.8071569716672622,0.0,-0.0964215141663689,1.5707963267948966,0.014132005115414908,-0.014132005115414908,-0.10408046661918324,0.09745163909713062,,,
30.16932799993083,7106.604301773,odom,navigating,4,4,,0.014287272585360332,-0.08708723173656199,1.6593081047039138,-6.174789200794005,-5.698994554602002,0.18604317138436088,0.07697973306199817,1.4488239288330078,1.690790314723287,-1.690790314723287,0.05062821299998177,pixhawk_fused,True,0.8,0.2,gyro,-1.0,0.082587830722332,0.0,0.07554024970480223,0.07539399548989623,0.043777489000603964,0.082587830722332,0.082587830722332,0.06980427452793093,0.08127622488167353,,,4,1.9129127682634381,0.41291276826343803,0.8258255365268761,0.0,-0.08708723173656197,1.5707963267948966,0.014287272585360332,-0.014287272585360332,-0.08851177790901721,0.08825141409329393,,,
30.16941859992221,7106.725115642,odom,navigating,4,4,,0.014480099908143838,-0.07835099317716603,1.6508108196868854,-6.166075703570586,-5.698335758214219,0.17754588636733248,0.0749655741915348,1.4580198526382446,1.680680755127702,-1.680680755127702,0.05333809600051609,pixhawk_fused,True,0.8,0.2,gyro,-1.0,0.06691131740808487,0.0,0.06812140649516463,0.12965556341185838,0.012745901999551279,0.06691131740808487,0.06691131740808487,0.058257211230790445,0.07798560175953881,,,4,1.921649006822834,0.42164900682283396,0.8432980136456679,0.0,-0.07835099317716604,1.5707963267948966,0.014480099908143838,-0.014480099908143838,-0.08001449289198881,0.07967779756744123,,,
30.485682099941187,7106.825228287,odom,navigating,4,4,,0.014609133873998668,-0.07237625883913183,1.6478422964647164,-6.160116798743585,-5.697882378200126,0.17457736314516348,0.08106908503889049,1.4645452499389648,1.675454446595643,-1.675454446595643,0.0683237849998477,pixhawk_fused,True,0.8,0.2,gyro,-1.0,0.06123669818043709,0.17497798800468445,0.05817051791148886,0.1713122466902728,0.013517084000341129,0.0479243728530407,0.07454902350783348,0.045137082183292904,0.07120395363968482,0.026624650654792775,4.6000001257792045,4,1.927623741160868,0.42762374116086815,0.8552474823217363,0.0,-0.07237625883913185,1.5707963267948966,0.014609133873998668,-0.014609133873998668,-0.0770459696698198,0.07383596438117013,,,
30.485777299967594,7106.926399826,odom,navigating,4,4,,0.01468374583001232,-0.06709399716892148,1.6559022374588583,-6.154852375108708,-5.6974422656132875,0.18263730413930546,0.08714208109191555,1.4552847146987915,1.684009044985302,-1.684009044985302,0.054976213999907486,pixhawk_fused,True,0.8,0.2,gyro,-1.0,0.056610312312841415,0.06766293197870255,0.05,0.1754301810451926,0.014464814999882947,0.05146251644790173,0.0617581081777811,0.03665327182608175,0.06334672817391826,,,4,1.9329060028310785,0.4329060028310785,0.865812005662157,0.0,-0.0670939971689215,1.5707963267948966,0.01468374583001232,-0.01468374583001232,-0.08510591066396178,0.06868199798858247,,,
30.4858315999154,7107.041990423,odom,navigating,4,4,,0.014699218190533365,-0.06161747951468583,1.6667655320023682,-6.149400377502308,-5.696924378452891,0.19350059868281533,0.10533055622422632,1.446015477180481,1.6930482852338034,-1.6930482852338034,0.07317065999995975,pixhawk_fused,True,0.8,0.2,gyro,-1.0,0.04615010321140289,0.13479991257190704,0.05,0.20407531623258457,0.03417080899998837,0.03589452586293221,0.05640568055987358,0.03447394994102497,0.06552605005897504,0.02051115469694137,4.500000501510995,4,1.9383825204853142,0.4383825204853142,0.8767650409706284,0.0,-0.061617479514685825,1.5707963267948966,0.014699218190533365,-0.014699218190533365,-0.09596920520747165,0.06334651369377509,,,
30.81130179995671,7107.145393749,odom,navigating,4,4,,0.01464162584268723,-0.05677966641613103,1.6686464767535483,-6.144591163871489,-5.69639596885019,0.19538154343399539,0.11476049419421155,1.446015477180481,1.6930482852338034,-1.6930482852338034,0.17498740300015925,pixhawk_fused,True,0.8,0.2,gyro,-1.0,0.051270224153995514,0.13477976620197296,0.05,0.22564397491208435,0.033654415999990306,0.04101617954134941,0.06152426876664162,0.03283300638868863,0.06716699361131137,0.02050808922529221,5.000000106374123,4,1.943220333583869,0.443220333583869,0.886440667167738,0.0,-0.056779666416131025,1.5707963267948966,0.01464162584268723,-0.01464162584268723,-0.09785014995865171,0.058637084900635746,,,
30.81146469991654,7107.264316136,odom,navigating,4,4,,0.014499317873637414,-0.0513465505541462,1.7019505245012039,-6.139197725944003,-5.695725277527627,0.228685591181651,0.13645849102443514,1.411318302154541,1.729243674608894,-1.729243674608894,0.030454362999989826,pixhawk_fused,True,0.8,0.2,gyro,-1.0,0.05420641973614693,0.2374974638223648,0.05,0.2574898303920902,0.004135099999984959,0.03613761268854142,0.07227522678375244,0.03041017370376978,0.06958982629623023,0.03613761409521102,2.9999999221492817,4,1.9486534494458538,0.4486534494458538,0.8973068988917076,0.0,-0.05134655055414622,1.5707963267948966,0.014499317873637414,-0.014499317873637414,-0.13115419770630732,0.05335446066272503,,,
30.81155709992163,7107.366043734,odom,navigating,4,4,,0.014267249591058555,-0.04636571351809074,1.710983630413524,-6.1342631580005085,-5.695009293953404,0.2377186970939711,0.1547080147805036,1.404747486114502,1.7359809729783016,-1.7359809729783016,0.09209354800077563,pixhawk_fused,True,0.8,0.2,gyro,-1.0,0.04905128851532936,0.16966655850410461,0.05,0.2827879093197541,0.006089118000090821,0.036143056744337085,0.06195952028632164,0.02848549585895311,0.0715145041410469,0.025816463541984552,3.8000006031468017,4,1.9536342864819094,0.4536342864819093,0.9072685729638186,0.0,-0.04636571351809071,1.5707963267948966,0.014267249591058555,-0.014267249591058555,-0.1401873036186274,0.04851117191879849,,,
31.152411099988967,7107.483237005,odom,navigating,4,4,,0.013883030656006825,-0.04095259844417771,1.7326937563879148,-6.128913182334717,-5.69409978894027,0.2594288230683619,0.18852148690480763,1.3858140707015991,1.7546736784009414,-1.7546736784009414,0.033802023000134795,pixhawk_fused,True,0.8,0.2,gyro,-1.0,0.046168506145477295,0.2697073221206665,0.05,0.3681095966042759,0.02418075100013084,0.02564917307853699,0.0666878392124176,0.021994221890346694,0.07800577810965331,0.0410386661338806,2.250000328707643,4,1.9590474015558224,0.4590474015558223,0.9180948031116446,0.0,-0.0409525984441777,1.5707963267948966,0.013883030656006825,-0.013883030656006825,-0.16189742959301823,0.043241806848531336,,,
31.15252529992722,7107.588170675,odom,navigating,4,4,,0.01334339315114875,-0.03583594139236774,1.7848428713046338,-6.123873389968173,-5.693064472116968,0.31157793798508093,0.22245703279859494,1.3283312320709229,1.8113624648479896,-1.8113624648479896,0.03063756099982129,pixhawk_fused,True,0.8,0.2,gyro,-1.0,0.05652303621172905,0.37147101759910583,0.05,0.4375039641180525,0.028094913000131783,0.02826152119278908,0.08478455123066903,0.016714698409898573,0.08328530159010143,0.056523030037879944,2.000000218454287,4,1.9641640586076323,0.46416405860763227,0.9283281172152645,0.0,-0.03583594139236773,1.5707963267948966,0.01334339315114875,-0.01334339315114875,-0.21404654450973726,0.038239519299585065,,,
31.15259949991014,7107.704155723,odom,navigating,4,4,,0.012441319734709142,-0.029640804280779344,1.794687857241227,-6.117795535793379,-5.691563422847303,0.32142292392167415,0.2717734218167824,1.3283312320709229,1.8113624648479896,-1.8113624648479896,0.14663260899942543,pixhawk_fused,True,0.8,0.2,gyro,-1.0,0.04803622514009476,0.3507727384567261,0.05,0.39299594831675316,0.044209327999851666,0.02134943519830704,0.07472301508188248,0.020100868252061425,0.07989913174793858,0.05337357988357544,1.8000001215911272,4,1.9703591957192206,0.47035919571922064,0.9407183914384413,0.0,-0.029640804280779365,1.5707963267948966,0.012441319734709142,-0.012441319734709142,-0.22389153044633048,0.03214597510035635,,,
31.462565599940717,7107.804739539,odom,navigating,4,4,,0.011330423882313761,-0.023888595150074105,1.8389350152423756,-6.112178839090033,-5.689897674480693,0.3656700819228227,0.30699070856053323,1.283381700515747,1.8578639793126064,-1.8578639793126064,0.05170564400032163,pixhawk_fused,True,0.8,0.2,gyro,-1.0,0.053310513496398926,0.10010235011577606,0.05,0.0,0.0448678459997609,0.04569472669959068,0.06092630029320717,0.05,0.05,,,4,1.976111404849926,0.47611140484992587,0.9522228096998517,0.0,-0.023888595150074132,1.5707963267948966,0.011330423882313761,-0.011330423882313761,-0.268138688447479,0.02643943047036093,,,
31.462697799899615,7107.921434622,odom,navigating,4,4,,0.00984936207712475,-0.017338934761041522,1.8937298835687935,-6.105804526540736,-5.687785866059853,0.4204649502492406,0.333144270845638,1.2224783897399902,1.9198010621694999,-1.9198010621694999,0.055329222999716876,pixhawk_fused,True,0.8,0.2,gyro,-1.0,0.04889081045985222,0.10148254781961441,0.05,0.0,0.012374877000183915,0.04117001822173595,0.056611602697968486,0.05,0.05,,,4,1.9826610652389585,0.48266106523895846,0.9653221304779169,0.0,-0.017338934761041536,1.5707963267948966,0.00984936207712475,-0.00984936207712475,-0.3229335567738969,0.019941128151986717,,,
31.46279269992374,,mission_status,turning,4,4,final alignment at waypoint 4/4,0.00984936207712475,-0.017338934761041522,1.8937298835687935,,,,,,,,,,,,,,,,,,,,,,,,,,,,,,,,,,,,,final,0.0,
31.80463959998451,7108.02814935,odom,turning,4,4,,0.008910723026635444,-0.013439090146436693,1.894137675681306,-6.102014617321016,-5.686471933264218,0.4208727423617531,0.33518897144179527,1.2224783897399902,1.9198010621694999,-1.9198010621694999,0.16108444200017402,pixhawk_fused,True,0.8,0.2,gyro,-1.0,0.037331171333789825,0.03271222487092018,0.0,0.0,0.011135504999401746,0.03484242526561022,0.03981991740196943,0.0,0.0,,,4,1.9865609098535633,0.4865609098535633,0.9731218197071266,0.0,-0.013439090146436683,1.5707963267948966,0.008910723026635444,-0.008910723026635444,-0.3233413488864094,0.016124829574958706,final,0.0,-1.894137675681306
31.8047751999693,7108.145467544,odom,turning,4,4,,0.00849287138791982,-0.011714850955627729,1.9028715396815883,-6.100339261507083,-5.685888166465044,0.4296066063620354,0.3338766860862546,1.211905598640442,1.9310367701677755,-1.9310367701677755,0.09088571300071635,pixhawk_fused,True,0.8,0.2,gyro,-1.0,0.0025724826846271753,-0.033812861889600754,0.0,0.0,0.004220894000354747,0.005144965217188001,1.5206634996350887e-10,0.0,0.0,,,4,1.9882851490443723,0.48828514904437226,0.9765702980887445,0.0,-0.011714850955627742,1.5707963267948966,0.00849287138791982,-0.00849287138791982,-0.33207521288669173,0.014469505773326159,final,0.0,-1.9028715396815883
31.804880999960005,7108.245539227,odom,turning,4,4,,0.008504263637079684,-0.011762853167544258,1.9020051729920888,-6.100385926251218,-5.685904178877247,0.42874023967253594,0.33320531501706296,1.2122992277145386,1.9301218634890542,-1.9301218634890542,0.010601447000226472,pixhawk_fused,True,0.8,0.2,gyro,-1.0,0.0,0.0,0.0,0.0,0.03281938599957357,0.0,0.0,0.0,0.0,,,4,1.9882371468324558,0.4882371468324557,0.9764742936649115,0.0,-0.011762853167544274,1.5707963267948966,0.008504263637079684,-0.008504263637079684,-0.33120884619719226,0.014515068537563361,final,0.0,-1.9020051729920888
31.804962199996226,7108.361071418,odom,turning,4,4,,0.008515744985559962,-0.01180994473291406,1.9016544266520192,-6.100431676000369,-5.6859201912894495,0.42838949333246634,0.3325339182858647,1.212383508682251,1.9298509357543812,-1.9298509357543812,0.08265456699973583,pixhawk_fused,True,0.8,0.2,gyro,-1.0,0.0,0.0,0.0,-1.55,0.00853369299966289,0.0,0.0,0.117924,-0.117924,,,4,1.988190055267086,0.4881900552670859,0.9763801105341718,0.0,-0.01180994473291408,1.5707963267948966,0.008515744985559962,-0.008515744985559962,-0.33085809985712267,0.014559969342466837,final,0.0,-1.9016544266520192
32.14664499997161,7108.461407594,odom,turning,4,4,,0.008515744985559962,-0.01180994473291406,1.9016858987801757,-6.100431676000369,-5.6859201912894495,0.4284209654606228,0.3325339182858647,1.2125015258789062,1.9298902420271338,-1.9298902420271338,0.005440876999273314,pixhawk_fused,True,0.8,0.2,gyro,-1.0,0.0,0.0,0.0,-1.55,0.0023640409999643452,0.0,0.0,0.117924,-0.117924,,,4,1.988190055267086,0.4881900552670859,0.9763801105341718,0.0,-0.01180994473291408,1.5707963267948966,0.008515744985559962,-0.008515744985559962,-0.33088957198527913,0.014559969342466837,final,0.0,-1.9016858987801757
32.146766099962406,7108.583841174,odom,turning,4,4,,0.008515744985559962,-0.01180994473291406,1.9016300660593561,-6.100431676000369,-5.6859201912894495,0.42836513273980326,0.3325339182858647,1.212662935256958,1.92982051122842,-1.92982051122842,0.017228974000317976,pixhawk_fused,True,0.8,0.2,gyro,-1.0,0.0,0.0,0.0,-1.55,0.0322016629997961,0.0,0.0,0.117924,-0.117924,,,4,1.988190055267086,0.4881900552670859,0.9763801105341718,0.0,-0.01180994473291408,1.5707963267948966,0.008515744985559962,-0.008515744985559962,-0.3308337392644596,0.014559969342466837,final,0.0,-1.9016300660593561
32.14685299992561,7108.702686286,odom,turning,4,4,,0.008527548008331703,-0.01185844681776359,1.9014962530497574,-6.100478798241996,-5.685936661199144,0.42823131973020456,0.33186252683768186,1.212662935256958,1.92982051122842,-1.92982051122842,0.13667021699984616,pixhawk_fused,True,0.8,0.2,gyro,-1.0,-0.002482860814779997,-0.03263486921787262,0.0,-1.55,0.028514530999927956,3.5315752058839855e-11,-0.004965721664875746,0.117924,-0.117924,,,4,1.9881415531822364,0.4881415531822364,0.9762831063644728,0.0,-0.011858446817763602,1.5707963267948966,0.008527548008331703,-0.008527548008331703,-0.3306999262548609,0.014606225931572105,final,0.0,-1.9014962530497574
32.46962160000112,7108.803939934,odom,turning,4,4,,0.008573161554631186,-0.01205000034215365,1.9008688961620606,-6.100664999721043,-5.686000710847956,0.4276039628425077,0.32917698757114733,1.2127307653427124,1.929705412600903,-1.929705412600903,0.043298892000166234,pixhawk_fused,True,0.8,0.2,gyro,-1.0,-0.007693217135965824,-0.10112009942531586,0.0025816468987613916,-1.55,0.002874693000194384,2.831220587834471e-11,-0.015386434300243855,0.12050564689876139,-0.11534235310123861,,,4,1.9879499996578462,0.48794999965784636,0.9758999993156927,0.0,-0.012050000342153644,1.5707963267948966,0.008573161554631186,-0.008573161554631186,-0.330072569367164,0.014788563394992406,final,0.0,-1.9008688961620606
32.469766499940306,7108.9212235,odom,turning,4,4,,0.008618641451948983,-0.012242919836361025,1.8997765366463562,-6.100852573692564,-5.686064760496769,0.42651160332680327,0.3264609416714656,1.2135125398635864,1.9290171014133526,-1.9290171014133526,0.04676132699933078,pixhawk_fused,True,0.8,0.2,gyro,-1.0,0.0,0.0,0.0,-1.55,0.02028117999998358,0.0,0.0,0.117924,-0.117924,,,4,1.987757080163639,0.487757080163639,0.975514160327278,0.0,-0.012242919836361,1.5707963267948966,0.008618641451948983,-0.008618641451948983,-0.3289802098514596,0.014972309995348598,final,0.0,-1.8997765366463562
32.469858999946155,7109.025512522,odom,turning,4,4,,0.008618641451948983,-0.012242919836361025,1.8997765366463562,-6.100852573692564,-5.686064760496769,0.42651160332680327,0.3264609416714656,1.2135125398635864,1.9290171014133526,-1.9290171014133526,0.14979594199940038,pixhawk_fused,True,0.8,0.2,gyro,-1.0,0.0,0.0,0.0,-1.55,0.025105816000177583,0.0,0.0,0.117924,-0.117924,,,4,1.987757080163639,0.487757080163639,0.975514160327278,0.0,-0.012242919836361,1.5707963267948966,0.008618641451948983,-0.008618641451948983,-0.3289802098514596,0.014972309995348598,final,0.0,-1.8997765366463562
32.804408099967986,7109.144770436,odom,turning,4,4,,0.008618641451948983,-0.012242919836361025,1.899602139469631,-6.100852573692564,-5.686064760496769,0.4263372061500781,0.3264609416714656,1.2133193016052246,1.9287993090902606,-1.9287993090902606,0.09122357300020667,pixhawk_fused,True,0.8,0.2,gyro,-1.0,0.0,0.0,0.0,-1.55,0.01125726099962776,0.0,0.0,0.117924,-0.117924,,,4,1.987757080163639,0.487757080163639,0.975514160327278,0.0,-0.012242919836361,1.5707963267948966,0.008618641451948983,-0.008618641451948983,-0.3288058126747344,0.014972309995348598,final,0.0,-1.899602139469631
32.80454319994897,7109.246109156,odom,turning,4,4,,0.008629989151448372,-0.012291377371549112,1.8994818518293453,-6.10089969593419,-5.686080772908972,0.4262169185097924,0.32578954169047863,1.2133405208587646,1.9288161519738065,-1.9288161519738065,0.06382921299973532,pixhawk_fused,True,0.8,0.2,gyro,-1.0,0.0,0.0,0.0,-1.55,0.032378102000620856,0.0,0.0,0.117924,-0.117924,,,4,1.9877086226284508,0.4877086226284509,0.9754172452569018,0.0,-0.012291377371549117,1.5707963267948966,0.008629989151448372,-0.008629989151448372,-0.3286855250344487,0.01501847763403289,final,0.0,-1.8994818518293453
32.80463349993806,7109.360863074,odom,turning,4,4,,0.008641336850947761,-0.012339834906737195,1.898413057590279,-6.100946818175816,-5.686096785321175,0.425148124270726,0.3210898283601508,1.2135218381881714,1.928650640753113,-1.928650640753113,0.010616760999255348,pixhawk_fused,True,0.8,0.2,gyro,-1.0,0.0,-0.0678870677947998,-0.0025635110214352608,-1.55,0.009058992999598559,0.005164848117828369,-0.005164848117828369,0.11536048897856474,-0.12048751102143526,,,4,1.9876601650932628,0.4876601650932628,0.9753203301865256,0.0,-0.01233983490673718,1.5707963267948966,0.008641336850947761,-0.008641336850947761,-0.32761673079538234,0.015064668204015565,final,0.0,-1.898413057590279
33.12748649995774,7109.462150036,odom,turning,4,4,,0.008726332893380134,-0.012725550072837875,1.891952457387435,-6.1013224236163515,-5.68621893715141,0.418687524067882,0.28861914573801983,1.2135218381881714,1.928650640753113,-1.928650640753113,0.11136423900006776,pixhawk_fused,True,0.8,0.2,gyro,-1.0,0.0,-0.6107996702194214,0.01028993260115385,-1.55,0.011885093999808305,0.04646963891029358,-0.04646963891029358,0.12821393260115385,-0.10763406739884615,0.0,0.0,4,1.9872744499271622,0.4872744499271621,0.9745488998543242,0.0,-0.012725550072837877,1.5707963267948966,0.008726332893380134,-0.008726332893380134,-0.32115613059253834,0.015430116993153102,final,0.0,-1.891952457387435
33.12762159993872,7109.582578175,odom,turning,4,4,,0.008756003563509028,-0.013018972187954933,1.7886067952727174,-6.10161156203099,-5.686277039332833,0.3153418619531645,0.18049536155002333,1.3256630897521973,1.8264896903457273,-1.8264896903457273,0.010452266999891435,pixhawk_fused,True,0.8,0.2,gyro,-1.0,-0.010258132591843605,-1.1460849046707153,0.0025824238546192646,-1.55,0.004730064999421302,0.07693600695550441,-0.09745227213919162,0.12050642385461927,-0.11534157614538074,0.02051626518368721,0.11764704193534992,4,1.986981027812045,0.48698102781204505,0.9739620556240901,0.0,-0.013018972187954947,1.5707963267948966,0.008756003563509028,-0.008756003563509028,-0.21781046847782082,0.01568952629096643,final,0.0,-1.7886067952727174
33.127712399931625,7109.684309458,odom,turning,4,4,,0.008748650232236237,-0.01326326327998184,1.7662211198660103,-6.101855408193968,-5.686293509242527,0.2929561865464574,0.06715307089540244,1.3256630897521973,1.8264896903457273,-1.8264896903457273,0.11262947999966855,pixhawk_fused,True,0.8,0.2,gyro,-1.0,-0.00515992846339941,-1.2208030223846436,0.014939695596694946,-1.55,0.013446474999909697,0.08771876547962426,-0.09803862240642308,0.13286369559669495,-0.10298430440330505,0.01031985692679882,0.05555556656045102,4,1.9867367367200182,0.48673673672001816,0.9734734734400363,0.0,-0.01326326327998184,1.5707963267948966,0.008748650232236237,-0.008748650232236237,-0.1954247930711137,0.01588877067995261,final,0.0,-1.7662211198660103
33.46953629993368,7109.806267311,odom,turning,4,4,,0.008781320862413086,-0.012872971962788238,1.5544936895918078,-6.10146379034123,-5.686288019272629,0.0812287562722549,-0.08522119163542326,1.5523455142974854,1.6001931586684812,-1.6001931586684812,0.03746195199983049,pixhawk_fused,True,0.8,0.2,gyro,-1.0,-0.005126508418470621,-1.415785551071167,-0.012900469824671745,-1.55,0.00384853400009888,0.10258645630702376,-0.112839473143965,0.10502353017532826,-0.13082446982467175,0.010253016836941242,0.047594163168152376,4,1.9871270280372118,0.48712702803721175,0.9742540560744235,0.0,-0.012872971962788249,1.5707963267948966,0.008781320862413086,-0.008781320862413086,0.016302637203088777,0.0155828432336138,final,0.0,-1.5544936895918078
33.469727999996394,7109.908174477,odom,turning,4,4,,0.008752609940598502,-0.012922106910232082,1.5282453322278424,-6.101515487557771,-5.68626422940307,0.05498039890828954,-0.21894921919744875,1.5523455142974854,1.6001931586684812,-1.6001931586684812,0.13924247399972955,pixhawk_fused,True,0.8,0.2,gyro,-1.0,-0.007453019265085459,-1.3383870124816895,0.002577891806140542,-1.55,0.004574773000058485,0.09437146464452147,-0.10927750317469238,0.12050189180614054,-0.11534610819385946,0.014906038530170918,0.0731947659238986,4,1.987077893089768,0.4870778930897679,0.9741557861795358,0.0,-0.0129221069102321,1.5707963267948966,0.008752609940598502,-0.008752609940598502,0.042550994567054135,0.015607338907441313,final,0.0,-1.5282453322278424
33.469871899927966,7110.024968187,odom,turning,4,4,,0.008609211898874043,-0.013283636853637407,1.395168949469425,-6.10188926300834,-5.686156717492564,-0.07809598385012784,-0.39021386365724897,1.676662564277649,1.4762802877845396,-1.4762802877845396,0.06945677000021533,pixhawk_fused,True,0.8,0.2,gyro,-1.0,-0.005331961438059807,-1.5409642457962036,0.0,-1.55,0.010612891000164382,0.11190459838211536,-0.12256852125823497,0.117924,-0.117924,0.010663922876119614,0.04548036419900333,4,1.9867163631463627,0.4867163631463626,0.9734327262927251,0.0,-0.013283636853637426,1.5707963267948966,0.008609211898874043,-0.008609211898874043,0.1756273773254715,0.015829514761325703,final,0.0,-1.395168949469425
33.79263129993342,7110.141740823,odom,turning,4,4,,0.008775300096602757,-0.013037868433423892,1.2517356764834204,-6.101628489438176,-5.686298084217442,-0.22152925683613245,-0.5632485215031926,1.8141826391220093,1.3398778596343626,-1.3398778596343626,0.08264221499939595,pixhawk_fused,True,0.8,0.2,gyro,-1.0,0.007686703000217676,-1.5160810947418213,-0.0025834564585238695,-1.55,0.003716594000252371,0.12303015268817544,-0.10765674668774008,0.11534054354147613,-0.12050745645852387,0.015373406000435352,0.06664186844604314,4,1.986962131566576,0.4869621315665761,0.9739242631331522,0.0,-0.013037868433423916,1.5707963267948966,0.008775300096602757,-0.008775300096602757,0.3190606503114761,0.015715976109446958,final,0.0,-1.2517356764834204
33.79274639999494,7110.244860342,odom,turning,4,4,,0.008805718315859752,-0.012999473219211344,1.1101060553088322,-6.10158731466394,-5.68632461907195,-0.36315887801072066,-0.7100991641516486,1.9527190923690796,1.1994812751235593,-1.1994812751235593,0.034681979000197316,pixhawk_fused,True,0.8,0.2,gyro,-1.0,-0.005163812544196844,-1.561089277267456,-0.010286071337759495,-1.55,0.00980054400042718,0.11360385967031121,-0.1239314847587049,0.1076379286622405,-0.1282100713377595,0.010327625088393688,0.043478266837379834,4,1.9870005267807886,0.48700052678078865,0.9740010535615773,0.0,-0.012999473219211355,1.5707963267948966,0.008805718315859752,-0.008805718315859752,0.46069027148606434,0.015701177632116033,final,0.0,-1.1101060553088322
33.79284709994681,7110.348276945,odom,turning,4,4,,0.008537019252834682,-0.013222790588457572,0.8989025408550047,-6.101835735801833,-5.686078942919006,-0.5743623924645482,-0.8688515575422647,2.176973342895508,0.9757961440505613,-0.9757961440505613,0.09471186000064336,pixhawk_fused,True,0.8,0.2,gyro,-1.0,-0.0023454627953469753,-1.5722750425338745,0.005094284191727638,-1.55,0.009708122000120056,0.1172732224406302,-0.12196414803132415,0.12301828419172764,-0.11282971580827236,0.004690925590693951,0.019607829585486375,4,1.9867772094115423,0.48677720941154246,0.9735544188230849,0.0,-0.013222790588457545,1.5707963267948966,0.008537019252834682,-0.008537019252834682,0.6718937859398919,0.015739214995337987,final,0.0,-0.8989025408550047
34.13037859997712,7110.464666092,odom,turning,4,4,,0.008364420274594648,-0.013318984983992093,0.6991238491865565,-6.101948280184746,-5.685916531309518,-0.7741410841329964,-1.050309032330849,2.3840510845184326,0.7716114701451886,-0.7716114701451886,0.10619437400055176,pixhawk_fused,True,0.8,0.2,gyro,-1.0,-0.0025852748658508062,-1.5291473865509033,0.0025808687787503004,-1.55,0.011740172999452625,0.11375225830294192,-0.11892280803464353,0.1205048687787503,-0.1153431312212497,0.0051705497317016125,0.022222190856495662,4,1.986681015016008,0.4866810150160079,0.9733620300320158,0.0,-0.013318984983992088,1.5707963267948966,0.008364420274594648,-0.008364420274594648,0.8716724776083401,0.015727647234531197,final,0.0,-0.6991238491865565
34.130529499961995,7110.586376509,odom,turning,4,4,,0.008084206458733739,-0.013415682517493727,0.5436764138071507,-6.102071804507455,-5.685647065287014,-0.9295885195124022,-1.2327737490995676,2.5310473442077637,0.6226533239307035,-0.6226533239307035,0.11363706200063461,pixhawk_fused,True,0.8,0.2,gyro,-1.0,-0.010258132591843605,-1.5505855083465576,0.0,-1.2215015224676486,0.03167936299996654,0.10771041288316249,-0.1282266780668497,0.0929318358293387,-0.0929318358293387,0.02051626518368721,0.08695650650382043,4,1.9865843174825062,0.4865843174825063,0.9731686349650126,0.0,-0.013415682517493699,1.5707963267948966,0.008084206458733739,-0.008084206458733739,1.0271199129877457,0.015663171182031407,final,0.0,-0.5436764138071507
34.13062039995566,7110.686422137,odom,turning,4,4,,0.008327493880540956,-0.013358122472774,0.4016714026648516,-6.1019908274514565,-5.6858835914901285,-1.0715935306547013,-1.3592080770608463,2.6788575649261475,0.47691438345333226,-0.47691438345333226,0.03347234800003207,pixhawk_fused,True,0.8,0.2,gyro,-1.0,-0.005130598321557045,-1.2806967496871948,0.017949050292372704,-1.1621899096122499,0.03220099700047285,0.09230481039464473,-0.10256600703775882,0.10636845861567266,-0.07047035803092726,0.01026119664311409,0.05265640478299669,4,1.986641877527226,0.486641877527226,0.973283755054452,0.0,-0.013358122472774014,1.5707963267948966,0.008327493880540956,-0.008327493880540956,1.169124924130045,0.015741238525861834,final,0.0,-0.4016714026648516
34.47040089999791,7110.804870983,odom,turning,4,4,,0.008377866391813892,-0.013369486560573624,0.2528830826609054,-6.1019972324163385,-5.685934831209178,-1.2203818506586475,-1.4789590496883613,2.8344099521636963,0.32112004343887457,-0.32112004343887457,0.10734839499946247,pixhawk_fused,True,0.8,0.2,gyro,-1.0,0.0051635513082146645,-0.7465704083442688,-0.0028352884110063314,-0.562751323193725,0.007530333999966388,0.06196262797504663,-0.051635525358617304,0.03997883225757226,-0.045649409079584924,0.010327102616429329,0.09090907126013088,4,1.9866305134394264,0.48663051343942637,0.9732610268788527,0.0,-0.013369486560573629,1.5707963267948966,0.008377866391813892,-0.008377866391813892,1.3179132441339911,0.01577757320288654,final,0.0,-0.2528830826609054
34.470562399947084,7110.924774434,odom,turning,4,4,,0.008728663822940118,-0.013368873382877077,0.17006222361705614,-6.101962462606983,-5.686283901795205,-1.3032027097024967,-1.53910912117483,2.920581102371216,0.23279363362213262,-0.23279363362213262,0.07091487500019866,pixhawk_fused,True,0.8,0.2,gyro,-1.0,-0.00774416234344244,-0.3732289969921112,0.0026528555899858475,-0.37735953861892757,0.01018114499947842,0.02065109974771738,-0.03613942443460226,0.03136236928811385,-0.026056658108142162,0.01548832468688488,0.27272727114053996,4,1.986631126617123,0.48663112661712293,0.9732622532342459,0.0,-0.013368873382877067,1.5707963267948966,0.008728663822940118,-0.008728663822940118,1.4007341031778404,0.015966099951500452,final,0.0,-0.17006222361705614
34.47066949994769,7111.024964225,odom,turning,4,4,,0.009416593084704631,-0.0134274476784974,0.07513549023020127,-6.101953770154644,-5.686974265509903,-1.3981294430893516,-1.5702064922236436,3.026608943939209,0.12222286013980993,-0.12222286013980993,0.06703271199967276,pixhawk_fused,True,0.8,0.2,gyro,-1.0,0.015444934368133545,-0.20300912857055664,-0.007982851937413216,-0.25,0.009171822000098473,0.03088986886978149,-1.3351440265874093e-10,0.011037148062586783,-0.027002851937413214,0.03088986873626709,0.9999999913554568,4,1.9865725523215025,0.4865725523215026,0.9731451046430052,0.0,-0.013427447678497406,1.5707963267948966,0.009416593084704631,-0.009416593084704631,1.4956608365646953,0.01640026147601593,final,0.0,-0.07513549023020127
34.8064374999376,7111.145221906,odom,turning,4,4,,0.009907753246758345,-0.013476882732068502,0.05180332215119776,-6.101955142647118,-5.687467905303249,-1.4214616111683551,-1.582383046062864,3.052337408065796,0.09613800598403105,-0.09613800598403105,0.07318988200040621,pixhawk_fused,True,0.8,0.2,gyro,-1.0,0.0025638944935053587,-0.03369997814297676,-0.002582683227956295,-0.25,0.02913169800012838,0.00512778883062303,1.5638768708844952e-10,0.016437316772043704,-0.021602683227956294,,,4,1.9865231172679314,0.4865231172679315,0.973046234535863,0.0,-0.013476882732068485,1.5707963267948966,0.009907753246758345,-0.009907753246758345,1.5189930046436988,0.016726922686871506,final,0.0,-0.05180332215119776
34.80657299992163,7111.261301822,odom,turning,4,4,,0.009858622882988567,-0.013471616045454672,0.049952493414994414,-6.101954685149627,-5.687418495574166,-1.4233124399045585,-1.5830544976509107,3.0590527057647705,0.09399588244130501,-0.09399588244130501,0.00402232600026764,pixhawk_fused,True,0.8,0.2,gyro,-1.0,0.0,0.0,0.0,-0.25,0.013646153999616217,0.0,0.0,0.01902,-0.01902,,,4,1.9865283839545453,0.48652838395454534,0.9730567679090907,0.0,-0.01347161604545466,1.5707963267948966,0.009858622882988567,-0.009858622882988567,1.5208438333799021,0.016693618062754927,final,0.0,-0.049952493414994414
34.806657499982975,7111.362432548,odom,turning,4,4,,0.009858622882988567,-0.013471616045454672,0.049952493414994414,-6.101954685149627,-5.687418495574166,-1.4233124399045585,-1.5830544976509107,3.0590527057647705,0.09399588244130501,-0.09399588244130501,0.1043932410002526,pixhawk_fused,True,0.8,0.2,gyro,-1.0,0.0,0.0,0.0,-0.25,0.02206429499983642,0.0,0.0,0.01902,-0.01902,,,4,1.9865283839545453,0.48652838395454534,0.9730567679090907,0.0,-0.01347161604545466,1.5707963267948966,0.009858622882988567,-0.009858622882988567,1.5208438333799021,0.016693618062754927,final,0.0,-0.049952493414994414
35.15207179996651,7111.482532234,odom,turning,4,4,,0.009711320890998583,-0.013454905339068136,0.047092088005768806,-6.10195239766217,-5.687270266386914,-1.426172845313784,-1.5972451101109653,3.059499740600586,0.09393172434392982,-0.09393172434392982,0.1139602190005462,pixhawk_fused,True,0.8,0.2,gyro,-1.0,-0.005161739885807037,-0.33923104405403137,0.0,-0.25,0.01525747699997737,0.020646957945823666,-0.03097043771743774,0.01902,-0.01902,0.010323479771614075,0.20000001237880727,4,1.986545094660932,0.4865450946609319,0.9730901893218638,0.0,-0.013454905339068124,1.5707963267948966,0.009711320890998583,-0.009711320890998583,1.5237042387891278,0.01659349966496609,final,0.0,-0.047092088005768806
35.152152199996635,7111.604121247,odom,turning,4,4,,0.009467114314619707,-0.013423197126048919,0.036151199544846246,-6.101944620204813,-5.687024132736479,-1.4371137337747066,-1.639817144525632,3.0643012523651123,0.09076901546541268,-0.09076901546541268,0.057027525000194146,pixhawk_fused,True,0.8,0.2,gyro,-1.0,0.0025681171100586653,-0.37131035327911377,0.0,0.0,0.013481177000358002,0.03081740878753364,-0.02568117456741631,0.0,0.0,0.0051362342201173306,0.09090907975248082,4,1.9865768028739512,0.4865768028739511,0.9731536057479022,0.0,-0.013423197126048891,1.5707963267948966,0.009467114314619707,-0.009467114314619707,1.5346451272500503,0.016425847756838773,final,0.0,-0.036151199544846246
35.152219599927776,7111.707338245,odom,turning,4,4,,0.010292663881689807,-0.013569245260604972,-0.017760831488597306,-6.102009584848609,-5.687859980653479,-1.4910257648081502,-1.656693304512177,3.127826452255249,0.027745561335716783,-0.027745561335716783,0.0024428540000371868,pixhawk_fused,True,0.8,0.2,gyro,-1.0,0.010291474871337414,-0.13527174293994904,0.0,0.0,0.006672358999821881,0.020582949074208736,6.684660915079466e-10,0.0,0.0,0.020582948405742645,1.0000000649533856,4,1.986430754739395,0.486430754739395,0.97286150947879,0.0,-0.01356924526060499,1.5707963267948966,0.010292663881689807,-0.010292663881689807,1.5885571582834939,0.017031246188223936,final,0.0,0.017760831488597306
35.48436029988807,,mission_status,reached,4,4,reached waypoint 4/4,0.010292663881689807,-0.013569245260604972,-0.017760831488597306,,,,,,,,,,,,,,,,,,,,,,,,,,,,,,,,,,,,,,,
35.48446569999214,7111.826123951,odom,reached,4,4,,0.010535489418591169,-0.013615068495070643,-0.01842520423574201,-6.102031544728201,-5.688106114303914,-1.491690137555295,-1.660050339859546,3.127826452255249,0.027745561335716783,-0.027745561335716783,0.12033945700022741,pixhawk_fused,True,0.8,0.2,gyro,-1.0,0.0,0.0,0.0,0.0,0.015342566000072111,0.0,0.0,0.0,0.0,,,4,1.9863849315049293,0.48638493150492934,0.9727698630098587,0.0,-0.013615068495070659,1.5707963267948966,0.010535489418591169,-0.010535489418591169,1.5892215310306386,0.0172153021296378,,,
35.48456959996838,7111.941644735,odom,reached,4,4,,0.010535489418591169,-0.013615068495070643,-0.024758126302804717,-6.102031544728201,-5.688106114303914,-1.4980230596223576,-1.660050339859546,3.1344680786132812,0.019849643130336343,-0.019849643130336343,0.08428742599971883,pixhawk_fused,True,0.8,0.2,gyro,-1.0,0.0,0.0,0.0,0.0,0.0054547280005863286,0.0,0.0,0.0,0.0,,,4,1.9863849315049293,0.48638493150492934,0.9727698630098587,0.0,-0.013615068495070659,1.5707963267948966,0.010535489418591169,-0.010535489418591169,1.5955544530977013,0.0172153021296378,,,
35.48464729997795,,mission_status,done,4,4,mission complete,0.010535489418591169,-0.013615068495070643,-0.024758126302804717,,,,,,,,,,,,,,,,,,,,,,,,,,,,,,,,,,,,,,,
35.48482599994168,7112.041818934,odom,done,4,4,,0.010535489418591169,-0.013615068495070643,-0.024230608825765998,-6.102031544728201,-5.688106114303914,-1.4974955421453189,-1.660050339859546,3.134303092956543,0.020507413352389273,-0.020507413352389273,0.08017465800003265,pixhawk_fused,True,0.8,0.2,gyro,-1.0,0.0,0.0,0.0,0.0,0.1053002890002972,0.0,0.0,0.0,0.0,,,4,1.9863849315049293,0.48638493150492934,0.9727698630098587,0.0,-0.013615068495070659,1.5707963267948966,0.010535489418591169,-0.010535489418591169,1.5950269356206626,0.0172153021296378,,,
36.51089859998319,7112.161519965,odom,done,4,4,,0.010535489418591169,-0.013615068495070643,-0.024290586723776375,-6.102031544728201,-5.688106114303914,-1.4975555200433293,-1.660050339859546,3.134345531463623,0.02043262645696887,-0.02043262645696887,0.08613081600014993,pixhawk_fused,True,0.8,0.2,gyro,-1.0,0.0,0.0,0.0,0.0,0.008724150000489317,0.0,0.0,0.0,0.0,,,4,1.9863849315049293,0.48638493150492934,0.9727698630098587,0.0,-0.013615068495070659,1.5707963267948966,0.010535489418591169,-0.010535489418591169,1.595086913518673,0.0172153021296378,,,
36.51100259996019,7112.262180908,odom,done,4,4,,0.010535489418591169,-0.013615068495070643,-0.024290586723776375,-6.102031544728201,-5.688106114303914,-1.4975555200433293,-1.660050339859546,3.134345531463623,0.02043262645696887,-0.02043262645696887,0.18655393300014111,pixhawk_fused,True,0.8,0.2,gyro,-1.0,0.0,0.0,0.0,0.0,0.06789446400034649,0.0,0.0,0.0,0.0,,,4,1.9863849315049293,0.48638493150492934,0.9727698630098587,0.0,-0.013615068495070659,1.5707963267948966,0.010535489418591169,-0.010535489418591169,1.595086913518673,0.0172153021296378,,,
36.51105899992399,7112.381968641,odom,done,4,4,,0.010535489418591169,-0.013615068495070643,-0.02433498540387613,-6.102031544728201,-5.688106114303914,-1.497599918723429,-1.660050339859546,3.13438081741333,0.020377265318312136,-0.020377265318312136,0.11465390200010006,pixhawk_fused,True,0.8,0.2,gyro,-1.0,0.0,0.0,0.0,0.0,0.18755938499998592,0.0,0.0,0.0,0.0,,,4,1.9863849315049293,0.48638493150492934,0.9727698630098587,0.0,-0.013615068495070659,1.5707963267948966,0.010535489418591169,-0.010535489418591169,1.5951313121987727,0.0172153021296378,,,
36.51110719994176,7112.482473126,odom,done,4,4,,0.010535489418591169,-0.013615068495070643,-0.024363921262168242,-6.102031544728201,-5.688106114303914,-1.4976288545817211,-1.660050339859546,3.1344027519226074,0.02034118487966844,-0.02034118487966844,0.034368265999546566,pixhawk_fused,True,0.8,0.2,gyro,-1.0,0.0,0.0,0.0,0.0,0.28772223299984034,0.0,0.0,0.0,0.0,,,4,1.9863849315049293,0.48638493150492934,0.9727698630098587,0.0,-0.013615068495070659,1.5707963267948966,0.010535489418591169,-0.010535489418591169,1.5951602480570648,0.0172153021296378,,,
36.51115669996943,7112.586622189,odom,done,4,4,,0.010535489418591169,-0.013615068495070643,-0.024380016814812944,-6.102031544728201,-5.688106114303914,-1.4976449501343658,-1.660050339859546,3.1344082355499268,0.020321115145009394,-0.020321115145009394,0.03405897900029231,pixhawk_fused,True,0.8,0.2,gyro,-1.0,0.0,0.0,0.0,0.0,0.3916943379999793,0.0,0.0,0.0,0.0,,,4,1.9863849315049293,0.48638493150492934,0.9727698630098587,0.0,-0.013615068495070659,1.5707963267948966,0.010535489418591169,-0.010535489418591169,1.5951763436097095,0.0172153021296378,,,
36.51120519998949,7112.704291298,odom,done,4,4,,0.010535489418591169,-0.013615068495070643,-0.02437699578267627,-6.102031544728201,-5.688106114303914,-1.4976419291022292,-1.660050339859546,3.134408950805664,0.020324882106405134,-0.020324882106405134,0.030597803000091517,pixhawk_fused,True,0.8,0.2,gyro,-1.0,0.0,0.0,0.0,0.0,0.5093502070003524,0.0,0.0,0.0,0.0,,,4,1.9863849315049293,0.48638493150492934,0.9727698630098587,0.0,-0.013615068495070659,1.5707963267948966,0.010535489418591169,-0.010535489418591169,1.5951733225775728,0.0172153021296378,,,
36.511252199998125,7112.824545313,odom,done,4,4,,0.010535489418591169,-0.013615068495070643,-0.024412198723528844,-6.102031544728201,-5.688106114303914,-1.4976771320430817,-1.660050339859546,3.134425401687622,0.02028098711349667,-0.02028098711349667,0.07270906299982016,pixhawk_fused,True,0.8,0.2,gyro,-1.0,0.0,0.0,0.0,0.0,0.6293502850003279,0.0,0.0,0.0,0.0,,,4,1.9863849315049293,0.48638493150492934,0.9727698630098587,0.0,-0.013615068495070659,1.5707963267948966,0.010535489418591169,-0.010535489418591169,1.5952085255184254,0.0172153021296378,,,
36.51129559997935,7112.944707998,odom,done,4,4,,0.010535489418591169,-0.013615068495070643,-0.024453624346226555,-6.102031544728201,-5.688106114303914,-1.4977185576657794,-1.660050339859546,3.1344573497772217,0.02022933291948066,-0.02022933291948066,0.0763085870003124,pixhawk_fused,True,0.8,0.2,gyro,-1.0,0.0,0.0,0.0,0.0,0.749166905000493,0.0,0.0,0.0,0.0,,,4,1.9863849315049293,0.48638493150492934,0.9727698630098587,0.0,-0.013615068495070659,1.5707963267948966,0.010535489418591169,-0.010535489418591169,1.5952499511411231,0.0172153021296378,,,
36.51133879995905,7113.064773814,odom,done,4,4,,0.010535489418591169,-0.013615068495070643,-0.02447552928586627,-6.102031544728201,-5.688106114303914,-1.4977404626054192,-1.660050339859546,3.134469509124756,0.020202019314529755,-0.020202019314529755,0.09245057499992981,pixhawk_fused,True,0.8,0.2,gyro,-1.0,0.0,0.0,0.0,0.0,0.8697501140004533,0.0,0.0,0.0,0.0,,,4,1.9863849315049293,0.48638493150492934,0.9727698630098587,0.0,-0.013615068495070659,1.5707963267948966,0.010535489418591169,-0.010535489418591169,1.5952718560807628,0.0172153021296378,,,
