local_t,bridge_t,event_type,mission_state,mission_index,mission_total,event_message,x_m,y_m,yaw_rad,raw_x_m,raw_y_m,raw_yaw_rad,encoder_yaw_rad,pixhawk_yaw_rad,pixhawk_yaw_ros_rad,pixhawk_gyro_yaw_rad,pixhawk_age_s,yaw_source,use_pixhawk_yaw,pixhawk_weight,encoder_weight,pixhawk_yaw_mode,pixhawk_yaw_sign,linear_x_mps,angular_z_radps,cmd_linear_x_mps,cmd_angular_z_radps,cmd_age_s,nearest_segment,along_track_m,segment_progress_m,segment_ratio,nearest_path_x_m,nearest_path_y_m,nearest_path_yaw_rad,cross_track_error_m,signed_cross_track_error_m,heading_error_rad,distance_to_waypoint_m,turn_kind,turn_target_yaw_rad,turn_yaw_error_rad
1.0810879999771714,4281.047157734,odom,idle,,4,,-0.0037210862405217806,-0.013991930364649107,0.14963199207709033,-7.0269688632464335,-5.874016624946444,0.30147172567525427,-0.41123253115378905,-2.565096855163574,2.1624497598983243,-2.1624497598983243,0.16516770500038547,pixhawk_fused,True,0.8,0.2,gyro,-1.0,0.0,0.0,0.0,0.0,20.584954746999756,4,2.5956109042567816,0.48999485154299677,0.9721813895542876,-0.00011127444178284963,-0.014020579664639043,1.5628599854874305,0.0036099254846471153,0.0036099254846471153,1.4132279934103402,,,,
1.0812601000070572,4281.167452137,odom,idle,,4,,-0.0037210862405217806,-0.013991930364649107,0.14983488653713256,-7.0269688632464335,-5.874016624946444,0.3016746201352965,-0.41123253115378905,-2.565314769744873,2.1626915516586402,-2.1626915516586402,0.08931070800008456,pixhawk_fused,True,0.8,0.2,gyro,-1.0,0.0,0.0,0.0,0.0,20.705101616999855,4,2.5956109042567816,0.48999485154299677,0.9721813895542876,-0.00011127444178284963,-0.014020579664639043,1.5628599854874305,0.0036099254846471153,0.0036099254846471153,1.413025098950298,,,,
1.0813678000122309,4281.284943694,odom,idle,,4,,-0.0037210862405217806,-0.013991930364649107,0.15017680823735247,-7.0269688632464335,-5.874016624946444,0.3020165418355164,-0.41123253115378905,-2.5657002925872803,2.1630990089767974,-2.1630990089767974,0.09119078399999125,pixhawk_fused,True,0.8,0.2,gyro,-1.0,0.0,0.0,0.0,0.0,20.823595775000285,4,2.5956109042567816,0.48999485154299677,0.9721813895542876,-0.00011127444178284963,-0.014020579664639043,1.5628599854874305,0.0036099254846471153,0.0036099254846471153,1.412683177250078,,,,
1.0814581000013277,4281.387166147,odom,idle,,4,,-0.0037210862405217806,-0.013991930364649107,0.1503641437078171,-7.0269688632464335,-5.874016624946444,0.30220387730598103,-0.41123253115378905,-2.565903663635254,2.163322242837715,-2.163322242837715,0.08751581399974384,pixhawk_fused,True,0.8,0.2,gyro,-1.0,0.0,0.0,0.0,0.0,20.924929883000004,4,2.5956109042567816,0.48999485154299677,0.9721813895542876,-0.00011127444178284963,-0.014020579664639043,1.5628599854874305,0.0036099254846471153,0.0036099254846471153,1.4124958417796134,,,,
1.081542699947022,4281.487305974,odom,idle,,4,,-0.0037210862405217806,-0.013991930364649107,0.1503641437078171,-7.0269688632464335,-5.874016624946444,0.30220387730598103,-0.41123253115378905,-2.565903663635254,2.163322242837715,-2.163322242837715,0.18751234899991687,pixhawk_fused,True,0.8,0.2,gyro,-1.0,0.0,0.0,0.0,0.0,21.024927010000283,4,2.5956109042567816,0.48999485154299677,0.9721813895542876,-0.00011127444178284963,-0.014020579664639043,1.5628599854874305,0.0036099254846471153,0.0036099254846471153,1.4124958417796134,,,,
1.0816296000266448,4281.587327711,odom,idle,,4,,-0.0037210862405217806,-0.013991930364649107,0.15080683078047008,-7.0269688632464335,-5.874016624946444,0.302646564378634,-0.41123253115378905,-2.5663671493530273,2.163849738085958,-2.163849738085958,0.03279144099997211,pixhawk_fused,True,0.8,0.2,gyro,-1.0,0.0,0.0,0.0,0.0,21.125083169999925,4,2.5956109042567816,0.48999485154299677,0.9721813895542876,-0.00011127444178284963,-0.014020579664639043,1.5628599854874305,0.0036099254846471153,0.0036099254846471153,1.4120531547069604,,,,
1.0817494000075385,4281.707732982,odom,idle,,4,,-0.0037210862405217806,-0.013991930364649107,0.15087560477710493,-7.0269688632464335,-5.874016624946444,0.30271533837526887,-0.41123253115378905,-2.566437005996704,2.1639316847122636,-2.1639316847122636,0.10834776100000454,pixhawk_fused,True,0.8,0.2,gyro,-1.0,0.0,0.0,0.0,0.0,21.244934936999925,4,2.5956109042567816,0.48999485154299677,0.9721813895542876,-0.00011127444178284963,-0.014020579664639043,1.5628599854874305,0.0036099254846471153,0.0036099254846471153,1.4119843807103256,,,,
1.0818784000584856,4281.827384866,odom,idle,,4,,-0.0037210862405217806,-0.013991930364649107,0.15105580826797704,-7.0269688632464335,-5.874016624946444,0.302895541866141,-0.41123253115378905,-2.5666487216949463,2.1641463998983044,-2.1641463998983044,0.051258546999633836,pixhawk_fused,True,0.8,0.2,gyro,-1.0,0.0,0.0,0.0,0.0,21.365177212000162,4,2.5956109042567816,0.48999485154299677,0.9721813895542876,-0.00011127444178284963,-0.014020579664639043,1.5628599854874305,0.0036099254846471153,0.0036099254846471153,1.4118041772194534,,,,
1.0820347999688238,4281.92761606,odom,idle,,4,,-0.0037210862405217806,-0.013991930364649107,0.15140725000061245,-7.0269688632464335,-5.874016624946444,0.3032469835987764,-0.41123253115378905,-2.5670299530029297,2.1645651331019717,-2.1645651331019717,0.043751406999945175,pixhawk_fused,True,0.8,0.2,gyro,-1.0,0.0,0.0,0.0,0.0,21.46530513200014,4,2.5956109042567816,0.48999485154299677,0.9721813895542876,-0.00011127444178284963,-0.014020579664639043,1.5628599854874305,0.0036099254846471153,0.0036099254846471153,1.411452735486818,,,,
1.0821921000024304,4282.044692351,odom,idle,,4,,-0.0037210862405217806,-0.013991930364649107,0.15140725000061245,-7.0269688632464335,-5.874016624946444,0.3032469835987764,-0.41123253115378905,-2.5670299530029297,2.1645651331019717,-2.1645651331019717,0.16196577699975023,pixhawk_fused,True,0.8,0.2,gyro,-1.0,0.0,0.0,0.0,0.0,21.58324708300006,4,2.5956109042567816,0.48999485154299677,0.9721813895542876,-0.00011127444178284963,-0.014020579664639043,1.5628599854874305,0.0036099254846471153,0.0036099254846471153,1.411452735486818,,,,
2.382143300026655,4282.153347732,odom,idle,,4,,-0.0037210862405217806,-0.013991930364649107,0.15160604565985036,-7.0269688632464335,-5.874016624946444,0.3034457792580143,-0.41123253115378905,-2.567239999771118,2.164801983939683,-2.164801983939683,0.044685287999527645,pixhawk_fused,True,0.8,0.2,gyro,-1.0,0.0,0.0,0.0,0.0,21.674705970000105,4,2.5956109042567816,0.48999485154299677,0.9721813895542876,-0.00011127444178284963,-0.014020579664639043,1.5628599854874305,0.0036099254846471153,0.0036099254846471153,1.41125393982758,,,,
2.3823697000043467,4282.328128756,odom,idle,,4,,-0.0037210862405217806,-0.013991930364649107,0.1519097422759802,-7.0269688632464335,-5.874016624946444,0.30374947587414414,-0.41123253115378905,-2.567565441131592,2.1651638045704122,-2.1651638045704122,0.07920767899940984,pixhawk_fused,True,0.8,0.2,gyro,-1.0,0.0,0.0,0.0,0.0,21.83554200100025,4,2.5956109042567816,0.48999485154299677,0.9721813895542876,-0.00011127444178284963,-0.014020579664639043,1.5628599854874305,0.0036099254846471153,0.0036099254846471153,1.4109502432114502,,,,
2.382528500049375,4282.443559797,odom,idle,,4,,-0.0037210862405217806,-0.013991930364649107,0.15207827557447223,-7.0269688632464335,-5.874016624946444,0.30391800917263617,-0.41123253115378905,-2.5677316188812256,2.1653645868210254,-2.1653645868210254,0.05598298600034468,pixhawk_fused,True,0.8,0.2,gyro,-1.0,0.0,0.0,0.0,0.0,21.971207616000356,4,2.5956109042567816,0.48999485154299677,0.9721813895542876,-0.00011127444178284963,-0.014020579664639043,1.5628599854874305,0.0036099254846471153,0.0036099254846471153,1.4107817099129583,,,,
2.3826726999832317,4282.547327113,odom,idle,,4,,-0.0037210862405217806,-0.013991930364649107,0.15226149404449207,-7.0269688632464335,-5.874016624946444,0.304101227642656,-0.41123253115378905,-2.56792950630188,2.1655828591009736,-2.1655828591009736,0.03470636800011562,pixhawk_fused,True,0.8,0.2,gyro,-1.0,0.0,0.0,0.0,0.0,22.08500405599989,4,2.5956109042567816,0.48999485154299677,0.9721813895542876,-0.00011127444178284963,-0.014020579664639043,1.5628599854874305,0.0036099254846471153,0.0036099254846471153,1.4105984914429386,,,,
2.382812299998477,4282.665845011,odom,idle,,4,,-0.0037210862405217806,-0.013991930364649107,0.15211289017870533,-7.0269688632464335,-5.874016624946444,0.30395262377686927,-0.41123253115378905,-2.5677874088287354,2.1654058243885768,-2.1654058243885768,0.014598844999454741,pixhawk_fused,True,0.8,0.2,gyro,-1.0,0.0,0.0,0.0,0.0,22.19182372999967,4,2.5956109042567816,0.48999485154299677,0.9721813895542876,-0.00011127444178284963,-0.014020579664639043,1.5628599854874305,0.0036099254846471153,0.0036099254846471153,1.410747095308725,,,,
2.3830624000402167,4282.767792194,odom,idle,,4,,-0.0037210862405217806,-0.013991930364649107,0.15211289017870533,-7.0269688632464335,-5.874016624946444,0.30395262377686927,-0.41123253115378905,-2.5677874088287354,2.1654058243885768,-2.1654058243885768,0.12824299199928646,pixhawk_fused,True,0.8,0.2,gyro,-1.0,0.0,0.0,0.0,0.0,22.305463505999796,4,2.5956109042567816,0.48999485154299677,0.9721813895542876,-0.00011127444178284963,-0.014020579664639043,1.5628599854874305,0.0036099254846471153,0.0036099254846471153,1.410747095308725,,,,
2.383388699963689,4282.871682062,odom,idle,,4,,-0.0037210862405217806,-0.013991930364649107,0.15200386462835924,-7.0269688632464335,-5.874016624946444,0.3038435982265232,-0.41123253115378905,-2.5677337646484375,2.1652759378543953,-2.1652759378543953,0.05327973000021302,pixhawk_fused,True,0.8,0.2,gyro,-1.0,0.0,0.0,0.0,0.0,22.40951762900022,4,2.5956109042567816,0.48999485154299677,0.9721813895542876,-0.00011127444178284963,-0.014020579664639043,1.5628599854874305,0.0036099254846471153,0.0036099254846471153,1.4108561208590713,,,,
2.383610300021246,4282.98755209,odom,idle,,4,,-0.0037210862405217806,-0.013991930364649107,0.15259042798518496,-7.0269688632464335,-5.874016624946444,0.3044301615833489,-0.41123253115378905,-2.568279981613159,2.1659747120058994,-2.1659747120058994,0.09240041600060067,pixhawk_fused,True,0.8,0.2,gyro,-1.0,0.0,0.0,0.0,0.0,22.525369787000272,4,2.5956109042567816,0.48999485154299677,0.9721813895542876,-0.00011127444178284963,-0.014020579664639043,1.5628599854874305,0.0036099254846471153,0.0036099254846471153,1.4102695575022457,,,,
2.3837847999529913,4283.108287054,odom,idle,,4,,-0.0037210862405217806,-0.013991930364649107,0.15306490241370385,-7.0269688632464335,-5.874016624946444,0.3049046360118678,-0.41123253115378905,-2.5687966346740723,2.1665399140600017,-2.1665399140600017,0.012064621000718034,pixhawk_fused,True,0.8,0.2,gyro,-1.0,0.0,0.0,0.0,0.0,22.645381569000165,4,2.5956109042567816,0.48999485154299677,0.9721813895542876,-0.00011127444178284963,-0.014020579664639043,1.5628599854874305,0.0036099254846471153,0.0036099254846471153,1.4097950830737267,,,,
2.383916600025259,4283.225509785,odom,idle,,4,,-0.0037210862405217806,-0.013991930364649107,0.1532530962228581,-7.0269688632464335,-5.874016624946444,0.30509282982102204,-0.41123253115378905,-2.5689964294433594,2.166764083750164,-2.166764083750164,0.024391400999775215,pixhawk_fused,True,0.8,0.2,gyro,-1.0,0.0,0.0,0.0,0.0,22.76331781600038,4,2.5956109042567816,0.48999485154299677,0.9721813895542876,-0.00011127444178284963,-0.014020579664639043,1.5628599854874305,0.0036099254846471153,0.0036099254846471153,1.4096068892645723,,,,
2.3840034999884665,4283.345499344,odom,idle,,4,,-0.0037210862405217806,-0.013991930364649107,0.1532530962228581,-7.0269688632464335,-5.874016624946444,0.30509282982102204,-0.41123253115378905,-2.5689964294433594,2.166764083750164,-2.166764083750164,0.14485105800031306,pixhawk_fused,True,0.8,0.2,gyro,-1.0,0.0,0.0,0.0,0.0,22.883754567000324,4,2.5956109042567816,0.48999485154299677,0.9721813895542876,-0.00011127444178284963,-0.014020579664639043,1.5628599854874305,0.0036099254846471153,0.0036099254846471153,1.4096068892645723,,,,
3.3015140000497922,4283.446658197,odom,idle,,4,,-0.0037210862405217806,-0.013991930364649107,0.15342074122503574,-7.0269688632464335,-5.874016624946444,0.3052604748231997,-0.41123253115378905,-2.5691614151000977,2.166963771659033,-2.166963771659033,0.06645139299962466,pixhawk_fused,True,0.8,0.2,gyro,-1.0,0.0,0.0,0.0,0.0,22.984480357999928,4,2.5956109042567816,0.48999485154299677,0.9721813895542876,-0.00011127444178284963,-0.014020579664639043,1.5628599854874305,0.0036099254846471153,0.0036099254846471153,1.4094392442623949,,,,
3.301636300049722,4283.546914872,odom,idle,,4,,-0.0037210862405217806,-0.013991930364649107,0.15358594451981783,-7.0269688632464335,-5.874016624946444,0.30542567811798177,-0.41123253115378905,-2.569326639175415,2.1671605467545705,-2.1671605467545705,0.030977602999882947,pixhawk_fused,True,0.8,0.2,gyro,-1.0,0.0,0.0,0.0,0.0,23.084714089000045,4,2.5956109042567816,0.48999485154299677,0.9721813895542876,-0.00011127444178284963,-0.014020579664639043,1.5628599854874305,0.0036099254846471153,0.0036099254846471153,1.4092740409676128,,,,
3.301726600038819,4283.66717698,odom,idle,,4,,-0.0037210862405217806,-0.013991930364649107,0.15385581734784604,-7.0269688632464335,-5.874016624946444,0.30569555094601,-0.41123253115378905,-2.5696043968200684,2.1674819852335747,-2.1674819852335747,0.09011111099971458,pixhawk_fused,True,0.8,0.2,gyro,-1.0,0.0,0.0,0.0,0.0,23.20501182499993,4,2.5956109042567816,0.48999485154299677,0.9721813895542876,-0.00011127444178284963,-0.014020579664639043,1.5628599854874305,0.0036099254846471153,0.0036099254846471153,1.4090041681395844,,,,
3.3018123999936506,4283.784969009,odom,idle,,4,,-0.0037210862405217806,-0.013991930364649107,0.15391873715819626,-7.0269688632464335,-5.874016624946444,0.3057584707563602,-0.41123253115378905,-2.5696520805358887,2.167556925697103,-2.167556925697103,0.1081080630001452,pixhawk_fused,True,0.8,0.2,gyro,-1.0,0.0,0.0,0.0,0.0,23.323515981999662,4,2.5956109042567816,0.48999485154299677,0.9721813895542876,-0.00011127444178284963,-0.014020579664639043,1.5628599854874305,0.0036099254846471153,0.0036099254846471153,1.4089412483292343,,,,
3.3018920000176877,4283.906173737,odom,idle,,4,,-0.0037210862405217806,-0.013991930364649107,0.15429376678867546,-7.0269688632464335,-5.874016624946444,0.3061335003868394,-0.41123253115378905,-2.570033311843872,2.1680035905065846,-2.1680035905065846,0.11356385299950489,pixhawk_fused,True,0.8,0.2,gyro,-1.0,0.0,0.0,0.0,0.0,23.444186317999993,4,2.5956109042567816,0.48999485154299677,0.9721813895542876,-0.00011127444178284963,-0.014020579664639043,1.5628599854874305,0.0036099254846471153,0.0036099254846471153,1.408566218698755,,,,
3.301978599978611,4284.024992793,odom,idle,,4,,-0.0037210862405217806,-0.013991930364649107,0.15537553852656072,-7.0269688632464335,-5.874016624946444,0.30721527212472466,-0.41123253115378905,-2.5712316036224365,2.1692918671472827,-2.1692918671472827,0.010221728000033181,pixhawk_fused,True,0.8,0.2,gyro,-1.0,0.0,0.0,0.0,0.0,23.563189608999892,4,2.5956109042567816,0.48999485154299677,0.9721813895542876,-0.00011127444178284963,-0.014020579664639043,1.5628599854874305,0.0036099254846471153,0.0036099254846471153,1.4074844469608698,,,,
3.3020524999592453,4284.1456395,odom,idle,,4,,-0.0037210862405217806,-0.013991930364649107,0.15572247360231473,-7.0269688632464335,-5.874016624946444,0.30756220720047867,-0.41123253115378905,-2.571300506591797,2.1697049905937993,-2.1697049905937993,0.050470123999730276,pixhawk_fused,True,0.8,0.2,gyro,-1.0,0.0,0.0,0.0,0.0,23.683796577000066,4,2.5956109042567816,0.48999485154299677,0.9721813895542876,-0.00011127444178284963,-0.014020579664639043,1.5628599854874305,0.0036099254846471153,0.0036099254846471153,1.4071375118851157,,,,
3.3021350000053644,4284.265032539,odom,idle,,4,,-0.0037210862405217806,-0.013991930364649107,0.15572247360231473,-7.0269688632464335,-5.874016624946444,0.30756220720047867,-0.41123253115378905,-2.571300506591797,2.1697049905937993,-2.1697049905937993,0.17024004099948797,pixhawk_fused,True,0.8,0.2,gyro,-1.0,0.0,0.0,0.0,0.0,23.803553069000372,4,2.5956109042567816,0.48999485154299677,0.9721813895542876,-0.00011127444178284963,-0.014020579664639043,1.5628599854874305,0.0036099254846471153,0.0036099254846471153,1.4071375118851157,,,,
4.386048799962737,4284.365165699,odom,idle,,4,,0.0,0.0,0.0,-7.0269688632464335,-5.874016624946444,-0.41123253115378905,-0.41123253115378905,-2.5714473724365234,2.1698557997921846,-2.1698557997921846,0.09189626399984263,pixhawk_fused,True,0.8,0.2,gyro,-1.0,0.0,0.0,0.0,0.0,23.902891472999727,1,0.0,0.0,0.0,0.0,0.0,0.005361878910097319,0.0,0.0,0.005361878910097319,,,,
4.38617339998018,4284.466982588,odom,idle,,4,,0.0,0.0,0.00033037701548044307,-7.0269688632464335,-5.874016624946444,-0.4109021541383086,-0.41123253115378905,-2.5717902183532715,2.1702687710601265,-2.1702687710601265,0.07238844699986657,pixhawk_fused,True,0.8,0.2,gyro,-1.0,0.0,0.0,0.0,0.0,24.004871025000284,1,0.0,0.0,0.0,0.0,0.0,0.005361878910097319,0.0,0.0,0.005031501894616876,,,,
4.386279299971648,4284.568366212,odom,idle,,4,,0.0,0.0,0.00033037701548044307,-7.0269688632464335,-5.874016624946444,-0.4109021541383086,-0.41123253115378905,-2.5717902183532715,2.1702687710601265,-2.1702687710601265,0.17374666399973648,pixhawk_fused,True,0.8,0.2,gyro,-1.0,0.0,0.0,0.0,0.0,24.10622898299971,1,0.0,0.0,0.0,0.0,0.0,0.005361878910097319,0.0,0.0,0.005031501894616876,,,,
4.386357499985024,4284.687288524,odom,idle,,4,,0.0,0.0,0.0008165785452999841,-7.0269688632464335,-5.874016624946444,-0.41041595260848907,-0.41123253115378905,-2.572283983230591,2.17087652295254,-2.17087652295254,0.0024964479998743627,pixhawk_fused,True,0.8,0.2,gyro,-1.0,0.0,0.0,0.0,0.0,24.225144738999916,1,0.0,0.0,0.0,0.0,0.0,0.005361878910097319,0.0,0.0,0.004545300364797335,,,,
4.386430399958044,4284.808327609,odom,idle,,4,,0.0,0.0,0.0009803810265078816,-7.0269688632464335,-5.874016624946444,-0.41025215012728117,-0.41123253115378905,-2.572441577911377,2.171081276038511,-2.171081276038511,0.00873525199949654,pixhawk_fused,True,0.8,0.2,gyro,-1.0,0.0,0.0,0.0,0.0,24.344928655999865,1,0.0,0.0,0.0,0.0,0.0,0.005361878910097319,0.0,0.0,0.0043814978835894376,,,,
4.3864934999728575,4284.908492434,odom,idle,,4,,0.0,0.0,0.0009803810265078816,-7.0269688632464335,-5.874016624946444,-0.41025215012728117,-0.41123253115378905,-2.572441577911377,2.171081276038511,-2.171081276038511,0.10968099999990955,pixhawk_fused,True,0.8,0.2,gyro,-1.0,0.0,0.0,0.0,0.0,24.445876607000173,1,0.0,0.0,0.0,0.0,0.0,0.005361878910097319,0.0,0.0,0.0043814978835894376,,,,
4.386553899967112,4285.009749488,odom,idle,,4,,0.0,0.0,0.0011464931988774407,-7.0269688632464335,-5.874016624946444,-0.4100860379549116,-0.41123253115378905,-2.5726046562194824,2.171288916231914,-2.171288916231914,0.03196742699947208,pixhawk_fused,True,0.8,0.2,gyro,-1.0,0.0,0.0,0.0,0.0,24.547225416999936,1,0.0,0.0,0.0,0.0,0.0,0.005361878910097319,0.0,0.0,0.0042153857112198784,,,,
4.3866280999500304,4285.124927868,odom,idle,,4,,0.0,0.0,0.0013246260760240158,-7.0269688632464335,-5.874016624946444,-0.40990790507776503,-0.41123253115378905,-2.5727734565734863,2.171511582296424,-2.171511582296424,0.1044992760007517,pixhawk_fused,True,0.8,0.2,gyro,-1.0,0.0,0.0,0.0,0.0,24.662980041000083,1,0.0,0.0,0.0,0.0,0.0,0.005361878910097319,0.0,0.0,0.004037252834073303,,,,
4.386691099964082,4285.244600992,odom,idle,,4,,0.0,0.0,0.0014352947000541572,-7.0269688632464335,-5.874016624946444,-0.4097972364537349,-0.41123253115378905,-2.572871208190918,2.171649918051752,-2.171649918051752,0.07324249600060284,pixhawk_fused,True,0.8,0.2,gyro,-1.0,0.0,0.0,0.0,0.0,24.78297280300012,1,0.0,0.0,0.0,0.0,0.0,0.005361878910097319,0.0,0.0,0.003926584210043162,,,,
4.386752499965951,4285.347258654,odom,idle,,4,,0.0,0.0,0.0016037149745952717,-7.0269688632464335,-5.874016624946444,-0.4096288161791938,-0.41123253115378905,-2.5730514526367188,2.1718604433493116,-2.1718604433493116,0.07089289699979417,pixhawk_fused,True,0.8,0.2,gyro,-1.0,0.0,0.0,0.0,0.0,24.88482559899967,1,0.0,0.0,0.0,0.0,0.0,0.005361878910097319,0.0,0.0,0.0037581639355020475,,,,
4.725389700033702,,mission_status,navigating,1,4,going to waypoint 1/4,0.0,0.0,0.0016037149745952717,,,,,,,,,,,,,,,,,,,,,,,,,,,,,,,,,
4.725551699986681,4285.467762365,odom,navigating,1,4,,0.0,0.0,0.0019255227946201603,-7.0269688632464335,-5.874016624946444,-0.4093070083591689,-0.41123253115378905,-2.5733532905578613,2.172262703006587,-2.172262703006587,0.0722894680002355,pixhawk_fused,True,0.8,0.2,gyro,-1.0,0.0,0.0,0.24,0.014994978992384615,0.0068887119996361434,1,0.0,0.0,0.0,0.0,0.0,0.005361878910097319,0.0,0.0,0.003436356115477159,0.7460107237835124,,,
4.725688399979845,4285.568086945,odom,navigating,1,4,,0.0,0.0,0.0019255227946201603,-7.0269688632464335,-5.874016624946444,-0.4093070083591689,-0.41123253115378905,-2.5733532905578613,2.172262703006587,-2.172262703006587,0.17254582700024912,pixhawk_fused,True,0.8,0.2,gyro,-1.0,0.0,0.0,0.24,0.014994978992384615,0.006838027999947371,1,0.0,0.0,0.0,0.0,0.0,0.005361878910097319,0.0,0.0,0.003436356115477159,0.7460107237835124,,,
4.725771400029771,4285.688684023,odom,navigating,1,4,,0.0012253375355501888,6.808479677044362e-06,0.005291088024361235,-7.025842961919811,-5.874500199794977,-0.4059414431294278,-0.3958058797668496,-2.5736355781555176,2.1726130376485764,-2.1726130376485764,0.1069731130000946,pixhawk_fused,True,0.8,0.2,gyro,-1.0,0.01433947030454874,0.18847884237766266,0.24,0.010917104347529042,0.02765132700005779,1,0.0012253564275899382,0.0012253564275899382,0.0016425453261252703,0.0012253388132894517,6.570181304501081e-06,0.005361878910097319,2.3830179809309058e-07,2.3830179809309053e-07,7.079088573608457e-05,0.7447853673559606,,,
5.0623675000388175,4285.807804848,odom,navigating,1,4,,0.004930193627946132,0.00013963424149469644,0.05259469089944463,-7.02239388833127,-5.875859424842272,-0.3586378402543444,-0.34499411685490966,-2.6235427856445312,2.2190396590521213,-2.2190396590521213,0.0035767879999184515,pixhawk_fused,True,0.8,0.2,gyro,-1.0,0.048653386533260345,0.6395029425621033,0.24,-0.05773019038090643,0.04701375799959351,1,0.004930871455517127,0.004930871455517127,0.006609652245358386,0.004930800575037356,2.6438608981433545e-05,0.005361878910097319,0.00011319725970556533,0.00011319725970556533,-0.04723281198934731,0.7410798609732306,,,
5.062738099950366,4285.907912822,odom,navigating,1,4,,0.012200427884477855,0.0008201104725732659,0.06422125879984092,-7.015457768862391,-5.878141879827447,-0.34701127235394813,-0.2868276160253941,-2.6235427856445312,2.2190396590521213,-2.2190396590521213,0.10336747500059573,pixhawk_fused,True,0.8,0.2,gyro,-1.0,0.09727289527654648,0.5383412837982178,0.24,-0.2370807588182554,0.04287539500001003,1,0.012204649817276524,0.012204649817276524,0.016359885224408968,0.01220447437740909,6.543954089763588e-05,0.005361878910097319,0.0007546817801041747,0.0007546817801041747,-0.0588593798897436,0.733806462041818,,,
5.062921899952926,4286.024629955,odom,navigating,1,4,,0.026319546255484844,0.0028622687606199787,0.1182705078683059,-7.001699446800022,-5.881913946644999,-0.29296202328548315,-0.249626690774095,-2.6816766262054443,2.277295653372037,-2.277295653372037,0.04385401499985164,pixhawk_fused,True,0.8,0.2,gyro,-1.0,0.14409106969833374,0.20287545025348663,0.24,-0.33931134956310827,0.013533227000152692,1,0.026334514981228702,0.026334514981228702,0.03530045097430907,0.026334136426834565,0.00014120180389723627,0.005361878910097319,0.002721106072182483,0.0027211060721824827,-0.11290862895820858,0.7196813530544502,,,
5.3838348999852315,4286.146532775,odom,navigating,1,4,,0.044319261027857944,0.005829115568634092,0.15319772580749674,-6.9840144237679675,-5.8863896446045025,-0.2580348053462923,-0.2544026802151754,-2.725809335708618,2.3221454961886283,-2.3221454961886283,0.11838780800007953,pixhawk_fused,True,0.8,0.2,gyro,-1.0,0.15504661202430725,-0.20379415154457092,0.18697387314757646,-0.631578947368421,0.03206805300033011,1,0.04434987880771773,0.04434987880771773,0.059449385101048205,0.04434924128538196,0.00023779754040419282,0.005361878910097319,0.005591398403677733,0.005591398403677733,-0.14783584689739943,0.7016831230037207,,,
5.384079599985853,4286.246550511,odom,navigating,1,4,,0.05966008677791298,0.008043201565601257,0.15385295445359454,-6.9690675232226384,-5.890492482108421,-0.2573795767001945,-0.29497581271242185,-2.734142780303955,2.333105737476575,-2.333105737476575,0.0692239990003145,pixhawk_fused,True,0.8,0.2,gyro,-1.0,0.14989344775676727,-0.5435056686401367,0.17598614789365324,-0.631578947368421,0.030449339999904623,1,0.0597023556400113,0.0597023556400113,0.08002881692802119,0.05970149742830381,0.00032011526771208475,0.005361878910097319,0.007723197317601647,0.007723197317601646,-0.14849107554349722,0.686351822289853,,,
5.384184999973513,4286.346734576,odom,navigating,1,4,,0.07287477129227636,0.009322097258620599,0.09724245456651376,-6.956443337441738,-5.894602639572203,-0.3139900765872753,-0.34706929706408185,-2.6736984252929688,2.2753666455885053,-2.2753666455885053,0.062346619999516406,pixhawk_fused,True,0.8,0.2,gyro,-1.0,0.12924015522003174,-0.5435585379600525,0.15929388443219958,-0.6315789473684211,0.029444146000059845,1,0.07292370744640894,0.07292370744640894,0.0977515538604656,0.07292265917990734,0.00039100621544186243,0.005361878910097319,0.008931219428013691,0.00893121942801369,-0.09188057565641644,0.6731462680889314,,,
5.724465199979022,4286.468566935,odom,navigating,1,4,,0.08938676871218573,0.009881794253561345,0.0416169754389662,-6.941084231656553,-5.900690101194319,-0.36961555571482285,-0.4139485761624687,-2.6203131675720215,2.2225526268621563,-2.2225526268621563,0.06886339799984853,pixhawk_fused,True,0.8,0.2,gyro,-1.0,0.16645409166812897,-0.5722153782844543,0.24,-0.5398134292867527,0.00837557700015168,1,0.0894384685221591,0.0894384685221591,0.11988898506519804,0.08943718285863773,0.0004795559402607922,0.005361878910097319,0.00940237347089868,0.00940237347089868,-0.03625509652886888,0.6566395746571065,,,
5.724620299995877,4286.56861217,odom,navigating,1,4,,0.10809784908744291,0.009451485736115907,0.03283480248352921,-6.924105127253909,-5.908564090520806,-0.37839772867025984,-0.4579244045418333,-2.6203131675720215,2.2225526268621563,-2.2225526268621563,0.16893674399943848,pixhawk_fused,True,0.8,0.2,gyro,-1.0,0.21663008630275726,-0.40677115321159363,0.24,-0.46769506545166317,0.008053567999922961,1,0.10814697267755274,0.10814697267755274,0.14496704836770727,0.10814541808230962,0.0005798681934708291,0.005361878910097319,0.008871745072545791,0.008871745072545791,-0.027472923573431896,0.637925444574519,,,
5.724740799982101,4286.686955313,odom,navigating,1,4,,0.1346593760713439,0.007670760765453595,-0.05097791190423717,-6.900469891847194,-5.920814043353646,-0.4622104430580262,-0.5046010567841098,-2.528488874435425,2.129472565873492,-2.129472565873492,0.09266146299978573,pixhawk_fused,True,0.8,0.2,gyro,-1.0,0.24562616646289825,-0.373829185962677,0.24,-0.034592323025773294,0.026560282999525953,1,0.13469856985788442,0.13469856985788442,0.1805584900639754,0.13469663358772566,0.0007222339602559016,0.005361878910097319,0.006948626690582665,0.006948626690582665,0.05633979081433449,0.6113516442687267,,,
6.085654700058512,4286.808161948,odom,navigating,1,4,,0.1620445818553073,0.004903143572228208,-0.08226741308299629,-6.876474148417163,-5.934297866921106,-0.49349994423678534,-0.5113911838779277,-2.4904892444610596,2.092060972913134,-2.092060972913134,0.10928276999948139,pixhawk_fused,True,0.8,0.2,gyro,-1.0,0.22790269553661346,0.16829022765159607,0.24,0.16948793732770187,0.04726380700049049,1,0.16206854242678953,0.16206854242678953,0.21724693393793734,0.16206621271770125,0.0008689877357517493,0.005361878910097319,0.004034213827647833,0.004034213827647833,0.0876292919930936,0.5839561165437476,,,
6.085821500048041,4286.928267763,odom,navigating,1,4,,0.18859162766657536,0.002459775361271413,-0.09132901169587776,-6.853117071485291,-5.94714942895529,-0.5025615428496668,-0.4870381714592975,-2.4764654636383057,2.074646091370809,-2.074646091370809,0.05163283199999569,pixhawk_fused,True,0.8,0.2,gyro,-1.0,0.23157517611980438,0.2028467357158661,0.24,0.2414176520680569,0.014115228999799001,1,0.18860210564686242,0.18860210564686242,0.2528142017722436,0.18859939452209373,0.0010112568070889745,0.005361878910097319,0.001448539376701726,0.001448539376701726,0.09669089060597508,0.5574105002951913,,,
6.085928400047123,4287.046811973,odom,navigating,1,4,,0.21560603103205406,0.0007198284261628884,-0.07403265644243501,-6.829050415944075,-5.9595430360004675,-0.48526518759622406,-0.45589499631923636,-2.4909427165985107,2.0884815851589322,-2.0884815851589322,0.05554659100016579,pixhawk_fused,True,0.8,0.2,gyro,-1.0,0.2351776361465454,0.373660147190094,0.24,0.33733142599738764,0.03310611599954427,1,0.2156067913445882,0.2156067913445882,0.28901299199977176,0.21560369203182975,0.001156051967999087,0.005361878910097319,0.00043622981256920886,-0.0004362298125692089,0.07939453535253232,0.5304041118271278,,,
6.405391999986023,4287.14707848,odom,navigating,1,4,,0.2387474251922097,4.027732516329041e-06,-0.0447407683366467,-6.80812448068212,-5.969449686681761,-0.45597329949043575,-0.4227681672151966,-2.5179011821746826,2.116815178482759,-2.116815178482759,0.07191040399993653,pixhawk_fused,True,0.8,0.2,gyro,-1.0,0.24293075501918793,0.33969107270240784,0.24,0.30771328333255704,0.02937737000047491,1,0.23874401483269245,0.23874401483269245,0.32002759105373724,0.238740582926088,0.0012801103642149489,0.005361878910097319,0.0012761009754437757,-0.0012761009754437757,0.050102647246744014,0.5072683140543034,,,
6.4056226999964565,4287.267489564,odom,navigating,1,4,,0.26720588253372907,0.00012013917337896918,-0.018758083760782418,-6.781992223966709,-5.980719222390282,-0.42999061491457147,-0.38561302168014494,-2.5427589416503906,2.1400067314793945,-2.1400067314793945,0.07334851199993864,pixhawk_fused,True,0.8,0.2,gyro,-1.0,0.26120489835739136,0.33659717440605164,0.24,0.1387308045542346,0.007227127999613003,1,0.26720268566099253,0.26720268566099253,0.35817539499409806,0.2671988446655972,0.0014327015799763922,0.005361878910097319,0.0013125812747409819,-0.0013125812747409819,0.024119962670879735,0.47880983724265647,,,
6.405786899966188,4287.367870827,odom,navigating,1,4,,0.29134816405943104,0.0009673113152084967,0.03206988938660499,-6.759524064660852,-5.989593301233224,-0.37916264176718406,-0.36217551272901505,-2.599921703338623,2.1976790983965278,-2.1976790983965278,0.0729872809997687,pixhawk_fused,True,0.8,0.2,gyro,-1.0,0.25216537714004517,0.27871233224868774,0.24,-0.07163927727220053,0.00887341399993602,1,0.29134916255797666,0.29134916255797666,0.39054286120761494,0.29134497446088076,0.0015621714448304598,0.005361878910097319,0.0005948686807630494,-0.0005948686807630495,-0.02670801047650767,0.45466195038158724,,,
6.745421100058593,4287.486883024,odom,navigating,1,4,,0.3175160474368843,0.002395383143738064,0.033308729407038606,-6.734966971808731,-5.998744623556024,-0.37792380174675044,-0.3559804276173157,-2.599921703338623,2.1976790983965278,-2.1976790983965278,0.19200507100049435,pixhawk_fused,True,0.8,0.2,gyro,-1.0,0.2248910665512085,-0.0340510755777359,0.24,-0.10242321872814866,0.026751686000352493,1,0.3175243268878675,0.3175243268878675,0.4256297084812565,0.3175197625270173,0.001702518833925026,0.005361878910097319,0.000692874269768617,0.0006928742697686171,-0.02794685049694129,0.42848695709363877,,,
6.745566600002348,4287.587252973,odom,navigating,1,4,,0.3387649349600456,0.0034715917330473134,0.039247012976436124,-6.715059425962891,-6.006252157391807,-0.3719855181773529,-0.3688283342519097,-2.617365837097168,2.2083135180165647,-2.2083135180165647,0.030528725999829476,pixhawk_fused,True,0.8,0.2,gyro,-1.0,0.22993960976600647,-0.16979438066482544,0.24,-0.21025109724664515,0.02549209099925065,1,0.3387786794341948,0.3387786794341948,0.4541203881306487,0.33877380954546393,0.0018164815525225947,0.005361878910097319,0.0016551339728079156,0.0016551339728079154,-0.03388513406633881,0.4072354078581484,,,
6.7456744000082836,4287.707600373,odom,navigating,1,4,,0.36509280782951786,0.004329077996997416,0.03163753772430605,-6.69058376766426,-6.015990448996223,-0.379594993429483,-0.3904653126057938,-2.6121981143951416,2.204210867135751,-2.204210867135751,0.10893724300058238,pixhawk_fused,True,0.8,0.2,gyro,-1.0,0.23553183674812317,-0.1345251053571701,0.24,-0.16647492993429053,0.04659306700068555,1,0.365110771560236,0.365110771560236,0.4894175913564868,0.36510552315193917,0.001957670365425947,0.005361878910097319,0.002371441720662703,0.0023714417206627024,-0.026275658814208736,0.3809073343209982,,,
7.065497300005518,4287.809687198,odom,navigating,1,4,,0.38731453746457434,0.004664620574458295,0.016064429549129455,-6.670080560084466,-6.024565781977205,-0.3951681016046596,-0.4053426319510301,-2.5963659286499023,2.1884638207843183,-2.1884638207843183,0.03213484699972469,pixhawk_fused,True,0.8,0.2,gyro,-1.0,0.24725863337516785,-0.18258337676525116,0.24,-0.16546210219791327,0.04872950599929027,1,0.38733398089157134,0.38733398089157134,0.5192069879735043,0.3873284130282342,0.002076827951894017,0.005361878910097319,0.0025878298221994776,0.0025878298221994776,-0.010702550639032136,0.3586860782840062,,,
7.065656100050546,4287.909799358,odom,navigating,1,4,,0.41071336807191455,0.004665507960460946,-0.013335645558611386,-6.648632162687199,-6.033918403196272,-0.42456817671240044,-0.4202352013820915,-2.562875747680664,2.155436913578737,-2.155436913578737,0.02675320400066994,pixhawk_fused,True,0.8,0.2,gyro,-1.0,0.2483883649110794,-0.16829022765159607,0.24,-0.10616256518478227,0.048966407000079926,1,0.410732479902539,0.410732479902539,0.5505718172782339,0.4107265756895625,0.0022022872691129357,0.005361878910097319,0.002463256100256103,0.002463256100256103,0.018697524468708704,0.3352872924083537,,,
7.065779899945483,4288.027170657,odom,navigating,1,4,,0.4396388656753051,0.00423713036908438,-0.015233837652750992,-6.6222894571256905,-6.045873727644576,-0.42646636880654004,-0.4297261799762457,-2.562875747680664,2.155436913578737,-2.155436913578737,0.14496581300045364,pixhawk_fused,True,0.8,0.2,gyro,-1.0,0.2522294223308563,0.0,0.24,0.009488314707863604,0.011390065999876242,1,0.4396552648088124,0.4396552648088124,0.5893417491092227,0.4396489448354801,0.0023573669964368905,0.005361878910097319,0.0018797903943304152,0.0018797903943304148,0.02059571656284831,0.30636122609678546,,,
7.406753999995999,4288.144598566,odom,navigating,1,4,,0.4683421396954899,0.003696868398195885,-0.02726106425102731,-6.596195172702076,-6.057842777017625,-0.43849359540481636,-0.4331441574880835,-2.547940731048584,2.1412573820417404,-2.1412573820417404,0.06658533299923874,pixhawk_fused,True,0.8,0.2,gyro,-1.0,0.2455274760723114,-0.03397088497877121,0.23754596140878162,0.02963911131041109,0.03340736699919944,1,0.4683552294186878,0.4683552294186878,0.6278129985093908,0.4683484968880055,0.002511251994037563,0.005361878910097319,0.001185633447447393,0.001185633447447393,0.03262294316112463,0.27765802577567766,,,
7.406882400042377,4288.247285226,odom,navigating,1,4,,0.49054279913927334,0.0032246482808772348,-0.031397683388141306,-6.576034173245935,-6.067150105985033,-0.44263021454193036,-0.43302206607389,-2.5434513092041016,2.1360561139350414,-2.1360561139350414,0.05208589199992275,pixhawk_fused,True,0.8,0.2,gyro,-1.0,0.23257561028003693,-0.06785628944635391,0.21498012992186522,0.08416487475472914,0.030833458000415703,1,0.4905530377566263,0.4905530377566263,0.6575683460268618,0.4905459861360389,0.002630273384107447,0.005361878910097319,0.0005943834409356299,0.0005943834409356296,0.036759562298238624,0.25545837751360984,,,
7.406990100047551,4288.368270645,odom,navigating,1,4,,0.5150559194466058,0.0027636668908581907,-0.029920722517219556,-6.553749012936684,-6.0773715149404905,-0.4411532536710086,-0.42563681660585984,-2.5434513092041016,2.1360561139350414,-2.1360561139350414,0.17306679300054384,pixhawk_fused,True,0.8,0.2,gyro,-1.0,0.20230573415756226,0.10097921639680862,0.1942743360862944,0.11297134038410732,0.00772122499984107,1,0.515063333977269,0.515063333977269,0.6904234986932133,0.5150559300251372,0.002761693994772853,0.005361878910097319,1.972924445808067e-06,1.9729244458073777e-06,0.03528260142731687,0.23094738981467056,,,
7.724275000044145,4288.486484661,odom,navigating,1,4,,0.5377329285699786,0.0025336201130697344,-0.021426689477042182,-6.533054571405436,-6.086647276580983,-0.43265922063083123,-0.4168477699669026,-2.552213191986084,2.1444764020582316,-2.1444764020582316,0.008423743000093964,pixhawk_fused,True,0.8,0.2,gyro,-1.0,0.19903646409511566,0.03397594392299652,0.17558212897204367,0.11092392623552493,0.02669726099975378,1,0.537738783645247,0.537738783645247,0.7208191068863179,0.5377310537371931,0.0028832764275452715,0.005361878910097319,0.0003496613408007655,-0.0003496613408007653,0.0267885683871395,0.20827223365588232,,,
7.724632799974643,4288.586908497,odom,navigating,1,4,,0.5548624432130494,0.002464718047647335,-0.013520133227161224,-6.517380707346088,-6.093557776190337,-0.4247526643809503,-0.4134603126756068,-2.56195330619812,2.1535126348873255,-2.1535126348873255,0.03119015200081776,pixhawk_fused,True,0.8,0.2,gyro,-1.0,0.16281528770923615,0.033969081938266754,0.15825797388389837,0.08741828545634413,0.02369406900015747,1,0.5548676826115537,0.5548676826115537,0.7437797673972484,0.5548597064783473,0.0029751190695889934,0.005361878910097319,0.0005104083589792778,-0.0005104083589792774,0.01888201213725854,0.19114372264125748,,,
7.724941599997692,4288.687086284,odom,navigating,1,4,,0.5711045299207921,0.0024370463382834273,-0.012596224339581796,-6.5025038039169605,-6.10007574295197,-0.42382875549337085,-0.41414694512091943,-2.5618598461151123,2.15483915831052,-2.15483915831052,0.06665242300005048,pixhawk_fused,True,0.8,0.2,gyro,-1.0,0.1680641621351242,-0.03392983227968216,0.15016332599003354,0.06413197645359582,0.026990288999513723,1,0.5711093874702827,0.5711093874702827,0.7655511767629966,0.5711011778651954,0.003062204707051986,0.005361878910097319,0.0006251673554481939,-0.0006251673554481937,0.017958103249679114,0.17490245360879242,,,
8.04630010004621,4288.787775482,odom,navigating,1,4,,0.5864108715822794,0.0023965928416758153,-0.014005249017023769,-6.488489740756833,-6.106231371700321,-0.4252377801708128,-0.41278892661840516,-2.5606226921081543,2.152738412748056,-2.152738412748056,0.004971063000084541,pixhawk_fused,True,0.8,0.2,gyro,-1.0,0.15771782398223877,0.03398437425494194,0.13487881793884784,0.05908725049381938,0.02717985899926134,1,0.586415292199873,0.586415292199873,0.7860681803952821,0.5864068625748805,0.0031442727215811287,0.005361878910097319,0.0007476906278371748,-0.0007476906278371747,0.019367127927121086,0.1595971830066028,,,
8.04643520002719,4288.907777225,odom,navigating,1,4,,0.6011556919152576,0.00232987102392454,-0.01994741510175141,-6.475000884716967,-6.1121866165473895,-0.43117994625554046,-0.418892441567743,-2.5538651943206787,2.1468365809870535,-2.1468365809870535,0.013633667999783938,pixhawk_fused,True,0.8,0.2,gyro,-1.0,0.1178041398525238,0.0,0.12146462446568529,0.060549946953926216,0.04712138499962748,1,0.6011595428258503,0.6011595428258503,0.805832307311849,0.6011509012546393,0.003223329229247396,0.005361878910097319,0.0008934710488246936,-0.0008934710488246937,0.025309294011848726,0.1448539364854973,,,
8.046535899979062,4289.008522533,odom,navigating,1,4,,0.6120206925248391,0.0022202254902321528,-0.020756094978393702,-6.465085541583334,-6.116630289682487,-0.43198862613218275,-0.4229360149099089,-2.5538651943206787,2.1468365809870535,-2.1468365809870535,0.11367945900019549,pixhawk_fused,True,0.8,0.2,gyro,-1.0,0.11031611263751984,-0.03368482366204262,0.115883149188398,0.07042665658055167,0.04668706399934308,1,0.6120237993495473,0.6120237993495473,0.8203954445126083,0.6120150016064058,0.003281581778050433,0.005361878910097319,0.001061371544862597,-0.0010613715448625969,0.02611797388849102,0.13399112817208947,,,
8.383990500005893,4289.128097103,odom,navigating,1,4,,0.6244580973373615,0.0020666042370311444,-0.025464755019344032,-6.453746466256103,-6.121742824150181,-0.4366972861731331,-0.4256062942566337,-2.5494260787963867,2.141618350086699,-2.141618350086699,0.03269990500029962,pixhawk_fused,True,0.8,0.2,gyro,-1.0,0.10549817234277725,-0.03382135555148125,0.1003970707682503,0.0677438362265281,0.013212569999268453,1,0.6244602016817759,0.6244602016817759,0.8370659854790375,0.624451225167362,0.0033482639419161503,0.005361878910097319,0.00128167812880084,-0.0012816781288008399,0.03082663392944135,0.12155727918158817,,,
8.3842178999912,4289.246381191,odom,navigating,1,4,,0.635275896937319,0.0019164101170102699,-0.026735702957564778,-6.443890597796367,-6.12620479718494,-0.4379682341113538,-0.4249654327958686,-2.5480422973632812,2.1398694823812345,-2.1398694823812345,0.04577431199959392,pixhawk_fused,True,0.8,0.2,gyro,-1.0,0.09045293927192688,-0.033969081938266754,0.0957387705955356,0.07450949886532252,0.03429167500053154,1,0.635277040458788,0.635277040458788,0.8515655609303833,0.6352679084540659,0.003406262243721533,0.005361878910097319,0.001489873543402513,-0.0014898735434025127,0.032097581867662095,0.11074370567140915,,,
8.384356099995784,4289.346567292,odom,navigating,1,4,,0.6438651885814275,0.0018165443492121625,-0.025927049692654802,-6.436057325746625,-6.129729815357073,-0.43715958084644385,-0.42092184102234126,-2.5480422973632812,2.1398694823812345,-2.1398694823812345,0.1459570619999795,pixhawk_fused,True,0.8,0.2,gyro,-1.0,0.08528419584035873,-0.03396914154291153,0.08706277207605849,0.07355881705373482,0.03249616999983118,1,0.6438656731676295,0.6438656731676295,0.8630783079124682,0.6438564177027013,0.0034523132316498727,0.005361878910097319,0.0016357923966888784,-0.0016357923966888784,0.03128892860275212,0.10215814789866898,,,
8.724227500031702,4289.446767097,odom,navigating,1,4,,0.6520598656116222,0.00174373259436153,-0.02353795421883126,-6.428574954272876,-6.133072292030091,-0.4347704853726203,-0.41822103626028484,-2.5502495765686035,2.1421806603502134,-2.1421806603502134,0.06827921100011736,pixhawk_fused,True,0.8,0.2,gyro,-1.0,0.08269982784986496,0.0,0.0790423738241264,0.07438563900520025,0.03140173900010268,1,0.652059841994725,0.652059841994725,0.8740622905361193,0.652050468739945,0.003496249162144477,0.005361878910097319,0.0017525417602873372,-0.0017525417602873372,0.028899833128928576,0.09396722615631593,,,
8.724437099997886,4289.568301556,odom,navigating,1,4,,0.661777222766097,0.001690608181493497,-0.020324264258283264,-6.419688980495155,-6.137005397964657,-0.4315567954120723,-0.41484883953750973,-2.5532264709472656,2.1453547287564376,-2.1453547287564376,0.04546046900031797,pixhawk_fused,True,0.8,0.2,gyro,-1.0,0.08192624896764755,0.06730270385742188,0.0712720683395139,0.07802278894919486,0.007043855000119947,1,0.6617767746184581,0.6617767746184581,0.8870874821505937,0.661767261684343,0.0035483499286023752,0.005361878910097319,0.001857768452229948,-0.0018577684522299482,0.025686143168380582,0.0842544330914584,,,
8.724659499945119,4289.685980438,odom,navigating,1,4,,0.6696665575540897,0.0016633184247515642,-0.017057263533170497,-6.412468297586553,-6.140184090535712,-0.42828979468695955,-0.4135060759108472,-2.5597643852233887,2.1491027327794234,-2.1491027327794234,0.010003624000091804,pixhawk_fused,True,0.8,0.2,gyro,-1.0,0.06566674262285233,0.03194731846451759,0.06420604347731082,0.07500132170671134,0.027590106000388914,1,0.6696658496748691,0.6696658496748691,0.8976624977702089,0.6696562233365758,0.0035906499910808355,0.005361878910097319,0.0019273592718071183,-0.0019273592718071185,0.022419142443267814,0.07636919874155557,,,
9.065011600032449,4289.805293663,odom,navigating,1,4,,0.6763398530435919,0.0016502448232472433,-0.01637078932944569,-6.4063565885973865,-6.1428636533435235,-0.42760332048323474,-0.4101186286266104,-2.560479164123535,2.149114046298864,-2.149114046298864,0.013218422000136343,pixhawk_fused,True,0.8,0.2,gyro,-1.0,0.05121409147977829,0.06731609255075455,0.058360607652390185,0.0788803495484613,0.04691657600051258,1,0.6763389791380954,0.6763389791380954,0.9066075829418837,0.6763292568746453,0.003626430331767535,0.005361878910097319,0.001976213916275753,-0.001976213916275753,0.021732668239543007,0.0696997663079228,,,
9.06514059996698,4289.90964261,odom,navigating,1,4,,0.6817685362026772,0.0016573937780900438,-0.01637078932944569,-6.401377643397215,-6.145027158980904,-0.42760332048323474,-0.4101186286266104,-2.560479164123535,2.149114046298864,-2.149114046298864,0.11636171699956321,pixhawk_fused,True,0.8,0.2,gyro,-1.0,0.0614355094730854,0.0,0.055759813046338015,0.08011001818516057,0.04838209000081406,1,0.6817676225923848,0.6817676225923848,0.9138844802856071,0.6817578222930629,0.0036555379211424283,0.005361878910097319,0.0019981728664642032,-0.0019981728664642037,0.021732668239543007,0.06427416857072304,,,
9.06524000002537,4290.027718259,odom,navigating,1,4,,0.6881298018560028,0.0016834319712435986,-0.010391032997600302,-6.3955363154255345,-6.147546140169192,-0.42162356415138935,-0.40538839728286946,-2.566471815109253,2.1554061422356985,-2.1554061422356985,0.008633662000647746,pixhawk_fused,True,0.8,0.2,gyro,-1.0,0.05623335391283035,-1.8330720195081085e-05,0.05,0.0878403715564223,0.012780748000295716,1,0.6881289364165152,0.6881289364165152,0.9224115880353025,0.6881190446743357,0.0036896463521412103,0.005361878910097319,0.0020062432203194623,-0.0020062432203194623,0.01575291190769762,0.057916546173415344,,,
9.405496599967591,4290.129544887,odom,navigating,1,4,,0.6930792612649791,0.0017216640383143078,-0.007937278626715505,-6.390984215384948,-6.149489589513154,-0.41916980978050455,-0.40131431360223685,-2.569406032562256,2.1574548694891504,-2.1574548694891504,0.03469160799977544,pixhawk_fused,True,0.8,0.2,gyro,-1.0,0.05226071551442146,0.03615359961986542,0.05,0.08943253525315661,0.018345553000472137,1,0.6930785296725447,0.6930785296725447,0.9290463361672421,0.6930685667807626,0.0037161853446689686,0.005361878910097319,0.00199454997768804,-0.0019945499776880394,0.013299157536812824,0.05296975932562514,,,
9.405654600006528,4290.247124328,odom,navigating,1,4,,0.6989522127752844,0.001800774703721364,-0.006173669884403099,-6.385569275075361,-6.151764724538464,-0.41740620103819215,-0.392494743838723,-2.569406032562256,2.1574548694891504,-2.1574548694891504,0.151980074999301,pixhawk_fused,True,0.8,0.2,gyro,-1.0,0.04393428564071655,0.10190732777118683,0.05,0.1012426329879783,0.029638140000315616,1,0.6989518209398976,0.6989518209398976,0.9369192675878062,0.6989417736205035,0.003747677070351225,0.005361878910097319,0.001946930353438842,-0.0019469303534388421,0.011535548794500418,0.047099160020598066,,,
9.405752700055018,4290.368144801,odom,navigating,1,4,,0.7046754695671246,0.0019164220888676087,-0.0019275816649462207,-6.3802769440935,-6.153946530075506,-0.41316011281873527,-0.38842062082292717,-2.573179006576538,2.161743936589884,-2.161743936589884,0.09334529499938071,pixhawk_fused,True,0.8,0.2,gyro,-1.0,0.05121536925435066,-1.673543556535151e-05,0.05,0.12190303906431886,0.0071335020002152305,1,0.7046756155451512,0.7046756155451512,0.9445918042186798,0.7046654859471352,0.0037783672168747195,0.005361878910097319,0.00186197189355197,-0.0018619718935519699,0.00728946057504354,0.04137702396752824,,,
9.744377200026065,4290.48416525,odom,navigating,1,4,,0.7112448422877918,0.002101593125275525,0.007672827752281175,-6.374181247516537,-6.156402834107457,-0.4035597034015079,-0.3755727417496467,-2.5822982788085938,2.1705327434194857,-2.1705327434194857,0.09149979199992231,pixhawk_fused,True,0.8,0.2,gyro,-1.0,0.06462365388870239,0.10190901905298233,0.05,0.11669626967155851,0.024696539999240485,1,0.7112458866920655,0.7112458866920655,0.9533990115917751,0.7112356626474642,0.0038135960463671005,0.005361878910097319,0.0017120275312104746,-0.0017120275312104741,-0.002310948842183856,0.0348069667776792,,,
9.744753699982539,4290.587374635,odom,navigating,1,4,,0.7168177387213452,0.002311383564310099,0.020260095639282272,-6.3689891084853185,-6.158438240447213,-0.3909724355145068,-0.3681111928637913,-2.5973777770996094,2.1844010514868075,-2.1844010514868075,0.007113964999916789,pixhawk_fused,True,0.8,0.2,gyro,-1.0,0.05429474264383316,0.10193292051553726,0.05,0.1477561801836261,0.026669075999961933,1,0.7168198278816744,0.7168198278816744,0.9608706752179222,0.71680952371257,0.003843482700871689,0.005361878910097319,0.0015321211605555049,-0.001532121160555505,-0.014898216729184953,0.029231075909082693,,,
9.744898100034334,,mission_status,turning,1,4,final alignment at waypoint 1/4,0.7168177387213452,0.002311383564310099,0.020260095639282272,,,,,,,,,,,,,,,,,,,,,,,,,,,,,,,final,-1.5707963267948966,
9.744953399989754,4290.708173652,odom,turning,1,4,,0.721941327602305,0.002552326661949156,0.03040187643493486,-6.364196364764194,-6.1602654854283285,-0.3808306547188542,-0.3667531316331528,-2.610271453857422,2.196738404433208,-2.196738404433208,0.013011130000450066,pixhawk_fused,True,0.8,0.2,gyro,-1.0,0.02568373829126358,-0.3375885486602783,0.0,-1.55,0.008755547999498958,1,0.721944635013396,0.721944635013396,0.9677402911206673,0.7219342571760178,0.0038709611644826693,0.005361878910097319,0.001318653457963725,-0.001318653457963725,-0.025039997524837543,0.02410218819180769,final,-1.5707963267948966,-1.6011982032298313
10.084972999989986,4290.827676834,odom,turning,1,4,,0.7268756174012817,0.0026333550709979336,-0.010293115725219848,-6.359641062241166,-6.16216364252063,-0.4215256468790089,-0.4343648327334265,-2.5702269077301025,2.1627723978561932,-2.1627723978561932,0.027020344999982626,pixhawk_fused,True,0.8,0.2,gyro,-1.0,0.05120135471224785,-0.6729936003684998,0.0,-1.55,0.011045759999433358,1,0.7268792883451907,0.7268792883451907,0.9743550128323979,0.7268688395729688,0.0038974200513295916,0.005361878910097319,0.0012640831513225364,-0.0012640831513225357,0.015654994635317165,0.019173151231451916,final,-1.5707963267948966,-1.5605032110696766
10.085392200038768,4290.927802474,odom,turning,1,4,,0.7321491750319379,0.002358736529099237,-0.024753556872891158,-6.354916943143769,-6.164523414581871,-0.4359860880266802,-0.5067220036038327,-2.5702269077301025,2.1627723978561932,-2.1627723978561932,0.12698937799996202,pixhawk_fused,True,0.8,0.2,gyro,-1.0,0.05634671822190285,-0.7406245470046997,0.0,-1.55,0.010137174999726994,1,0.7321512977049962,0.7321512977049962,0.9814219479202311,0.7321407731484924,0.0039256877916809246,0.005361878910097319,0.0015669737875764794,-0.0015669737875764792,0.030115435782988476,0.013947727344510505,final,-1.5707963267948966,-1.5460427699220054
10.08560899994336,4291.046727914,odom,turning,1,4,,0.7385571080317448,0.0015052331069952962,-0.16402660341563075,-6.349384425978862,-6.167867263747364,-0.5752591345694198,-0.5953145751169109,-2.419259548187256,2.010842741410213,-2.010842741410213,0.02402879999954166,pixhawk_fused,True,0.8,0.2,gyro,-1.0,0.05633550137281418,-0.7404771447181702,0.0,-1.55,0.010189637000621588,1,0.7385545622317321,0.7385545622317321,0.9900052890473676,0.7385439456293362,0.00396002115618947,0.005361878910097319,0.0024548233368826573,-0.0024548233368826573,0.16938848232572806,0.007849872782507383,final,-1.5707963267948966,-1.4067697233792658
10.425405399990268,4291.146871349,odom,turning,1,4,,0.7436754172995584,0.0003997738479885049,-0.17836473996776475,-6.345134731780167,-6.1709265494731325,-0.5895972711215538,-0.667076661834767,-2.419259548187256,2.010842741410213,-2.010842741410213,0.12409538599968073,pixhawk_fused,True,0.8,0.2,gyro,-1.0,0.0516899898648262,-0.6794162392616272,0.0,-1.55,0.03072551700006443,2,0.7495953730595333,0.0035846492760208295,0.005974282699672044,0.7460238971307986,0.00041543038019677386,-1.5641297588910283,0.0023485320191010376,-0.0023485320191010814,-1.3857650189232635,0.004285476995250314,final,-1.5707963267948966,-1.3924315868271318
10.425568099948578,4291.268294347,odom,turning,1,4,,0.7494855077372551,-0.001336336666326432,-0.24090092235058064,-6.340503027176056,-6.174840440513055,-0.6521334535043697,-0.7501759994807717,-2.360450267791748,1.9534287084741169,-1.9534287084741169,0.09035797199976514,pixhawk_fused,True,0.8,0.2,gyro,-1.0,0.05377480015158653,-0.7068191170692444,0.0,-1.55,0.013256013000500388,2,0.7513701780704264,0.005359454286913938,0.008932225319832673,0.7460357289012793,-0.0013593351918996036,-1.5641297588910283,0.00344985549687588,0.003449855496875891,-1.3232288365404477,0.006373794254825377,final,-1.5707963267948966,-1.3298954044443159
10.425676799961366,4291.387737846,odom,turning,1,4,,0.7555480610309802,-0.0037314754199892497,-0.36568383002234145,-6.335903347396351,-6.179459335187404,-0.7769163611761305,-0.839516234518239,-2.226428270339966,1.819812356392818,-1.819812356392818,0.10668754600010288,pixhawk_fused,True,0.8,0.2,gyro,-1.0,0.0620093010365963,-0.8150538802146912,0.0,-1.55,0.031456700000489946,2,0.7538056797243897,0.007794955940877291,0.012991304542346647,0.7460519652181694,-0.003794782725407988,-1.5641297588910283,0.009496306834817479,0.009496306834817506,-1.1984459288686868,0.012285812208446776,final,-1.5707963267948966,-1.205112496772555
10.766546000028029,4291.487748286,odom,turning,1,4,,0.7605488703705221,-0.0062018303826648635,-0.4381405677530969,-6.332306959615542,-6.1837227543108435,-0.849373098906886,-0.9159474348528747,-2.1546382904052734,1.7483472910923532,-1.7483472910923532,0.08947949699995661,pixhawk_fused,True,0.8,0.2,gyro,-1.0,0.056873273104429245,-0.7475456595420837,0.0,-1.55,0.030633444999693893,2,0.7563093177802125,0.010298593996700113,0.01716394191114008,0.7460686557676446,-0.006298365146684047,-1.5641297588910283,0.014480536381848966,0.014480536381848992,-1.1259891911379314,0.017769270446895673,final,-1.5707963267948966,-1.1326557590417996
10.766707199974917,4291.607926338,odom,turning,1,4,,0.7662917196348453,-0.009668726408955275,-0.5749781455177623,-6.328428753379958,-6.189196254299345,-0.9862106766715513,-1.007896956027119,-2.005580425262451,1.6002988257212214,-1.6002988257212214,0.01611798700014333,pixhawk_fused,True,0.8,0.2,gyro,-1.0,0.061222583055496216,-0.8047131896018982,0.0,-1.55,0.015475449999939883,2,0.759814421577935,0.013803697794422611,0.023005651759678863,0.7460920226070387,-0.009803391055807317,-1.5641297588910283,0.020200145904975368,0.02020014590497532,-0.9891516133732661,0.024466057454809485,final,-1.5707963267948966,-0.9958181812771343
10.766837700037286,4291.72816287,odom,turning,1,4,,0.7718113960542123,-0.013742038472638052,-0.6533969965669051,-6.324997522193586,-6.195136401729193,-1.064629527720694,-1.1019063823642186,-1.9298170804977417,1.5257759935659938,-1.5257759935659938,0.03072901700033981,pixhawk_fused,True,0.8,0.2,gyro,-1.0,0.06165327876806259,-0.8103743195533752,0.0,-1.55,0.010661938000339433,2,0.7639244401516823,0.017913716368169883,0.029855530498088086,0.7461194221219923,-0.01391331829885285,-1.5641297588910283,0.025692544858630494,0.025692544858630484,-0.9107327623241233,0.03132104876009067,final,-1.5707963267948966,-0.9173993302279915
11.105598900001496,4291.846924166,odom,turning,1,4,,0.7769945407224492,-0.01838385805691567,-0.6724202116553344,-6.322102020569779,-6.201463134539371,-1.0836527428091234,-1.1972433056767682,-1.9298170804977417,1.5257759935659938,-1.5257759935659938,0.14937235300021712,pixhawk_fused,True,0.8,0.2,gyro,-1.0,0.0640399307012558,-0.841744601726532,0.0,-1.55,0.010993466000400076,2,0.7686007101177924,0.022589986334279995,0.037649140585527305,0.7461505965623421,-0.018589484351316382,-1.5641297588910283,0.03084462957347288,0.030844629573472837,-0.891709547235694,0.03823216781857539,final,-1.5707963267948966,-0.8983761151395622
11.105821199947968,4291.966973314,odom,turning,1,4,,0.7817158600938877,-0.023502586474215326,-0.7516796914104764,-6.319820480579587,-6.208042405964867,-1.1629122225642654,-1.29265640156796,-1.8544260263442993,1.4505268699926905,-1.4505268699926905,0.0860461509992092,pixhawk_fused,True,0.8,0.2,gyro,-1.0,0.06461573392152786,-0.849312961101532,0.0,-1.55,0.030838679999760643,2,0.773750799552408,0.027740075768895634,0.04623243223885813,0.7461849297289554,-0.023739459343314877,-1.5641297588910283,0.035531719932389724,0.035531719932389745,-0.8124500674805519,0.04507787622568141,final,-1.5707963267948966,-0.8191166353844201
11.105919800000265,4292.067564792,odom,turning,1,4,,0.7851893789132307,-0.02799406911336022,-0.9028480958440364,-6.318431975692835,-6.213547930777774,-1.3140806269978254,-1.3704763507112712,-1.6857026815414429,1.2810996289057308,-1.2810996289057308,0.02634821599986026,pixhawk_fused,True,0.8,0.2,gyro,-1.0,0.056867558509111404,-0.747470498085022,0.0,-1.55,0.030371990000276128,2,0.7782653386617052,0.03225461487819284,0.053756496888107914,0.7462150259875524,-0.02825389813286475,-1.5641297588910283,0.0389752190127869,0.03897521901278688,-0.661281663046992,0.05059078847018736,final,-1.5707963267948966,-0.6679482309508602
11.466162199969403,4292.187504147,odom,turning,1,4,,0.7890281850366536,-0.033969816122748686,-0.9701937834175696,-6.31730195688879,-6.220559994830245,-1.3814263145713586,-1.4678121536263011,-1.6250722408294678,1.2212332984013134,-1.2212332984013134,0.00492658199982543,pixhawk_fused,True,0.8,0.2,gyro,-1.0,0.05899308994412422,-0.7754086256027222,0.0,-1.4404189565140166,0.01687944700006483,2,0.7842665443532718,0.03825582056975939,0.06375828411458331,0.7462550331364584,-0.03425497046874999,-1.5641297588910283,0.0427741024041209,0.042774102404120926,-0.5939359754734588,0.05738581396080262,final,-1.5707963267948966,-0.600602543377327
11.46639790001791,4292.305806586,odom,turning,1,4,,0.7919152922735496,-0.03953606880030147,-1.1068523206759513,-6.316880601699103,-6.2268162730267305,-1.5180848518297403,-1.5537495263375296,-1.4766911268234253,1.0719178757471617,-1.0719178757471617,0.016201354999793693,pixhawk_fused,True,0.8,0.2,gyro,-1.0,0.05171076953411102,-0.6796894073486328,0.0,-1.2896574648139303,0.0058492409998507355,2,0.7898519202943176,0.043841196510805196,0.073067037157446,0.7462922681486298,-0.0398402222944676,-1.5641297588910283,0.04562403795863567,0.0456240379586357,-0.45727743821507705,0.06327403378282492,final,-1.5707963267948966,-0.46394400611894526
11.466587099945173,4292.427696533,odom,turning,1,4,,0.7942147042818528,-0.04506513785125882,-1.177097892931215,-6.316983081137203,-6.232803542698204,-1.588330424085004,-1.6357961016128866,-1.4095520973205566,1.0046201491159972,-1.0046201491159972,0.016964963000646094,pixhawk_fused,True,0.8,0.2,gyro,-1.0,0.04778660833835602,-0.6281099915504456,0.0,-0.9907065379274287,0.004096809000657231,2,0.7953961955539157,0.04938547177040328,0.08230729058675922,0.746329229162347,-0.04538437435205553,-1.5641297588910283,0.047886539229351814,0.047886539229351786,-0.3870318659598133,0.06878986452486695,final,-1.5707963267948966,-0.39369843386368153
11.789477000012994,4292.545302714,odom,turning,1,4,,0.7956243823231495,-0.04930820669782765,-1.189325966653075,-6.317387051422212,-6.237256365783132,-1.600558497806864,-1.6970601515435637,-1.4095520973205566,1.0046201491159972,-1.0046201491159972,0.13434277900068992,pixhawk_fused,True,0.8,0.2,gyro,-1.0,0.0385737381875515,-0.5070154666900635,0.0,-0.848158066874138,0.021420596000098158,2,0.799648567757983,0.053637843974470606,0.08939442010352092,0.7463575776804141,-0.049636652062112555,-1.5641297588910283,0.04926789944845194,0.04926789944845197,-0.37480379223795324,0.07283092902258234,final,-1.5707963267948966,-0.38147036014182145
11.789639799972065,4292.646665448,odom,turning,1,4,,0.7965088308430919,-0.05254603074720926,-1.2792886981257774,-6.317870626270745,-6.24057779757154,-1.6905212292795664,-1.7430348556863338,-1.3045709133148193,0.9036898517412718,-0.9036898517412718,0.0495725009996022,pixhawk_fused,True,0.8,0.2,gyro,-1.0,0.03100465051829815,-0.4075269401073456,0.0,-0.6487565640371653,0.029170152999540733,2,0.8028922160505586,0.05688149226704621,0.09480038046002934,0.7463792015218401,-0.0528802282760176,-1.5641297588910283,0.05013074330063704,0.05013074330063704,-0.28484106076525095,0.07581949344594967,final,-1.5707963267948966,-0.29150762866911917
11.789760999963619,4292.749926147,odom,turning,1,4,,0.7970812831972647,-0.0550489706858755,-1.2863141776692222,-6.318346423661922,-6.2431008962372525,-1.6975467088230112,-1.7782216575779055,-1.3045709133148193,0.9036898517412718,-0.9036898517412718,0.1526993509996828,pixhawk_fused,True,0.8,0.2,gyro,-1.0,0.023268677294254303,-0.30584484338760376,0.0,-0.6285468166615376,0.004048200000397628,2,0.8053989166344142,0.05938819285090178,0.0989781219287875,0.7463959124877152,-0.05538687315727249,-1.5641297588910283,0.05068649703860618,0.050686497038606226,-0.27781558122180616,0.07807738745719237,final,-1.5707963267948966,-0.2844821491256744
12.106943399994634,4292.865566809,odom,turning,1,4,,0.797580620004581,-0.05766465174250518,-1.3274484746539925,-6.31893430793852,-6.24569810949659,-1.7386810058077815,-1.8146902299856196,-1.2620222568511963,0.8613924796087321,-0.8613924796087321,0.0860384099996736,pixhawk_fused,True,0.8,0.2,gyro,-1.0,0.019622117280960083,-0.2579142451286316,0.0,-0.5375160470360879,0.008523628999682842,2,0.808017868404811,0.06200714462129865,0.10334294455113505,0.7464133717782045,-0.05800576673068103,-1.5641297588910283,0.051168385263703396,0.05116838526370341,-0.23668128423703583,0.08039334322306435,final,-1.5707963267948966,-0.24334785214090404
12.10710509994533,4292.967341494,odom,turning,1,4,,0.797881811326182,-0.05956617304557715,-1.3805175216894863,-6.319418340284544,-6.247561496779537,-1.7917500528432753,-1.8410573938425578,-1.203047275543213,0.8016604309184131,-0.8016604309184131,0.08655369200005225,pixhawk_fused,True,0.8,0.2,gyro,-1.0,0.023119980469346046,-0.3038903772830963,0.0,-0.4212832922650279,0.009900663999360404,2,0.8099213553507871,0.0639106315672747,0.10651535229726185,0.746426061409189,-0.0599092113783571,-1.5641297588910283,0.0514568933653974,0.05145689336539735,-0.18361223720154207,0.08205108592910763,final,-1.5707963267948966,-0.1902788051054103
12.107223200029694,4293.068773966,odom,turning,1,4,,0.7981386111115545,-0.06152498564697012,-1.3859239142277746,-6.319965964781889,-6.249459653871837,-1.7971564453815636,-1.8681264734383427,-1.203047275543213,0.8016604309184131,-0.8016604309184131,0.18779370700030995,pixhawk_fused,True,0.8,0.2,gyro,-1.0,0.015502325259149075,-0.2037634700536728,0.0,-0.4105799108010613,0.032074329999886686,2,0.811881836384988,0.06587111260147566,0.10978274807960836,0.7464391309923184,-0.06186964884776501,-1.5641297588910283,0.05170062898380705,0.051700628983807013,-0.17820584466325373,0.08373743793953548,final,-1.5707963267948966,-0.18487241256712195
12.44655110000167,4293.184186098,odom,turning,1,4,,0.7983313150041359,-0.06338946864760686,-1.4177173263477474,-6.320534634163844,-6.251245724078718,-1.8289498575015364,-1.8938069134697326,-1.1703065633773804,0.7683420814973888,-0.7683420814973888,0.10508042499986914,pixhawk_fused,True,0.8,0.2,gyro,-1.0,0.015361934900283813,-0.20191816985607147,0.0,-0.33855030682065035,0.006748067999978957,2,0.8137475626181198,0.06773683883460734,0.11289222270282616,0.7464515688908113,-0.06373533362169569,-1.5641297588910283,0.05188089898376201,0.051880898983762025,-0.14641243254328096,0.08532237112662124,final,-1.5707963267948966,-0.15307900044714917
12.446751400013454,4293.287980707,odom,turning,1,4,,0.7984057702676026,-0.06427436083296806,-1.4533857269132096,-6.32082011259855,-6.252086604468125,-1.8646182580669985,-1.9059682419068678,-1.1300139427185059,0.7268048071814356,-0.7268048071814356,0.09749526999985392,pixhawk_fused,True,0.8,0.2,gyro,-1.0,0.002782694296911359,-0.03657589852809906,0.0,-0.25861199881772207,0.004356284000095911,2,0.8146329314972587,0.06862220771374626,0.11436780471104409,0.7464574712188442,-0.06462068282662645,-1.5641297588910283,0.05194945344257749,0.05194945344257753,-0.11074403197781879,0.08606830487752774,final,-1.5707963267948966,-0.117410599881687
12.446898699970916,4293.407621478,odom,turning,1,4,,0.7984451867124048,-0.06481567414508332,-1.4658491441210562,-6.321000366610208,-6.252598544161131,-1.8770816752748452,-1.9133992964658932,-1.1175265312194824,0.7130841898573217,-0.7130841898573217,0.10966546200052107,pixhawk_fused,True,0.8,0.2,gyro,-1.0,0.005170817021280527,-0.06796552240848541,0.0,-0.25,0.029786877000333334,2,0.8151744955510496,0.06916377176753716,0.11527039141010291,0.7464610815656404,-0.06516223484606173,-1.5641297588910283,0.051985260336265736,0.05198526033626572,-0.09828061476997219,0.08652222036761016,final,-1.5707963267948966,-0.1049471826738404
12.769671599962749,4293.507765561,odom,turning,1,4,,0.79850488597703,-0.06575142206345369,-1.4722245990532377,-6.321319699859286,-6.253480141827283,-1.8834571302070267,-1.9262471487511241,-1.1123716831207275,0.7083256450323042,-0.7083256450323042,0.009216239000124915,pixhawk_fused,True,0.8,0.2,gyro,-1.0,0.012829700484871864,-0.1686343401670456,0.0,-0.25,0.014655750000201806,2,0.8161106206619684,0.07009989687845593,0.11683056525815612,0.7464673222610326,-0.06609833915489366,-1.5641297588910283,0.05203872009345363,0.052038720093453644,-0.09190515983779068,0.0873042034001512,final,-1.5707963267948966,-0.0985717277416589
12.769820400048047,4293.627565753,odom,turning,1,4,,0.7985993866103497,-0.06792176156991858,-1.5062554957800862,-6.3221006480773045,-6.255507313212192,-1.9174880269338752,-1.956017015170594,-1.0792758464813232,0.6732303169397292,-0.6732303169397292,0.026948402000016358,pixhawk_fused,True,0.8,0.2,gyro,-1.0,0.015505439601838589,-0.2038044035434723,0.0,-0.25,0.030621335000432737,2,0.8182815419304965,0.07227081814698412,0.1204486869705584,0.7464817947478822,-0.06826921218233503,-1.5641297588910283,0.05211875001830725,0.05211875001830725,-0.057874263110942126,0.08910350868010335,final,-1.5707963267948966,-0.06454083101481034
12.769926200038753,4293.732351816,odom,turning,1,4,,0.7986249756363876,-0.06930461307225616,-1.510042728095392,-6.322629972674989,-6.2567851037059965,-1.921275259249181,-1.974968425419796,-1.0792758464813232,0.6732303169397292,-0.6732303169397292,0.1318981270005679,pixhawk_fused,True,0.8,0.2,gyro,-1.0,0.015508554875850677,-0.20384535193443298,0.0,-0.25,0.0037599479992422857,2,0.819664533293541,0.07365380951002869,0.12275362135543766,0.7464910144854218,-0.0696521728132626,-1.5641297588910283,0.05213511967056353,0.05213511967056355,-0.05408703079563626,0.09023831978934213,final,-1.5707963267948966,-0.060753598699504474
13.071284199948423,4293.847277683,odom,turning,1,4,,0.7986234738888418,-0.07073521462103405,-1.5308410569538538,-6.323203217031859,-6.2580958340191915,-1.9420735881076427,-1.9945608387019735,-1.0592120885849,0.6521309074787078,-0.6521309074787078,0.07133419699948718,pixhawk_fused,True,0.8,0.2,gyro,-1.0,0.005130345467478037,-0.06743355840444565,0.0,0.0,0.009126148999712314,2,0.8210950930408053,0.07508436925729288,0.1251378346189497,0.7465005513384758,-0.07108270077136981,-1.5641297588910283,0.05212408082466421,0.05212408082466423,-0.03328870193717459,0.0914034042505072,final,-1.5707963267948966,-0.039955269841042806
13.07144840003457,4293.96394063,odom,turning,1,4,,0.7986240033080252,-0.07068607108277031,-1.553539277333431,-6.323183087142232,-6.258050999265023,-1.9647718084872199,-1.9938893716367874,-1.0319288969039917,0.623594948935288,-0.623594948935288,0.08252099099991028,pixhawk_fused,True,0.8,0.2,gyro,-1.0,0.0,0.0,0.0,0.0,0.00577478000013798,2,0.8210459541239665,0.07503523034045415,0.1250559382441177,0.7465002237529764,-0.07103356294647062,-1.5641297588910283,0.05212493784839132,0.05212493784839127,-0.010590481557597453,0.0913635317724948,final,-1.5707963267948966,-0.017257049461465668
13.071558200055733,,mission_status,navigating,1,4,correcting final position at waypoint 1/4,0.7986240033080252,-0.07068607108277031,-1.553539277333431,,,,,,,,,,,,,,,,,,,,,,,,,,,,,,,,,
13.425316300010309,4294.06477686,odom,navigating,1,4,,0.7986240033080252,-0.07068607108277031,-1.553539277333431,-6.323183087142232,-6.258050999265023,-1.9647718084872199,-1.9938893716367874,-1.0319288969039917,0.623594948935288,-0.623594948935288,0.18337579499984713,pixhawk_fused,True,0.8,0.2,gyro,-1.0,0.0,0.0,0.05,-0.6148982486724922,0.008769565999500628,2,0.8210459541239665,0.07503523034045415,0.1250559382441177,0.7465002237529764,-0.07103356294647062,-1.5641297588910283,0.05212493784839132,0.05212493784839127,-0.010590481557597453,0.0913635317724948,,,
13.425444800057448,4294.167209138,odom,navigating,1,4,,0.7986240033080252,-0.07068607108277031,-1.5523034064341747,-6.323183087142232,-6.258050999265023,-1.9635359375879637,-1.9938893716367874,-1.032584309577942,0.6251396594876079,-0.6251396594876079,0.08961325199925341,pixhawk_fused,True,0.8,0.2,gyro,-1.0,0.0,0.0,0.05,-0.6137787236639212,0.016068950999397202,2,0.8210459541239665,0.07503523034045415,0.1250559382441177,0.7465002237529764,-0.07103356294647062,-1.5641297588910283,0.05212493784839132,0.05212493784839127,-0.011826352456853595,0.0913635317724948,,,
13.425537999952212,4294.269496901,odom,navigating,1,4,,0.7986240033080252,-0.07068607108277031,-1.55191925611007,-6.323183087142232,-6.258050999265023,-1.963151787263859,-1.9938893716367874,-1.032952904701233,0.6256198053909121,-0.6256198053909121,0.06634000500071124,pixhawk_fused,True,0.8,0.2,gyro,-1.0,0.0,0.0,0.05,-0.6137787236639212,0.02231968100022641,2,0.8210459541239665,0.07503523034045415,0.1250559382441177,0.7465002237529764,-0.07103356294647062,-1.5641297588910283,0.05212493784839132,0.05212493784839127,-0.012210502780958254,0.0913635317724948,,,
13.425621000002138,4294.387468108,odom,navigating,1,4,,0.7986240033080252,-0.07068607108277031,-1.5517461668533459,-6.323183087142232,-6.258050999265023,-1.9629786980071349,-1.9938893716367874,-1.0331710577011108,0.6258361476901574,-0.6258361476901574,0.013770721000582853,pixhawk_fused,True,0.8,0.2,gyro,-1.0,0.0,0.0,0.05,-0.6134305464964495,0.04099141100050474,2,0.8210459541239665,0.07503523034045415,0.1250559382441177,0.7465002237529764,-0.07103356294647062,-1.5641297588910283,0.05212493784839132,0.05212493784839127,-0.012383592037682467,0.0913635317724948,,,
13.76641100004781,4294.50940235,odom,navigating,1,4,,0.7986240033080252,-0.07068607108277031,-1.5515631786232842,-6.323183087142232,-6.258050999265023,-1.9627957097770732,-1.9938893716367874,-1.0333808660507202,0.6260648623678954,-0.6260648623678954,0.03378735600017535,pixhawk_fused,True,0.8,0.2,gyro,-1.0,0.0,0.0,0.05,-0.6131077324846819,0.011884625000675442,2,0.8210459541239665,0.07503523034045415,0.1250559382441177,0.7465002237529764,-0.07103356294647062,-1.5641297588910283,0.05212493784839132,0.05212493784839127,-0.012566580267744154,0.0913635317724948,,,
13.766537199961022,4294.610817619,odom,navigating,1,4,,0.7986240033080252,-0.07068607108277031,-1.5512525703802023,-6.323183087142232,-6.258050999265023,-1.9624851015339912,-1.9938893716367874,-1.0337446928024292,0.6264530871287807,-0.6264530871287807,0.007649283000318974,pixhawk_fused,True,0.8,0.2,gyro,-1.0,0.0,0.0,0.05,-0.6131077324846819,0.013402434999989055,2,0.8210459541239665,0.07503523034045415,0.1250559382441177,0.7465002237529764,-0.07103356294647062,-1.5641297588910283,0.05212493784839132,0.05212493784839127,-0.012877188510826088,0.0913635317724948,,,
13.766631499980576,4294.727878074,odom,navigating,1,4,,0.7986240033080252,-0.07068607108277031,-1.5512525703802023,-6.323183087142232,-6.258050999265023,-1.9624851015339912,-1.9938893716367874,-1.0337446928024292,0.6264530871287807,-0.6264530871287807,0.12505396899996413,pixhawk_fused,True,0.8,0.2,gyro,-1.0,0.0,0.0,0.05,-0.612826076661736,0.02967656500004523,2,0.8210459541239665,0.07503523034045415,0.1250559382441177,0.7465002237529764,-0.07103356294647062,-1.5641297588910283,0.05212493784839132,0.05212493784839127,-0.012877188510826088,0.0913635317724948,,,
14.126317500020377,4294.85069892,odom,navigating,1,4,,0.7986240033080252,-0.07068607108277031,-1.5510698454335816,-6.323183087142232,-6.258050999265023,-1.9623023765873706,-1.9938893716367874,-1.033975601196289,0.6266814720715284,-0.6266814720715284,0.06945454700053233,pixhawk_fused,True,0.8,0.2,gyro,-1.0,0.0,0.0,0.05,-0.612660356252507,0.0038116690002425457,2,0.8210459541239665,0.07503523034045415,0.1250559382441177,0.7465002237529764,-0.07103356294647062,-1.5641297588910283,0.05212493784839132,0.05212493784839127,-0.013059913457446726,0.0913635317724948,,,
14.126539999968372,4294.968419949,odom,navigating,1,4,,0.7986240033080252,-0.07068607108277031,-1.5507112451451996,-6.323183087142232,-6.258050999265023,-1.9619437762989886,-1.9938893716367874,-1.0344114303588867,0.6271296800273358,-0.6271296800273358,0.07430605700028536,pixhawk_fused,True,0.8,0.2,gyro,-1.0,0.0,0.0,0.05,-0.6123350681493165,0.016420107999692846,2,0.8210459541239665,0.07503523034045415,0.1250559382441177,0.7465002237529764,-0.07103356294647062,-1.5641297588910283,0.05212493784839132,0.05212493784839127,-0.013418513745828697,0.0913635317724948,,,
14.126710699987598,4295.087420107,odom,navigating,1,4,,0.7986240033080252,-0.07068607108277031,-1.5503871326219936,-6.323183087142232,-6.258050999265023,-1.9616196637757826,-1.9938893716367874,-1.0348235368728638,0.627534781526856,-0.627534781526856,0.0038216700004340964,pixhawk_fused,True,0.8,0.2,gyro,-1.0,0.0,0.0,0.05,-0.6123350681493165,0.04010976799963828,2,0.8210459541239665,0.07503523034045415,0.1250559382441177,0.7465002237529764,-0.07103356294647062,-1.5641297588910283,0.05212493784839132,0.05212493784839127,-0.013742626269034774,0.0913635317724948,,,
14.465242699952796,4295.206322565,odom,navigating,1,4,,0.7986240033080252,-0.07068607108277031,-1.5502206815448565,-6.323183087142232,-6.258050999265023,-1.9614532126986455,-1.9938893716367874,-1.0350266695022583,0.6277428249568566,-0.6277428249568566,0.009296606000134489,pixhawk_fused,True,0.8,0.2,gyro,-1.0,0.0,0.0,0.05,-0.6120409963205744,0.011371677000170166,2,0.8210459541239665,0.07503523034045415,0.1250559382441177,0.7465002237529764,-0.07103356294647062,-1.5641297588910283,0.05212493784839132,0.05212493784839127,-0.01390907734617186,0.0913635317724948,,,
14.465653000050224,4295.30988094,odom,navigating,1,4,,0.7986240033080252,-0.07068607108277031,-1.5502206815448565,-6.323183087142232,-6.258050999265023,-1.9614532126986455,-1.9938893716367874,-1.0350266695022583,0.6277428249568566,-0.6277428249568566,0.11203350499999942,pixhawk_fused,True,0.8,0.2,gyro,-1.0,0.0,0.0,0.05,-0.6118899479386819,0.012401204000525468,2,0.8210459541239665,0.07503523034045415,0.1250559382441177,0.7465002237529764,-0.07103356294647062,-1.5641297588910283,0.05212493784839132,0.05212493784839127,-0.01390907734617186,0.0913635317724948,,,
14.465914000058547,4295.427737316,odom,navigating,1,4,,0.7986232374132275,-0.07073581685619834,-1.5502505765786645,-6.32320367452935,-6.258096291516683,-1.9614831077324535,-1.994576005745879,-1.0351430177688599,0.6278770320729473,-0.6278770320729473,0.052185962999828917,pixhawk_fused,True,0.8,0.2,gyro,-1.0,0.0,0.0,0.05,-0.6113571628737977,0.029538420999415393,2,0.821095693686118,0.07508496990260555,0.12513883567222545,0.7465005553426889,-0.07108330140333526,-1.5641297588910283,0.05212384033949288,0.05212384033949287,-0.013879182312363847,0.09140376051898591,,,
14.788724899990484,4295.529588703,odom,navigating,1,4,,0.7986149733579659,-0.07127995559224531,-1.5518449941331356,-6.323428763295176,-6.258591761299995,-1.9630775252869246,-2.002037542273699,-1.0349738597869873,0.6277484999533863,-0.6277484999533863,0.02616060899981676,pixhawk_fused,True,0.8,0.2,gyro,-1.0,0.012921849265694618,-0.16984553635120392,0.05,-0.6113571628737977,0.0331503369998245,2,0.8216397652381185,0.07562904145460618,0.12604560144209995,0.7465041824057684,-0.07162736086525996,-1.5641297588910283,0.05211194895690764,0.05211194895690769,-0.012284764757892752,0.09184447253607532,,,
14.788870900054462,4295.650641025,odom,navigating,1,4,,0.7985168604939185,-0.07404438250308132,-1.5687666057290144,-6.324623746743017,-6.2610864951212335,-1.9799991368828034,-2.0399556899389815,-1.0261889696121216,0.6160699138056608,-0.6160699138056608,0.0885775589995319,pixhawk_fused,True,0.8,0.2,gyro,-1.0,0.035857003182172775,-0.47130656242370605,0.05,-0.5974059090191641,0.003756467999664892,2,0.8244034766480676,0.07839275286455515,0.13065168476907824,0.7465226067390763,-0.07439101086144694,-1.5641297588910283,0.05199540916986554,0.05199540916986556,0.004636846837986042,0.09406883796680471,,,
14.788971400004812,4295.750758627,odom,navigating,1,4,,0.798232977962233,-0.07768640067916721,-1.5834758810981533,-6.326339819833694,-6.2643113949389315,-1.9947084122519423,-2.0900197439275354,-1.0169621706008911,0.6101739367853971,-0.6101739367853971,0.07465591799973481,pixhawk_fused,True,0.8,0.2,gyro,-1.0,0.03841439634561539,-0.5049210786819458,0.05,-0.5841512809128891,0.004005478999715706,2,0.828043521384958,0.08203279760144551,0.1367182911852508,0.746546873164741,-0.07803097471115047,-1.5641297588910283,0.05168725336483692,0.05168725336483693,0.01934612220712495,0.09695850680946243,,,
15.10811669996474,4295.851352493,odom,navigating,1,4,,0.7976994705000062,-0.08175171815484605,-1.6680956644574345,-6.328453915741991,-6.267824518176285,-2.0793281956112235,-2.146202604526078,-0.9247757196426392,0.5184670560967298,-0.5184670560967298,0.04894016599973838,pixhawk_fused,True,0.8,0.2,gyro,-1.0,0.045069899410009384,-0.592401385307312,0.05,-0.6091232346604324,0.003780003000429133,2,0.8321051918858803,0.0860944681023679,0.1434875915928949,0.7465739503663715,-0.08209255495573693,-1.5641297588910283,0.051126656243681026,0.051126656243680985,0.10396590556640617,0.10013087643923411,,,
15.10826290003024,4295.967387755,odom,navigating,1,4,,0.796668509188708,-0.08698477615356454,-1.7260680446522079,-6.3314907840906764,-6.272209174134978,-2.137300575805997,-2.2192769143248445,-0.8702356219291687,0.4642603237640234,-0.4642603237640234,0.06635081999957038,pixhawk_fused,True,0.8,0.2,gyro,-1.0,0.046537354588508606,-0.6116896867752075,0.05,-0.6043200942798062,0.022595655000259285,2,0.8373312606756185,0.09132053689210609,0.15219751269080695,0.7466087900507632,-0.08731850761448416,-1.5641297588910283,0.05006083156378774,0.050060831563787704,0.16193828576117952,0.10414186149248743,,,
15.108374899951741,4296.070394126,odom,navigating,1,4,,0.7955614139999169,-0.09113452960479068,-1.7377856367841447,-6.334164399431097,-6.275570408205148,-2.1490181679379337,-2.278114862975838,-0.8702356219291687,0.4642603237640234,-0.4642603237640234,0.1694251520002581,pixhawk_fused,True,0.8,0.2,gyro,-1.0,0.0439453199505806,-0.5776198506355286,0.05,-0.5858146750052903,0.016377367999666603,2,0.8414735414425918,0.09546281765907935,0.15910116055640325,0.7466364046422256,-0.09146069633384195,-1.5641297588910283,0.04892609656804148,0.04892609656804145,0.17365587789311632,0.10727027771380081,,,
15.462607100023888,4296.186965187,odom,navigating,1,4,,0.793818760023319,-0.09627267856513455,-1.8457189429845813,-6.337815686910889,-6.279583576200729,-2.2569514741383703,-2.352455653764334,-0.7543473243713379,0.3479788812410208,-0.3479788812410208,0.086378269999841,pixhawk_fused,True,0.8,0.2,gyro,-1.0,0.043671075254678726,-0.574015200138092,0.05,-0.6163072831476498,0.040537460000450665,2,0.8465999587906385,0.10058923500712613,0.16764499960883406,0.7466705799984353,-0.09658699976530043,-1.5641297588910283,0.047149227750576256,0.047149227750576256,0.28158918409355294,0.11109115120834136,,,
15.46276410005521,4296.307217421,odom,navigating,1,4,,0.7916977100723587,-0.1012698913288938,-1.9089400410386737,-6.341757485297793,-6.28331629823401,-2.3201725721924626,-2.426842255160779,-0.6940592527389526,0.287535779894528,-0.287535779894528,0.034302080999623286,pixhawk_fused,True,0.8,0.2,gyro,-1.0,0.04631858319044113,-0.6088141798973083,0.05,-0.6153016200443386,0.0116863530001865,2,0.8515829204901395,0.10557219670662712,0.1759497512266836,0.7467037990049067,-0.10156985073601016,-1.5641297588910283,0.04499491092103301,0.04499491092103297,0.3448102821476453,0.11476075429455168,,,
15.462874999968335,4296.425200368,odom,navigating,1,4,,0.7892568409505237,-0.10601327867151805,-1.970295999446996,-6.345890975133644,-6.286688512243977,-2.381528530600785,-2.499962322531195,-0.6351078748703003,0.22910337692612132,-0.22910337692612132,0.041741611000361445,pixhawk_fused,True,0.8,0.2,gyro,-1.0,0.0465303398668766,-0.6115975379943848,0.05,-0.6056278593126212,0.028859865999947942,2,0.8563099303284556,0.11029920654494318,0.1838279258886075,0.7467353117035544,-0.10629675553316449,-1.5641297588910283,0.04252247415934252,0.04252247415934255,0.4061662405559676,0.11821199504735548,,,
15.80698080000002,4296.527941284,odom,navigating,1,4,,0.7869134371193294,-0.1098986179204447,-1.9826350047375492,-6.34959212984001,-6.289313175352806,-2.393867535891338,-2.562141915528861,-0.6351078748703003,0.22910337692612132,-0.22910337692612132,0.14461611600017932,pixhawk_fused,True,0.8,0.2,gyro,-1.0,0.04651165008544922,-0.6113518476486206,0.05,-0.6162500743145163,0.0308583460000591,2,0.8601795608943394,0.114168837110827,0.19027716685020707,0.7467611086674009,-0.11016630011012424,-1.5641297588910283,0.040153220715980174,0.04015322071598021,0.4185052458465208,0.12102398316492796,,,
15.807128499960527,4296.651652587,odom,navigating,1,4,,0.7835340232866592,-0.11469643578740579,-2.1226497555732804,-6.354607674839504,-6.292360108646304,-2.5338822867270694,-2.642555765008155,-0.48051244020462036,0.07432429295891244,-0.07432429295891244,0.07472022999991168,pixhawk_fused,True,0.8,0.2,gyro,-1.0,0.05123193934559822,-0.6733956336975098,0.05,-0.6738713506485114,0.003984220000347705,2,0.8649547432217656,0.11894401943825314,0.19823562720987434,0.7467929425088395,-0.11494137632592459,-1.5641297588910283,0.03674189723720974,0.03674189723720978,0.558519996682252,0.12448954483295865,,,
15.807225600001402,4296.767907397,odom,navigating,1,4,,0.7799055942721786,-0.11906630658261547,-2.209281464734502,-6.3596804070254365,-6.294915232136423,-2.620513995888291,-2.7203756232969405,-0.3903746008872986,-0.01449915015584511,0.01449915015584511,0.08614738799951738,pixhawk_fused,True,0.8,0.2,gyro,-1.0,0.04911535978317261,-0.6455751657485962,0.05,-0.69378088630688,0.015021795999928145,2,0.869300327922736,0.12328960413922363,0.2054781074359417,0.7468219124297437,-0.119286864461565,-1.5641297588910283,0.03308441702719613,0.033084417027196084,0.6451517058434735,0.12765149877238377,,,
16.168300900026225,4296.887153141,odom,navigating,1,4,,0.7759188787243968,-0.1231696800538642,-2.2757851032372125,-6.364975025494754,-6.297082855251227,-2.6870176343910015,-2.7987447218215813,-0.32727083563804626,-0.078051996468368,0.078051996468368,0.08841999000014766,pixhawk_fused,True,0.8,0.2,gyro,-1.0,0.04880884662270546,-0.6415463089942932,0.05,-0.7005793007683178,0.0420938790002765,2,0.8733770326979,0.1273663089143876,0.21227246441051537,0.7468490898576421,-0.1233634786463092,-1.5641297588910283,0.029070434854885294,0.029070434854885318,0.7116553443461842,0.13064174994666655,,,
16.16844629996922,4297.011419964,odom,navigating,1,4,,0.7715818947219463,-0.12698259607851092,-2.3414857215524627,-6.370474602840272,-6.298844220593565,-2.7527182527062517,-2.8778920601582696,-0.2643164098262787,-0.14041305619365257,0.14041305619365257,0.03630776499994681,pixhawk_fused,True,0.8,0.2,gyro,-1.0,0.05403023958206177,-0.7101766467094421,0.05,-0.6759712611147568,0.014488144000097236,2,0.8771609514097155,0.13115022762620313,0.21857885545640843,0.7468743154218256,-0.12714731327384504,-1.5641297588910283,0.024708128351337965,0.024708128351337916,0.7773559626614344,0.13345738575676916,,,
16.168552099959925,4297.127415837,odom,navigating,1,4,,0.7668311682248328,-0.1305277444295872,-2.4191139376200312,-6.376246391193241,-6.300194753188521,-2.8303464687738202,-2.959114596526029,-0.1881086230278015,-0.21714947920924704,0.21714947920924704,0.10681968900007632,pixhawk_fused,True,0.8,0.2,gyro,-1.0,0.05291411653161049,-0.6955062747001648,0.05,-0.7146221189002122,0.028004501000395976,2,0.8806743501761504,0.134663626392638,0.2244343899455903,0.7468977375597824,-0.13066063396735417,-1.5641297588910283,0.019933873625254544,0.01993387362525458,0.8549841787290029,0.1361310089249456,,,
16.488926699967124,4297.227557087,odom,navigating,1,4,,0.7628803186792925,-0.13304927349597012,-2.472515728477585,-6.380875808309895,-6.3009267491749466,-2.883748259631374,-3.0233388382112407,-0.1364825963973999,-0.2678684884298472,0.2678684884298472,0.053561775000162015,pixhawk_fused,True,0.8,0.2,gyro,-1.0,0.048953041434288025,-0.6434416174888611,0.05,-0.7110125536256258,0.03258890800043446,2,0.883169484798743,0.13715876101523067,0.2285928552405983,0.7469143714209624,-0.13315571314435898,-1.5641297588910283,0.015966302053215958,0.01596630205321596,0.9083859695865566,0.13808493228621177,,,
16.48906419996638,4297.330962039,odom,navigating,1,4,,0.7585035788087069,-0.13545257496145258,-2.5386212309124314,-6.385848348545186,-6.30138012918904,-2.9498537620662204,-3.091743994277968,-0.07146698236465454,-0.3334044117320208,0.3334044117320208,0.05346211100004439,pixhawk_fused,True,0.8,0.2,gyro,-1.0,0.05191070958971977,-0.6823174357414246,0.05,-0.6967882201646649,0.03413354900021659,2,0.8855435552418869,0.13953283145837445,0.2325495513869005,0.7469301982055476,-0.1355297308321403,-1.5641297588910283,0.011573637786537331,0.011573637786537356,0.9744914720214031,0.14001200000858888,,,
16.48920009995345,4297.451767961,odom,navigating,1,4,,0.7528950289869348,-0.13799777133533353,-2.6592005556127827,-6.392006722278486,-6.301471171189851,-3.0704330867665717,3.107029691525175,0.05877954140305519,-0.4629602719534067,0.4629602719534067,0.05579976799981523,pixhawk_fused,True,0.8,0.2,gyro,-1.0,0.05632709711790085,-0.7403666377067566,0.05,-0.7383035668704242,0.0038524089995917166,2,0.8880513055564571,0.14204058177294465,0.23672904236797213,0.7469469161694718,-0.13803742542078326,-1.5641297588910283,0.005948244996279187,0.005948244996279143,1.0950707967217543,0.14216507478608217,,,
16.82728299999144,4297.568557478,odom,navigating,1,4,,0.747032188703853,-0.14007888979720318,-2.6761229828658264,-6.398212675750905,-6.301035176080436,-3.0873555140196154,3.021778845991246,0.05877954140305519,-0.4629602719534067,0.4629602719534067,0.17318115699981718,pixhawk_fused,True,0.8,0.2,gyro,-1.0,0.05420641973614693,-0.7124923467636108,0.05,-0.722181535670585,0.021881138000026112,2,0.8900932930394441,0.14408256925593163,0.24013227921297195,0.7469605291168518,-0.14007936752778316,-1.5641297588910283,7.166117941874478e-05,7.166117941870556e-05,1.111993223974798,0.1440825870767005,,,
16.82744929997716,4297.684863009,odom,navigating,1,4,,0.7410179293138055,-0.14165256574812646,-2.7802311591134834,-6.404354579574512,-6.300073516353269,3.091721616912314,2.936589008284188,0.16826596856117249,-0.5717379675496248,0.5717379675496248,0.10263030800069828,pixhawk_fused,True,0.8,0.2,gyro,-1.0,0.053941234946250916,-0.7090067267417908,0.05,-0.734704131268243,0.03971253899999283,2,0.8916268398493277,0.14561611606581526,0.2426881337666412,0.7469707525350665,-0.1416128802599847,-1.5641297588910283,0.005952955504751678,-0.005952955504751734,1.216101400222455,0.14573774712590606,,,
16.8276117000496,4297.787307749,odom,navigating,1,4,,0.7360645274052412,-0.14254699135179338,-2.8701908996369867,-6.409252547718685,-6.298913302714784,3.0017618763888105,2.8676192937814147,0.2643245458602905,-0.6668937057245401,0.6668937057245401,0.09621237900046253,pixhawk_fused,True,0.8,0.2,gyro,-1.0,0.05378015339374542,-0.7068895101547241,0.05,-0.7392368562122524,0.04158513399943331,2,0.892488223631955,0.1464774998484426,0.24412374150231378,0.7469764949660093,-0.14247424490138827,-1.5641297588910283,0.01091221004624183,-0.010912210046241818,1.3060611407459584,0.1468834037253488,,,
17.162254599970765,4297.908946313,odom,navigating,1,4,,0.7300258481991196,-0.1431685358926918,-2.939891605554025,-6.415036231006434,-6.297069130326482,2.9320611704717723,2.784428345393028,0.3304924964904785,-0.7332532316435006,0.7332532316435006,0.10392082700036553,pixhawk_fused,True,0.8,0.2,gyro,-1.0,0.05136235058307648,-0.6751097440719604,0.05,-0.7284043494685807,0.011977568000475003,2,0.8930694973944281,0.14705877361091568,0.2450925095784953,0.746980370038314,-0.14305550574709716,-1.5641297588910283,0.0169548986021601,-0.016954898602160106,1.3757618466629966,0.14803294053201835,,,
17.16239770001266,4298.012224455,odom,navigating,1,4,,0.7251900475765866,-0.14330144409992931,-3.004720310881476,-6.4195219939107515,-6.295257897757568,2.8672324651443213,2.71815943423106,0.3958243429660797,-0.7977255970228342,0.7977255970228342,0.028489727999840397,pixhawk_fused,True,0.8,0.2,gyro,-1.0,0.048891838639974594,-0.6426371932029724,0.05,-0.6787487482092454,0.015289250999558135,2,0.8931701646938225,0.14715944091031005,0.24526028468252503,0.7469810411387301,-0.143156170809515,-1.5641297588910283,0.021791477801064545,-0.021791477801064545,1.4405905519904476,0.14876414068514404,,,
17.162505900021642,4298.12441201,odom,navigating,1,4,,0.7195648013554194,-0.14305242417476993,-3.083385125096341,-6.424578713684481,-6.292781006338499,2.788567650929456,2.6410109943135085,0.47473734617233276,-0.8767655990112452,0.8767655990112452,0.08964278799976455,pixhawk_fused,True,0.8,0.2,gyro,-1.0,0.049110423773527145,-0.6455102562904358,0.05,-0.6875468282557563,0.02817625500028953,2,0.8928836494941224,0.14687292571060992,0.2447827699610118,0.746979131079844,-0.14286966197660708,-1.5641297588910283,0.02741493892498298,-0.027414938924982986,1.5192553662053128,0.14940962212339234,,,
17.466797600034624,4298.224515945,odom,navigating,1,4,,0.7148093648861715,-0.1425009452711397,-3.136255363716573,-6.428717235992737,-6.290374569533124,2.735697412309224,2.575413503642478,0.5249529480934143,-0.9264893491256861,0.9264893491256861,0.046357980000721,pixhawk_fused,True,0.8,0.2,gyro,-1.0,0.04651165008544922,-0.6113518476486206,0.05,-0.6457919184801851,0.02926878000016586,2,0.892300480639861,0.1462897568563486,0.2438108434687028,0.7469752433738748,-0.14228650608122168,-1.5641297588910283,0.03216659327706096,-0.03216659327706099,1.5721256048255448,0.1497844540803266,,,
17.466925099957734,4298.325084867,odom,navigating,1,4,,0.7102440244997975,-0.14166891889414307,3.0342924263104565,-6.432569364871305,-6.287786963721107,2.6230598951566675,2.5118300761212247,0.6502460241317749,-1.0512833673346667,1.0512833673346667,0.03462544200010598,pixhawk_fused,True,0.8,0.2,gyro,-1.0,0.049095623195171356,-0.6453157663345337,0.05,-0.5741125266731486,0.030406414000026416,2,0.8914380378254715,0.14542731404195908,0.24237347071931534,0.7469694938828773,-0.1414240824315892,-1.5641297588910283,0.036726285495553776,-0.036726285495553776,1.6847631219781016,0.1499930788928593,,,
17.467023100005463,4298.428371045,odom,navigating,1,4,,0.7057449848595077,-0.14054944059182348,2.973271107664256,-6.436245814713129,-6.284962374208486,2.562038576510467,2.448323019552655,0.7107307314872742,-1.1116869348872331,1.1116869348872331,0.02734109399989393,pixhawk_fused,True,0.8,0.2,gyro,-1.0,0.051429085433483124,-0.6759868860244751,0.05,-0.6068264226733621,0.03141901599974517,2,0.8902885914685186,0.1442778676850061,0.2404577693617287,0.746961831077447,-0.1402746616170372,-1.5641297588910283,0.04121776213767849,-0.04121776213767844,1.745784440624302,0.15005001505954732,,,
17.805700700031593,4298.52927805,odom,navigating,1,4,,0.7011782817796005,-0.13909512073054994,2.960237196658195,-6.439850437448786,-6.281803811527057,2.549004665504406,2.382664462732996,0.7107307314872742,-1.1116869348872331,1.1116869348872331,0.1279250339994178,pixhawk_fused,True,0.8,0.2,gyro,-1.0,0.0542663149535656,-0.7132796049118042,0.05,-0.6197965668931886,0.032626536999487143,2,0.8888038599137136,0.14279313613020114,0.23798327175861173,0.7469519330870344,-0.13878996305516703,-1.5641297588910283,0.04577466848838333,-0.045774668488383324,1.7588183516303628,0.14995065855513792,,,
17.80601719999686,4298.651503876,odom,navigating,1,4,,0.6960025275420217,-0.13703047056627327,2.843248344767982,-6.443769360961115,-6.277842340748018,2.432015813614193,2.306324763975101,0.8364414572715759,-1.2387359396207955,1.2387359396207955,0.04913425299946539,pixhawk_fused,True,0.8,0.2,gyro,-1.0,0.05120899900794029,-0.6730940937995911,0.05,-0.631584027488413,0.0038757969996368047,2,0.8867047513675247,0.14069402758401225,0.23448483525713312,0.7469379393410285,-0.13669090115427987,-1.5641297588910283,0.05093654368447035,-0.050936543684470405,1.8758072035205755,0.14963068161420226,,,
17.806188000016846,4298.767677262,odom,navigating,1,4,,0.690949938659269,-0.13455125267246426,2.827968648821361,-6.44740966850111,-6.273550099282612,2.416736117667572,2.2292067885975384,0.8364414572715759,-1.2387359396207955,1.2387359396207955,0.1659362880000117,pixhawk_fused,True,0.8,0.2,gyro,-1.0,0.04896530136466026,-0.6436027884483337,0.05,-0.6171897156917551,0.021037847000116017,2,0.884191905388232,0.13818118160471957,0.23029685169024608,0.746921187406761,-0.13417811101414764,-1.5641297588910283,0.0559724925391999,-0.05597249253919995,1.8910868994671972,0.1490870848555544,,,
18.14478680002503,4298.887259144,odom,navigating,1,4,,0.6862731703681597,-0.13179733826562104,2.7137562533999917,-6.45059568103203,-6.269156293374089,2.3025237222462027,2.1548354972884614,0.9602009654045105,-1.3627769713390496,1.3627769713390496,0.009999568000239378,pixhawk_fused,True,0.8,0.2,gyro,-1.0,0.051372602581977844,-0.6752445101737976,0.05,-0.6159791904518847,0.03584713000054762,2,0.8814068744150042,0.1353961506314918,0.22565523654739028,0.7469026209461895,-0.13139314192843415,-1.5641297588910283,0.06063079788418387,-0.06063079788418389,2.005299294888566,0.14835164730429648,,,
18.14501920004841,4298.98768307,odom,navigating,1,4,,0.6824451646146199,-0.1291733877560397,2.7011869081598436,-6.453055645043913,-6.265220899952066,2.2899543770060546,2.09126738997901,0.9602009654045105,-1.3627769713390496,1.3627769713390496,0.10992317499949422,pixhawk_fused,True,0.8,0.2,gyro,-1.0,0.048806410282850266,-0.6415143013000488,0.05,-0.6169053928437982,0.03576992899979814,2,0.8787574627422268,0.13274673895871433,0.221239648549182,0.7468849585941967,-0.12874378912950918,-1.5641297588910283,0.06444122595908784,-0.06444122595908788,2.0178686401287145,0.14756140520909683,,,
18.145793000003323,4299.106493529,odom,navigating,1,4,,0.678152595496284,-0.12577028513921884,2.58035334485465,-6.4556299834286754,-6.2603856089642305,2.169120813700861,2.0161789398090595,1.0930795669555664,-1.4948803681719924,1.4948803681719924,0.03256250100002944,pixhawk_fused,True,0.8,0.2,gyro,-1.0,0.04373876750469208,-0.5749049186706543,0.05,-0.6164481194267388,0.01117423800042161,2,0.8753258192558471,0.12931509547233472,0.21552036983221978,0.7468620814793289,-0.12531222189933186,-1.5641297588910283,0.0687110128435462,-0.0687110128435462,2.1387022034339083,0.14643632473879226,,,
18.466615200042725,4299.206497393,odom,navigating,1,4,,0.674759973557753,-0.1226774630953894,2.481425631212234,-6.4575034356564345,-6.256194474444449,2.070193100058445,1.9532974486554737,1.2021095752716064,-1.602742340384784,1.602742340384784,0.015776496000398765,pixhawk_fused,True,0.8,0.2,gyro,-1.0,0.04888695105910301,-0.6425729393959045,0.05,-0.7337960496539577,0.010603716999867174,2,0.8722104489621092,0.12619972517859684,0.2103282013895623,0.7468413128055582,-0.12219692083373737,-1.5641297588910283,0.07208294103754662,-0.07208294103754664,2.2376299170763243,0.14533520228690572,,,
18.466744299978018,4299.308940688,odom,navigating,1,4,,0.6713356480260426,-0.11912281624193966,2.4168852937811214,-6.459221338737078,-6.251567344815253,2.0056527626273324,1.885685703710225,1.2669668197631836,-1.6665198720086243,1.6665198720086243,0.006256043999201211,pixhawk_fused,True,0.8,0.2,gyro,-1.0,0.048894286155700684,-0.6426693797111511,0.05,-0.7415548247646753,0.010509220000130881,2,0.8686330527685914,0.12262232898507892,0.20436600689210468,0.7468174640275684,-0.1186196041352628,-1.5641297588910283,0.07548349335657767,-0.07548349335657766,2.3021702545074367,0.14399303224474938,,,
18.46684050001204,4299.428112804,odom,navigating,1,4,,0.66758210293366,-0.11459922770754372,2.400917393937397,-6.460853689786808,-6.245920453277468,1.9896848627836081,1.8051345136091725,1.2669668197631836,-1.6665198720086243,1.6665198720086243,0.1256735419992765,pixhawk_fused,True,0.8,0.2,gyro,-1.0,0.04909808933734894,-0.6453481316566467,0.05,-0.7458713321989817,0.03072696100025496,2,0.8640845416771474,0.11807381789363498,0.19678532353078995,0.7467871412941232,-0.11407119411847397,-1.5641297588910283,0.0792067984528703,-0.07920679845287032,2.3181381543511606,0.14217996832582602,,,
18.825097599998116,4299.5512189,odom,navigating,1,4,,0.6640216917439927,-0.10950677936891198,2.3321693373543204,-6.462081613054038,-6.23982933167542,1.9209368062005314,1.7199599200869498,1.330834984779358,-1.73123276758081,1.73123276758081,0.047859825999694294,pixhawk_fused,True,0.8,0.2,gyro,-1.0,0.05634671822190285,-0.7406245470046997,0.05,-0.747347499866617,0.003880167999341211,2,0.8589684709531151,0.11295774716960277,0.18825872846852126,0.7467530349138741,-0.10895523708111275,-1.5641297588910283,0.08273318162374703,-0.08273318162374699,2.3868862109342377,0.14001511342430079,,,
18.825326699996367,4299.664289949,odom,navigating,1,4,,0.6608569773810209,-0.10403413944139658,2.2036790576944396,-6.462794851643312,-6.233547891116901,1.7924465265406506,1.633335797815418,1.46732759475708,-1.8700300269115595,1.8700300269115595,0.06750913799987757,pixhawk_fused,True,0.8,0.2,gyro,-1.0,0.05501716211438179,-0.7231488227844238,0.05,-0.7540903783542423,0.01926078599990433,2,0.8534748550088446,0.10746413122533215,0.1791029053552121,0.7467164116214209,-0.10346174321312725,-1.5641297588910283,0.08586134220662817,-0.08586134220662812,2.515376490594118,0.13755257026147896,,,
18.825502400053665,4299.787072425,odom,navigating,1,4,,0.6582585956886633,-0.09849819536492818,2.1316373826493793,-6.462963668217681,-6.22743480963526,1.7204048514955903,1.5495499024988206,1.5365527868270874,-1.9391730864632755,1.9391730864632755,0.01400043600006029,pixhawk_fused,True,0.8,0.2,gyro,-1.0,0.05377747491002083,-0.7068542838096619,0.05,-0.7564517279436132,0.042180653999821516,2,0.847921711789572,0.10191098800605956,0.16984787232154006,0.7466793914892862,-0.09790872339292403,-1.5641297588910283,0.08842276068536443,-0.08842276068536441,2.5874181656391784,0.1349238084386608,,,
19.166909700026736,4299.909182253,odom,navigating,1,4,,0.6561614263114607,-0.09285148142029137,2.008477988009155,-6.462628780053891,-6.221420547611787,1.597245456855366,1.4669998222139027,1.6698520183563232,-2.0723763862836986,2.0723763862836986,0.026805313000295428,pixhawk_fused,True,0.8,0.2,gyro,-1.0,0.0541466623544693,-0.7117068767547607,0.05,-0.7646573142411115,0.010455480999553401,2,0.8422611425047847,0.09625041872127231,0.16041379982395412,0.7466416551992958,-0.09224827989437247,-1.5641297588910283,0.09048223953724789,-0.09048223953724789,2.710577560279403,0.13210290979269212,,,
19.167128999950364,4300.009812265,odom,navigating,1,4,,0.6547712306013754,-0.08801446178747682,1.9948175170935283,-6.461969526168617,-6.21643107996931,1.5835849859397393,1.398045327285165,1.6698520183563232,-2.0723763862836986,2.0723763862836986,0.1279373110000961,pixhawk_fused,True,0.8,0.2,gyro,-1.0,0.05130345746874809,-0.6743356585502625,0.05,-0.7678868946570052,0.012855505000516132,1,0.6542898977456546,0.6542898977456546,0.8770515984372437,0.6542804924341837,0.0035082063937489747,0.005361878910097319,0.09152398382369235,-0.09152398382369237,-1.989455638183431,0.1295737224286871,,,
19.16726350004319,4300.127681974,odom,navigating,1,4,,0.6535419570789198,-0.08206662261863262,1.9131731534025256,-6.460718728026811,-6.210487730057022,1.5019406222487366,1.314808571106842,1.7503349781036377,-2.1536291228521494,2.1536291228521494,0.05036329199992906,pixhawk_fused,True,0.8,0.2,gyro,-1.0,0.0516718253493309,-0.6791775226593018,0.05,-0.7751111714932851,0.030001129000083893,1,0.653092533334395,0.653092533334395,0.8754465753818282,0.6530831452348439,0.003501786301527313,0.005361878910097319,0.08556963896988212,-0.08556963896988214,-1.9078112744924283,0.12631687626669064,,,
19.502189800026827,4300.250506282,odom,navigating,1,4,,0.6527954589925518,-0.07584785419855891,1.8005808948288262,-6.45891710290522,-6.20448902294826,1.3893483636750372,1.2289626500482487,1.8698945045471191,-2.272813252924743,2.272813252924743,0.04933878399970126,pixhawk_fused,True,0.8,0.2,gyro,-1.0,0.05635232850909233,-0.7406982779502869,0.05,-0.7829332691114577,0.003783410999858461,1,0.6523793901022814,0.6523793901022814,0.8744906330483231,0.652370012254049,0.0034979625321932923,0.005361878910097319,0.07934695733043215,-0.07934695733043214,-1.795219015918729,0.12273046192581295,,,
19.502324300003238,4300.35059531,odom,navigating,1,4,,0.6525806689848961,-0.07047179048593138,1.7860394160679425,-6.45696496110892,-6.199475307938733,1.3748068849141535,1.1552475192131242,1.8698945045471191,-2.272813252924743,2.272813252924743,0.14950212399980956,pixhawk_fused,True,0.8,0.2,gyro,-1.0,0.05634111538529396,-0.7405509352684021,0.05,-0.7900097917714689,0.003743856999790296,1,0.6521934288467153,0.6521934288467153,0.8742413588091767,0.6521840536716459,0.0034969654352367072,0.005361878910097319,0.07396981922535735,-0.07396981922535734,-1.7806775371578452,0.11947057790724047,,,
19.50242050003726,4300.464421966,odom,navigating,1,4,,0.6528394148110479,-0.06410661649060115,1.7127390459815004,-6.4541833763605005,-6.193744236862508,1.3015065148277114,1.0679214867968918,1.9401636123657227,-2.342691449641052,2.342691449641052,0.08920211500026198,pixhawk_fused,True,0.8,0.2,gyro,-1.0,0.056867558509111404,-0.747470498085022,0.05,-0.799978512374238,0.019298007000543294,1,0.6524863000821078,0.6524863000821078,0.8746339419531658,0.6524769206970616,0.0034985357678126634,0.005361878910097319,0.06760612408551453,-0.06760612408551453,-1.707377167071403,0.11540106517075925,,,
19.84912639996037,4300.568838852,odom,navigating,1,4,,0.6534672455141974,-0.05891510242223655,1.5522751008224107,-6.451532635894655,-6.1892365140785985,1.1410425696686217,0.9962509012580425,2.1219239234924316,-2.5249750092018273,2.5249750092018273,0.007827000000361295,pixhawk_fused,True,0.8,0.2,gyro,-1.0,0.05152951553463936,-0.6773069500923157,0.05,-0.8023381518093962,0.013461838999319298,1,0.6531419578967065,0.6531419578967065,0.8755128271939482,0.6531325690866854,0.0035020513087757926,0.005361878910097319,0.06241805098040118,-0.062418050980401166,-1.5469132219123134,0.11189557974080268,,,
19.84934269997757,4300.687545796,odom,navigating,1,4,,0.6547181267619618,-0.0527236779581379,1.5128843851876401,-6.447911085751812,-6.184061302454566,1.1016518540338511,0.9096877848413756,2.1492292881011963,-2.5527302052963403,2.5527302052963403,0.08401220700034173,pixhawk_fused,True,0.8,0.2,gyro,-1.0,0.051377732306718826,-0.6753119230270386,0.05,-0.8037286157218791,0.03646946400021989,1,0.6544260186724422,0.6544260186724422,0.8772340635445778,0.654416611404255,0.003508936254178311,0.005361878910097319,0.056233422558671635,-0.056233422558671635,-1.5075225062775428,0.10747072170104659,,,
19.84948740003165,4300.809756862,odom,navigating,1,4,,0.6564385157573457,-0.0468500692959323,1.4413712576017996,-6.443986214772094,-6.179365090704151,1.0301387264480106,0.8258254984670502,2.2183732986450195,-2.6212127934086946,2.6212127934086946,0.027884318999895186,pixhawk_fused,True,0.8,0.2,gyro,-1.0,0.051454801112413406,-0.6763249039649963,0.05,-0.827477285630129,0.0121979689993168,1,0.6561778763650193,0.6561778763650193,0.8795823644961945,0.6561684439141611,0.0035183294579847783,0.005361878910097319,0.05036912280191185,-0.050369122801911845,-1.4360093786917023,0.1029902374361198,,,
20.16867469996214,4300.924487455,odom,navigating,1,4,,0.6586444953167563,-0.04114002567331573,1.3183244644767227,-6.439681620874417,-6.175012917067357,0.9070919333229337,0.7419479400524014,2.3508973121643066,-2.7538948724854615,2.7538948724854615,0.03430121099972894,pixhawk_fused,True,0.8,0.2,gyro,-1.0,0.04996420443058014,-0.656732439994812,0.05,-0.8399247480516542,0.02924709599938069,1,0.6584144406296034,0.6584144406296034,0.8825803968210397,0.6584049760284957,0.003530321587284159,0.005361878910097319,0.04467098939884848,-0.044670989398848476,-1.3129625855666254,0.09832907055521178,,,
20.1688302999828,4301.025602176,odom,navigating,1,4,,0.6607672385501224,-0.03668460571211063,1.3049912413652476,-6.435954846308525,-6.171777494807353,0.8937587102114586,0.6743362092039056,2.3508973121643066,-2.7538948724854615,2.7538948724854615,0.13476180199995724,pixhawk_fused,True,0.8,0.2,gyro,-1.0,0.049110423773527145,-0.6455102562904358,0.05,-0.8426464197245891,0.03074581200053217,1,0.6605610426567355,0.6605610426567355,0.8854578380677892,0.6605515471985708,0.0035418313522711567,0.005361878910097319,0.04022701532122167,-0.040227015321221665,-1.2996293624551503,0.09444501451279279,,,
20.168934499961324,4301.130213964,odom,navigating,1,4,,0.6631790202867166,-0.032394117240810344,1.1863361859537924,-6.432029060333824,-6.168808793584904,0.7751036548000034,0.6068923816333196,2.4818990230560303,-2.8851263070691253,2.8851263070691253,0.028297604000727006,pixhawk_fused,True,0.8,0.2,gyro,-1.0,0.051031019538640976,-0.6707547307014465,0.05,-0.8717324020308015,0.03279860600014217,1,0.662995794693774,0.662995794693774,0.8887215338290113,0.6629862642364425,0.0035548861353160454,0.005361878910097319,0.03594952014466485,-0.03594952014466485,-1.180974307043695,0.09046461435503911,,,
20.50314599997364,4301.249759902,odom,navigating,1,4,,0.6664337301279514,-0.02749346319018295,1.1190589061398446,-6.427086714932973,-6.165617748581578,0.7078263749860556,0.5262801899887523,2.5455360412597656,-2.949117619096103,2.949117619096103,0.04880031699940446,pixhawk_fused,True,0.8,0.2,gyro,-1.0,0.05376141890883446,-0.7066432237625122,0.05,-0.7792626773741576,0.052893276000759215,1,0.6662767343367729,0.6662767343367729,0.8931195130247515,0.6662671567164646,0.0035724780520990057,0.005361878910097319,0.03106638781658288,-0.031066387816582875,-1.1136970272297473,0.08557236426009907,,,
20.503279499942437,4301.351902168,odom,navigating,1,4,,0.6697752820132753,-0.023214260245957935,1.1044332623179642,-6.422313186106492,-6.163031057764544,0.6932007311641752,0.4518935709370696,2.5455360412597656,-2.949117619096103,2.949117619096103,0.15053676099978475,pixhawk_fused,True,0.8,0.2,gyro,-1.0,0.05887862667441368,-0.7739041447639465,0.05,-0.8388473204186939,0.0037097829999765963,1,0.669641182645906,0.669641182645906,0.8976294325230526,0.6696315566621972,0.0035905177300922103,0.005361878910097319,0.026805163295937694,-0.026805163295937694,-1.099071383407867,0.08093715829512696,,,
20.50337980000768,4301.468431691,odom,navigating,1,4,,0.6745420858516267,-0.018073936486581815,1.0307019862164795,-6.41588900633062,-6.160224768151584,0.6194694550626905,0.3558089879123738,2.615095615386963,-3.0174272707093386,3.0174272707093386,0.09135664600034943,pixhawk_fused,True,0.8,0.2,gyro,-1.0,0.06184471398591995,-0.8128905296325684,0.05,-0.8304983798874688,0.021983024000292062,1,0.674435479623714,0.674435479623714,0.9040560116927098,0.6744257847227615,0.0036162240467708393,0.005361878910097319,0.0216904723303847,-0.021690472330384705,-1.0253401073063821,0.07478965280337876,,,
20.863038199953735,4301.587863577,odom,navigating,1,4,,0.6800435912287199,-0.01319916503337526,0.8477631471213224,-6.408897529665269,-6.157955580593662,0.43653061596753334,0.25507046979478953,2.8157482147216797,3.0627507511137257,-3.0627507511137257,0.011285308999504196,pixhawk_fused,True,0.8,0.2,gyro,-1.0,0.06659158319234848,-0.8752836585044861,0.05,-0.9277737563530689,0.040681770000446704,1,0.6799630437265607,0.6799630437265607,0.9114655085358823,0.6799532693677681,0.0036458620341435293,0.005361878910097319,0.016845269215539607,-0.01684526921553961,-0.8424012682112251,0.0681620065421307,,,
20.863166499999352,4301.712321283,odom,navigating,1,4,,0.6861350300890428,-0.008818782965381466,0.8016171003706811,-6.401562929881279,-6.156375384257966,0.3903845692168921,0.15224148138272917,2.8479866981506348,3.0304817715643178,-3.0304817715643178,0.03604742100014846,pixhawk_fused,True,0.8,0.2,gyro,-1.0,0.06701857596635818,-0.8808960914611816,0.05,-0.8868475090435594,0.013061702999948466,1,0.6860778819891225,0.6860778819891225,0.9196622248398374,0.6860680197305187,0.0036786488993593497,0.005361878910097319,0.012497611515885292,-0.01249761151588529,-0.7962552214605838,0.06122202070459101,,,
20.863270799978636,4301.825272556,odom,navigating,1,4,,0.6919886713769507,-0.005429020082449665,0.6544340426526833,-6.394842291730905,-6.155608160964692,0.2432015114988943,0.05954434035099201,3.007861614227295,2.869962332641913,-2.869962332641913,0.03230786000040098,pixhawk_fused,True,0.8,0.2,gyro,-1.0,0.05945543199777603,-0.7814856767654419,0.05,-0.9511835099704815,0.030393359000299824,1,0.6919496145429057,0.6919496145429057,0.927533066862059,0.691939667879096,0.0037101322674482364,0.005361878910097319,0.009139283725623488,-0.009139283725623486,-0.649072163742586,0.05482818654070421,,,
21.189507100032642,4301.927628667,odom,navigating,1,4,,0.6971243045249712,-0.0030136977752708294,0.6391482426468443,-6.389169322836103,-6.155447121847679,0.22791571149305528,-0.018244966701268964,3.007861614227295,2.869962332641913,-2.869962332641913,0.13410552400000597,pixhawk_fused,True,0.8,0.2,gyro,-1.0,0.05685899034142494,-0.7473579049110413,0.05,-0.8900102035003343,0.030820236000181467,1,0.6970981244707154,0.6970981244707154,0.9344344554931745,0.6970881037979082,0.003737737821972698,0.005361878910097319,0.006751532649433531,-0.006751532649433531,-0.633786363736747,0.04937636645856587,,,
21.189636199967936,4302.051235323,odom,navigating,1,4,,0.7033664781582143,-0.0007002724678854544,0.4919385009228546,-6.382522799279354,-6.15582181229323,0.08070596976906558,-0.10949252213813879,-3.113792657852173,2.7090753676651254,-2.7090753676651254,0.034740994999992836,pixhawk_fused,True,0.8,0.2,gyro,-1.0,0.058922600001096725,-0.7744821310043335,0.05,-0.9324001951897632,0.003920498999832489,1,0.7033526126206511,0.7033526126206511,0.9428183673466329,0.7033425020405881,0.0037712734693865317,0.005361878910097319,0.004471610215945709,-0.004471610215945708,-0.4865766220127573,0.042891837753894164,,,
21.18977149995044,4302.151618676,odom,navigating,1,4,,0.7089319569402267,0.0008404009087809028,0.42942000132032565,-6.376805453127874,-6.156634327838164,0.0181874701665366,-0.18860934016354078,-3.0539326667785645,2.6506298746226564,-2.6506298746226564,0.04957512900000438,pixhawk_fused,True,0.8,0.2,gyro,-1.0,0.059084393084049225,-0.7766087055206299,0.05,-0.8472860117664441,0.004235843000060413,1,0.7089262722643087,0.7089262722643087,0.9502896535707637,0.7089160815637897,0.0038011586142830548,0.005361878910097319,0.002960800266527174,-0.0029608002665271736,-0.42405812241022833,0.03720245801957768,,,
21.50682140002027,4302.26523993,odom,navigating,1,4,,0.7154811754197157,0.0020629147265735504,0.4115688491330641,-6.370313563723258,-6.158131717127897,0.0003363179792750248,-0.27991793383802666,-3.0539326667785645,2.6506298746226564,-2.6506298746226564,0.16351357699932123,pixhawk_fused,True,0.8,0.2,gyro,-1.0,0.05668814480304718,-0.7451122999191284,0.05,-1.039921727081002,0.02008046699938859,1,0.715481951539489,0.715481951539489,0.9590773010752556,0.7154716666021407,0.0038363092043010223,0.005361878910097319,0.0017734199703527552,-0.0017734199703527554,-0.40620697022296676,0.030580237950655193,,,
21.507171000004746,4302.367363807,odom,navigating,1,4,,0.7208357837432635,0.0026107367155738803,0.3355301713432461,-6.365186389335835,-6.159770015645017,-0.07570235981054296,-0.353663652102024,-2.9782001972198486,2.574038828825785,-2.574038828825785,0.09490995200030738,pixhawk_fused,True,0.8,0.2,gyro,-1.0,0.049107957631349564,-0.6454778909683228,0.0,-1.55,0.03082036599971616,1,0.7208394202325028,0.7208394202325028,0.966258791263282,0.7208290582824083,0.003865035165053128,0.005361878910097319,0.001254316480075806,-0.0012543164800758054,-0.33016829243314877,0.025202536227317583,,,
21.507410699967295,4302.467849064,odom,navigating,1,4,,0.7255224951520995,0.0027604813505751613,0.20683226710735444,-6.360830555719108,-6.161506218625321,-0.2044002640464346,-0.41788789878393556,-2.8350112438201904,2.429680275237395,-2.429680275237395,0.08237873400048557,pixhawk_fused,True,0.8,0.2,gyro,-1.0,0.054290853440761566,-0.7136021852493286,0.0,-1.55,0.0306915540004411,1,0.7255268671793735,0.7255268671793735,0.9725421418873823,0.7255164378479873,0.0038901685675495293,0.005361878910097319,0.0011297034562788599,-0.00112970345627886,-0.20147038819725713,0.020514985042111498,,,
21.848147099954076,4302.58760881,odom,navigating,1,4,,0.7320254042620299,0.002475455625130296,0.1033555940240159,-6.35498373777753,-6.1643669504397725,-0.30787693712977315,-0.5071060471132672,-2.7308669090270996,2.3227100413201587,-2.3227100413201587,0.006683384000098158,pixhawk_fused,True,0.8,0.2,gyro,-1.0,0.06145079433917999,-0.8077128529548645,0.0,-1.55,0.011352362999787147,1,0.7320281545449336,0.7320281545449336,0.9812568790329662,0.7320176317585928,0.003925027516131865,0.005361878910097319,0.001449592728662621,-0.0014495927286626207,-0.09799371511391858,0.014057509082004507,,,
21.848274999996647,4302.704395252,odom,navigating,1,4,,0.738583880102407,0.0015937710874928124,0.0036087418488892076,-6.349324493807473,-6.1677968091336695,-0.40762378930489984,-0.5978042778849233,-2.6272666454315186,2.2207411839721933,-2.2207411839721933,0.021439760999783175,pixhawk_fused,True,0.8,0.2,gyro,-1.0,0.056870415806770325,-0.7475080490112305,0.0,-1.55,0.003959739000492846,1,0.7385818086452058,0.7385818086452058,0.9900418118648086,0.7385711916511472,0.003960167247459234,0.005361878910097319,0.0023664301770175266,-0.0023664301770175266,0.0017531370612081116,0.0077967154568356215,,,
21.848384300014004,4302.809841702,odom,navigating,1,4,,0.7440727403369107,0.0003813876029568619,-0.0712982690125375,-6.344777883736784,-6.171102228509875,-0.48253080016632655,-0.6748306421820472,-2.5529356002807617,2.146354940330817,-2.146354940330817,0.01011724999989383,pixhawk_fused,True,0.8,0.2,gyro,-1.0,0.05890793725848198,-0.7742893695831299,0.0,-1.55,0.014317129999653844,2,0.7496164076573836,0.0036056838738711735,0.006009339583722739,0.7460240373583349,0.0003943962497663569,-1.5641297588910283,0.0019513403830983993,-0.001951340383098396,-1.492831489878491,0.004099839690647091,,,
22.20542709995061,4302.929357992,odom,navigating,1,4,,0.750627196707447,-0.0016664705871345387,-0.08974318721447544,-6.339588489690515,-6.175599428851481,-0.5009757183682645,-0.7689468975300922,-2.5529356002807617,2.146354940330817,-2.146354940330817,0.12996386400027404,pixhawk_fused,True,0.8,0.2,gyro,-1.0,0.062049802392721176,-0.8155862092971802,0.0,-1.55,0.03174963499986916,2,0.7517079157458374,0.005697191962325039,0.009495108937131992,0.7460379804357485,-0.0016970653622791947,-1.5641297588910283,0.004589318253149205,0.004589318253149218,-1.474386571676553,0.007315725410666369,,,
22.205586900003254,4303.047165164,odom,navigating,1,4,,0.7568603253125512,-0.004274209444813104,-0.2404472772549861,-6.334917440302133,-6.180481384583451,-0.6516798084087752,-0.8615524775881019,-2.3878917694091797,1.9815159407017964,-1.9815159407017964,0.025442461999773514,pixhawk_fused,True,0.8,0.2,gyro,-1.0,0.058954887092113495,-0.7749065160751343,0.0,-1.55,0.014749877999747696,2,0.7543571499230002,0.008346426139487814,0.013910401115889483,0.7460556416044636,-0.00434624066953369,-1.5641297588910283,0.010804923809502263,0.010804923809502293,-1.3236824816360422,0.013653175741602205,,,
22.20569610001985,4303.167404489,odom,navigating,1,4,,0.7626566827525427,-0.0073499275301208145,-0.2580186667143031,-6.330833817692859,-6.185617708920704,-0.6692511978680922,-0.9514724920126644,-2.3878917694091797,1.9815159407017964,-1.9815159407017964,0.1459296880002512,pixhawk_fused,True,0.8,0.2,gyro,-1.0,0.05899308994412422,-0.7754086256027222,0.0,-1.55,0.007855777000258968,2,0.7574714411855377,0.011460717402025242,0.01910077121317569,0.7460764030848527,-0.007460462727905414,-1.5641297588910283,0.01658064811425552,0.016580648114255504,-1.3061110921767252,0.020156039671965543,,,
22.523049999959767,4303.267740472,odom,navigating,1,4,,0.7673477864049474,-0.010365611736085467,-0.3202164573227528,-6.327739304660243,-6.190257190982171,-0.7314489884765418,-1.0306045782973552,-2.3291146755218506,1.9233845177052753,-1.9233845177052753,0.09215158599999995,pixhawk_fused,True,0.8,0.2,gyro,-1.0,0.05642255023121834,-0.8090413808822632,0.0,-1.55,0.00838155800011009,2,0.7605183317079257,0.014507607924413286,0.02417880923978676,0.7460967152369592,-0.010507285543872055,-1.5641297588910283,0.021251543408767084,0.021251543408767136,-1.2439133015682755,0.025731280281851756,,,
22.52317659999244,4303.367753391,odom,navigating,1,4,,0.7708560760250194,-0.013093053773159391,-0.45759908189330384,-6.325613771314658,-6.194159644584805,-0.8688316130470929,-1.125254930544127,-2.180764675140381,1.7757048907635944,-1.7757048907635944,0.08709202599948185,pixhawk_fused,True,0.8,0.2,gyro,-1.0,0.059084393084049225,-0.8441398739814758,0.0,-1.55,0.0100272709996716,2,0.7632691012149346,0.017258377431422275,0.028763323207845515,0.7461150532928313,-0.01325799392470731,-1.5641297588910283,0.024741572526584436,0.0247415725265844,-1.1065306769977246,0.030166156577424007,,,
22.52328129997477,4303.484373856,odom,navigating,1,4,,0.7736552774811555,-0.015738426001414285,-0.5565468473465209,-6.324105402085129,-6.197703420154091,-0.9677793785003099,-1.2593338620476546,-2.0899300575256348,1.6852313067076938,-1.6852313067076938,0.09035980299995572,pixhawk_fused,True,0.8,0.2,gyro,-1.0,0.0168691985309124,-1.404051423072815,0.0,-1.55,0.028252826999960234,2,0.7659330755874577,0.019922351803945335,0.03320318183295518,0.7461328127273318,-0.015921909099773108,-1.5641297588910283,0.027523076357356038,0.02752307635735601,-1.0075829115445074,0.033976754311926455,,,
22.85950290004257,4303.589567016,odom,navigating,1,4,,0.7751767172081884,-0.017616891156299774,-0.7655677380569064,-6.323461703114566,-6.200033454878383,-1.1768002692106954,-1.3817551579334684,-1.8646475076675415,1.455190789377524,-1.455190789377524,0.0038554460006707814,pixhawk_fused,True,0.8,0.2,gyro,-1.0,0.02843235246837139,-1.1890980005264282,0.0,-1.55,0.030590446000132943,2,0.7678216417061872,0.021810917922674707,0.03635072208627566,0.7461454028883451,-0.017810433251765397,-1.5641297588910283,0.029031959452993444,0.02903195945299342,-0.798562020834122,0.03631213034661981,,,
22.859758000005968,4303.708505267,odom,navigating,1,4,,0.7762426437537187,-0.019395038247303265,-0.8985138733959552,-6.323195439574503,-6.202089448605257,-1.3097464045497442,-1.5425522359258435,-1.736341118812561,1.3290510945676104,-1.3290510945676104,0.013941345000603178,pixhawk_fused,True,0.8,0.2,gyro,-1.0,0.0025617245119065046,-1.515215516090393,0.0,-1.55,0.01119047900010628,2,0.7696068553031883,0.023596131519675913,0.039326011964459444,0.7461573040478579,-0.019595607178675666,-1.5641297588910283,0.030086008261537064,0.030086008261537078,-0.6656158854950731,0.03823539349617211,,,
22.8599547999911,4303.824640616,odom,navigating,1,4,,0.7768191384649692,-0.020868051248054686,-0.9316592862812538,-6.323255829243383,-6.203670102438446,-1.3428918174350428,-1.7142899061399701,-1.736341118812561,1.3290510945676104,-1.3290510945676104,0.13200038000013592,pixhawk_fused,True,0.8,0.2,gyro,-1.0,0.005120137706398964,-1.5478852987289429,0.0,-1.4190610314929912,0.009222405000400613,2,0.7710836787840798,0.0250729550005674,0.04178732973726914,0.7461671493189491,-0.021072397842361482,-1.5641297588910283,0.030652670293766206,0.030652670293766258,-0.6324704726097745,0.03960100085349887,,,
23.166912500048056,4303.927590376,odom,navigating,1,4,,0.7770775380860424,-0.021980176791548456,-1.0706886465795311,-6.3234635331045315,-6.204792801282627,-1.48192117773332,-1.8514969837034838,-1.596773624420166,1.1895953231213823,-1.1895953231213823,0.053621050999936415,pixhawk_fused,True,0.8,0.2,gyro,-1.0,-0.0025744109880179167,-1.4550442695617676,0.0,-1.1124210036181694,0.008692308000718185,2,0.7721975022403568,0.026186778456844313,0.04364366091305176,0.7461745746436522,-0.022186196547831057,-1.5641297588910283,0.030903650167280937,0.030903650167280954,-0.49344111231149723,0.040506579213870055,,,
23.167100699967705,4304.027889138,odom,navigating,1,4,,0.7771621155392787,-0.023011884675605387,-1.2052095100572113,-6.323798421268322,-6.205772303411964,-1.6164420412110003,-1.9753983232979495,-1.4619200229644775,1.0525838904736773,-1.0525838904736773,0.03379142900030274,pixhawk_fused,True,0.8,0.2,gyro,-1.0,0.012900464236736298,-1.1869512796401978,0.0,-1.0677737456375944,0.03109022799981176,2,0.7732297510354946,0.02721902725198224,0.04536403734145245,0.7461814561493658,-0.023218422404871472,-1.5641297588910283,0.03098134784136108,0.03098134784136109,-0.358920248833817,0.04123977883805346,,,
23.167266399948858,4304.128471133,odom,navigating,1,4,,0.7771083252419494,-0.024732312317175598,-1.3484331552652946,-6.324535449727154,-6.207327794883119,-1.7596656864190836,-2.072077984439506,-1.3085253238677979,0.8983372227309481,-0.8983372227309481,0.09185909400002856,pixhawk_fused,True,0.8,0.2,gyro,-1.0,0.020490737631917,-0.8079943656921387,0.0,-0.49605811055329635,0.01021950599988486,2,0.7749497818526003,0.0289390580690879,0.04823069166724022,0.7461929227666689,-0.02493841500034413,-1.5641297588910283,0.030916089476591094,0.030916089476591066,-0.21569660362573373,0.042347062123016595,,,
23.503482999978587,4304.244676387,odom,navigating,1,4,,0.7768781352272408,-0.026647956188142974,-1.4337996586576378,-6.325512206871541,-6.208991713259763,-1.8450321898114268,-2.1499130682032184,-1.2231887578964233,0.8111716463921801,-0.8111716463921801,0.0643549679998614,pixhawk_fused,True,0.8,0.2,gyro,-1.0,0.010289287194609642,-0.6085284352302551,0.0,-0.3117823730588596,0.024416917000053218,2,0.7768638485891258,0.030853124805613447,0.05142073200578515,0.7462056829280231,-0.026852439203471086,-1.5641297588910283,0.030673133901695484,0.030673133901695484,-0.13033010023339053,0.043505820916540594,,,
23.503625400015153,4304.346967963,odom,navigating,1,4,,0.7767268562261193,-0.0274226630206294,-1.5496816587904565,-6.325960554413228,-6.2096413596977165,-1.9609141899442455,-2.190455710740325,-1.0905705690383911,0.6770876346586481,-0.6770876346586481,0.05172638200019719,pixhawk_fused,True,0.8,0.2,gyro,-1.0,0.005168480332940817,-0.27173924446105957,0.0,0.0,0.027639882000585203,2,0.7776375297022156,0.03162680591870314,0.05271017187370039,0.7462108406874948,-0.027626103124220234,-1.5641297588910283,0.03051669366476847,0.030516693664768443,-0.014448100100571848,0.04394910061478659,,,
23.503727499977686,4304.468525936,odom,navigating,1,4,,0.7766824875771269,-0.027616201033489773,-1.58086191766291,-6.3260785887660385,-6.209801026322256,-1.992094448816699,-2.2147933633550245,-1.0592695474624634,0.6442376495657698,-0.6442376495657698,0.06503074499960348,pixhawk_fused,True,0.8,0.2,gyro,-1.0,0.0025724826846271753,-0.033812861889600754,0.0,0.0,0.008051714999965043,2,0.7778307676299542,0.03182004384644177,0.05303222792987637,0.7462121289117195,-0.027819336757925823,-1.5641297588910283,0.030471035776965447,0.030471035776965447,0.01673215877188161,0.04405677259753131,,,
23.848523000022396,,mission_status,reached,1,4,reached waypoint 1/4,0.7766824875771269,-0.027616201033489773,-1.58086191766291,,,,,,,,,,,,,,,,,,,,,,,,,,,,,,,,,
23.848586400039494,,mission_status,navigating,2,4,going to waypoint 2/4,0.7766824875771269,-0.027616201033489773,-1.58086191766291,,,,,,,,,,,,,,,,,,,,,,,,,,,,,,,,,
23.84866110002622,4304.588168852,odom,navigating,2,4,,0.7766824875771269,-0.027616201033489773,-1.58086191766291,-6.3260785887660385,-6.209801026322256,-1.992094448816699,-2.2147933633550245,-1.0592695474624634,0.6442376495657698,-0.6442376495657698,0.18468584600032045,pixhawk_fused,True,0.8,0.2,gyro,-1.0,0.0,0.0,0.0,0.0,0.0852628000002369,2,0.7778307676299542,0.03182004384644177,0.05303222792987637,0.7462121289117195,-0.027819336757925823,-1.5641297588910283,0.030471035776965447,0.030471035776965447,0.01673215877188161,0.5690097521755719,,,
23.84876019996591,4304.709177192,odom,navigating,2,4,,0.7765362588683512,-0.02823997103187681,-1.5803770513845394,-6.326461971663929,-6.210314338507737,-1.9916095825383284,-2.2060043789891917,-1.0478193759918213,0.6426928895844356,-0.6426928895844356,0.11040877100003854,pixhawk_fused,True,0.8,0.2,gyro,-1.0,0.0025600676890462637,0.03364967927336693,0.24,-0.1579985757385293,0.005041393999817956,2,0.7784535489308521,0.03244282514733961,0.05407017369950083,0.746216280694798,-0.0284421042197005,-1.5641297588910283,0.03032065194335975,0.0303206519433597,0.01624729249351109,0.5683798232947861,,,
23.84885079995729,4304.809677503,odom,navigating,2,4,,0.776525330663854,-0.028288159256357137,-1.5794277062449402,-6.326491251503386,-6.210354140789499,-1.9906602373987292,-2.205317772102937,-1.049329400062561,0.6437065047111572,-0.6437065047111572,0.03314128100009839,pixhawk_fused,True,0.8,0.2,gyro,-1.0,0.0,0.0,0.24,-0.15846816037575778,0.005074632999821915,2,0.7785016632314409,0.03249093944792849,0.054150362418530565,0.7462166014496742,-0.02849021745111834,-1.5641297588910283,0.030309402734012218,0.030309402734012263,0.015297947353911878,0.5683311774725737,,,
24.18476690002717,4304.927476286,odom,navigating,2,4,,0.7764277619383179,-0.028722509107682814,-1.5766338032028167,-6.326754312561008,-6.210713276320339,-1.9878663343566056,-2.1992294186360386,-1.051153540611267,0.6456942833747925,-0.6456942833747925,0.05086383300022135,pixhawk_fused,True,0.8,0.2,gyro,-1.0,0.00775349885225296,0.10191244632005692,0.24,-0.16248403373859996,0.023887321000074735,2,0.7789353529871533,0.03292462920364087,0.054873162616003064,0.7462194926504641,-0.02892389756960184,-1.5641297588910283,0.030208940575268205,0.030208940575268246,0.01250404431178831,0.5678927524402397,,,
24.185012000030838,4305.04434704,odom,navigating,2,4,,0.7754533735743503,-0.03356454995293723,-1.5674255549465002,-6.329583019551054,-6.214762129120259,-1.9786580861002891,-2.159999085846418,-1.0534580945968628,0.6475327213343444,-0.6475327213343444,0.053406279000228096,pixhawk_fused,True,0.8,0.2,gyro,-1.0,0.07171043753623962,0.40395691990852356,0.24,-0.17517430918178564,0.04333015799966233,2,0.7837707904570091,0.03776006667349675,0.06293204598145566,0.7462517281839258,-0.0337592275888734,-1.5641297588910283,0.029202294308667467,0.029202294308667474,0.0032957960554718113,0.5630111097446989,,,
24.185181900043972,4305.146874349,odom,navigating,2,4,,0.7737657242007546,-0.04389090448986904,-1.5424561335559033,-6.335257818435822,-6.223552943419745,-1.9536886647096923,-2.1261855760301085,-1.0759012699127197,0.6703235301461281,-0.6703235301461281,0.07438097900012508,pixhawk_fused,True,0.8,0.2,gyro,-1.0,0.13573086261749268,0.3029525876045227,0.24,-0.181714783768663,0.04323723500056076,2,0.7940856647812344,0.04807494099772199,0.08012312116884929,0.7463204924846754,-0.044073872701309566,-1.5641297588910283,0.027445841603340952,0.027445841603340914,-0.02167362533512507,0.5526203606381158,,,
24.52255640004296,4305.247239461,odom,navigating,2,4,,0.7718096616960544,-0.05847042770181898,-1.4886075143499067,-6.3428788116495,-6.236135039431425,-1.8998400455036957,-2.103175331366502,-1.13594651222229,0.7317540100898804,-0.7317540100898804,0.053530275000412075,pixhawk_fused,True,0.8,0.2,gyro,-1.0,0.16909906268119812,0.13470594584941864,0.24,-0.2377269663010888,0.04306118400018022,2,0.8086518238876582,0.06264110010414584,0.10439951354349697,0.746417598054174,-0.05863970812609817,-1.5641297588910283,0.025392627903691827,0.0253926279036918,-0.07552224454112166,0.5379718416779466,,,
24.5226845999714,4305.371661685,odom,navigating,2,4,,0.7692861488560082,-0.07971096226256563,-1.475663437797913,-6.353682614911658,-6.254595978209092,-1.886895968951702,-2.1017868028099604,-1.1507196426391602,0.7475278389688792,-0.7475278389688792,0.0766532850002477,pixhawk_fused,True,0.8,0.2,gyro,-1.0,0.18320395052433014,-0.03048161044716835,0.24,-0.41116308511302546,0.01610932000039611,2,0.8298750634071665,0.08386433962365417,0.1397707933896366,0.7465590831735586,-0.07986247603378195,-1.5641297588910283,0.022727570722742202,0.02272757072274223,-0.08846632109311536,0.5166491324153578,,,
24.52279079996515,4305.484649383,odom,navigating,2,4,,0.7663507674269681,-0.10242879443972402,-1.4803010571102917,-6.3654544828658635,-6.274246410464699,-1.8915335882640807,-2.1254227266640133,-1.1507196426391602,0.7475278389688792,-0.7475278389688792,0.19030751900027099,pixhawk_fused,True,0.8,0.2,gyro,-1.0,0.2016056329011917,-0.27172040939331055,0.24,-0.39723772160008625,0.03146743900015281,2,0.8525728219857672,0.10656209820225479,0.1775995503909334,0.7467103982015637,-0.10255973023456003,-1.5641297588910283,0.01964080567320444,0.019640805673204417,-0.08382870178073665,0.493841961110713,,,
24.848528899950907,4305.587488313,odom,navigating,2,4,,0.763339916131557,-0.12174267580047982,-1.5196225355652448,-6.375934835401519,-6.290746514993726,-1.9308550667190338,-2.1511184587735714,-1.1123077869415283,0.7048821264051112,-0.7048821264051112,0.02983452300031786,pixhawk_fused,True,0.8,0.2,gyro,-1.0,0.20408318936824799,-0.16977739334106445,0.24,-0.28191684604158324,0.031458939999538416,2,0.8718662022675332,0.12585547848402084,0.20975446964805486,0.7468390178785922,-0.1218526817888329,-1.5641297588910283,0.016501264935518494,0.016501264935518473,-0.044507223325783496,0.4744448997716023,,,
24.848656699992716,4305.708372379,odom,navigating,2,4,,0.7588576351314835,-0.14644926018969961,-1.5315044674222442,-6.389919618722189,-6.3116015381444965,-1.9427369985760332,-2.1693679667540198,-1.102434754371643,0.6945548980973871,-0.6945548980973871,0.11112439900080062,pixhawk_fused,True,0.8,0.2,gyro,-1.0,0.22527475655078888,-0.06729608029127121,0.24,-0.005598711513486705,0.0044494470002973685,2,0.8965423564305306,0.1505316326470182,0.250880479351878,0.7470035219174075,-0.1465282876111268,-1.5641297588910283,0.011854376635887249,0.011854376635887226,-0.03262529146878412,0.4496379936839311,,,
24.84875290002674,4305.810175579,odom,navigating,2,4,,0.754707600253785,-0.16837665680967914,-1.5477626502366895,-6.402488904804108,-6.330041889535044,-1.9589951813904785,-2.1693832438488014,-1.0843043327331543,0.6743267535411032,-0.6743267535411032,0.03371828299987101,pixhawk_fused,True,0.8,0.2,gyro,-1.0,0.24183283746242523,-0.03653647005558014,0.24,0.08063433349704337,0.006197768999300024,2,0.9184415995068864,0.17243087572337398,0.2873784067564292,0.7471495136270258,-0.16842704405385753,-1.5641297588910283,0.0075582545823737165,0.007558254582373755,-0.01636710865433888,0.4276492548121841,,,
25.184574899962172,4305.927740313,odom,navigating,2,4,,0.7496585606375484,-0.1957321145565725,-1.5414686640661865,-6.418052054470509,-6.353098390614991,-1.9527011952199755,-2.155131554461369,-1.089987874031067,0.6786709871079982,-0.6786709871079982,0.04703860799963877,pixhawk_fused,True,0.8,0.2,gyro,-1.0,0.24552743136882782,0.169854074716568,0.24,0.19962442627379967,0.023649605999708,2,0.9457627898588539,0.19975206607534152,0.3329127121474981,0.74733165084859,-0.19574762728849887,-1.5641297588910283,0.0023269614974903304,0.0023269614974903304,-0.0226610948248418,0.4002680310719194,,,
25.184723300044425,4306.028671241,odom,navigating,2,4,,0.745828265793647,-0.21891458331199826,-1.5366660571103383,-6.43082995940856,-6.372816989996835,-1.9478985882641273,-2.1307785550708136,-1.089987874031067,0.6786709871079982,-0.6786709871079982,0.148174086999461,pixhawk_fused,True,0.8,0.2,gyro,-1.0,0.23782172799110413,0.2718210518360138,0.24,0.23752427919084307,0.02526380099970993,2,0.9689192087339518,0.22290848495043933,0.37150588598943807,0.7474860235439578,-0.21890353159366283,-1.5641297588910283,0.0016577945889625443,-0.0016577945889625272,-0.02746370178069002,0.3771084921412568,,,
25.18482830002904,4306.146902271,odom,navigating,2,4,,0.7420432343677724,-0.24652586932309192,-1.5126858410546342,-6.44533674736705,-6.396613264520564,-1.9239183722084232,-2.097636390779688,-1.1112501621246338,0.7003948160495819,-0.7003948160495819,0.07043364700075472,pixhawk_fused,True,0.8,0.2,gyro,-1.0,0.2356082648038864,0.3366140127182007,0.24,0.3489950123122484,0.04354678199979389,2,0.9965046481992514,0.250493924415739,0.4174805967827158,0.7476699223871308,-0.2464883580696295,-1.5641297588910283,0.005626813055480661,-0.005626813055480709,-0.051443917836394126,0.3495646980627575,,,
25.50645930005703,4306.247129979,odom,navigating,2,4,,0.7397358558159645,-0.26911008067404174,-1.4688597004590902,-6.456479556270421,-6.4163922535712885,-1.8800922316128792,-2.063761882922448,-1.1585736274719238,0.7466716602977574,-0.7466716602977574,0.05175645600047574,pixhawk_fused,True,0.8,0.2,gyro,-1.0,0.2484501749277115,0.3029978275299072,0.24,0.3551168441436706,0.04317505099970731,2,1.01907297551371,0.2730622517301976,0.4550936398040334,0.7478203745592161,-0.26905618388242003,-1.5641297588910283,0.008084698397227606,-0.008084698397227611,-0.09527005843193814,0.32705102356170995,,,
25.506873599952087,4306.367882085,odom,navigating,2,4,,0.7379443865336728,-0.29694253218621375,-1.4612361640007128,-6.469247396263658,-6.44118816011398,-1.8724686951545018,-2.025233552616199,-1.1585736274719238,0.7466716602977574,-0.7466716602977574,0.17262911400030134,pixhawk_fused,True,0.8,0.2,gyro,-1.0,0.2393007129430771,0.23674924671649933,0.24,0.13329338246049044,0.013174570000046515,2,1.0468928656844207,0.3008821419009084,0.5014590930899263,0.7480058363723597,-0.29687545585395575,-1.5641297588910283,0.010061673423976894,-0.010061673423976862,-0.10289359489031558,0.2993003622972135,,,
25.507096800021827,4306.467918039,odom,navigating,2,4,,0.7371582621363824,-0.32042853374686936,-1.4307171660977116,-6.479356260836202,-6.462401861298099,-1.8419496972515006,-2.0062821487829456,-1.1917970180511475,0.7800484970744909,-0.7800484970744909,0.09527975600030913,pixhawk_fused,True,0.8,0.2,gyro,-1.0,0.2444714456796646,0.033824726939201355,0.2281887494216348,0.021363258849024926,0.013861716999599594,2,1.0703731046384708,0.3243623808549584,0.5405919550705167,0.7481623678202821,-0.32035517304231004,-1.5641297588910283,0.011004350216864618,-0.011004350216864568,-0.13341259279331674,0.27587051898355897,,,
25.847793700057082,4306.584972399,odom,navigating,2,4,,0.7366540649083596,-0.34809290703923335,-1.3884170310502333,-6.490876962667565,-6.487558275864107,-1.7996495622040223,-1.996791035094799,-1.24468994140625,0.83042510216797,-0.83042510216797,0.03093802799958212,pixhawk_fused,True,0.8,0.2,gyro,-1.0,0.2326516956090927,0.0,0.21685711899658985,-0.07542637055082416,0.026757183999507106,2,1.098033501947315,0.35202277816380273,0.5866915928269117,0.7483467663713076,-0.34801495569614704,-1.5641297588910283,0.01169296129787125,-0.011692961297871304,-0.17571272784079506,0.2482660684099389,,,
25.847920199972577,4306.688400293,odom,navigating,2,4,,0.7362933346511096,-0.3688713987011667,-1.3877619453363181,-6.49951360031241,-6.506460242223594,-1.7989944764901071,-2.004267877897683,-1.244856357574463,0.8330746423464478,-0.8330746423464478,0.06934938199992757,pixhawk_fused,True,0.8,0.2,gyro,-1.0,0.1986871063709259,-0.03391634672880173,0.1951630587030458,-0.07951155649941166,0.03374559700023383,2,1.1188091270654383,0.3727984032819258,0.6213168652485013,0.748485267460994,-0.36879011914910076,-1.5641297588910283,0.012192203738714331,-0.012192203738714361,-0.1763678135547102,0.22754180759357354,,,
25.848017600015737,4306.809376449,odom,navigating,2,4,,0.7356182616280444,-0.3903734272217309,-1.3979949169046304,-6.508727599791548,-6.525899768135613,-1.8092274480584194,-2.025904886467138,-1.237208366394043,0.8256332789670885,-0.8256332789670885,0.027928632000111975,pixhawk_fused,True,0.8,0.2,gyro,-1.0,0.17667104303836823,-0.16827349364757538,0.1675990791439441,-0.0004384643236111402,0.00513161399976525,2,1.1403061773922603,0.3942954536087479,0.6571444862993608,0.7486285779451974,-0.3902866917796165,-1.5641297588910283,0.013010605432081022,-0.013010605432081025,-0.16613484198639794,0.20612889615756488,,,
26.16607749997638,4306.909559806,odom,navigating,2,4,,0.7348747725405712,-0.4059080007652929,-1.4238418379112332,-6.515618884506258,-6.539842004189572,-1.8350743690650222,-2.0373946722020695,-1.2082576751708984,0.7962708266537846,-0.7962708266537846,0.016144504999829223,pixhawk_fused,True,0.8,0.2,gyro,-1.0,0.14596743881702423,-0.10097921639680862,0.15964554403428485,0.0027479699166854644,0.004573481000079482,2,1.15583544925081,0.40982472546729753,0.6830260309245645,0.7487321041236983,-0.4058156185547387,-1.5641297588910283,0.013857639520407436,-0.013857639520407408,-0.14028792097979514,0.19069279136545078,,,
26.16626820003148,4307.024626425,odom,navigating,2,4,,0.7338515780885421,-0.42287271717729213,-1.425706710508997,-6.523338239680613,-6.554983341168795,-1.836939241662786,-2.046870393519176,-1.2082576751708984,0.7962708266537846,-0.7962708266537846,0.1314677460004532,pixhawk_fused,True,0.8,0.2,gyro,-1.0,0.14473560452461243,-4.779833398060873e-05,0.14555233194088613,0.07504708852989092,0.023517275999438425,2,1.1727929675369095,0.4267822437533972,0.7112879333660989,0.7488451517334644,-0.4227727600196593,-1.5641297588910283,0.014993906831745783,-0.014993906831745734,-0.13842304838203123,0.17387877267741547,,,
26.16645050002262,4307.127199714,odom,navigating,2,4,,0.7329958196031267,-0.43602109939435185,-1.436969733015534,-6.5293785790611025,-6.566693446961646,-1.848202264169323,-2.0461685316060283,-1.1951687335968018,0.7820748320307792,-0.7820748320307792,0.03721216399935656,pixhawk_fused,True,0.8,0.2,gyro,-1.0,0.13956648111343384,4.6052547986619174e-05,0.13290992607689014,0.07610362850114703,0.02399315100046806,2,1.1859353526476424,0.43992462886412986,0.7331914218118738,0.7489327656872475,-0.43591485308712424,-1.5641297588910283,0.015937300234543348,-0.015937300234543306,-0.12716002587549435,0.16088005093845928,,,
26.50126819999423,4307.228586945,odom,navigating,2,4,,0.7321418363196224,-0.4491746967558603,-1.4370961012883263,-6.5354193759390835,-6.578409042724396,-1.8483286324421153,-2.0481826867235466,-1.194828748703003,0.7824116703481158,-0.7824116703481158,0.03001029600000038,pixhawk_fused,True,0.8,0.2,gyro,-1.0,0.14962290227413177,0.0,0.12668981281465416,0.10170151031698871,0.02508682399911777,2,1.199082964621352,0.4530722408378397,0.7551036215023629,0.7490204144860094,-0.4490621729014177,-1.5641297588910283,0.0168789532417344,-0.016878953241734426,-0.12703365760270202,0.14790734830551433,,,
26.501404199982062,4307.346764587,odom,navigating,2,4,,0.7311493644385867,-0.463897993563967,-1.4374958416512913,-6.542214586180576,-6.591508110901491,-1.8487283728050803,-2.0502121042061243,-1.194828748703003,0.7824116703481158,-0.7824116703481158,0.14809045899983175,pixhawk_fused,True,0.8,0.2,gyro,-1.0,0.12315899133682251,0.0,0.1144564490642342,0.09826817589851207,0.04364496299967868,2,1.213799317923812,0.46778859414029966,0.7796303319745082,0.749118521327898,-0.46377819918470486,-1.5641297588910283,0.017969556199472145,-0.01796955619947215,-0.12663391723973705,0.1334401984616889,,,
26.501500600017607,4307.465836092,odom,navigating,2,4,,0.7302803985791293,-0.47664985380915115,-1.4390754436810769,-6.54810852636378,-6.60284947371618,-1.8503079748348659,-2.0482131589862793,-1.191949486732483,0.7799541305866768,-0.7799541305866768,0.08943108799940092,pixhawk_fused,True,0.8,0.2,gyro,-1.0,0.1055087149143219,-0.033824726939201355,0.09835264896592223,0.09457336267392831,0.009937255000295409,2,1.2265451018267712,0.4805343780432588,0.8008728330957713,0.7492034913323831,-0.47652369985746273,-1.5641297588910283,0.0189235132617538,-0.01892351326175382,-0.12505431520995147,0.12096826061399325,,,
26.82558499998413,4307.567498778,odom,navigating,2,4,,0.7296544540141419,-0.48615583980713317,-1.4368149323824047,-6.552482202382675,-6.61131271981174,-1.8480474635361936,-2.046183830362752,-1.193983793258667,0.7822713767629793,-0.7822713767629793,0.004465244000130042,pixhawk_fused,True,0.8,0.2,gyro,-1.0,0.10034946352243423,0.0338534414768219,0.09381688639613067,0.09196841421458314,0.013032314999691152,2,1.236046703716624,0.4900359799331117,0.8167084843460749,0.7492668339373842,-0.4860250906076449,-1.5641297588910283,0.01961281574906489,-0.01961281574906494,-0.1273148265086237,0.11171249155729565,,,
26.826063600019552,4307.66855274,odom,navigating,2,4,,0.7290681166847855,-0.4954184569194052,-1.4362796322863827,-6.556722289134049,-6.619568719543643,-1.8475121634401717,-2.043467694629764,-1.193983793258667,0.7822713767629793,-0.7822713767629793,0.10556435299986333,pixhawk_fused,True,0.8,0.2,gyro,-1.0,0.09520565718412399,0.1014639362692833,0.08485304580708392,0.09924226842461334,0.014580123000087042,2,1.245305206171154,0.4992944823876416,0.832138978874223,0.7493285559154969,-0.49528338732453375,-1.5641297588910283,0.02026088945769174,-0.02026088945769178,-0.12785012660464568,0.10273651029500316,,,
26.826207499951124,4307.786603756,odom,navigating,2,4,,0.7285225042823222,-0.5046897667639665,-1.43428496819911,-6.56092852107105,-6.627848966642596,-1.845517499352899,-2.0367081840121264,-1.1951022148132324,0.7830957241994074,-0.7830957241994074,0.11103721499966923,pixhawk_fused,True,0.8,0.2,gyro,-1.0,0.07481145113706589,0.033907800912857056,0.08096500758596556,0.11807438161598569,0.031103394000638218,2,1.2545726726582873,0.508561948874775,0.8475844131247199,0.7493903376524989,-0.504550647874832,-1.5641297588910283,0.020868297094654625,-0.020868297094654657,-0.12984479069191823,0.09380214025235085,,,
27.166585900005884,4307.906917115,odom,navigating,2,4,,0.7280792474703055,-0.5130879190398803,-1.4235266481113524,-6.564691895436263,-6.635369767905633,-1.8347591792651414,-2.0306502763114214,-1.2072558403015137,0.7950085418396374,-0.7950085418396374,0.010624141999869607,pixhawk_fused,True,0.8,0.2,gyro,-1.0,0.07042745500802994,0.06612161546945572,0.0706245235324184,0.17014864312583844,0.0043073960005131084,2,1.2629676833350678,0.5169569595515553,0.861575786670063,0.7494463031466803,-0.5129454720020378,-1.5641297588910283,0.021367530494558532,-0.021367530494558525,-0.1406031107796759,0.08576090345026428,,,
27.16700719995424,4308.009862078,odom,navigating,2,4,,0.7277957146966846,-0.5193241521003463,-1.4221876784698835,-6.567444657842716,-6.640972739684233,-1.8334202096236725,-2.0238602108655317,-1.2072558403015137,0.7950085418396374,-0.7950085418396374,0.11246565600049507,pixhawk_fused,True,0.8,0.2,gyro,-1.0,0.05889327451586723,0.03365637734532356,0.05357344908456376,0.1703116540473242,0.005146354000316933,2,1.2692018876407087,0.5231911638571963,0.8719658962907052,0.7494878635851628,-0.519179537774423,-1.5641297588910283,0.021692630930875367,-0.02169263093087535,-0.14194208042114487,0.0798261607304388,,,
27.167183900019154,4308.127820356,odom,navigating,2,4,,0.7275554205076669,-0.5256812793855764,-1.4093541258449103,-6.570206112701509,-6.6467038107604575,-1.8205866569986993,-2.0164292374839015,-1.2211498022079468,0.8091691527762196,-0.8091691527762196,0.03387824099991121,pixhawk_fused,True,0.8,0.2,gyro,-1.0,0.045948874205350876,0.06713567674160004,0.05,0.1741374936676096,0.02446080499976233,2,1.2755572717354904,0.529546547951978,0.8825579677385909,0.7495302318709544,-0.5255347806431545,-1.5641297588910283,0.021975299687003142,-0.02197529968700315,-0.15477563304611808,0.07381383080044701,,,
27.48611339996569,4308.243623954,odom,navigating,2,4,,0.7274031096974771,-0.5310682012691483,-1.4065485183638975,-6.572499090128988,-6.651580734020022,-1.8177810495176865,-2.0022079512561506,-1.2211498022079468,0.8091691527762196,-0.8091691527762196,0.15098250600021856,pixhawk_fused,True,0.8,0.2,gyro,-1.0,0.040967199951410294,0.06730939447879791,0.05,0.2143297933819747,0.04157716999998229,2,1.28094305853084,0.5349323347473274,0.8915340795972371,0.749566136318389,-0.5309204477583422,-1.5641297588910283,0.02216351912714231,-0.022163519127142282,-0.15758124052713085,0.06875142135089339,,,
27.486379000009038,4308.345378655,odom,navigating,2,4,,0.7273288108756703,-0.5362998188987882,-1.3977430312691412,-6.574658478288946,-6.656346485389147,-1.8089755624229302,-1.9859725667782866,-1.2285407781600952,0.8161455693267963,-0.8161455693267963,0.07540658000016265,pixhawk_fused,True,0.8,0.2,gyro,-1.0,0.05632251128554344,0.2018846869468689,0.05,0.25801895093931226,0.044016322999596014,2,1.2861740645917132,0.5401633408082009,0.9002522292975189,0.7496010089171901,-0.5361513375785113,-1.5641297588910283,0.02227269297375488,-0.022272692973754896,-0.1663867276218871,0.0638599595977684,,,
27.486511199967936,4308.446890993,odom,navigating,2,4,,0.7273577258830322,-0.541286282631992,-1.3700434738351162,-6.576625260004974,-6.660928780264174,-1.7812760049889051,-1.962291043379046,-1.258729338645935,0.8448345644795081,-0.8448345644795081,0.061872371999925235,pixhawk_fused,True,0.8,0.2,gyro,-1.0,0.051219191402196884,0.20196841657161713,0.05,0.29554831071343785,0.033937109999897075,2,1.2911606102807376,0.5451498864972253,0.9085629540985048,0.749634251816394,-0.5411377724591029,-1.5641297588910283,0.0222770209617712,-0.022277020961771237,-0.1940862850559122,0.05921370994469248,,,
27.82676970004104,4308.549623648,odom,navigating,2,4,,0.727492415433901,-0.5460998447379543,-1.365519677961566,-6.578425970131582,-6.665394870776356,-1.776752209115355,-1.9394181152084344,-1.258729338645935,0.8448345644795081,-0.8448345644795081,0.16359594400000788,pixhawk_fused,True,0.8,0.2,gyro,-1.0,0.04765215516090393,0.25053709745407104,0.05,0.3351562454796963,0.045579075000205194,2,1.2959749633326043,0.5499642395490919,0.916586697548187,0.7496663467901927,-0.5459520185289122,-1.5641297588910283,0.022174424104846973,-0.02217442410484699,-0.19861008092946242,0.054741363320403046,,,
27.826914299977943,4308.667995636,odom,navigating,2,4,,0.7278124640417918,-0.5514963869207984,-1.3279830806637547,-6.580289814912019,-6.670469432952255,-1.7392156118175437,-1.8980057577964466,-1.2954477071762085,0.8814139445149085,-0.8814139445149085,0.09036435799953324,pixhawk_fused,True,0.8,0.2,gyro,-1.0,0.04879666492342949,0.3713288903236389,0.05,0.37295464823306435,0.012242280999998911,2,1.3013735192062592,0.5553627954227467,0.9255840907310958,0.7497023363629244,-0.5513504544386575,-1.5641297588910283,0.021890358757334947,-0.021890358757334947,-0.23614667822727364,0.049727842593461316,,,
27.827024700003676,4308.787759325,odom,navigating,2,4,,0.7285324030690101,-0.5586236361450941,-1.2853362947023195,-6.582478940408925,-6.677290263053272,-1.6965688258561085,-1.8580734528750245,-1.3402258157730103,0.9247311997734687,-0.9247311997734687,0.10451351200026693,pixhawk_fused,True,0.8,0.2,gyro,-1.0,0.06463105231523514,0.3738035261631012,0.05,0.41332371602441065,0.03373515199928079,2,1.3085054095393787,0.5624946857558664,0.9374703104843467,0.7497498812419374,-0.558482186290608,-1.5641297588910283,0.021217949667203483,-0.021217949667203445,-0.2787934641887089,0.04310278753173346,,,
28.176167199970223,4308.910520077,odom,navigating,2,4,,0.7295817459085194,-0.565896217219785,-1.249711779113744,-6.584424219742853,-6.684375984201876,-1.660944310267533,-1.8114578428825021,-1.373090147972107,0.9576392755233428,-0.9576392755233428,0.11330603900023561,pixhawk_fused,True,0.8,0.2,gyro,-1.0,0.06913457065820694,0.37023356556892395,0.05,0.6880457524312827,0.007194110999989789,2,1.3157848244700208,0.5697741006865084,0.9496023991031095,0.7497984095964124,-0.5657614394618656,-1.5641297588910283,0.020217112942094394,-0.020217112942094415,-0.31441797977728436,0.0363750304167932,,,
28.176321299979463,4309.02843006,odom,navigating,2,4,,0.7310026858721551,-0.5731659614717701,-1.1669106051781704,-6.586027748450617,-6.691607647050274,-1.5781431363319594,-1.7505295294929641,-1.4625358581542969,1.0458418136858127,-1.0458418136858127,0.00911827700019785,pixhawk_fused,True,0.8,0.2,gyro,-1.0,0.05686159059405327,0.6115087270736694,0.05,0.8691822717682071,0.024937717000284465,2,1.3230638799001067,0.5770531561165942,0.9617338885675932,0.7498469355542704,-0.5730403331405559,-1.5641297588910283,0.01884466843856654,-0.018844668438566508,-0.397219153712858,0.029703388015186082,,,
28.176425899961032,,mission_status,reached,2,4,reached waypoint 2/4,0.7310026858721551,-0.5731659614717701,-1.1669106051781704,,,,,,,,,,,,,,,,,,,,,,,,,,,,,,,,,
28.523596600047313,,mission_status,turning,3,4,aligning for waypoint 3/4,0.7310026858721551,-0.5731659614717701,-1.1669106051781704,,,,,,,,,,,,,,,,,,,,,,,,,,,,,,,preturn,3.0201769059674173,
28.523697500000708,4309.148147028,odom,turning,3,4,,0.7324677799729984,-0.5786451131786112,-1.152831762121042,-6.586875033804906,-6.697215651301281,-1.564064293274831,-1.6795761508313223,-1.4625358581542969,1.0458418136858127,-1.0458418136858127,0.12877402499998425,pixhawk_fused,True,0.8,0.2,gyro,-1.0,0.03336375206708908,0.3710712492465973,0.0,0.0,0.04393386300034763,3,1.365529190739093,0.01950513377039211,0.02567843510680956,0.7306384599294656,-0.5936375839701735,3.0201769059674173,0.01510366155134308,-0.01510366155134306,-2.1101766390911267,0.7402409633759837,preturn,3.0201769059674173,-2.1101766390911267
28.523811800056137,4309.248241832,odom,turning,3,4,,0.733064721561195,-0.5805289598303183,-1.1152316476442927,-6.5870809076760874,-6.699181060524835,-1.5264641787980817,-1.6809799890918444,-1.5134499073028564,1.0931090754293582,-1.0931090754293582,0.07127745599973423,pixhawk_fused,True,0.8,0.2,gyro,-1.0,0.023040607571601868,-0.30284708738327026,0.0,-1.55,0.01112564699997165,3,1.364708476654493,0.018684419685792313,0.024597968107160945,0.7314531320472006,-0.5937369869341411,3.0201769059674173,0.013305983644095444,-0.013305983644095491,-2.147776753567876,0.7410270477268642,preturn,3.0201769059674173,-2.147776753567876
28.523910799995065,4309.367519905,odom,turning,3,4,,0.7343234042233022,-0.5849945975173447,-1.1008247413934553,-6.58771225421438,-6.703777537822099,-1.5120572725472443,-1.7445632870645673,-1.5345278978347778,1.126667170348086,-1.126667170348086,0.08473105499979283,pixhawk_fused,True,0.8,0.2,gyro,-1.0,0.046088095754384995,-0.6057846546173096,0.0,-1.55,0.01004077099969436,3,1.3629181926572251,0.016894135688524277,0.022241065971150487,0.7332302362577525,-0.5939538219306542,3.0201769059674173,0.009025669963440043,-0.009025669963440014,-2.162183659818714,0.7427527004669067,preturn,3.0201769059674173,-2.162183659818714
28.524004000006244,4309.484762203,odom,turning,3,4,,0.7355056768486008,-0.5907018997636201,-1.1619135332017665,-6.58890998264717,-6.7094816165463245,-1.5731460643555555,-1.8244430521484847,-1.4788838624954224,1.070147480490126,-1.070147480490126,0.09164108100048907,pixhawk_fused,True,0.8,0.2,gyro,-1.0,0.0516899898648262,-0.6794162392616272,0.0,-1.55,0.028040276999490743,3,1.3610533686805808,0.015029311711880069,0.019786032233183037,0.73508133169618,-0.5941796850345471,3.0201769059674173,0.0035035780566529348,-0.0035035780566529647,-2.101094868010403,0.7445709271210689,preturn,3.0201769059674173,-2.101094868010403
28.847500700037926,4309.585322271,odom,turning,3,4,,0.7361637877150613,-0.5957428855313671,-1.2828493842962503,-6.590321819905989,-6.714365402268261,-1.6940819154500393,-1.894114682409546,-1.3471988439559937,0.9367022295021195,-0.9367022295021195,0.0015619739997418947,pixhawk_fused,True,0.8,0.2,gyro,-1.0,0.05170557275414467,-0.6796211004257202,0.0,-1.55,0.0032713890004743007,3,1.3597895503553201,0.01376549338661942,0.018122220170470386,0.7363358459914653,-0.5943327557443167,3.0201769059674173,0.0014205879299804337,0.0014205879299803938,-1.980159016915919,0.745827855265763,preturn,3.0201769059674173,-1.980159016915919
28.847878800006583,4309.705413562,odom,turning,3,4,,0.7364959515857086,-0.6023963903724164,-1.357190505042755,-6.592677016992315,-6.720596975600205,-1.768423036196544,-1.9854233333555023,-1.2759335041046143,0.8665166296385902,-0.8665166296385902,0.014232207000532071,pixhawk_fused,True,0.8,0.2,gyro,-1.0,0.056864701211452484,-0.7474329471588135,0.0,-1.55,0.030407320999984222,3,1.3586539749297282,0.012629917961027312,0.016627239401908942,0.7374630614909606,-0.5944702939750244,3.0201769059674173,0.007984879815600733,0.007984879815600763,-1.905817896169414,0.7470047549735845,preturn,3.0201769059674173,-1.905817896169414
28.848149099969305,4309.807854095,odom,turning,3,4,,0.7363223604448463,-0.6077242146496619,-1.371469902858185,-6.594965876942371,-6.72541122170343,-1.782702434011974,-2.0584976085836235,-1.2759335041046143,0.8665166296385902,-0.8665166296385902,0.11610020000080112,pixhawk_fused,True,0.8,0.2,gyro,-1.0,0.0516899898648262,-0.6794162392616272,0.0,-1.55,0.03010420000009617,3,1.3581809945464316,0.012156937577730828,0.016004562509648462,0.7379325598677251,-0.5945275802491123,3.0201769059674173,0.013294506447522081,0.013294506447522102,-1.8915384983539845,0.7475532824349834,preturn,3.0201769059674173,-1.8915384983539845
29.166404900024645,4309.908228094,odom,turning,3,4,,0.7357465469529905,-0.6131231332952257,-1.4433743991522079,-6.597651844715063,-6.730129850830929,-1.8546069303059969,-2.1328995200689898,-1.2056872844696045,0.7952140881442207,-0.7952140881442207,0.032236527999884856,pixhawk_fused,True,0.8,0.2,gyro,-1.0,0.056864701211452484,-0.7474329471588135,0.0,-1.55,0.03000216599957639,3,1.3580986646339486,0.01207460766524774,0.015896175490111308,0.7380142836804561,-0.5945375518549098,3.0201769059674173,0.018723420289565522,0.01872342028956554,-1.8196340020599608,0.7477518384792113,preturn,3.0201769059674173,-1.8196340020599608
29.166587900021113,4310.008708831,odom,turning,3,4,,0.7347612712097469,-0.6185124533362852,-1.5130325735515469,-6.600709300450866,-6.734676003404127,-1.9242651047053358,-2.2079727383638375,-1.1367641687393188,0.7268597139143127,-0.7268597139143127,0.02450058100021124,pixhawk_fused,True,0.8,0.2,gyro,-1.0,0.05685613304376602,-0.7473203539848328,0.0,-1.55,0.03009460700013733,3,1.358423945137182,0.012399888168481355,0.0163244060468519,0.7376913978406736,-0.5944981546436896,3.0201769059674173,0.02419239929751629,0.024192399297516296,-1.7499758276606219,0.7475836527162268,preturn,3.0201769059674173,-1.7499758276606219
29.166692900005728,4310.127558398,odom,turning,3,4,,0.733039343398378,-0.6248918311524634,-1.6010923761584044,-6.60483775781431,-6.739835202615956,-2.0123249073121934,-2.298548856485874,-1.049529790878296,0.6394051166199821,-0.6394051166199821,0.09037280200027453,pixhawk_fused,True,0.8,0.2,gyro,-1.0,0.05633550137281418,-0.7404771447181702,0.0,-1.55,0.011092703000031179,3,1.3593605411185365,0.013336484149835712,0.01755743112689589,0.7367616969303205,-0.5943847163363255,3.0201769059674173,0.030733369002141374,0.03073336900214133,-1.661916025053765,0.7468880964083627,preturn,3.0201769059674173,-1.661916025053765
29.49963940004818,4310.231518036,odom,turning,3,4,,0.7310666788888143,-0.6303254386283021,-1.6620955749328066,-6.608817985990502,-6.74402725213072,-2.0733281060865956,-2.3777725993758625,-0.9920620322227478,0.5827713640355248,-0.5827713640355248,0.05263470799945935,pixhawk_fused,True,0.8,0.2,gyro,-1.0,0.062031105160713196,-0.8153404593467712,0.0,-1.55,0.0038383910004995414,3,1.3606605773984939,0.014636520429793107,0.01926892399048536,0.7354712313111741,-0.5942272589928753,3.0201769059674173,0.036365899618088095,0.03636589961808809,-1.6009128262793624,0.7458425697540092,preturn,3.0201769059674173,-1.6009128262793624
29.499771200004034,4310.346870554,odom,turning,3,4,,0.7282234534009131,-0.6364546312964646,-1.7996413486917482,-6.61387424826674,-6.748508897557614,-2.210873879845537,-2.470378113687645,-0.8432390689849854,0.434408886315741,-0.434408886315741,0.05217860999982804,pixhawk_fused,True,0.8,0.2,gyro,-1.0,0.061548806726932526,-0.8090011477470398,0.0,-1.55,0.014242817999729596,3,1.3627405180788281,0.016716461110127423,0.022007158058228664,0.7334066028240955,-0.593975341458643,3.0201769059674173,0.04279433494130615,0.04279433494130617,-1.4633670525204208,0.7441071260660266,preturn,3.0201769059674173,-1.4633670525204208
29.49987900000997,4310.464426009,odom,turning,3,4,,0.7248220312061919,-0.6423006923128195,-1.876642676051504,-6.619328990858088,-6.752507883130958,-2.287875207205293,-2.563060047979528,-0.7701613903045654,0.36119668591252746,-0.36119668591252746,0.06422813799963478,pixhawk_fused,True,0.8,0.2,gyro,-1.0,0.0568532794713974,-0.747282862663269,0.0,-1.55,0.029088672999932896,3,1.3654088383516438,0.019384781382943084,0.02551999164226124,0.730757926301735,-0.5936521607689119,3.0201769059674173,0.049009330458228695,0.049009330458228674,-1.3863657251606654,0.7418279009755057,preturn,3.0201769059674173,-1.3863657251606654
29.823574400041252,4310.567522672,odom,turning,3,4,,0.7214115474294014,-0.6471440026617543,-1.9909874119451811,-6.624391200601717,-6.755584096263913,-2.40221994309897,-2.6442215465331596,-0.6491034626960754,0.23881588256589353,-0.23881588256589353,0.02698289999989356,pixhawk_fused,True,0.8,0.2,gyro,-1.0,0.06461573392152786,-0.849312961101532,0.0,-1.55,0.031072746999598166,3,1.3682076043042954,0.02218354733559474,0.02920455647223466,0.7279797644199351,-0.5933131808045544,3.0201769059674173,0.05423005491658961,0.054230054916589644,-1.2720209892669878,0.7393998367878823,preturn,3.0201769059674173,-1.2720209892669878
29.82382399996277,4310.673840725,odom,turning,3,4,,0.7178059432161196,-0.6514849534881403,-2.0310001916677263,-6.629431450465751,-6.758121834849354,-2.4422327228215153,-2.7215530949766213,-0.6178086996078491,0.2078359059118408,-0.2078359059118408,0.07915882500037696,pixhawk_fused,True,0.8,0.2,gyro,-1.0,0.05740053951740265,-0.7544760704040527,0.0,-1.55,0.0041867889995046426,3,1.371260898854236,0.025236841885535363,0.033224207241389546,0.7249489477399923,-0.5929433729337922,3.0201769059674173,0.05897575067287651,0.058975750672876553,-1.2320082095444427,0.7367195064388555,preturn,3.0201769059674173,-1.2320082095444427
29.824005199945532,4310.785156227,odom,turning,3,4,,0.7133917985273073,-0.655975868512461,-2.110007519488305,-6.6352727784374315,-6.76047382945324,-2.5212400506420938,-2.8200332680436135,-0.5434411764144897,0.13350664556256714,-0.13350664556256714,0.012061119999998482,pixhawk_fused,True,0.8,0.2,gyro,-1.0,0.04865823686122894,-0.8415351510047913,0.0,-1.55,0.009206329999869922,3,1.3750986182212859,0.02907456125258522,0.0382765503262919,0.721139481053976,-0.5924785573699811,3.0201769059674173,0.06396823513947333,0.06396823513947333,-1.1530008817238642,0.7333127962911608,preturn,3.0201769059674173,-1.1530008817238642
30.13125780003611,4310.887268844,odom,turning,3,4,,0.708856777333602,-0.6597833120172572,-2.250361037050621,-6.640951694799623,-6.762151015257138,-2.66159356820441,-2.903895621116889,-0.38771283626556396,-0.02048469024666366,0.02048469024666366,0.004634701000213681,pixhawk_fused,True,0.8,0.2,gyro,-1.0,0.061628665775060654,-0.8100507855415344,0.0,-1.55,0.009662743999797385,3,1.379139104686131,0.033115047717430145,0.043595835531346765,0.7171287400093646,-0.591989183131116,3.0201769059674173,0.06829691997403632,0.06829691997403628,-1.0126473641615483,0.7296802212568974,preturn,3.0201769059674173,-1.0126473641615483
30.131579000037163,4310.988111533,odom,turning,3,4,,0.7040524826154582,-0.6631701457335594,-2.2670554177627693,-6.646709300730356,-6.763335018765183,-2.6782879489165583,-2.9898636099204756,-0.38771283626556396,-0.02048469024666366,0.02048469024666366,0.10522617600054218,pixhawk_fused,True,0.8,0.2,gyro,-1.0,0.06460924446582794,-0.8492276668548584,0.0,-1.55,0.031843464999838034,3,1.383497825596997,0.03747376862829627,0.049334075185374,0.712802107310228,-0.5914612650829456,3.0201769059674173,0.07224070526000763,0.07224070526000767,-0.9959529834493992,0.7257227111168261,preturn,3.0201769059674173,-0.9959529834493992
30.131770299980417,4311.091571981,odom,turning,3,4,,0.6989699692144351,-0.6661467590353539,-2.3618711188887382,-6.6525579486619,-6.764031787444762,-2.7731036500425272,-3.071940644227961,-0.29096660017967224,-0.11834646618135986,0.11834646618135986,0.017547297999954026,pixhawk_fused,True,0.8,0.2,gyro,-1.0,0.05990360677242279,-0.7873765230178833,0.0,-1.55,0.0038358729998435592,3,1.3881824019228914,0.04215834495419065,0.055501302265353006,0.7081520180919239,-0.5908938801915875,3.0201769059674173,0.0758109873030498,0.07581098730304982,-0.9011372823234307,0.7214279929993104,preturn,3.0201769059674173,-0.9011372823234307
30.466836099978536,4311.209747697,odom,turning,3,4,,0.6929120066358383,-0.6689947524004561,-2.495358331173997,-6.659249306972818,-6.764220733908758,-2.906590862327786,3.1113758874141135,-0.1494702398777008,-0.2599254932976585,0.2599254932976585,0.010058417999971425,pixhawk_fused,True,0.8,0.2,gyro,-1.0,0.059196826070547104,-0.8457427024841309,0.0,-1.55,0.016182540000045265,3,1.3938508244691943,0.047826767500493465,0.06296375918703588,0.702525325572975,-0.5902073341547927,3.0201769059674173,0.07937174040427877,0.07937174040427873,-0.7676500700381723,0.7161770823706093,preturn,3.0201769059674173,-0.7676500700381723
30.46698120003566,4311.327493313,odom,turning,3,4,,0.6892374237047854,-0.6702922728259907,-2.5945440666996484,-6.663136205660741,-6.763941202941441,-3.0057765978534374,2.9727345198178043,-0.055289994925260544,-0.34962219178446347,0.34962219178446347,0.029325018000236014,pixhawk_fused,True,0.8,0.2,gyro,-1.0,0.02311011217534542,-1.2489142417907715,0.0,-1.4346053454449232,0.010124045999873488,3,1.3973412030747034,0.05131714610600275,0.06755882946826702,0.6990606425809267,-0.5897845876889194,3.0201769059674173,0.08110476555183666,0.08110476555183663,-0.668464334512521,0.712903391510015,preturn,3.0201769059674173,-0.668464334512521
30.467082099989057,4311.427920885,odom,turning,3,4,,0.687451651425895,-0.6706482982561579,-2.6194052222872064,-6.664915413405247,-6.763553702566127,-3.0306377534409954,2.842073505657939,-0.055289994925260544,-0.34962219178446347,0.34962219178446347,0.12952517100075056,pixhawk_fused,True,0.8,0.2,gyro,-1.0,0.0,-1.495316743850708,0.0,-1.3903315796546445,0.031676265999522,3,1.3990707078168108,0.053046650848110104,0.06983571594389514,0.697343870178303,-0.5895751141331617,3.0201769059674173,0.08167445852704959,0.08167445852704963,-0.6436031789249625,0.71125033678113,preturn,3.0201769059674173,-0.6436031789249625
30.78582670004107,4311.529321169,odom,turning,3,4,,0.685837142280147,-0.6707664277179558,-2.7455159311252135,-6.6664425400319285,-6.763016600511087,3.1264368449005837,2.7168599049422446,0.06955785304307938,-0.47593961655863337,0.47593961655863337,0.029327925999496074,pixhawk_fused,True,0.8,0.2,gyro,-1.0,0.0056066266261041164,-1.3264884948730469,0.0,-1.3392158751735612,0.03354915700037964,3,1.4006590236392087,0.054634966670507844,0.07192672773877294,0.6957672472849652,-0.5893827410480329,3.0201769059674173,0.08198726389747923,0.08198726389747926,-0.517492470086955,0.7097086192819191,preturn,3.0201769059674173,-0.517492470086955
30.785957899992354,4311.646847255,odom,turning,3,4,,0.6843131656494165,-0.6706858604903995,-2.966451557000087,-6.667807255049121,-6.7623335567562535,2.90550121902571,2.5837117149588047,0.3095304071903229,-0.7174469655729155,0.7174469655729155,0.05114519500057213,pixhawk_fused,True,0.8,0.2,gyro,-1.0,0.012798810377717018,-0.9758607149124146,0.0,-0.6140457658543217,0.010904893999395426,3,1.4021815391093349,0.05615748214063418,0.07393111361784332,0.6942559403321461,-0.5891983375471583,3.0201769059674173,0.0820918702662863,0.08209187026628624,-0.2965568442120823,0.7082084368981677,preturn,3.0201769059674173,-0.2965568442120823
30.786056600045413,4311.747223124,odom,turning,3,4,,0.6833904226973697,-0.6705132929397503,-2.9810235955222733,-6.668584085789716,-6.761806519646027,2.890929180503524,2.507249911876505,0.3095304071903229,-0.7174469655729155,0.7174469655729155,0.15139223400001356,pixhawk_fused,True,0.8,0.2,gyro,-1.0,0.007687344681471586,-0.6398398280143738,0.0,-0.5790472696317085,0.010995724999702361,3,1.4031183899509567,0.05709433298225599,0.07516447422046901,0.6933259864377663,-0.5890848683717168,3.0201769059674173,0.08203233359152595,0.08203233359152595,-0.2819848056898957,0.7072710017678568,preturn,3.0201769059674173,-0.2819848056898957
31.10709870001301,4311.864443903,odom,turning,3,4,,0.6822409868973467,-0.6702214750051775,-3.0744929294303938,-6.6695210406523415,-6.761079556132008,2.7974598465954035,2.443635969347206,0.4091433584690094,-0.817906602261148,0.817906602261148,0.08536555499995302,pixhawk_fused,True,0.8,0.2,gyro,-1.0,0.01292249746620655,-0.37367895245552063,0.0,-0.37631801228756623,0.02728122499956953,3,1.4042947080904358,0.05827065112173507,0.0767130926183304,0.6921583281657788,-0.5889423954791135,3.0201769059674173,0.08188188094101634,0.0818818809410163,-0.1885154717817752,0.7060851725186851,preturn,3.0201769059674173,-0.1885154717817752
31.107337499968708,4311.965391164,odom,turning,3,4,,0.6818581105672405,-0.670103455248423,3.1071668389188782,-6.669824818986709,-6.760818325064351,2.6959343077650892,2.3990803503759177,0.5238920450210571,-0.9329690275169233,0.9329690275169233,0.08628034399953322,pixhawk_fused,True,0.8,0.2,gyro,-1.0,-0.005168999079614878,-0.5435330271720886,0.0,-0.25,0.03127544400012994,3,1.404689060021735,0.05866500305303421,0.07723225544983485,0.6917668793908245,-0.5888946324986152,3.0201769059674173,0.08181110310959587,0.08181110310959588,-0.08698993295146096,0.7056852738128592,preturn,3.0201769059674173,-0.08698993295146096
31.10751620004885,4312.067354154,odom,turning,3,4,,0.6814388824743067,-0.6699558695006571,3.1041648259946015,-6.670150099703177,-6.760515461724967,2.6929322948408125,2.3835316617875186,0.5238920450210571,-0.9329690275169233,0.9329690275169233,0.18744613499984553,pixhawk_fused,True,0.8,0.2,gyro,-1.0,0.002584629226475954,-0.033972516655921936,0.0,-0.25,0.03103411799929745,3,1.4051230770634011,0.05909902009470036,0.07780363724966599,0.6913360575137518,-0.5888420653730307,3.0201769059674173,0.08171537978750604,0.08171537978750609,-0.08398792002718425,0.7052430873318403,preturn,3.0201769059674173,-0.08398792002718425
31.437914600013755,4312.167520659,odom,turning,3,4,,0.6814851252980321,-0.6699726371770238,3.063877560752803,-6.670114414898839,-6.76054931653934,2.652645029599014,2.3842030306214945,0.5731708407402039,-0.9830958722508768,0.9830958722508768,0.08782459599933645,pixhawk_fused,True,0.8,0.2,gyro,-1.0,0.0,0.0,0.0,0.0,0.008284782999908202,3,1.4050751438103934,0.05905108684169269,0.07774053330271002,0.6913836378897567,-0.5888478709361507,3.0201769059674173,0.0817264232006078,0.0817264232006078,-0.04370065478538576,0.7052919773372973,preturn,3.0201769059674173,-0.04370065478538576
31.43806840002071,4312.270699004,odom,turning,3,4,,0.6814851252980321,-0.6699726371770238,3.05626214007195,-6.670114414898839,-6.76054931653934,2.645029608918161,2.3842030306214945,0.5766838192939758,-0.9925528084091166,0.9925528084091166,0.07474906100014778,pixhawk_fused,True,0.8,0.2,gyro,-1.0,0.0,0.0,0.0,0.0,0.006537962000038533,3,1.4050751438103934,0.05905108684169269,0.07774053330271002,0.6913836378897567,-0.5888478709361507,3.0201769059674173,0.0817264232006078,0.0817264232006078,-0.03608523410453257,0.7052919773372973,preturn,3.0201769059674173,-0.03608523410453257
31.438161900034174,,mission_status,navigating,3,4,going to waypoint 3/4,0.6814851252980321,-0.6699726371770238,3.05626214007195,,,,,,,,,,,,,,,,,,,,,,,,,,,,,,,,,
31.438207800034434,4312.372235951,odom,navigating,3,4,,0.6814851252980321,-0.6699726371770238,3.0568472762758794,-6.670114414898839,-6.76054931653934,2.6456147451220904,2.3842030306214945,0.5765543580055237,-0.9918260516762057,0.9918260516762057,0.003732616000888811,pixhawk_fused,True,0.8,0.2,gyro,-1.0,0.0,0.0,0.0,0.0,0.08848096600013378,3,1.4050751438103934,0.05905108684169269,0.07774053330271002,0.6913836378897567,-0.5888478709361507,3.0201769059674173,0.0817264232006078,0.0817264232006078,-0.0366703703084621,0.7052919773372973,,,
31.745123900007457,4312.487345957,odom,navigating,3,4,,0.6814851252980321,-0.6699726371770238,3.056921996952319,-6.670114414898839,-6.76054931653934,2.64568946579853,2.3842030306214945,0.576352059841156,-0.9917332478544232,0.9917332478544232,0.009206923999954597,pixhawk_fused,True,0.8,0.2,gyro,-1.0,0.0,0.0,0.22821161301006151,-0.631578947368421,0.013337158000467753,3,1.4050751438103934,0.05905108684169269,0.07774053330271002,0.6913836378897567,-0.5888478709361507,3.0201769059674173,0.0817264232006078,0.0817264232006078,-0.03674509098490164,0.7052919773372973,,,
31.745270099956542,4312.588151296,odom,navigating,3,4,,0.6814851252980321,-0.6699726371770238,3.0572078058790315,-6.670114414898839,-6.76054931653934,2.6459752747252425,2.3842030306214945,0.5760455131530762,-0.9913782734727975,0.9913782734727975,0.03222343600009481,pixhawk_fused,True,0.8,0.2,gyro,-1.0,0.0,0.0,0.22810094489124147,-0.631578947368421,0.01330649200008338,3,1.4050751438103934,0.05905108684169269,0.07774053330271002,0.6913836378897567,-0.5888478709361507,3.0201769059674173,0.0817264232006078,0.0817264232006078,-0.037030899911614235,0.7052919773372973,,,
31.74543640005868,4312.705418444,odom,navigating,3,4,,0.6814384631189173,-0.6699560523804322,3.057146221416744,-6.670150557200668,-6.760515461724967,2.645913690262955,2.3835164398042217,0.5759575366973877,-0.9912886244455841,0.9912886244455841,0.1027269129999695,pixhawk_fused,True,0.8,0.2,gyro,-1.0,0.00258436962030828,-0.033969104290008545,0.22757223109354027,-0.631578947368421,0.032600944000478194,3,1.4051234711815934,0.05909941421289274,0.07780415610478109,0.691335666296995,-0.5888420176383601,3.0201769059674173,0.08171561211229,0.08171561211228996,-0.03696931544932669,0.7052427227873537,,,
32.047702500014566,4312.807796793,odom,navigating,3,4,,0.679895016619791,-0.6693913555499139,3.0554758217143547,-6.671339593181119,-6.759380867946007,2.6442432905605657,2.3747578775339195,0.5760376453399658,-0.991245579540173,0.991245579540173,0.02629438200074219,pixhawk_fused,True,0.8,0.2,gyro,-1.0,0.03100932203233242,-0.2037941813468933,0.22810465479714717,-0.631578947368421,0.030968564000431797,3,1.406723949827444,0.06069989285874316,0.07991118021090073,0.6897469701209809,-0.5886481714205971,3.0201769059674173,0.08134201110822355,0.08134201110822355,-0.03529891574693744,0.7036097599152689,,,
32.04794259998016,4312.908314602,odom,navigating,3,4,,0.6733092473799978,-0.6668390779106509,3.0239658830522393,-6.676356053175595,-6.754408785208208,2.6127333518984504,2.338884407972083,0.6106483936309814,-1.021702271893064,1.021702271893064,0.01328214100067271,pixhawk_fused,True,0.8,0.2,gyro,-1.0,0.09562167525291443,-0.44159838557243347,0.24,-0.6315108083334932,0.03349340000022494,3,1.4135703615573558,0.06754630458865503,0.08892445545374504,0.6829509605878763,-0.5878189500982555,3.0201769059674173,0.0796061758475452,0.07960617584754523,-0.003788977084822065,0.6966092031270116,,,
32.04806489998009,4313.008821671,odom,navigating,3,4,,0.6613068111038882,-0.6616319530170711,3.0165006130573495,-6.68527633926518,-6.744837937685687,2.6052680819035605,2.300340716005888,0.6106483936309814,-1.021702271893064,1.021702271893064,0.1132453730006091,pixhawk_fused,True,0.8,0.2,gyro,-1.0,0.14475378394126892,-0.33975929021835327,0.24,-0.47785974808766696,0.03134807200058276,3,1.4261151125496947,0.08009105558099405,0.10543957286231366,0.6704985620618155,-0.5862995592966671,3.0201769059674173,0.07589109189699751,0.07589109189699751,0.003676292910067769,0.683725811647623,,,
32.38292200001888,4313.124995387,odom,navigating,3,4,,0.6426227959853985,-0.6526800367974324,2.94862612009688,-6.698824212481452,-6.729163616128847,2.537393588943091,2.262498965083984,0.6831726431846619,-1.0967898138606942,1.0967898138606942,0.0417472760000237,pixhawk_fused,True,0.8,0.2,gyro,-1.0,0.1895015984773636,-0.2692778706550598,0.24,0.03548877685382935,0.004441596000106074,3,1.4457458139987294,0.09972175703002856,0.13128331734487464,0.6510123787219645,-0.5839219348042715,3.0201769059674173,0.06926804232974686,0.06926804232974682,0.07155078587053731,0.6634958881787137,,,
32.38308069994673,4313.225374201,odom,navigating,3,4,,0.6251813058317033,-0.643741267688359,2.9283270843638105,-6.711238406913747,-6.713998031782573,2.5170945532100215,2.2563801371590877,0.7050906419754028,-1.1205150131279624,1.1205150131279624,0.028134959999988496,pixhawk_fused,True,0.8,0.2,gyro,-1.0,0.2100091427564621,0.13465236127376556,0.24,0.31854887755440914,0.004326395000134653,3,1.464141545407424,0.11811748843872324,0.1555012284231112,0.6327520737689741,-0.5816938869850737,3.0201769059674173,0.06250755137820094,0.06250755137820094,0.09184982160360677,0.6445127907987839,,,
32.38317819999065,4313.344108881,odom,navigating,3,4,,0.603179730337898,-0.6327338844897169,2.934940222684134,-6.727005600461364,-6.695113450327764,2.523707691530345,2.290224215164065,0.7050906419754028,-1.1205150131279624,1.1205150131279624,0.14692025000022113,pixhawk_fused,True,0.8,0.2,gyro,-1.0,0.19903050363063812,0.5095604658126831,0.24,0.45074081106136493,0.023689251999712724,3,1.4873143372156612,0.1412902802469605,0.18600812151577348,0.6097498763771068,-0.5788872528205489,3.0201769059674173,0.05424598198107931,0.05424598198107936,0.08523668328328338,0.6206767580222529,,,
32.707215199945495,4313.446995105,odom,navigating,3,4,,0.5849157348768032,-0.6244807240151585,2.947134992201136,-6.740447791757097,-6.680247526838433,2.535902461047347,2.330812568326108,0.6965418457984924,-1.115258700526694,1.115258700526694,0.0688360800004375,pixhawk_fused,True,0.8,0.2,gyro,-1.0,0.21200351417064667,0.4077931046485901,0.24,0.5174986607816384,0.023652290999962133,3,1.5064434794692891,0.16041942250058847,0.21119156520762566,0.5907615598334502,-0.5765703760008984,3.0201769059674173,0.04826567223473919,0.04826567223473921,0.07304191376628122,0.6011134232777554,,,
32.707416599965654,4313.547106166,odom,navigating,3,4,,0.5655587515617804,-0.6167850682713835,2.98398008485051,-6.755114703837617,-6.665455717942728,2.572747553696721,2.384920162023854,0.6630457043647766,-1.0826512166628635,1.0826512166628635,0.04237861100045848,pixhawk_fused,True,0.8,0.2,gyro,-1.0,0.21976414322853088,0.5776488780975342,0.24,0.5025068306549894,0.0237173259993142,3,1.52659003950899,0.18056598254028924,0.23771443558086994,0.5707633155720241,-0.57413027192656,3.0201769059674173,0.04297114308178329,0.04297114308178331,0.03619682111690725,0.5806183282549686,,,
32.70753080002032,4313.667658351,odom,navigating,3,4,,0.5404350458957131,-0.608565191544915,3.059426837896168,-6.774858008084004,-6.64787820682118,2.648194306742379,2.4525166498182194,0.5906493663787842,-1.0052756819495952,1.0052756819495952,0.08963693300029263,pixhawk_fused,True,0.8,0.2,gyro,-1.0,0.2356082797050476,0.538582444190979,0.24,0.42947335490199057,0.04460212100002536,3,1.5525243606200578,0.206500303651357,0.2718568715943363,0.5450199188178704,-0.570989167813321,3.0201769059674173,0.03785470405629456,0.037854704056294514,-0.039249931928750925,0.5543856045049258,,,
33.04781969997566,4313.78744176,odom,navigating,3,4,,0.5140677103829482,-0.601692720956088,3.085484269590326,-6.796279870626763,-6.631038639153448,2.674251738436537,2.498521924280265,0.5684530735015869,-0.9841246208915507,0.9841246208915507,0.10671587299930252,pixhawk_fused,True,0.8,0.2,gyro,-1.0,0.23413722217082977,0.16917093098163605,0.24,0.135445505244555,0.013456357999530155,3,1.579529961502773,0.2335059045340722,0.30740964339023363,0.5182131288837638,-0.5677183128080985,3.0201769059674173,0.034226377306882445,0.03422637730688244,-0.0653073636229089,0.527198274152367,,,
33.048000899958424,4313.887548414,odom,navigating,3,4,,0.4910583423541384,-0.5964647981983975,-3.1223620140250805,-6.815281113941909,-6.6170488233603715,2.7495907620007167,2.5120564368271614,0.48169150948524475,-0.8936455064782892,0.8936455064782892,0.09663334500055498,pixhawk_fused,True,0.8,0.2,gyro,-1.0,0.24700774252414703,-0.06763921678066254,0.24,-0.18856866893886118,0.012648918000195408,3,1.603003131951259,0.2569790749825583,0.33831198383085564,0.49491276419153485,-0.5648752974875613,3.0201769059674173,0.03182378234686317,0.03182378234686318,-0.140646387187088,0.503619401175429,,,
33.048148500034586,4314.008864947,odom,navigating,3,4,,0.4634834502641998,-0.5902716671208332,-3.112163241858508,-6.838081416426607,-6.600349249925043,2.759789534167289,2.498521924280265,0.46729207038879395,-0.8776861383387838,0.8776861383387838,0.02932692499962286,pixhawk_fused,True,0.8,0.2,gyro,-1.0,0.2326049506664276,-0.2038249671459198,0.24,-0.23011864729256357,0.03353797300042061,3,1.6311251195638277,0.285101062595127,0.37533447454968405,0.46699780618953823,-0.5614692283414291,3.0201769059674173,0.029016050337895487,0.029016050337895526,-0.15084515935366127,0.4753772994356466,,,
33.40901089995168,4314.129820823,odom,navigating,3,4,,0.43749878769946715,-0.5837788379812944,3.138071435033955,-6.859304267560557,-6.584010642010521,2.726838903880166,2.468111141367602,0.5003302097320557,-0.9112516608530674,0.9112516608530674,0.035268830999484635,pixhawk_fused,True,0.8,0.2,gyro,-1.0,0.2234373688697815,-0.2363002747297287,0.24,-0.06016820029209638,0.006667143999948166,3,1.6577048833945955,0.3116808264258949,0.41032663347139015,0.44061371836257185,-0.5582499497206321,3.0201769059674173,0.02571822172820913,0.025718221728209166,-0.11789452906653786,0.4486489078664349,,,
33.40935229999013,4314.248304881,odom,navigating,3,4,,0.4127699950660517,-0.5769783986106689,3.1357057926087286,-6.8792529881806335,-6.567892090389419,2.7244732614549396,2.4559651153934405,0.5003302097320557,-0.9112516608530674,0.9112516608530674,0.1540801390001434,pixhawk_fused,True,0.8,0.2,gyro,-1.0,0.22182385623455048,-0.03128371015191078,0.24,-0.034127158864544135,0.025570902999788814,3,1.683075279838531,0.3370512228698302,0.44372666478563466,0.41543009475163145,-0.5551771468397216,3.0201769059674173,0.021962939446200112,0.021962939446200154,-0.11552888664131133,0.42311118568425304,,,
33.40983769996092,4314.367948961,odom,navigating,3,4,,0.3878988123013753,-0.5699670426993061,3.1201736900125905,-6.899247916047353,-6.551523287640458,2.7089411588588015,2.45529372856683,0.5173484683036804,-0.9303805087501201,0.9303805087501201,0.0892082609998397,pixhawk_fused,True,0.8,0.2,gyro,-1.0,0.22022059559822083,-0.06731607019901276,0.24,0.030834113885230066,0.044767616000171984,3,1.7086125638766336,0.3625885069079328,0.4773464029887118,0.3900808121465113,-0.5520841309250385,3.0201769059674173,0.01801553931611297,0.018015539316112966,-0.0999967840451732,0.39741204033813654,,,
33.7482016000431,4314.484605238,odom,navigating,3,4,,0.36152311473488247,-0.5625432098220643,3.114501993746958,-6.920457042256557,-6.53417498276216,2.703269462593169,2.4573384511233867,0.5253050923347473,-0.9379250144375506,0.9379250144375506,0.10125128799973027,pixhawk_fused,True,0.8,0.2,gyro,-1.0,0.2548031806945801,0.03382978215813637,0.24,0.0556105037905193,0.012726545999612426,3,1.735693244959462,0.3896691879907613,0.5129980175851308,0.3631994947408114,-0.548804182382168,3.0201769059674173,0.013840922112290852,0.013840922112290883,-0.09432508777954052,0.37018165111436885,,,
33.74853189999703,4314.588237143,odom,navigating,3,4,,0.3385027229777337,-0.5561546754932666,3.118339971696331,-6.939004448060119,-6.519116910326392,2.707107440542542,2.4627705187477935,0.5227808356285095,-0.9344743585003558,0.9344743585003558,0.00948680500005139,pixhawk_fused,True,0.8,0.2,gyro,-1.0,0.24175910651683807,0.067689910531044,0.24,0.040589166208678217,0.013930770000115444,3,1.7593179285312486,0.41329387156254793,0.5440998244816255,0.33974873234085434,-0.5459428161476905,3.0201769059674173,0.010287594987498998,0.01028759498749903,-0.09816306572891387,0.3464508990073054,,,
33.748789399978705,4314.707650304,odom,navigating,3,4,,0.3109230742055717,-0.5485955616396895,3.119859484870702,-6.961263073514862,-6.501163336266818,2.708626953716913,2.463564027875795,0.5211920142173767,-0.9327784273488464,0.9327784273488464,0.02580219199990097,pixhawk_fused,True,0.8,0.2,gyro,-1.0,0.24032224714756012,0.033965714275836945,0.24,0.10459405749080135,0.030610408000029565,3,1.7876100824363976,0.441586025467697,0.581346338483392,0.3116648607835224,-0.5425161368595279,3.0201769059674173,0.006124512469157859,0.0061245124691578666,-0.09968257890328491,0.3180649411441748,,,
34.08637959999032,4314.825188055,odom,navigating,3,4,,0.283223148996858,-0.5410444793406558,3.122868269935158,-6.983635158347501,-6.483169044930499,2.711635738781369,2.46893504107226,0.5174747705459595,-0.9303437704885396,0.9303437704885396,0.030349712000315776,pixhawk_fused,True,0.8,0.2,gyro,-1.0,0.2484130710363388,0.16830696165561676,0.24,0.050870402208374785,0.00444276300004276,3,1.8160206545590185,0.46999659759031787,0.6187487496222205,0.28346344278484575,-0.5390751150347557,3.0201769059674173,0.0019839699780739937,0.001983969978073981,-0.10269136396774092,0.289602193999444,,,
34.08654149994254,4314.929700399,odom,navigating,3,4,,0.2601304181914453,-0.534910094392968,3.1234025439219337,-7.00235046573045,-6.468315016375947,2.7121700127681447,2.4716663972404005,0.5174747705459595,-0.9303437704885396,0.9303437704885396,0.13434973600033118,pixhawk_fused,True,0.8,0.2,gyro,-1.0,0.2458643764257431,-0.06732618063688278,0.2203350219386148,0.03727269107128921,0.006750085999556177,3,1.8396863626538433,0.4936623056851425,0.6499045651487005,0.2599719578778798,-0.5362087800063196,3.0201769059674173,0.0013083172372561564,-0.00130831723725615,-0.10322563795451645,0.26593290836105626,,,
34.08665179996751,4315.046886197,odom,navigating,3,4,,0.2337440222671714,-0.5280065064059027,3.130791564707513,-7.0237773607456155,-6.451439306406386,2.719559033553724,2.4743672856820096,0.5097266435623169,-0.9218150470828655,0.9218150470828655,0.029369314000177837,pixhawk_fused,True,0.8,0.2,gyro,-1.0,0.22747023403644562,-0.06795188784599304,0.19799530804208493,0.060882659717628,0.02377117600008205,3,1.8667146524945941,0.5206905955258934,0.6854872068723522,0.2331426460182464,-0.5329351769677436,3.0201769059674173,0.004965223751245047,-0.004965223751245013,-0.1106146587400958,0.2389529921837974,,,
34.40829439996742,4315.147210807,odom,navigating,3,4,,0.21411909170714696,-0.5228563650458491,3.130388955872452,-7.039707423400213,-6.4388736803043995,2.719156424718663,2.4723073251797225,0.5097266435623169,-0.9218150470828655,0.9218150470828655,0.1296556289998989,pixhawk_fused,True,0.8,0.2,gyro,-1.0,0.20679113268852234,-0.06795177608728409,0.18774538538142083,0.18376995056216228,0.02450584100006381,3,1.8868188804655643,0.5407948234968636,0.7119543472366342,0.21318642218357786,-0.5305002000542296,3.0201769059674173,0.007700525051938863,-0.007700525051938917,-0.11021204990503453,0.21893263957183978,,,
34.408541699987836,4315.247239927,odom,navigating,3,4,,0.1966404279028367,-0.5182775509370411,3.1307965716863775,-7.053898538089557,-6.427689696626792,2.7195640405325885,2.4790821836112333,0.5111631155014038,-0.9229550352174807,0.9229550352174807,0.07000500900085171,pixhawk_fused,True,0.8,0.2,gyro,-1.0,0.1809513121843338,0.1359105259180069,0.16932463456538846,0.24736824869106516,0.024484415000188164,3,1.9047234443401742,0.5586993873714734,0.7355256381071327,0.195413668867222,-0.5283316412941438,3.0201769059674173,0.01012865591479184,-0.01012865591479185,-0.1106196657189602,0.20114778092187152,,,
34.40873929997906,4315.367517322,odom,navigating,3,4,,0.17812770621639284,-0.513621130539953,3.136414447797439,-7.0690064777519,-6.416021223105669,2.72518191664365,2.491930134191096,0.5059982538223267,-0.9190972357843089,0.9190972357843089,0.08585433700045542,pixhawk_fused,True,0.8,0.2,gyro,-1.0,0.15616412460803986,0.10094906389713287,0.15303710673657345,0.21681563682311056,0.04466069299996889,3,1.9236638530183865,0.5776397960496857,0.7604606147581617,0.176612696472346,-0.5260376234422491,3.0201769059674173,0.012508579076670873,-0.012508579076670849,-0.11623754183002166,0.18238165347564847,,,
34.82860140001867,4315.467712177,odom,navigating,3,4,,0.16453398784685822,-0.5103856780183565,-3.1352741340079846,-7.080173534022321,-6.407621569161429,2.7366786420178126,2.5034504565770304,0.49505814909935,-0.9076062595326472,0.9076062595326472,0.07145850500000961,pixhawk_fused,True,0.8,0.2,gyro,-1.0,0.1356903314590454,0.10095405578613281,0.14590532278051863,0.2045023834348769,0.044799782000154664,3,1.9375493670070774,0.5915253100383765,0.778740841598981,0.1628294054343683,-0.5243558425728937,3.0201769059674173,0.014073773441469633,-0.014073773441469688,-0.12773426720418435,0.1686549197127646,,,
34.82875270000659,4315.567820072,odom,navigating,3,4,,0.15250122785284692,-0.5076818308968187,-3.1323714391445217,-7.090122274472835,-6.400333176624083,2.7395813368812756,2.5182515487434687,0.49505814909935,-0.9076062595326472,0.9076062595326472,0.17155334499966557,pixhawk_fused,True,0.8,0.2,gyro,-1.0,0.12037109583616257,0.16831538081169128,0.13282948997539265,0.15530502168325172,0.044815559000198846,3,1.9498210273495782,0.6037969703808773,0.7948964361961353,0.15064808710811406,-0.5228695278699556,3.0201769059674173,0.015300335616175824,-0.015300335616175824,-0.13063696206764774,0.15654453103893945,,,
34.82886769995093,4315.66787869,odom,navigating,3,4,,0.14158500531447837,-0.5053774819316766,-3.11112403724464,-7.099207259659365,-6.39385729963167,2.760828738781157,2.527742490994795,0.47337549924850464,-0.8834907447773982,0.8834907447773982,0.08634328599964647,pixhawk_fused,True,0.8,0.2,gyro,-1.0,0.11522891372442245,0.03369493409991264,0.12177646356186968,0.08666821560667168,0.044858039999780885,3,1.9609359837288136,0.6149119267601127,0.8095292343845005,0.13961495727408657,-0.5215233104366259,3.0201769059674173,0.016265573072987136,-0.01626557307298716,-0.1518843639675289,0.14559152183038954,,,
34.82896149996668,4315.787967313,odom,navigating,3,4,,0.1283757960249149,-0.5026975546334753,-3.0973544870821628,-7.110243929144705,-6.386120559552638,2.7745982889436345,2.5338002338271375,0.45908576250076294,-0.8678438783887793,0.8678438783887793,0.0941310460002569,pixhawk_fused,True,0.8,0.2,gyro,-1.0,0.11813340336084366,0.06751099228858948,0.11128372325416777,0.0415564255597057,0.013296529999934137,3,1.9743725354209545,0.6283484784522537,0.8272184040537531,0.12627732334347008,-0.5198959068270547,3.0201769059674173,0.017325902740381687,-0.01732590274038173,-0.16565391413000619,0.13238220324938943,,,
35.16803569998592,4315.908218635,odom,navigating,3,4,,0.11485753042969564,-0.500011657297312,-3.094316224771972,-7.121561502089834,-6.378254805180998,2.777636551253825,2.5344563866400978,0.4554893970489502,-0.864226400226729,0.864226400226729,0.02853950300050201,pixhawk_fused,True,0.8,0.2,gyro,-1.0,0.11112789064645767,-0.03396914154291153,0.1004164762165322,0.026231247031587045,0.0328526769999371,3,1.9881165912722565,0.6420925343035557,0.845312401789762,0.11263444905051945,-0.518231259035342,3.0201769059674173,0.01835472632078353,-0.018354726320783464,-0.16869217644019674,0.1189244273366919,,,
35.16818190005142,4316.008551597,odom,navigating,3,4,,0.10517449242199724,-0.4980664182922666,-3.093829364535786,-7.129659665187165,-6.3726010511808395,2.7781234114900113,2.527712011938585,0.45362159609794617,-0.861983232505994,0.861983232505994,0.025433757999962836,pixhawk_fused,True,0.8,0.2,gyro,-1.0,0.10079041868448257,-0.10190730541944504,0.09513954186935275,0.015376311764722468,0.03070792300059111,3,1.9979639470740138,0.6519398901053131,0.8582764085946231,0.10285958791965422,-0.5170385704092947,3.0201769059674173,0.019112857944499583,-0.01911285794449958,-0.16917903667638257,0.10933561719532699,,,
35.16828650003299,4316.129109706,odom,navigating,3,4,,0.0941579461652036,-0.4957998309298037,-3.1005622778094453,-7.138851704786711,-6.366119684218528,2.771390498216352,2.5249806424793038,0.460664838552475,-0.8696876606423427,0.8696876606423427,0.09145582600012858,pixhawk_fused,True,0.8,0.2,gyro,-1.0,0.08967158943414688,-0.03370498865842819,0.08145510514682604,0.051478373652214686,0.006469185999776528,3,2.0091739150076764,0.6631498580389755,0.873034289136356,0.09173214599118762,-0.5156808453994552,3.0201769059674173,0.020028460820211598,-0.020028460820211605,-0.16244612340272369,0.09849987394992347,,,
35.50030670000706,4316.24470429,odom,navigating,3,4,,0.08429590522091962,-0.4937245262722462,-3.1040823233703323,-7.147061954769462,-6.360275153764407,2.767870452655465,2.520921773127755,0.46261945366859436,-0.873076833904164,0.873076833904164,0.06564005899963377,pixhawk_fused,True,0.8,0.2,gyro,-1.0,0.0827164500951767,-0.06795182824134827,0.073550927978336,0.10726250934122591,0.0244893229992158,3,2.019214709201412,0.6731906522327112,0.8862529568553157,0.08176527053109195,-0.514464727969311,3.0201769059674173,0.020894020158128662,-0.02089402015812863,-0.1589260778418371,0.08889180074175221,,,
35.50046420004219,4316.346322475,odom,navigating,3,4,,0.07675362102135604,-0.4921159420321204,-3.11043834067848,-7.153332415388184,-6.355785730880158,2.7615144353473173,2.520250437503576,0.4696575403213501,-0.8808144116684814,0.8808144116684814,0.06594705000043177,pixhawk_fused,True,0.8,0.2,gyro,-1.0,0.07933507114648819,-0.03159957379102707,0.06995970769219408,0.13472282377957748,0.02565851199960889,3,2.026896296249784,0.6808722392810832,0.8963657372576909,0.0741402341077011,-0.5135343521722925,3.0201769059674173,0.021577258493448367,-0.02157725849344833,-0.15257006053368904,0.08162339212410079,,,
35.50057230005041,4316.464650629,odom,navigating,3,4,,0.06913325776165871,-0.4905194470772859,-3.1075221358776983,-7.15967927808799,-6.351276178106282,2.764430640148099,2.529100479896697,0.46721336245536804,-0.879342260296831,0.879342260296831,0.06925971599957848,pixhawk_fused,True,0.8,0.2,gyro,-1.0,0.05378818139433861,0.10099929571151733,0.0512871311177156,0.16584103597693983,0.04384951299925888,3,2.0346539233267738,0.6886298663580728,0.9065786240711968,0.06643971745031763,-0.5125947665854499,3.0201769059674173,0.022239039790340438,-0.022239039790340434,-0.15548626533447063,0.07436530574088504,,,
35.8464907000307,4316.567533222,odom,navigating,3,4,,0.06419785164326625,-0.48952438468239556,-3.106730028309913,-7.163805447963975,-6.34839119892478,2.7652227477158844,2.5331440960797202,0.46721336245536804,-0.879342260296831,0.879342260296831,0.1709532869999748,pixhawk_fused,True,0.8,0.2,gyro,-1.0,0.04607561230659485,0.0673060417175293,0.05,0.21802992949230027,0.04479789300057746,3,2.0396735153906125,0.693649458421912,0.913186898107728,0.06145707882677309,-0.511986805374089,3.0201769059674173,0.022629011886563816,-0.022629011886563806,-0.1562783729022561,0.06971721744002853,,,
35.846795900026336,4316.687273188,odom,navigating,3,4,,0.05867299064741727,-0.48845148001078786,-3.0966296299866474,-7.168440812548019,-6.345199238926471,2.77532314603915,2.5439625284283065,0.46007758378982544,-0.869416861395726,0.869416861395726,0.09140540099997452,pixhawk_fused,True,0.8,0.2,gyro,-1.0,0.051359787583351135,0.06750762462615967,0.05,0.2678184594597919,0.01270108300013817,3,2.0452876509325164,0.6992635939638157,0.9205778863926911,0.05588427365991089,-0.5113068344518724,3.0201769059674173,0.023024859805523466,-0.023024859805523483,-0.16637877122552158,0.06457290631949426,,,
35.84692839998752,4316.805855983,odom,navigating,3,4,,0.05289536187633198,-0.48740096355229695,-3.0853800431433895,-7.173316820812599,-6.341926759369655,2.7865727328824077,2.564928116171608,0.45004239678382874,-0.860537962998638,0.860537962998638,0.10951757099974202,pixhawk_fused,True,0.8,0.2,gyro,-1.0,0.03876165300607681,0.16982845962047577,0.05,0.34059216065737535,0.03041883800051437,3,2.051149981805568,0.7051259248368675,0.9282956228958273,0.05006510033654621,-0.5105968026935839,3.0201769059674173,0.023367869690069074,-0.023367869690069078,-0.1776283580687794,0.05926727776801416,,,
36.166834700037725,4316.907641904,odom,navigating,3,4,,0.04826157244822454,-0.48667864502518476,-3.0698714842695867,-7.1772755466066895,-6.339412353156281,2.8020812917562106,2.5899372749413216,0.43573182821273804,-0.8473522612856721,0.8473522612856721,0.027426202000242483,pixhawk_fused,True,0.8,0.2,gyro,-1.0,0.05168739706277847,0.20381462574005127,0.05,0.3808069922778092,0.03185929800019949,3,2.0558371435361167,0.7098130865674162,0.934466253651291,0.04541244474692663,-0.5100291046640812,3.0201769059674173,0.02352363692131888,-0.023523636921318865,-0.19313691694258228,0.055057254680237915,,,
36.16699299996253,4317.008918765,odom,navigating,3,4,,0.043122430349417984,-0.48600152227969423,-3.0461666218838035,-7.181715559761855,-6.336737365323385,2.8257861541419937,2.614976987313819,0.41175562143325806,-0.823974127109537,0.823974127109537,0.01359516899992741,pixhawk_fused,True,0.8,0.2,gyro,-1.0,0.04911535978317261,0.23784346878528595,0.05,0.4675002636019189,0.03280106700003671,3,2.0610204636041796,0.7149964066354787,0.9412900749884,0.04026728345874642,-0.5094013131010672,3.0201769059674173,0.023573333965549316,-0.02357333396554934,-0.2168417793283659,0.05044272635657288,,,
36.167095600045286,4317.127688332,odom,navigating,3,4,,0.03673828232415738,-0.4853936890947901,-3.0138219043900367,-7.187324479007845,-6.333628212371041,2.8581308716357605,2.6649800180998504,0.38389816880226135,-0.7959596413033103,0.7959596413033103,0.05131770700063498,pixhawk_fused,True,0.8,0.2,gyro,-1.0,0.05889913812279701,0.5048959851264954,0.05,0.6261761609796452,0.004984728000636096,3,2.0674312318736385,0.7214071749049378,0.9497298272572094,0.033903710248064045,-0.5086248558923367,3.0201769059674173,0.02340345935177111,-0.023403459351771093,-0.2491864968221318,0.044786185953082536,,,
36.485386200016364,4317.245102105,odom,navigating,3,4,,0.029681103672063197,-0.4850943360475318,-2.9812876456609554,-7.193673629195109,-6.330532784343442,2.890665130364842,2.725236948688757,0.35485148429870605,-0.7702515372591113,0.7702515372591113,0.06347388100039097,pixhawk_fused,True,0.8,0.2,gyro,-1.0,0.059440504759550095,0.6454129815101624,0.05,0.7455528579934629,0.024063075000412937,3,2.0744727136348837,0.7284486566661829,0.9589999114612144,0.02691406675824426,-0.5077720081455683,3.0201769059674173,0.022845859692042673,-0.02284585969204261,-0.28172075555121356,0.038624355969412924,,,
36.48551380005665,4317.345102372,odom,navigating,3,4,,0.024499841385205445,-0.48519272981634975,-2.8909158583371415,-7.19846225543881,-6.328551820205176,2.9810369176886558,2.789491725548559,0.2568669319152832,-0.6734480584220981,0.6734480584220981,0.0539516700000604,pixhawk_fused,True,0.8,0.2,gyro,-1.0,0.051697779446840286,0.6795186400413513,0.05,0.9921211080329386,0.0244767120002507,3,2.079603915068538,0.7335798580998371,0.9657551188125254,0.021820640415355808,-0.5071505290692476,3.0201769059674173,0.02212064795315466,-0.0221206479531547,-0.372092542875027,0.03414607401653503,,,
36.4856437999988,4317.447234709,odom,navigating,3,4,,0.018454871450753335,-0.48575063626012915,-2.8747033098614785,-7.204226266334423,-6.326646800650502,2.9972494661643188,2.871339881711977,0.2568669319152832,-0.6734480584220981,0.6734480584220981,0.15572662799968384,pixhawk_fused,True,0.8,0.2,gyro,-1.0,0.06463845819234848,0.8496116995811462,0.05,0.0,0.024709444999643893,3,2.085536810574274,0.7395127536055734,0.9735657533886793,0.015931421944935797,-0.5064319506882415,3.0201769059674173,0.020834696155280507,-0.02083469615528048,-0.38830509135069047,0.028935454528656885,,,
36.82574200001545,,mission_status,reached,3,4,reached waypoint 3/4,0.018454871450753335,-0.48575063626012915,-2.8747033098614785,,,,,,,,,,,,,,,,,,,,,,,,,,,,,,,,,
36.82581479998771,,mission_status,turning,4,4,aligning for waypoint 4/4,0.018454871450753335,-0.48575063626012915,-2.8747033098614785,,,,,,,,,,,,,,,,,,,,,,,,,,,,,,,preturn,1.5628599854874305,
36.82590299996082,4317.548623493,odom,turning,4,4,,0.013246068634120256,-0.4866121990875825,-2.8106576859505314,-7.209345205767,-6.325354370236968,3.061295090075266,2.9260884137181584,0.18998295068740845,-0.6070967287974453,0.6070967287974453,0.05446000699976139,pixhawk_fused,True,0.8,0.2,gyro,-1.0,0.056745365262031555,0.5424380302429199,0.0,0.0,0.01288091100013844,4,2.1231401752893784,0.01752412257559357,0.03476898947532159,-0.003860924042098714,-0.4864764293044379,1.5628599854874305,0.017107531436715954,-0.017107531436715957,-1.9096676357416245,0.48679245129224513,preturn,1.5628599854874305,-1.9096676357416245
36.826011699973606,4317.668270572,odom,turning,4,4,,0.01019391063810493,-0.4872185311670735,-2.7209189596546923,-7.212385276598125,-6.324690083879287,-3.1321514908084813,2.909105393673225,0.07237503677606583,-0.4911334593253231,0.4911334593253231,0.07095050099997025,pixhawk_fused,True,0.8,0.2,gyro,-1.0,0.033611997961997986,-0.44179806113243103,0.0,-1.55,0.03231804400002147,4,2.122509639591557,0.016893586877772215,0.033517965982031356,-0.0038659281360718745,-0.4871069451450562,1.5628599854874305,0.01406028156887888,-0.014060281568878882,-1.9994063620374636,0.4873251613929843,preturn,1.5628599854874305,-1.9994063620374636
36.826104199979454,4317.787186302,odom,turning,4,4,,0.00575509256554807,-0.4879035213855626,-2.7484445743196035,-7.216727842787598,-6.323543595165547,3.1235082017061937,2.84756667963834,0.09768341481685638,-0.510422756429205,0.510422756429205,0.01103653799964377,pixhawk_fused,True,0.8,0.2,gyro,-1.0,0.0437234602868557,-0.5747036933898926,0.0,-1.55,0.02322752500003844,4,2.121789443339767,0.01617339062598211,0.0320890501666666,-0.0038716437993333336,-0.48782711871600004,1.5628599854874305,0.00962703954530396,-0.009627039545303962,-1.971880747372552,0.4879374624589407,preturn,1.5628599854874305,-1.971880747372552
37.14448490005452,4317.887227254,odom,turning,4,4,,0.0012822482510446986,-0.4883193574650446,-2.850176751339242,-7.220994006895987,-6.322136790379134,3.021776024686555,2.786012736889963,0.2079664021730423,-0.6218914042072392,0.6218914042072392,0.00702081800045562,pixhawk_fused,True,0.8,0.2,gyro,-1.0,0.04911535978317261,-0.6455751657485962,0.0,-1.55,0.02735620299972652,4,2.121338122709588,0.01572206999580307,0.0311936009267403,-0.0038752255962930388,-0.4882784251329229,1.5628599854874305,0.0051576362746694,-0.005157636274669401,-1.8701485703529137,0.4883210409511875,preturn,1.5628599854874305,-1.8701485703529137
37.14481029997114,4317.987490902,odom,turning,4,4,,-0.003648654803744572,-0.4884607984120324,-2.8633398447634777,-7.225570354303625,-6.320295362975781,3.0086129312623195,2.7184315859969614,0.2079664021730423,-0.6218914042072392,0.6218914042072392,0.1072753560001729,pixhawk_fused,True,0.8,0.2,gyro,-1.0,0.05386325716972351,-0.7079818248748779,0.0,-1.55,0.012570920000143815,4,2.1211575532981493,0.015541500584364602,0.03083533956793122,-0.0038766586417282754,-0.4884589888577627,1.5628599854874305,0.0002280110186415425,-0.00022801101864154235,-1.8569854769286778,0.48847442539727404,preturn,1.5628599854874305,-1.8569854769286778
37.14498970005661,4318.108193248,odom,turning,4,4,,-0.00981422791715128,-0.48816990913501357,-2.943084017131404,-7.231105616453481,-6.317564102951429,2.928868758894393,2.633852102905681,0.28594106435775757,-0.7004751071291065,0.7004751071291065,0.03279880799982493,pixhawk_fused,True,0.8,0.2,gyro,-1.0,0.05428539589047432,-0.713530421257019,0.0,-1.55,0.006232156000805844,4,2.1213995018353944,0.015783449121609363,0.03131538107122158,-0.003874738475715114,-0.48821704794010434,1.5628599854874305,0.005939676497240998,0.005939676497240999,-1.7772413045607518,0.48826855239150635,preturn,1.5628599854874305,-1.7772413045607518
37.48719490005169,4318.227811495,odom,turning,4,4,,-0.015978524052050302,-0.48735090499577205,-3.0579122968832313,-7.236428599767272,-6.314349268078543,2.814040479142566,2.5486317075037066,0.40927183628082275,-0.822433470423708,0.822433470423708,0.03250139100055094,pixhawk_fused,True,0.8,0.2,gyro,-1.0,0.05427176505327225,-0.7133512496948242,0.0,-1.55,0.03020917800040479,4,2.122169558737587,0.016553506023802157,0.03284322363293872,-0.003868627105468245,-0.48744701528899886,1.5628599854874305,0.012110278330628969,0.01211027833062897,-1.6624130248089246,0.48761277447486956,preturn,1.5628599854874305,-1.6624130248089246
37.48732529999688,4318.328192899,odom,turning,4,4,,-0.02128417551263151,-0.4862118510439614,-3.072292824505859,-7.240836588098032,-6.311184300432234,2.799659951519938,2.4742756482266506,0.40927183628082275,-0.822433470423708,0.822433470423708,0.13293755300037446,pixhawk_fused,True,0.8,0.2,gyro,-1.0,0.05427994206547737,-0.7134587168693542,0.0,-1.55,0.03250885299985384,4,2.1232664697988124,0.017650417085027778,0.03501956592788673,-0.003859921736288453,-0.4863501387723451,1.5628599854874305,0.01742480252852889,0.01742480252852889,-1.6480324971862963,0.4866774909761575,preturn,1.5628599854874305,-1.6480324971862963
37.48743900004774,4318.44730592,odom,turning,4,4,,-0.027564349776270675,-0.48431339878304,3.137002463245062,-7.245834290695356,-6.306933691238556,2.725769932091273,2.384355570414905,0.47938957810401917,-0.8925239490823841,0.8925239490823841,0.07148285699986445,pixhawk_fused,True,0.8,0.2,gyro,-1.0,0.056428175419569016,-0.7416952252388,0.0,-1.55,0.0126509920000899,4,2.125115021189341,0.0194989684755562,0.03868721111609078,-0.003845251155535637,-0.48450164559749026,1.5628599854874305,0.023719845620140647,0.023719845620140647,-1.5741424777576316,0.4850971671937165,preturn,1.5628599854874305,-1.5741424777576316
37.82870519999415,4318.568185927,odom,turning,4,4,,-0.03387476578735929,-0.48175733267438164,2.966202864270881,-7.250596839582041,-6.30206820541628,2.554970333117092,2.2910633224361088,0.6686198711395264,-1.0818667619185542,1.0818667619185542,0.012551494999570423,pixhawk_fused,True,0.8,0.2,gyro,-1.0,0.06403673440217972,-0.8417025804519653,0.0,-1.55,0.009393788000124914,4,2.1276209257113323,0.022004872997547328,0.043659087315622506,-0.00382536365073751,-0.4819958199929263,1.5628599854874305,0.030050348499967787,0.03005034849996779,-1.4033428787834505,0.4829468162672607,preturn,1.5628599854874305,-1.4033428787834505
37.8289550000336,4318.669193647,odom,turning,4,4,,-0.039298496383502524,-0.47898328416990715,2.925001837744024,-7.254459490902913,-6.297357353746137,2.513769306590235,2.207567258950318,0.7004733681678772,-1.1128962753372287,1.1128962753372287,0.06759005999992951,pixhawk_fused,True,0.8,0.2,gyro,-1.0,0.06241019070148468,-0.8203232288360596,0.0,-1.55,0.009658095000304456,4,2.1303518427285226,0.02473579001473778,0.049077402818671616,-0.0038036903887253134,-0.4792649889793895,1.5628599854874305,0.035495923853402625,0.03549592385340263,-1.3621418522565933,0.48059271564620515,preturn,1.5628599854874305,-1.3621418522565933
37.82913099997677,4318.788050971,odom,turning,4,4,,-0.04512909643624713,-0.4753105918390903,2.843791880063518,-7.2583358671485305,-6.291660137484285,2.432559348909729,2.11313061802648,0.779071569442749,-1.1909507012920475,1.1909507012920475,0.0069060999994690064,pixhawk_fused,True,0.8,0.2,gyro,-1.0,0.05634111538529396,-0.7405509352684021,0.0,-1.55,0.012222078000377223,4,2.133978146250455,0.02836209353666978,0.05627222289850689,-0.0037749111084059727,-0.4756387996591525,1.5628599854874305,0.04135548771931705,0.04135548771931704,-1.2809318945760875,0.4774482108664545,preturn,1.5628599854874305,-1.2809318945760875
38.1520888999803,4318.908530415,odom,turning,4,4,,-0.05041610877720773,-0.47124661773490495,2.704957090635861,-7.261557564483788,-6.285821554497553,2.293724559482072,2.0217457471935214,0.9290260076522827,-1.3411623192386724,1.3411623192386724,0.01897910900061106,pixhawk_fused,True,0.8,0.2,gyro,-1.0,0.056881848722696304,-0.747658371925354,0.0,-1.55,0.004447985000297194,4,2.1380000332756017,0.03238398056181708,0.06425190616339312,-0.0037429923753464277,-0.47161703929364984,1.5628599854874305,0.04667458630553545,0.04667458630553545,-1.1420971051484303,0.4739358171217099,preturn,1.5628599854874305,-1.1420971051484303
38.15221900003962,4319.010707732,odom,turning,4,4,,-0.054573937519052096,-0.4674543451875324,2.690072376479801,-7.263852829398726,-6.280683400170334,2.278839845326012,1.9446430429572472,0.9290260076522827,-1.3411623192386724,1.3411623192386724,0.12096202300017467,pixhawk_fused,True,0.8,0.2,gyro,-1.0,0.059452448040246964,-0.7814464569091797,0.0,-1.55,0.032233212999926764,4,2.1417591887928893,0.036143136079104306,0.07171031317081097,-0.003713158747316756,-0.46785800216191126,1.5628599854874305,0.050862380559902706,0.050862380559902706,-1.1272123909923704,0.47062923782000426,preturn,1.5628599854874305,-1.1272123909923704
38.152320499997586,4319.112848105,odom,turning,4,4,,-0.05839346385961788,-0.4633917591000043,2.5576827935107227,-7.265729941606417,-6.275432701460201,2.1464502623569337,1.8682423736722216,1.074755311012268,-1.4869344353633025,1.4869344353633025,0.0288771599998654,pixhawk_fused,True,0.8,0.2,gyro,-1.0,0.05847136303782463,-0.7685509920120239,0.0,-1.55,0.004956544000378926,4,2.145791334192595,0.04017528147881024,0.07971034971247466,-0.0036811586011501014,-0.4638259837449128,1.5628599854874305,0.054714028345004974,0.05471402834500497,-0.9948228080232921,0.4670564409397658,preturn,1.5628599854874305,-0.9948228080232921
38.4675864999881,4319.226331711,odom,turning,4,4,,-0.062444891076532144,-0.4582938336897601,2.4812263187637145,-7.267405754917841,-6.269140280961886,2.0699937876099255,1.7789784229448238,1.14766526222229,-1.5603102706031897,1.5603102706031897,0.028848735000792658,pixhawk_fused,True,0.8,0.2,gyro,-1.0,0.059010740369558334,-0.775640606880188,0.0,-1.55,0.01011199000004126,4,2.150856945884315,0.045240893170529976,0.08976085003485693,-0.0036409565998605726,-0.45876053158243213,1.5628599854874305,0.05880578642327393,0.05880578642327393,-0.9183663332762839,0.4625284882249065,preturn,1.5628599854874305,-0.9183663332762839
38.467770499992184,4319.327655792,odom,turning,4,4,,-0.06551476254947425,-0.4537001896102927,2.466673083644186,-7.268383427057212,-6.263702465777723,2.055440552490397,1.7032490774641669,1.14766526222229,-1.5603102706031897,1.5603102706031897,0.13048743800027296,pixhawk_fused,True,0.8,0.2,gyro,-1.0,0.056360743939876556,-0.74080890417099,0.0,-1.55,0.01121914299983473,4,2.1554260820060045,0.0498100292922198,0.09882631080420812,-0.0036046947567831677,-0.4541915393546791,1.5628599854874305,0.06191201756256142,0.06191201756256142,-0.9038130981567554,0.4584059839970782,preturn,1.5628599854874305,-0.9038130981567554
38.46787950000726,4319.428366521,odom,turning,4,4,,-0.06815948908987035,-0.4490124778572311,2.3940719066905,-7.268933796539506,-6.258348372634508,1.9828393755367109,1.6254292535081185,1.219859004020691,-1.631683406706343,1.631683406706343,0.053092120000655996,pixhawk_fused,True,0.8,0.2,gyro,-1.0,0.054022133350372314,-0.8453215956687927,0.0,-1.55,0.01078432300073473,4,2.160092656898724,0.054476604184939055,0.1080850963799681,-0.0035676596144801277,-0.4495251114244961,1.5628599854874305,0.06459386370354521,0.06459386370354522,-0.8312119212030693,0.45415627401202174,preturn,1.5628599854874305,-0.8312119212030693
38.7876597000286,4319.547163346,odom,turning,4,4,,-0.07006117651499078,-0.444739908809243,2.3117261433638467,-7.268969023846353,-6.253671833276228,1.9004936122100577,1.5043659488039558,1.2936186790466309,-1.7049909447388747,1.7049909447388747,0.04370731200015143,pixhawk_fused,True,0.8,0.2,gyro,-1.0,0.02576475590467453,-1.219152569770813,0.0,-1.55,0.010136990000319201,4,2.1643499991104087,0.05873394639662377,0.11653193792152783,-0.003533872248313889,-0.44526790328754995,1.5628599854874305,0.06652939944986823,0.06652939944986823,-0.7488661578764162,0.4502245605720755,preturn,1.5628599854874305,-0.7488661578764162
38.7879082999425,4319.647223445,odom,turning,4,4,,-0.07118956297257847,-0.44121167397239813,2.169638594522027,-7.268592960908326,-6.249986690982064,1.7584060633682381,1.402208444148015,1.4336897134780884,-1.8564018421726325,1.8564018421726325,0.0765335079995566,pixhawk_fused,True,0.8,0.2,gyro,-1.0,0.030790003016591072,-1.0792765617370605,0.0,-1.2617876846712304,0.010492702000192367,4,2.16786916766795,0.06225311495416484,0.123514195321932,-0.0035059432187122723,-0.4417488455577463,1.5628599854874305,0.06768575135357555,0.06768575135357553,-0.6067786090345966,0.4469179959743761,preturn,1.5628599854874305,-0.6067786090345966
38.788099199999124,4319.747324765,odom,turning,4,4,,-0.07179931864658048,-0.4382638254045539,2.1199247157693857,-7.267973509304813,-6.247040864634191,1.7086921846155967,1.2986774822870923,1.4703469276428223,-1.8935833960132697,1.8935833960132697,0.07318452999970759,pixhawk_fused,True,0.8,0.2,gyro,-1.0,0.010342152789235115,-1.2234408855438232,0.0,-1.159895447309142,0.029903890000241518,4,2.1708120842220606,0.06519603150827573,0.12935313157995262,-0.0034825874736801894,-0.43880602168370386,1.5628599854874305,0.06831888271155677,0.06831888271155677,-0.5570647302819551,0.44410620668523254,preturn,1.5628599854874305,-0.5570647302819551
39.126663099974394,4319.867730804,odom,turning,4,4,,-0.07207769607857997,-0.4355642622687554,1.9394455860293234,-7.267149556322592,-6.244455088812141,1.5282130548755344,1.1952991930271897,1.6685060262680054,-2.0920931875662903,2.0920931875662903,0.0735443520006811,pixhawk_fused,True,0.8,0.2,gyro,-1.0,0.007685171440243721,-0.9089283347129822,0.0,-0.7539724621519119,0.011733852000361367,4,2.1735093530664997,0.06789330035271508,0.1347046869379959,-0.0034611812522480166,-0.43610883778325005,1.5628599854874305,0.06861867580624986,0.06861867580624986,-0.37658560054189283,0.441487735772718,preturn,1.5628599854874305,-0.37658560054189283
39.126839100033976,4319.98475779,odom,turning,4,4,,-0.07208184062713524,-0.4337453208838586,1.855852429585337,-7.266426252788505,-6.24278613796309,1.444619898431548,1.1161366411725095,1.752017617225647,-2.1767374459462263,2.1767374459462263,0.01547048599968548,pixhawk_fused,True,0.8,0.2,gyro,-1.0,0.02585434727370739,-0.4757552444934845,0.0,-0.7171664373867012,0.0049419520000810735,4,2.1753282042760125,0.0697121515622275,0.13831340505143738,-0.0034467463797942504,-0.43429004385407555,1.5628599854874305,0.06863725581239144,0.06863725581239143,-0.29299244409790637,0.4396939789635937,preturn,1.5628599854874305,-0.29299244409790637
39.12695629999507,4320.087593477,odom,turning,4,4,,-0.07200434153053403,-0.4327133061828324,1.7878455734227559,-7.2659426779399725,-6.241871142980057,1.3766130422689669,1.0573445379378141,1.8256139755249023,-2.2469351569967366,2.2469351569967366,0.07624073899933137,pixhawk_fused,True,0.8,0.2,gyro,-1.0,0.02049175463616848,-0.3366810977458954,0.0,-0.4156249122015716,0.010733398999946075,4,2.176360801529046,0.07074474881526145,0.14036214460276794,-0.0034385514215889285,-0.43325747912020496,1.5628599854874305,0.0685679494913599,0.0685679494913599,-0.2249855879353253,0.4386632313596883,preturn,1.5628599854874305,-0.2249855879353253
39.485616600024514,4320.208111234,odom,turning,4,4,,-0.07183473513727456,-0.43119092761846817,1.7458732821602494,-7.26517865712914,-6.240543485259677,1.3346407510064604,1.036348461597401,1.8735791444778442,-2.293917877371798,2.293917877371798,0.1118913740001517,pixhawk_fused,True,0.8,0.2,gyro,-1.0,0.005120135378092527,-0.06729935854673386,0.0,-0.32100804378776326,0.011608261999754177,4,2.177884478189859,0.07226842547607418,0.1433852173731772,-0.0034264591305072914,-0.4317338504439187,1.5628599854874305,0.06841043042849859,0.06841043042849859,-0.18301329667281885,0.4371336697541353,preturn,1.5628599854874305,-0.18301329667281885
39.48577060003299,4320.328565679,odom,turning,4,4,,-0.07184144769562054,-0.43124077117224874,1.7223979736369934,-7.265204734486156,-6.240586490023879,1.3111654424832044,1.031602890806808,1.896466612815857,-2.3218929007904627,2.3218929007904627,0.05436413899951731,pixhawk_fused,True,0.8,0.2,gyro,-1.0,-0.01034215372055769,-0.1359378695487976,0.0,-0.2699515038141819,0.032041292999565485,4,2.1778345829331864,0.07221853021940143,0.14328622196575294,-0.0034268551121369884,-0.4317837441292605,1.5628599854874305,0.0684167472041465,0.0684167472041465,-0.15953798814956288,0.43718393878119355,preturn,1.5628599854874305,-0.15953798814956288
39.48588559997734,4320.446917091,odom,turning,4,4,,-0.07183727623398295,-0.43123545824744813,1.7124621516064356,-7.265198787018766,-6.240583287541439,1.3012296204526466,1.0059376583476478,1.905049443244934,-2.3280482204718536,2.3280482204718536,0.06340551100038283,pixhawk_fused,True,0.8,0.2,gyro,-1.0,0.005121919326484203,-0.2692912220954895,0.0,-0.25,0.011122016999252082,4,2.1778399287964647,0.07222387608268005,0.14329682850329964,-0.0034268126859868017,-0.43177839843433696,1.5628599854874305,0.06841261803862099,0.06841261803862098,-0.149602166119005,0.4371780126065401,preturn,1.5628599854874305,-0.149602166119005
39.80616699997336,4320.547547507,odom,turning,4,4,,-0.07159248168631294,-0.42977562010406267,1.7075011317284927,-7.264390846448749,-6.239343011841938,1.2962686005747037,0.9802266190047878,1.905049443244934,-2.3280482204718536,2.3280482204718536,0.1639850210003715,pixhawk_fused,True,0.8,0.2,gyro,-1.0,0.020485635846853256,-0.2692644000053406,0.0,-0.25,0.008976449000329012,4,2.1793016637184506,0.07368561100466554,0.14619700486870618,-0.0034152119805251754,-0.43031670954617207,1.5628599854874305,0.06817941685230293,0.06817941685230292,-0.14464114624106217,0.4356977932808894,preturn,1.5628599854874305,-0.14464114624106217
39.806299600051716,4320.649171135,odom,turning,4,4,,-0.07146667250517288,-0.42909587086685,1.6701377612772037,-7.264003803570926,-6.238770224982559,1.2589052301234147,0.9639759653121291,1.945677399635315,-2.3704595955176297,2.3704595955176297,0.07279905999985203,pixhawk_fused,True,0.8,0.2,gyro,-1.0,-0.005171076860278845,-0.2039068192243576,0.0,-0.25,0.003752596999220259,4,2.1799823900027175,0.07436633728893292,0.14754760972273925,-0.003409809561109043,-0.4296360046997394,1.5628599854874305,0.06805900629853863,0.06805900629853863,-0.10727777578977316,0.4350066110692366,preturn,1.5628599854874305,-0.10727777578977316
39.806415600003675,4320.766420208,odom,turning,4,4,,-0.07142346414199496,-0.4289088281568635,1.6454318393722411,-7.263889429198047,-6.238616048327919,1.2341993082184521,0.9290333591399343,1.966863989830017,-2.392713992403263,2.392713992403263,0.0845311329994729,pixhawk_fused,True,0.8,0.2,gyro,-1.0,0.00951721053570509,-0.3752611577510834,0.0,-0.25,0.025351722999403137,4,2.1801697697349622,0.07455371702117758,0.1479193831972855,-0.003408322467210858,-0.4294486308685681,1.5628599854874305,0.06801728371530663,0.06801728371530663,-0.08257185388481059,0.434815011356481,preturn,1.5628599854874305,-0.08257185388481059
40.14649019995704,4320.86870391,odom,turning,4,4,,-0.07129125337375122,-0.4283765189457673,1.6129346370635584,-7.26355545602924,-6.238180968213486,1.2017021059097694,0.8916645830830984,2.000380516052246,-2.424047127769703,2.424047127769703,0.0714464680004312,pixhawk_fused,True,0.8,0.2,gyro,-1.0,0.005157342180609703,-0.3389419913291931,0.0,0.0,0.007910996999271447,4,2.1807031114410287,0.07508705872724385,0.14897756754203523,-0.003404089729831859,-0.4289153059588142,1.5628599854874305,0.06788930165395513,0.06788930165395514,-0.05007465157612789,0.43426821757030953,preturn,1.5628599854874305,-0.05007465157612789
40.14668140001595,4320.970115988,odom,turning,4,4,,-0.07126494484299103,-0.42828119559094346,1.6121496629169731,-7.263493236370394,-6.238104108634912,1.2009171317631842,0.887590478711198,2.000380516052246,-2.424047127769703,2.424047127769703,0.17302213400034816,pixhawk_fused,True,0.8,0.2,gyro,-1.0,0.0,0.0,0.0,0.0,0.004772883000441652,4,2.1807986405851607,0.0751825878713758,0.1491671035255107,-0.003403331585897957,-0.4288197798231426,1.5628599854874305,0.06786375046245562,0.06786375046245562,-0.0492896774295426,0.43416986866926005,preturn,1.5628599854874305,-0.0492896774295426
40.146813299972564,,mission_status,navigating,4,4,going to waypoint 4/4,-0.07126494484299103,-0.42828119559094346,1.6121496629169731,,,,,,,,,,,,,,,,,,,,,,,,,,,,,,,,,
40.14687980001327,4321.088173112,odom,navigating,4,4,,-0.07126494484299103,-0.42828119559094346,1.5809974510949578,-7.263493236370394,-6.238104108634912,1.1697649199411688,0.887590478711198,2.0364503860473633,-2.4626645259497706,2.4626645259497706,0.06851701499999763,pixhawk_fused,True,0.8,0.2,gyro,-1.0,0.0,0.0,0.0,0.0,0.10136754300037865,4,2.1807986405851607,0.0751825878713758,0.1491671035255107,-0.003403331585897957,-0.4288197798231426,1.5628599854874305,0.06786375046245562,0.06786375046245562,-0.01813746560752727,0.43416986866926005,,,
40.4837154999841,4321.20833675,odom,navigating,4,4,,-0.07126494484299103,-0.42828119559094346,1.5820754668086856,-7.263493236370394,-6.238104108634912,1.1708429356548966,0.887590478711198,2.036339521408081,-2.4613270733928325,2.4613270733928325,0.03334768099921348,pixhawk_fused,True,0.8,0.2,gyro,-1.0,0.0,0.0,0.1994138315634794,-0.6315789473684209,0.01105951899990032,4,2.1807986405851607,0.0751825878713758,0.1491671035255107,-0.003403331585897957,-0.4288197798231426,1.5628599854874305,0.06786375046245562,0.06786375046245562,-0.019215481321255057,0.43416986866926005,,,
40.48410000000149,4321.327865647,odom,navigating,4,4,,-0.07126494484299103,-0.42828119559094346,1.5823854200247995,-7.263493236370394,-6.238104108634912,1.1711528888710105,0.887590478711198,2.035959482192993,-2.4609425405620384,2.4609425405620384,0.04929387599986512,pixhawk_fused,True,0.8,0.2,gyro,-1.0,0.0,0.0,0.19820608887289537,-0.631578947368421,0.03380631599975459,4,2.1807986405851607,0.0751825878713758,0.1491671035255107,-0.003403331585897957,-0.4288197798231426,1.5628599854874305,0.06786375046245562,0.06786375046245562,-0.01952543453736899,0.43416986866926005,,,
40.484407200012356,4321.444180616,odom,navigating,4,4,,-0.07126494484299103,-0.42828119559094346,1.5825578579274946,-7.263493236370394,-6.238104108634912,1.1713253267737056,0.887590478711198,2.0357418060302734,-2.4607286141370674,2.4607286141370674,0.04656602799968823,pixhawk_fused,True,0.8,0.2,gyro,-1.0,0.0,0.0,0.19767044659652752,-0.631578947368421,0.003400255000087782,4,2.1807986405851607,0.0751825878713758,0.1491671035255107,-0.003403331585897957,-0.4288197798231426,1.5628599854874305,0.06786375046245562,0.06786375046245562,-0.019697872440064046,0.43416986866926005,,,
40.80775579996407,4321.547785373,odom,navigating,4,4,,-0.07123827055268087,-0.4281867109468984,1.5822974778753471,-7.2634310167115474,-6.23802816405132,1.1710649467215581,0.8862476995739385,2.0357418060302734,-2.4607286141370674,2.4607286141370674,0.14917038699968543,pixhawk_fused,True,0.8,0.2,gyro,-1.0,0.002560322405770421,-0.033653028309345245,0.19786919362971778,-0.631578947368421,0.004119085999263916,4,2.1808933339476892,0.07527728123390429,0.14935498126437802,-0.003402580074942488,-0.42872508944275345,1.5628599854874305,0.0678378268666997,0.06783782686669972,-0.01943749238791659,0.4340722873241964,,,
40.80790919996798,4321.64840666,odom,navigating,4,4,,-0.07052950064322777,-0.42567006015373365,1.5790779883955977,-7.2617753332897506,-6.2360046526463435,1.1678454572418087,0.8747425917441761,2.0377440452575684,-2.461957525886853,2.461957525886853,0.06533062299968151,pixhawk_fused,True,0.8,0.2,gyro,-1.0,0.04353414848446846,-0.3702569901943207,0.20029852189517797,-0.631578947368421,0.004157085999395349,4,2.1834155304658593,0.07779947775207473,0.15435918183514413,-0.0033825632726594236,-0.42620297235508736,1.5628599854874305,0.0671490520682264,0.0671490520682264,-0.016218002908167106,0.4314735340345527,,,
40.808027300052345,4321.767671138,odom,navigating,4,4,,-0.06788171323069647,-0.4175957230156955,1.547552114641331,-7.256120664294609,-6.229661907423962,1.136319583487542,0.8029957967464114,2.0642166137695312,-2.4838894861864644,2.4838894861864644,0.06976094199944782,pixhawk_fused,True,0.8,0.2,gyro,-1.0,0.09822578728199005,-0.6115667819976807,0.24,-0.5983590857811038,0.024225533000389987,4,2.19151062684612,0.08589457413233537,0.17042037517779926,-0.003318318499288803,-0.4181081309103892,1.5628599854874305,0.06456542806405069,0.06456542806405069,0.015307870846099636,0.42307696093280234,,,
41.16729849996045,4321.887369529,odom,navigating,4,4,,-0.06126563662313361,-0.4012235522037515,1.4879422514765757,-7.2435115759309285,-6.217299410208208,1.0767097203227867,0.7422353001040977,2.123915195465088,-2.54322666107889,2.54322666107889,0.018063894000079017,pixhawk_fused,True,0.8,0.2,gyro,-1.0,0.16640439629554749,-0.5047451853752136,0.24,-0.5273355496668976,0.043270418000247446,4,2.207934788946853,0.10231873623306835,0.20300697212483748,-0.00318797211150065,-0.4016844860490819,1.5628599854874305,0.05807949358539175,0.05807949358539175,0.07491773401085489,0.4058741394494534,,,
41.167467699968256,4322.008743614,odom,navigating,4,4,,-0.05159593795604997,-0.38073367971407696,1.4386225372003727,-7.226457441939675,-6.202383161994811,1.0273900060465837,0.694215884755514,2.171391010284424,-2.5928545403408605,2.5928545403408605,0.02474222299952089,pixhawk_fused,True,0.8,0.2,gyro,-1.0,0.2161642163991928,-0.27059754729270935,0.24,0.04236501951211751,0.014354776999425667,4,2.2285007573807047,0.12288470466692009,0.24381117997843194,-0.0030247552800862724,-0.3811191652908703,1.5628599854874305,0.04857271235654595,0.04857271235654595,0.12423744828705785,0.38421384108616635,,,
41.16761480004061,4322.127265946,odom,navigating,4,4,,-0.04028834207305433,-0.35832866887228876,1.3990288420900105,-7.207136407877958,-6.186366174816825,0.9877963109362216,0.7009755163639932,2.2217888832092285,-2.6435154853391247,2.6435154853391247,0.09187592400030553,pixhawk_fused,True,0.8,0.2,gyro,-1.0,0.22226190567016602,0.27183297276496887,0.24,0.29595135228043656,0.031608749000042735,4,2.250994802628876,0.14537874991509123,0.2884408165903283,-0.002846236733638687,-0.35862582843847457,1.5628599854874305,0.03744328452547497,0.03744328452547497,0.16383114339742,0.3605864465600195,,,
41.46800690004602,4322.227622462,odom,navigating,4,4,,-0.030750466322408937,-0.33837542843154106,1.3943489238232774,-7.190417619547987,-6.171889124195284,0.9831163926694884,0.7374745601273853,2.2305941581726074,-2.6581483364629346,2.6581483364629346,0.048651781999978994,pixhawk_fused,True,0.8,0.2,gyro,-1.0,0.2274245172739029,0.4755675196647644,0.23489214769489122,0.631578947368421,0.03346219600007316,4,2.27102310973306,0.16540705701927536,0.3281782696873373,-0.002687286921250651,-0.338598152077582,1.5628599854874305,0.02806406321123334,0.02806406321123334,0.1685110616641532,0.33976980699478665,,,
41.468256399966776,4322.327671765,odom,navigating,4,4,,-0.022239702292052077,-0.318341053390947,1.4555383057273914,-7.174607878733658,-6.156927126232734,1.0443057745736024,0.7895527424985095,2.1643710136413574,-2.594747844569643,2.594747844569643,0.027922150999984297,pixhawk_fused,True,0.8,0.2,gyro,-1.0,0.2171088457107544,0.5435603260993958,0.17887717335411749,0.6315789473684211,0.03197086899945134,4,2.2911243974583497,0.18550834474456493,0.36806052104378395,-0.002527757915824864,-0.3184974973939329,1.5628599854874305,0.019712565175987264,0.019712565175987264,0.10732167976003915,0.31911695447295946,,,
41.4684389999602,4322.42781675,odom,navigating,4,4,,-0.015780569535299327,-0.30083646966392474,1.502004355816477,-7.161689979563204,-6.143463890052392,1.090771824662688,0.834199978444805,2.119556427001953,-2.5478409888672426,2.5478409888672426,0.026565726000626455,pixhawk_fused,True,0.8,0.2,gyro,-1.0,0.1783483922481537,0.5775618553161621,0.1555061048484511,0.631578947368421,0.031556066000121064,4,2.308679691264653,0.20306363855086815,0.4028913562513413,-0.002388434574994635,-0.300942756449324,1.5628599854874305,0.013392556726621159,0.01339255672662116,0.06085562967095348,0.3012500752775208,,,
41.79025299998466,4322.545770913,odom,navigating,4,4,,-0.010216473245935428,-0.28325604137462246,1.5120519516487816,-7.149562178560599,-6.129573351214974,1.1008194204949926,0.8855152786988851,2.119556427001953,-2.5478409888672426,2.5478409888672426,0.14536716200018418,pixhawk_fused,True,0.8,0.2,gyro,-1.0,0.151104137301445,0.5049461722373962,0.14777528160358205,0.6082931907435102,0.004238083000018378,4,2.326303724004374,0.22068767129058925,0.4378585739363803,-0.0022485657042544786,-0.28331927873606433,1.5628599854874305,0.007968158479639966,0.007968158479639966,0.05080803383864896,0.28344022526946794,,,
41.790502100018784,4322.647265156,odom,navigating,4,4,,-0.006805124756479569,-0.2701171660846969,1.5911328761217396,-7.141183112003477,-6.118893529773018,1.1799003449679506,0.9349079498105766,2.0340170860290527,-2.4615221736359194,2.4615221736359194,0.05404051799996523,pixhawk_fused,True,0.8,0.2,gyro,-1.0,0.1485874354839325,0.4714239835739136,0.19384237581552427,0.5747214532983296,0.0039779059998181765,4,2.3394692588587933,0.2338532061450084,0.463979844249098,-0.0021440806230036084,-0.2701541584984546,1.5628599854874305,0.0046611909264571314,0.004661190926457132,-0.028272890634309045,0.27020287403463894,,,
41.790617599966936,4322.747534248,odom,navigating,4,4,,-0.003550054119264706,-0.25385713807949944,1.6041478558559048,-7.131699646501836,-6.105290299360273,1.1929153247021158,1.0011768993487447,2.0340170860290527,-2.4615221736359194,2.4615221736359194,0.15403080400028557,pixhawk_fused,True,0.8,0.2,gyro,-1.0,0.18439826369285583,0.6732615828514099,0.1894550921716575,0.556108109167261,0.0039320919995589065,4,2.355754607873943,0.250138555160158,0.49629102708105766,-0.0020148358916757692,-0.25386932235114695,1.5628599854874305,0.0015352665771119025,0.001535266577111902,-0.041287870368474255,0.2538819596548045,,,
42.1050209000241,4322.847851468,odom,navigating,4,4,,-0.0012296171071912443,-0.2362882662460629,1.6572697783179902,-7.12254969667151,-6.090113735074202,1.2460372471642012,1.0654469174370884,1.9824997186660767,-2.411142042689283,2.411142042689283,0.07411963300000934,pixhawk_fused,True,0.8,0.2,gyro,-1.0,0.18181908130645752,0.5722153186798096,0.19461040486535502,0.37218800889280496,0.004220157999952789,4,2.3733413420048675,0.2677252892910826,0.5311842419205278,-0.0018752630323178887,-0.23628314207205398,1.5628599854874305,0.0006456662588302986,-0.0006456662588302989,-0.09440979283055961,0.23629146561778444,,,
42.105174500029534,4322.965147632,odom,navigating,4,4,,0.00019548714684239354,-0.2144471724809126,1.7682278328515708,-7.112512659205134,-6.0706632292223865,1.3569953016977818,1.1257038075542767,1.8605806827545166,-2.2877615539955687,2.2877615539955687,0.08830783899975359,pixhawk_fused,True,0.8,0.2,gyro,-1.0,0.19903644919395447,0.3737352788448334,0.17732021865241282,-0.07582689460678341,0.02280240700019931,4,2.3951930579324068,0.289577005218622,0.5745394557308033,-0.0017018421770767867,-0.21443211431167514,1.5628599854874305,0.0018973890776180825,-0.0018973890776180827,-0.20536784736414027,0.21444726158261584,,,
42.10528370004613,4323.06528808,odom,navigating,4,4,,0.0006500213302382818,-0.19796502843072944,1.7700831154718732,-7.105507457615037,-6.055736916064176,1.3588505843180843,1.1351643762325705,1.8605806827545166,-2.2877615539955687,2.2877615539955687,0.18785548899995774,pixhawk_fused,True,0.8,0.2,gyro,-1.0,0.1654329001903534,0.0,0.16892569650608358,-0.12219266124367152,0.02365401200040651,4,2.4116782902177096,0.30606223750392475,0.6072472198629831,-0.0015710111205480674,-0.19794740118905652,1.5628599854874305,0.0022211023990566063,-0.0022211023990566067,-0.2072231299844427,0.1979660956055589,,,
42.445121000055224,4323.167511394,odom,navigating,4,4,,0.0010961239522694483,-0.18301433332269998,1.8035151026956777,-7.0991221651259435,-6.0422110027274964,1.3922825715418887,1.1209737282179626,1.8157904148101807,-2.2427660219001364,2.2427660219001364,0.09431779899932735,pixhawk_fused,True,0.8,0.2,gyro,-1.0,0.15509332716464996,-0.13590365648269653,0.15356780667053888,-0.28227624076169067,0.0233408550002423,4,2.426632054875108,0.32101600216132314,0.6369164534435358,-0.0014523341862258568,-0.182994107464458,1.5628599854874305,0.002548538398573696,-0.002548538398573697,-0.24065511720824717,0.18301761578949463,,,
42.44528220000211,4323.287220155,odom,navigating,4,4,,0.0019693732471296674,-0.1663146511067731,1.7892973859837142,-7.091646198617076,-6.027252664744879,1.3780648548299252,1.0864888243149418,1.8297693729400635,-2.2521045943724705,2.2521045943724705,0.08680016000016622,pixhawk_fused,True,0.8,0.2,gyro,-1.0,0.14083877205848694,-0.23560641705989838,0.13947190862014336,-0.27843660729497755,0.04377080999984173,4,2.443338141506465,0.3377220887926801,0.6700624068431335,-0.0013197503726274664,-0.16628854695106077,1.5628599854874305,0.0032892272060454754,-0.0032892272060454763,-0.2264374004962837,0.166326310617876,,,
42.44538279995322,4323.404318121,odom,navigating,4,4,,0.0032921707632085975,-0.15139888661263554,1.76178816882981,-7.084471265457625,-6.014109219311107,1.350555637676021,1.047853516166652,1.8561352491378784,-2.2769470401930403,2.2769470401930403,0.10476748299970495,pixhawk_fused,True,0.8,0.2,gyro,-1.0,0.1286562979221344,-0.40585583448410034,0.12711229166139298,-0.22321983065817078,0.012316983000346227,4,2.4582639343268893,0.35264788161310456,0.699676142494979,-0.001201295430020084,-0.15136322418253056,1.5628599854874305,0.00449360770858005,-0.00449360770858005,-0.1989281833423795,0.15143467653044265,,,
42.76727279997431,4323.508349384,odom,navigating,4,4,,0.004758315660831694,-0.139639860304311,1.732735432186049,-7.078426808599712,-6.003916632697616,1.32150290103226,1.019426402121373,1.8847826719284058,-2.306149501525123,2.306149501525123,0.006691882999803056,pixhawk_fused,True,0.8,0.2,gyro,-1.0,0.12865346670150757,-0.2029651403427124,0.11546992794123838,-0.20375197935395115,0.01408017399990058,4,2.4700342260171695,0.36441817330338466,0.723029160378498,-0.0011078833584860083,-0.13959330316923702,1.5628599854874305,0.005866383766944528,-0.005866383766944527,-0.16987544669861854,0.13972090807654955,,,
42.76752320001833,4323.62742846,odom,navigating,4,4,,0.006794780002857909,-0.12645671803095393,1.68491217064535,-7.0712903052295495,-5.992646639491603,1.273679639491561,0.9896412661492113,1.9400386810302734,-2.358301278077324,2.358301278077324,0.027883114000360365,pixhawk_fused,True,0.8,0.2,gyro,-1.0,0.11889632791280746,-0.2038794457912445,0.10999951499327636,-0.14499505692623638,0.03204970000024332,4,2.4832331150256306,0.3776170623118456,0.7492166074841384,-0.0010031335700634463,-0.12639482982799422,1.5628599854874305,0.007798159157161174,-0.007798159157161174,-0.12205218515791949,0.12663913522465095,,,
42.767750500002876,4323.727846307,odom,navigating,4,4,,0.008647564556233354,-0.11615767112558929,1.6812434252957844,-7.065475054614885,-5.9839468671929295,1.2700108941419954,0.9706898685231902,1.9400386810302734,-2.358301278077324,2.358301278077324,0.12925302700023167,pixhawk_fused,True,0.8,0.2,gyro,-1.0,0.10059840977191925,-0.1695219725370407,0.09962585531662017,-0.04676022633690515,0.03469940200011479,4,2.4935465417635445,0.38793048904975985,0.7696791113360835,-0.0009212835546556662,-0.11608172788661392,1.5628599854874305,0.009569149468203038,-0.009569149468203036,-0.11838343980835386,0.11647911801724284,,,
43.10787900001742,4323.828262357,odom,navigating,4,4,,0.010519643432418246,-0.10651402468800966,1.6631207142143485,-7.059904107660691,-5.975855566557972,1.2518881830605595,0.9646168372302574,1.9612423181533813,-2.3793153124230697,2.3793153124230697,0.05684729000040534,pixhawk_fused,True,0.8,0.2,gyro,-1.0,0.09820850938558578,-3.244748222641647e-05,0.08994722043068745,-0.03333457825967864,0.033823925999968196,4,2.5032047417986565,0.3975886890848718,0.7888416031483153,-0.0008446335874067387,-0.10642383201324906,1.5628599854874305,0.011364634921628706,-0.011364634921628706,-0.10026072872691794,0.10703223978401626,,,
43.10823370004073,4323.947692682,odom,navigating,4,4,,0.01253567948982607,-0.09655155610322752,1.6455360531178993,-7.054073759628808,-5.967529569709868,1.2343035219641103,0.9565449361818524,1.9803860187530518,-2.399189444475134,2.399189444475134,0.06886872600080096,pixhawk_fused,True,0.8,0.2,gyro,-1.0,0.08194663375616074,-0.06731946766376495,0.08171082545904802,0.060936218629359,0.004102809000869456,4,2.5131828964217657,0.40756684370798113,0.8086389054998293,-0.0007654443780006829,-0.09644599162808604,1.5628599854874305,0.013301542767877808,-0.013301542767877808,-0.08267606763046875,0.09736193427734649,,,
43.1085657000076,4324.067575975,odom,navigating,4,4,,0.014427228631895866,-0.087458420562353,1.6450117229167303,-7.048705026565864,-5.959950666265408,1.2337791917629413,0.9538441887533207,1.9803860187530518,-2.399189444475134,2.399189444475134,0.18886303500039503,pixhawk_fused,True,0.8,0.2,gyro,-1.0,0.06722399592399597,0.0,0.07412936791678346,0.11568757732199224,0.0242881429994668,4,2.522290757418241,0.41667470470445606,0.826709489163183,-0.0006931620433472683,-0.0873384174617558,1.5628599854874305,0.015120866870524732,-0.015120866870524736,-0.08215173742929971,0.08864039853959597,,,
43.42867309995927,4324.169051422,odom,navigating,4,4,,0.0159282291483955,-0.08020162733431162,1.6402879690248904,-7.04442834001517,-5.953898889447631,1.2290554378711014,0.9584980707944174,1.9881038665771484,-2.406174578000118,2.406174578000118,0.09258031100034714,pixhawk_fused,True,0.8,0.2,gyro,-1.0,0.06927671283483505,0.09417670965194702,0.06596126033160318,0.1777244109334716,0.025851041999885638,4,2.5295592344384086,0.4239431817246236,0.8411306163794346,-0.0006354775344822616,-0.08007016934476496,1.5628599854874305,0.016564228333352117,-0.016564228333352117,-0.07742798353745983,0.08176802254473076,,,
43.428881100029685,4324.28732752,odom,navigating,4,4,,0.017490266222452713,-0.07236720013741928,1.6435501572385403,-7.039864802537295,-5.9473420353992195,1.2323176260847513,0.9687062351736875,1.9842307567596436,-2.404590970054527,2.404590970054527,0.08723048200045014,pixhawk_fused,True,0.8,0.2,gyro,-1.0,0.05889621004462242,0.10097416490316391,0.05154292762294308,0.1694823281234487,0.044008951999785495,4,2.5374058116381044,0.43178975892431953,0.8566987316386538,-0.0005732050734453846,-0.07222383925411846,1.5628599854874305,0.01806404017933406,-0.01806404017933406,-0.08069017175110971,0.07445079629031222,,,
43.42900899995584,4324.387542299,odom,navigating,4,4,,0.018526280698212126,-0.06693628782722094,1.651498533988588,-7.036744212147662,-5.942778040423852,1.240266002834799,0.9754505640509452,1.97548246383667,-2.3963514057549435,2.3963514057549435,0.01195871499930945,pixhawk_fused,True,0.8,0.2,gyro,-1.0,0.05631474405527115,0.13460037112236023,0.05,0.23202816557630002,0.04424546299924259,4,2.5428447749929672,0.4372287222791822,0.8674899857414559,-0.0005300400570341767,-0.06678504718630623,1.5628599854874305,0.01905692090706931,-0.01905692090706931,-0.08863854850115738,0.06945278759414567,,,
43.765090100001544,4324.505126047,odom,navigating,4,4,,0.01961933988006144,-0.06091401001200004,1.6569239099163755,-7.0333349408408825,-5.937694785795615,1.2456913787625865,0.9862538243922869,1.971887469291687,-2.3922273073608773,2.3922273073608773,0.030421393000324315,pixhawk_fused,True,0.8,0.2,gyro,-1.0,0.05403256043791771,0.10142339766025543,0.05,0.29498865745545605,0.009699797999928705,4,2.5488755379507246,0.44325948523694,0.8794554084267818,-0.00048217836629287254,-0.06075447415290197,1.5628599854874305,0.02010215131519145,-0.020102151315191455,-0.09406392442894496,0.06399558666870248,,,
43.765245700022206,4324.627368032,odom,navigating,4,4,,0.0205647020578813,-0.055160777066970985,1.6815564357178467,-7.0301686007020985,-5.932799105138899,1.2703239045640577,1.0133076593522754,1.9453860521316528,-2.368181234997024,2.368181234997024,0.028054053999767348,pixhawk_fused,True,0.8,0.2,gyro,-1.0,0.04651397839188576,0.27172553539276123,0.05,0.3820654932642169,0.03417369500039058,4,2.554636092349682,0.44902003963589704,0.8908847199033121,-0.00043646112038675175,-0.054994101168730714,1.5628599854874305,0.0210018245801477,-0.0210018245801477,-0.1186964502304162,0.05886950226867473,,,
43.76536530000158,4324.727409093,odom,navigating,4,4,,0.021243903552646718,-0.05016946284608842,1.687109751311158,-7.027550800055642,-5.928495426236205,1.275877220157369,1.041719501574579,1.9453860521316528,-2.368181234997024,2.368181234997024,0.12828635099958774,pixhawk_fused,True,0.8,0.2,gyro,-1.0,0.05685612931847572,0.33969107270240784,0.05,0.4508386249061578,0.03362376599943673,4,2.5596326396994384,0.4540165869856536,0.9007981921166704,-0.000396807231533318,-0.04999771117319807,1.5628599854874305,0.021641392327705414,-0.021641392327705414,-0.12424976582372738,0.054481909294913686,,,
44.08927160000894,4324.828864337,odom,navigating,4,4,,0.021800577675292133,-0.044717500449425275,1.7149266450646339,-7.024861172303018,-5.9237205249172495,1.3036941139108449,1.084337296999803,1.9211931228637695,-2.3439755199814933,2.3439755199814933,0.05154057100025966,pixhawk_fused,True,0.8,0.2,gyro,-1.0,0.06203487142920494,0.47563064098358154,0.05,0.5147134982344787,0.03332131099978142,4,2.5650888483091343,0.4594727955953494,0.9116236619173601,-0.00035350535233055974,-0.04454167439365053,1.5628599854874305,0.022154780739079526,-0.022154780739079526,-0.15206665957720333,0.049748568154478534,,,
44.08941020001657,4324.946306551,odom,navigating,4,4,,0.02214563670321476,-0.038066129325335166,1.7869085622391814,-7.021886066115687,-5.91776162009025,1.3756760310853924,1.1391163621058993,1.8436323404312134,-2.2677974967623844,2.2677974967623844,0.06292711700007203,pixhawk_fused,True,0.8,0.2,gyro,-1.0,0.061459969729185104,0.4712361991405487,0.05,0.6394266716243036,0.05210151799929008,4,2.571742748441781,0.4661266957279959,0.9248254289492819,-0.00030069828420287246,-0.03788798380956193,1.5628599854874305,0.022447041902935876,-0.02244704190293588,-0.22404857675175083,0.0440392941224529,,,
44.08950829994865,4325.048932743,odom,navigating,4,4,,0.02216931980629566,-0.031303857677295086,1.7955479343983205,-7.019161211056216,-5.911572594025017,1.3843154032445315,1.1831074485701651,1.8436323404312134,-2.2677974967623844,2.2677974967623844,0.16494671500004188,pixhawk_fused,True,0.8,0.2,gyro,-1.0,0.07171120494604111,0.5385991930961609,0.05,0.9244657799386444,0.005822260000059032,4,2.578504995083579,0.47288894236979434,0.9382421624435838,-0.00024703135022566486,-0.031125950128433777,1.5628599854874305,0.022417057127741294,-0.022417057127741294,-0.23268794891088995,0.038358965655426104,,,
44.44100969994906,4325.167918357,odom,navigating,4,4,,0.021756599760324777,-0.02380755083562458,1.883675662739851,-7.0165429529122685,-5.904536282605497,1.472443131586062,1.268388799290023,1.7524967193603516,-2.1789718492592467,2.1789718492592467,0.0877238370003397,pixhawk_fused,True,0.8,0.2,gyro,-1.0,0.06191602721810341,0.8138278722763062,0.05,0.966651813823702,0.024735850999604736,4,2.585997790394357,0.480381737680572,0.9531083516166725,-0.00018756659353330986,-0.02363339078519705,1.5628599854874305,0.021944857454286693,-0.021944857454286693,-0.32081567725242044,0.03225134276153185,,,
44.44132720003836,4325.287066597,odom,navigating,4,4,,0.020596072159330934,-0.016252548023146803,1.9623954829811099,-7.014586693638544,-5.897147240620017,1.551162951827321,1.3731709693416738,1.6791893243789673,-2.106656148191799,2.106656148191799,0.08721581500049069,pixhawk_fused,True,0.8,0.2,gyro,-1.0,0.066561758518219,0.8748916387557983,0.05,0.0,0.04338889500013465,1,0.02050863231720534,0.02050863231720534,0.027491069046826216,0.020508337508932356,0.00010996427618730487,0.005361878910097319,0.01636274751118346,-0.016362747511183457,-1.9570336040710126,0.026236301294905496,,,
44.44164890004322,,mission_status,turning,4,4,final alignment at waypoint 4/4,0.020596072159330934,-0.016252548023146803,1.9623954829811099,,,,,,,,,,,,,,,,,,,,,,,,,,,,,,,final,0.0,
44.441732199979015,4325.388591524,odom,turning,4,4,,0.019298471852689403,-0.010822135257247935,2.037387921412612,-7.013605361519242,-5.89165086575694,1.6261553902588228,1.4117603565901633,1.5945318937301636,-2.022727386769165,2.022727386769165,0.013320158000169613,pixhawk_fused,True,0.8,0.2,gyro,-1.0,0.043949734419584274,-0.03398103266954422,0.0,-1.55,0.03207566100081749,1,0.019240167739522415,0.019240167739522415,0.025790738827376147,0.019239891165222605,0.0001031629553095046,0.005361878910097319,0.010925455264210038,-0.01092545526421004,-2.0320260425025145,0.02212576840191576,final,0.0,-2.037387921412612
44.76719669997692,4325.508697014,odom,turning,4,4,,0.018177308331865826,-0.0061213386567554985,2.0763646564097433,-7.01275395868753,-5.8868938068401535,1.6651321252559543,1.3576832984318783,1.5402144193649292,-1.9612354682053221,1.9612354682053221,0.007628115999978036,pixhawk_fused,True,0.8,0.2,gyro,-1.0,0.04353848099708557,-0.5722723603248596,0.0,-1.55,0.012019065000458795,1,0.018144225316622773,0.018144225316622773,0.024321668225627428,0.01814396449631806,9.728667290250972e-05,0.005361878910097319,0.0062187147226764805,-0.006218714722676479,-2.071002777499646,0.01918033694027318,final,0.0,-2.0763646564097433
44.76744520000648,4325.625153571,odom,turning,4,4,,0.01729392634323211,-0.0009105716167166584,1.985672700949062,-7.01148074316864,-5.881764344965273,1.574440169795273,1.2852497271991639,1.6134721040725708,-2.056302177187313,2.056302177187313,0.060763346000385354,pixhawk_fused,True,0.8,0.2,gyro,-1.0,0.043936487287282944,-0.5775037407875061,0.0,-1.55,0.028848586999629333,1,0.0172887953944843,0.0172887953944843,0.023174995805424103,0.01728854687084638,9.269998322169642e-05,0.005361878910097319,0.0010032860220126737,-0.0010032860220126737,-1.9803108220389647,0.017317881770999233,final,0.0,-1.985672700949062
44.76777439995203,4325.727632174,odom,turning,4,4,,0.01681164357790305,0.003951548627548183,1.952874263161256,-7.009979236401484,-5.877114797958993,1.541641732007467,1.2183094571552786,1.6367731094360352,-2.0809394972289694,2.0809394972289694,0.05085692400007247,pixhawk_fused,True,0.8,0.2,gyro,-1.0,0.05169518291950226,-0.679484486579895,0.0,-1.55,0.030248065000705537,1,0.016832589536970134,0.016832589536970134,0.022563468594125523,0.01683234757121764,9.025387437650209e-05,0.005361878910097319,0.003861350259457218,0.0038613502594572174,-1.9475123842511586,0.0172698030199052,final,0.0,-1.952874263161256
45.12487289996352,4325.847575669,odom,turning,4,4,,0.016664479941425836,0.009917603176026303,1.8366099817653896,-7.007729263738207,-5.871587313266493,1.4253774506116006,1.1365375876577388,1.7614728212356567,-2.205449120279659,2.205449120279659,0.05363478900017071,pixhawk_fused,True,0.8,0.2,gyro,-1.0,0.05378015339374542,-0.7068895101547241,0.0,-1.55,0.011449304000052507,1,0.016717417124726068,0.016717417124726068,0.02240908420182088,0.016717176814558376,8.963633680728351e-05,0.005361878910097319,0.009828108116683833,0.009828108116683833,-1.8312481028552923,0.019392363045160614,final,0.0,-1.8366099817653896
45.1250057000434,4325.967213765,odom,turning,4,4,,0.017037373058296352,0.01622474900719304,1.7672491525679375,-7.004866244436298,-5.865955061648435,1.3560166214141485,1.0499592434057057,1.8285974264144897,-2.2706835446919094,2.2706835446919094,0.07384817599995586,pixhawk_fused,True,0.8,0.2,gyro,-1.0,0.05376409366726875,-0.7066783905029297,0.0,-1.55,0.010813433000294026,1,0.01712412287148973,0.01712412287148973,0.022954258331089408,0.017123876714992697,9.181703332435763e-05,0.005361878910097319,0.016133163885490544,0.016133163885490544,-1.7618872736578401,0.023526890170058046,final,0.0,-1.7672491525679375
45.125102899968624,4326.085641396,odom,turning,4,4,,0.01799982665434322,0.022721620917723718,1.7500467682916647,-7.0013869760133165,-5.860384572191733,1.3388142371378757,0.9599476512269404,1.8285974264144897,-2.2706835446919094,2.2706835446919094,0.1925917609996759,pixhawk_fused,True,0.8,0.2,gyro,-1.0,0.05840815231204033,-0.7677201628684998,0.0,-1.55,0.002810345999932906,1,0.018121397905982373,0.018121397905982373,0.024291068919327075,0.018121137413818,9.71642756773083e-05,0.005361878910097319,0.022624781869626992,0.02262478186962699,-1.7446848893815674,0.028987338903651447,final,0.0,-1.7500467682916647
45.46757009997964,4326.187957133,odom,turning,4,4,,0.019270526297360032,0.028146572203795565,1.621433211052536,-6.998053649290129,-5.855919854172026,1.210200679898747,0.8835774091933135,1.970178246498108,-2.4115983693565024,2.4115983693565024,0.09904029299923423,pixhawk_fused,True,0.8,0.2,gyro,-1.0,0.05650704726576805,-0.7427319288253784,0.0,-1.55,0.010348705000069458,1,0.019421167075408162,0.019421167075408162,0.026033361795271007,0.019420887899272172,0.00010413344718108403,0.005361878910097319,0.02804284186793135,0.02804284186793135,-1.6160713321424387,0.03411132818582006,final,0.0,-1.621433211052536
45.46780830004718,4326.308756048,odom,turning,4,4,,0.021243379123127196,0.03425156310633627,1.5429844248901043,-6.993804870086417,-5.851112470531172,1.1317518937363154,0.7956715672819817,2.0454957485198975,-2.4878040765489233,2.4878040765489233,0.03350299100020493,pixhawk_fused,True,0.8,0.2,gyro,-1.0,0.05635794252157211,-0.7407720685005188,0.0,-1.55,0.01078902700010076,1,0.021426725606851802,0.021426725606851802,0.028721739411710794,0.02142641760113625,0.00011488695764684317,0.005361878910097319,0.03413716686494258,0.03413716686494258,-1.537622545980007,0.0403044753321049,final,0.0,-1.5429844248901043
45.46799639996607,4326.42752915,odom,turning,4,4,,0.0238305703617043,0.04034296801497844,1.469330646675372,-6.988998401440546,-5.846563115475534,1.058098115521583,0.704973304836215,2.1161656379699707,-2.5574329125846518,2.5574329125846518,0.04619972199998301,pixhawk_fused,True,0.8,0.2,gyro,-1.0,0.059476353228092194,-0.7817606925964355,0.0,-1.55,0.029186855000261858,1,0.024046540873984945,0.024046540873984945,0.0322335056418882,0.024046195208848594,0.0001289340225675528,0.005361878910097319,0.04021461207095605,0.04021461207095606,-1.4639687677652746,0.04685564162426669,final,0.0,-1.469330646675372
45.786640199949034,4326.529128963,odom,turning,4,4,,0.026405629541058448,0.045230721995710564,1.4550331090476327,-6.984684200095548,-5.843112211897027,1.0438005778938437,0.6292591895603761,2.1161656379699707,-2.5574329125846518,2.5574329125846518,0.147754277999411,pixhawk_fused,True,0.8,0.2,gyro,-1.0,0.05941961705684662,-0.7810149192810059,0.0,-1.55,0.033900979999998526,1,0.026647770456690322,0.026647770456690322,0.03572035844410105,0.026647387399299383,0.0001428814337764042,0.005361878910097319,0.04508848870166771,0.045088488701667706,-1.4496712301375354,0.052374378122445275,final,0.0,-1.4550331090476327
45.78677799995057,4326.646980869,odom,turning,4,4,,0.03001691716982931,0.050882814552843804,1.2856936390890623,-6.979114625633828,-5.83937491488883,0.8744611079352733,0.5373249417314337,2.3068716526031494,-2.74484486204039,2.74484486204039,0.07299621899983322,pixhawk_fused,True,0.8,0.2,gyro,-1.0,0.05633550137281418,-0.7404771447181702,0.0,-1.55,0.010738787000263983,1,0.03028931186445157,0.03028931186445157,0.04060171107304529,0.030288876460491786,0.00016240684429218117,0.005361878910097319,0.05072113681669093,0.05072113681669094,-1.280331760178965,0.05907686631160701,final,0.0,-1.2856936390890623
45.786895900033414,4326.747163222,odom,turning,4,4,,0.033528893080028314,0.05546592899963236,1.186579867664636,-6.9740633958299965,-5.836577775225699,0.775347336510847,0.45820818233086136,2.4126694202423096,-2.8487080299819603,2.8487080299819603,0.06612932200005162,pixhawk_fused,True,0.8,0.2,gyro,-1.0,0.06403355300426483,-0.8416607975959778,0.0,-1.55,0.011028556999917782,1,0.033825811277509894,0.033825811277509894,0.04534225876265813,0.033825325036942966,0.00018136903505063253,0.005361878910097319,0.05528535468261476,0.05528535468261475,-1.1812179887545387,0.0648124675580573,final,0.0,-1.186579867664636
46.147458699997514,4326.866394108,odom,turning,4,4,,0.03812135880726994,0.06049329032098762,1.108961133075119,-6.967844174930324,-5.83380534042711,0.69772860192133,0.36490065882908707,2.486999750137329,-2.9225980092252386,2.9225980092252386,0.07230453499960277,pixhawk_fused,True,0.8,0.2,gyro,-1.0,0.05690472200512886,-0.7479590177536011,0.0,-1.55,0.006875083000522864,1,0.038445166962278454,0.038445166962278454,0.05153433554855305,0.038444614319220576,0.0002061373421942122,0.005361878910097319,0.06028801960932574,0.060288019609325734,-1.1035992541650217,0.07150298015587819,final,0.0,-1.108961133075119
46.14762029994745,4326.986673926,odom,turning,4,4,,0.04290356369229635,0.06485323589771663,1.0318083710310353,-6.961717826021429,-5.83172052435827,0.6205758398772463,0.276216591044235,2.561887741088867,-2.9970222144092213,2.9970222144092213,0.016091376000076707,pixhawk_fused,True,0.8,0.2,gyro,-1.0,0.059452448040246964,-0.7814464569091797,0.0,-1.55,0.0030733200001122896,1,0.043250680492103996,0.043250680492103996,0.05797595009459283,0.04325005877056625,0.00023190380037837132,0.005361878910097319,0.06462226103189013,0.06462226103189013,-1.026446492120938,0.07776025966972983,final,0.0,-1.0318083710310353
46.14773359999526,4327.10554547,odom,turning,4,4,,0.047926359403532154,0.06868323613482635,0.9468205232650497,-6.955582784660196,-5.83021764509864,0.5355879921112607,0.18963821203777625,2.6458775997161865,-3.0816345347131384,3.0816345347131384,0.08852005499920779,pixhawk_fused,True,0.8,0.2,gyro,-1.0,0.0516899898648262,-0.6794162392616272,0.0,-1.55,0.029622342999573448,1,0.04829393990056011,0.04829393990056011,0.06473625426673452,0.048293245682983946,0.0002589450170669381,0.005361878910097319,0.06842527472001804,0.06842527472001804,-0.9414586443549524,0.08375155432365929,final,0.0,-0.9468205232650497
46.47043650003616,4327.208147921,odom,turning,4,4,,0.05228724648380417,0.07148340323947752,0.8861197583784157,-6.950466132715078,-5.82939414961391,0.4748872272246267,0.11052139713038218,2.702930450439453,-3.1380022702182426,3.1380022702182426,0.04040048000024399,pixhawk_fused,True,0.8,0.2,gyro,-1.0,0.05427994206547737,-0.8493556976318359,0.0,-1.55,0.030779253999753564,1,0.05266977837878665,0.05266977837878665,0.07060190517324398,0.05266902125924001,0.00028240762069297595,0.005361878910097319,0.0712020191362951,0.07120201913629512,-0.8807578794683184,0.08856541697274302,final,0.0,-0.8861197583784157
46.470624599955045,4327.308660394,odom,turning,4,4,,0.05590403335392141,0.07339757284063575,0.7406520914140005,-6.946385712588244,-5.829085338807137,0.3294195602602114,0.013918002911753316,2.8629093170166016,2.9881592315814762,-2.9881592315814762,0.03173130100003618,pixhawk_fused,True,0.8,0.2,gyro,-1.0,0.03584986552596092,-1.0097415447235107,0.0,-1.55,0.011428470999817364,1,0.056296776754613344,0.056296776754613344,0.07546376340154369,0.05629596749755159,0.00030185505360617475,0.005361878910097319,0.07309676854125642,0.07309676854125642,-0.7352902125039031,0.0922630188327522,final,0.0,-0.7406520914140005
46.47092120000161,4327.428159642,odom,turning,4,4,,0.05953073655711003,0.07479000627944071,0.6289482214338434,-6.942504761367711,-5.829258730356422,0.21771569028005439,-0.118268893998851,2.9676222801208496,2.881322353162554,-2.881322353162554,0.027887817999726394,pixhawk_fused,True,0.8,0.2,gyro,-1.0,0.025848891586065292,-1.2231335639953613,0.0,-1.55,0.03188022300037119,1,0.059930893848244654,0.059930893848244654,0.08033516400983563,0.059930032351337384,0.0003213406560393425,0.005361878910097319,0.07446973611381505,0.07446973611381504,-0.6235863425237461,0.09559002894816393,final,0.0,-0.6289482214338434
46.791101800045,4327.543954662,odom,turning,4,4,,0.062074098272794406,0.07542999734105682,0.6038545058518268,-6.939917613053186,-5.829688777998447,0.1926219746980377,-0.25144759819415263,2.9676222801208496,2.881322353162554,-2.881322353162554,0.14487948899932235,pixhawk_fused,True,0.8,0.2,gyro,-1.0,-0.0051421355456113815,-1.3517711162567139,0.0,-1.3470761032145608,0.0221864059994914,1,0.0624776505416489,0.0624776505416489,0.08374899790284988,0.062476752435526015,0.00033499599161139953,0.005361878910097319,0.0750960808434633,0.07509608084346328,-0.5984926269417294,0.09768765620718094,final,0.0,-0.6038545058518268
46.79124229995068,4327.646779514,odom,turning,4,4,,0.06354155484674259,0.07560378367166287,0.44735678651954236,-6.938503030809418,-5.8301160806555234,0.03612425536575331,-0.3718699488423391,3.1356356143951416,2.7165682137391833,-2.7165682137391833,0.0662387079992186,pixhawk_fused,True,0.8,0.2,gyro,-1.0,0.012925096787512302,-1.1892175674438477,0.0,-1.0041382655197988,0.029127486000106728,1,0.06394601783794215,0.06394601783794215,0.08571729038106815,0.06394509862427684,0.0003428691615242726,0.005361878910097319,0.07526199638916561,0.07526199638916561,-0.44199490760944504,0.09875961369817722,final,0.0,-0.44735678651954236
46.7913437000243,4327.752173348,odom,turning,4,4,,0.06550781965475125,0.07560429678155985,0.30121886360794653,-6.936700490692844,-5.8309016038484565,-0.11001366754584252,-0.46990768020390494,-2.9879002571105957,2.559232569732454,-2.559232569732454,0.055670916000053694,pixhawk_fused,True,0.8,0.2,gyro,-1.0,0.007126483600586653,-0.9681617021560669,0.0,-0.6712066722263165,0.003885740999976406,1,0.06591225713243212,0.06591225713243212,0.08835296200321036,0.06591130965439493,0.0003534118480128414,0.005361878910097319,0.07525196666839841,0.0752519666683984,-0.2958569846978492,0.10003641400886776,final,0.0,-0.30121886360794653
47.12905059999321,4327.867577805,odom,turning,4,4,,0.06718392857607355,0.0754438351720303,0.2855639886166528,-6.935228263765144,-5.831718694368305,-0.12566854253713627,-0.5530680758355491,-2.9879002571105957,2.559232569732454,-2.559232569732454,0.17157667399987986,pixhawk_fused,True,0.8,0.2,gyro,-1.0,0.017926719039678574,-0.572243869304657,0.0,-0.6329353388972981,0.010273245000462339,1,0.06758748158836232,0.06758748158836232,0.09059853891319634,0.06758651002924447,0.0003623941556527854,0.005361878910097319,0.07508252031546499,0.07508252031546497,-0.28020210970655546,0.10102203979518246,final,0.0,-0.2855639886166528
47.129606800037436,4327.968272755,odom,turning,4,4,,0.06859254849650567,0.07519517151761738,0.2009991465329934,-6.934036482799744,-5.832509707531137,-0.21023338462079566,-0.6065501291375073,-2.898026943206787,2.4675111780545973,-2.4675111780545973,0.09694779700021172,pixhawk_fused,True,0.8,0.2,gyro,-1.0,0.017920473590493202,-0.30284708738327026,0.0,-0.4447071446417654,0.011422638000112784,1,0.06899474796209526,0.06899474796209526,0.09248492784685103,0.06899375617375086,0.0003699397113874041,0.005361878910097319,0.07482630742229855,0.07482630742229855,-0.19563726762289607,0.10178040837415313,final,0.0,-0.2009991465329934
47.12977580004372,4328.087174094,odom,turning,4,4,,0.0695074910228817,0.07498326639017999,0.09138089883927591,-6.933282526933725,-5.833069684460752,-0.31985163231451313,-0.6586741730638155,-2.777509927749634,2.3444268211505674,-2.3444268211505674,0.06297220800024661,pixhawk_fused,True,0.8,0.2,gyro,-1.0,0.015478231012821198,-0.27126234769821167,0.0,-0.25,0.031145038999966346,1,0.06990854113213096,0.06990854113213096,0.09370983405919239,0.06990753620815753,0.00037483933623676957,0.005361878910097319,0.07460949955343374,0.07460949955343374,-0.0860190199291786,0.1022437359784778,final,0.0,-0.09138089883927591
47.463958699954674,4328.188184571,odom,turning,4,4,,0.06950782527884942,0.07497792196179634,0.05649660069233681,-6.933284356923691,-5.833074716933159,-0.35473593046145224,-0.6924418962298337,-2.7396161556243896,2.3092782868526243,-2.3092782868526243,0.009724427000037394,pixhawk_fused,True,0.8,0.2,gyro,-1.0,0.005590786226093769,-0.22045685350894928,0.0,-0.25,0.020496250000178406,1,0.0699088467272533,0.0699088467272533,0.09371024369823992,0.06990784179888698,0.0003748409747929597,0.005361878910097319,0.07460415340964395,0.07460415340964394,-0.05113472178223949,0.1022400438023394,final,0.0,-0.05649660069233681
47.46409110003151,4328.306790659,odom,turning,4,4,,0.07078578018371967,0.07459740932379236,0.014461523801328313,-6.9322650525125935,-5.833934354719718,-0.39677100735246074,-0.7120799076793368,-2.69535493850708,2.261922737308528,-2.261922737308528,0.023379741999633552,pixhawk_fused,True,0.8,0.2,gyro,-1.0,0.012927042320370674,-0.16991379857063293,0.0,0.0,0.004716957999335136,1,0.07118474300881586,0.07118474300881586,0.09542053584403061,0.07118371973964684,0.00038168214337612244,0.005361878910097319,0.07421679403482842,0.07421679403482842,-0.009099644891230994,0.1028367646031287,final,0.0,-0.014461523801328313
47.46420040004887,4328.425059109,odom,turning,4,4,,0.07111557471993406,0.07449467211294836,0.004849319639429028,-6.932003821444937,-5.834160358480527,-0.40638321151436,-0.7167948892537997,-2.68570613861084,2.2511421961865685,-2.2511421961865685,0.027930907999689225,pixhawk_fused,True,0.8,0.2,gyro,-1.0,-0.002572611439973116,0.033814556896686554,0.0,0.0,0.009961419999854115,1,0.07151398194244254,0.07151398194244254,0.09586186855297198,0.0715129539405171,0.00038344747421188794,0.005361878910097319,0.07411228999091993,0.07411228999091993,0.0005125592706682908,0.10298971376289096,final,0.0,-0.004849319639429028
47.80854030000046,4328.527964236,odom,turning,4,4,,0.07111557471993406,0.07449467211294836,0.004849319639429028,-6.932003821444937,-5.834160358480527,-0.40638321151436,-0.7167948892537997,-2.68570613861084,2.2511421961865685,-2.2511421961865685,0.1303799010001967,pixhawk_fused,True,0.8,0.2,gyro,-1.0,0.0,0.0,0.0,0.0,0.05093717999989167,1,0.07151398194244254,0.07151398194244254,0.09586186855297198,0.0715129539405171,0.00038344747421188794,0.005361878910097319,0.07411228999091993,0.07411228999091993,0.0005125592706682908,0.10298971376289096,final,0.0,-0.004849319639429028
47.80876519996673,,mission_status,navigating,4,4,correcting final position at waypoint 4/4,0.07111557471993406,0.07449467211294836,0.004849319639429028,,,,,,,,,,,,,,,,,,,,,,,,,,,,,,,,,
47.809098300058395,4328.649400706,odom,navigating,4,4,,0.07111557471993406,0.07449467211294836,0.006241216730719312,-6.932003821444937,-5.834160358480527,-0.40499131442306974,-0.7167948892537997,-2.686457395553589,2.2528663373894355,-2.2528663373894355,0.04970627000056993,pixhawk_fused,True,0.8,0.2,gyro,-1.0,0.0,0.0,0.05,-0.6981258242908519,0.003772188999391801,1,0.07151398194244254,0.07151398194244254,0.09586186855297198,0.0715129539405171,0.00038344747421188794,0.005361878910097319,0.07411228999091993,0.07411228999091993,-0.0008793378206219931,0.10298971376289096,,,
47.809666299959645,4328.768506261,odom,navigating,4,4,,0.07111557471993406,0.07449467211294836,0.006241216730719312,-6.932003821444937,-5.834160358480527,-0.40499131442306974,-0.7167948892537997,-2.686457395553589,2.2528663373894355,-2.2528663373894355,0.1687829740003508,pixhawk_fused,True,0.8,0.2,gyro,-1.0,0.0,0.0,0.05,-0.6981258242908519,0.02316052599962859,1,0.07151398194244254,0.07151398194244254,0.09586186855297198,0.0715129539405171,0.00038344747421188794,0.005361878910097319,0.07411228999091993,0.07411228999091993,-0.0008793378206219931,0.10298971376289096,,,
48.15021380002145,4328.887446488,odom,navigating,4,4,,0.07111557471993406,0.07449467211294836,0.006491085455863077,-6.932003821444937,-5.834160358480527,-0.404741445697926,-0.7167948892537997,-2.6868062019348145,2.2531758346088298,-2.2531758346088298,0.011756480000258307,pixhawk_fused,True,0.8,0.2,gyro,-1.0,0.0,0.0,0.05,-0.6980593141045373,0.04190204899987293,1,0.07151398194244254,0.07151398194244254,0.09586186855297198,0.0715129539405171,0.00038344747421188794,0.005361878910097319,0.07411228999091993,0.07411228999091993,-0.001129206545765758,0.10298971376289096,,,
48.15054760000203,4328.988539889,odom,navigating,4,4,,0.07111557471993406,0.07449467211294836,0.006491085455863077,-6.932003821444937,-5.834160358480527,-0.404741445697926,-0.7167948892537997,-2.6868062019348145,2.2531758346088298,-2.2531758346088298,0.11216014100045868,pixhawk_fused,True,0.8,0.2,gyro,-1.0,0.0,0.0,0.05,-0.6979571819193793,0.04234988799998973,1,0.07151398194244254,0.07151398194244254,0.09586186855297198,0.0715129539405171,0.00038344747421188794,0.005361878910097319,0.07411228999091993,0.07411228999091993,-0.001129206545765758,0.10298971376289096,,,
48.15069130004849,4329.10865273,odom,navigating,4,4,,0.07111557471993406,0.07449467211294836,0.006795227508050894,-6.932003821444937,-5.834160358480527,-0.40443730364573816,-0.7167948892537997,-2.68715238571167,2.25355255078674,-2.25355255078674,0.0350462989999869,pixhawk_fused,True,0.8,0.2,gyro,-1.0,0.0,0.0,0.05,-0.6978671549332379,0.012616918999810878,1,0.07151398194244254,0.07151398194244254,0.09586186855297198,0.0715129539405171,0.00038344747421188794,0.005361878910097319,0.07411228999091993,0.07411228999091993,-0.0014333485979535748,0.10298971376289096,,,
48.46727390005253,4329.208946913,odom,navigating,4,4,,0.07111557471993406,0.07449467211294836,0.0070335731720501116,-6.932003821444937,-5.834160358480527,-0.40419895798173894,-0.7167948892537997,-2.687453269958496,2.2538477655990112,-2.2538477655990112,0.02466015000027255,pixhawk_fused,True,0.8,0.2,gyro,-1.0,0.0,0.0,0.05,-0.6977518503818498,0.012509180999586533,1,0.07151398194244254,0.07151398194244254,0.09586186855297198,0.0715129539405171,0.00038344747421188794,0.005361878910097319,0.07411228999091993,0.07411228999091993,-0.0016716942619527924,0.10298971376289096,,,
48.467420600005426,4329.310356045,odom,navigating,4,4,,0.07111557471993406,0.07449467211294836,0.007168961741000124,-6.932003821444937,-5.834160358480527,-0.4040635694127889,-0.7167948892537997,-2.6876258850097656,2.254015455968661,-2.254015455968661,0.008213359000365017,pixhawk_fused,True,0.8,0.2,gyro,-1.0,0.0,0.0,0.05,-0.6975908940087004,0.01251368100020045,1,0.07151398194244254,0.07151398194244254,0.09586186855297198,0.0715129539405171,0.00038344747421188794,0.005361878910097319,0.07411228999091993,0.07411228999091993,-0.0018070828309028047,0.10298971376289096,,,
48.467531500034966,4329.427939477,odom,navigating,4,4,,0.07111557471993406,0.07449467211294836,0.007168961741000124,-6.932003821444937,-5.834160358480527,-0.4040635694127889,-0.7167948892537997,-2.6876258850097656,2.254015455968661,-2.254015455968661,0.1271509000007427,pixhawk_fused,True,0.8,0.2,gyro,-1.0,0.0,0.0,0.05,-0.6974994475803702,0.031977720000213594,1,0.07151398194244254,0.07151398194244254,0.09586186855297198,0.0715129539405171,0.00038344747421188794,0.005361878910097319,0.07411228999091993,0.07411228999091993,-0.0018070828309028047,0.10298971376289096,,,
48.7897162999725,4329.527962186,odom,navigating,4,4,,0.07111557471993406,0.07449467211294836,0.007328607057481118,-6.932003821444937,-5.834160358480527,-0.40390392409630793,-0.7167948892537997,-2.6878342628479004,2.2542131886898833,-2.2542131886898833,0.026738905999991402,pixhawk_fused,True,0.8,0.2,gyro,-1.0,0.0,0.0,0.05,-0.6974994475803702,0.033818056999734836,1,0.07151398194244254,0.07151398194244254,0.09586186855297198,0.0715129539405171,0.00038344747421188794,0.005361878910097319,0.07411228999091993,0.07411228999091993,-0.001966728147383799,0.10298971376289096,,,
48.789935200009495,4329.649176978,odom,navigating,4,4,,0.07111557471993406,0.07449467211294836,0.007629430919940894,-6.932003821444937,-5.834160358480527,-0.40360310023384816,-0.7167948892537997,-2.6882431507110596,2.254585776607256,-2.254585776607256,0.053736748000119405,pixhawk_fused,True,0.8,0.2,gyro,-1.0,0.0,0.0,0.05,-0.6972312257867798,0.003786596000281861,1,0.07151398194244254,0.07151398194244254,0.09586186855297198,0.0715129539405171,0.00038344747421188794,0.005361878910097319,0.07411228999091993,0.07411228999091993,-0.0022675520098435747,0.10298971376289096,,,
48.79017010005191,4329.749381626,odom,navigating,4,4,,0.07111557471993406,0.07449467211294836,0.007629430919940894,-6.932003821444937,-5.834160358480527,-0.40360310023384816,-0.7167948892537997,-2.6882431507110596,2.254585776607256,-2.254585776607256,0.15406487400014157,pixhawk_fused,True,0.8,0.2,gyro,-1.0,0.0,0.0,0.05,-0.6971883340514186,0.0038481309993585455,1,0.07151398194244254,0.07151398194244254,0.09586186855297198,0.0715129539405171,0.00038344747421188794,0.005361878910097319,0.07411228999091993,0.07411228999091993,-0.0022675520098435747,0.10298971376289096,,,
49.128643900039606,4329.870123449,odom,navigating,4,4,,0.07134816350773382,0.07442141539620371,0.007114900096005794,-6.931819907453348,-5.834320482602558,-0.40411763105778326,-0.7201365726594899,-2.6884007453918457,2.2547453637363915,-2.2547453637363915,0.09348226600013732,pixhawk_fused,True,0.8,0.2,gyro,-1.0,0.004768306855112314,-0.06267490237951279,0.05,-0.6967497727423025,0.026359620000221184,1,0.07174617459505368,0.07174617459505368,0.09617311428337318,0.0717451432553964,0.0003846924571334927,0.005361878910097319,0.0740377872202884,0.07403778722028839,-0.0017530211859084748,0.10309756304346203,,,
49.129071600036696,4329.970201638,odom,navigating,4,4,,0.07276349757647052,0.07395707012059827,0.0011166428535429596,-6.930708188548963,-5.835311879666674,-0.4101158883002461,-0.7405375294542902,-2.6851959228515625,2.252172115868988,-2.252172115868988,0.09196123499987152,pixhawk_fused,True,0.8,0.2,gyro,-1.0,0.0258449949324131,-0.3397081196308136,0.05,-0.6953349529214473,0.02441873099996883,1,0.07315899856738174,0.07315899856738174,0.09806695297400579,0.07315794691860832,0.0003922678118960232,0.005361878910097319,0.07356585980604016,0.07356585980604016,0.00424523605655436,0.10375054120525888,,,
49.12922480003908,4330.08769909,odom,navigating,4,4,,0.0768827918453991,0.07243341187277585,-0.034244370090914134,-6.927541390912688,-5.83835515298024,-0.4454769012447032,-0.8007029468856995,-2.6557884216308594,2.2226719445205356,-2.2226719445205356,0.011866625000038766,pixhawk_fused,True,0.8,0.2,gyro,-1.0,0.04104890301823616,-0.5395491719245911,0.05,-0.6781086366588769,0.042159300000093936,1,0.07727006399024211,0.07727006399024211,0.10357768531577488,0.07726895324556807,0.00041431074126309955,0.005361878910097319,0.07202013640932682,0.07202013640932682,0.03960624900101145,0.1056293654126264,,,
49.49704779998865,4330.208264455,odom,navigating,4,4,,0.08134896287555694,0.0704531111740412,-0.12081948114832403,-6.924239174018923,-5.841955658238473,-0.5320520123021131,-0.8676585122370479,-2.5626463890075684,2.13146510427362,-2.13146510427362,0.00683151000066573,pixhawk_fused,True,0.8,0.2,gyro,-1.0,0.04373876750469208,-0.5749049186706543,0.05,-0.6459590718260507,0.010961169000438531,1,0.08172555273823948,0.08172555273823948,0.10955010448610618,0.08172437794663522,0.0004382004179444247,0.005361878910097319,0.07001591722358415,0.07001591722358415,0.12618136005842134,0.10761642363055256,,,
49.49747209995985,4330.309060901,odom,navigating,4,4,,0.08502814956142019,0.06854237164344495,-0.1316256792538531,-6.921630523322297,-5.845177813071222,-0.5428582104076421,-0.9244517446186797,-2.5626463890075684,2.13146510427362,-2.13146510427362,0.10723272599989286,pixhawk_fused,True,0.8,0.2,gyro,-1.0,0.041833169758319855,-0.5498576164245605,0.05,-0.6778955626068984,0.01097792800010211,1,0.08539444143148818,0.08539444143148818,0.1144681151477242,0.08539321390020226,0.0004578724605908968,0.005361878910097319,0.06808547790058836,0.06808547790058836,0.13698755816395042,0.10921466443819422,,,
49.49768549995497,4330.427599287,odom,navigating,4,4,,0.08971741708188515,0.06570257121158676,-0.1897065973878111,-6.918467385665953,-5.849655341020693,-0.6009391285416001,-0.9995708018876129,-2.50824236869812,2.0773415655410914,-2.0773415655410914,0.062037493999923754,pixhawk_fused,True,0.8,0.2,gyro,-1.0,0.04911782592535019,-0.645607590675354,0.05,-0.6757265706782594,0.03156676800062996,1,0.09006841495140673,0.09006841495140673,0.12073340513740928,0.09006712023250732,0.0004829336205496371,0.005361878910097319,0.06522057512625735,0.06522057512625733,0.1950684762979084,0.1112027103611174,,,
49.86617709998973,4330.527836008,odom,navigating,4,4,,0.0931134999524289,0.06332398580188214,-0.24676947175428127,-6.916305252521047,-5.853193169122588,-0.6580020029080703,-1.0563792224748372,-2.45124888420105,2.0202197844899326,-2.0202197844899326,0.054025129999899946,pixhawk_fused,True,0.8,0.2,gyro,-1.0,0.04136861488223076,-0.5437514781951904,0.05,-0.6828203926925683,0.03048741099973995,1,0.09345169537797504,0.09345169537797504,0.1252685683980786,0.09345035202496663,0.0005010742735923144,0.005361878910097319,0.06282381461046523,0.06282381461046523,0.2521313506643786,0.11260573276360289,,,
49.86633900005836,4330.628057286,odom,navigating,4,4,,0.0965589995974872,0.06059860864068242,-0.3476964257758907,-6.91423644886441,-5.857068630373223,-0.7589289569296798,-1.1165751316043362,-2.3376471996307373,1.9097890622532994,-1.9097890622532994,0.02764836100050161,pixhawk_fused,True,0.8,0.2,gyro,-1.0,0.0465303398668766,-0.6115975379943848,0.05,-0.6724821037393257,0.031755374000567826,1,0.09688253242223102,0.09688253242223102,0.12986747955964467,0.09688113975149493,0.0005194699182385786,0.005361878910097319,0.0600800023627619,0.0600800023627619,0.35305830468598803,0.11399926215749874,,,
49.86644879996311,4330.728082735,odom,navigating,4,4,,0.10019483042919004,0.05733035200207283,-0.36034229260704026,-6.912210192474484,-5.861517793478219,-0.7715748237608293,-1.1835612848734918,-2.3376471996307373,1.9097890622532994,-1.9097890622532994,0.12777714100047888,pixhawk_fused,True,0.8,0.2,gyro,-1.0,0.05562981963157654,-0.7312015891075134,0.05,-0.7044140614601995,0.030690570999468036,1,0.10050078707707857,0.10050078707707857,0.134717617150827,0.10049934239451694,0.0005388704686033081,0.005361878910097319,0.056792297913567796,0.05679229791356779,0.3657041715171376,0.115437313315131,,,
49.86654479999561,4330.829119712,odom,navigating,4,4,,0.10360182329718287,0.05382803947287919,-0.4192896603809189,-6.910487256921434,-5.866090023408432,-0.830522191534708,-1.2505168367994104,-2.279149055480957,1.8526824113643796,-1.8526824113643796,0.051017214999774296,pixhawk_fused,True,0.8,0.2,gyro,-1.0,0.049137573689222336,-0.6458671689033508,0.05,-0.7068262387073712,0.03279202900012024,1,0.10388895208439472,0.10388895208439472,0.13925932801274668,0.10388745869750902,0.0005570373120509867,0.005361878910097319,0.05327176793387735,0.05327176793387734,0.42465153929101623,0.11675099838542942,,,
50.19224300002679,4330.945075597,odom,navigating,4,4,,0.10731211098231049,0.04940936547393412,-0.5387696585850339,-6.9088526183842465,-5.871623455568322,-0.9500021897388229,-1.3295879365868184,-2.1506452560424805,1.7238530719197425,-1.7238530719197425,0.05458827999973437,pixhawk_fused,True,0.8,0.2,gyro,-1.0,0.051226843148469925,-0.6733286380767822,0.05,-0.7418764319541178,0.0020318309998401674,1,0.10757549415333621,0.10757549415333621,0.14420100237668157,0.10757394777300446,0.0005768040095067263,0.005361878910097319,0.04883326343469213,0.04883326343469213,0.5441315374951312,0.1181404865404596,,,
50.19251459999941,4331.046097499,odom,navigating,4,4,,0.11022956672210578,0.045366650851581695,-0.5515730471611955,-6.907794426686369,-5.87649534635548,-0.9628055783149845,-1.397901425285177,-2.1506452560424805,1.7238530719197425,-1.7238530719197425,0.15588547099923744,pixhawk_fused,True,0.8,0.2,gyro,-1.0,0.051193710416555405,-0.6728931069374084,0.05,-0.7186894282085452,0.0023192670005300897,1,0.11047123151276964,0.11047123151276964,0.1480826320464901,0.11046964350668162,0.0005923305281859604,0.005361878910097319,0.044774963956261765,0.044774963956261765,0.5569349260712928,0.11920021136404284,,,
50.19266379997134,4331.149240508,odom,navigating,4,4,,0.11288976284245783,0.04109096166675882,-0.6707142999217923,-6.907065175684893,-5.881477951535583,-1.0819468310755813,-1.466901774989198,-2.019453525543213,1.5931592925704154,-1.5931592925704154,0.06721051299973624,pixhawk_fused,True,0.8,0.2,gyro,-1.0,0.051440510898828506,-0.6761370897293091,0.05,-0.7630738804979916,0.0038195020006241975,1,0.11310846377541774,0.11310846377541774,0.15161774512003007,0.11310683785954243,0.0006064709804801203,0.005361878910097319,0.040485072652650986,0.040485072652650986,0.6760761788318896,0.12013561372601139,,,
50.52691330004018,4331.267694711,odom,navigating,4,4,,0.11573964770467388,0.03561578479680656,-0.7412500194027569,-6.906641533007749,-5.887635867771393,-1.152482550556546,-1.5514811427997333,-1.952380657196045,1.525883075646225,-1.525883075646225,0.06655306900029245,pixhawk_fused,True,0.8,0.2,gyro,-1.0,0.05427448824048042,-0.7133870720863342,0.05,-0.7673390791355214,0.022285125000053085,1,0.11592895057628033,0.11592895057628033,0.1553985041774308,0.11592728411636338,0.0006215940167097233,0.005361878910097319,0.034994693823161345,0.03499469382316134,0.7466118983128542,0.12109562410547484,,,
50.52704319998156,4331.385156275,odom,navigating,4,4,,0.11793827046720182,0.030387645986215586,-0.8099136173358683,-6.906716105098865,-5.8933070066762285,-1.2211461484896573,-1.629194132603683,-1.8851886987686157,1.4593102123058472,-1.4593102123058472,0.01137330599976849,pixhawk_fused,True,0.8,0.2,gyro,-1.0,0.05122939497232437,-0.6733621954917908,0.05,-0.7451999822080283,0.040060545000415004,1,0.11809950922105578,0.11809950922105578,0.15830805839103126,0.11809781155970932,0.000633232233564125,0.005361878910097319,0.029754841473685806,0.029754841473685803,0.8152754962459656,0.12179016655452284,,,
50.52714639995247,4331.487136113,odom,navigating,4,4,,0.11954707347738978,0.025617012109217994,-0.8227174924781373,-6.907148440228348,-5.898323009173214,-1.2339500236319263,-1.6981943920846023,-1.8851886987686157,1.4593102123058472,-1.4593102123058472,0.11263753500043094,pixhawk_fused,True,0.8,0.2,gyro,-1.0,0.05378550663590431,-0.7069598436355591,0.05,-0.761974303797695,0.04150963300071453,1,0.11968270966635525,0.11968270966635525,0.16043028049163327,0.11968098924675842,0.0006417211219665331,0.005361878910097319,0.024975650008181364,0.024975650008181357,0.8280793713882346,0.12226092624551907,,,
50.84620679996442,4331.587342724,odom,navigating,4,4,,0.12090055405003375,0.02041210941573346,-0.9758666615233154,-6.907988405622772,-5.903635012547209,-1.3870991926771044,-1.7718944021573175,-1.7152827978134155,1.2879697545684015,-1.2879697545684015,0.022540321999258595,pixhawk_fused,True,0.8,0.2,gyro,-1.0,0.05122939497232437,-0.6733621954917908,0.05,-0.7645531160158477,0.041971120000198425,1,0.12100826285867829,0.12100826285867829,0.1622071359041135,0.12100652338446867,0.0006488285436164541,0.005361878910097319,0.019763564970167364,0.01976356497016736,0.9812285404334127,0.12261157441451034,,,
50.84635170002002,4331.6873506,odom,navigating,4,4,,0.12183727560545182,0.015315940525385291,-1.0121665450474324,-6.909166919160918,-5.908680752381143,-1.4233990762012214,-1.8428934971894768,-1.6864335536956787,1.2596907290137445,-1.2596907290137445,0.01173401800042484,pixhawk_fused,True,0.8,0.2,gyro,-1.0,0.05890793725848198,-0.7742893695831299,0.05,-0.7834450031703966,0.041784199999710836,1,0.12191764603931118,0.12191764603931118,0.16342613068748715,0.12191589349286541,0.0006537045227499486,0.005361878910097319,0.014662446772936547,0.014662446772936549,1.0175284239575297,0.12279617160618635,,,
50.846465899958275,4331.804629577,odom,navigating,4,4,,0.1225127916825464,0.008638480818747761,-1.1426834488834856,-6.911216965420403,-5.915071534840134,-1.5539159800372746,-1.9348581698098224,-1.546494483947754,1.1202555329716837,-1.1202555329716837,0.014836188999652222,pixhawk_fused,True,0.8,0.2,gyro,-1.0,0.05660877376794815,-0.7440690398216248,0.05,-0.7710859786843404,0.010612179999952787,1,0.12255734884715513,0.12255734884715513,0.16428362882719164,0.12255558710508496,0.0006571345153087666,0.005361878910097319,0.007981461035650651,0.007981461035650651,1.148045327793583,0.122816967381168,,,
51.19110890000593,4331.904666785,odom,navigating,4,4,,0.12260981732140239,0.003407709234076406,-1.1561036911967213,-6.913218974443278,-5.919904995838004,-1.5673362223505103,-2.006528763681686,-1.546494483947754,1.1202555329716837,-1.1202555329716837,0.11500150400024722,pixhawk_fused,True,0.8,0.2,gyro,-1.0,0.054035648703575134,-0.7102477550506592,0.05,-0.8007476756135031,0.010466775999702804,1,0.12262632646182922,0.12262632646182922,0.16437609078849463,0.12262456372821699,0.0006575043631539785,0.005361878910097319,0.0027502444052409938,0.0027502444052409938,1.1614655701068186,0.12265716361391892,,,
51.191492400015704,4332.027880333,odom,navigating,4,4,,0.12224076061522192,-0.0027560166564183017,-1.2945914409468797,-6.9160211465788155,-5.92540731816847,-1.7058239721006687,-2.091123546679579,-1.3960388898849487,0.9693623527205621,-0.9693623527205621,0.016380497000682226,pixhawk_fused,True,0.8,0.2,gyro,-1.0,0.05427994206547737,-0.7134587168693542,0.05,-0.8058485746426842,0.033286441000200284,1,0.12222422606727823,0.12222422606727823,0.1638370899648715,0.12222246911379414,0.000655348359859486,0.005361878910097319,0.003411414054803145,-0.0034114140548031444,1.299953319856977,0.12227182497860431,,,
51.19189919997007,4332.149772401,odom,navigating,4,4,,0.12137285476007328,-0.008758964888464268,-1.353691675666148,-6.919216309059565,-5.930562857400368,-1.764924206819937,-2.1742381601258134,-1.3413138389587402,0.9158240258014834,-0.9158240258014834,0.05464677799955098,pixhawk_fused,True,0.8,0.2,gyro,-1.0,0.05632989481091499,-0.740403413772583,0.05,-0.8315922153401824,0.0040246999997179955,1,0.12132414576084027,0.12132414576084027,0.16263056534298262,0.12132240174586503,0.0006505222613719305,0.005361878910097319,0.009409622411636677,-0.009409622411636677,1.3590535545762452,0.12168849304074397,,,
51.52472690003924,4332.267634268,odom,navigating,4,4,,0.11991720494005592,-0.01501074007580517,-1.3699632158075816,-6.923049680540981,-5.935711534169892,-1.7811957469613706,-2.262220306031253,-1.3413138389587402,0.9158240258014834,-0.9158240258014834,0.1725558659991293,pixhawk_fused,True,0.8,0.2,gyro,-1.0,0.05427176505327225,-0.7133512496948242,0.05,-0.8149474775915135,0.022224663000088185,1,0.11983499576464705,0.11983499576464705,0.16063441441817988,0.11983327315596219,0.0006425376576727196,0.005361878910097319,0.015653502750048495,-0.015653502750048495,1.375325094717679,0.12085304447244495,,,
51.525155600043945,4332.368713391,odom,navigating,4,4,,0.11832729984979141,-0.019994432506832083,-1.4399005535608358,-6.926499211627013,-5.9396441826069655,-1.8511330847146248,-2.333906122965231,-1.273000717163086,0.846276653519932,-0.846276653519932,0.09761185200022737,pixhawk_fused,True,0.8,0.2,gyro,-1.0,0.05168739706277847,-0.6793821454048157,0.05,-0.8283754355444378,0.023057344000335434,1,0.11821839170171218,0.11821839170171218,0.15846741599389985,0.11821669233144928,0.0006338696639755994,0.005361878910097319,0.02062859870357807,-0.020628598703578065,1.4452624324709331,0.12000469666230865,,,
51.52542800002266,4332.484428135,odom,navigating,4,4,,0.11581702124381328,-0.026107697094073595,-1.5690713924487534,-6.931243918111528,-5.944244319884162,-1.9803039236025424,-2.4244975449198174,-1.1348543167114258,0.7084246212757265,-0.7084246212757265,0.10358047699992312,pixhawk_fused,True,0.8,0.2,gyro,-1.0,0.05890793725848198,-0.7742893695831299,0.05,-0.8537663100352054,0.04181566199986264,1,0.11567537075318331,0.11567537075318331,0.15505858972980605,0.11567370793843532,0.0006202343589192242,0.005361878910097319,0.02672831566820815,-0.026728315668208148,1.5744332713588507,0.11872318331878486,,,
51.87371329998132,4332.587894653,odom,navigating,4,4,,0.1133709341054148,-0.030899777115989152,-1.6781751113722252,-6.935401655314429,-5.94765908116084,-2.089407642526014,-2.49822805647244,-1.0201622247695923,0.5912268215931092,-0.5912268215931092,0.012633547999939765,pixhawk_fused,True,0.8,0.2,gyro,-1.0,0.056343913078308105,-0.7405877113342285,0.05,-0.8421993574347019,0.04227912899932562,1,0.11320362434720531,0.11320362434720531,0.15174530437454714,0.11320199706341216,0.0006069812174981885,0.005361878910097319,0.03150721124455375,-0.03150721124455376,1.6835369902823225,0.11750644631573244,,,
51.87387150002178,4332.708491498,odom,navigating,4,4,,0.10994757742866541,-0.03644146428234662,-1.7746906384919199,-6.940754833462661,-5.9513703008120205,-2.185923169645709,-2.5875071178939586,-0.9217063188552856,0.493040545693699,-0.493040545693699,0.027130839000164997,pixhawk_fused,True,0.8,0.2,gyro,-1.0,0.05660310760140419,-0.7439945340156555,0.05,-0.8638064730451573,0.012308149999626039,1,0.10975060316748833,0.10975060316748833,0.1471166561934534,0.10974902552031623,0.0005884666247738136,0.005361878910097319,0.03703046321404071,-0.03703046321404071,1.7800525174020172,0.11582940085088035,,,
51.87397760001477,4332.827509499,odom,navigating,4,4,,0.10610970175865916,-0.04157397551198682,-1.8502223778444065,-6.94632440792438,-5.954540758428228,-2.2614549089981955,-2.675336776984224,-0.8495252728462219,0.4203452010071908,-0.4203452010071908,0.027042433999667992,pixhawk_fused,True,0.8,0.2,gyro,-1.0,0.05364398658275604,-0.7050997018814087,0.05,-0.8803895202533121,0.03113459500036697,1,0.10588526289447099,0.10588526289447099,0.14193530939804322,0.10588374081094024,0.0005677412375921729,0.005361878910097319,0.04214232253865039,-0.04214232253865039,1.8555842567545038,0.11396343381621526,,,
52.186219900031574,4332.927714461,odom,navigating,4,4,,0.1023733585213658,-0.045798251426855556,-1.8645123827623316,-6.9514378573870585,-5.956919287886621,-2.2757449139161205,-2.7526072807225046,-0.8495252728462219,0.4203452010071908,-0.4203452010071908,0.12731341299968335,pixhawk_fused,True,0.8,0.2,gyro,-1.0,0.059461407363414764,-0.7815642356872559,0.05,-0.8924430533904651,0.03334121799980494,1,0.10212632341909947,0.10212632341909947,0.13689658896744744,0.10212485536971579,0.0005475863558697898,0.005361878910097319,0.046346504006225454,-0.04634650400622546,1.8698742616724289,0.11215072165929908,,,
52.18635750003159,4333.028231822,odom,navigating,4,4,,0.09800208427266958,-0.050010934202699274,-2.0117518381051114,-6.957128668684029,-5.959033383794918,-2.4229843692589004,-2.8357982055300033,-0.6873365640640259,0.258569977632824,-0.258569977632824,0.010164693000660918,pixhawk_fused,True,0.8,0.2,gyro,-1.0,0.062049802392721176,-0.8155862092971802,0.05,-0.8938227895224794,0.0319577569998728,1,0.09773252422006548,0.09773252422006548,0.13100686237377313,0.09773111933083475,0.0005240274494950926,0.005361878910097319,0.05053568809453828,-0.05053568809453829,2.0171137170152087,0.11002500652858034,,,
52.18645459995605,4333.149124603,odom,navigating,4,4,,0.09262410921497208,-0.05433921404966561,-2.029209993889526,-6.963788459668033,-5.960851021328712,-2.440442525043315,-2.9304179474945515,-0.6873365640640259,0.258569977632824,-0.258569977632824,0.13115910000033182,pixhawk_fused,True,0.8,0.2,gyro,-1.0,0.06145079433917999,-0.8077128529548645,0.05,-0.9252247170535383,0.0037199499993221252,1,0.09233141886866378,0.09233141886866378,0.12376687884644641,0.09233009161944902,0.0004950675153857857,0.005361878910097319,0.0548350698103122,-0.0548350698103122,2.0345718727996234,0.10738703735275712,,,
52.50868229998741,4333.249483913,odom,navigating,4,4,,0.0878291843573978,-0.057555259263699254,-2.0937883457293194,-6.96946920602019,-5.96188222067459,-2.5050208768831084,-3.0095347491647755,-0.6261090636253357,0.19720901857978446,-0.19720901857978446,0.07396095000058267,pixhawk_fused,True,0.8,0.2,gyro,-1.0,0.06145079433917999,-0.8077128529548645,0.05,-0.93896203277157,0.003981998000199383,1,0.08751931897497872,0.08751931897497872,0.11731643552134281,0.08751806089892174,0.00046926574208537125,0.005361878910097319,0.0580253591109382,-0.0580253591109382,2.0991502246394167,0.1050074925602807,,,
52.50893580005504,4333.367427593,odom,navigating,4,4,,0.08173043375505634,-0.06091515786530833,-2.2338707848367747,-6.97640258050412,-5.962524089655187,-2.6451033159905637,-3.1049632218713614,-0.475551962852478,0.04716959362393956,-0.04716959362393956,0.09126956899945071,pixhawk_fused,True,0.8,0.2,gyro,-1.0,0.05945543199777603,-0.7814856767654419,0.05,-0.9651465635332475,0.022144814000057522,1,0.08140264075806163,0.08140264075806163,0.10911725282609229,0.08140147060826484,0.00043646901130436915,0.005361878910097319,0.061352508809005134,-0.06135250880900513,2.239232663746872,0.1019339014241341,,,
52.50923119997606,4333.468343443,odom,navigating,4,4,,0.07631217310223834,-0.06330499886404456,-2.311030440889195,-6.982324428034307,-5.962548794519729,-2.722262972042984,3.097075844200013,-0.39881494641304016,-0.02909224862688442,0.02909224862688442,0.06755502200030605,pixhawk_fused,True,0.8,0.2,gyro,-1.0,0.05945543199777603,-0.7814856767654419,0.05,-0.9952284898728356,0.022851331000310893,1,0.07597164401521465,0.07597164401521465,0.10183720098541257,0.07597055193511779,0.0004073488039416503,0.005361878910097319,0.06371326353584607,-0.06371326353584605,2.3163923197992924,0.09915175563126793,,,
52.84911229996942,4333.584503655,odom,navigating,4,4,,0.0697277347323832,-0.06553859398908993,-2.452671164187183,-6.989252770045829,-5.961964112725571,-2.863903695340972,3.0017847032219938,-0.2457038313150406,-0.18127254570358653,0.18127254570358653,0.0038007070006642607,pixhawk_fused,True,0.8,0.2,gyro,-1.0,0.06146915256977081,-0.8079541325569153,0.05,-1.0133275232218797,0.0398469390001992,1,0.06937532408638727,0.06937532408638727,0.09299507617603571,0.06937432682732264,0.00037198030470414283,0.005361878910097319,0.06591152176126043,-0.06591152176126043,2.4580330430972803,0.09569359588277772,,,
52.84935330005828,4333.688985329,odom,navigating,4,4,,0.06387219298447461,-0.06696119975739498,-2.4679100039209287,-6.995188799998253,-5.960927423409796,-2.8791425350747177,2.9192041548629426,-0.2457038313150406,-0.18127254570358653,0.18127254570358653,0.10735433300033037,pixhawk_fused,True,0.8,0.2,gyro,-1.0,0.06122487783432007,-0.8047434091567993,0.05,-1.0441554335566152,0.04502431099990645,4,2.5431797407062704,0.43756368799248563,0.8681545793215454,-0.0005273816827138186,-0.06645009202194113,1.5628599854874305,0.06440160284055063,-0.06440160284055062,-2.252415317771227,0.09253896103585625,,,
52.8494812999852,4333.808140918,odom,navigating,4,4,,0.056354903525577496,-0.06806285641886174,-2.550445912484791,-7.0025197398023105,-5.958932276849293,-2.96167844363858,2.815062882476838,-0.16662035882472992,-0.2590232367002334,0.2590232367002334,0.10717117100011819,pixhawk_fused,True,0.8,0.2,gyro,-1.0,0.0668979287147522,-0.8793103098869324,0.05,-1.115833990543775,0.010049640000033833,4,2.5420184595902557,0.4364024068764708,0.8658505226861026,-0.0005365979092555894,-0.06761133656620427,1.5628599854874305,0.056893293152066336,-0.05689329315206635,-2.1698794092073648,0.0883653075322648,,,
53.151821800041944,4333.908521413,odom,navigating,4,4,,0.049996805283829784,-0.0683799910544181,-2.6336698574313835,-7.008474527151887,-5.956681389191033,-3.0449023885851725,2.7278284404147457,-0.0838850662112236,-0.34136483020418545,0.34136483020418545,0.03256849900026282,pixhawk_fused,True,0.8,0.2,gyro,-1.0,0.06429921090602875,-0.8451526165008545,0.05,-1.147140536343041,0.01230003900036536,4,2.5416508754340845,0.43603482272029986,0.8651212120115127,-0.0005395151519539494,-0.06797890914619759,1.5628599854874305,0.0505379120055955,-0.050537912005595514,-2.0866554642607724,0.08470834501506619,,,
53.15200270002242,4334.009341709,odom,navigating,4,4,,0.043191574916336004,-0.06810901715802524,-2.720120217513221,-7.014604078543222,-5.953712687968584,-3.13135274866701,2.6344904027853153,0.0015237729530781507,-0.4263042325460281,0.4263042325460281,0.026579076999951212,pixhawk_fused,True,0.8,0.2,gyro,-1.0,0.07204031944274902,-0.9469021558761597,0.05,-1.2095294253158189,0.01254810600039491,4,2.5418678327328936,0.4362517800191087,0.8655516692858406,-0.0005377933228566376,-0.06776195867993634,1.5628599854874305,0.04373074543368914,-0.04373074543368915,-2.000205104178935,0.0806495527699047,,,
53.15213559998665,4334.11071299,odom,navigating,4,4,,0.03623155385324506,-0.06716836341332985,-2.8248509103621497,-7.0206078181243905,-5.950068262951165,3.0471018656636475,2.538237997403301,0.10669770836830139,-0.5328956093870963,0.5328956093870963,0.07810594300008233,pixhawk_fused,True,0.8,0.2,gyro,-1.0,0.07675883173942566,-1.0089225769042969,0.05,-1.2414134006518793,0.015473651999855065,4,2.5427532203311554,0.43713716761737054,0.8673083353872533,-0.0005307666584509871,-0.06687659896482434,1.5628599854874305,0.03676347828889535,-0.036763478288895354,-1.8954744113300057,0.07631719687099196,,,
53.49420710001141,4334.22757583,odom,navigating,4,4,,0.028378959833618468,-0.06526137893857446,-2.90380478629804,-7.02704343533755,-5.945181274746788,2.968147989727757,2.427489663289162,0.18012620508670807,-0.6049160960995521,0.6049160960995521,0.051448090999656415,pixhawk_fused,True,0.8,0.2,gyro,-1.0,0.061925340443849564,-0.8139503002166748,0.05,-1.3243674015833913,0.031655654999667604,4,2.5445978245379557,0.43898177182417103,0.8709681491083524,-0.0005161274035665902,-0.0650320528493904,1.5628599854874305,0.028895997247018752,-0.02889599724701875,-1.8165205353941154,0.07116468887167526,,,
53.49444909999147,4334.347912534,odom,navigating,4,4,,0.0210544951264782,-0.06260949752183641,-3.068745536070596,-7.032697189337709,-5.939822606628657,2.803207239955201,2.320723951710817,0.35743942856788635,-0.7826329288565482,0.7826329288565482,0.06458268000005774,pixhawk_fused,True,0.8,0.2,gyro,-1.0,0.0691562369465828,-0.9089936017990112,0.05,-1.4425815947445033,0.0035943240000051446,4,2.5471914935984827,0.4415754408846978,0.8761141558130486,-0.0004955433767478055,-0.06243846547022347,1.5628599854874305,0.02155071719115636,-0.02155071719115636,-1.6515797856215597,0.06605483286609493,,,
53.49463339999784,4334.449864965,odom,navigating,4,4,,0.014782994554361635,-0.059596745662419334,3.1275949605994042,-7.03724151192094,-5.934554065516355,2.7163624294456152,2.225371715972541,0.44313132762908936,-0.8675849077784386,0.8675849077784386,0.05180204299995239,pixhawk_fused,True,0.8,0.2,gyro,-1.0,0.07423457503318787,-0.9757435917854309,0.05,-1.5183164375045344,0.003994201000750763,4,2.5501543783319787,0.4445383256181937,0.8819927102268932,-0.0004720291590924273,-0.059475674045645854,1.5628599854874305,0.015255504148812452,-0.015255504148812455,-1.5647349751119737,0.06140284212921568,,,
53.827984099974856,4334.567787978,odom,navigating,4,4,,0.007273382967996284,-0.05493633697695266,3.1060741105521403,-7.04226208939284,-5.927280312898738,2.6948415793983513,2.104232196919633,0.44313132762908936,-0.8675849077784386,0.8675849077784386,0.1695751540000856,pixhawk_fused,True,0.8,0.2,gyro,-1.0,0.08010338991880417,-1.0528836250305176,0.05,-1.670094512728323,0.022087964000093052,4,2.5547550420341048,0.44913898932032004,0.8911207237493224,-0.00043551710500271037,-0.05487515523034153,1.5628599854874305,0.007709142853884749,-0.00770914285388475,-1.5432141250647098,0.05541573080132062,,,
53.828229399980046,4334.667849908,odom,navigating,4,4,,0.001043541698029657,-0.05000481139060543,2.929974750775231,-7.046001216391002,-5.9202696213387425,2.518742219621442,1.995330241746332,0.6320728659629822,-1.0580676901423303,1.0580676901423303,0.06741087699992931,pixhawk_fused,True,0.8,0.2,gyro,-1.0,0.09041661024093628,-1.188441276550293,0.05,-1.8432547912369526,0.022355623000294145,4,2.5596369706863435,0.4540209179725589,0.9008067850740341,-0.00039677285970386375,-0.0499933803226868,1.5628599854874305,0.0014403599183998657,-0.0014403599183998655,-1.3671147652878004,0.05001569895028509,,,
53.82841259997804,4334.787282174,odom,navigating,4,4,,-0.00647280400081267,-0.04232124293035594,2.816805148062305,-7.049819490455198,-5.910222061430061,2.405572616908516,1.8479455547544865,0.7400809526443481,-1.163841841825184,1.163841841825184,0.022334252999826276,pixhawk_fused,True,0.8,0.2,gyro,-1.0,0.10009662806987762,-1.315675973892212,0.05,-1.9983827398374043,0.04176920000008977,4,2.567260645512463,0.46164459279867853,0.9159326476471364,-0.0003362694094114541,-0.04236994558584323,1.5628599854874305,0.006136727852863869,0.00613672785286387,-1.2539451625748745,0.04281337168225763,,,
54.154116000048816,4334.887797591,odom,navigating,4,4,,-0.011990779086082058,-0.03486872162075684,2.695813190291935,-7.051898359056648,-5.90118511348014,2.284580659138146,1.7113794800931497,0.8575857281684875,-1.2815163737618294,1.2815163737618294,0.013795070000014675,pixhawk_fused,True,0.8,0.2,gyro,-1.0,0.08964250236749649,-1.5822433233261108,0.05,-2.3755296258756817,0.04224674200031586,4,2.574669140048966,0.469053087335181,0.930631578646762,-0.00027747368541295196,-0.03496168436203195,1.5628599854874305,0.011713674294627174,0.011713674294627177,-1.1329532048045043,0.03687284272411145,,,
54.154271799954586,4335.00988367,odom,navigating,4,4,,-0.01633067879356975,-0.02618971742723546,2.5506334339185956,-7.052407096267214,-5.891494859112333,2.1394009027648067,1.4618524975954539,0.983609676361084,-1.4053261140667763,1.4053261140667763,0.00700915199922747,pixhawk_fused,True,0.8,0.2,gyro,-1.0,0.06947440654039383,-2.401313543319702,0.05,-3.151185146950923,0.01129656699959014,4,2.583313428354402,0.47769737564061737,0.9477824041912006,-0.00020887038323519737,-0.026317668287634877,1.5628599854874305,0.0161223161438489,0.0161223161438489,-0.9877734484311651,0.030864095139452728,,,
54.15437700005714,4335.112203776,odom,navigating,4,4,,-0.01752717711385888,-0.020105303429606675,2.312807044070901,-7.051071661089478,-5.885439422314623,1.901574512917112,1.1805261089804047,1.2104412317276,-1.6347207261406747,1.6347207261406747,0.037515932000133034,pixhawk_fused,True,0.8,0.2,gyro,-1.0,0.0643281489610672,-2.9424548149108887,0.0,0.0,0.01116723799987085,4,2.5893881550187063,0.48377210230492157,0.9598350537059221,-0.00016065978517631162,-0.020243132932215246,1.5628599854874305,0.017367064262540782,0.017367064262540782,-0.7499470585834704,0.026672554500406075,,,
54.48779879999347,4335.228313859,odom,navigating,4,4,,-0.016896722509828616,-0.013953857128056465,1.8555795252884522,-7.0480347927407925,-5.880052846849511,1.4443469941346632,0.8638147428899895,1.6993674039840698,-2.120199378617939,2.120199378617939,0.04361724000045797,pixhawk_fused,True,0.8,0.2,gyro,-1.0,0.046106453984975815,-2.28943133354187,0.0,-1.55,0.011441765999734343,4,2.5955444110456636,0.489928358331879,0.9720494627346958,-0.00011180214906121675,-0.014087070781713285,1.5628599854874305,0.016785448978053123,0.016785448978053123,-0.2927195398010216,0.021913679753167,,,
54.48795300000347,4335.346915094,odom,navigating,4,4,,-0.015528779831846867,-0.010572773091802873,1.6306671635107455,-7.045429344526608,-5.877500468344341,1.2194346323569565,0.6324609938948239,1.9161663055419922,-2.343755129226383,2.343755129226383,0.051899280999350594,pixhawk_fused,True,0.8,0.2,gyro,-1.0,0.02560589648783207,-1.6156986951828003,0.0,-1.55,0.011011630999746558,4,2.5989362449488347,0.49332019223504986,0.9787790799678937,-8.488368012842494e-05,-0.01069534369618158,1.5628599854874305,0.015444382535346678,0.015444382535346678,-0.06780717802331493,0.018786339023788665,,,
54.48806100001093,4335.447079687,odom,navigating,4,4,,-0.014670131708547888,-0.009249014028424958,1.6068164865874273,-7.044113124243515,-5.876630308115477,1.1955839554336383,0.4904168993450252,1.9161663055419922,-2.343755129226383,2.343755129226383,0.15201641299972835,pixhawk_fused,True,0.8,0.2,gyro,-1.0,0.007679054979234934,-1.3125635385513306,0.0,-1.55,0.015306971999962116,4,2.600266776776643,0.49465072406285815,0.9814189409320071,-7.432423627197135e-05,-0.009364853770268411,1.5628599854874305,0.014596267146552773,0.014596267146552775,-0.043956501099996714,0.017342347731611883,,,
54.82678510004189,4335.54723265,odom,navigating,4,4,,-0.013996117046776179,-0.008460960331656109,1.444469215863777,-7.0431802868583135,-5.876177385598876,1.033236684709988,0.3787683469614115,2.084341526031494,-2.5160822687231863,2.5160822687231863,0.047448557000279834,pixhawk_fused,True,0.8,0.2,gyro,-1.0,0.005130089819431305,-1.078883171081543,0.0,-1.55,0.01199952899969503,4,2.601060154809807,0.49544410209602247,0.9829930541217573,-6.802778351297067e-05,-0.008571500722634295,1.5628599854874305,0.0139285279087011,0.013928527908701102,0.11839076962365347,0.016354789577396493,,,
54.82695789996069,4335.668137134,odom,navigating,4,4,,-0.01336019338408649,-0.007852227479415589,1.2428883875031895,-7.042354046388635,-5.875873607264509,0.8316558563494005,0.25550786162709627,2.3122239112854004,-2.7338170204245413,2.7338170204245413,0.0710695690004286,pixhawk_fused,True,0.8,0.2,gyro,-1.0,-0.015476680360734463,-1.2205582857131958,0.0,-1.55,0.032149787999514956,4,2.6016739153457253,0.49605786263194046,0.984210794611853,-6.315682155258809e-05,-0.007957759515626106,1.5628599854874305,0.013297455333861067,0.013297455333861067,0.319971597984241,0.015496846248468676,,,
54.82706080004573,4335.786286715,odom,navigating,4,4,,-0.012475200456569356,-0.00722521486853021,1.1408834038117783,-7.041292194710826,-5.875652635976106,0.7296508726579893,0.11628666140536317,2.4087541103363037,-2.8280393125497665,2.8280393125497665,0.009537746999740193,pixhawk_fused,True,0.8,0.2,gyro,-1.0,0.017926719039678574,-1.1108262538909912,0.0,-1.55,0.008451073999822256,4,2.6023079317425553,0.49669187902877054,0.9854687240364776,-5.812510385408941e-05,-0.007323763085615331,1.5628599854874305,0.012417466410910866,0.012417466410910866,0.4219765816756522,0.01441646129700414,,,
55.1472008000128,4335.887139473,odom,navigating,4,4,,-0.011991980303230499,-0.0069770506809385385,0.9243387797459532,-7.040750060183378,-5.875618323664242,0.5131062485921642,-0.012985801952092852,2.6454062461853027,-3.063119192787346,3.063119192787346,0.009773685000254773,pixhawk_fused,True,0.8,0.2,gyro,-1.0,0.0025855402927845716,-1.2574254274368286,0.0,-1.55,0.030233380000026955,4,2.6025599230746193,0.4969438703608344,0.9859686910924376,-5.612523563024944e-05,-0.007071779689411473,1.5628599854874305,0.011936230970444767,0.011936230970444767,0.6385212057414773,0.013873962224161243,,,
55.1473766999552,4335.987698018,odom,navigating,4,4,,-0.01153215855478773,-0.006799981746332602,0.9003360474938039,-7.040257792882507,-5.875639826046344,0.48910351634001487,-0.15097103993607008,2.6454062461853027,-3.063119192787346,3.063119192787346,0.11040902300010202,pixhawk_fused,True,0.8,0.2,gyro,-1.0,-0.002582032000645995,-1.5289545059204102,0.0,-1.55,0.030502797999361064,4,2.602740635696893,0.49712458298310824,0.9863272365907809,-5.469105363687613e-05,-0.006891072758246408,1.5628599854874305,0.011477828967728415,0.011477828967728415,0.6625239379936266,0.013387697064216102,,,
55.14749809994828,4336.109845318,odom,navigating,4,4,,-0.011489157240778706,-0.0067887156187731775,0.737464338096647,-7.040213873123322,-5.875646688508716,0.32623180694285797,-0.33271847284288,2.804455280303955,3.060996111359556,-3.060996111359556,0.03297232000022632,pixhawk_fused,True,0.8,0.2,gyro,-1.0,0.005134184379130602,-1.4846487045288086,0.0,-1.55,0.012237707000167575,4,2.602752242739175,0.4971361900253903,0.986350265711309,-5.4598937154763834e-05,-0.006879466081500252,1.5628599854874305,0.01143491841883712,0.01143491841883712,0.8253956473907835,0.013344938885431909,,,
55.48872070002835,4336.228333167,odom,navigating,4,4,,-0.011489478815814727,-0.006794845162096157,0.4837041214938444,-7.04021661810827,-5.875652178478615,0.07247159034005535,-0.5195012875928234,3.073277711868286,2.7935161999129847,-2.7935161999129847,0.03223085999979958,pixhawk_fused,True,0.8,0.2,gyro,-1.0,0.0,-1.494340419769287,0.0,-1.55,0.02966969200042513,4,2.602746110836785,0.49713005812299993,0.9863380996214661,-5.4647601514135925e-05,-0.006885597790781073,1.5628599854874305,0.011435191338108705,0.011435191338108707,1.079155863993586,0.01334833488626641,,,
55.48897399997804,4336.347068916,odom,navigating,4,4,,-0.011006663349486698,-0.006890244294704784,0.45476508003916155,-7.039812190325771,-5.875932624440915,0.0435325488853725,-0.693878724853219,3.073277711868286,2.7935161999129847,-2.7935161999129847,0.15109012499942764,pixhawk_fused,True,0.8,0.2,gyro,-1.0,0.00768058467656374,-1.3128248453140259,0.0,-1.009687968107874,0.010861987000680529,4,2.602654546456647,0.4970384937428621,0.9861564299854775,-5.537428005808996e-05,-0.0069771592873193455,1.5628599854874305,0.010951633964761957,0.010951633964761958,1.108094905448269,0.012985457424736549,,,
55.489167600055225,4336.447598813,odom,navigating,4,4,,-0.010260853598587742,-0.0071549452091648,0.3137066466670674,-7.039234370993985,-5.876473386475887,-0.09752588448672167,-0.7993475298831597,-3.060529947280884,2.6456740395688607,-2.6456740395688607,0.08243233800021699,pixhawk_fused,True,0.8,0.2,gyro,-1.0,0.0,-1.0276691913604736,0.0,-0.7032928416908636,0.018434771000102046,4,2.6023957728169034,0.4967797201031184,0.9856430063936299,-5.742797442548006e-05,-0.007235924777610536,1.5628599854874305,0.010203746966595982,0.010203746966595982,1.249153338820363,0.012509130965730647,,,
55.810961900046095,4336.566598573,odom,navigating,4,4,,-0.010227736806264206,-0.0071954050289759364,0.06768098418790724,-7.039220188571748,-5.876523711199954,-0.3435515469658818,-0.898865275543322,-2.779414653778076,2.3697238862180305,-2.3697238862180305,0.013790977000098792,pixhawk_fused,True,0.8,0.2,gyro,-1.0,0.012805434875190258,-0.5049461722373962,0.0,-0.4099202011737191,0.01156080100008694,4,2.6023555770946847,0.4967395243808997,0.9855632554881711,-5.7746978047315024e-05,-0.007276119233961764,1.5628599854874305,0.01017031011763759,0.01017031011763759,1.4951790012995234,0.012505217059660489,,,
55.811207800055854,4336.668179736,odom,navigating,4,4,,-0.010189051790874322,-0.007223454385948386,0.03532073910666994,-7.039195941204698,-5.87656488597419,-0.3759117920471191,-0.936096732573288,-2.7541356086730957,2.338406048979719,-2.338406048979719,0.06855147399983252,pixhawk_fused,True,0.8,0.2,gyro,-1.0,-5.106668368171086e-07,-0.2693783938884735,0.0,0.0,0.006589534000340791,4,2.6023278356353217,0.4967117829215369,0.9855082146435037,-5.796714142598542e-05,-0.00730385981967413,1.5628599854874305,0.010131403713605552,0.010131403713605552,1.5275392463807607,0.01248979862379679,,,
55.81135740003083,4336.768947349,odom,navigating,4,4,,-0.010318740592864244,-0.007149244830046606,0.033535241406894456,-7.039285153215544,-5.876445021631413,-0.3776972897468946,-0.9462591607251374,-2.7541356086730957,2.338406048979719,-2.338406048979719,0.16917790499974217,pixhawk_fused,True,0.8,0.2,gyro,-1.0,0.0025723539292812347,-0.03381117060780525,0.0,0.0,0.006231286000002001,4,2.602401013610381,0.49678496089659574,0.985653404465914,-5.738638213634382e-05,-0.007230684149179378,1.5628599854874305,0.010261677377540381,0.01026167737754038,1.5293247440805362,0.012553410256291812,,,
56.132125000003725,,mission_status,reached,4,4,reached waypoint 4/4,-0.010318740592864244,-0.007149244830046606,0.033535241406894456,,,,,,,,,,,,,,,,,,,,,,,,,,,,,,,,,
56.13247579999734,4336.870041248,odom,reached,4,4,,-0.010318740592864244,-0.007149244830046606,0.0043979378106697165,-7.039285153215544,-5.876445021631413,-0.40683459334311933,-0.9462591607251374,-2.722322940826416,2.303019870098789,-2.303019870098789,0.09283869000046252,pixhawk_fused,True,0.8,0.2,gyro,-1.0,0.0,0.0,0.0,0.0,0.003998329999376438,4,2.602401013610381,0.49678496089659574,0.985653404465914,-5.738638213634382e-05,-0.007230684149179378,1.5628599854874305,0.010261677377540381,0.01026167737754038,1.5584620476767608,0.012553410256291812,,,
56.13273109996226,4336.98743072,odom,reached,4,4,,-0.010318740592864244,-0.007149244830046606,-0.00014322179092884912,-7.039285153215544,-5.876445021631413,-0.4113757529447179,-0.9462591607251374,-2.715527057647705,2.297495225843151,-2.297495225843151,0.09549935499944695,pixhawk_fused,True,0.8,0.2,gyro,-1.0,0.0,0.0,0.0,0.0,0.009967309000785463,4,2.602401013610381,0.49678496089659574,0.985653404465914,-5.738638213634382e-05,-0.007230684149179378,1.5628599854874305,0.010261677377540381,0.01026167737754038,1.5630032072783595,0.012553410256291812,,,
56.132935100002214,,mission_status,done,4,4,mission complete,-0.010318740592864244,-0.007149244830046606,-0.00014322179092884912,,,,,,,,,,,,,,,,,,,,,,,,,,,,,,,,,
56.13302890001796,4337.087465613,odom,done,4,4,,-0.010318740592864244,-0.007149244830046606,0.00021770049070835018,-7.039285153215544,-5.876445021631413,-0.4110148306630807,-0.9462591607251374,-2.715926170349121,2.2979344061509397,-2.2979344061509397,0.005716263000067556,pixhawk_fused,True,0.8,0.2,gyro,-1.0,0.0,0.0,0.0,0.0,0.06839094099996146,4,2.602401013610381,0.49678496089659574,0.985653404465914,-5.738638213634382e-05,-0.007230684149179378,1.5628599854874305,0.010261677377540381,0.01026167737754038,1.562642284996722,0.012553410256291812,,,
57.24597619997803,4337.18831263,odom,done,4,4,,-0.010318740592864244,-0.007149244830046606,0.00021770049070835018,-7.039285153215544,-5.876445021631413,-0.4110148306630807,-0.9462591607251374,-2.715926170349121,2.2979344061509397,-2.2979344061509397,0.10671942499993747,pixhawk_fused,True,0.8,0.2,gyro,-1.0,0.0,0.0,0.0,0.0,0.022054797999771836,4,2.602401013610381,0.49678496089659574,0.985653404465914,-5.738638213634382e-05,-0.007230684149179378,1.5628599854874305,0.010261677377540381,0.01026167737754038,1.562642284996722,0.012553410256291812,,,
57.246110199950635,4337.304865682,odom,done,4,4,,-0.010318740592864244,-0.007149244830046606,0.0003660102941875354,-7.039285153215544,-5.876445021631413,-0.4108665208596015,-0.9462591607251374,-2.716149091720581,2.2981148690340265,-2.2981148690340265,0.1070271379994665,pixhawk_fused,True,0.8,0.2,gyro,-1.0,0.0,0.0,0.0,0.0,0.045265878000464,4,2.602401013610381,0.49678496089659574,0.985653404465914,-5.738638213634382e-05,-0.007230684149179378,1.5628599854874305,0.010261677377540381,0.01026167737754038,1.562493975193243,0.012553410256291812,,,
57.246214400045574,4337.405376654,odom,done,4,4,,-0.010318740592864244,-0.007149244830046606,0.0005274534620983706,-7.039285153215544,-5.876445021631413,-0.4107050776916907,-0.9462591607251374,-2.7164156436920166,2.2983113094876675,-2.2983113094876675,0.0326135899995279,pixhawk_fused,True,0.8,0.2,gyro,-1.0,0.0,0.0,0.0,0.0,0.14526278999983333,4,2.602401013610381,0.49678496089659574,0.985653404465914,-5.738638213634382e-05,-0.007230684149179378,1.5628599854874305,0.010261677377540381,0.01026167737754038,1.5623325320253323,0.012553410256291812,,,
57.24630190001335,4337.505636706,odom,done,4,4,,-0.010318740592864244,-0.007149244830046606,0.0006706357966062559,-7.039285153215544,-5.876445021631413,-0.4105618953571828,-0.9462591607251374,-2.71665096282959,2.29848552789224,-2.29848552789224,0.004347819999566127,pixhawk_fused,True,0.8,0.2,gyro,-1.0,0.0,0.0,0.0,0.0,0.245670004999738,4,2.602401013610381,0.49678496089659574,0.985653404465914,-5.738638213634382e-05,-0.007230684149179378,1.5628599854874305,0.010261677377540381,0.01026167737754038,1.5621893496908243,0.012553410256291812,,,
57.24638459994458,4337.625448832,odom,done,4,4,,-0.010318740592864244,-0.007149244830046606,0.0009207756980789128,-7.039285153215544,-5.876445021631413,-0.41031175545571014,-0.9462591607251374,-2.7170097827911377,2.2987898818545434,-2.2987898818545434,0.055133040999862715,pixhawk_fused,True,0.8,0.2,gyro,-1.0,0.0,0.0,0.0,0.0,0.36560457199993834,4,2.602401013610381,0.49678496089659574,0.985653404465914,-5.738638213634382e-05,-0.007230684149179378,1.5628599854874305,0.010261677377540381,0.01026167737754038,1.5619392097893516,0.012553410256291812,,,
57.24646349996328,4337.727675143,odom,done,4,4,,-0.010318740592864244,-0.007149244830046606,0.00098403577905265,-7.039285153215544,-5.876445021631413,-0.4102484953747364,-0.9462591607251374,-2.7170870304107666,2.2988668513905646,-2.2988668513905646,0.05359426999984862,pixhawk_fused,True,0.8,0.2,gyro,-1.0,0.0,0.0,0.0,0.0,0.46766853600001923,4,2.602401013610381,0.49678496089659574,0.985653404465914,-5.738638213634382e-05,-0.007230684149179378,1.5628599854874305,0.010261677377540381,0.01026167737754038,1.5618759497083778,0.012553410256291812,,,
57.24653739994392,4337.846799455,odom,done,4,4,,-0.010318740592864244,-0.007149244830046606,0.0012726489460659907,-7.039285153215544,-5.876445021631413,-0.40995988220772306,-0.9462591607251374,-2.717442274093628,2.2992180053421682,-2.2992180053421682,0.05272105499989266,pixhawk_fused,True,0.8,0.2,gyro,-1.0,0.0,0.0,0.0,0.0,0.5867828480004391,4,2.602401013610381,0.49678496089659574,0.985653404465914,-5.738638213634382e-05,-0.007230684149179378,1.5628599854874305,0.010261677377540381,0.01026167737754038,1.5615873365413646,0.012553410256291812,,,
57.24661130004097,4337.96540493,odom,done,4,4,,-0.010318740592864244,-0.007149244830046606,0.0012726489460659907,-7.039285153215544,-5.876445021631413,-0.40995988220772306,-0.9462591607251374,-2.717442274093628,2.2992180053421682,-2.2992180053421682,0.17187860600006388,pixhawk_fused,True,0.8,0.2,gyro,-1.0,0.0,0.0,0.0,0.0,0.705920585000058,4,2.602401013610381,0.49678496089659574,0.985653404465914,-5.738638213634382e-05,-0.007230684149179378,1.5628599854874305,0.010261677377540381,0.01026167737754038,1.5615873365413646,0.012553410256291812,,,
57.24668440001551,4338.085151372,odom,done,4,4,,-0.010318740592864244,-0.007149244830046606,0.0016382515551331411,-7.039285153215544,-5.876445021631413,-0.4095942795986559,-0.9462591607251374,-2.7178704738616943,2.2996628172171687,-2.2996628172171687,0.0744568239997534,pixhawk_fused,True,0.8,0.2,gyro,-1.0,0.0,0.0,0.0,0.0,0.825600158999805,4,2.602401013610381,0.49678496089659574,0.985653404465914,-5.738638213634382e-05,-0.007230684149179378,1.5628599854874305,0.010261677377540381,0.01026167737754038,1.5612217339322974,0.012553410256291812,,,
57.24675719998777,4338.20546602,odom,done,4,4,,-0.010318740592864244,-0.007149244830046606,0.0017694604590185459,-7.039285153215544,-5.876445021631413,-0.4094630706947705,-0.9462591607251374,-2.718010187149048,2.299822449051534,-2.299822449051534,0.11420539600021584,pixhawk_fused,True,0.8,0.2,gyro,-1.0,0.0,0.0,0.0,0.0,0.9453625450005347,4,2.602401013610381,0.49678496089659574,0.985653404465914,-5.738638213634382e-05,-0.007230684149179378,1.5628599854874305,0.010261677377540381,0.01026167737754038,1.561090525028412,0.012553410256291812,,,
